2022-02-11 19:11:00.143 [http-nio-8086-exec-5] ERROR com.novedu.nov.common.aspect.NovExceptionHandler -
                org.springframework.data.redis.RedisConnectionFailureException: Unable to connect to Redis; nested exception is io.lettuce.core.RedisConnectionException: Unable to connect to localhost:6379
	at org.springframework.data.redis.connection.lettuce.LettuceConnectionFactory$ExceptionTranslatingConnectionProvider.translateException(LettuceConnectionFactory.java:1534)
	at org.springframework.data.redis.connection.lettuce.LettuceConnectionFactory$ExceptionTranslatingConnectionProvider.getConnection(LettuceConnectionFactory.java:1442)
	at org.springframework.data.redis.connection.lettuce.LettuceConnectionFactory$SharedConnection.getNativeConnection(LettuceConnectionFactory.java:1228)
	at org.springframework.data.redis.connection.lettuce.LettuceConnectionFactory$SharedConnection.getConnection(LettuceConnectionFactory.java:1211)
	at org.springframework.data.redis.connection.lettuce.LettuceConnectionFactory.getSharedConnection(LettuceConnectionFactory.java:975)
	at org.springframework.data.redis.connection.lettuce.LettuceConnectionFactory.getConnection(LettuceConnectionFactory.java:360)
	at org.springframework.data.redis.core.RedisConnectionUtils.doGetConnection(RedisConnectionUtils.java:134)
	at org.springframework.data.redis.core.RedisConnectionUtils.getConnection(RedisConnectionUtils.java:97)
	at org.springframework.data.redis.core.RedisConnectionUtils.getConnection(RedisConnectionUtils.java:84)
	at org.springframework.data.redis.core.RedisTemplate.execute(RedisTemplate.java:215)
	at org.springframework.data.redis.core.RedisTemplate.execute(RedisTemplate.java:188)
	at org.springframework.data.redis.core.RedisTemplate.hasKey(RedisTemplate.java:773)
	at com.novedu.nov.order.service.impl.TradeOrderServiceImpl.createOrder(TradeOrderServiceImpl.java:55)
	at com.novedu.nov.order.service.impl.TradeOrderServiceImpl$$FastClassBySpringCGLIB$$807696ef.invoke(<generated>)
	at org.springframework.cglib.proxy.MethodProxy.invoke(MethodProxy.java:218)
	at org.springframework.aop.framework.CglibAopProxy$DynamicAdvisedInterceptor.intercept(CglibAopProxy.java:688)
	at com.novedu.nov.order.service.impl.TradeOrderServiceImpl$$EnhancerBySpringCGLIB$$ce8f56f5.createOrder(<generated>)
	at com.novedu.nov.order.controller.TradeOrderController.createOrder(TradeOrderController.java:34)
	at com.novedu.nov.order.controller.TradeOrderController$$FastClassBySpringCGLIB$$de75239f.invoke(<generated>)
	at org.springframework.cglib.proxy.MethodProxy.invoke(MethodProxy.java:218)
	at org.springframework.aop.framework.CglibAopProxy$CglibMethodInvocation.invokeJoinpoint(CglibAopProxy.java:779)
	at org.springframework.aop.framework.ReflectiveMethodInvocation.proceed(ReflectiveMethodInvocation.java:163)
	at org.springframework.aop.framework.CglibAopProxy$CglibMethodInvocation.proceed(CglibAopProxy.java:750)
	at org.springframework.aop.aspectj.MethodInvocationProceedingJoinPoint.proceed(MethodInvocationProceedingJoinPoint.java:88)
	at com.novedu.nov.common.aspect.NovLogHandler.around(NovLogHandler.java:56)
	at sun.reflect.NativeMethodAccessorImpl.invoke0(Native Method)
	at sun.reflect.NativeMethodAccessorImpl.invoke(NativeMethodAccessorImpl.java:62)
	at sun.reflect.DelegatingMethodAccessorImpl.invoke(DelegatingMethodAccessorImpl.java:43)
	at java.lang.reflect.Method.invoke(Method.java:498)
	at org.springframework.aop.aspectj.AbstractAspectJAdvice.invokeAdviceMethodWithGivenArgs(AbstractAspectJAdvice.java:644)
	at org.springframework.aop.aspectj.AbstractAspectJAdvice.invokeAdviceMethod(AbstractAspectJAdvice.java:633)
	at org.springframework.aop.aspectj.AspectJAroundAdvice.invoke(AspectJAroundAdvice.java:70)
	at org.springframework.aop.framework.ReflectiveMethodInvocation.proceed(ReflectiveMethodInvocation.java:186)
	at org.springframework.aop.framework.CglibAopProxy$CglibMethodInvocation.proceed(CglibAopProxy.java:750)
	at org.springframework.aop.interceptor.ExposeInvocationInterceptor.invoke(ExposeInvocationInterceptor.java:95)
	at org.springframework.aop.framework.ReflectiveMethodInvocation.proceed(ReflectiveMethodInvocation.java:186)
	at org.springframework.aop.framework.CglibAopProxy$CglibMethodInvocation.proceed(CglibAopProxy.java:750)
	at org.springframework.aop.framework.CglibAopProxy$DynamicAdvisedInterceptor.intercept(CglibAopProxy.java:692)
	at com.novedu.nov.order.controller.TradeOrderController$$EnhancerBySpringCGLIB$$4dc66812.createOrder(<generated>)
	at sun.reflect.NativeMethodAccessorImpl.invoke0(Native Method)
	at sun.reflect.NativeMethodAccessorImpl.invoke(NativeMethodAccessorImpl.java:62)
	at sun.reflect.DelegatingMethodAccessorImpl.invoke(DelegatingMethodAccessorImpl.java:43)
	at java.lang.reflect.Method.invoke(Method.java:498)
	at org.springframework.web.method.support.InvocableHandlerMethod.doInvoke(InvocableHandlerMethod.java:190)
	at org.springframework.web.method.support.InvocableHandlerMethod.invokeForRequest(InvocableHandlerMethod.java:138)
	at org.springframework.web.servlet.mvc.method.annotation.ServletInvocableHandlerMethod.invokeAndHandle(ServletInvocableHandlerMethod.java:105)
	at org.springframework.web.servlet.mvc.method.annotation.RequestMappingHandlerAdapter.invokeHandlerMethod(RequestMappingHandlerAdapter.java:878)
	at org.springframework.web.servlet.mvc.method.annotation.RequestMappingHandlerAdapter.handleInternal(RequestMappingHandlerAdapter.java:792)
	at org.springframework.web.servlet.mvc.method.AbstractHandlerMethodAdapter.handle(AbstractHandlerMethodAdapter.java:87)
	at org.springframework.web.servlet.DispatcherServlet.doDispatch(DispatcherServlet.java:1040)
	at org.springframework.web.servlet.DispatcherServlet.doService(DispatcherServlet.java:943)
	at org.springframework.web.servlet.FrameworkServlet.processRequest(FrameworkServlet.java:1006)
	at org.springframework.web.servlet.FrameworkServlet.doPost(FrameworkServlet.java:909)
	at javax.servlet.http.HttpServlet.service(HttpServlet.java:652)
	at org.springframework.web.servlet.FrameworkServlet.service(FrameworkServlet.java:883)
	at javax.servlet.http.HttpServlet.service(HttpServlet.java:733)
	at org.apache.catalina.core.ApplicationFilterChain.internalDoFilter(ApplicationFilterChain.java:227)
	at org.apache.catalina.core.ApplicationFilterChain.doFilter(ApplicationFilterChain.java:162)
	at org.apache.tomcat.websocket.server.WsFilter.doFilter(WsFilter.java:53)
	at org.apache.catalina.core.ApplicationFilterChain.internalDoFilter(ApplicationFilterChain.java:189)
	at org.apache.catalina.core.ApplicationFilterChain.doFilter(ApplicationFilterChain.java:162)
	at org.springframework.web.filter.CorsFilter.doFilterInternal(CorsFilter.java:92)
	at org.springframework.web.filter.OncePerRequestFilter.doFilter(OncePerRequestFilter.java:119)
	at org.apache.catalina.core.ApplicationFilterChain.internalDoFilter(ApplicationFilterChain.java:189)
	at org.apache.catalina.core.ApplicationFilterChain.doFilter(ApplicationFilterChain.java:162)
	at org.springframework.web.filter.RequestContextFilter.doFilterInternal(RequestContextFilter.java:100)
	at org.springframework.web.filter.OncePerRequestFilter.doFilter(OncePerRequestFilter.java:119)
	at org.apache.catalina.core.ApplicationFilterChain.internalDoFilter(ApplicationFilterChain.java:189)
	at org.apache.catalina.core.ApplicationFilterChain.doFilter(ApplicationFilterChain.java:162)
	at org.springframework.web.filter.FormContentFilter.doFilterInternal(FormContentFilter.java:93)
	at org.springframework.web.filter.OncePerRequestFilter.doFilter(OncePerRequestFilter.java:119)
	at org.apache.catalina.core.ApplicationFilterChain.internalDoFilter(ApplicationFilterChain.java:189)
	at org.apache.catalina.core.ApplicationFilterChain.doFilter(ApplicationFilterChain.java:162)
	at org.springframework.web.filter.CharacterEncodingFilter.doFilterInternal(CharacterEncodingFilter.java:201)
	at org.springframework.web.filter.OncePerRequestFilter.doFilter(OncePerRequestFilter.java:119)
	at org.apache.catalina.core.ApplicationFilterChain.internalDoFilter(ApplicationFilterChain.java:189)
	at org.apache.catalina.core.ApplicationFilterChain.doFilter(ApplicationFilterChain.java:162)
	at org.apache.catalina.core.StandardWrapperValve.invoke(StandardWrapperValve.java:202)
	at org.apache.catalina.core.StandardContextValve.invoke(StandardContextValve.java:97)
	at org.apache.catalina.authenticator.AuthenticatorBase.invoke(AuthenticatorBase.java:542)
	at org.apache.catalina.core.StandardHostValve.invoke(StandardHostValve.java:143)
	at org.apache.catalina.valves.ErrorReportValve.invoke(ErrorReportValve.java:92)
	at org.apache.catalina.core.StandardEngineValve.invoke(StandardEngineValve.java:78)
	at org.apache.catalina.connector.CoyoteAdapter.service(CoyoteAdapter.java:357)
	at org.apache.coyote.http11.Http11Processor.service(Http11Processor.java:374)
	at org.apache.coyote.AbstractProcessorLight.process(AbstractProcessorLight.java:65)
	at org.apache.coyote.AbstractProtocol$ConnectionHandler.process(AbstractProtocol.java:893)
	at org.apache.tomcat.util.net.NioEndpoint$SocketProcessor.doRun(NioEndpoint.java:1707)
	at org.apache.tomcat.util.net.SocketProcessorBase.run(SocketProcessorBase.java:49)
	at java.util.concurrent.ThreadPoolExecutor.runWorker(ThreadPoolExecutor.java:1149)
	at java.util.concurrent.ThreadPoolExecutor$Worker.run(ThreadPoolExecutor.java:624)
	at org.apache.tomcat.util.threads.TaskThread$WrappingRunnable.run(TaskThread.java:61)
	at java.lang.Thread.run(Thread.java:748)
Caused by: io.lettuce.core.RedisConnectionException: Unable to connect to localhost:6379
	at io.lettuce.core.RedisConnectionException.create(RedisConnectionException.java:78)
	at io.lettuce.core.RedisConnectionException.create(RedisConnectionException.java:56)
	at io.lettuce.core.AbstractRedisClient.getConnection(AbstractRedisClient.java:242)
	at io.lettuce.core.RedisClient.connect(RedisClient.java:206)
	at org.springframework.data.redis.connection.lettuce.StandaloneConnectionProvider.lambda$getConnection$1(StandaloneConnectionProvider.java:115)
	at java.util.Optional.orElseGet(Optional.java:267)
	at org.springframework.data.redis.connection.lettuce.StandaloneConnectionProvider.getConnection(StandaloneConnectionProvider.java:115)
	at org.springframework.data.redis.connection.lettuce.LettuceConnectionFactory$ExceptionTranslatingConnectionProvider.getConnection(LettuceConnectionFactory.java:1440)
	... 91 more
Caused by: io.netty.channel.AbstractChannel$AnnotatedConnectException: Connection refused: no further information: localhost/127.0.0.1:6379
Caused by: java.net.ConnectException: Connection refused: no further information
	at sun.nio.ch.SocketChannelImpl.checkConnect(Native Method)
	at sun.nio.ch.SocketChannelImpl.finishConnect(SocketChannelImpl.java:715)
	at io.netty.channel.socket.nio.NioSocketChannel.doFinishConnect(NioSocketChannel.java:330)
	at io.netty.channel.nio.AbstractNioChannel$AbstractNioUnsafe.finishConnect(AbstractNioChannel.java:334)
	at io.netty.channel.nio.NioEventLoop.processSelectedKey(NioEventLoop.java:707)
	at io.netty.channel.nio.NioEventLoop.processSelectedKeysOptimized(NioEventLoop.java:655)
	at io.netty.channel.nio.NioEventLoop.processSelectedKeys(NioEventLoop.java:581)
	at io.netty.channel.nio.NioEventLoop.run(NioEventLoop.java:493)
	at io.netty.util.concurrent.SingleThreadEventExecutor$4.run(SingleThreadEventExecutor.java:989)
	at io.netty.util.internal.ThreadExecutorMap$2.run(ThreadExecutorMap.java:74)
	at io.netty.util.concurrent.FastThreadLocalRunnable.run(FastThreadLocalRunnable.java:30)
	at java.lang.Thread.run(Thread.java:748)

2022-02-11 19:12:20.245 [http-nio-8086-exec-10] ERROR com.novedu.nov.common.aspect.NovExceptionHandler -
                org.springframework.data.redis.RedisConnectionFailureException: Unable to connect to Redis; nested exception is io.lettuce.core.RedisConnectionException: Unable to connect to localhost:6379
	at org.springframework.data.redis.connection.lettuce.LettuceConnectionFactory$ExceptionTranslatingConnectionProvider.translateException(LettuceConnectionFactory.java:1534)
	at org.springframework.data.redis.connection.lettuce.LettuceConnectionFactory$ExceptionTranslatingConnectionProvider.getConnection(LettuceConnectionFactory.java:1442)
	at org.springframework.data.redis.connection.lettuce.LettuceConnectionFactory$SharedConnection.getNativeConnection(LettuceConnectionFactory.java:1228)
	at org.springframework.data.redis.connection.lettuce.LettuceConnectionFactory$SharedConnection.getConnection(LettuceConnectionFactory.java:1211)
	at org.springframework.data.redis.connection.lettuce.LettuceConnectionFactory.getSharedConnection(LettuceConnectionFactory.java:975)
	at org.springframework.data.redis.connection.lettuce.LettuceConnectionFactory.getConnection(LettuceConnectionFactory.java:360)
	at org.springframework.data.redis.core.RedisConnectionUtils.doGetConnection(RedisConnectionUtils.java:134)
	at org.springframework.data.redis.core.RedisConnectionUtils.getConnection(RedisConnectionUtils.java:97)
	at org.springframework.data.redis.core.RedisConnectionUtils.getConnection(RedisConnectionUtils.java:84)
	at org.springframework.data.redis.core.RedisTemplate.execute(RedisTemplate.java:215)
	at org.springframework.data.redis.core.RedisTemplate.execute(RedisTemplate.java:188)
	at org.springframework.data.redis.core.RedisTemplate.hasKey(RedisTemplate.java:773)
	at com.novedu.nov.order.service.impl.TradeOrderServiceImpl.createOrder(TradeOrderServiceImpl.java:55)
	at com.novedu.nov.order.service.impl.TradeOrderServiceImpl$$FastClassBySpringCGLIB$$807696ef.invoke(<generated>)
	at org.springframework.cglib.proxy.MethodProxy.invoke(MethodProxy.java:218)
	at org.springframework.aop.framework.CglibAopProxy$DynamicAdvisedInterceptor.intercept(CglibAopProxy.java:688)
	at com.novedu.nov.order.service.impl.TradeOrderServiceImpl$$EnhancerBySpringCGLIB$$ce8f56f5.createOrder(<generated>)
	at com.novedu.nov.order.controller.TradeOrderController.createOrder(TradeOrderController.java:34)
	at com.novedu.nov.order.controller.TradeOrderController$$FastClassBySpringCGLIB$$de75239f.invoke(<generated>)
	at org.springframework.cglib.proxy.MethodProxy.invoke(MethodProxy.java:218)
	at org.springframework.aop.framework.CglibAopProxy$CglibMethodInvocation.invokeJoinpoint(CglibAopProxy.java:779)
	at org.springframework.aop.framework.ReflectiveMethodInvocation.proceed(ReflectiveMethodInvocation.java:163)
	at org.springframework.aop.framework.CglibAopProxy$CglibMethodInvocation.proceed(CglibAopProxy.java:750)
	at org.springframework.aop.aspectj.MethodInvocationProceedingJoinPoint.proceed(MethodInvocationProceedingJoinPoint.java:88)
	at com.novedu.nov.common.aspect.NovLogHandler.around(NovLogHandler.java:56)
	at sun.reflect.NativeMethodAccessorImpl.invoke0(Native Method)
	at sun.reflect.NativeMethodAccessorImpl.invoke(NativeMethodAccessorImpl.java:62)
	at sun.reflect.DelegatingMethodAccessorImpl.invoke(DelegatingMethodAccessorImpl.java:43)
	at java.lang.reflect.Method.invoke(Method.java:498)
	at org.springframework.aop.aspectj.AbstractAspectJAdvice.invokeAdviceMethodWithGivenArgs(AbstractAspectJAdvice.java:644)
	at org.springframework.aop.aspectj.AbstractAspectJAdvice.invokeAdviceMethod(AbstractAspectJAdvice.java:633)
	at org.springframework.aop.aspectj.AspectJAroundAdvice.invoke(AspectJAroundAdvice.java:70)
	at org.springframework.aop.framework.ReflectiveMethodInvocation.proceed(ReflectiveMethodInvocation.java:186)
	at org.springframework.aop.framework.CglibAopProxy$CglibMethodInvocation.proceed(CglibAopProxy.java:750)
	at org.springframework.aop.interceptor.ExposeInvocationInterceptor.invoke(ExposeInvocationInterceptor.java:95)
	at org.springframework.aop.framework.ReflectiveMethodInvocation.proceed(ReflectiveMethodInvocation.java:186)
	at org.springframework.aop.framework.CglibAopProxy$CglibMethodInvocation.proceed(CglibAopProxy.java:750)
	at org.springframework.aop.framework.CglibAopProxy$DynamicAdvisedInterceptor.intercept(CglibAopProxy.java:692)
	at com.novedu.nov.order.controller.TradeOrderController$$EnhancerBySpringCGLIB$$4dc66812.createOrder(<generated>)
	at sun.reflect.NativeMethodAccessorImpl.invoke0(Native Method)
	at sun.reflect.NativeMethodAccessorImpl.invoke(NativeMethodAccessorImpl.java:62)
	at sun.reflect.DelegatingMethodAccessorImpl.invoke(DelegatingMethodAccessorImpl.java:43)
	at java.lang.reflect.Method.invoke(Method.java:498)
	at org.springframework.web.method.support.InvocableHandlerMethod.doInvoke(InvocableHandlerMethod.java:190)
	at org.springframework.web.method.support.InvocableHandlerMethod.invokeForRequest(InvocableHandlerMethod.java:138)
	at org.springframework.web.servlet.mvc.method.annotation.ServletInvocableHandlerMethod.invokeAndHandle(ServletInvocableHandlerMethod.java:105)
	at org.springframework.web.servlet.mvc.method.annotation.RequestMappingHandlerAdapter.invokeHandlerMethod(RequestMappingHandlerAdapter.java:878)
	at org.springframework.web.servlet.mvc.method.annotation.RequestMappingHandlerAdapter.handleInternal(RequestMappingHandlerAdapter.java:792)
	at org.springframework.web.servlet.mvc.method.AbstractHandlerMethodAdapter.handle(AbstractHandlerMethodAdapter.java:87)
	at org.springframework.web.servlet.DispatcherServlet.doDispatch(DispatcherServlet.java:1040)
	at org.springframework.web.servlet.DispatcherServlet.doService(DispatcherServlet.java:943)
	at org.springframework.web.servlet.FrameworkServlet.processRequest(FrameworkServlet.java:1006)
	at org.springframework.web.servlet.FrameworkServlet.doPost(FrameworkServlet.java:909)
	at javax.servlet.http.HttpServlet.service(HttpServlet.java:652)
	at org.springframework.web.servlet.FrameworkServlet.service(FrameworkServlet.java:883)
	at javax.servlet.http.HttpServlet.service(HttpServlet.java:733)
	at org.apache.catalina.core.ApplicationFilterChain.internalDoFilter(ApplicationFilterChain.java:227)
	at org.apache.catalina.core.ApplicationFilterChain.doFilter(ApplicationFilterChain.java:162)
	at org.apache.tomcat.websocket.server.WsFilter.doFilter(WsFilter.java:53)
	at org.apache.catalina.core.ApplicationFilterChain.internalDoFilter(ApplicationFilterChain.java:189)
	at org.apache.catalina.core.ApplicationFilterChain.doFilter(ApplicationFilterChain.java:162)
	at org.springframework.web.filter.CorsFilter.doFilterInternal(CorsFilter.java:92)
	at org.springframework.web.filter.OncePerRequestFilter.doFilter(OncePerRequestFilter.java:119)
	at org.apache.catalina.core.ApplicationFilterChain.internalDoFilter(ApplicationFilterChain.java:189)
	at org.apache.catalina.core.ApplicationFilterChain.doFilter(ApplicationFilterChain.java:162)
	at org.springframework.web.filter.RequestContextFilter.doFilterInternal(RequestContextFilter.java:100)
	at org.springframework.web.filter.OncePerRequestFilter.doFilter(OncePerRequestFilter.java:119)
	at org.apache.catalina.core.ApplicationFilterChain.internalDoFilter(ApplicationFilterChain.java:189)
	at org.apache.catalina.core.ApplicationFilterChain.doFilter(ApplicationFilterChain.java:162)
	at org.springframework.web.filter.FormContentFilter.doFilterInternal(FormContentFilter.java:93)
	at org.springframework.web.filter.OncePerRequestFilter.doFilter(OncePerRequestFilter.java:119)
	at org.apache.catalina.core.ApplicationFilterChain.internalDoFilter(ApplicationFilterChain.java:189)
	at org.apache.catalina.core.ApplicationFilterChain.doFilter(ApplicationFilterChain.java:162)
	at org.springframework.web.filter.CharacterEncodingFilter.doFilterInternal(CharacterEncodingFilter.java:201)
	at org.springframework.web.filter.OncePerRequestFilter.doFilter(OncePerRequestFilter.java:119)
	at org.apache.catalina.core.ApplicationFilterChain.internalDoFilter(ApplicationFilterChain.java:189)
	at org.apache.catalina.core.ApplicationFilterChain.doFilter(ApplicationFilterChain.java:162)
	at org.apache.catalina.core.StandardWrapperValve.invoke(StandardWrapperValve.java:202)
	at org.apache.catalina.core.StandardContextValve.invoke(StandardContextValve.java:97)
	at org.apache.catalina.authenticator.AuthenticatorBase.invoke(AuthenticatorBase.java:542)
	at org.apache.catalina.core.StandardHostValve.invoke(StandardHostValve.java:143)
	at org.apache.catalina.valves.ErrorReportValve.invoke(ErrorReportValve.java:92)
	at org.apache.catalina.core.StandardEngineValve.invoke(StandardEngineValve.java:78)
	at org.apache.catalina.connector.CoyoteAdapter.service(CoyoteAdapter.java:357)
	at org.apache.coyote.http11.Http11Processor.service(Http11Processor.java:374)
	at org.apache.coyote.AbstractProcessorLight.process(AbstractProcessorLight.java:65)
	at org.apache.coyote.AbstractProtocol$ConnectionHandler.process(AbstractProtocol.java:893)
	at org.apache.tomcat.util.net.NioEndpoint$SocketProcessor.doRun(NioEndpoint.java:1707)
	at org.apache.tomcat.util.net.SocketProcessorBase.run(SocketProcessorBase.java:49)
	at java.util.concurrent.ThreadPoolExecutor.runWorker(ThreadPoolExecutor.java:1149)
	at java.util.concurrent.ThreadPoolExecutor$Worker.run(ThreadPoolExecutor.java:624)
	at org.apache.tomcat.util.threads.TaskThread$WrappingRunnable.run(TaskThread.java:61)
	at java.lang.Thread.run(Thread.java:748)
Caused by: io.lettuce.core.RedisConnectionException: Unable to connect to localhost:6379
	at io.lettuce.core.RedisConnectionException.create(RedisConnectionException.java:78)
	at io.lettuce.core.RedisConnectionException.create(RedisConnectionException.java:56)
	at io.lettuce.core.AbstractRedisClient.getConnection(AbstractRedisClient.java:242)
	at io.lettuce.core.RedisClient.connect(RedisClient.java:206)
	at org.springframework.data.redis.connection.lettuce.StandaloneConnectionProvider.lambda$getConnection$1(StandaloneConnectionProvider.java:115)
	at java.util.Optional.orElseGet(Optional.java:267)
	at org.springframework.data.redis.connection.lettuce.StandaloneConnectionProvider.getConnection(StandaloneConnectionProvider.java:115)
	at org.springframework.data.redis.connection.lettuce.LettuceConnectionFactory$ExceptionTranslatingConnectionProvider.getConnection(LettuceConnectionFactory.java:1440)
	... 91 more
Caused by: io.netty.channel.AbstractChannel$AnnotatedConnectException: Connection refused: no further information: localhost/127.0.0.1:6379
Caused by: java.net.ConnectException: Connection refused: no further information
	at sun.nio.ch.SocketChannelImpl.checkConnect(Native Method)
	at sun.nio.ch.SocketChannelImpl.finishConnect(SocketChannelImpl.java:715)
	at io.netty.channel.socket.nio.NioSocketChannel.doFinishConnect(NioSocketChannel.java:330)
	at io.netty.channel.nio.AbstractNioChannel$AbstractNioUnsafe.finishConnect(AbstractNioChannel.java:334)
	at io.netty.channel.nio.NioEventLoop.processSelectedKey(NioEventLoop.java:707)
	at io.netty.channel.nio.NioEventLoop.processSelectedKeysOptimized(NioEventLoop.java:655)
	at io.netty.channel.nio.NioEventLoop.processSelectedKeys(NioEventLoop.java:581)
	at io.netty.channel.nio.NioEventLoop.run(NioEventLoop.java:493)
	at io.netty.util.concurrent.SingleThreadEventExecutor$4.run(SingleThreadEventExecutor.java:989)
	at io.netty.util.internal.ThreadExecutorMap$2.run(ThreadExecutorMap.java:74)
	at io.netty.util.concurrent.FastThreadLocalRunnable.run(FastThreadLocalRunnable.java:30)
	at java.lang.Thread.run(Thread.java:748)

2022-02-11 19:13:03.284 [http-nio-8086-exec-3] ERROR com.novedu.nov.common.aspect.NovExceptionHandler -
                org.springframework.data.redis.RedisConnectionFailureException: Unable to connect to Redis; nested exception is io.lettuce.core.RedisConnectionException: Unable to connect to localhost:6379
	at org.springframework.data.redis.connection.lettuce.LettuceConnectionFactory$ExceptionTranslatingConnectionProvider.translateException(LettuceConnectionFactory.java:1534)
	at org.springframework.data.redis.connection.lettuce.LettuceConnectionFactory$ExceptionTranslatingConnectionProvider.getConnection(LettuceConnectionFactory.java:1442)
	at org.springframework.data.redis.connection.lettuce.LettuceConnectionFactory$SharedConnection.getNativeConnection(LettuceConnectionFactory.java:1228)
	at org.springframework.data.redis.connection.lettuce.LettuceConnectionFactory$SharedConnection.getConnection(LettuceConnectionFactory.java:1211)
	at org.springframework.data.redis.connection.lettuce.LettuceConnectionFactory.getSharedConnection(LettuceConnectionFactory.java:975)
	at org.springframework.data.redis.connection.lettuce.LettuceConnectionFactory.getConnection(LettuceConnectionFactory.java:360)
	at org.springframework.data.redis.core.RedisConnectionUtils.doGetConnection(RedisConnectionUtils.java:134)
	at org.springframework.data.redis.core.RedisConnectionUtils.getConnection(RedisConnectionUtils.java:97)
	at org.springframework.data.redis.core.RedisConnectionUtils.getConnection(RedisConnectionUtils.java:84)
	at org.springframework.data.redis.core.RedisTemplate.execute(RedisTemplate.java:215)
	at org.springframework.data.redis.core.RedisTemplate.execute(RedisTemplate.java:188)
	at org.springframework.data.redis.core.RedisTemplate.hasKey(RedisTemplate.java:773)
	at com.novedu.nov.order.service.impl.TradeOrderServiceImpl.createOrder(TradeOrderServiceImpl.java:55)
	at com.novedu.nov.order.service.impl.TradeOrderServiceImpl$$FastClassBySpringCGLIB$$807696ef.invoke(<generated>)
	at org.springframework.cglib.proxy.MethodProxy.invoke(MethodProxy.java:218)
	at org.springframework.aop.framework.CglibAopProxy$DynamicAdvisedInterceptor.intercept(CglibAopProxy.java:688)
	at com.novedu.nov.order.service.impl.TradeOrderServiceImpl$$EnhancerBySpringCGLIB$$ce8f56f5.createOrder(<generated>)
	at com.novedu.nov.order.controller.TradeOrderController.createOrder(TradeOrderController.java:34)
	at com.novedu.nov.order.controller.TradeOrderController$$FastClassBySpringCGLIB$$de75239f.invoke(<generated>)
	at org.springframework.cglib.proxy.MethodProxy.invoke(MethodProxy.java:218)
	at org.springframework.aop.framework.CglibAopProxy$CglibMethodInvocation.invokeJoinpoint(CglibAopProxy.java:779)
	at org.springframework.aop.framework.ReflectiveMethodInvocation.proceed(ReflectiveMethodInvocation.java:163)
	at org.springframework.aop.framework.CglibAopProxy$CglibMethodInvocation.proceed(CglibAopProxy.java:750)
	at org.springframework.aop.aspectj.MethodInvocationProceedingJoinPoint.proceed(MethodInvocationProceedingJoinPoint.java:88)
	at com.novedu.nov.common.aspect.NovLogHandler.around(NovLogHandler.java:56)
	at sun.reflect.NativeMethodAccessorImpl.invoke0(Native Method)
	at sun.reflect.NativeMethodAccessorImpl.invoke(NativeMethodAccessorImpl.java:62)
	at sun.reflect.DelegatingMethodAccessorImpl.invoke(DelegatingMethodAccessorImpl.java:43)
	at java.lang.reflect.Method.invoke(Method.java:498)
	at org.springframework.aop.aspectj.AbstractAspectJAdvice.invokeAdviceMethodWithGivenArgs(AbstractAspectJAdvice.java:644)
	at org.springframework.aop.aspectj.AbstractAspectJAdvice.invokeAdviceMethod(AbstractAspectJAdvice.java:633)
	at org.springframework.aop.aspectj.AspectJAroundAdvice.invoke(AspectJAroundAdvice.java:70)
	at org.springframework.aop.framework.ReflectiveMethodInvocation.proceed(ReflectiveMethodInvocation.java:186)
	at org.springframework.aop.framework.CglibAopProxy$CglibMethodInvocation.proceed(CglibAopProxy.java:750)
	at org.springframework.aop.interceptor.ExposeInvocationInterceptor.invoke(ExposeInvocationInterceptor.java:95)
	at org.springframework.aop.framework.ReflectiveMethodInvocation.proceed(ReflectiveMethodInvocation.java:186)
	at org.springframework.aop.framework.CglibAopProxy$CglibMethodInvocation.proceed(CglibAopProxy.java:750)
	at org.springframework.aop.framework.CglibAopProxy$DynamicAdvisedInterceptor.intercept(CglibAopProxy.java:692)
	at com.novedu.nov.order.controller.TradeOrderController$$EnhancerBySpringCGLIB$$4dc66812.createOrder(<generated>)
	at sun.reflect.NativeMethodAccessorImpl.invoke0(Native Method)
	at sun.reflect.NativeMethodAccessorImpl.invoke(NativeMethodAccessorImpl.java:62)
	at sun.reflect.DelegatingMethodAccessorImpl.invoke(DelegatingMethodAccessorImpl.java:43)
	at java.lang.reflect.Method.invoke(Method.java:498)
	at org.springframework.web.method.support.InvocableHandlerMethod.doInvoke(InvocableHandlerMethod.java:190)
	at org.springframework.web.method.support.InvocableHandlerMethod.invokeForRequest(InvocableHandlerMethod.java:138)
	at org.springframework.web.servlet.mvc.method.annotation.ServletInvocableHandlerMethod.invokeAndHandle(ServletInvocableHandlerMethod.java:105)
	at org.springframework.web.servlet.mvc.method.annotation.RequestMappingHandlerAdapter.invokeHandlerMethod(RequestMappingHandlerAdapter.java:878)
	at org.springframework.web.servlet.mvc.method.annotation.RequestMappingHandlerAdapter.handleInternal(RequestMappingHandlerAdapter.java:792)
	at org.springframework.web.servlet.mvc.method.AbstractHandlerMethodAdapter.handle(AbstractHandlerMethodAdapter.java:87)
	at org.springframework.web.servlet.DispatcherServlet.doDispatch(DispatcherServlet.java:1040)
	at org.springframework.web.servlet.DispatcherServlet.doService(DispatcherServlet.java:943)
	at org.springframework.web.servlet.FrameworkServlet.processRequest(FrameworkServlet.java:1006)
	at org.springframework.web.servlet.FrameworkServlet.doPost(FrameworkServlet.java:909)
	at javax.servlet.http.HttpServlet.service(HttpServlet.java:652)
	at org.springframework.web.servlet.FrameworkServlet.service(FrameworkServlet.java:883)
	at javax.servlet.http.HttpServlet.service(HttpServlet.java:733)
	at org.apache.catalina.core.ApplicationFilterChain.internalDoFilter(ApplicationFilterChain.java:227)
	at org.apache.catalina.core.ApplicationFilterChain.doFilter(ApplicationFilterChain.java:162)
	at org.apache.tomcat.websocket.server.WsFilter.doFilter(WsFilter.java:53)
	at org.apache.catalina.core.ApplicationFilterChain.internalDoFilter(ApplicationFilterChain.java:189)
	at org.apache.catalina.core.ApplicationFilterChain.doFilter(ApplicationFilterChain.java:162)
	at org.springframework.web.filter.CorsFilter.doFilterInternal(CorsFilter.java:92)
	at org.springframework.web.filter.OncePerRequestFilter.doFilter(OncePerRequestFilter.java:119)
	at org.apache.catalina.core.ApplicationFilterChain.internalDoFilter(ApplicationFilterChain.java:189)
	at org.apache.catalina.core.ApplicationFilterChain.doFilter(ApplicationFilterChain.java:162)
	at org.springframework.web.filter.RequestContextFilter.doFilterInternal(RequestContextFilter.java:100)
	at org.springframework.web.filter.OncePerRequestFilter.doFilter(OncePerRequestFilter.java:119)
	at org.apache.catalina.core.ApplicationFilterChain.internalDoFilter(ApplicationFilterChain.java:189)
	at org.apache.catalina.core.ApplicationFilterChain.doFilter(ApplicationFilterChain.java:162)
	at org.springframework.web.filter.FormContentFilter.doFilterInternal(FormContentFilter.java:93)
	at org.springframework.web.filter.OncePerRequestFilter.doFilter(OncePerRequestFilter.java:119)
	at org.apache.catalina.core.ApplicationFilterChain.internalDoFilter(ApplicationFilterChain.java:189)
	at org.apache.catalina.core.ApplicationFilterChain.doFilter(ApplicationFilterChain.java:162)
	at org.springframework.web.filter.CharacterEncodingFilter.doFilterInternal(CharacterEncodingFilter.java:201)
	at org.springframework.web.filter.OncePerRequestFilter.doFilter(OncePerRequestFilter.java:119)
	at org.apache.catalina.core.ApplicationFilterChain.internalDoFilter(ApplicationFilterChain.java:189)
	at org.apache.catalina.core.ApplicationFilterChain.doFilter(ApplicationFilterChain.java:162)
	at org.apache.catalina.core.StandardWrapperValve.invoke(StandardWrapperValve.java:202)
	at org.apache.catalina.core.StandardContextValve.invoke(StandardContextValve.java:97)
	at org.apache.catalina.authenticator.AuthenticatorBase.invoke(AuthenticatorBase.java:542)
	at org.apache.catalina.core.StandardHostValve.invoke(StandardHostValve.java:143)
	at org.apache.catalina.valves.ErrorReportValve.invoke(ErrorReportValve.java:92)
	at org.apache.catalina.core.StandardEngineValve.invoke(StandardEngineValve.java:78)
	at org.apache.catalina.connector.CoyoteAdapter.service(CoyoteAdapter.java:357)
	at org.apache.coyote.http11.Http11Processor.service(Http11Processor.java:374)
	at org.apache.coyote.AbstractProcessorLight.process(AbstractProcessorLight.java:65)
	at org.apache.coyote.AbstractProtocol$ConnectionHandler.process(AbstractProtocol.java:893)
	at org.apache.tomcat.util.net.NioEndpoint$SocketProcessor.doRun(NioEndpoint.java:1707)
	at org.apache.tomcat.util.net.SocketProcessorBase.run(SocketProcessorBase.java:49)
	at java.util.concurrent.ThreadPoolExecutor.runWorker(ThreadPoolExecutor.java:1149)
	at java.util.concurrent.ThreadPoolExecutor$Worker.run(ThreadPoolExecutor.java:624)
	at org.apache.tomcat.util.threads.TaskThread$WrappingRunnable.run(TaskThread.java:61)
	at java.lang.Thread.run(Thread.java:748)
Caused by: io.lettuce.core.RedisConnectionException: Unable to connect to localhost:6379
	at io.lettuce.core.RedisConnectionException.create(RedisConnectionException.java:78)
	at io.lettuce.core.RedisConnectionException.create(RedisConnectionException.java:56)
	at io.lettuce.core.AbstractRedisClient.getConnection(AbstractRedisClient.java:242)
	at io.lettuce.core.RedisClient.connect(RedisClient.java:206)
	at org.springframework.data.redis.connection.lettuce.StandaloneConnectionProvider.lambda$getConnection$1(StandaloneConnectionProvider.java:115)
	at java.util.Optional.orElseGet(Optional.java:267)
	at org.springframework.data.redis.connection.lettuce.StandaloneConnectionProvider.getConnection(StandaloneConnectionProvider.java:115)
	at org.springframework.data.redis.connection.lettuce.LettuceConnectionFactory$ExceptionTranslatingConnectionProvider.getConnection(LettuceConnectionFactory.java:1440)
	... 91 more
Caused by: io.netty.channel.AbstractChannel$AnnotatedConnectException: Connection refused: no further information: localhost/127.0.0.1:6379
Caused by: java.net.ConnectException: Connection refused: no further information
	at sun.nio.ch.SocketChannelImpl.checkConnect(Native Method)
	at sun.nio.ch.SocketChannelImpl.finishConnect(SocketChannelImpl.java:715)
	at io.netty.channel.socket.nio.NioSocketChannel.doFinishConnect(NioSocketChannel.java:330)
	at io.netty.channel.nio.AbstractNioChannel$AbstractNioUnsafe.finishConnect(AbstractNioChannel.java:334)
	at io.netty.channel.nio.NioEventLoop.processSelectedKey(NioEventLoop.java:707)
	at io.netty.channel.nio.NioEventLoop.processSelectedKeysOptimized(NioEventLoop.java:655)
	at io.netty.channel.nio.NioEventLoop.processSelectedKeys(NioEventLoop.java:581)
	at io.netty.channel.nio.NioEventLoop.run(NioEventLoop.java:493)
	at io.netty.util.concurrent.SingleThreadEventExecutor$4.run(SingleThreadEventExecutor.java:989)
	at io.netty.util.internal.ThreadExecutorMap$2.run(ThreadExecutorMap.java:74)
	at io.netty.util.concurrent.FastThreadLocalRunnable.run(FastThreadLocalRunnable.java:30)
	at java.lang.Thread.run(Thread.java:748)

2022-02-11 19:17:24.977 [http-nio-8086-exec-9] ERROR com.novedu.nov.common.aspect.NovExceptionHandler -
                org.springframework.data.redis.RedisConnectionFailureException: Unable to connect to Redis; nested exception is io.lettuce.core.RedisConnectionException: Unable to connect to localhost:6379
	at org.springframework.data.redis.connection.lettuce.LettuceConnectionFactory$ExceptionTranslatingConnectionProvider.translateException(LettuceConnectionFactory.java:1534)
	at org.springframework.data.redis.connection.lettuce.LettuceConnectionFactory$ExceptionTranslatingConnectionProvider.getConnection(LettuceConnectionFactory.java:1442)
	at org.springframework.data.redis.connection.lettuce.LettuceConnectionFactory$SharedConnection.getNativeConnection(LettuceConnectionFactory.java:1228)
	at org.springframework.data.redis.connection.lettuce.LettuceConnectionFactory$SharedConnection.getConnection(LettuceConnectionFactory.java:1211)
	at org.springframework.data.redis.connection.lettuce.LettuceConnectionFactory.getSharedConnection(LettuceConnectionFactory.java:975)
	at org.springframework.data.redis.connection.lettuce.LettuceConnectionFactory.getConnection(LettuceConnectionFactory.java:360)
	at org.springframework.data.redis.core.RedisConnectionUtils.doGetConnection(RedisConnectionUtils.java:134)
	at org.springframework.data.redis.core.RedisConnectionUtils.getConnection(RedisConnectionUtils.java:97)
	at org.springframework.data.redis.core.RedisConnectionUtils.getConnection(RedisConnectionUtils.java:84)
	at org.springframework.data.redis.core.RedisTemplate.execute(RedisTemplate.java:215)
	at org.springframework.data.redis.core.RedisTemplate.execute(RedisTemplate.java:188)
	at org.springframework.data.redis.core.RedisTemplate.hasKey(RedisTemplate.java:773)
	at com.novedu.nov.order.service.impl.TradeOrderServiceImpl.createOrder(TradeOrderServiceImpl.java:55)
	at com.novedu.nov.order.service.impl.TradeOrderServiceImpl$$FastClassBySpringCGLIB$$807696ef.invoke(<generated>)
	at org.springframework.cglib.proxy.MethodProxy.invoke(MethodProxy.java:218)
	at org.springframework.aop.framework.CglibAopProxy$DynamicAdvisedInterceptor.intercept(CglibAopProxy.java:688)
	at com.novedu.nov.order.service.impl.TradeOrderServiceImpl$$EnhancerBySpringCGLIB$$ce8f56f5.createOrder(<generated>)
	at com.novedu.nov.order.controller.TradeOrderController.createOrder(TradeOrderController.java:34)
	at com.novedu.nov.order.controller.TradeOrderController$$FastClassBySpringCGLIB$$de75239f.invoke(<generated>)
	at org.springframework.cglib.proxy.MethodProxy.invoke(MethodProxy.java:218)
	at org.springframework.aop.framework.CglibAopProxy$CglibMethodInvocation.invokeJoinpoint(CglibAopProxy.java:779)
	at org.springframework.aop.framework.ReflectiveMethodInvocation.proceed(ReflectiveMethodInvocation.java:163)
	at org.springframework.aop.framework.CglibAopProxy$CglibMethodInvocation.proceed(CglibAopProxy.java:750)
	at org.springframework.aop.aspectj.MethodInvocationProceedingJoinPoint.proceed(MethodInvocationProceedingJoinPoint.java:88)
	at com.novedu.nov.common.aspect.NovLogHandler.around(NovLogHandler.java:56)
	at sun.reflect.NativeMethodAccessorImpl.invoke0(Native Method)
	at sun.reflect.NativeMethodAccessorImpl.invoke(NativeMethodAccessorImpl.java:62)
	at sun.reflect.DelegatingMethodAccessorImpl.invoke(DelegatingMethodAccessorImpl.java:43)
	at java.lang.reflect.Method.invoke(Method.java:498)
	at org.springframework.aop.aspectj.AbstractAspectJAdvice.invokeAdviceMethodWithGivenArgs(AbstractAspectJAdvice.java:644)
	at org.springframework.aop.aspectj.AbstractAspectJAdvice.invokeAdviceMethod(AbstractAspectJAdvice.java:633)
	at org.springframework.aop.aspectj.AspectJAroundAdvice.invoke(AspectJAroundAdvice.java:70)
	at org.springframework.aop.framework.ReflectiveMethodInvocation.proceed(ReflectiveMethodInvocation.java:186)
	at org.springframework.aop.framework.CglibAopProxy$CglibMethodInvocation.proceed(CglibAopProxy.java:750)
	at org.springframework.aop.interceptor.ExposeInvocationInterceptor.invoke(ExposeInvocationInterceptor.java:95)
	at org.springframework.aop.framework.ReflectiveMethodInvocation.proceed(ReflectiveMethodInvocation.java:186)
	at org.springframework.aop.framework.CglibAopProxy$CglibMethodInvocation.proceed(CglibAopProxy.java:750)
	at org.springframework.aop.framework.CglibAopProxy$DynamicAdvisedInterceptor.intercept(CglibAopProxy.java:692)
	at com.novedu.nov.order.controller.TradeOrderController$$EnhancerBySpringCGLIB$$4dc66812.createOrder(<generated>)
	at sun.reflect.NativeMethodAccessorImpl.invoke0(Native Method)
	at sun.reflect.NativeMethodAccessorImpl.invoke(NativeMethodAccessorImpl.java:62)
	at sun.reflect.DelegatingMethodAccessorImpl.invoke(DelegatingMethodAccessorImpl.java:43)
	at java.lang.reflect.Method.invoke(Method.java:498)
	at org.springframework.web.method.support.InvocableHandlerMethod.doInvoke(InvocableHandlerMethod.java:190)
	at org.springframework.web.method.support.InvocableHandlerMethod.invokeForRequest(InvocableHandlerMethod.java:138)
	at org.springframework.web.servlet.mvc.method.annotation.ServletInvocableHandlerMethod.invokeAndHandle(ServletInvocableHandlerMethod.java:105)
	at org.springframework.web.servlet.mvc.method.annotation.RequestMappingHandlerAdapter.invokeHandlerMethod(RequestMappingHandlerAdapter.java:878)
	at org.springframework.web.servlet.mvc.method.annotation.RequestMappingHandlerAdapter.handleInternal(RequestMappingHandlerAdapter.java:792)
	at org.springframework.web.servlet.mvc.method.AbstractHandlerMethodAdapter.handle(AbstractHandlerMethodAdapter.java:87)
	at org.springframework.web.servlet.DispatcherServlet.doDispatch(DispatcherServlet.java:1040)
	at org.springframework.web.servlet.DispatcherServlet.doService(DispatcherServlet.java:943)
	at org.springframework.web.servlet.FrameworkServlet.processRequest(FrameworkServlet.java:1006)
	at org.springframework.web.servlet.FrameworkServlet.doPost(FrameworkServlet.java:909)
	at javax.servlet.http.HttpServlet.service(HttpServlet.java:652)
	at org.springframework.web.servlet.FrameworkServlet.service(FrameworkServlet.java:883)
	at javax.servlet.http.HttpServlet.service(HttpServlet.java:733)
	at org.apache.catalina.core.ApplicationFilterChain.internalDoFilter(ApplicationFilterChain.java:227)
	at org.apache.catalina.core.ApplicationFilterChain.doFilter(ApplicationFilterChain.java:162)
	at org.apache.tomcat.websocket.server.WsFilter.doFilter(WsFilter.java:53)
	at org.apache.catalina.core.ApplicationFilterChain.internalDoFilter(ApplicationFilterChain.java:189)
	at org.apache.catalina.core.ApplicationFilterChain.doFilter(ApplicationFilterChain.java:162)
	at org.springframework.web.filter.CorsFilter.doFilterInternal(CorsFilter.java:92)
	at org.springframework.web.filter.OncePerRequestFilter.doFilter(OncePerRequestFilter.java:119)
	at org.apache.catalina.core.ApplicationFilterChain.internalDoFilter(ApplicationFilterChain.java:189)
	at org.apache.catalina.core.ApplicationFilterChain.doFilter(ApplicationFilterChain.java:162)
	at org.springframework.web.filter.RequestContextFilter.doFilterInternal(RequestContextFilter.java:100)
	at org.springframework.web.filter.OncePerRequestFilter.doFilter(OncePerRequestFilter.java:119)
	at org.apache.catalina.core.ApplicationFilterChain.internalDoFilter(ApplicationFilterChain.java:189)
	at org.apache.catalina.core.ApplicationFilterChain.doFilter(ApplicationFilterChain.java:162)
	at org.springframework.web.filter.FormContentFilter.doFilterInternal(FormContentFilter.java:93)
	at org.springframework.web.filter.OncePerRequestFilter.doFilter(OncePerRequestFilter.java:119)
	at org.apache.catalina.core.ApplicationFilterChain.internalDoFilter(ApplicationFilterChain.java:189)
	at org.apache.catalina.core.ApplicationFilterChain.doFilter(ApplicationFilterChain.java:162)
	at org.springframework.web.filter.CharacterEncodingFilter.doFilterInternal(CharacterEncodingFilter.java:201)
	at org.springframework.web.filter.OncePerRequestFilter.doFilter(OncePerRequestFilter.java:119)
	at org.apache.catalina.core.ApplicationFilterChain.internalDoFilter(ApplicationFilterChain.java:189)
	at org.apache.catalina.core.ApplicationFilterChain.doFilter(ApplicationFilterChain.java:162)
	at org.apache.catalina.core.StandardWrapperValve.invoke(StandardWrapperValve.java:202)
	at org.apache.catalina.core.StandardContextValve.invoke(StandardContextValve.java:97)
	at org.apache.catalina.authenticator.AuthenticatorBase.invoke(AuthenticatorBase.java:542)
	at org.apache.catalina.core.StandardHostValve.invoke(StandardHostValve.java:143)
	at org.apache.catalina.valves.ErrorReportValve.invoke(ErrorReportValve.java:92)
	at org.apache.catalina.core.StandardEngineValve.invoke(StandardEngineValve.java:78)
	at org.apache.catalina.connector.CoyoteAdapter.service(CoyoteAdapter.java:357)
	at org.apache.coyote.http11.Http11Processor.service(Http11Processor.java:374)
	at org.apache.coyote.AbstractProcessorLight.process(AbstractProcessorLight.java:65)
	at org.apache.coyote.AbstractProtocol$ConnectionHandler.process(AbstractProtocol.java:893)
	at org.apache.tomcat.util.net.NioEndpoint$SocketProcessor.doRun(NioEndpoint.java:1707)
	at org.apache.tomcat.util.net.SocketProcessorBase.run(SocketProcessorBase.java:49)
	at java.util.concurrent.ThreadPoolExecutor.runWorker(ThreadPoolExecutor.java:1149)
	at java.util.concurrent.ThreadPoolExecutor$Worker.run(ThreadPoolExecutor.java:624)
	at org.apache.tomcat.util.threads.TaskThread$WrappingRunnable.run(TaskThread.java:61)
	at java.lang.Thread.run(Thread.java:748)
Caused by: io.lettuce.core.RedisConnectionException: Unable to connect to localhost:6379
	at io.lettuce.core.RedisConnectionException.create(RedisConnectionException.java:78)
	at io.lettuce.core.RedisConnectionException.create(RedisConnectionException.java:56)
	at io.lettuce.core.AbstractRedisClient.getConnection(AbstractRedisClient.java:242)
	at io.lettuce.core.RedisClient.connect(RedisClient.java:206)
	at org.springframework.data.redis.connection.lettuce.StandaloneConnectionProvider.lambda$getConnection$1(StandaloneConnectionProvider.java:115)
	at java.util.Optional.orElseGet(Optional.java:267)
	at org.springframework.data.redis.connection.lettuce.StandaloneConnectionProvider.getConnection(StandaloneConnectionProvider.java:115)
	at org.springframework.data.redis.connection.lettuce.LettuceConnectionFactory$ExceptionTranslatingConnectionProvider.getConnection(LettuceConnectionFactory.java:1440)
	... 91 more
Caused by: io.netty.channel.AbstractChannel$AnnotatedConnectException: Connection refused: no further information: localhost/127.0.0.1:6379
Caused by: java.net.ConnectException: Connection refused: no further information
	at sun.nio.ch.SocketChannelImpl.checkConnect(Native Method)
	at sun.nio.ch.SocketChannelImpl.finishConnect(SocketChannelImpl.java:715)
	at io.netty.channel.socket.nio.NioSocketChannel.doFinishConnect(NioSocketChannel.java:330)
	at io.netty.channel.nio.AbstractNioChannel$AbstractNioUnsafe.finishConnect(AbstractNioChannel.java:334)
	at io.netty.channel.nio.NioEventLoop.processSelectedKey(NioEventLoop.java:707)
	at io.netty.channel.nio.NioEventLoop.processSelectedKeysOptimized(NioEventLoop.java:655)
	at io.netty.channel.nio.NioEventLoop.processSelectedKeys(NioEventLoop.java:581)
	at io.netty.channel.nio.NioEventLoop.run(NioEventLoop.java:493)
	at io.netty.util.concurrent.SingleThreadEventExecutor$4.run(SingleThreadEventExecutor.java:989)
	at io.netty.util.internal.ThreadExecutorMap$2.run(ThreadExecutorMap.java:74)
	at io.netty.util.concurrent.FastThreadLocalRunnable.run(FastThreadLocalRunnable.java:30)
	at java.lang.Thread.run(Thread.java:748)

2022-02-11 19:18:20.807 [main] ERROR org.springframework.boot.SpringApplication -
                Application run failed
java.lang.IllegalStateException: Failed to load property source from 'file:/F:/my%20space/nov-edu/server/nov-starter/nov-service/service_order/target/classes/application-dev.yml' (classpath:/application-dev.yml) for profile dev
	at org.springframework.boot.context.config.ConfigFileApplicationListener$Loader.load(ConfigFileApplicationListener.java:564)
	at org.springframework.boot.context.config.ConfigFileApplicationListener$Loader.loadForFileExtension(ConfigFileApplicationListener.java:490)
	at org.springframework.boot.context.config.ConfigFileApplicationListener$Loader.load(ConfigFileApplicationListener.java:471)
	at org.springframework.boot.context.config.ConfigFileApplicationListener$Loader.lambda$null$7(ConfigFileApplicationListener.java:450)
	at java.lang.Iterable.forEach(Iterable.java:75)
	at org.springframework.boot.context.config.ConfigFileApplicationListener$Loader.lambda$load$8(ConfigFileApplicationListener.java:450)
	at java.lang.Iterable.forEach(Iterable.java:75)
	at org.springframework.boot.context.config.ConfigFileApplicationListener$Loader.load(ConfigFileApplicationListener.java:447)
	at org.springframework.boot.context.config.ConfigFileApplicationListener$Loader.lambda$load$0(ConfigFileApplicationListener.java:350)
	at org.springframework.boot.context.config.FilteredPropertySource.apply(FilteredPropertySource.java:54)
	at org.springframework.boot.context.config.ConfigFileApplicationListener$Loader.load(ConfigFileApplicationListener.java:338)
	at org.springframework.boot.context.config.ConfigFileApplicationListener.addPropertySources(ConfigFileApplicationListener.java:229)
	at org.springframework.boot.context.config.ConfigFileApplicationListener.postProcessEnvironment(ConfigFileApplicationListener.java:213)
	at org.springframework.boot.context.config.ConfigFileApplicationListener.onApplicationEnvironmentPreparedEvent(ConfigFileApplicationListener.java:203)
	at org.springframework.boot.context.config.ConfigFileApplicationListener.onApplicationEvent(ConfigFileApplicationListener.java:191)
	at org.springframework.context.event.SimpleApplicationEventMulticaster.doInvokeListener(SimpleApplicationEventMulticaster.java:172)
	at org.springframework.context.event.SimpleApplicationEventMulticaster.invokeListener(SimpleApplicationEventMulticaster.java:165)
	at org.springframework.context.event.SimpleApplicationEventMulticaster.multicastEvent(SimpleApplicationEventMulticaster.java:139)
	at org.springframework.context.event.SimpleApplicationEventMulticaster.multicastEvent(SimpleApplicationEventMulticaster.java:127)
	at org.springframework.boot.context.event.EventPublishingRunListener.environmentPrepared(EventPublishingRunListener.java:80)
	at org.springframework.boot.SpringApplicationRunListeners.environmentPrepared(SpringApplicationRunListeners.java:53)
	at org.springframework.boot.SpringApplication.prepareEnvironment(SpringApplication.java:342)
	at org.springframework.boot.SpringApplication.run(SpringApplication.java:307)
	at org.springframework.boot.SpringApplication.run(SpringApplication.java:1247)
	at org.springframework.boot.SpringApplication.run(SpringApplication.java:1236)
	at com.novedu.nov.order.OrderServiceApplication.main(OrderServiceApplication.java:28)
Caused by: org.yaml.snakeyaml.constructor.DuplicateKeyException: while constructing a mapping
 in 'reader', line 27, column 3:
      config: classpath:logback-spring ... 
      ^
found duplicate key config
 in 'reader', line 28, column 3:
      config: classpath:properties/log ... 
      ^

	at org.yaml.snakeyaml.constructor.SafeConstructor.processDuplicateKeys(SafeConstructor.java:106)
	at org.yaml.snakeyaml.constructor.SafeConstructor.flattenMapping(SafeConstructor.java:76)
	at org.yaml.snakeyaml.constructor.SafeConstructor.constructMapping2ndStep(SafeConstructor.java:189)
	at org.yaml.snakeyaml.constructor.BaseConstructor.constructMapping(BaseConstructor.java:460)
	at org.yaml.snakeyaml.constructor.SafeConstructor$ConstructYamlMap.construct(SafeConstructor.java:556)
	at org.yaml.snakeyaml.constructor.BaseConstructor.constructObjectNoCheck(BaseConstructor.java:230)
	at org.yaml.snakeyaml.constructor.BaseConstructor.constructObject(BaseConstructor.java:219)
	at org.springframework.boot.env.OriginTrackedYamlLoader$OriginTrackingConstructor.constructObject(OriginTrackedYamlLoader.java:105)
	at org.yaml.snakeyaml.constructor.BaseConstructor.constructMapping2ndStep(BaseConstructor.java:479)
	at org.yaml.snakeyaml.constructor.SafeConstructor.constructMapping2ndStep(SafeConstructor.java:190)
	at org.yaml.snakeyaml.constructor.BaseConstructor.constructMapping(BaseConstructor.java:460)
	at org.yaml.snakeyaml.constructor.SafeConstructor$ConstructYamlMap.construct(SafeConstructor.java:556)
	at org.yaml.snakeyaml.constructor.BaseConstructor.constructObjectNoCheck(BaseConstructor.java:230)
	at org.yaml.snakeyaml.constructor.BaseConstructor.constructObject(BaseConstructor.java:219)
	at org.springframework.boot.env.OriginTrackedYamlLoader$OriginTrackingConstructor.constructObject(OriginTrackedYamlLoader.java:105)
	at org.yaml.snakeyaml.constructor.BaseConstructor.constructDocument(BaseConstructor.java:173)
	at org.yaml.snakeyaml.constructor.BaseConstructor.getData(BaseConstructor.java:138)
	at org.yaml.snakeyaml.Yaml$1.next(Yaml.java:494)
	at org.springframework.beans.factory.config.YamlProcessor.process(YamlProcessor.java:200)
	at org.springframework.beans.factory.config.YamlProcessor.process(YamlProcessor.java:164)
	at org.springframework.boot.env.OriginTrackedYamlLoader.load(OriginTrackedYamlLoader.java:82)
	at org.springframework.boot.env.YamlPropertySourceLoader.load(YamlPropertySourceLoader.java:50)
	at org.springframework.boot.context.config.ConfigFileApplicationListener$Loader.loadDocuments(ConfigFileApplicationListener.java:632)
	at org.springframework.boot.context.config.ConfigFileApplicationListener$Loader.load(ConfigFileApplicationListener.java:534)
	... 25 common frames omitted
2022-02-11 19:18:43.937 [main] ERROR org.springframework.boot.SpringApplication -
                Application run failed
java.lang.IllegalStateException: Failed to load property source from 'file:/F:/my%20space/nov-edu/server/nov-starter/nov-service/service_order/target/classes/application-dev.yml' (classpath:/application-dev.yml) for profile dev
	at org.springframework.boot.context.config.ConfigFileApplicationListener$Loader.load(ConfigFileApplicationListener.java:564)
	at org.springframework.boot.context.config.ConfigFileApplicationListener$Loader.loadForFileExtension(ConfigFileApplicationListener.java:490)
	at org.springframework.boot.context.config.ConfigFileApplicationListener$Loader.load(ConfigFileApplicationListener.java:471)
	at org.springframework.boot.context.config.ConfigFileApplicationListener$Loader.lambda$null$7(ConfigFileApplicationListener.java:450)
	at java.lang.Iterable.forEach(Iterable.java:75)
	at org.springframework.boot.context.config.ConfigFileApplicationListener$Loader.lambda$load$8(ConfigFileApplicationListener.java:450)
	at java.lang.Iterable.forEach(Iterable.java:75)
	at org.springframework.boot.context.config.ConfigFileApplicationListener$Loader.load(ConfigFileApplicationListener.java:447)
	at org.springframework.boot.context.config.ConfigFileApplicationListener$Loader.lambda$load$0(ConfigFileApplicationListener.java:350)
	at org.springframework.boot.context.config.FilteredPropertySource.apply(FilteredPropertySource.java:54)
	at org.springframework.boot.context.config.ConfigFileApplicationListener$Loader.load(ConfigFileApplicationListener.java:338)
	at org.springframework.boot.context.config.ConfigFileApplicationListener.addPropertySources(ConfigFileApplicationListener.java:229)
	at org.springframework.boot.context.config.ConfigFileApplicationListener.postProcessEnvironment(ConfigFileApplicationListener.java:213)
	at org.springframework.boot.context.config.ConfigFileApplicationListener.onApplicationEnvironmentPreparedEvent(ConfigFileApplicationListener.java:203)
	at org.springframework.boot.context.config.ConfigFileApplicationListener.onApplicationEvent(ConfigFileApplicationListener.java:191)
	at org.springframework.context.event.SimpleApplicationEventMulticaster.doInvokeListener(SimpleApplicationEventMulticaster.java:172)
	at org.springframework.context.event.SimpleApplicationEventMulticaster.invokeListener(SimpleApplicationEventMulticaster.java:165)
	at org.springframework.context.event.SimpleApplicationEventMulticaster.multicastEvent(SimpleApplicationEventMulticaster.java:139)
	at org.springframework.context.event.SimpleApplicationEventMulticaster.multicastEvent(SimpleApplicationEventMulticaster.java:127)
	at org.springframework.boot.context.event.EventPublishingRunListener.environmentPrepared(EventPublishingRunListener.java:80)
	at org.springframework.boot.SpringApplicationRunListeners.environmentPrepared(SpringApplicationRunListeners.java:53)
	at org.springframework.boot.SpringApplication.prepareEnvironment(SpringApplication.java:342)
	at org.springframework.boot.SpringApplication.run(SpringApplication.java:307)
	at org.springframework.boot.SpringApplication.run(SpringApplication.java:1247)
	at org.springframework.boot.SpringApplication.run(SpringApplication.java:1236)
	at com.novedu.nov.order.OrderServiceApplication.main(OrderServiceApplication.java:28)
Caused by: org.yaml.snakeyaml.constructor.DuplicateKeyException: while constructing a mapping
 in 'reader', line 27, column 3:
      config: classpath:logback-spring ... 
      ^
found duplicate key config
 in 'reader', line 28, column 3:
      config: classpath:properties/log ... 
      ^

	at org.yaml.snakeyaml.constructor.SafeConstructor.processDuplicateKeys(SafeConstructor.java:106)
	at org.yaml.snakeyaml.constructor.SafeConstructor.flattenMapping(SafeConstructor.java:76)
	at org.yaml.snakeyaml.constructor.SafeConstructor.constructMapping2ndStep(SafeConstructor.java:189)
	at org.yaml.snakeyaml.constructor.BaseConstructor.constructMapping(BaseConstructor.java:460)
	at org.yaml.snakeyaml.constructor.SafeConstructor$ConstructYamlMap.construct(SafeConstructor.java:556)
	at org.yaml.snakeyaml.constructor.BaseConstructor.constructObjectNoCheck(BaseConstructor.java:230)
	at org.yaml.snakeyaml.constructor.BaseConstructor.constructObject(BaseConstructor.java:219)
	at org.springframework.boot.env.OriginTrackedYamlLoader$OriginTrackingConstructor.constructObject(OriginTrackedYamlLoader.java:105)
	at org.yaml.snakeyaml.constructor.BaseConstructor.constructMapping2ndStep(BaseConstructor.java:479)
	at org.yaml.snakeyaml.constructor.SafeConstructor.constructMapping2ndStep(SafeConstructor.java:190)
	at org.yaml.snakeyaml.constructor.BaseConstructor.constructMapping(BaseConstructor.java:460)
	at org.yaml.snakeyaml.constructor.SafeConstructor$ConstructYamlMap.construct(SafeConstructor.java:556)
	at org.yaml.snakeyaml.constructor.BaseConstructor.constructObjectNoCheck(BaseConstructor.java:230)
	at org.yaml.snakeyaml.constructor.BaseConstructor.constructObject(BaseConstructor.java:219)
	at org.springframework.boot.env.OriginTrackedYamlLoader$OriginTrackingConstructor.constructObject(OriginTrackedYamlLoader.java:105)
	at org.yaml.snakeyaml.constructor.BaseConstructor.constructDocument(BaseConstructor.java:173)
	at org.yaml.snakeyaml.constructor.BaseConstructor.getData(BaseConstructor.java:138)
	at org.yaml.snakeyaml.Yaml$1.next(Yaml.java:494)
	at org.springframework.beans.factory.config.YamlProcessor.process(YamlProcessor.java:200)
	at org.springframework.beans.factory.config.YamlProcessor.process(YamlProcessor.java:164)
	at org.springframework.boot.env.OriginTrackedYamlLoader.load(OriginTrackedYamlLoader.java:82)
	at org.springframework.boot.env.YamlPropertySourceLoader.load(YamlPropertySourceLoader.java:50)
	at org.springframework.boot.context.config.ConfigFileApplicationListener$Loader.loadDocuments(ConfigFileApplicationListener.java:632)
	at org.springframework.boot.context.config.ConfigFileApplicationListener$Loader.load(ConfigFileApplicationListener.java:534)
	... 25 common frames omitted
2022-02-11 19:19:29.002 [http-nio-8086-exec-3] ERROR com.novedu.nov.common.aspect.NovExceptionHandler -
                org.springframework.data.redis.RedisConnectionFailureException: Unable to connect to Redis; nested exception is io.lettuce.core.RedisConnectionException: Unable to connect to 127.0.0.1:6379
	at org.springframework.data.redis.connection.lettuce.LettuceConnectionFactory$ExceptionTranslatingConnectionProvider.translateException(LettuceConnectionFactory.java:1534)
	at org.springframework.data.redis.connection.lettuce.LettuceConnectionFactory$ExceptionTranslatingConnectionProvider.getConnection(LettuceConnectionFactory.java:1442)
	at org.springframework.data.redis.connection.lettuce.LettuceConnectionFactory$SharedConnection.getNativeConnection(LettuceConnectionFactory.java:1228)
	at org.springframework.data.redis.connection.lettuce.LettuceConnectionFactory$SharedConnection.getConnection(LettuceConnectionFactory.java:1211)
	at org.springframework.data.redis.connection.lettuce.LettuceConnectionFactory.getSharedConnection(LettuceConnectionFactory.java:975)
	at org.springframework.data.redis.connection.lettuce.LettuceConnectionFactory.getConnection(LettuceConnectionFactory.java:360)
	at org.springframework.data.redis.core.RedisConnectionUtils.doGetConnection(RedisConnectionUtils.java:134)
	at org.springframework.data.redis.core.RedisConnectionUtils.getConnection(RedisConnectionUtils.java:97)
	at org.springframework.data.redis.core.RedisConnectionUtils.getConnection(RedisConnectionUtils.java:84)
	at org.springframework.data.redis.core.RedisTemplate.execute(RedisTemplate.java:215)
	at org.springframework.data.redis.core.RedisTemplate.execute(RedisTemplate.java:188)
	at org.springframework.data.redis.core.RedisTemplate.hasKey(RedisTemplate.java:773)
	at com.novedu.nov.order.service.impl.TradeOrderServiceImpl.createOrder(TradeOrderServiceImpl.java:55)
	at com.novedu.nov.order.service.impl.TradeOrderServiceImpl$$FastClassBySpringCGLIB$$807696ef.invoke(<generated>)
	at org.springframework.cglib.proxy.MethodProxy.invoke(MethodProxy.java:218)
	at org.springframework.aop.framework.CglibAopProxy$DynamicAdvisedInterceptor.intercept(CglibAopProxy.java:688)
	at com.novedu.nov.order.service.impl.TradeOrderServiceImpl$$EnhancerBySpringCGLIB$$3d13721.createOrder(<generated>)
	at com.novedu.nov.order.controller.TradeOrderController.createOrder(TradeOrderController.java:34)
	at com.novedu.nov.order.controller.TradeOrderController$$FastClassBySpringCGLIB$$de75239f.invoke(<generated>)
	at org.springframework.cglib.proxy.MethodProxy.invoke(MethodProxy.java:218)
	at org.springframework.aop.framework.CglibAopProxy$CglibMethodInvocation.invokeJoinpoint(CglibAopProxy.java:779)
	at org.springframework.aop.framework.ReflectiveMethodInvocation.proceed(ReflectiveMethodInvocation.java:163)
	at org.springframework.aop.framework.CglibAopProxy$CglibMethodInvocation.proceed(CglibAopProxy.java:750)
	at org.springframework.aop.aspectj.MethodInvocationProceedingJoinPoint.proceed(MethodInvocationProceedingJoinPoint.java:88)
	at com.novedu.nov.common.aspect.NovLogHandler.around(NovLogHandler.java:56)
	at sun.reflect.NativeMethodAccessorImpl.invoke0(Native Method)
	at sun.reflect.NativeMethodAccessorImpl.invoke(NativeMethodAccessorImpl.java:62)
	at sun.reflect.DelegatingMethodAccessorImpl.invoke(DelegatingMethodAccessorImpl.java:43)
	at java.lang.reflect.Method.invoke(Method.java:498)
	at org.springframework.aop.aspectj.AbstractAspectJAdvice.invokeAdviceMethodWithGivenArgs(AbstractAspectJAdvice.java:644)
	at org.springframework.aop.aspectj.AbstractAspectJAdvice.invokeAdviceMethod(AbstractAspectJAdvice.java:633)
	at org.springframework.aop.aspectj.AspectJAroundAdvice.invoke(AspectJAroundAdvice.java:70)
	at org.springframework.aop.framework.ReflectiveMethodInvocation.proceed(ReflectiveMethodInvocation.java:186)
	at org.springframework.aop.framework.CglibAopProxy$CglibMethodInvocation.proceed(CglibAopProxy.java:750)
	at org.springframework.aop.interceptor.ExposeInvocationInterceptor.invoke(ExposeInvocationInterceptor.java:95)
	at org.springframework.aop.framework.ReflectiveMethodInvocation.proceed(ReflectiveMethodInvocation.java:186)
	at org.springframework.aop.framework.CglibAopProxy$CglibMethodInvocation.proceed(CglibAopProxy.java:750)
	at org.springframework.aop.framework.CglibAopProxy$DynamicAdvisedInterceptor.intercept(CglibAopProxy.java:692)
	at com.novedu.nov.order.controller.TradeOrderController$$EnhancerBySpringCGLIB$$1f52cabb.createOrder(<generated>)
	at sun.reflect.NativeMethodAccessorImpl.invoke0(Native Method)
	at sun.reflect.NativeMethodAccessorImpl.invoke(NativeMethodAccessorImpl.java:62)
	at sun.reflect.DelegatingMethodAccessorImpl.invoke(DelegatingMethodAccessorImpl.java:43)
	at java.lang.reflect.Method.invoke(Method.java:498)
	at org.springframework.web.method.support.InvocableHandlerMethod.doInvoke(InvocableHandlerMethod.java:190)
	at org.springframework.web.method.support.InvocableHandlerMethod.invokeForRequest(InvocableHandlerMethod.java:138)
	at org.springframework.web.servlet.mvc.method.annotation.ServletInvocableHandlerMethod.invokeAndHandle(ServletInvocableHandlerMethod.java:105)
	at org.springframework.web.servlet.mvc.method.annotation.RequestMappingHandlerAdapter.invokeHandlerMethod(RequestMappingHandlerAdapter.java:878)
	at org.springframework.web.servlet.mvc.method.annotation.RequestMappingHandlerAdapter.handleInternal(RequestMappingHandlerAdapter.java:792)
	at org.springframework.web.servlet.mvc.method.AbstractHandlerMethodAdapter.handle(AbstractHandlerMethodAdapter.java:87)
	at org.springframework.web.servlet.DispatcherServlet.doDispatch(DispatcherServlet.java:1040)
	at org.springframework.web.servlet.DispatcherServlet.doService(DispatcherServlet.java:943)
	at org.springframework.web.servlet.FrameworkServlet.processRequest(FrameworkServlet.java:1006)
	at org.springframework.web.servlet.FrameworkServlet.doPost(FrameworkServlet.java:909)
	at javax.servlet.http.HttpServlet.service(HttpServlet.java:652)
	at org.springframework.web.servlet.FrameworkServlet.service(FrameworkServlet.java:883)
	at javax.servlet.http.HttpServlet.service(HttpServlet.java:733)
	at org.apache.catalina.core.ApplicationFilterChain.internalDoFilter(ApplicationFilterChain.java:227)
	at org.apache.catalina.core.ApplicationFilterChain.doFilter(ApplicationFilterChain.java:162)
	at org.apache.tomcat.websocket.server.WsFilter.doFilter(WsFilter.java:53)
	at org.apache.catalina.core.ApplicationFilterChain.internalDoFilter(ApplicationFilterChain.java:189)
	at org.apache.catalina.core.ApplicationFilterChain.doFilter(ApplicationFilterChain.java:162)
	at org.springframework.web.filter.CorsFilter.doFilterInternal(CorsFilter.java:92)
	at org.springframework.web.filter.OncePerRequestFilter.doFilter(OncePerRequestFilter.java:119)
	at org.apache.catalina.core.ApplicationFilterChain.internalDoFilter(ApplicationFilterChain.java:189)
	at org.apache.catalina.core.ApplicationFilterChain.doFilter(ApplicationFilterChain.java:162)
	at org.springframework.web.filter.RequestContextFilter.doFilterInternal(RequestContextFilter.java:100)
	at org.springframework.web.filter.OncePerRequestFilter.doFilter(OncePerRequestFilter.java:119)
	at org.apache.catalina.core.ApplicationFilterChain.internalDoFilter(ApplicationFilterChain.java:189)
	at org.apache.catalina.core.ApplicationFilterChain.doFilter(ApplicationFilterChain.java:162)
	at org.springframework.web.filter.FormContentFilter.doFilterInternal(FormContentFilter.java:93)
	at org.springframework.web.filter.OncePerRequestFilter.doFilter(OncePerRequestFilter.java:119)
	at org.apache.catalina.core.ApplicationFilterChain.internalDoFilter(ApplicationFilterChain.java:189)
	at org.apache.catalina.core.ApplicationFilterChain.doFilter(ApplicationFilterChain.java:162)
	at org.springframework.web.filter.CharacterEncodingFilter.doFilterInternal(CharacterEncodingFilter.java:201)
	at org.springframework.web.filter.OncePerRequestFilter.doFilter(OncePerRequestFilter.java:119)
	at org.apache.catalina.core.ApplicationFilterChain.internalDoFilter(ApplicationFilterChain.java:189)
	at org.apache.catalina.core.ApplicationFilterChain.doFilter(ApplicationFilterChain.java:162)
	at org.apache.catalina.core.StandardWrapperValve.invoke(StandardWrapperValve.java:202)
	at org.apache.catalina.core.StandardContextValve.invoke(StandardContextValve.java:97)
	at org.apache.catalina.authenticator.AuthenticatorBase.invoke(AuthenticatorBase.java:542)
	at org.apache.catalina.core.StandardHostValve.invoke(StandardHostValve.java:143)
	at org.apache.catalina.valves.ErrorReportValve.invoke(ErrorReportValve.java:92)
	at org.apache.catalina.core.StandardEngineValve.invoke(StandardEngineValve.java:78)
	at org.apache.catalina.connector.CoyoteAdapter.service(CoyoteAdapter.java:357)
	at org.apache.coyote.http11.Http11Processor.service(Http11Processor.java:374)
	at org.apache.coyote.AbstractProcessorLight.process(AbstractProcessorLight.java:65)
	at org.apache.coyote.AbstractProtocol$ConnectionHandler.process(AbstractProtocol.java:893)
	at org.apache.tomcat.util.net.NioEndpoint$SocketProcessor.doRun(NioEndpoint.java:1707)
	at org.apache.tomcat.util.net.SocketProcessorBase.run(SocketProcessorBase.java:49)
	at java.util.concurrent.ThreadPoolExecutor.runWorker(ThreadPoolExecutor.java:1149)
	at java.util.concurrent.ThreadPoolExecutor$Worker.run(ThreadPoolExecutor.java:624)
	at org.apache.tomcat.util.threads.TaskThread$WrappingRunnable.run(TaskThread.java:61)
	at java.lang.Thread.run(Thread.java:748)
Caused by: io.lettuce.core.RedisConnectionException: Unable to connect to 127.0.0.1:6379
	at io.lettuce.core.RedisConnectionException.create(RedisConnectionException.java:78)
	at io.lettuce.core.RedisConnectionException.create(RedisConnectionException.java:56)
	at io.lettuce.core.AbstractRedisClient.getConnection(AbstractRedisClient.java:242)
	at io.lettuce.core.RedisClient.connect(RedisClient.java:206)
	at org.springframework.data.redis.connection.lettuce.StandaloneConnectionProvider.lambda$getConnection$1(StandaloneConnectionProvider.java:115)
	at java.util.Optional.orElseGet(Optional.java:267)
	at org.springframework.data.redis.connection.lettuce.StandaloneConnectionProvider.getConnection(StandaloneConnectionProvider.java:115)
	at org.springframework.data.redis.connection.lettuce.LettuceConnectionFactory$ExceptionTranslatingConnectionProvider.getConnection(LettuceConnectionFactory.java:1440)
	... 91 more
Caused by: io.netty.channel.AbstractChannel$AnnotatedConnectException: Connection refused: no further information: /127.0.0.1:6379
Caused by: java.net.ConnectException: Connection refused: no further information
	at sun.nio.ch.SocketChannelImpl.checkConnect(Native Method)
	at sun.nio.ch.SocketChannelImpl.finishConnect(SocketChannelImpl.java:715)
	at io.netty.channel.socket.nio.NioSocketChannel.doFinishConnect(NioSocketChannel.java:330)
	at io.netty.channel.nio.AbstractNioChannel$AbstractNioUnsafe.finishConnect(AbstractNioChannel.java:334)
	at io.netty.channel.nio.NioEventLoop.processSelectedKey(NioEventLoop.java:707)
	at io.netty.channel.nio.NioEventLoop.processSelectedKeysOptimized(NioEventLoop.java:655)
	at io.netty.channel.nio.NioEventLoop.processSelectedKeys(NioEventLoop.java:581)
	at io.netty.channel.nio.NioEventLoop.run(NioEventLoop.java:493)
	at io.netty.util.concurrent.SingleThreadEventExecutor$4.run(SingleThreadEventExecutor.java:989)
	at io.netty.util.internal.ThreadExecutorMap$2.run(ThreadExecutorMap.java:74)
	at io.netty.util.concurrent.FastThreadLocalRunnable.run(FastThreadLocalRunnable.java:30)
	at java.lang.Thread.run(Thread.java:748)

2022-02-11 19:22:07.737 [http-nio-8086-exec-8] ERROR com.novedu.nov.common.aspect.NovExceptionHandler -
                org.springframework.data.redis.RedisConnectionFailureException: Unable to connect to Redis; nested exception is io.lettuce.core.RedisConnectionException: Unable to connect to 127.0.0.1:6379
	at org.springframework.data.redis.connection.lettuce.LettuceConnectionFactory$ExceptionTranslatingConnectionProvider.translateException(LettuceConnectionFactory.java:1534)
	at org.springframework.data.redis.connection.lettuce.LettuceConnectionFactory$ExceptionTranslatingConnectionProvider.getConnection(LettuceConnectionFactory.java:1442)
	at org.springframework.data.redis.connection.lettuce.LettuceConnectionFactory$SharedConnection.getNativeConnection(LettuceConnectionFactory.java:1228)
	at org.springframework.data.redis.connection.lettuce.LettuceConnectionFactory$SharedConnection.getConnection(LettuceConnectionFactory.java:1211)
	at org.springframework.data.redis.connection.lettuce.LettuceConnectionFactory.getSharedConnection(LettuceConnectionFactory.java:975)
	at org.springframework.data.redis.connection.lettuce.LettuceConnectionFactory.getConnection(LettuceConnectionFactory.java:360)
	at org.springframework.data.redis.core.RedisConnectionUtils.doGetConnection(RedisConnectionUtils.java:134)
	at org.springframework.data.redis.core.RedisConnectionUtils.getConnection(RedisConnectionUtils.java:97)
	at org.springframework.data.redis.core.RedisConnectionUtils.getConnection(RedisConnectionUtils.java:84)
	at org.springframework.data.redis.core.RedisTemplate.execute(RedisTemplate.java:215)
	at org.springframework.data.redis.core.RedisTemplate.execute(RedisTemplate.java:188)
	at org.springframework.data.redis.core.RedisTemplate.hasKey(RedisTemplate.java:773)
	at com.novedu.nov.order.service.impl.TradeOrderServiceImpl.createOrder(TradeOrderServiceImpl.java:55)
	at com.novedu.nov.order.service.impl.TradeOrderServiceImpl$$FastClassBySpringCGLIB$$807696ef.invoke(<generated>)
	at org.springframework.cglib.proxy.MethodProxy.invoke(MethodProxy.java:218)
	at org.springframework.aop.framework.CglibAopProxy$DynamicAdvisedInterceptor.intercept(CglibAopProxy.java:688)
	at com.novedu.nov.order.service.impl.TradeOrderServiceImpl$$EnhancerBySpringCGLIB$$3d13721.createOrder(<generated>)
	at com.novedu.nov.order.controller.TradeOrderController.createOrder(TradeOrderController.java:34)
	at com.novedu.nov.order.controller.TradeOrderController$$FastClassBySpringCGLIB$$de75239f.invoke(<generated>)
	at org.springframework.cglib.proxy.MethodProxy.invoke(MethodProxy.java:218)
	at org.springframework.aop.framework.CglibAopProxy$CglibMethodInvocation.invokeJoinpoint(CglibAopProxy.java:779)
	at org.springframework.aop.framework.ReflectiveMethodInvocation.proceed(ReflectiveMethodInvocation.java:163)
	at org.springframework.aop.framework.CglibAopProxy$CglibMethodInvocation.proceed(CglibAopProxy.java:750)
	at org.springframework.aop.aspectj.MethodInvocationProceedingJoinPoint.proceed(MethodInvocationProceedingJoinPoint.java:88)
	at com.novedu.nov.common.aspect.NovLogHandler.around(NovLogHandler.java:56)
	at sun.reflect.NativeMethodAccessorImpl.invoke0(Native Method)
	at sun.reflect.NativeMethodAccessorImpl.invoke(NativeMethodAccessorImpl.java:62)
	at sun.reflect.DelegatingMethodAccessorImpl.invoke(DelegatingMethodAccessorImpl.java:43)
	at java.lang.reflect.Method.invoke(Method.java:498)
	at org.springframework.aop.aspectj.AbstractAspectJAdvice.invokeAdviceMethodWithGivenArgs(AbstractAspectJAdvice.java:644)
	at org.springframework.aop.aspectj.AbstractAspectJAdvice.invokeAdviceMethod(AbstractAspectJAdvice.java:633)
	at org.springframework.aop.aspectj.AspectJAroundAdvice.invoke(AspectJAroundAdvice.java:70)
	at org.springframework.aop.framework.ReflectiveMethodInvocation.proceed(ReflectiveMethodInvocation.java:186)
	at org.springframework.aop.framework.CglibAopProxy$CglibMethodInvocation.proceed(CglibAopProxy.java:750)
	at org.springframework.aop.interceptor.ExposeInvocationInterceptor.invoke(ExposeInvocationInterceptor.java:95)
	at org.springframework.aop.framework.ReflectiveMethodInvocation.proceed(ReflectiveMethodInvocation.java:186)
	at org.springframework.aop.framework.CglibAopProxy$CglibMethodInvocation.proceed(CglibAopProxy.java:750)
	at org.springframework.aop.framework.CglibAopProxy$DynamicAdvisedInterceptor.intercept(CglibAopProxy.java:692)
	at com.novedu.nov.order.controller.TradeOrderController$$EnhancerBySpringCGLIB$$1f52cabb.createOrder(<generated>)
	at sun.reflect.NativeMethodAccessorImpl.invoke0(Native Method)
	at sun.reflect.NativeMethodAccessorImpl.invoke(NativeMethodAccessorImpl.java:62)
	at sun.reflect.DelegatingMethodAccessorImpl.invoke(DelegatingMethodAccessorImpl.java:43)
	at java.lang.reflect.Method.invoke(Method.java:498)
	at org.springframework.web.method.support.InvocableHandlerMethod.doInvoke(InvocableHandlerMethod.java:190)
	at org.springframework.web.method.support.InvocableHandlerMethod.invokeForRequest(InvocableHandlerMethod.java:138)
	at org.springframework.web.servlet.mvc.method.annotation.ServletInvocableHandlerMethod.invokeAndHandle(ServletInvocableHandlerMethod.java:105)
	at org.springframework.web.servlet.mvc.method.annotation.RequestMappingHandlerAdapter.invokeHandlerMethod(RequestMappingHandlerAdapter.java:878)
	at org.springframework.web.servlet.mvc.method.annotation.RequestMappingHandlerAdapter.handleInternal(RequestMappingHandlerAdapter.java:792)
	at org.springframework.web.servlet.mvc.method.AbstractHandlerMethodAdapter.handle(AbstractHandlerMethodAdapter.java:87)
	at org.springframework.web.servlet.DispatcherServlet.doDispatch(DispatcherServlet.java:1040)
	at org.springframework.web.servlet.DispatcherServlet.doService(DispatcherServlet.java:943)
	at org.springframework.web.servlet.FrameworkServlet.processRequest(FrameworkServlet.java:1006)
	at org.springframework.web.servlet.FrameworkServlet.doPost(FrameworkServlet.java:909)
	at javax.servlet.http.HttpServlet.service(HttpServlet.java:652)
	at org.springframework.web.servlet.FrameworkServlet.service(FrameworkServlet.java:883)
	at javax.servlet.http.HttpServlet.service(HttpServlet.java:733)
	at org.apache.catalina.core.ApplicationFilterChain.internalDoFilter(ApplicationFilterChain.java:227)
	at org.apache.catalina.core.ApplicationFilterChain.doFilter(ApplicationFilterChain.java:162)
	at org.apache.tomcat.websocket.server.WsFilter.doFilter(WsFilter.java:53)
	at org.apache.catalina.core.ApplicationFilterChain.internalDoFilter(ApplicationFilterChain.java:189)
	at org.apache.catalina.core.ApplicationFilterChain.doFilter(ApplicationFilterChain.java:162)
	at org.springframework.web.filter.CorsFilter.doFilterInternal(CorsFilter.java:92)
	at org.springframework.web.filter.OncePerRequestFilter.doFilter(OncePerRequestFilter.java:119)
	at org.apache.catalina.core.ApplicationFilterChain.internalDoFilter(ApplicationFilterChain.java:189)
	at org.apache.catalina.core.ApplicationFilterChain.doFilter(ApplicationFilterChain.java:162)
	at org.springframework.web.filter.RequestContextFilter.doFilterInternal(RequestContextFilter.java:100)
	at org.springframework.web.filter.OncePerRequestFilter.doFilter(OncePerRequestFilter.java:119)
	at org.apache.catalina.core.ApplicationFilterChain.internalDoFilter(ApplicationFilterChain.java:189)
	at org.apache.catalina.core.ApplicationFilterChain.doFilter(ApplicationFilterChain.java:162)
	at org.springframework.web.filter.FormContentFilter.doFilterInternal(FormContentFilter.java:93)
	at org.springframework.web.filter.OncePerRequestFilter.doFilter(OncePerRequestFilter.java:119)
	at org.apache.catalina.core.ApplicationFilterChain.internalDoFilter(ApplicationFilterChain.java:189)
	at org.apache.catalina.core.ApplicationFilterChain.doFilter(ApplicationFilterChain.java:162)
	at org.springframework.web.filter.CharacterEncodingFilter.doFilterInternal(CharacterEncodingFilter.java:201)
	at org.springframework.web.filter.OncePerRequestFilter.doFilter(OncePerRequestFilter.java:119)
	at org.apache.catalina.core.ApplicationFilterChain.internalDoFilter(ApplicationFilterChain.java:189)
	at org.apache.catalina.core.ApplicationFilterChain.doFilter(ApplicationFilterChain.java:162)
	at org.apache.catalina.core.StandardWrapperValve.invoke(StandardWrapperValve.java:202)
	at org.apache.catalina.core.StandardContextValve.invoke(StandardContextValve.java:97)
	at org.apache.catalina.authenticator.AuthenticatorBase.invoke(AuthenticatorBase.java:542)
	at org.apache.catalina.core.StandardHostValve.invoke(StandardHostValve.java:143)
	at org.apache.catalina.valves.ErrorReportValve.invoke(ErrorReportValve.java:92)
	at org.apache.catalina.core.StandardEngineValve.invoke(StandardEngineValve.java:78)
	at org.apache.catalina.connector.CoyoteAdapter.service(CoyoteAdapter.java:357)
	at org.apache.coyote.http11.Http11Processor.service(Http11Processor.java:374)
	at org.apache.coyote.AbstractProcessorLight.process(AbstractProcessorLight.java:65)
	at org.apache.coyote.AbstractProtocol$ConnectionHandler.process(AbstractProtocol.java:893)
	at org.apache.tomcat.util.net.NioEndpoint$SocketProcessor.doRun(NioEndpoint.java:1707)
	at org.apache.tomcat.util.net.SocketProcessorBase.run(SocketProcessorBase.java:49)
	at java.util.concurrent.ThreadPoolExecutor.runWorker(ThreadPoolExecutor.java:1149)
	at java.util.concurrent.ThreadPoolExecutor$Worker.run(ThreadPoolExecutor.java:624)
	at org.apache.tomcat.util.threads.TaskThread$WrappingRunnable.run(TaskThread.java:61)
	at java.lang.Thread.run(Thread.java:748)
Caused by: io.lettuce.core.RedisConnectionException: Unable to connect to 127.0.0.1:6379
	at io.lettuce.core.RedisConnectionException.create(RedisConnectionException.java:78)
	at io.lettuce.core.RedisConnectionException.create(RedisConnectionException.java:56)
	at io.lettuce.core.AbstractRedisClient.getConnection(AbstractRedisClient.java:242)
	at io.lettuce.core.RedisClient.connect(RedisClient.java:206)
	at org.springframework.data.redis.connection.lettuce.StandaloneConnectionProvider.lambda$getConnection$1(StandaloneConnectionProvider.java:115)
	at java.util.Optional.orElseGet(Optional.java:267)
	at org.springframework.data.redis.connection.lettuce.StandaloneConnectionProvider.getConnection(StandaloneConnectionProvider.java:115)
	at org.springframework.data.redis.connection.lettuce.LettuceConnectionFactory$ExceptionTranslatingConnectionProvider.getConnection(LettuceConnectionFactory.java:1440)
	... 91 more
Caused by: io.netty.channel.AbstractChannel$AnnotatedConnectException: Connection refused: no further information: /127.0.0.1:6379
Caused by: java.net.ConnectException: Connection refused: no further information
	at sun.nio.ch.SocketChannelImpl.checkConnect(Native Method)
	at sun.nio.ch.SocketChannelImpl.finishConnect(SocketChannelImpl.java:715)
	at io.netty.channel.socket.nio.NioSocketChannel.doFinishConnect(NioSocketChannel.java:330)
	at io.netty.channel.nio.AbstractNioChannel$AbstractNioUnsafe.finishConnect(AbstractNioChannel.java:334)
	at io.netty.channel.nio.NioEventLoop.processSelectedKey(NioEventLoop.java:707)
	at io.netty.channel.nio.NioEventLoop.processSelectedKeysOptimized(NioEventLoop.java:655)
	at io.netty.channel.nio.NioEventLoop.processSelectedKeys(NioEventLoop.java:581)
	at io.netty.channel.nio.NioEventLoop.run(NioEventLoop.java:493)
	at io.netty.util.concurrent.SingleThreadEventExecutor$4.run(SingleThreadEventExecutor.java:989)
	at io.netty.util.internal.ThreadExecutorMap$2.run(ThreadExecutorMap.java:74)
	at io.netty.util.concurrent.FastThreadLocalRunnable.run(FastThreadLocalRunnable.java:30)
	at java.lang.Thread.run(Thread.java:748)

2022-02-11 19:23:18.337 [http-nio-8086-exec-3] ERROR com.novedu.nov.common.aspect.NovExceptionHandler -
                feign.RetryableException: Read timed out executing POST http://service-ucenter/ucenter/member/info/1486321752123166721
	at feign.FeignException.errorExecuting(FeignException.java:249)
	at feign.SynchronousMethodHandler.executeAndDecode(SynchronousMethodHandler.java:129)
	at feign.SynchronousMethodHandler.invoke(SynchronousMethodHandler.java:89)
	at feign.ReflectiveFeign$FeignInvocationHandler.invoke(ReflectiveFeign.java:100)
	at com.sun.proxy.$Proxy124.getMemberInfo(Unknown Source)
	at com.novedu.nov.order.service.impl.TradeOrderServiceImpl.createOrder(TradeOrderServiceImpl.java:63)
	at com.novedu.nov.order.service.impl.TradeOrderServiceImpl$$FastClassBySpringCGLIB$$807696ef.invoke(<generated>)
	at org.springframework.cglib.proxy.MethodProxy.invoke(MethodProxy.java:218)
	at org.springframework.aop.framework.CglibAopProxy$DynamicAdvisedInterceptor.intercept(CglibAopProxy.java:688)
	at com.novedu.nov.order.service.impl.TradeOrderServiceImpl$$EnhancerBySpringCGLIB$$b2e222a9.createOrder(<generated>)
	at com.novedu.nov.order.controller.TradeOrderController.createOrder(TradeOrderController.java:34)
	at com.novedu.nov.order.controller.TradeOrderController$$FastClassBySpringCGLIB$$de75239f.invoke(<generated>)
	at org.springframework.cglib.proxy.MethodProxy.invoke(MethodProxy.java:218)
	at org.springframework.aop.framework.CglibAopProxy$CglibMethodInvocation.invokeJoinpoint(CglibAopProxy.java:779)
	at org.springframework.aop.framework.ReflectiveMethodInvocation.proceed(ReflectiveMethodInvocation.java:163)
	at org.springframework.aop.framework.CglibAopProxy$CglibMethodInvocation.proceed(CglibAopProxy.java:750)
	at org.springframework.aop.aspectj.MethodInvocationProceedingJoinPoint.proceed(MethodInvocationProceedingJoinPoint.java:88)
	at com.novedu.nov.common.aspect.NovLogHandler.around(NovLogHandler.java:56)
	at sun.reflect.NativeMethodAccessorImpl.invoke0(Native Method)
	at sun.reflect.NativeMethodAccessorImpl.invoke(NativeMethodAccessorImpl.java:62)
	at sun.reflect.DelegatingMethodAccessorImpl.invoke(DelegatingMethodAccessorImpl.java:43)
	at java.lang.reflect.Method.invoke(Method.java:498)
	at org.springframework.aop.aspectj.AbstractAspectJAdvice.invokeAdviceMethodWithGivenArgs(AbstractAspectJAdvice.java:644)
	at org.springframework.aop.aspectj.AbstractAspectJAdvice.invokeAdviceMethod(AbstractAspectJAdvice.java:633)
	at org.springframework.aop.aspectj.AspectJAroundAdvice.invoke(AspectJAroundAdvice.java:70)
	at org.springframework.aop.framework.ReflectiveMethodInvocation.proceed(ReflectiveMethodInvocation.java:186)
	at org.springframework.aop.framework.CglibAopProxy$CglibMethodInvocation.proceed(CglibAopProxy.java:750)
	at org.springframework.aop.interceptor.ExposeInvocationInterceptor.invoke(ExposeInvocationInterceptor.java:95)
	at org.springframework.aop.framework.ReflectiveMethodInvocation.proceed(ReflectiveMethodInvocation.java:186)
	at org.springframework.aop.framework.CglibAopProxy$CglibMethodInvocation.proceed(CglibAopProxy.java:750)
	at org.springframework.aop.framework.CglibAopProxy$DynamicAdvisedInterceptor.intercept(CglibAopProxy.java:692)
	at com.novedu.nov.order.controller.TradeOrderController$$EnhancerBySpringCGLIB$$aa03831e.createOrder(<generated>)
	at sun.reflect.NativeMethodAccessorImpl.invoke0(Native Method)
	at sun.reflect.NativeMethodAccessorImpl.invoke(NativeMethodAccessorImpl.java:62)
	at sun.reflect.DelegatingMethodAccessorImpl.invoke(DelegatingMethodAccessorImpl.java:43)
	at java.lang.reflect.Method.invoke(Method.java:498)
	at org.springframework.web.method.support.InvocableHandlerMethod.doInvoke(InvocableHandlerMethod.java:190)
	at org.springframework.web.method.support.InvocableHandlerMethod.invokeForRequest(InvocableHandlerMethod.java:138)
	at org.springframework.web.servlet.mvc.method.annotation.ServletInvocableHandlerMethod.invokeAndHandle(ServletInvocableHandlerMethod.java:105)
	at org.springframework.web.servlet.mvc.method.annotation.RequestMappingHandlerAdapter.invokeHandlerMethod(RequestMappingHandlerAdapter.java:878)
	at org.springframework.web.servlet.mvc.method.annotation.RequestMappingHandlerAdapter.handleInternal(RequestMappingHandlerAdapter.java:792)
	at org.springframework.web.servlet.mvc.method.AbstractHandlerMethodAdapter.handle(AbstractHandlerMethodAdapter.java:87)
	at org.springframework.web.servlet.DispatcherServlet.doDispatch(DispatcherServlet.java:1040)
	at org.springframework.web.servlet.DispatcherServlet.doService(DispatcherServlet.java:943)
	at org.springframework.web.servlet.FrameworkServlet.processRequest(FrameworkServlet.java:1006)
	at org.springframework.web.servlet.FrameworkServlet.doPost(FrameworkServlet.java:909)
	at javax.servlet.http.HttpServlet.service(HttpServlet.java:652)
	at org.springframework.web.servlet.FrameworkServlet.service(FrameworkServlet.java:883)
	at javax.servlet.http.HttpServlet.service(HttpServlet.java:733)
	at org.apache.catalina.core.ApplicationFilterChain.internalDoFilter(ApplicationFilterChain.java:227)
	at org.apache.catalina.core.ApplicationFilterChain.doFilter(ApplicationFilterChain.java:162)
	at org.apache.tomcat.websocket.server.WsFilter.doFilter(WsFilter.java:53)
	at org.apache.catalina.core.ApplicationFilterChain.internalDoFilter(ApplicationFilterChain.java:189)
	at org.apache.catalina.core.ApplicationFilterChain.doFilter(ApplicationFilterChain.java:162)
	at org.springframework.web.filter.CorsFilter.doFilterInternal(CorsFilter.java:92)
	at org.springframework.web.filter.OncePerRequestFilter.doFilter(OncePerRequestFilter.java:119)
	at org.apache.catalina.core.ApplicationFilterChain.internalDoFilter(ApplicationFilterChain.java:189)
	at org.apache.catalina.core.ApplicationFilterChain.doFilter(ApplicationFilterChain.java:162)
	at org.springframework.web.filter.RequestContextFilter.doFilterInternal(RequestContextFilter.java:100)
	at org.springframework.web.filter.OncePerRequestFilter.doFilter(OncePerRequestFilter.java:119)
	at org.apache.catalina.core.ApplicationFilterChain.internalDoFilter(ApplicationFilterChain.java:189)
	at org.apache.catalina.core.ApplicationFilterChain.doFilter(ApplicationFilterChain.java:162)
	at org.springframework.web.filter.FormContentFilter.doFilterInternal(FormContentFilter.java:93)
	at org.springframework.web.filter.OncePerRequestFilter.doFilter(OncePerRequestFilter.java:119)
	at org.apache.catalina.core.ApplicationFilterChain.internalDoFilter(ApplicationFilterChain.java:189)
	at org.apache.catalina.core.ApplicationFilterChain.doFilter(ApplicationFilterChain.java:162)
	at org.springframework.web.filter.CharacterEncodingFilter.doFilterInternal(CharacterEncodingFilter.java:201)
	at org.springframework.web.filter.OncePerRequestFilter.doFilter(OncePerRequestFilter.java:119)
	at org.apache.catalina.core.ApplicationFilterChain.internalDoFilter(ApplicationFilterChain.java:189)
	at org.apache.catalina.core.ApplicationFilterChain.doFilter(ApplicationFilterChain.java:162)
	at org.apache.catalina.core.StandardWrapperValve.invoke(StandardWrapperValve.java:202)
	at org.apache.catalina.core.StandardContextValve.invoke(StandardContextValve.java:97)
	at org.apache.catalina.authenticator.AuthenticatorBase.invoke(AuthenticatorBase.java:542)
	at org.apache.catalina.core.StandardHostValve.invoke(StandardHostValve.java:143)
	at org.apache.catalina.valves.ErrorReportValve.invoke(ErrorReportValve.java:92)
	at org.apache.catalina.core.StandardEngineValve.invoke(StandardEngineValve.java:78)
	at org.apache.catalina.connector.CoyoteAdapter.service(CoyoteAdapter.java:357)
	at org.apache.coyote.http11.Http11Processor.service(Http11Processor.java:374)
	at org.apache.coyote.AbstractProcessorLight.process(AbstractProcessorLight.java:65)
	at org.apache.coyote.AbstractProtocol$ConnectionHandler.process(AbstractProtocol.java:893)
	at org.apache.tomcat.util.net.NioEndpoint$SocketProcessor.doRun(NioEndpoint.java:1707)
	at org.apache.tomcat.util.net.SocketProcessorBase.run(SocketProcessorBase.java:49)
	at java.util.concurrent.ThreadPoolExecutor.runWorker(ThreadPoolExecutor.java:1149)
	at java.util.concurrent.ThreadPoolExecutor$Worker.run(ThreadPoolExecutor.java:624)
	at org.apache.tomcat.util.threads.TaskThread$WrappingRunnable.run(TaskThread.java:61)
	at java.lang.Thread.run(Thread.java:748)
Caused by: java.net.SocketTimeoutException: Read timed out
	at java.net.SocketInputStream.socketRead0(Native Method)
	at java.net.SocketInputStream.socketRead(SocketInputStream.java:116)
	at java.net.SocketInputStream.read(SocketInputStream.java:171)
	at java.net.SocketInputStream.read(SocketInputStream.java:141)
	at java.io.BufferedInputStream.fill(BufferedInputStream.java:246)
	at java.io.BufferedInputStream.read1(BufferedInputStream.java:286)
	at java.io.BufferedInputStream.read(BufferedInputStream.java:345)
	at sun.net.www.http.HttpClient.parseHTTPHeader(HttpClient.java:735)
	at sun.net.www.http.HttpClient.parseHTTP(HttpClient.java:678)
	at sun.net.www.protocol.http.HttpURLConnection.getInputStream0(HttpURLConnection.java:1593)
	at sun.net.www.protocol.http.HttpURLConnection.getInputStream(HttpURLConnection.java:1498)
	at java.net.HttpURLConnection.getResponseCode(HttpURLConnection.java:480)
	at feign.Client$Default.convertResponse(Client.java:108)
	at feign.Client$Default.execute(Client.java:104)
	at org.springframework.cloud.openfeign.ribbon.FeignLoadBalancer.execute(FeignLoadBalancer.java:98)
	at org.springframework.cloud.openfeign.ribbon.FeignLoadBalancer.execute(FeignLoadBalancer.java:56)
	at com.netflix.client.AbstractLoadBalancerAwareClient$1.call(AbstractLoadBalancerAwareClient.java:104)
	at com.netflix.loadbalancer.reactive.LoadBalancerCommand$3$1.call(LoadBalancerCommand.java:303)
	at com.netflix.loadbalancer.reactive.LoadBalancerCommand$3$1.call(LoadBalancerCommand.java:287)
	at rx.internal.util.ScalarSynchronousObservable$3.call(ScalarSynchronousObservable.java:231)
	at rx.internal.util.ScalarSynchronousObservable$3.call(ScalarSynchronousObservable.java:228)
	at rx.Observable.unsafeSubscribe(Observable.java:10327)
	at rx.internal.operators.OnSubscribeConcatMap$ConcatMapSubscriber.drain(OnSubscribeConcatMap.java:286)
	at rx.internal.operators.OnSubscribeConcatMap$ConcatMapSubscriber.onNext(OnSubscribeConcatMap.java:144)
	at com.netflix.loadbalancer.reactive.LoadBalancerCommand$1.call(LoadBalancerCommand.java:185)
	at com.netflix.loadbalancer.reactive.LoadBalancerCommand$1.call(LoadBalancerCommand.java:180)
	at rx.Observable.unsafeSubscribe(Observable.java:10327)
	at rx.internal.operators.OnSubscribeConcatMap.call(OnSubscribeConcatMap.java:94)
	at rx.internal.operators.OnSubscribeConcatMap.call(OnSubscribeConcatMap.java:42)
	at rx.Observable.unsafeSubscribe(Observable.java:10327)
	at rx.internal.operators.OperatorRetryWithPredicate$SourceSubscriber$1.call(OperatorRetryWithPredicate.java:127)
	at rx.internal.schedulers.TrampolineScheduler$InnerCurrentThreadScheduler.enqueue(TrampolineScheduler.java:73)
	at rx.internal.schedulers.TrampolineScheduler$InnerCurrentThreadScheduler.schedule(TrampolineScheduler.java:52)
	at rx.internal.operators.OperatorRetryWithPredicate$SourceSubscriber.onNext(OperatorRetryWithPredicate.java:79)
	at rx.internal.operators.OperatorRetryWithPredicate$SourceSubscriber.onNext(OperatorRetryWithPredicate.java:45)
	at rx.internal.util.ScalarSynchronousObservable$WeakSingleProducer.request(ScalarSynchronousObservable.java:276)
	at rx.Subscriber.setProducer(Subscriber.java:209)
	at rx.internal.util.ScalarSynchronousObservable$JustOnSubscribe.call(ScalarSynchronousObservable.java:138)
	at rx.internal.util.ScalarSynchronousObservable$JustOnSubscribe.call(ScalarSynchronousObservable.java:129)
	at rx.internal.operators.OnSubscribeLift.call(OnSubscribeLift.java:48)
	at rx.internal.operators.OnSubscribeLift.call(OnSubscribeLift.java:30)
	at rx.internal.operators.OnSubscribeLift.call(OnSubscribeLift.java:48)
	at rx.internal.operators.OnSubscribeLift.call(OnSubscribeLift.java:30)
	at rx.internal.operators.OnSubscribeLift.call(OnSubscribeLift.java:48)
	at rx.internal.operators.OnSubscribeLift.call(OnSubscribeLift.java:30)
	at rx.Observable.subscribe(Observable.java:10423)
	at rx.Observable.subscribe(Observable.java:10390)
	at rx.observables.BlockingObservable.blockForSingle(BlockingObservable.java:443)
	at rx.observables.BlockingObservable.single(BlockingObservable.java:340)
	at com.netflix.client.AbstractLoadBalancerAwareClient.executeWithLoadBalancer(AbstractLoadBalancerAwareClient.java:112)
	at org.springframework.cloud.openfeign.ribbon.LoadBalancerFeignClient.execute(LoadBalancerFeignClient.java:84)
	at feign.SynchronousMethodHandler.executeAndDecode(SynchronousMethodHandler.java:119)
	... 84 more

2022-02-11 19:23:47.392 [http-nio-8085-exec-2] ERROR com.novedu.nov.common.aspect.NovExceptionHandler -
                org.mybatis.spring.MyBatisSystemException: nested exception is org.apache.ibatis.exceptions.PersistenceException: 
### Error querying database.  Cause: org.springframework.jdbc.CannotGetJdbcConnectionException: Failed to obtain JDBC Connection; nested exception is java.sql.SQLTransientConnectionException: HikariPool-1 - Connection is not available, request timed out after 30058ms.
### The error may exist in com/novedu/nov/ucenter/mapper/UcenterMemberMapper.java (best guess)
### The error may involve com.novedu.nov.ucenter.mapper.UcenterMemberMapper.selectById
### The error occurred while executing a query
### Cause: org.springframework.jdbc.CannotGetJdbcConnectionException: Failed to obtain JDBC Connection; nested exception is java.sql.SQLTransientConnectionException: HikariPool-1 - Connection is not available, request timed out after 30058ms.
	at org.mybatis.spring.MyBatisExceptionTranslator.translateExceptionIfPossible(MyBatisExceptionTranslator.java:92)
	at org.mybatis.spring.SqlSessionTemplate$SqlSessionInterceptor.invoke(SqlSessionTemplate.java:440)
	at com.sun.proxy.$Proxy98.selectOne(Unknown Source)
	at org.mybatis.spring.SqlSessionTemplate.selectOne(SqlSessionTemplate.java:159)
	at com.baomidou.mybatisplus.core.override.MybatisMapperMethod.execute(MybatisMapperMethod.java:90)
	at com.baomidou.mybatisplus.core.override.MybatisMapperProxy$PlainMethodInvoker.invoke(MybatisMapperProxy.java:148)
	at com.baomidou.mybatisplus.core.override.MybatisMapperProxy.invoke(MybatisMapperProxy.java:89)
	at com.sun.proxy.$Proxy105.selectById(Unknown Source)
	at com.baomidou.mybatisplus.extension.service.IService.getById(IService.java:201)
	at com.novedu.nov.ucenter.service.impl.UcenterMemberServiceImpl.getMemberInfo(UcenterMemberServiceImpl.java:61)
	at com.novedu.nov.ucenter.service.impl.UcenterMemberServiceImpl$$FastClassBySpringCGLIB$$29ead0e9.invoke(<generated>)
	at org.springframework.cglib.proxy.MethodProxy.invoke(MethodProxy.java:218)
	at org.springframework.aop.framework.CglibAopProxy$DynamicAdvisedInterceptor.intercept(CglibAopProxy.java:688)
	at com.novedu.nov.ucenter.service.impl.UcenterMemberServiceImpl$$EnhancerBySpringCGLIB$$e6629e49.getMemberInfo(<generated>)
	at com.novedu.nov.ucenter.controller.UcenterMemberController.getMemberInfo(UcenterMemberController.java:43)
	at com.novedu.nov.ucenter.controller.UcenterMemberController$$FastClassBySpringCGLIB$$b7db36cb.invoke(<generated>)
	at org.springframework.cglib.proxy.MethodProxy.invoke(MethodProxy.java:218)
	at org.springframework.aop.framework.CglibAopProxy$CglibMethodInvocation.invokeJoinpoint(CglibAopProxy.java:779)
	at org.springframework.aop.framework.ReflectiveMethodInvocation.proceed(ReflectiveMethodInvocation.java:163)
	at org.springframework.aop.framework.CglibAopProxy$CglibMethodInvocation.proceed(CglibAopProxy.java:750)
	at org.springframework.aop.aspectj.MethodInvocationProceedingJoinPoint.proceed(MethodInvocationProceedingJoinPoint.java:88)
	at com.novedu.nov.common.aspect.NovLogHandler.around(NovLogHandler.java:56)
	at sun.reflect.NativeMethodAccessorImpl.invoke0(Native Method)
	at sun.reflect.NativeMethodAccessorImpl.invoke(NativeMethodAccessorImpl.java:62)
	at sun.reflect.DelegatingMethodAccessorImpl.invoke(DelegatingMethodAccessorImpl.java:43)
	at java.lang.reflect.Method.invoke(Method.java:498)
	at org.springframework.aop.aspectj.AbstractAspectJAdvice.invokeAdviceMethodWithGivenArgs(AbstractAspectJAdvice.java:644)
	at org.springframework.aop.aspectj.AbstractAspectJAdvice.invokeAdviceMethod(AbstractAspectJAdvice.java:633)
	at org.springframework.aop.aspectj.AspectJAroundAdvice.invoke(AspectJAroundAdvice.java:70)
	at org.springframework.aop.framework.ReflectiveMethodInvocation.proceed(ReflectiveMethodInvocation.java:186)
	at org.springframework.aop.framework.CglibAopProxy$CglibMethodInvocation.proceed(CglibAopProxy.java:750)
	at org.springframework.aop.interceptor.ExposeInvocationInterceptor.invoke(ExposeInvocationInterceptor.java:95)
	at org.springframework.aop.framework.ReflectiveMethodInvocation.proceed(ReflectiveMethodInvocation.java:186)
	at org.springframework.aop.framework.CglibAopProxy$CglibMethodInvocation.proceed(CglibAopProxy.java:750)
	at org.springframework.aop.framework.CglibAopProxy$DynamicAdvisedInterceptor.intercept(CglibAopProxy.java:692)
	at com.novedu.nov.ucenter.controller.UcenterMemberController$$EnhancerBySpringCGLIB$$73b6510.getMemberInfo(<generated>)
	at sun.reflect.NativeMethodAccessorImpl.invoke0(Native Method)
	at sun.reflect.NativeMethodAccessorImpl.invoke(NativeMethodAccessorImpl.java:62)
	at sun.reflect.DelegatingMethodAccessorImpl.invoke(DelegatingMethodAccessorImpl.java:43)
	at java.lang.reflect.Method.invoke(Method.java:498)
	at org.springframework.web.method.support.InvocableHandlerMethod.doInvoke(InvocableHandlerMethod.java:190)
	at org.springframework.web.method.support.InvocableHandlerMethod.invokeForRequest(InvocableHandlerMethod.java:138)
	at org.springframework.web.servlet.mvc.method.annotation.ServletInvocableHandlerMethod.invokeAndHandle(ServletInvocableHandlerMethod.java:105)
	at org.springframework.web.servlet.mvc.method.annotation.RequestMappingHandlerAdapter.invokeHandlerMethod(RequestMappingHandlerAdapter.java:878)
	at org.springframework.web.servlet.mvc.method.annotation.RequestMappingHandlerAdapter.handleInternal(RequestMappingHandlerAdapter.java:792)
	at org.springframework.web.servlet.mvc.method.AbstractHandlerMethodAdapter.handle(AbstractHandlerMethodAdapter.java:87)
	at org.springframework.web.servlet.DispatcherServlet.doDispatch(DispatcherServlet.java:1040)
	at org.springframework.web.servlet.DispatcherServlet.doService(DispatcherServlet.java:943)
	at org.springframework.web.servlet.FrameworkServlet.processRequest(FrameworkServlet.java:1006)
	at org.springframework.web.servlet.FrameworkServlet.doPost(FrameworkServlet.java:909)
	at javax.servlet.http.HttpServlet.service(HttpServlet.java:652)
	at org.springframework.web.servlet.FrameworkServlet.service(FrameworkServlet.java:883)
	at javax.servlet.http.HttpServlet.service(HttpServlet.java:733)
	at org.apache.catalina.core.ApplicationFilterChain.internalDoFilter(ApplicationFilterChain.java:227)
	at org.apache.catalina.core.ApplicationFilterChain.doFilter(ApplicationFilterChain.java:162)
	at org.apache.tomcat.websocket.server.WsFilter.doFilter(WsFilter.java:53)
	at org.apache.catalina.core.ApplicationFilterChain.internalDoFilter(ApplicationFilterChain.java:189)
	at org.apache.catalina.core.ApplicationFilterChain.doFilter(ApplicationFilterChain.java:162)
	at org.springframework.web.filter.CorsFilter.doFilterInternal(CorsFilter.java:92)
	at org.springframework.web.filter.OncePerRequestFilter.doFilter(OncePerRequestFilter.java:119)
	at org.apache.catalina.core.ApplicationFilterChain.internalDoFilter(ApplicationFilterChain.java:189)
	at org.apache.catalina.core.ApplicationFilterChain.doFilter(ApplicationFilterChain.java:162)
	at org.springframework.web.filter.RequestContextFilter.doFilterInternal(RequestContextFilter.java:100)
	at org.springframework.web.filter.OncePerRequestFilter.doFilter(OncePerRequestFilter.java:119)
	at org.apache.catalina.core.ApplicationFilterChain.internalDoFilter(ApplicationFilterChain.java:189)
	at org.apache.catalina.core.ApplicationFilterChain.doFilter(ApplicationFilterChain.java:162)
	at org.springframework.web.filter.FormContentFilter.doFilterInternal(FormContentFilter.java:93)
	at org.springframework.web.filter.OncePerRequestFilter.doFilter(OncePerRequestFilter.java:119)
	at org.apache.catalina.core.ApplicationFilterChain.internalDoFilter(ApplicationFilterChain.java:189)
	at org.apache.catalina.core.ApplicationFilterChain.doFilter(ApplicationFilterChain.java:162)
	at org.springframework.web.filter.CharacterEncodingFilter.doFilterInternal(CharacterEncodingFilter.java:201)
	at org.springframework.web.filter.OncePerRequestFilter.doFilter(OncePerRequestFilter.java:119)
	at org.apache.catalina.core.ApplicationFilterChain.internalDoFilter(ApplicationFilterChain.java:189)
	at org.apache.catalina.core.ApplicationFilterChain.doFilter(ApplicationFilterChain.java:162)
	at org.apache.catalina.core.StandardWrapperValve.invoke(StandardWrapperValve.java:202)
	at org.apache.catalina.core.StandardContextValve.invoke(StandardContextValve.java:97)
	at org.apache.catalina.authenticator.AuthenticatorBase.invoke(AuthenticatorBase.java:542)
	at org.apache.catalina.core.StandardHostValve.invoke(StandardHostValve.java:143)
	at org.apache.catalina.valves.ErrorReportValve.invoke(ErrorReportValve.java:92)
	at org.apache.catalina.core.StandardEngineValve.invoke(StandardEngineValve.java:78)
	at org.apache.catalina.connector.CoyoteAdapter.service(CoyoteAdapter.java:357)
	at org.apache.coyote.http11.Http11Processor.service(Http11Processor.java:374)
	at org.apache.coyote.AbstractProcessorLight.process(AbstractProcessorLight.java:65)
	at org.apache.coyote.AbstractProtocol$ConnectionHandler.process(AbstractProtocol.java:893)
	at org.apache.tomcat.util.net.NioEndpoint$SocketProcessor.doRun(NioEndpoint.java:1707)
	at org.apache.tomcat.util.net.SocketProcessorBase.run(SocketProcessorBase.java:49)
	at java.util.concurrent.ThreadPoolExecutor.runWorker(ThreadPoolExecutor.java:1149)
	at java.util.concurrent.ThreadPoolExecutor$Worker.run(ThreadPoolExecutor.java:624)
	at org.apache.tomcat.util.threads.TaskThread$WrappingRunnable.run(TaskThread.java:61)
	at java.lang.Thread.run(Thread.java:748)
Caused by: org.apache.ibatis.exceptions.PersistenceException: 
### Error querying database.  Cause: org.springframework.jdbc.CannotGetJdbcConnectionException: Failed to obtain JDBC Connection; nested exception is java.sql.SQLTransientConnectionException: HikariPool-1 - Connection is not available, request timed out after 30058ms.
### The error may exist in com/novedu/nov/ucenter/mapper/UcenterMemberMapper.java (best guess)
### The error may involve com.novedu.nov.ucenter.mapper.UcenterMemberMapper.selectById
### The error occurred while executing a query
### Cause: org.springframework.jdbc.CannotGetJdbcConnectionException: Failed to obtain JDBC Connection; nested exception is java.sql.SQLTransientConnectionException: HikariPool-1 - Connection is not available, request timed out after 30058ms.
	at org.apache.ibatis.exceptions.ExceptionFactory.wrapException(ExceptionFactory.java:30)
	at org.apache.ibatis.session.defaults.DefaultSqlSession.selectList(DefaultSqlSession.java:149)
	at org.apache.ibatis.session.defaults.DefaultSqlSession.selectList(DefaultSqlSession.java:140)
	at org.apache.ibatis.session.defaults.DefaultSqlSession.selectOne(DefaultSqlSession.java:76)
	at sun.reflect.NativeMethodAccessorImpl.invoke0(Native Method)
	at sun.reflect.NativeMethodAccessorImpl.invoke(NativeMethodAccessorImpl.java:62)
	at sun.reflect.DelegatingMethodAccessorImpl.invoke(DelegatingMethodAccessorImpl.java:43)
	at java.lang.reflect.Method.invoke(Method.java:498)
	at org.mybatis.spring.SqlSessionTemplate$SqlSessionInterceptor.invoke(SqlSessionTemplate.java:426)
	... 88 more
Caused by: org.springframework.jdbc.CannotGetJdbcConnectionException: Failed to obtain JDBC Connection; nested exception is java.sql.SQLTransientConnectionException: HikariPool-1 - Connection is not available, request timed out after 30058ms.
	at org.springframework.jdbc.datasource.DataSourceUtils.getConnection(DataSourceUtils.java:82)
	at org.mybatis.spring.transaction.SpringManagedTransaction.openConnection(SpringManagedTransaction.java:80)
	at org.mybatis.spring.transaction.SpringManagedTransaction.getConnection(SpringManagedTransaction.java:67)
	at org.apache.ibatis.executor.BaseExecutor.getConnection(BaseExecutor.java:337)
	at com.baomidou.mybatisplus.core.executor.MybatisSimpleExecutor.prepareStatement(MybatisSimpleExecutor.java:93)
	at com.baomidou.mybatisplus.core.executor.MybatisSimpleExecutor.doQuery(MybatisSimpleExecutor.java:68)
	at org.apache.ibatis.executor.BaseExecutor.queryFromDatabase(BaseExecutor.java:325)
	at org.apache.ibatis.executor.BaseExecutor.query(BaseExecutor.java:156)
	at com.baomidou.mybatisplus.core.executor.MybatisCachingExecutor.query(MybatisCachingExecutor.java:165)
	at com.baomidou.mybatisplus.extension.plugins.MybatisPlusInterceptor.intercept(MybatisPlusInterceptor.java:65)
	at org.apache.ibatis.plugin.Plugin.invoke(Plugin.java:61)
	at com.sun.proxy.$Proxy111.query(Unknown Source)
	at org.apache.ibatis.session.defaults.DefaultSqlSession.selectList(DefaultSqlSession.java:147)
	... 95 more
Caused by: java.sql.SQLTransientConnectionException: HikariPool-1 - Connection is not available, request timed out after 30058ms.
	at com.zaxxer.hikari.pool.HikariPool.createTimeoutException(HikariPool.java:695)
	at com.zaxxer.hikari.pool.HikariPool.getConnection(HikariPool.java:197)
	at com.zaxxer.hikari.pool.HikariPool.getConnection(HikariPool.java:162)
	at com.zaxxer.hikari.HikariDataSource.getConnection(HikariDataSource.java:128)
	at org.springframework.jdbc.datasource.DataSourceUtils.fetchConnection(DataSourceUtils.java:158)
	at org.springframework.jdbc.datasource.DataSourceUtils.doGetConnection(DataSourceUtils.java:116)
	at org.springframework.jdbc.datasource.DataSourceUtils.getConnection(DataSourceUtils.java:79)
	... 107 more
Caused by: java.sql.SQLNonTransientConnectionException: No operations allowed after connection closed.
	at com.mysql.cj.jdbc.exceptions.SQLError.createSQLException(SQLError.java:110)
	at com.mysql.cj.jdbc.exceptions.SQLError.createSQLException(SQLError.java:97)
	at com.mysql.cj.jdbc.exceptions.SQLError.createSQLException(SQLError.java:89)
	at com.mysql.cj.jdbc.exceptions.SQLError.createSQLException(SQLError.java:63)
	at com.mysql.cj.jdbc.exceptions.SQLError.createSQLException(SQLError.java:73)
	at com.mysql.cj.jdbc.exceptions.SQLExceptionsMapping.translateException(SQLExceptionsMapping.java:73)
	at com.mysql.cj.jdbc.ConnectionImpl.setNetworkTimeout(ConnectionImpl.java:2480)
	at com.zaxxer.hikari.pool.PoolBase.setNetworkTimeout(PoolBase.java:560)
	at com.zaxxer.hikari.pool.PoolBase.isConnectionAlive(PoolBase.java:173)
	at com.zaxxer.hikari.pool.HikariPool.getConnection(HikariPool.java:186)
	... 112 more
Caused by: com.mysql.cj.exceptions.ConnectionIsClosedException: No operations allowed after connection closed.
	at sun.reflect.NativeConstructorAccessorImpl.newInstance0(Native Method)
	at sun.reflect.NativeConstructorAccessorImpl.newInstance(NativeConstructorAccessorImpl.java:62)
	at sun.reflect.DelegatingConstructorAccessorImpl.newInstance(DelegatingConstructorAccessorImpl.java:45)
	at java.lang.reflect.Constructor.newInstance(Constructor.java:423)
	at com.mysql.cj.exceptions.ExceptionFactory.createException(ExceptionFactory.java:61)
	at com.mysql.cj.exceptions.ExceptionFactory.createException(ExceptionFactory.java:105)
	at com.mysql.cj.exceptions.ExceptionFactory.createException(ExceptionFactory.java:151)
	at com.mysql.cj.NativeSession.checkClosed(NativeSession.java:762)
	at com.mysql.cj.jdbc.ConnectionImpl.checkClosed(ConnectionImpl.java:568)
	at com.mysql.cj.jdbc.ConnectionImpl.setNetworkTimeout(ConnectionImpl.java:2476)
	... 115 more

2022-02-11 19:27:07.226 [http-nio-8085-exec-1] ERROR com.novedu.nov.common.aspect.NovExceptionHandler -
                <<手机号码格式不正确>>
2022-02-11 20:07:04.091 [task-249] ERROR org.springframework.aop.interceptor.SimpleAsyncUncaughtExceptionHandler -
                Unexpected exception occurred invoking async method: public void com.novedu.nov.statistics.task.MultiThreadScheduleTask.asyncCourseViewCount()
feign.RetryableException: Connection refused: connect executing GET http://service-edu/edu/course/statistics/course/playCount
	at feign.FeignException.errorExecuting(FeignException.java:249)
	at feign.SynchronousMethodHandler.executeAndDecode(SynchronousMethodHandler.java:129)
	at feign.SynchronousMethodHandler.invoke(SynchronousMethodHandler.java:89)
	at feign.ReflectiveFeign$FeignInvocationHandler.invoke(ReflectiveFeign.java:100)
	at com.sun.proxy.$Proxy120.statisticsCoursePlayCount(Unknown Source)
	at com.novedu.nov.statistics.task.MultiThreadScheduleTask.asyncCourseViewCount(MultiThreadScheduleTask.java:33)
	at com.novedu.nov.statistics.task.MultiThreadScheduleTask$$FastClassBySpringCGLIB$$a711be28.invoke(<generated>)
	at org.springframework.cglib.proxy.MethodProxy.invoke(MethodProxy.java:218)
	at org.springframework.aop.framework.CglibAopProxy$CglibMethodInvocation.invokeJoinpoint(CglibAopProxy.java:779)
	at org.springframework.aop.framework.ReflectiveMethodInvocation.proceed(ReflectiveMethodInvocation.java:163)
	at org.springframework.aop.framework.CglibAopProxy$CglibMethodInvocation.proceed(CglibAopProxy.java:750)
	at org.springframework.aop.interceptor.AsyncExecutionInterceptor.lambda$invoke$0(AsyncExecutionInterceptor.java:115)
	at java.util.concurrent.FutureTask.run$$$capture(FutureTask.java:266)
	at java.util.concurrent.FutureTask.run(FutureTask.java)
	at java.util.concurrent.ThreadPoolExecutor.runWorker(ThreadPoolExecutor.java:1149)
	at java.util.concurrent.ThreadPoolExecutor$Worker.run(ThreadPoolExecutor.java:624)
	at java.lang.Thread.run(Thread.java:748)
Caused by: java.net.ConnectException: Connection refused: connect
	at java.net.DualStackPlainSocketImpl.waitForConnect(Native Method)
	at java.net.DualStackPlainSocketImpl.socketConnect(DualStackPlainSocketImpl.java:81)
	at java.net.AbstractPlainSocketImpl.doConnect(AbstractPlainSocketImpl.java:476)
	at java.net.AbstractPlainSocketImpl.connectToAddress(AbstractPlainSocketImpl.java:218)
	at java.net.AbstractPlainSocketImpl.connect(AbstractPlainSocketImpl.java:200)
	at java.net.PlainSocketImpl.connect(PlainSocketImpl.java:162)
	at java.net.SocksSocketImpl.connect(SocksSocketImpl.java:394)
	at java.net.Socket.connect(Socket.java:606)
	at sun.net.NetworkClient.doConnect(NetworkClient.java:175)
	at sun.net.www.http.HttpClient.openServer(HttpClient.java:463)
	at sun.net.www.http.HttpClient.openServer(HttpClient.java:558)
	at sun.net.www.http.HttpClient.<init>(HttpClient.java:242)
	at sun.net.www.http.HttpClient.New(HttpClient.java:339)
	at sun.net.www.http.HttpClient.New(HttpClient.java:357)
	at sun.net.www.protocol.http.HttpURLConnection.getNewHttpClient(HttpURLConnection.java:1226)
	at sun.net.www.protocol.http.HttpURLConnection.plainConnect0(HttpURLConnection.java:1162)
	at sun.net.www.protocol.http.HttpURLConnection.plainConnect(HttpURLConnection.java:1056)
	at sun.net.www.protocol.http.HttpURLConnection.connect(HttpURLConnection.java:990)
	at sun.net.www.protocol.http.HttpURLConnection.getInputStream0(HttpURLConnection.java:1570)
	at sun.net.www.protocol.http.HttpURLConnection.getInputStream(HttpURLConnection.java:1498)
	at java.net.HttpURLConnection.getResponseCode(HttpURLConnection.java:480)
	at feign.Client$Default.convertResponse(Client.java:108)
	at feign.Client$Default.execute(Client.java:104)
	at org.springframework.cloud.openfeign.ribbon.FeignLoadBalancer.execute(FeignLoadBalancer.java:98)
	at org.springframework.cloud.openfeign.ribbon.FeignLoadBalancer.execute(FeignLoadBalancer.java:56)
	at com.netflix.client.AbstractLoadBalancerAwareClient$1.call(AbstractLoadBalancerAwareClient.java:104)
	at com.netflix.loadbalancer.reactive.LoadBalancerCommand$3$1.call(LoadBalancerCommand.java:303)
	at com.netflix.loadbalancer.reactive.LoadBalancerCommand$3$1.call(LoadBalancerCommand.java:287)
	at rx.internal.util.ScalarSynchronousObservable$3.call(ScalarSynchronousObservable.java:231)
	at rx.internal.util.ScalarSynchronousObservable$3.call(ScalarSynchronousObservable.java:228)
	at rx.Observable.unsafeSubscribe(Observable.java:10327)
	at rx.internal.operators.OnSubscribeConcatMap$ConcatMapSubscriber.drain(OnSubscribeConcatMap.java:286)
	at rx.internal.operators.OnSubscribeConcatMap$ConcatMapSubscriber.onNext(OnSubscribeConcatMap.java:144)
	at com.netflix.loadbalancer.reactive.LoadBalancerCommand$1.call(LoadBalancerCommand.java:185)
	at com.netflix.loadbalancer.reactive.LoadBalancerCommand$1.call(LoadBalancerCommand.java:180)
	at rx.Observable.unsafeSubscribe(Observable.java:10327)
	at rx.internal.operators.OnSubscribeConcatMap.call(OnSubscribeConcatMap.java:94)
	at rx.internal.operators.OnSubscribeConcatMap.call(OnSubscribeConcatMap.java:42)
	at rx.Observable.unsafeSubscribe(Observable.java:10327)
	at rx.internal.operators.OperatorRetryWithPredicate$SourceSubscriber$1.call(OperatorRetryWithPredicate.java:127)
	at rx.internal.schedulers.TrampolineScheduler$InnerCurrentThreadScheduler.enqueue(TrampolineScheduler.java:73)
	at rx.internal.schedulers.TrampolineScheduler$InnerCurrentThreadScheduler.schedule(TrampolineScheduler.java:52)
	at rx.internal.operators.OperatorRetryWithPredicate$SourceSubscriber.onNext(OperatorRetryWithPredicate.java:79)
	at rx.internal.operators.OperatorRetryWithPredicate$SourceSubscriber.onNext(OperatorRetryWithPredicate.java:45)
	at rx.internal.util.ScalarSynchronousObservable$WeakSingleProducer.request(ScalarSynchronousObservable.java:276)
	at rx.Subscriber.setProducer(Subscriber.java:209)
	at rx.internal.util.ScalarSynchronousObservable$JustOnSubscribe.call(ScalarSynchronousObservable.java:138)
	at rx.internal.util.ScalarSynchronousObservable$JustOnSubscribe.call(ScalarSynchronousObservable.java:129)
	at rx.internal.operators.OnSubscribeLift.call(OnSubscribeLift.java:48)
	at rx.internal.operators.OnSubscribeLift.call(OnSubscribeLift.java:30)
	at rx.internal.operators.OnSubscribeLift.call(OnSubscribeLift.java:48)
	at rx.internal.operators.OnSubscribeLift.call(OnSubscribeLift.java:30)
	at rx.internal.operators.OnSubscribeLift.call(OnSubscribeLift.java:48)
	at rx.internal.operators.OnSubscribeLift.call(OnSubscribeLift.java:30)
	at rx.Observable.subscribe(Observable.java:10423)
	at rx.Observable.subscribe(Observable.java:10390)
	at rx.observables.BlockingObservable.blockForSingle(BlockingObservable.java:443)
	at rx.observables.BlockingObservable.single(BlockingObservable.java:340)
	at com.netflix.client.AbstractLoadBalancerAwareClient.executeWithLoadBalancer(AbstractLoadBalancerAwareClient.java:112)
	at org.springframework.cloud.openfeign.ribbon.LoadBalancerFeignClient.execute(LoadBalancerFeignClient.java:84)
	at feign.SynchronousMethodHandler.executeAndDecode(SynchronousMethodHandler.java:119)
	... 15 common frames omitted
2022-02-11 20:07:04.091 [task-242] ERROR org.springframework.aop.interceptor.SimpleAsyncUncaughtExceptionHandler -
                Unexpected exception occurred invoking async method: public void com.novedu.nov.statistics.task.MultiThreadScheduleTask.statisticsCourseApplyCount()
feign.RetryableException: Connection refused: connect executing GET http://service-edu/edu/course/statistics/course/applyCount
	at feign.FeignException.errorExecuting(FeignException.java:249)
	at feign.SynchronousMethodHandler.executeAndDecode(SynchronousMethodHandler.java:129)
	at feign.SynchronousMethodHandler.invoke(SynchronousMethodHandler.java:89)
	at feign.ReflectiveFeign$FeignInvocationHandler.invoke(ReflectiveFeign.java:100)
	at com.sun.proxy.$Proxy120.statisticsCourseApplyCount(Unknown Source)
	at com.novedu.nov.statistics.task.MultiThreadScheduleTask.statisticsCourseApplyCount(MultiThreadScheduleTask.java:41)
	at com.novedu.nov.statistics.task.MultiThreadScheduleTask$$FastClassBySpringCGLIB$$a711be28.invoke(<generated>)
	at org.springframework.cglib.proxy.MethodProxy.invoke(MethodProxy.java:218)
	at org.springframework.aop.framework.CglibAopProxy$CglibMethodInvocation.invokeJoinpoint(CglibAopProxy.java:779)
	at org.springframework.aop.framework.ReflectiveMethodInvocation.proceed(ReflectiveMethodInvocation.java:163)
	at org.springframework.aop.framework.CglibAopProxy$CglibMethodInvocation.proceed(CglibAopProxy.java:750)
	at org.springframework.aop.interceptor.AsyncExecutionInterceptor.lambda$invoke$0(AsyncExecutionInterceptor.java:115)
	at java.util.concurrent.FutureTask.run$$$capture(FutureTask.java:266)
	at java.util.concurrent.FutureTask.run(FutureTask.java)
	at java.util.concurrent.ThreadPoolExecutor.runWorker(ThreadPoolExecutor.java:1149)
	at java.util.concurrent.ThreadPoolExecutor$Worker.run(ThreadPoolExecutor.java:624)
	at java.lang.Thread.run(Thread.java:748)
Caused by: java.net.ConnectException: Connection refused: connect
	at java.net.DualStackPlainSocketImpl.waitForConnect(Native Method)
	at java.net.DualStackPlainSocketImpl.socketConnect(DualStackPlainSocketImpl.java:81)
	at java.net.AbstractPlainSocketImpl.doConnect(AbstractPlainSocketImpl.java:476)
	at java.net.AbstractPlainSocketImpl.connectToAddress(AbstractPlainSocketImpl.java:218)
	at java.net.AbstractPlainSocketImpl.connect(AbstractPlainSocketImpl.java:200)
	at java.net.PlainSocketImpl.connect(PlainSocketImpl.java:162)
	at java.net.SocksSocketImpl.connect(SocksSocketImpl.java:394)
	at java.net.Socket.connect(Socket.java:606)
	at sun.net.NetworkClient.doConnect(NetworkClient.java:175)
	at sun.net.www.http.HttpClient.openServer(HttpClient.java:463)
	at sun.net.www.http.HttpClient.openServer(HttpClient.java:558)
	at sun.net.www.http.HttpClient.<init>(HttpClient.java:242)
	at sun.net.www.http.HttpClient.New(HttpClient.java:339)
	at sun.net.www.http.HttpClient.New(HttpClient.java:357)
	at sun.net.www.protocol.http.HttpURLConnection.getNewHttpClient(HttpURLConnection.java:1226)
	at sun.net.www.protocol.http.HttpURLConnection.plainConnect0(HttpURLConnection.java:1162)
	at sun.net.www.protocol.http.HttpURLConnection.plainConnect(HttpURLConnection.java:1056)
	at sun.net.www.protocol.http.HttpURLConnection.connect(HttpURLConnection.java:990)
	at sun.net.www.protocol.http.HttpURLConnection.getInputStream0(HttpURLConnection.java:1570)
	at sun.net.www.protocol.http.HttpURLConnection.getInputStream(HttpURLConnection.java:1498)
	at java.net.HttpURLConnection.getResponseCode(HttpURLConnection.java:480)
	at feign.Client$Default.convertResponse(Client.java:108)
	at feign.Client$Default.execute(Client.java:104)
	at org.springframework.cloud.openfeign.ribbon.FeignLoadBalancer.execute(FeignLoadBalancer.java:98)
	at org.springframework.cloud.openfeign.ribbon.FeignLoadBalancer.execute(FeignLoadBalancer.java:56)
	at com.netflix.client.AbstractLoadBalancerAwareClient$1.call(AbstractLoadBalancerAwareClient.java:104)
	at com.netflix.loadbalancer.reactive.LoadBalancerCommand$3$1.call(LoadBalancerCommand.java:303)
	at com.netflix.loadbalancer.reactive.LoadBalancerCommand$3$1.call(LoadBalancerCommand.java:287)
	at rx.internal.util.ScalarSynchronousObservable$3.call(ScalarSynchronousObservable.java:231)
	at rx.internal.util.ScalarSynchronousObservable$3.call(ScalarSynchronousObservable.java:228)
	at rx.Observable.unsafeSubscribe(Observable.java:10327)
	at rx.internal.operators.OnSubscribeConcatMap$ConcatMapSubscriber.drain(OnSubscribeConcatMap.java:286)
	at rx.internal.operators.OnSubscribeConcatMap$ConcatMapSubscriber.onNext(OnSubscribeConcatMap.java:144)
	at com.netflix.loadbalancer.reactive.LoadBalancerCommand$1.call(LoadBalancerCommand.java:185)
	at com.netflix.loadbalancer.reactive.LoadBalancerCommand$1.call(LoadBalancerCommand.java:180)
	at rx.Observable.unsafeSubscribe(Observable.java:10327)
	at rx.internal.operators.OnSubscribeConcatMap.call(OnSubscribeConcatMap.java:94)
	at rx.internal.operators.OnSubscribeConcatMap.call(OnSubscribeConcatMap.java:42)
	at rx.Observable.unsafeSubscribe(Observable.java:10327)
	at rx.internal.operators.OperatorRetryWithPredicate$SourceSubscriber$1.call(OperatorRetryWithPredicate.java:127)
	at rx.internal.schedulers.TrampolineScheduler$InnerCurrentThreadScheduler.enqueue(TrampolineScheduler.java:73)
	at rx.internal.schedulers.TrampolineScheduler$InnerCurrentThreadScheduler.schedule(TrampolineScheduler.java:52)
	at rx.internal.operators.OperatorRetryWithPredicate$SourceSubscriber.onNext(OperatorRetryWithPredicate.java:79)
	at rx.internal.operators.OperatorRetryWithPredicate$SourceSubscriber.onNext(OperatorRetryWithPredicate.java:45)
	at rx.internal.util.ScalarSynchronousObservable$WeakSingleProducer.request(ScalarSynchronousObservable.java:276)
	at rx.Subscriber.setProducer(Subscriber.java:209)
	at rx.internal.util.ScalarSynchronousObservable$JustOnSubscribe.call(ScalarSynchronousObservable.java:138)
	at rx.internal.util.ScalarSynchronousObservable$JustOnSubscribe.call(ScalarSynchronousObservable.java:129)
	at rx.internal.operators.OnSubscribeLift.call(OnSubscribeLift.java:48)
	at rx.internal.operators.OnSubscribeLift.call(OnSubscribeLift.java:30)
	at rx.internal.operators.OnSubscribeLift.call(OnSubscribeLift.java:48)
	at rx.internal.operators.OnSubscribeLift.call(OnSubscribeLift.java:30)
	at rx.internal.operators.OnSubscribeLift.call(OnSubscribeLift.java:48)
	at rx.internal.operators.OnSubscribeLift.call(OnSubscribeLift.java:30)
	at rx.Observable.subscribe(Observable.java:10423)
	at rx.Observable.subscribe(Observable.java:10390)
	at rx.observables.BlockingObservable.blockForSingle(BlockingObservable.java:443)
	at rx.observables.BlockingObservable.single(BlockingObservable.java:340)
	at com.netflix.client.AbstractLoadBalancerAwareClient.executeWithLoadBalancer(AbstractLoadBalancerAwareClient.java:112)
	at org.springframework.cloud.openfeign.ribbon.LoadBalancerFeignClient.execute(LoadBalancerFeignClient.java:84)
	at feign.SynchronousMethodHandler.executeAndDecode(SynchronousMethodHandler.java:119)
	... 15 common frames omitted
2022-02-11 20:07:04.091 [task-250] ERROR org.springframework.aop.interceptor.SimpleAsyncUncaughtExceptionHandler -
                Unexpected exception occurred invoking async method: public void com.novedu.nov.statistics.task.MultiThreadScheduleTask.statisticsCourseBuyCount()
feign.RetryableException: Connection refused: connect executing GET http://service-edu/edu/course/statistics/course/buyCount
	at feign.FeignException.errorExecuting(FeignException.java:249)
	at feign.SynchronousMethodHandler.executeAndDecode(SynchronousMethodHandler.java:129)
	at feign.SynchronousMethodHandler.invoke(SynchronousMethodHandler.java:89)
	at feign.ReflectiveFeign$FeignInvocationHandler.invoke(ReflectiveFeign.java:100)
	at com.sun.proxy.$Proxy120.statisticsCourseBuyCount(Unknown Source)
	at com.novedu.nov.statistics.task.MultiThreadScheduleTask.statisticsCourseBuyCount(MultiThreadScheduleTask.java:49)
	at com.novedu.nov.statistics.task.MultiThreadScheduleTask$$FastClassBySpringCGLIB$$a711be28.invoke(<generated>)
	at org.springframework.cglib.proxy.MethodProxy.invoke(MethodProxy.java:218)
	at org.springframework.aop.framework.CglibAopProxy$CglibMethodInvocation.invokeJoinpoint(CglibAopProxy.java:779)
	at org.springframework.aop.framework.ReflectiveMethodInvocation.proceed(ReflectiveMethodInvocation.java:163)
	at org.springframework.aop.framework.CglibAopProxy$CglibMethodInvocation.proceed(CglibAopProxy.java:750)
	at org.springframework.aop.interceptor.AsyncExecutionInterceptor.lambda$invoke$0(AsyncExecutionInterceptor.java:115)
	at java.util.concurrent.FutureTask.run$$$capture(FutureTask.java:266)
	at java.util.concurrent.FutureTask.run(FutureTask.java)
	at java.util.concurrent.ThreadPoolExecutor.runWorker(ThreadPoolExecutor.java:1149)
	at java.util.concurrent.ThreadPoolExecutor$Worker.run(ThreadPoolExecutor.java:624)
	at java.lang.Thread.run(Thread.java:748)
Caused by: java.net.ConnectException: Connection refused: connect
	at java.net.DualStackPlainSocketImpl.waitForConnect(Native Method)
	at java.net.DualStackPlainSocketImpl.socketConnect(DualStackPlainSocketImpl.java:81)
	at java.net.AbstractPlainSocketImpl.doConnect(AbstractPlainSocketImpl.java:476)
	at java.net.AbstractPlainSocketImpl.connectToAddress(AbstractPlainSocketImpl.java:218)
	at java.net.AbstractPlainSocketImpl.connect(AbstractPlainSocketImpl.java:200)
	at java.net.PlainSocketImpl.connect(PlainSocketImpl.java:162)
	at java.net.SocksSocketImpl.connect(SocksSocketImpl.java:394)
	at java.net.Socket.connect(Socket.java:606)
	at sun.net.NetworkClient.doConnect(NetworkClient.java:175)
	at sun.net.www.http.HttpClient.openServer(HttpClient.java:463)
	at sun.net.www.http.HttpClient.openServer(HttpClient.java:558)
	at sun.net.www.http.HttpClient.<init>(HttpClient.java:242)
	at sun.net.www.http.HttpClient.New(HttpClient.java:339)
	at sun.net.www.http.HttpClient.New(HttpClient.java:357)
	at sun.net.www.protocol.http.HttpURLConnection.getNewHttpClient(HttpURLConnection.java:1226)
	at sun.net.www.protocol.http.HttpURLConnection.plainConnect0(HttpURLConnection.java:1162)
	at sun.net.www.protocol.http.HttpURLConnection.plainConnect(HttpURLConnection.java:1056)
	at sun.net.www.protocol.http.HttpURLConnection.connect(HttpURLConnection.java:990)
	at sun.net.www.protocol.http.HttpURLConnection.getInputStream0(HttpURLConnection.java:1570)
	at sun.net.www.protocol.http.HttpURLConnection.getInputStream(HttpURLConnection.java:1498)
	at java.net.HttpURLConnection.getResponseCode(HttpURLConnection.java:480)
	at feign.Client$Default.convertResponse(Client.java:108)
	at feign.Client$Default.execute(Client.java:104)
	at org.springframework.cloud.openfeign.ribbon.FeignLoadBalancer.execute(FeignLoadBalancer.java:98)
	at org.springframework.cloud.openfeign.ribbon.FeignLoadBalancer.execute(FeignLoadBalancer.java:56)
	at com.netflix.client.AbstractLoadBalancerAwareClient$1.call(AbstractLoadBalancerAwareClient.java:104)
	at com.netflix.loadbalancer.reactive.LoadBalancerCommand$3$1.call(LoadBalancerCommand.java:303)
	at com.netflix.loadbalancer.reactive.LoadBalancerCommand$3$1.call(LoadBalancerCommand.java:287)
	at rx.internal.util.ScalarSynchronousObservable$3.call(ScalarSynchronousObservable.java:231)
	at rx.internal.util.ScalarSynchronousObservable$3.call(ScalarSynchronousObservable.java:228)
	at rx.Observable.unsafeSubscribe(Observable.java:10327)
	at rx.internal.operators.OnSubscribeConcatMap$ConcatMapSubscriber.drain(OnSubscribeConcatMap.java:286)
	at rx.internal.operators.OnSubscribeConcatMap$ConcatMapSubscriber.onNext(OnSubscribeConcatMap.java:144)
	at com.netflix.loadbalancer.reactive.LoadBalancerCommand$1.call(LoadBalancerCommand.java:185)
	at com.netflix.loadbalancer.reactive.LoadBalancerCommand$1.call(LoadBalancerCommand.java:180)
	at rx.Observable.unsafeSubscribe(Observable.java:10327)
	at rx.internal.operators.OnSubscribeConcatMap.call(OnSubscribeConcatMap.java:94)
	at rx.internal.operators.OnSubscribeConcatMap.call(OnSubscribeConcatMap.java:42)
	at rx.Observable.unsafeSubscribe(Observable.java:10327)
	at rx.internal.operators.OperatorRetryWithPredicate$SourceSubscriber$1.call(OperatorRetryWithPredicate.java:127)
	at rx.internal.schedulers.TrampolineScheduler$InnerCurrentThreadScheduler.enqueue(TrampolineScheduler.java:73)
	at rx.internal.schedulers.TrampolineScheduler$InnerCurrentThreadScheduler.schedule(TrampolineScheduler.java:52)
	at rx.internal.operators.OperatorRetryWithPredicate$SourceSubscriber.onNext(OperatorRetryWithPredicate.java:79)
	at rx.internal.operators.OperatorRetryWithPredicate$SourceSubscriber.onNext(OperatorRetryWithPredicate.java:45)
	at rx.internal.util.ScalarSynchronousObservable$WeakSingleProducer.request(ScalarSynchronousObservable.java:276)
	at rx.Subscriber.setProducer(Subscriber.java:209)
	at rx.internal.util.ScalarSynchronousObservable$JustOnSubscribe.call(ScalarSynchronousObservable.java:138)
	at rx.internal.util.ScalarSynchronousObservable$JustOnSubscribe.call(ScalarSynchronousObservable.java:129)
	at rx.internal.operators.OnSubscribeLift.call(OnSubscribeLift.java:48)
	at rx.internal.operators.OnSubscribeLift.call(OnSubscribeLift.java:30)
	at rx.internal.operators.OnSubscribeLift.call(OnSubscribeLift.java:48)
	at rx.internal.operators.OnSubscribeLift.call(OnSubscribeLift.java:30)
	at rx.internal.operators.OnSubscribeLift.call(OnSubscribeLift.java:48)
	at rx.internal.operators.OnSubscribeLift.call(OnSubscribeLift.java:30)
	at rx.Observable.subscribe(Observable.java:10423)
	at rx.Observable.subscribe(Observable.java:10390)
	at rx.observables.BlockingObservable.blockForSingle(BlockingObservable.java:443)
	at rx.observables.BlockingObservable.single(BlockingObservable.java:340)
	at com.netflix.client.AbstractLoadBalancerAwareClient.executeWithLoadBalancer(AbstractLoadBalancerAwareClient.java:112)
	at org.springframework.cloud.openfeign.ribbon.LoadBalancerFeignClient.execute(LoadBalancerFeignClient.java:84)
	at feign.SynchronousMethodHandler.executeAndDecode(SynchronousMethodHandler.java:119)
	... 15 common frames omitted
2022-02-11 20:07:30.011 [task-248] ERROR org.springframework.aop.interceptor.SimpleAsyncUncaughtExceptionHandler -
                Unexpected exception occurred invoking async method: public void com.novedu.nov.statistics.task.MultiThreadScheduleTask.statisticsCourseApplyCount()
java.lang.RuntimeException: com.netflix.client.ClientException: Load balancer does not have available server for client: service-edu
	at org.springframework.cloud.openfeign.ribbon.LoadBalancerFeignClient.execute(LoadBalancerFeignClient.java:91)
	at feign.SynchronousMethodHandler.executeAndDecode(SynchronousMethodHandler.java:119)
	at feign.SynchronousMethodHandler.invoke(SynchronousMethodHandler.java:89)
	at feign.ReflectiveFeign$FeignInvocationHandler.invoke(ReflectiveFeign.java:100)
	at com.sun.proxy.$Proxy120.statisticsCourseApplyCount(Unknown Source)
	at com.novedu.nov.statistics.task.MultiThreadScheduleTask.statisticsCourseApplyCount(MultiThreadScheduleTask.java:41)
	at com.novedu.nov.statistics.task.MultiThreadScheduleTask$$FastClassBySpringCGLIB$$a711be28.invoke(<generated>)
	at org.springframework.cglib.proxy.MethodProxy.invoke(MethodProxy.java:218)
	at org.springframework.aop.framework.CglibAopProxy$CglibMethodInvocation.invokeJoinpoint(CglibAopProxy.java:779)
	at org.springframework.aop.framework.ReflectiveMethodInvocation.proceed(ReflectiveMethodInvocation.java:163)
	at org.springframework.aop.framework.CglibAopProxy$CglibMethodInvocation.proceed(CglibAopProxy.java:750)
	at org.springframework.aop.interceptor.AsyncExecutionInterceptor.lambda$invoke$0(AsyncExecutionInterceptor.java:115)
	at java.util.concurrent.FutureTask.run$$$capture(FutureTask.java:266)
	at java.util.concurrent.FutureTask.run(FutureTask.java)
	at java.util.concurrent.ThreadPoolExecutor.runWorker(ThreadPoolExecutor.java:1149)
	at java.util.concurrent.ThreadPoolExecutor$Worker.run(ThreadPoolExecutor.java:624)
	at java.lang.Thread.run(Thread.java:748)
Caused by: com.netflix.client.ClientException: Load balancer does not have available server for client: service-edu
	at com.netflix.loadbalancer.LoadBalancerContext.getServerFromLoadBalancer(LoadBalancerContext.java:483)
	at com.netflix.loadbalancer.reactive.LoadBalancerCommand$1.call(LoadBalancerCommand.java:184)
	at com.netflix.loadbalancer.reactive.LoadBalancerCommand$1.call(LoadBalancerCommand.java:180)
	at rx.Observable.unsafeSubscribe(Observable.java:10327)
	at rx.internal.operators.OnSubscribeConcatMap.call(OnSubscribeConcatMap.java:94)
	at rx.internal.operators.OnSubscribeConcatMap.call(OnSubscribeConcatMap.java:42)
	at rx.Observable.unsafeSubscribe(Observable.java:10327)
	at rx.internal.operators.OperatorRetryWithPredicate$SourceSubscriber$1.call(OperatorRetryWithPredicate.java:127)
	at rx.internal.schedulers.TrampolineScheduler$InnerCurrentThreadScheduler.enqueue(TrampolineScheduler.java:73)
	at rx.internal.schedulers.TrampolineScheduler$InnerCurrentThreadScheduler.schedule(TrampolineScheduler.java:52)
	at rx.internal.operators.OperatorRetryWithPredicate$SourceSubscriber.onNext(OperatorRetryWithPredicate.java:79)
	at rx.internal.operators.OperatorRetryWithPredicate$SourceSubscriber.onNext(OperatorRetryWithPredicate.java:45)
	at rx.internal.util.ScalarSynchronousObservable$WeakSingleProducer.request(ScalarSynchronousObservable.java:276)
	at rx.Subscriber.setProducer(Subscriber.java:209)
	at rx.internal.util.ScalarSynchronousObservable$JustOnSubscribe.call(ScalarSynchronousObservable.java:138)
	at rx.internal.util.ScalarSynchronousObservable$JustOnSubscribe.call(ScalarSynchronousObservable.java:129)
	at rx.internal.operators.OnSubscribeLift.call(OnSubscribeLift.java:48)
	at rx.internal.operators.OnSubscribeLift.call(OnSubscribeLift.java:30)
	at rx.internal.operators.OnSubscribeLift.call(OnSubscribeLift.java:48)
	at rx.internal.operators.OnSubscribeLift.call(OnSubscribeLift.java:30)
	at rx.internal.operators.OnSubscribeLift.call(OnSubscribeLift.java:48)
	at rx.internal.operators.OnSubscribeLift.call(OnSubscribeLift.java:30)
	at rx.Observable.subscribe(Observable.java:10423)
	at rx.Observable.subscribe(Observable.java:10390)
	at rx.observables.BlockingObservable.blockForSingle(BlockingObservable.java:443)
	at rx.observables.BlockingObservable.single(BlockingObservable.java:340)
	at com.netflix.client.AbstractLoadBalancerAwareClient.executeWithLoadBalancer(AbstractLoadBalancerAwareClient.java:112)
	at org.springframework.cloud.openfeign.ribbon.LoadBalancerFeignClient.execute(LoadBalancerFeignClient.java:84)
	... 16 common frames omitted
2022-02-11 20:07:30.011 [task-252] ERROR org.springframework.aop.interceptor.SimpleAsyncUncaughtExceptionHandler -
                Unexpected exception occurred invoking async method: public void com.novedu.nov.statistics.task.MultiThreadScheduleTask.statisticsCourseBuyCount()
java.lang.RuntimeException: com.netflix.client.ClientException: Load balancer does not have available server for client: service-edu
	at org.springframework.cloud.openfeign.ribbon.LoadBalancerFeignClient.execute(LoadBalancerFeignClient.java:91)
	at feign.SynchronousMethodHandler.executeAndDecode(SynchronousMethodHandler.java:119)
	at feign.SynchronousMethodHandler.invoke(SynchronousMethodHandler.java:89)
	at feign.ReflectiveFeign$FeignInvocationHandler.invoke(ReflectiveFeign.java:100)
	at com.sun.proxy.$Proxy120.statisticsCourseBuyCount(Unknown Source)
	at com.novedu.nov.statistics.task.MultiThreadScheduleTask.statisticsCourseBuyCount(MultiThreadScheduleTask.java:49)
	at com.novedu.nov.statistics.task.MultiThreadScheduleTask$$FastClassBySpringCGLIB$$a711be28.invoke(<generated>)
	at org.springframework.cglib.proxy.MethodProxy.invoke(MethodProxy.java:218)
	at org.springframework.aop.framework.CglibAopProxy$CglibMethodInvocation.invokeJoinpoint(CglibAopProxy.java:779)
	at org.springframework.aop.framework.ReflectiveMethodInvocation.proceed(ReflectiveMethodInvocation.java:163)
	at org.springframework.aop.framework.CglibAopProxy$CglibMethodInvocation.proceed(CglibAopProxy.java:750)
	at org.springframework.aop.interceptor.AsyncExecutionInterceptor.lambda$invoke$0(AsyncExecutionInterceptor.java:115)
	at java.util.concurrent.FutureTask.run$$$capture(FutureTask.java:266)
	at java.util.concurrent.FutureTask.run(FutureTask.java)
	at java.util.concurrent.ThreadPoolExecutor.runWorker(ThreadPoolExecutor.java:1149)
	at java.util.concurrent.ThreadPoolExecutor$Worker.run(ThreadPoolExecutor.java:624)
	at java.lang.Thread.run(Thread.java:748)
Caused by: com.netflix.client.ClientException: Load balancer does not have available server for client: service-edu
	at com.netflix.loadbalancer.LoadBalancerContext.getServerFromLoadBalancer(LoadBalancerContext.java:483)
	at com.netflix.loadbalancer.reactive.LoadBalancerCommand$1.call(LoadBalancerCommand.java:184)
	at com.netflix.loadbalancer.reactive.LoadBalancerCommand$1.call(LoadBalancerCommand.java:180)
	at rx.Observable.unsafeSubscribe(Observable.java:10327)
	at rx.internal.operators.OnSubscribeConcatMap.call(OnSubscribeConcatMap.java:94)
	at rx.internal.operators.OnSubscribeConcatMap.call(OnSubscribeConcatMap.java:42)
	at rx.Observable.unsafeSubscribe(Observable.java:10327)
	at rx.internal.operators.OperatorRetryWithPredicate$SourceSubscriber$1.call(OperatorRetryWithPredicate.java:127)
	at rx.internal.schedulers.TrampolineScheduler$InnerCurrentThreadScheduler.enqueue(TrampolineScheduler.java:73)
	at rx.internal.schedulers.TrampolineScheduler$InnerCurrentThreadScheduler.schedule(TrampolineScheduler.java:52)
	at rx.internal.operators.OperatorRetryWithPredicate$SourceSubscriber.onNext(OperatorRetryWithPredicate.java:79)
	at rx.internal.operators.OperatorRetryWithPredicate$SourceSubscriber.onNext(OperatorRetryWithPredicate.java:45)
	at rx.internal.util.ScalarSynchronousObservable$WeakSingleProducer.request(ScalarSynchronousObservable.java:276)
	at rx.Subscriber.setProducer(Subscriber.java:209)
	at rx.internal.util.ScalarSynchronousObservable$JustOnSubscribe.call(ScalarSynchronousObservable.java:138)
	at rx.internal.util.ScalarSynchronousObservable$JustOnSubscribe.call(ScalarSynchronousObservable.java:129)
	at rx.internal.operators.OnSubscribeLift.call(OnSubscribeLift.java:48)
	at rx.internal.operators.OnSubscribeLift.call(OnSubscribeLift.java:30)
	at rx.internal.operators.OnSubscribeLift.call(OnSubscribeLift.java:48)
	at rx.internal.operators.OnSubscribeLift.call(OnSubscribeLift.java:30)
	at rx.internal.operators.OnSubscribeLift.call(OnSubscribeLift.java:48)
	at rx.internal.operators.OnSubscribeLift.call(OnSubscribeLift.java:30)
	at rx.Observable.subscribe(Observable.java:10423)
	at rx.Observable.subscribe(Observable.java:10390)
	at rx.observables.BlockingObservable.blockForSingle(BlockingObservable.java:443)
	at rx.observables.BlockingObservable.single(BlockingObservable.java:340)
	at com.netflix.client.AbstractLoadBalancerAwareClient.executeWithLoadBalancer(AbstractLoadBalancerAwareClient.java:112)
	at org.springframework.cloud.openfeign.ribbon.LoadBalancerFeignClient.execute(LoadBalancerFeignClient.java:84)
	... 16 common frames omitted
2022-02-11 20:07:30.011 [task-251] ERROR org.springframework.aop.interceptor.SimpleAsyncUncaughtExceptionHandler -
                Unexpected exception occurred invoking async method: public void com.novedu.nov.statistics.task.MultiThreadScheduleTask.asyncCourseViewCount()
java.lang.RuntimeException: com.netflix.client.ClientException: Load balancer does not have available server for client: service-edu
	at org.springframework.cloud.openfeign.ribbon.LoadBalancerFeignClient.execute(LoadBalancerFeignClient.java:91)
	at feign.SynchronousMethodHandler.executeAndDecode(SynchronousMethodHandler.java:119)
	at feign.SynchronousMethodHandler.invoke(SynchronousMethodHandler.java:89)
	at feign.ReflectiveFeign$FeignInvocationHandler.invoke(ReflectiveFeign.java:100)
	at com.sun.proxy.$Proxy120.statisticsCoursePlayCount(Unknown Source)
	at com.novedu.nov.statistics.task.MultiThreadScheduleTask.asyncCourseViewCount(MultiThreadScheduleTask.java:33)
	at com.novedu.nov.statistics.task.MultiThreadScheduleTask$$FastClassBySpringCGLIB$$a711be28.invoke(<generated>)
	at org.springframework.cglib.proxy.MethodProxy.invoke(MethodProxy.java:218)
	at org.springframework.aop.framework.CglibAopProxy$CglibMethodInvocation.invokeJoinpoint(CglibAopProxy.java:779)
	at org.springframework.aop.framework.ReflectiveMethodInvocation.proceed(ReflectiveMethodInvocation.java:163)
	at org.springframework.aop.framework.CglibAopProxy$CglibMethodInvocation.proceed(CglibAopProxy.java:750)
	at org.springframework.aop.interceptor.AsyncExecutionInterceptor.lambda$invoke$0(AsyncExecutionInterceptor.java:115)
	at java.util.concurrent.FutureTask.run$$$capture(FutureTask.java:266)
	at java.util.concurrent.FutureTask.run(FutureTask.java)
	at java.util.concurrent.ThreadPoolExecutor.runWorker(ThreadPoolExecutor.java:1149)
	at java.util.concurrent.ThreadPoolExecutor$Worker.run(ThreadPoolExecutor.java:624)
	at java.lang.Thread.run(Thread.java:748)
Caused by: com.netflix.client.ClientException: Load balancer does not have available server for client: service-edu
	at com.netflix.loadbalancer.LoadBalancerContext.getServerFromLoadBalancer(LoadBalancerContext.java:483)
	at com.netflix.loadbalancer.reactive.LoadBalancerCommand$1.call(LoadBalancerCommand.java:184)
	at com.netflix.loadbalancer.reactive.LoadBalancerCommand$1.call(LoadBalancerCommand.java:180)
	at rx.Observable.unsafeSubscribe(Observable.java:10327)
	at rx.internal.operators.OnSubscribeConcatMap.call(OnSubscribeConcatMap.java:94)
	at rx.internal.operators.OnSubscribeConcatMap.call(OnSubscribeConcatMap.java:42)
	at rx.Observable.unsafeSubscribe(Observable.java:10327)
	at rx.internal.operators.OperatorRetryWithPredicate$SourceSubscriber$1.call(OperatorRetryWithPredicate.java:127)
	at rx.internal.schedulers.TrampolineScheduler$InnerCurrentThreadScheduler.enqueue(TrampolineScheduler.java:73)
	at rx.internal.schedulers.TrampolineScheduler$InnerCurrentThreadScheduler.schedule(TrampolineScheduler.java:52)
	at rx.internal.operators.OperatorRetryWithPredicate$SourceSubscriber.onNext(OperatorRetryWithPredicate.java:79)
	at rx.internal.operators.OperatorRetryWithPredicate$SourceSubscriber.onNext(OperatorRetryWithPredicate.java:45)
	at rx.internal.util.ScalarSynchronousObservable$WeakSingleProducer.request(ScalarSynchronousObservable.java:276)
	at rx.Subscriber.setProducer(Subscriber.java:209)
	at rx.internal.util.ScalarSynchronousObservable$JustOnSubscribe.call(ScalarSynchronousObservable.java:138)
	at rx.internal.util.ScalarSynchronousObservable$JustOnSubscribe.call(ScalarSynchronousObservable.java:129)
	at rx.internal.operators.OnSubscribeLift.call(OnSubscribeLift.java:48)
	at rx.internal.operators.OnSubscribeLift.call(OnSubscribeLift.java:30)
	at rx.internal.operators.OnSubscribeLift.call(OnSubscribeLift.java:48)
	at rx.internal.operators.OnSubscribeLift.call(OnSubscribeLift.java:30)
	at rx.internal.operators.OnSubscribeLift.call(OnSubscribeLift.java:48)
	at rx.internal.operators.OnSubscribeLift.call(OnSubscribeLift.java:30)
	at rx.Observable.subscribe(Observable.java:10423)
	at rx.Observable.subscribe(Observable.java:10390)
	at rx.observables.BlockingObservable.blockForSingle(BlockingObservable.java:443)
	at rx.observables.BlockingObservable.single(BlockingObservable.java:340)
	at com.netflix.client.AbstractLoadBalancerAwareClient.executeWithLoadBalancer(AbstractLoadBalancerAwareClient.java:112)
	at org.springframework.cloud.openfeign.ribbon.LoadBalancerFeignClient.execute(LoadBalancerFeignClient.java:84)
	... 16 common frames omitted
2022-02-11 20:15:52.967 [http-nio-8085-exec-5] ERROR com.novedu.nov.common.aspect.NovExceptionHandler -
                org.mybatis.spring.MyBatisSystemException: nested exception is org.apache.ibatis.exceptions.PersistenceException: 
### Error querying database.  Cause: org.springframework.jdbc.CannotGetJdbcConnectionException: Failed to obtain JDBC Connection; nested exception is java.sql.SQLTransientConnectionException: HikariPool-1 - Connection is not available, request timed out after 30080ms.
### The error may exist in com/novedu/nov/ucenter/mapper/UcenterMemberMapper.java (best guess)
### The error may involve com.novedu.nov.ucenter.mapper.UcenterMemberMapper.selectOne
### The error occurred while executing a query
### Cause: org.springframework.jdbc.CannotGetJdbcConnectionException: Failed to obtain JDBC Connection; nested exception is java.sql.SQLTransientConnectionException: HikariPool-1 - Connection is not available, request timed out after 30080ms.
	at org.mybatis.spring.MyBatisExceptionTranslator.translateExceptionIfPossible(MyBatisExceptionTranslator.java:92)
	at org.mybatis.spring.SqlSessionTemplate$SqlSessionInterceptor.invoke(SqlSessionTemplate.java:440)
	at com.sun.proxy.$Proxy98.selectOne(Unknown Source)
	at org.mybatis.spring.SqlSessionTemplate.selectOne(SqlSessionTemplate.java:159)
	at com.baomidou.mybatisplus.core.override.MybatisMapperMethod.execute(MybatisMapperMethod.java:90)
	at com.baomidou.mybatisplus.core.override.MybatisMapperProxy$PlainMethodInvoker.invoke(MybatisMapperProxy.java:148)
	at com.baomidou.mybatisplus.core.override.MybatisMapperProxy.invoke(MybatisMapperProxy.java:89)
	at com.sun.proxy.$Proxy105.selectOne(Unknown Source)
	at com.baomidou.mybatisplus.extension.conditions.query.ChainQuery.one(ChainQuery.java:48)
	at com.novedu.nov.ucenter.service.impl.UcenterMemberServiceImpl.login(UcenterMemberServiceImpl.java:33)
	at com.novedu.nov.ucenter.service.impl.UcenterMemberServiceImpl$$FastClassBySpringCGLIB$$29ead0e9.invoke(<generated>)
	at org.springframework.cglib.proxy.MethodProxy.invoke(MethodProxy.java:218)
	at org.springframework.aop.framework.CglibAopProxy$DynamicAdvisedInterceptor.intercept(CglibAopProxy.java:688)
	at com.novedu.nov.ucenter.service.impl.UcenterMemberServiceImpl$$EnhancerBySpringCGLIB$$1ae6157a.login(<generated>)
	at com.novedu.nov.ucenter.controller.UcenterMemberController.login(UcenterMemberController.java:33)
	at com.novedu.nov.ucenter.controller.UcenterMemberController$$FastClassBySpringCGLIB$$b7db36cb.invoke(<generated>)
	at org.springframework.cglib.proxy.MethodProxy.invoke(MethodProxy.java:218)
	at org.springframework.aop.framework.CglibAopProxy$CglibMethodInvocation.invokeJoinpoint(CglibAopProxy.java:779)
	at org.springframework.aop.framework.ReflectiveMethodInvocation.proceed(ReflectiveMethodInvocation.java:163)
	at org.springframework.aop.framework.CglibAopProxy$CglibMethodInvocation.proceed(CglibAopProxy.java:750)
	at org.springframework.aop.aspectj.MethodInvocationProceedingJoinPoint.proceed(MethodInvocationProceedingJoinPoint.java:88)
	at com.novedu.nov.common.aspect.NovLogHandler.around(NovLogHandler.java:56)
	at sun.reflect.NativeMethodAccessorImpl.invoke0(Native Method)
	at sun.reflect.NativeMethodAccessorImpl.invoke(NativeMethodAccessorImpl.java:62)
	at sun.reflect.DelegatingMethodAccessorImpl.invoke(DelegatingMethodAccessorImpl.java:43)
	at java.lang.reflect.Method.invoke(Method.java:498)
	at org.springframework.aop.aspectj.AbstractAspectJAdvice.invokeAdviceMethodWithGivenArgs(AbstractAspectJAdvice.java:644)
	at org.springframework.aop.aspectj.AbstractAspectJAdvice.invokeAdviceMethod(AbstractAspectJAdvice.java:633)
	at org.springframework.aop.aspectj.AspectJAroundAdvice.invoke(AspectJAroundAdvice.java:70)
	at org.springframework.aop.framework.ReflectiveMethodInvocation.proceed(ReflectiveMethodInvocation.java:186)
	at org.springframework.aop.framework.CglibAopProxy$CglibMethodInvocation.proceed(CglibAopProxy.java:750)
	at org.springframework.aop.interceptor.ExposeInvocationInterceptor.invoke(ExposeInvocationInterceptor.java:95)
	at org.springframework.aop.framework.ReflectiveMethodInvocation.proceed(ReflectiveMethodInvocation.java:186)
	at org.springframework.aop.framework.CglibAopProxy$CglibMethodInvocation.proceed(CglibAopProxy.java:750)
	at org.springframework.aop.framework.CglibAopProxy$DynamicAdvisedInterceptor.intercept(CglibAopProxy.java:692)
	at com.novedu.nov.ucenter.controller.UcenterMemberController$$EnhancerBySpringCGLIB$$4c526919.login(<generated>)
	at sun.reflect.NativeMethodAccessorImpl.invoke0(Native Method)
	at sun.reflect.NativeMethodAccessorImpl.invoke(NativeMethodAccessorImpl.java:62)
	at sun.reflect.DelegatingMethodAccessorImpl.invoke(DelegatingMethodAccessorImpl.java:43)
	at java.lang.reflect.Method.invoke(Method.java:498)
	at org.springframework.web.method.support.InvocableHandlerMethod.doInvoke(InvocableHandlerMethod.java:190)
	at org.springframework.web.method.support.InvocableHandlerMethod.invokeForRequest(InvocableHandlerMethod.java:138)
	at org.springframework.web.servlet.mvc.method.annotation.ServletInvocableHandlerMethod.invokeAndHandle(ServletInvocableHandlerMethod.java:105)
	at org.springframework.web.servlet.mvc.method.annotation.RequestMappingHandlerAdapter.invokeHandlerMethod(RequestMappingHandlerAdapter.java:878)
	at org.springframework.web.servlet.mvc.method.annotation.RequestMappingHandlerAdapter.handleInternal(RequestMappingHandlerAdapter.java:792)
	at org.springframework.web.servlet.mvc.method.AbstractHandlerMethodAdapter.handle(AbstractHandlerMethodAdapter.java:87)
	at org.springframework.web.servlet.DispatcherServlet.doDispatch(DispatcherServlet.java:1040)
	at org.springframework.web.servlet.DispatcherServlet.doService(DispatcherServlet.java:943)
	at org.springframework.web.servlet.FrameworkServlet.processRequest(FrameworkServlet.java:1006)
	at org.springframework.web.servlet.FrameworkServlet.doPost(FrameworkServlet.java:909)
	at javax.servlet.http.HttpServlet.service(HttpServlet.java:652)
	at org.springframework.web.servlet.FrameworkServlet.service(FrameworkServlet.java:883)
	at javax.servlet.http.HttpServlet.service(HttpServlet.java:733)
	at org.apache.catalina.core.ApplicationFilterChain.internalDoFilter(ApplicationFilterChain.java:227)
	at org.apache.catalina.core.ApplicationFilterChain.doFilter(ApplicationFilterChain.java:162)
	at org.apache.tomcat.websocket.server.WsFilter.doFilter(WsFilter.java:53)
	at org.apache.catalina.core.ApplicationFilterChain.internalDoFilter(ApplicationFilterChain.java:189)
	at org.apache.catalina.core.ApplicationFilterChain.doFilter(ApplicationFilterChain.java:162)
	at org.springframework.web.filter.CorsFilter.doFilterInternal(CorsFilter.java:92)
	at org.springframework.web.filter.OncePerRequestFilter.doFilter(OncePerRequestFilter.java:119)
	at org.apache.catalina.core.ApplicationFilterChain.internalDoFilter(ApplicationFilterChain.java:189)
	at org.apache.catalina.core.ApplicationFilterChain.doFilter(ApplicationFilterChain.java:162)
	at org.springframework.web.filter.RequestContextFilter.doFilterInternal(RequestContextFilter.java:100)
	at org.springframework.web.filter.OncePerRequestFilter.doFilter(OncePerRequestFilter.java:119)
	at org.apache.catalina.core.ApplicationFilterChain.internalDoFilter(ApplicationFilterChain.java:189)
	at org.apache.catalina.core.ApplicationFilterChain.doFilter(ApplicationFilterChain.java:162)
	at org.springframework.web.filter.FormContentFilter.doFilterInternal(FormContentFilter.java:93)
	at org.springframework.web.filter.OncePerRequestFilter.doFilter(OncePerRequestFilter.java:119)
	at org.apache.catalina.core.ApplicationFilterChain.internalDoFilter(ApplicationFilterChain.java:189)
	at org.apache.catalina.core.ApplicationFilterChain.doFilter(ApplicationFilterChain.java:162)
	at org.springframework.web.filter.CharacterEncodingFilter.doFilterInternal(CharacterEncodingFilter.java:201)
	at org.springframework.web.filter.OncePerRequestFilter.doFilter(OncePerRequestFilter.java:119)
	at org.apache.catalina.core.ApplicationFilterChain.internalDoFilter(ApplicationFilterChain.java:189)
	at org.apache.catalina.core.ApplicationFilterChain.doFilter(ApplicationFilterChain.java:162)
	at org.apache.catalina.core.StandardWrapperValve.invoke(StandardWrapperValve.java:202)
	at org.apache.catalina.core.StandardContextValve.invoke(StandardContextValve.java:97)
	at org.apache.catalina.authenticator.AuthenticatorBase.invoke(AuthenticatorBase.java:542)
	at org.apache.catalina.core.StandardHostValve.invoke(StandardHostValve.java:143)
	at org.apache.catalina.valves.ErrorReportValve.invoke(ErrorReportValve.java:92)
	at org.apache.catalina.core.StandardEngineValve.invoke(StandardEngineValve.java:78)
	at org.apache.catalina.connector.CoyoteAdapter.service(CoyoteAdapter.java:357)
	at org.apache.coyote.http11.Http11Processor.service(Http11Processor.java:374)
	at org.apache.coyote.AbstractProcessorLight.process(AbstractProcessorLight.java:65)
	at org.apache.coyote.AbstractProtocol$ConnectionHandler.process(AbstractProtocol.java:893)
	at org.apache.tomcat.util.net.NioEndpoint$SocketProcessor.doRun(NioEndpoint.java:1707)
	at org.apache.tomcat.util.net.SocketProcessorBase.run(SocketProcessorBase.java:49)
	at java.util.concurrent.ThreadPoolExecutor.runWorker(ThreadPoolExecutor.java:1149)
	at java.util.concurrent.ThreadPoolExecutor$Worker.run(ThreadPoolExecutor.java:624)
	at org.apache.tomcat.util.threads.TaskThread$WrappingRunnable.run(TaskThread.java:61)
	at java.lang.Thread.run(Thread.java:748)
Caused by: org.apache.ibatis.exceptions.PersistenceException: 
### Error querying database.  Cause: org.springframework.jdbc.CannotGetJdbcConnectionException: Failed to obtain JDBC Connection; nested exception is java.sql.SQLTransientConnectionException: HikariPool-1 - Connection is not available, request timed out after 30080ms.
### The error may exist in com/novedu/nov/ucenter/mapper/UcenterMemberMapper.java (best guess)
### The error may involve com.novedu.nov.ucenter.mapper.UcenterMemberMapper.selectOne
### The error occurred while executing a query
### Cause: org.springframework.jdbc.CannotGetJdbcConnectionException: Failed to obtain JDBC Connection; nested exception is java.sql.SQLTransientConnectionException: HikariPool-1 - Connection is not available, request timed out after 30080ms.
	at org.apache.ibatis.exceptions.ExceptionFactory.wrapException(ExceptionFactory.java:30)
	at org.apache.ibatis.session.defaults.DefaultSqlSession.selectList(DefaultSqlSession.java:149)
	at org.apache.ibatis.session.defaults.DefaultSqlSession.selectList(DefaultSqlSession.java:140)
	at org.apache.ibatis.session.defaults.DefaultSqlSession.selectOne(DefaultSqlSession.java:76)
	at sun.reflect.NativeMethodAccessorImpl.invoke0(Native Method)
	at sun.reflect.NativeMethodAccessorImpl.invoke(NativeMethodAccessorImpl.java:62)
	at sun.reflect.DelegatingMethodAccessorImpl.invoke(DelegatingMethodAccessorImpl.java:43)
	at java.lang.reflect.Method.invoke(Method.java:498)
	at org.mybatis.spring.SqlSessionTemplate$SqlSessionInterceptor.invoke(SqlSessionTemplate.java:426)
	... 88 more
Caused by: org.springframework.jdbc.CannotGetJdbcConnectionException: Failed to obtain JDBC Connection; nested exception is java.sql.SQLTransientConnectionException: HikariPool-1 - Connection is not available, request timed out after 30080ms.
	at org.springframework.jdbc.datasource.DataSourceUtils.getConnection(DataSourceUtils.java:82)
	at org.mybatis.spring.transaction.SpringManagedTransaction.openConnection(SpringManagedTransaction.java:80)
	at org.mybatis.spring.transaction.SpringManagedTransaction.getConnection(SpringManagedTransaction.java:67)
	at org.apache.ibatis.executor.BaseExecutor.getConnection(BaseExecutor.java:337)
	at com.baomidou.mybatisplus.core.executor.MybatisSimpleExecutor.prepareStatement(MybatisSimpleExecutor.java:93)
	at com.baomidou.mybatisplus.core.executor.MybatisSimpleExecutor.doQuery(MybatisSimpleExecutor.java:68)
	at org.apache.ibatis.executor.BaseExecutor.queryFromDatabase(BaseExecutor.java:325)
	at org.apache.ibatis.executor.BaseExecutor.query(BaseExecutor.java:156)
	at com.baomidou.mybatisplus.core.executor.MybatisCachingExecutor.query(MybatisCachingExecutor.java:165)
	at com.baomidou.mybatisplus.extension.plugins.MybatisPlusInterceptor.intercept(MybatisPlusInterceptor.java:65)
	at org.apache.ibatis.plugin.Plugin.invoke(Plugin.java:61)
	at com.sun.proxy.$Proxy111.query(Unknown Source)
	at org.apache.ibatis.session.defaults.DefaultSqlSession.selectList(DefaultSqlSession.java:147)
	... 95 more
Caused by: java.sql.SQLTransientConnectionException: HikariPool-1 - Connection is not available, request timed out after 30080ms.
	at com.zaxxer.hikari.pool.HikariPool.createTimeoutException(HikariPool.java:695)
	at com.zaxxer.hikari.pool.HikariPool.getConnection(HikariPool.java:197)
	at com.zaxxer.hikari.pool.HikariPool.getConnection(HikariPool.java:162)
	at com.zaxxer.hikari.HikariDataSource.getConnection(HikariDataSource.java:128)
	at org.springframework.jdbc.datasource.DataSourceUtils.fetchConnection(DataSourceUtils.java:158)
	at org.springframework.jdbc.datasource.DataSourceUtils.doGetConnection(DataSourceUtils.java:116)
	at org.springframework.jdbc.datasource.DataSourceUtils.getConnection(DataSourceUtils.java:79)
	... 107 more
Caused by: java.sql.SQLNonTransientConnectionException: No operations allowed after connection closed.
	at com.mysql.cj.jdbc.exceptions.SQLError.createSQLException(SQLError.java:110)
	at com.mysql.cj.jdbc.exceptions.SQLError.createSQLException(SQLError.java:97)
	at com.mysql.cj.jdbc.exceptions.SQLError.createSQLException(SQLError.java:89)
	at com.mysql.cj.jdbc.exceptions.SQLError.createSQLException(SQLError.java:63)
	at com.mysql.cj.jdbc.exceptions.SQLError.createSQLException(SQLError.java:73)
	at com.mysql.cj.jdbc.exceptions.SQLExceptionsMapping.translateException(SQLExceptionsMapping.java:73)
	at com.mysql.cj.jdbc.ConnectionImpl.setNetworkTimeout(ConnectionImpl.java:2480)
	at com.zaxxer.hikari.pool.PoolBase.setNetworkTimeout(PoolBase.java:560)
	at com.zaxxer.hikari.pool.PoolBase.isConnectionAlive(PoolBase.java:173)
	at com.zaxxer.hikari.pool.HikariPool.getConnection(HikariPool.java:186)
	... 112 more
Caused by: com.mysql.cj.exceptions.ConnectionIsClosedException: No operations allowed after connection closed.
	at sun.reflect.GeneratedConstructorAccessor79.newInstance(Unknown Source)
	at sun.reflect.DelegatingConstructorAccessorImpl.newInstance(DelegatingConstructorAccessorImpl.java:45)
	at java.lang.reflect.Constructor.newInstance(Constructor.java:423)
	at com.mysql.cj.exceptions.ExceptionFactory.createException(ExceptionFactory.java:61)
	at com.mysql.cj.exceptions.ExceptionFactory.createException(ExceptionFactory.java:105)
	at com.mysql.cj.exceptions.ExceptionFactory.createException(ExceptionFactory.java:151)
	at com.mysql.cj.NativeSession.checkClosed(NativeSession.java:762)
	at com.mysql.cj.jdbc.ConnectionImpl.checkClosed(ConnectionImpl.java:568)
	at com.mysql.cj.jdbc.ConnectionImpl.setNetworkTimeout(ConnectionImpl.java:2476)
	... 115 more

2022-02-11 20:15:55.528 [http-nio-8085-exec-6] ERROR com.novedu.nov.common.aspect.NovExceptionHandler -
                org.mybatis.spring.MyBatisSystemException: nested exception is org.apache.ibatis.exceptions.PersistenceException: 
### Error querying database.  Cause: org.springframework.jdbc.CannotGetJdbcConnectionException: Failed to obtain JDBC Connection; nested exception is java.sql.SQLTransientConnectionException: HikariPool-1 - Connection is not available, request timed out after 30047ms.
### The error may exist in com/novedu/nov/ucenter/mapper/UcenterMemberMapper.java (best guess)
### The error may involve com.novedu.nov.ucenter.mapper.UcenterMemberMapper.selectOne
### The error occurred while executing a query
### Cause: org.springframework.jdbc.CannotGetJdbcConnectionException: Failed to obtain JDBC Connection; nested exception is java.sql.SQLTransientConnectionException: HikariPool-1 - Connection is not available, request timed out after 30047ms.
	at org.mybatis.spring.MyBatisExceptionTranslator.translateExceptionIfPossible(MyBatisExceptionTranslator.java:92)
	at org.mybatis.spring.SqlSessionTemplate$SqlSessionInterceptor.invoke(SqlSessionTemplate.java:440)
	at com.sun.proxy.$Proxy98.selectOne(Unknown Source)
	at org.mybatis.spring.SqlSessionTemplate.selectOne(SqlSessionTemplate.java:159)
	at com.baomidou.mybatisplus.core.override.MybatisMapperMethod.execute(MybatisMapperMethod.java:90)
	at com.baomidou.mybatisplus.core.override.MybatisMapperProxy$PlainMethodInvoker.invoke(MybatisMapperProxy.java:148)
	at com.baomidou.mybatisplus.core.override.MybatisMapperProxy.invoke(MybatisMapperProxy.java:89)
	at com.sun.proxy.$Proxy105.selectOne(Unknown Source)
	at com.baomidou.mybatisplus.extension.conditions.query.ChainQuery.one(ChainQuery.java:48)
	at com.novedu.nov.ucenter.service.impl.UcenterMemberServiceImpl.login(UcenterMemberServiceImpl.java:33)
	at com.novedu.nov.ucenter.service.impl.UcenterMemberServiceImpl$$FastClassBySpringCGLIB$$29ead0e9.invoke(<generated>)
	at org.springframework.cglib.proxy.MethodProxy.invoke(MethodProxy.java:218)
	at org.springframework.aop.framework.CglibAopProxy$DynamicAdvisedInterceptor.intercept(CglibAopProxy.java:688)
	at com.novedu.nov.ucenter.service.impl.UcenterMemberServiceImpl$$EnhancerBySpringCGLIB$$1ae6157a.login(<generated>)
	at com.novedu.nov.ucenter.controller.UcenterMemberController.login(UcenterMemberController.java:33)
	at com.novedu.nov.ucenter.controller.UcenterMemberController$$FastClassBySpringCGLIB$$b7db36cb.invoke(<generated>)
	at org.springframework.cglib.proxy.MethodProxy.invoke(MethodProxy.java:218)
	at org.springframework.aop.framework.CglibAopProxy$CglibMethodInvocation.invokeJoinpoint(CglibAopProxy.java:779)
	at org.springframework.aop.framework.ReflectiveMethodInvocation.proceed(ReflectiveMethodInvocation.java:163)
	at org.springframework.aop.framework.CglibAopProxy$CglibMethodInvocation.proceed(CglibAopProxy.java:750)
	at org.springframework.aop.aspectj.MethodInvocationProceedingJoinPoint.proceed(MethodInvocationProceedingJoinPoint.java:88)
	at com.novedu.nov.common.aspect.NovLogHandler.around(NovLogHandler.java:56)
	at sun.reflect.NativeMethodAccessorImpl.invoke0(Native Method)
	at sun.reflect.NativeMethodAccessorImpl.invoke(NativeMethodAccessorImpl.java:62)
	at sun.reflect.DelegatingMethodAccessorImpl.invoke(DelegatingMethodAccessorImpl.java:43)
	at java.lang.reflect.Method.invoke(Method.java:498)
	at org.springframework.aop.aspectj.AbstractAspectJAdvice.invokeAdviceMethodWithGivenArgs(AbstractAspectJAdvice.java:644)
	at org.springframework.aop.aspectj.AbstractAspectJAdvice.invokeAdviceMethod(AbstractAspectJAdvice.java:633)
	at org.springframework.aop.aspectj.AspectJAroundAdvice.invoke(AspectJAroundAdvice.java:70)
	at org.springframework.aop.framework.ReflectiveMethodInvocation.proceed(ReflectiveMethodInvocation.java:186)
	at org.springframework.aop.framework.CglibAopProxy$CglibMethodInvocation.proceed(CglibAopProxy.java:750)
	at org.springframework.aop.interceptor.ExposeInvocationInterceptor.invoke(ExposeInvocationInterceptor.java:95)
	at org.springframework.aop.framework.ReflectiveMethodInvocation.proceed(ReflectiveMethodInvocation.java:186)
	at org.springframework.aop.framework.CglibAopProxy$CglibMethodInvocation.proceed(CglibAopProxy.java:750)
	at org.springframework.aop.framework.CglibAopProxy$DynamicAdvisedInterceptor.intercept(CglibAopProxy.java:692)
	at com.novedu.nov.ucenter.controller.UcenterMemberController$$EnhancerBySpringCGLIB$$4c526919.login(<generated>)
	at sun.reflect.NativeMethodAccessorImpl.invoke0(Native Method)
	at sun.reflect.NativeMethodAccessorImpl.invoke(NativeMethodAccessorImpl.java:62)
	at sun.reflect.DelegatingMethodAccessorImpl.invoke(DelegatingMethodAccessorImpl.java:43)
	at java.lang.reflect.Method.invoke(Method.java:498)
	at org.springframework.web.method.support.InvocableHandlerMethod.doInvoke(InvocableHandlerMethod.java:190)
	at org.springframework.web.method.support.InvocableHandlerMethod.invokeForRequest(InvocableHandlerMethod.java:138)
	at org.springframework.web.servlet.mvc.method.annotation.ServletInvocableHandlerMethod.invokeAndHandle(ServletInvocableHandlerMethod.java:105)
	at org.springframework.web.servlet.mvc.method.annotation.RequestMappingHandlerAdapter.invokeHandlerMethod(RequestMappingHandlerAdapter.java:878)
	at org.springframework.web.servlet.mvc.method.annotation.RequestMappingHandlerAdapter.handleInternal(RequestMappingHandlerAdapter.java:792)
	at org.springframework.web.servlet.mvc.method.AbstractHandlerMethodAdapter.handle(AbstractHandlerMethodAdapter.java:87)
	at org.springframework.web.servlet.DispatcherServlet.doDispatch(DispatcherServlet.java:1040)
	at org.springframework.web.servlet.DispatcherServlet.doService(DispatcherServlet.java:943)
	at org.springframework.web.servlet.FrameworkServlet.processRequest(FrameworkServlet.java:1006)
	at org.springframework.web.servlet.FrameworkServlet.doPost(FrameworkServlet.java:909)
	at javax.servlet.http.HttpServlet.service(HttpServlet.java:652)
	at org.springframework.web.servlet.FrameworkServlet.service(FrameworkServlet.java:883)
	at javax.servlet.http.HttpServlet.service(HttpServlet.java:733)
	at org.apache.catalina.core.ApplicationFilterChain.internalDoFilter(ApplicationFilterChain.java:227)
	at org.apache.catalina.core.ApplicationFilterChain.doFilter(ApplicationFilterChain.java:162)
	at org.apache.tomcat.websocket.server.WsFilter.doFilter(WsFilter.java:53)
	at org.apache.catalina.core.ApplicationFilterChain.internalDoFilter(ApplicationFilterChain.java:189)
	at org.apache.catalina.core.ApplicationFilterChain.doFilter(ApplicationFilterChain.java:162)
	at org.springframework.web.filter.CorsFilter.doFilterInternal(CorsFilter.java:92)
	at org.springframework.web.filter.OncePerRequestFilter.doFilter(OncePerRequestFilter.java:119)
	at org.apache.catalina.core.ApplicationFilterChain.internalDoFilter(ApplicationFilterChain.java:189)
	at org.apache.catalina.core.ApplicationFilterChain.doFilter(ApplicationFilterChain.java:162)
	at org.springframework.web.filter.RequestContextFilter.doFilterInternal(RequestContextFilter.java:100)
	at org.springframework.web.filter.OncePerRequestFilter.doFilter(OncePerRequestFilter.java:119)
	at org.apache.catalina.core.ApplicationFilterChain.internalDoFilter(ApplicationFilterChain.java:189)
	at org.apache.catalina.core.ApplicationFilterChain.doFilter(ApplicationFilterChain.java:162)
	at org.springframework.web.filter.FormContentFilter.doFilterInternal(FormContentFilter.java:93)
	at org.springframework.web.filter.OncePerRequestFilter.doFilter(OncePerRequestFilter.java:119)
	at org.apache.catalina.core.ApplicationFilterChain.internalDoFilter(ApplicationFilterChain.java:189)
	at org.apache.catalina.core.ApplicationFilterChain.doFilter(ApplicationFilterChain.java:162)
	at org.springframework.web.filter.CharacterEncodingFilter.doFilterInternal(CharacterEncodingFilter.java:201)
	at org.springframework.web.filter.OncePerRequestFilter.doFilter(OncePerRequestFilter.java:119)
	at org.apache.catalina.core.ApplicationFilterChain.internalDoFilter(ApplicationFilterChain.java:189)
	at org.apache.catalina.core.ApplicationFilterChain.doFilter(ApplicationFilterChain.java:162)
	at org.apache.catalina.core.StandardWrapperValve.invoke(StandardWrapperValve.java:202)
	at org.apache.catalina.core.StandardContextValve.invoke(StandardContextValve.java:97)
	at org.apache.catalina.authenticator.AuthenticatorBase.invoke(AuthenticatorBase.java:542)
	at org.apache.catalina.core.StandardHostValve.invoke(StandardHostValve.java:143)
	at org.apache.catalina.valves.ErrorReportValve.invoke(ErrorReportValve.java:92)
	at org.apache.catalina.core.StandardEngineValve.invoke(StandardEngineValve.java:78)
	at org.apache.catalina.connector.CoyoteAdapter.service(CoyoteAdapter.java:357)
	at org.apache.coyote.http11.Http11Processor.service(Http11Processor.java:374)
	at org.apache.coyote.AbstractProcessorLight.process(AbstractProcessorLight.java:65)
	at org.apache.coyote.AbstractProtocol$ConnectionHandler.process(AbstractProtocol.java:893)
	at org.apache.tomcat.util.net.NioEndpoint$SocketProcessor.doRun(NioEndpoint.java:1707)
	at org.apache.tomcat.util.net.SocketProcessorBase.run(SocketProcessorBase.java:49)
	at java.util.concurrent.ThreadPoolExecutor.runWorker(ThreadPoolExecutor.java:1149)
	at java.util.concurrent.ThreadPoolExecutor$Worker.run(ThreadPoolExecutor.java:624)
	at org.apache.tomcat.util.threads.TaskThread$WrappingRunnable.run(TaskThread.java:61)
	at java.lang.Thread.run(Thread.java:748)
Caused by: org.apache.ibatis.exceptions.PersistenceException: 
### Error querying database.  Cause: org.springframework.jdbc.CannotGetJdbcConnectionException: Failed to obtain JDBC Connection; nested exception is java.sql.SQLTransientConnectionException: HikariPool-1 - Connection is not available, request timed out after 30047ms.
### The error may exist in com/novedu/nov/ucenter/mapper/UcenterMemberMapper.java (best guess)
### The error may involve com.novedu.nov.ucenter.mapper.UcenterMemberMapper.selectOne
### The error occurred while executing a query
### Cause: org.springframework.jdbc.CannotGetJdbcConnectionException: Failed to obtain JDBC Connection; nested exception is java.sql.SQLTransientConnectionException: HikariPool-1 - Connection is not available, request timed out after 30047ms.
	at org.apache.ibatis.exceptions.ExceptionFactory.wrapException(ExceptionFactory.java:30)
	at org.apache.ibatis.session.defaults.DefaultSqlSession.selectList(DefaultSqlSession.java:149)
	at org.apache.ibatis.session.defaults.DefaultSqlSession.selectList(DefaultSqlSession.java:140)
	at org.apache.ibatis.session.defaults.DefaultSqlSession.selectOne(DefaultSqlSession.java:76)
	at sun.reflect.NativeMethodAccessorImpl.invoke0(Native Method)
	at sun.reflect.NativeMethodAccessorImpl.invoke(NativeMethodAccessorImpl.java:62)
	at sun.reflect.DelegatingMethodAccessorImpl.invoke(DelegatingMethodAccessorImpl.java:43)
	at java.lang.reflect.Method.invoke(Method.java:498)
	at org.mybatis.spring.SqlSessionTemplate$SqlSessionInterceptor.invoke(SqlSessionTemplate.java:426)
	... 88 more
Caused by: org.springframework.jdbc.CannotGetJdbcConnectionException: Failed to obtain JDBC Connection; nested exception is java.sql.SQLTransientConnectionException: HikariPool-1 - Connection is not available, request timed out after 30047ms.
	at org.springframework.jdbc.datasource.DataSourceUtils.getConnection(DataSourceUtils.java:82)
	at org.mybatis.spring.transaction.SpringManagedTransaction.openConnection(SpringManagedTransaction.java:80)
	at org.mybatis.spring.transaction.SpringManagedTransaction.getConnection(SpringManagedTransaction.java:67)
	at org.apache.ibatis.executor.BaseExecutor.getConnection(BaseExecutor.java:337)
	at com.baomidou.mybatisplus.core.executor.MybatisSimpleExecutor.prepareStatement(MybatisSimpleExecutor.java:93)
	at com.baomidou.mybatisplus.core.executor.MybatisSimpleExecutor.doQuery(MybatisSimpleExecutor.java:68)
	at org.apache.ibatis.executor.BaseExecutor.queryFromDatabase(BaseExecutor.java:325)
	at org.apache.ibatis.executor.BaseExecutor.query(BaseExecutor.java:156)
	at com.baomidou.mybatisplus.core.executor.MybatisCachingExecutor.query(MybatisCachingExecutor.java:165)
	at com.baomidou.mybatisplus.extension.plugins.MybatisPlusInterceptor.intercept(MybatisPlusInterceptor.java:65)
	at org.apache.ibatis.plugin.Plugin.invoke(Plugin.java:61)
	at com.sun.proxy.$Proxy111.query(Unknown Source)
	at org.apache.ibatis.session.defaults.DefaultSqlSession.selectList(DefaultSqlSession.java:147)
	... 95 more
Caused by: java.sql.SQLTransientConnectionException: HikariPool-1 - Connection is not available, request timed out after 30047ms.
	at com.zaxxer.hikari.pool.HikariPool.createTimeoutException(HikariPool.java:695)
	at com.zaxxer.hikari.pool.HikariPool.getConnection(HikariPool.java:197)
	at com.zaxxer.hikari.pool.HikariPool.getConnection(HikariPool.java:162)
	at com.zaxxer.hikari.HikariDataSource.getConnection(HikariDataSource.java:128)
	at org.springframework.jdbc.datasource.DataSourceUtils.fetchConnection(DataSourceUtils.java:158)
	at org.springframework.jdbc.datasource.DataSourceUtils.doGetConnection(DataSourceUtils.java:116)
	at org.springframework.jdbc.datasource.DataSourceUtils.getConnection(DataSourceUtils.java:79)
	... 107 more
Caused by: java.sql.SQLNonTransientConnectionException: No operations allowed after connection closed.
	at com.mysql.cj.jdbc.exceptions.SQLError.createSQLException(SQLError.java:110)
	at com.mysql.cj.jdbc.exceptions.SQLError.createSQLException(SQLError.java:97)
	at com.mysql.cj.jdbc.exceptions.SQLError.createSQLException(SQLError.java:89)
	at com.mysql.cj.jdbc.exceptions.SQLError.createSQLException(SQLError.java:63)
	at com.mysql.cj.jdbc.exceptions.SQLError.createSQLException(SQLError.java:73)
	at com.mysql.cj.jdbc.exceptions.SQLExceptionsMapping.translateException(SQLExceptionsMapping.java:73)
	at com.mysql.cj.jdbc.ConnectionImpl.setNetworkTimeout(ConnectionImpl.java:2480)
	at com.zaxxer.hikari.pool.PoolBase.setNetworkTimeout(PoolBase.java:560)
	at com.zaxxer.hikari.pool.PoolBase.isConnectionAlive(PoolBase.java:173)
	at com.zaxxer.hikari.pool.HikariPool.getConnection(HikariPool.java:186)
	... 112 more
Caused by: com.mysql.cj.exceptions.ConnectionIsClosedException: No operations allowed after connection closed.
	at sun.reflect.GeneratedConstructorAccessor79.newInstance(Unknown Source)
	at sun.reflect.DelegatingConstructorAccessorImpl.newInstance(DelegatingConstructorAccessorImpl.java:45)
	at java.lang.reflect.Constructor.newInstance(Constructor.java:423)
	at com.mysql.cj.exceptions.ExceptionFactory.createException(ExceptionFactory.java:61)
	at com.mysql.cj.exceptions.ExceptionFactory.createException(ExceptionFactory.java:105)
	at com.mysql.cj.exceptions.ExceptionFactory.createException(ExceptionFactory.java:151)
	at com.mysql.cj.NativeSession.checkClosed(NativeSession.java:762)
	at com.mysql.cj.jdbc.ConnectionImpl.checkClosed(ConnectionImpl.java:568)
	at com.mysql.cj.jdbc.ConnectionImpl.setNetworkTimeout(ConnectionImpl.java:2476)
	... 115 more

2022-02-11 20:17:40.508 [http-nio-8081-exec-9] ERROR com.novedu.nov.common.aspect.NovExceptionHandler -
                org.springframework.dao.DataIntegrityViolationException: 
### Error updating database.  Cause: java.sql.SQLException: Field 'report_uid' doesn't have a default value
### The error may exist in com/novedu/nov/edu/mapper/EduCommentMapper.java (best guess)
### The error may involve com.novedu.nov.edu.mapper.EduCommentMapper.insert-Inline
### The error occurred while setting parameters
### SQL: INSERT INTO edu_comment  ( id, course_id, teacher_id, uid, content, create_time, update_time,  mark )  VALUES  ( ?, ?, ?, ?, ?, ?, ?,  ? )
### Cause: java.sql.SQLException: Field 'report_uid' doesn't have a default value
; Field 'report_uid' doesn't have a default value; nested exception is java.sql.SQLException: Field 'report_uid' doesn't have a default value
	at org.springframework.jdbc.support.SQLErrorCodeSQLExceptionTranslator.doTranslate(SQLErrorCodeSQLExceptionTranslator.java:251)
	at org.springframework.jdbc.support.AbstractFallbackSQLExceptionTranslator.translate(AbstractFallbackSQLExceptionTranslator.java:72)
	at org.mybatis.spring.MyBatisExceptionTranslator.translateExceptionIfPossible(MyBatisExceptionTranslator.java:88)
	at org.mybatis.spring.SqlSessionTemplate$SqlSessionInterceptor.invoke(SqlSessionTemplate.java:440)
	at com.sun.proxy.$Proxy117.insert(Unknown Source)
	at org.mybatis.spring.SqlSessionTemplate.insert(SqlSessionTemplate.java:271)
	at com.baomidou.mybatisplus.core.override.MybatisMapperMethod.execute(MybatisMapperMethod.java:60)
	at com.baomidou.mybatisplus.core.override.MybatisMapperProxy$PlainMethodInvoker.invoke(MybatisMapperProxy.java:148)
	at com.baomidou.mybatisplus.core.override.MybatisMapperProxy.invoke(MybatisMapperProxy.java:89)
	at com.sun.proxy.$Proxy134.insert(Unknown Source)
	at sun.reflect.NativeMethodAccessorImpl.invoke0(Native Method)
	at sun.reflect.NativeMethodAccessorImpl.invoke(NativeMethodAccessorImpl.java:62)
	at sun.reflect.DelegatingMethodAccessorImpl.invoke(DelegatingMethodAccessorImpl.java:43)
	at java.lang.reflect.Method.invoke(Method.java:498)
	at org.springframework.aop.support.AopUtils.invokeJoinpointUsingReflection(AopUtils.java:344)
	at org.springframework.aop.framework.ReflectiveMethodInvocation.invokeJoinpoint(ReflectiveMethodInvocation.java:198)
	at org.springframework.aop.framework.ReflectiveMethodInvocation.proceed(ReflectiveMethodInvocation.java:163)
	at org.springframework.dao.support.PersistenceExceptionTranslationInterceptor.invoke(PersistenceExceptionTranslationInterceptor.java:139)
	at org.springframework.aop.framework.ReflectiveMethodInvocation.proceed(ReflectiveMethodInvocation.java:186)
	at org.springframework.aop.framework.JdkDynamicAopProxy.invoke(JdkDynamicAopProxy.java:212)
	at com.sun.proxy.$Proxy135.insert(Unknown Source)
	at com.baomidou.mybatisplus.extension.service.IService.save(IService.java:63)
	at com.novedu.nov.edu.service.impl.EduCommentServiceImpl.saveComment(EduCommentServiceImpl.java:37)
	at com.novedu.nov.edu.service.impl.EduCommentServiceImpl$$FastClassBySpringCGLIB$$fcfab8e8.invoke(<generated>)
	at org.springframework.cglib.proxy.MethodProxy.invoke(MethodProxy.java:218)
	at org.springframework.aop.framework.CglibAopProxy$DynamicAdvisedInterceptor.intercept(CglibAopProxy.java:688)
	at com.novedu.nov.edu.service.impl.EduCommentServiceImpl$$EnhancerBySpringCGLIB$$4525b9b3.saveComment(<generated>)
	at com.novedu.nov.edu.controller.EduCommentController.saveComment(EduCommentController.java:33)
	at com.novedu.nov.edu.controller.EduCommentController$$FastClassBySpringCGLIB$$4f654886.invoke(<generated>)
	at org.springframework.cglib.proxy.MethodProxy.invoke(MethodProxy.java:218)
	at org.springframework.aop.framework.CglibAopProxy$CglibMethodInvocation.invokeJoinpoint(CglibAopProxy.java:779)
	at org.springframework.aop.framework.ReflectiveMethodInvocation.proceed(ReflectiveMethodInvocation.java:163)
	at org.springframework.aop.framework.CglibAopProxy$CglibMethodInvocation.proceed(CglibAopProxy.java:750)
	at org.springframework.aop.aspectj.MethodInvocationProceedingJoinPoint.proceed(MethodInvocationProceedingJoinPoint.java:88)
	at com.novedu.nov.common.aspect.NovLogHandler.around(NovLogHandler.java:56)
	at sun.reflect.GeneratedMethodAccessor223.invoke(Unknown Source)
	at sun.reflect.DelegatingMethodAccessorImpl.invoke(DelegatingMethodAccessorImpl.java:43)
	at java.lang.reflect.Method.invoke(Method.java:498)
	at org.springframework.aop.aspectj.AbstractAspectJAdvice.invokeAdviceMethodWithGivenArgs(AbstractAspectJAdvice.java:644)
	at org.springframework.aop.aspectj.AbstractAspectJAdvice.invokeAdviceMethod(AbstractAspectJAdvice.java:633)
	at org.springframework.aop.aspectj.AspectJAroundAdvice.invoke(AspectJAroundAdvice.java:70)
	at org.springframework.aop.framework.ReflectiveMethodInvocation.proceed(ReflectiveMethodInvocation.java:186)
	at org.springframework.aop.framework.CglibAopProxy$CglibMethodInvocation.proceed(CglibAopProxy.java:750)
	at org.springframework.aop.interceptor.ExposeInvocationInterceptor.invoke(ExposeInvocationInterceptor.java:95)
	at org.springframework.aop.framework.ReflectiveMethodInvocation.proceed(ReflectiveMethodInvocation.java:186)
	at org.springframework.aop.framework.CglibAopProxy$CglibMethodInvocation.proceed(CglibAopProxy.java:750)
	at org.springframework.aop.framework.CglibAopProxy$DynamicAdvisedInterceptor.intercept(CglibAopProxy.java:692)
	at com.novedu.nov.edu.controller.EduCommentController$$EnhancerBySpringCGLIB$$17140195.saveComment(<generated>)
	at sun.reflect.NativeMethodAccessorImpl.invoke0(Native Method)
	at sun.reflect.NativeMethodAccessorImpl.invoke(NativeMethodAccessorImpl.java:62)
	at sun.reflect.DelegatingMethodAccessorImpl.invoke(DelegatingMethodAccessorImpl.java:43)
	at java.lang.reflect.Method.invoke(Method.java:498)
	at org.springframework.web.method.support.InvocableHandlerMethod.doInvoke(InvocableHandlerMethod.java:190)
	at org.springframework.web.method.support.InvocableHandlerMethod.invokeForRequest(InvocableHandlerMethod.java:138)
	at org.springframework.web.servlet.mvc.method.annotation.ServletInvocableHandlerMethod.invokeAndHandle(ServletInvocableHandlerMethod.java:105)
	at org.springframework.web.servlet.mvc.method.annotation.RequestMappingHandlerAdapter.invokeHandlerMethod(RequestMappingHandlerAdapter.java:878)
	at org.springframework.web.servlet.mvc.method.annotation.RequestMappingHandlerAdapter.handleInternal(RequestMappingHandlerAdapter.java:792)
	at org.springframework.web.servlet.mvc.method.AbstractHandlerMethodAdapter.handle(AbstractHandlerMethodAdapter.java:87)
	at org.springframework.web.servlet.DispatcherServlet.doDispatch(DispatcherServlet.java:1040)
	at org.springframework.web.servlet.DispatcherServlet.doService(DispatcherServlet.java:943)
	at org.springframework.web.servlet.FrameworkServlet.processRequest(FrameworkServlet.java:1006)
	at org.springframework.web.servlet.FrameworkServlet.doPost(FrameworkServlet.java:909)
	at javax.servlet.http.HttpServlet.service(HttpServlet.java:652)
	at org.springframework.web.servlet.FrameworkServlet.service(FrameworkServlet.java:883)
	at javax.servlet.http.HttpServlet.service(HttpServlet.java:733)
	at org.apache.catalina.core.ApplicationFilterChain.internalDoFilter(ApplicationFilterChain.java:227)
	at org.apache.catalina.core.ApplicationFilterChain.doFilter(ApplicationFilterChain.java:162)
	at org.apache.tomcat.websocket.server.WsFilter.doFilter(WsFilter.java:53)
	at org.apache.catalina.core.ApplicationFilterChain.internalDoFilter(ApplicationFilterChain.java:189)
	at org.apache.catalina.core.ApplicationFilterChain.doFilter(ApplicationFilterChain.java:162)
	at org.springframework.web.filter.CorsFilter.doFilterInternal(CorsFilter.java:92)
	at org.springframework.web.filter.OncePerRequestFilter.doFilter(OncePerRequestFilter.java:119)
	at org.apache.catalina.core.ApplicationFilterChain.internalDoFilter(ApplicationFilterChain.java:189)
	at org.apache.catalina.core.ApplicationFilterChain.doFilter(ApplicationFilterChain.java:162)
	at org.springframework.web.filter.RequestContextFilter.doFilterInternal(RequestContextFilter.java:100)
	at org.springframework.web.filter.OncePerRequestFilter.doFilter(OncePerRequestFilter.java:119)
	at org.apache.catalina.core.ApplicationFilterChain.internalDoFilter(ApplicationFilterChain.java:189)
	at org.apache.catalina.core.ApplicationFilterChain.doFilter(ApplicationFilterChain.java:162)
	at org.springframework.web.filter.FormContentFilter.doFilterInternal(FormContentFilter.java:93)
	at org.springframework.web.filter.OncePerRequestFilter.doFilter(OncePerRequestFilter.java:119)
	at org.apache.catalina.core.ApplicationFilterChain.internalDoFilter(ApplicationFilterChain.java:189)
	at org.apache.catalina.core.ApplicationFilterChain.doFilter(ApplicationFilterChain.java:162)
	at org.springframework.web.filter.CharacterEncodingFilter.doFilterInternal(CharacterEncodingFilter.java:201)
	at org.springframework.web.filter.OncePerRequestFilter.doFilter(OncePerRequestFilter.java:119)
	at org.apache.catalina.core.ApplicationFilterChain.internalDoFilter(ApplicationFilterChain.java:189)
	at org.apache.catalina.core.ApplicationFilterChain.doFilter(ApplicationFilterChain.java:162)
	at org.apache.catalina.core.StandardWrapperValve.invoke(StandardWrapperValve.java:202)
	at org.apache.catalina.core.StandardContextValve.invoke(StandardContextValve.java:97)
	at org.apache.catalina.authenticator.AuthenticatorBase.invoke(AuthenticatorBase.java:542)
	at org.apache.catalina.core.StandardHostValve.invoke(StandardHostValve.java:143)
	at org.apache.catalina.valves.ErrorReportValve.invoke(ErrorReportValve.java:92)
	at org.apache.catalina.core.StandardEngineValve.invoke(StandardEngineValve.java:78)
	at org.apache.catalina.connector.CoyoteAdapter.service(CoyoteAdapter.java:357)
	at org.apache.coyote.http11.Http11Processor.service(Http11Processor.java:374)
	at org.apache.coyote.AbstractProcessorLight.process(AbstractProcessorLight.java:65)
	at org.apache.coyote.AbstractProtocol$ConnectionHandler.process(AbstractProtocol.java:893)
	at org.apache.tomcat.util.net.NioEndpoint$SocketProcessor.doRun(NioEndpoint.java:1707)
	at org.apache.tomcat.util.net.SocketProcessorBase.run(SocketProcessorBase.java:49)
	at java.util.concurrent.ThreadPoolExecutor.runWorker(ThreadPoolExecutor.java:1149)
	at java.util.concurrent.ThreadPoolExecutor$Worker.run(ThreadPoolExecutor.java:624)
	at org.apache.tomcat.util.threads.TaskThread$WrappingRunnable.run(TaskThread.java:61)
	at java.lang.Thread.run(Thread.java:748)
Caused by: java.sql.SQLException: Field 'report_uid' doesn't have a default value
	at com.mysql.cj.jdbc.exceptions.SQLError.createSQLException(SQLError.java:129)
	at com.mysql.cj.jdbc.exceptions.SQLExceptionsMapping.translateException(SQLExceptionsMapping.java:122)
	at com.mysql.cj.jdbc.ClientPreparedStatement.executeInternal(ClientPreparedStatement.java:953)
	at com.mysql.cj.jdbc.ClientPreparedStatement.execute(ClientPreparedStatement.java:371)
	at com.zaxxer.hikari.pool.ProxyPreparedStatement.execute(ProxyPreparedStatement.java:44)
	at com.zaxxer.hikari.pool.HikariProxyPreparedStatement.execute(HikariProxyPreparedStatement.java)
	at org.apache.ibatis.executor.statement.PreparedStatementHandler.update(PreparedStatementHandler.java:47)
	at org.apache.ibatis.executor.statement.RoutingStatementHandler.update(RoutingStatementHandler.java:74)
	at sun.reflect.GeneratedMethodAccessor363.invoke(Unknown Source)
	at sun.reflect.DelegatingMethodAccessorImpl.invoke(DelegatingMethodAccessorImpl.java:43)
	at java.lang.reflect.Method.invoke(Method.java:498)
	at org.apache.ibatis.plugin.Plugin.invoke(Plugin.java:63)
	at com.sun.proxy.$Proxy153.update(Unknown Source)
	at com.baomidou.mybatisplus.core.executor.MybatisSimpleExecutor.doUpdate(MybatisSimpleExecutor.java:56)
	at org.apache.ibatis.executor.BaseExecutor.update(BaseExecutor.java:117)
	at com.baomidou.mybatisplus.core.executor.MybatisCachingExecutor.update(MybatisCachingExecutor.java:85)
	at sun.reflect.GeneratedMethodAccessor362.invoke(Unknown Source)
	at sun.reflect.DelegatingMethodAccessorImpl.invoke(DelegatingMethodAccessorImpl.java:43)
	at java.lang.reflect.Method.invoke(Method.java:498)
	at org.apache.ibatis.plugin.Invocation.proceed(Invocation.java:49)
	at com.baomidou.mybatisplus.extension.plugins.MybatisPlusInterceptor.intercept(MybatisPlusInterceptor.java:83)
	at org.apache.ibatis.plugin.Plugin.invoke(Plugin.java:61)
	at com.sun.proxy.$Proxy152.update(Unknown Source)
	at org.apache.ibatis.session.defaults.DefaultSqlSession.update(DefaultSqlSession.java:197)
	at org.apache.ibatis.session.defaults.DefaultSqlSession.insert(DefaultSqlSession.java:184)
	at sun.reflect.NativeMethodAccessorImpl.invoke0(Native Method)
	at sun.reflect.NativeMethodAccessorImpl.invoke(NativeMethodAccessorImpl.java:62)
	at sun.reflect.DelegatingMethodAccessorImpl.invoke(DelegatingMethodAccessorImpl.java:43)
	at java.lang.reflect.Method.invoke(Method.java:498)
	at org.mybatis.spring.SqlSessionTemplate$SqlSessionInterceptor.invoke(SqlSessionTemplate.java:426)
	... 98 more

2022-02-11 20:46:54.931 [http-nio-8081-exec-1] ERROR com.novedu.nov.common.aspect.NovExceptionHandler -
                java.lang.NullPointerException
	at com.novedu.nov.edu.service.impl.EduVideoServiceImpl.queryOrderByUidAndCourseId(EduVideoServiceImpl.java:124)
	at com.novedu.nov.edu.service.impl.EduVideoServiceImpl.queryClientVideo(EduVideoServiceImpl.java:134)
	at com.novedu.nov.edu.service.impl.EduVideoServiceImpl$$FastClassBySpringCGLIB$$2f0455cc.invoke(<generated>)
	at org.springframework.cglib.proxy.MethodProxy.invoke(MethodProxy.java:218)
	at org.springframework.aop.framework.CglibAopProxy$DynamicAdvisedInterceptor.intercept(CglibAopProxy.java:688)
	at com.novedu.nov.edu.service.impl.EduVideoServiceImpl$$EnhancerBySpringCGLIB$$44b3da0.queryClientVideo(<generated>)
	at com.novedu.nov.edu.controller.EduVideoController.queryClientVideo(EduVideoController.java:52)
	at com.novedu.nov.edu.controller.EduVideoController$$FastClassBySpringCGLIB$$2410ca62.invoke(<generated>)
	at org.springframework.cglib.proxy.MethodProxy.invoke(MethodProxy.java:218)
	at org.springframework.aop.framework.CglibAopProxy$CglibMethodInvocation.invokeJoinpoint(CglibAopProxy.java:779)
	at org.springframework.aop.framework.ReflectiveMethodInvocation.proceed(ReflectiveMethodInvocation.java:163)
	at org.springframework.aop.framework.CglibAopProxy$CglibMethodInvocation.proceed(CglibAopProxy.java:750)
	at org.springframework.aop.aspectj.MethodInvocationProceedingJoinPoint.proceed(MethodInvocationProceedingJoinPoint.java:88)
	at com.novedu.nov.common.aspect.NovLogHandler.around(NovLogHandler.java:56)
	at sun.reflect.NativeMethodAccessorImpl.invoke0(Native Method)
	at sun.reflect.NativeMethodAccessorImpl.invoke(NativeMethodAccessorImpl.java:62)
	at sun.reflect.DelegatingMethodAccessorImpl.invoke(DelegatingMethodAccessorImpl.java:43)
	at java.lang.reflect.Method.invoke(Method.java:498)
	at org.springframework.aop.aspectj.AbstractAspectJAdvice.invokeAdviceMethodWithGivenArgs(AbstractAspectJAdvice.java:644)
	at org.springframework.aop.aspectj.AbstractAspectJAdvice.invokeAdviceMethod(AbstractAspectJAdvice.java:633)
	at org.springframework.aop.aspectj.AspectJAroundAdvice.invoke(AspectJAroundAdvice.java:70)
	at org.springframework.aop.framework.ReflectiveMethodInvocation.proceed(ReflectiveMethodInvocation.java:186)
	at org.springframework.aop.framework.CglibAopProxy$CglibMethodInvocation.proceed(CglibAopProxy.java:750)
	at org.springframework.aop.interceptor.ExposeInvocationInterceptor.invoke(ExposeInvocationInterceptor.java:95)
	at org.springframework.aop.framework.ReflectiveMethodInvocation.proceed(ReflectiveMethodInvocation.java:186)
	at org.springframework.aop.framework.CglibAopProxy$CglibMethodInvocation.proceed(CglibAopProxy.java:750)
	at org.springframework.aop.framework.CglibAopProxy$DynamicAdvisedInterceptor.intercept(CglibAopProxy.java:692)
	at com.novedu.nov.edu.controller.EduVideoController$$EnhancerBySpringCGLIB$$eb399f7d.queryClientVideo(<generated>)
	at sun.reflect.NativeMethodAccessorImpl.invoke0(Native Method)
	at sun.reflect.NativeMethodAccessorImpl.invoke(NativeMethodAccessorImpl.java:62)
	at sun.reflect.DelegatingMethodAccessorImpl.invoke(DelegatingMethodAccessorImpl.java:43)
	at java.lang.reflect.Method.invoke(Method.java:498)
	at org.springframework.web.method.support.InvocableHandlerMethod.doInvoke(InvocableHandlerMethod.java:190)
	at org.springframework.web.method.support.InvocableHandlerMethod.invokeForRequest(InvocableHandlerMethod.java:138)
	at org.springframework.web.servlet.mvc.method.annotation.ServletInvocableHandlerMethod.invokeAndHandle(ServletInvocableHandlerMethod.java:105)
	at org.springframework.web.servlet.mvc.method.annotation.RequestMappingHandlerAdapter.invokeHandlerMethod(RequestMappingHandlerAdapter.java:878)
	at org.springframework.web.servlet.mvc.method.annotation.RequestMappingHandlerAdapter.handleInternal(RequestMappingHandlerAdapter.java:792)
	at org.springframework.web.servlet.mvc.method.AbstractHandlerMethodAdapter.handle(AbstractHandlerMethodAdapter.java:87)
	at org.springframework.web.servlet.DispatcherServlet.doDispatch(DispatcherServlet.java:1040)
	at org.springframework.web.servlet.DispatcherServlet.doService(DispatcherServlet.java:943)
	at org.springframework.web.servlet.FrameworkServlet.processRequest(FrameworkServlet.java:1006)
	at org.springframework.web.servlet.FrameworkServlet.doPost(FrameworkServlet.java:909)
	at javax.servlet.http.HttpServlet.service(HttpServlet.java:652)
	at org.springframework.web.servlet.FrameworkServlet.service(FrameworkServlet.java:883)
	at javax.servlet.http.HttpServlet.service(HttpServlet.java:733)
	at org.apache.catalina.core.ApplicationFilterChain.internalDoFilter(ApplicationFilterChain.java:227)
	at org.apache.catalina.core.ApplicationFilterChain.doFilter(ApplicationFilterChain.java:162)
	at org.apache.tomcat.websocket.server.WsFilter.doFilter(WsFilter.java:53)
	at org.apache.catalina.core.ApplicationFilterChain.internalDoFilter(ApplicationFilterChain.java:189)
	at org.apache.catalina.core.ApplicationFilterChain.doFilter(ApplicationFilterChain.java:162)
	at org.springframework.web.filter.CorsFilter.doFilterInternal(CorsFilter.java:92)
	at org.springframework.web.filter.OncePerRequestFilter.doFilter(OncePerRequestFilter.java:119)
	at org.apache.catalina.core.ApplicationFilterChain.internalDoFilter(ApplicationFilterChain.java:189)
	at org.apache.catalina.core.ApplicationFilterChain.doFilter(ApplicationFilterChain.java:162)
	at org.springframework.web.filter.RequestContextFilter.doFilterInternal(RequestContextFilter.java:100)
	at org.springframework.web.filter.OncePerRequestFilter.doFilter(OncePerRequestFilter.java:119)
	at org.apache.catalina.core.ApplicationFilterChain.internalDoFilter(ApplicationFilterChain.java:189)
	at org.apache.catalina.core.ApplicationFilterChain.doFilter(ApplicationFilterChain.java:162)
	at org.springframework.web.filter.FormContentFilter.doFilterInternal(FormContentFilter.java:93)
	at org.springframework.web.filter.OncePerRequestFilter.doFilter(OncePerRequestFilter.java:119)
	at org.apache.catalina.core.ApplicationFilterChain.internalDoFilter(ApplicationFilterChain.java:189)
	at org.apache.catalina.core.ApplicationFilterChain.doFilter(ApplicationFilterChain.java:162)
	at org.springframework.web.filter.CharacterEncodingFilter.doFilterInternal(CharacterEncodingFilter.java:201)
	at org.springframework.web.filter.OncePerRequestFilter.doFilter(OncePerRequestFilter.java:119)
	at org.apache.catalina.core.ApplicationFilterChain.internalDoFilter(ApplicationFilterChain.java:189)
	at org.apache.catalina.core.ApplicationFilterChain.doFilter(ApplicationFilterChain.java:162)
	at org.apache.catalina.core.StandardWrapperValve.invoke(StandardWrapperValve.java:202)
	at org.apache.catalina.core.StandardContextValve.invoke(StandardContextValve.java:97)
	at org.apache.catalina.authenticator.AuthenticatorBase.invoke(AuthenticatorBase.java:542)
	at org.apache.catalina.core.StandardHostValve.invoke(StandardHostValve.java:143)
	at org.apache.catalina.valves.ErrorReportValve.invoke(ErrorReportValve.java:92)
	at org.apache.catalina.core.StandardEngineValve.invoke(StandardEngineValve.java:78)
	at org.apache.catalina.connector.CoyoteAdapter.service(CoyoteAdapter.java:357)
	at org.apache.coyote.http11.Http11Processor.service(Http11Processor.java:374)
	at org.apache.coyote.AbstractProcessorLight.process(AbstractProcessorLight.java:65)
	at org.apache.coyote.AbstractProtocol$ConnectionHandler.process(AbstractProtocol.java:893)
	at org.apache.tomcat.util.net.NioEndpoint$SocketProcessor.doRun(NioEndpoint.java:1707)
	at org.apache.tomcat.util.net.SocketProcessorBase.run(SocketProcessorBase.java:49)
	at java.util.concurrent.ThreadPoolExecutor.runWorker(ThreadPoolExecutor.java:1149)
	at java.util.concurrent.ThreadPoolExecutor$Worker.run(ThreadPoolExecutor.java:624)
	at org.apache.tomcat.util.threads.TaskThread$WrappingRunnable.run(TaskThread.java:61)
	at java.lang.Thread.run(Thread.java:748)

2022-02-11 20:47:29.530 [http-nio-8081-exec-6] ERROR com.novedu.nov.common.aspect.NovExceptionHandler -
                java.lang.NullPointerException
	at com.novedu.nov.edu.service.impl.EduVideoServiceImpl.queryOrderByUidAndCourseId(EduVideoServiceImpl.java:124)
	at com.novedu.nov.edu.service.impl.EduVideoServiceImpl.queryClientVideo(EduVideoServiceImpl.java:134)
	at com.novedu.nov.edu.service.impl.EduVideoServiceImpl$$FastClassBySpringCGLIB$$2f0455cc.invoke(<generated>)
	at org.springframework.cglib.proxy.MethodProxy.invoke(MethodProxy.java:218)
	at org.springframework.aop.framework.CglibAopProxy$DynamicAdvisedInterceptor.intercept(CglibAopProxy.java:688)
	at com.novedu.nov.edu.service.impl.EduVideoServiceImpl$$EnhancerBySpringCGLIB$$44b3da0.queryClientVideo(<generated>)
	at com.novedu.nov.edu.controller.EduVideoController.queryClientVideo(EduVideoController.java:52)
	at com.novedu.nov.edu.controller.EduVideoController$$FastClassBySpringCGLIB$$2410ca62.invoke(<generated>)
	at org.springframework.cglib.proxy.MethodProxy.invoke(MethodProxy.java:218)
	at org.springframework.aop.framework.CglibAopProxy$CglibMethodInvocation.invokeJoinpoint(CglibAopProxy.java:779)
	at org.springframework.aop.framework.ReflectiveMethodInvocation.proceed(ReflectiveMethodInvocation.java:163)
	at org.springframework.aop.framework.CglibAopProxy$CglibMethodInvocation.proceed(CglibAopProxy.java:750)
	at org.springframework.aop.aspectj.MethodInvocationProceedingJoinPoint.proceed(MethodInvocationProceedingJoinPoint.java:88)
	at com.novedu.nov.common.aspect.NovLogHandler.around(NovLogHandler.java:56)
	at sun.reflect.NativeMethodAccessorImpl.invoke0(Native Method)
	at sun.reflect.NativeMethodAccessorImpl.invoke(NativeMethodAccessorImpl.java:62)
	at sun.reflect.DelegatingMethodAccessorImpl.invoke(DelegatingMethodAccessorImpl.java:43)
	at java.lang.reflect.Method.invoke(Method.java:498)
	at org.springframework.aop.aspectj.AbstractAspectJAdvice.invokeAdviceMethodWithGivenArgs(AbstractAspectJAdvice.java:644)
	at org.springframework.aop.aspectj.AbstractAspectJAdvice.invokeAdviceMethod(AbstractAspectJAdvice.java:633)
	at org.springframework.aop.aspectj.AspectJAroundAdvice.invoke(AspectJAroundAdvice.java:70)
	at org.springframework.aop.framework.ReflectiveMethodInvocation.proceed(ReflectiveMethodInvocation.java:186)
	at org.springframework.aop.framework.CglibAopProxy$CglibMethodInvocation.proceed(CglibAopProxy.java:750)
	at org.springframework.aop.interceptor.ExposeInvocationInterceptor.invoke(ExposeInvocationInterceptor.java:95)
	at org.springframework.aop.framework.ReflectiveMethodInvocation.proceed(ReflectiveMethodInvocation.java:186)
	at org.springframework.aop.framework.CglibAopProxy$CglibMethodInvocation.proceed(CglibAopProxy.java:750)
	at org.springframework.aop.framework.CglibAopProxy$DynamicAdvisedInterceptor.intercept(CglibAopProxy.java:692)
	at com.novedu.nov.edu.controller.EduVideoController$$EnhancerBySpringCGLIB$$eb399f7d.queryClientVideo(<generated>)
	at sun.reflect.NativeMethodAccessorImpl.invoke0(Native Method)
	at sun.reflect.NativeMethodAccessorImpl.invoke(NativeMethodAccessorImpl.java:62)
	at sun.reflect.DelegatingMethodAccessorImpl.invoke(DelegatingMethodAccessorImpl.java:43)
	at java.lang.reflect.Method.invoke(Method.java:498)
	at org.springframework.web.method.support.InvocableHandlerMethod.doInvoke(InvocableHandlerMethod.java:190)
	at org.springframework.web.method.support.InvocableHandlerMethod.invokeForRequest(InvocableHandlerMethod.java:138)
	at org.springframework.web.servlet.mvc.method.annotation.ServletInvocableHandlerMethod.invokeAndHandle(ServletInvocableHandlerMethod.java:105)
	at org.springframework.web.servlet.mvc.method.annotation.RequestMappingHandlerAdapter.invokeHandlerMethod(RequestMappingHandlerAdapter.java:878)
	at org.springframework.web.servlet.mvc.method.annotation.RequestMappingHandlerAdapter.handleInternal(RequestMappingHandlerAdapter.java:792)
	at org.springframework.web.servlet.mvc.method.AbstractHandlerMethodAdapter.handle(AbstractHandlerMethodAdapter.java:87)
	at org.springframework.web.servlet.DispatcherServlet.doDispatch(DispatcherServlet.java:1040)
	at org.springframework.web.servlet.DispatcherServlet.doService(DispatcherServlet.java:943)
	at org.springframework.web.servlet.FrameworkServlet.processRequest(FrameworkServlet.java:1006)
	at org.springframework.web.servlet.FrameworkServlet.doPost(FrameworkServlet.java:909)
	at javax.servlet.http.HttpServlet.service(HttpServlet.java:652)
	at org.springframework.web.servlet.FrameworkServlet.service(FrameworkServlet.java:883)
	at javax.servlet.http.HttpServlet.service(HttpServlet.java:733)
	at org.apache.catalina.core.ApplicationFilterChain.internalDoFilter(ApplicationFilterChain.java:227)
	at org.apache.catalina.core.ApplicationFilterChain.doFilter(ApplicationFilterChain.java:162)
	at org.apache.tomcat.websocket.server.WsFilter.doFilter(WsFilter.java:53)
	at org.apache.catalina.core.ApplicationFilterChain.internalDoFilter(ApplicationFilterChain.java:189)
	at org.apache.catalina.core.ApplicationFilterChain.doFilter(ApplicationFilterChain.java:162)
	at org.springframework.web.filter.CorsFilter.doFilterInternal(CorsFilter.java:92)
	at org.springframework.web.filter.OncePerRequestFilter.doFilter(OncePerRequestFilter.java:119)
	at org.apache.catalina.core.ApplicationFilterChain.internalDoFilter(ApplicationFilterChain.java:189)
	at org.apache.catalina.core.ApplicationFilterChain.doFilter(ApplicationFilterChain.java:162)
	at org.springframework.web.filter.RequestContextFilter.doFilterInternal(RequestContextFilter.java:100)
	at org.springframework.web.filter.OncePerRequestFilter.doFilter(OncePerRequestFilter.java:119)
	at org.apache.catalina.core.ApplicationFilterChain.internalDoFilter(ApplicationFilterChain.java:189)
	at org.apache.catalina.core.ApplicationFilterChain.doFilter(ApplicationFilterChain.java:162)
	at org.springframework.web.filter.FormContentFilter.doFilterInternal(FormContentFilter.java:93)
	at org.springframework.web.filter.OncePerRequestFilter.doFilter(OncePerRequestFilter.java:119)
	at org.apache.catalina.core.ApplicationFilterChain.internalDoFilter(ApplicationFilterChain.java:189)
	at org.apache.catalina.core.ApplicationFilterChain.doFilter(ApplicationFilterChain.java:162)
	at org.springframework.web.filter.CharacterEncodingFilter.doFilterInternal(CharacterEncodingFilter.java:201)
	at org.springframework.web.filter.OncePerRequestFilter.doFilter(OncePerRequestFilter.java:119)
	at org.apache.catalina.core.ApplicationFilterChain.internalDoFilter(ApplicationFilterChain.java:189)
	at org.apache.catalina.core.ApplicationFilterChain.doFilter(ApplicationFilterChain.java:162)
	at org.apache.catalina.core.StandardWrapperValve.invoke(StandardWrapperValve.java:202)
	at org.apache.catalina.core.StandardContextValve.invoke(StandardContextValve.java:97)
	at org.apache.catalina.authenticator.AuthenticatorBase.invoke(AuthenticatorBase.java:542)
	at org.apache.catalina.core.StandardHostValve.invoke(StandardHostValve.java:143)
	at org.apache.catalina.valves.ErrorReportValve.invoke(ErrorReportValve.java:92)
	at org.apache.catalina.core.StandardEngineValve.invoke(StandardEngineValve.java:78)
	at org.apache.catalina.connector.CoyoteAdapter.service(CoyoteAdapter.java:357)
	at org.apache.coyote.http11.Http11Processor.service(Http11Processor.java:374)
	at org.apache.coyote.AbstractProcessorLight.process(AbstractProcessorLight.java:65)
	at org.apache.coyote.AbstractProtocol$ConnectionHandler.process(AbstractProtocol.java:893)
	at org.apache.tomcat.util.net.NioEndpoint$SocketProcessor.doRun(NioEndpoint.java:1707)
	at org.apache.tomcat.util.net.SocketProcessorBase.run(SocketProcessorBase.java:49)
	at java.util.concurrent.ThreadPoolExecutor.runWorker(ThreadPoolExecutor.java:1149)
	at java.util.concurrent.ThreadPoolExecutor$Worker.run(ThreadPoolExecutor.java:624)
	at org.apache.tomcat.util.threads.TaskThread$WrappingRunnable.run(TaskThread.java:61)
	at java.lang.Thread.run(Thread.java:748)

2022-02-11 20:48:00.365 [http-nio-8081-exec-4] ERROR com.novedu.nov.common.aspect.NovExceptionHandler -
                feign.codec.EncodeException: Error converting request body
	at org.springframework.cloud.openfeign.support.SpringEncoder.encodeWithMessageConverter(SpringEncoder.java:141)
	at org.springframework.cloud.openfeign.support.SpringEncoder.encode(SpringEncoder.java:119)
	at org.springframework.cloud.openfeign.support.PageableSpringEncoder.encode(PageableSpringEncoder.java:101)
	at feign.ReflectiveFeign$BuildEncodedTemplateFromArgs.resolve(ReflectiveFeign.java:385)
	at feign.ReflectiveFeign$BuildTemplateByResolvingArgs.create(ReflectiveFeign.java:232)
	at feign.SynchronousMethodHandler.invoke(SynchronousMethodHandler.java:84)
	at feign.ReflectiveFeign$FeignInvocationHandler.invoke(ReflectiveFeign.java:100)
	at com.sun.proxy.$Proxy151.queryOrderByUidAndCourseId(Unknown Source)
	at com.novedu.nov.edu.service.impl.EduVideoServiceImpl.queryOrderByUidAndCourseId(EduVideoServiceImpl.java:125)
	at com.novedu.nov.edu.service.impl.EduVideoServiceImpl.queryClientVideo(EduVideoServiceImpl.java:134)
	at com.novedu.nov.edu.service.impl.EduVideoServiceImpl$$FastClassBySpringCGLIB$$2f0455cc.invoke(<generated>)
	at org.springframework.cglib.proxy.MethodProxy.invoke(MethodProxy.java:218)
	at org.springframework.aop.framework.CglibAopProxy$DynamicAdvisedInterceptor.intercept(CglibAopProxy.java:688)
	at com.novedu.nov.edu.service.impl.EduVideoServiceImpl$$EnhancerBySpringCGLIB$$5a6dc230.queryClientVideo(<generated>)
	at com.novedu.nov.edu.controller.EduVideoController.queryClientVideo(EduVideoController.java:52)
	at com.novedu.nov.edu.controller.EduVideoController$$FastClassBySpringCGLIB$$2410ca62.invoke(<generated>)
	at org.springframework.cglib.proxy.MethodProxy.invoke(MethodProxy.java:218)
	at org.springframework.aop.framework.CglibAopProxy$CglibMethodInvocation.invokeJoinpoint(CglibAopProxy.java:779)
	at org.springframework.aop.framework.ReflectiveMethodInvocation.proceed(ReflectiveMethodInvocation.java:163)
	at org.springframework.aop.framework.CglibAopProxy$CglibMethodInvocation.proceed(CglibAopProxy.java:750)
	at org.springframework.aop.aspectj.MethodInvocationProceedingJoinPoint.proceed(MethodInvocationProceedingJoinPoint.java:88)
	at com.novedu.nov.common.aspect.NovLogHandler.around(NovLogHandler.java:56)
	at sun.reflect.NativeMethodAccessorImpl.invoke0(Native Method)
	at sun.reflect.NativeMethodAccessorImpl.invoke(NativeMethodAccessorImpl.java:62)
	at sun.reflect.DelegatingMethodAccessorImpl.invoke(DelegatingMethodAccessorImpl.java:43)
	at java.lang.reflect.Method.invoke(Method.java:498)
	at org.springframework.aop.aspectj.AbstractAspectJAdvice.invokeAdviceMethodWithGivenArgs(AbstractAspectJAdvice.java:644)
	at org.springframework.aop.aspectj.AbstractAspectJAdvice.invokeAdviceMethod(AbstractAspectJAdvice.java:633)
	at org.springframework.aop.aspectj.AspectJAroundAdvice.invoke(AspectJAroundAdvice.java:70)
	at org.springframework.aop.framework.ReflectiveMethodInvocation.proceed(ReflectiveMethodInvocation.java:186)
	at org.springframework.aop.framework.CglibAopProxy$CglibMethodInvocation.proceed(CglibAopProxy.java:750)
	at org.springframework.aop.interceptor.ExposeInvocationInterceptor.invoke(ExposeInvocationInterceptor.java:95)
	at org.springframework.aop.framework.ReflectiveMethodInvocation.proceed(ReflectiveMethodInvocation.java:186)
	at org.springframework.aop.framework.CglibAopProxy$CglibMethodInvocation.proceed(CglibAopProxy.java:750)
	at org.springframework.aop.framework.CglibAopProxy$DynamicAdvisedInterceptor.intercept(CglibAopProxy.java:692)
	at com.novedu.nov.edu.controller.EduVideoController$$EnhancerBySpringCGLIB$$b63bfcf0.queryClientVideo(<generated>)
	at sun.reflect.NativeMethodAccessorImpl.invoke0(Native Method)
	at sun.reflect.NativeMethodAccessorImpl.invoke(NativeMethodAccessorImpl.java:62)
	at sun.reflect.DelegatingMethodAccessorImpl.invoke(DelegatingMethodAccessorImpl.java:43)
	at java.lang.reflect.Method.invoke(Method.java:498)
	at org.springframework.web.method.support.InvocableHandlerMethod.doInvoke(InvocableHandlerMethod.java:190)
	at org.springframework.web.method.support.InvocableHandlerMethod.invokeForRequest(InvocableHandlerMethod.java:138)
	at org.springframework.web.servlet.mvc.method.annotation.ServletInvocableHandlerMethod.invokeAndHandle(ServletInvocableHandlerMethod.java:105)
	at org.springframework.web.servlet.mvc.method.annotation.RequestMappingHandlerAdapter.invokeHandlerMethod(RequestMappingHandlerAdapter.java:878)
	at org.springframework.web.servlet.mvc.method.annotation.RequestMappingHandlerAdapter.handleInternal(RequestMappingHandlerAdapter.java:792)
	at org.springframework.web.servlet.mvc.method.AbstractHandlerMethodAdapter.handle(AbstractHandlerMethodAdapter.java:87)
	at org.springframework.web.servlet.DispatcherServlet.doDispatch(DispatcherServlet.java:1040)
	at org.springframework.web.servlet.DispatcherServlet.doService(DispatcherServlet.java:943)
	at org.springframework.web.servlet.FrameworkServlet.processRequest(FrameworkServlet.java:1006)
	at org.springframework.web.servlet.FrameworkServlet.doPost(FrameworkServlet.java:909)
	at javax.servlet.http.HttpServlet.service(HttpServlet.java:652)
	at org.springframework.web.servlet.FrameworkServlet.service(FrameworkServlet.java:883)
	at javax.servlet.http.HttpServlet.service(HttpServlet.java:733)
	at org.apache.catalina.core.ApplicationFilterChain.internalDoFilter(ApplicationFilterChain.java:227)
	at org.apache.catalina.core.ApplicationFilterChain.doFilter(ApplicationFilterChain.java:162)
	at org.apache.tomcat.websocket.server.WsFilter.doFilter(WsFilter.java:53)
	at org.apache.catalina.core.ApplicationFilterChain.internalDoFilter(ApplicationFilterChain.java:189)
	at org.apache.catalina.core.ApplicationFilterChain.doFilter(ApplicationFilterChain.java:162)
	at org.springframework.web.filter.CorsFilter.doFilterInternal(CorsFilter.java:92)
	at org.springframework.web.filter.OncePerRequestFilter.doFilter(OncePerRequestFilter.java:119)
	at org.apache.catalina.core.ApplicationFilterChain.internalDoFilter(ApplicationFilterChain.java:189)
	at org.apache.catalina.core.ApplicationFilterChain.doFilter(ApplicationFilterChain.java:162)
	at org.springframework.web.filter.RequestContextFilter.doFilterInternal(RequestContextFilter.java:100)
	at org.springframework.web.filter.OncePerRequestFilter.doFilter(OncePerRequestFilter.java:119)
	at org.apache.catalina.core.ApplicationFilterChain.internalDoFilter(ApplicationFilterChain.java:189)
	at org.apache.catalina.core.ApplicationFilterChain.doFilter(ApplicationFilterChain.java:162)
	at org.springframework.web.filter.FormContentFilter.doFilterInternal(FormContentFilter.java:93)
	at org.springframework.web.filter.OncePerRequestFilter.doFilter(OncePerRequestFilter.java:119)
	at org.apache.catalina.core.ApplicationFilterChain.internalDoFilter(ApplicationFilterChain.java:189)
	at org.apache.catalina.core.ApplicationFilterChain.doFilter(ApplicationFilterChain.java:162)
	at org.springframework.web.filter.CharacterEncodingFilter.doFilterInternal(CharacterEncodingFilter.java:201)
	at org.springframework.web.filter.OncePerRequestFilter.doFilter(OncePerRequestFilter.java:119)
	at org.apache.catalina.core.ApplicationFilterChain.internalDoFilter(ApplicationFilterChain.java:189)
	at org.apache.catalina.core.ApplicationFilterChain.doFilter(ApplicationFilterChain.java:162)
	at org.apache.catalina.core.StandardWrapperValve.invoke(StandardWrapperValve.java:202)
	at org.apache.catalina.core.StandardContextValve.invoke(StandardContextValve.java:97)
	at org.apache.catalina.authenticator.AuthenticatorBase.invoke(AuthenticatorBase.java:542)
	at org.apache.catalina.core.StandardHostValve.invoke(StandardHostValve.java:143)
	at org.apache.catalina.valves.ErrorReportValve.invoke(ErrorReportValve.java:92)
	at org.apache.catalina.core.StandardEngineValve.invoke(StandardEngineValve.java:78)
	at org.apache.catalina.connector.CoyoteAdapter.service(CoyoteAdapter.java:357)
	at org.apache.coyote.http11.Http11Processor.service(Http11Processor.java:374)
	at org.apache.coyote.AbstractProcessorLight.process(AbstractProcessorLight.java:65)
	at org.apache.coyote.AbstractProtocol$ConnectionHandler.process(AbstractProtocol.java:893)
	at org.apache.tomcat.util.net.NioEndpoint$SocketProcessor.doRun(NioEndpoint.java:1707)
	at org.apache.tomcat.util.net.SocketProcessorBase.run(SocketProcessorBase.java:49)
	at java.util.concurrent.ThreadPoolExecutor.runWorker(ThreadPoolExecutor.java:1149)
	at java.util.concurrent.ThreadPoolExecutor$Worker.run(ThreadPoolExecutor.java:624)
	at org.apache.tomcat.util.threads.TaskThread$WrappingRunnable.run(TaskThread.java:61)
	at java.lang.Thread.run(Thread.java:748)
Caused by: org.springframework.http.converter.HttpMessageConversionException: Type definition error: [simple type, class java.util.Collections$3]; nested exception is com.fasterxml.jackson.databind.exc.InvalidDefinitionException: No serializer found for class java.util.Collections$3 and no properties discovered to create BeanSerializer (to avoid exception, disable SerializationFeature.FAIL_ON_EMPTY_BEANS) (through reference chain: org.apache.catalina.connector.RequestFacade["attributeNames"])
	at org.springframework.http.converter.json.AbstractJackson2HttpMessageConverter.writeInternal(AbstractJackson2HttpMessageConverter.java:353)
	at org.springframework.http.converter.AbstractGenericHttpMessageConverter.write(AbstractGenericHttpMessageConverter.java:104)
	at org.springframework.cloud.openfeign.support.SpringEncoder.checkAndWrite(SpringEncoder.java:210)
	at org.springframework.cloud.openfeign.support.SpringEncoder.encodeWithMessageConverter(SpringEncoder.java:131)
	... 89 more
Caused by: com.fasterxml.jackson.databind.exc.InvalidDefinitionException: No serializer found for class java.util.Collections$3 and no properties discovered to create BeanSerializer (to avoid exception, disable SerializationFeature.FAIL_ON_EMPTY_BEANS) (through reference chain: org.apache.catalina.connector.RequestFacade["attributeNames"])
	at com.fasterxml.jackson.databind.exc.InvalidDefinitionException.from(InvalidDefinitionException.java:77)
	at com.fasterxml.jackson.databind.SerializerProvider.reportBadDefinition(SerializerProvider.java:1277)
	at com.fasterxml.jackson.databind.DatabindContext.reportBadDefinition(DatabindContext.java:400)
	at com.fasterxml.jackson.databind.ser.impl.UnknownSerializer.failForEmpty(UnknownSerializer.java:71)
	at com.fasterxml.jackson.databind.ser.impl.UnknownSerializer.serialize(UnknownSerializer.java:33)
	at com.fasterxml.jackson.databind.ser.BeanPropertyWriter.serializeAsField(BeanPropertyWriter.java:728)
	at com.fasterxml.jackson.databind.ser.std.BeanSerializerBase.serializeFields(BeanSerializerBase.java:755)
	at com.fasterxml.jackson.databind.ser.BeanSerializer.serialize(BeanSerializer.java:178)
	at com.fasterxml.jackson.databind.ser.DefaultSerializerProvider._serialize(DefaultSerializerProvider.java:480)
	at com.fasterxml.jackson.databind.ser.DefaultSerializerProvider.serializeValue(DefaultSerializerProvider.java:319)
	at com.fasterxml.jackson.databind.ObjectWriter$Prefetch.serialize(ObjectWriter.java:1516)
	at com.fasterxml.jackson.databind.ObjectWriter.writeValue(ObjectWriter.java:1006)
	at org.springframework.http.converter.json.AbstractJackson2HttpMessageConverter.writeInternal(AbstractJackson2HttpMessageConverter.java:346)
	... 92 more

2022-02-11 20:50:30.008 [task-420] ERROR org.springframework.aop.interceptor.SimpleAsyncUncaughtExceptionHandler -
                Unexpected exception occurred invoking async method: public void com.novedu.nov.statistics.task.MultiThreadScheduleTask.asyncCourseViewCount()
java.lang.RuntimeException: com.netflix.client.ClientException: Load balancer does not have available server for client: service-edu
	at org.springframework.cloud.openfeign.ribbon.LoadBalancerFeignClient.execute(LoadBalancerFeignClient.java:91)
	at feign.SynchronousMethodHandler.executeAndDecode(SynchronousMethodHandler.java:119)
	at feign.SynchronousMethodHandler.invoke(SynchronousMethodHandler.java:89)
	at feign.ReflectiveFeign$FeignInvocationHandler.invoke(ReflectiveFeign.java:100)
	at com.sun.proxy.$Proxy120.statisticsCoursePlayCount(Unknown Source)
	at com.novedu.nov.statistics.task.MultiThreadScheduleTask.asyncCourseViewCount(MultiThreadScheduleTask.java:33)
	at com.novedu.nov.statistics.task.MultiThreadScheduleTask$$FastClassBySpringCGLIB$$a711be28.invoke(<generated>)
	at org.springframework.cglib.proxy.MethodProxy.invoke(MethodProxy.java:218)
	at org.springframework.aop.framework.CglibAopProxy$CglibMethodInvocation.invokeJoinpoint(CglibAopProxy.java:779)
	at org.springframework.aop.framework.ReflectiveMethodInvocation.proceed(ReflectiveMethodInvocation.java:163)
	at org.springframework.aop.framework.CglibAopProxy$CglibMethodInvocation.proceed(CglibAopProxy.java:750)
	at org.springframework.aop.interceptor.AsyncExecutionInterceptor.lambda$invoke$0(AsyncExecutionInterceptor.java:115)
	at java.util.concurrent.FutureTask.run$$$capture(FutureTask.java:266)
	at java.util.concurrent.FutureTask.run(FutureTask.java)
	at java.util.concurrent.ThreadPoolExecutor.runWorker(ThreadPoolExecutor.java:1149)
	at java.util.concurrent.ThreadPoolExecutor$Worker.run(ThreadPoolExecutor.java:624)
	at java.lang.Thread.run(Thread.java:748)
Caused by: com.netflix.client.ClientException: Load balancer does not have available server for client: service-edu
	at com.netflix.loadbalancer.LoadBalancerContext.getServerFromLoadBalancer(LoadBalancerContext.java:483)
	at com.netflix.loadbalancer.reactive.LoadBalancerCommand$1.call(LoadBalancerCommand.java:184)
	at com.netflix.loadbalancer.reactive.LoadBalancerCommand$1.call(LoadBalancerCommand.java:180)
	at rx.Observable.unsafeSubscribe(Observable.java:10327)
	at rx.internal.operators.OnSubscribeConcatMap.call(OnSubscribeConcatMap.java:94)
	at rx.internal.operators.OnSubscribeConcatMap.call(OnSubscribeConcatMap.java:42)
	at rx.Observable.unsafeSubscribe(Observable.java:10327)
	at rx.internal.operators.OperatorRetryWithPredicate$SourceSubscriber$1.call(OperatorRetryWithPredicate.java:127)
	at rx.internal.schedulers.TrampolineScheduler$InnerCurrentThreadScheduler.enqueue(TrampolineScheduler.java:73)
	at rx.internal.schedulers.TrampolineScheduler$InnerCurrentThreadScheduler.schedule(TrampolineScheduler.java:52)
	at rx.internal.operators.OperatorRetryWithPredicate$SourceSubscriber.onNext(OperatorRetryWithPredicate.java:79)
	at rx.internal.operators.OperatorRetryWithPredicate$SourceSubscriber.onNext(OperatorRetryWithPredicate.java:45)
	at rx.internal.util.ScalarSynchronousObservable$WeakSingleProducer.request(ScalarSynchronousObservable.java:276)
	at rx.Subscriber.setProducer(Subscriber.java:209)
	at rx.internal.util.ScalarSynchronousObservable$JustOnSubscribe.call(ScalarSynchronousObservable.java:138)
	at rx.internal.util.ScalarSynchronousObservable$JustOnSubscribe.call(ScalarSynchronousObservable.java:129)
	at rx.internal.operators.OnSubscribeLift.call(OnSubscribeLift.java:48)
	at rx.internal.operators.OnSubscribeLift.call(OnSubscribeLift.java:30)
	at rx.internal.operators.OnSubscribeLift.call(OnSubscribeLift.java:48)
	at rx.internal.operators.OnSubscribeLift.call(OnSubscribeLift.java:30)
	at rx.internal.operators.OnSubscribeLift.call(OnSubscribeLift.java:48)
	at rx.internal.operators.OnSubscribeLift.call(OnSubscribeLift.java:30)
	at rx.Observable.subscribe(Observable.java:10423)
	at rx.Observable.subscribe(Observable.java:10390)
	at rx.observables.BlockingObservable.blockForSingle(BlockingObservable.java:443)
	at rx.observables.BlockingObservable.single(BlockingObservable.java:340)
	at com.netflix.client.AbstractLoadBalancerAwareClient.executeWithLoadBalancer(AbstractLoadBalancerAwareClient.java:112)
	at org.springframework.cloud.openfeign.ribbon.LoadBalancerFeignClient.execute(LoadBalancerFeignClient.java:84)
	... 16 common frames omitted
2022-02-11 20:50:30.008 [task-419] ERROR org.springframework.aop.interceptor.SimpleAsyncUncaughtExceptionHandler -
                Unexpected exception occurred invoking async method: public void com.novedu.nov.statistics.task.MultiThreadScheduleTask.statisticsCourseBuyCount()
java.lang.RuntimeException: com.netflix.client.ClientException: Load balancer does not have available server for client: service-edu
	at org.springframework.cloud.openfeign.ribbon.LoadBalancerFeignClient.execute(LoadBalancerFeignClient.java:91)
	at feign.SynchronousMethodHandler.executeAndDecode(SynchronousMethodHandler.java:119)
	at feign.SynchronousMethodHandler.invoke(SynchronousMethodHandler.java:89)
	at feign.ReflectiveFeign$FeignInvocationHandler.invoke(ReflectiveFeign.java:100)
	at com.sun.proxy.$Proxy120.statisticsCourseBuyCount(Unknown Source)
	at com.novedu.nov.statistics.task.MultiThreadScheduleTask.statisticsCourseBuyCount(MultiThreadScheduleTask.java:49)
	at com.novedu.nov.statistics.task.MultiThreadScheduleTask$$FastClassBySpringCGLIB$$a711be28.invoke(<generated>)
	at org.springframework.cglib.proxy.MethodProxy.invoke(MethodProxy.java:218)
	at org.springframework.aop.framework.CglibAopProxy$CglibMethodInvocation.invokeJoinpoint(CglibAopProxy.java:779)
	at org.springframework.aop.framework.ReflectiveMethodInvocation.proceed(ReflectiveMethodInvocation.java:163)
	at org.springframework.aop.framework.CglibAopProxy$CglibMethodInvocation.proceed(CglibAopProxy.java:750)
	at org.springframework.aop.interceptor.AsyncExecutionInterceptor.lambda$invoke$0(AsyncExecutionInterceptor.java:115)
	at java.util.concurrent.FutureTask.run$$$capture(FutureTask.java:266)
	at java.util.concurrent.FutureTask.run(FutureTask.java)
	at java.util.concurrent.ThreadPoolExecutor.runWorker(ThreadPoolExecutor.java:1149)
	at java.util.concurrent.ThreadPoolExecutor$Worker.run(ThreadPoolExecutor.java:624)
	at java.lang.Thread.run(Thread.java:748)
Caused by: com.netflix.client.ClientException: Load balancer does not have available server for client: service-edu
	at com.netflix.loadbalancer.LoadBalancerContext.getServerFromLoadBalancer(LoadBalancerContext.java:483)
	at com.netflix.loadbalancer.reactive.LoadBalancerCommand$1.call(LoadBalancerCommand.java:184)
	at com.netflix.loadbalancer.reactive.LoadBalancerCommand$1.call(LoadBalancerCommand.java:180)
	at rx.Observable.unsafeSubscribe(Observable.java:10327)
	at rx.internal.operators.OnSubscribeConcatMap.call(OnSubscribeConcatMap.java:94)
	at rx.internal.operators.OnSubscribeConcatMap.call(OnSubscribeConcatMap.java:42)
	at rx.Observable.unsafeSubscribe(Observable.java:10327)
	at rx.internal.operators.OperatorRetryWithPredicate$SourceSubscriber$1.call(OperatorRetryWithPredicate.java:127)
	at rx.internal.schedulers.TrampolineScheduler$InnerCurrentThreadScheduler.enqueue(TrampolineScheduler.java:73)
	at rx.internal.schedulers.TrampolineScheduler$InnerCurrentThreadScheduler.schedule(TrampolineScheduler.java:52)
	at rx.internal.operators.OperatorRetryWithPredicate$SourceSubscriber.onNext(OperatorRetryWithPredicate.java:79)
	at rx.internal.operators.OperatorRetryWithPredicate$SourceSubscriber.onNext(OperatorRetryWithPredicate.java:45)
	at rx.internal.util.ScalarSynchronousObservable$WeakSingleProducer.request(ScalarSynchronousObservable.java:276)
	at rx.Subscriber.setProducer(Subscriber.java:209)
	at rx.internal.util.ScalarSynchronousObservable$JustOnSubscribe.call(ScalarSynchronousObservable.java:138)
	at rx.internal.util.ScalarSynchronousObservable$JustOnSubscribe.call(ScalarSynchronousObservable.java:129)
	at rx.internal.operators.OnSubscribeLift.call(OnSubscribeLift.java:48)
	at rx.internal.operators.OnSubscribeLift.call(OnSubscribeLift.java:30)
	at rx.internal.operators.OnSubscribeLift.call(OnSubscribeLift.java:48)
	at rx.internal.operators.OnSubscribeLift.call(OnSubscribeLift.java:30)
	at rx.internal.operators.OnSubscribeLift.call(OnSubscribeLift.java:48)
	at rx.internal.operators.OnSubscribeLift.call(OnSubscribeLift.java:30)
	at rx.Observable.subscribe(Observable.java:10423)
	at rx.Observable.subscribe(Observable.java:10390)
	at rx.observables.BlockingObservable.blockForSingle(BlockingObservable.java:443)
	at rx.observables.BlockingObservable.single(BlockingObservable.java:340)
	at com.netflix.client.AbstractLoadBalancerAwareClient.executeWithLoadBalancer(AbstractLoadBalancerAwareClient.java:112)
	at org.springframework.cloud.openfeign.ribbon.LoadBalancerFeignClient.execute(LoadBalancerFeignClient.java:84)
	... 16 common frames omitted
2022-02-11 20:50:30.008 [task-400] ERROR org.springframework.aop.interceptor.SimpleAsyncUncaughtExceptionHandler -
                Unexpected exception occurred invoking async method: public void com.novedu.nov.statistics.task.MultiThreadScheduleTask.statisticsCourseApplyCount()
java.lang.RuntimeException: com.netflix.client.ClientException: Load balancer does not have available server for client: service-edu
	at org.springframework.cloud.openfeign.ribbon.LoadBalancerFeignClient.execute(LoadBalancerFeignClient.java:91)
	at feign.SynchronousMethodHandler.executeAndDecode(SynchronousMethodHandler.java:119)
	at feign.SynchronousMethodHandler.invoke(SynchronousMethodHandler.java:89)
	at feign.ReflectiveFeign$FeignInvocationHandler.invoke(ReflectiveFeign.java:100)
	at com.sun.proxy.$Proxy120.statisticsCourseApplyCount(Unknown Source)
	at com.novedu.nov.statistics.task.MultiThreadScheduleTask.statisticsCourseApplyCount(MultiThreadScheduleTask.java:41)
	at com.novedu.nov.statistics.task.MultiThreadScheduleTask$$FastClassBySpringCGLIB$$a711be28.invoke(<generated>)
	at org.springframework.cglib.proxy.MethodProxy.invoke(MethodProxy.java:218)
	at org.springframework.aop.framework.CglibAopProxy$CglibMethodInvocation.invokeJoinpoint(CglibAopProxy.java:779)
	at org.springframework.aop.framework.ReflectiveMethodInvocation.proceed(ReflectiveMethodInvocation.java:163)
	at org.springframework.aop.framework.CglibAopProxy$CglibMethodInvocation.proceed(CglibAopProxy.java:750)
	at org.springframework.aop.interceptor.AsyncExecutionInterceptor.lambda$invoke$0(AsyncExecutionInterceptor.java:115)
	at java.util.concurrent.FutureTask.run$$$capture(FutureTask.java:266)
	at java.util.concurrent.FutureTask.run(FutureTask.java)
	at java.util.concurrent.ThreadPoolExecutor.runWorker(ThreadPoolExecutor.java:1149)
	at java.util.concurrent.ThreadPoolExecutor$Worker.run(ThreadPoolExecutor.java:624)
	at java.lang.Thread.run(Thread.java:748)
Caused by: com.netflix.client.ClientException: Load balancer does not have available server for client: service-edu
	at com.netflix.loadbalancer.LoadBalancerContext.getServerFromLoadBalancer(LoadBalancerContext.java:483)
	at com.netflix.loadbalancer.reactive.LoadBalancerCommand$1.call(LoadBalancerCommand.java:184)
	at com.netflix.loadbalancer.reactive.LoadBalancerCommand$1.call(LoadBalancerCommand.java:180)
	at rx.Observable.unsafeSubscribe(Observable.java:10327)
	at rx.internal.operators.OnSubscribeConcatMap.call(OnSubscribeConcatMap.java:94)
	at rx.internal.operators.OnSubscribeConcatMap.call(OnSubscribeConcatMap.java:42)
	at rx.Observable.unsafeSubscribe(Observable.java:10327)
	at rx.internal.operators.OperatorRetryWithPredicate$SourceSubscriber$1.call(OperatorRetryWithPredicate.java:127)
	at rx.internal.schedulers.TrampolineScheduler$InnerCurrentThreadScheduler.enqueue(TrampolineScheduler.java:73)
	at rx.internal.schedulers.TrampolineScheduler$InnerCurrentThreadScheduler.schedule(TrampolineScheduler.java:52)
	at rx.internal.operators.OperatorRetryWithPredicate$SourceSubscriber.onNext(OperatorRetryWithPredicate.java:79)
	at rx.internal.operators.OperatorRetryWithPredicate$SourceSubscriber.onNext(OperatorRetryWithPredicate.java:45)
	at rx.internal.util.ScalarSynchronousObservable$WeakSingleProducer.request(ScalarSynchronousObservable.java:276)
	at rx.Subscriber.setProducer(Subscriber.java:209)
	at rx.internal.util.ScalarSynchronousObservable$JustOnSubscribe.call(ScalarSynchronousObservable.java:138)
	at rx.internal.util.ScalarSynchronousObservable$JustOnSubscribe.call(ScalarSynchronousObservable.java:129)
	at rx.internal.operators.OnSubscribeLift.call(OnSubscribeLift.java:48)
	at rx.internal.operators.OnSubscribeLift.call(OnSubscribeLift.java:30)
	at rx.internal.operators.OnSubscribeLift.call(OnSubscribeLift.java:48)
	at rx.internal.operators.OnSubscribeLift.call(OnSubscribeLift.java:30)
	at rx.internal.operators.OnSubscribeLift.call(OnSubscribeLift.java:48)
	at rx.internal.operators.OnSubscribeLift.call(OnSubscribeLift.java:30)
	at rx.Observable.subscribe(Observable.java:10423)
	at rx.Observable.subscribe(Observable.java:10390)
	at rx.observables.BlockingObservable.blockForSingle(BlockingObservable.java:443)
	at rx.observables.BlockingObservable.single(BlockingObservable.java:340)
	at com.netflix.client.AbstractLoadBalancerAwareClient.executeWithLoadBalancer(AbstractLoadBalancerAwareClient.java:112)
	at org.springframework.cloud.openfeign.ribbon.LoadBalancerFeignClient.execute(LoadBalancerFeignClient.java:84)
	... 16 common frames omitted
2022-02-11 20:50:30.008 [task-423] ERROR org.springframework.aop.interceptor.SimpleAsyncUncaughtExceptionHandler -
                Unexpected exception occurred invoking async method: public void com.novedu.nov.statistics.task.MultiThreadScheduleTask.statisticsCourseBuyCount()
java.lang.RuntimeException: com.netflix.client.ClientException: Load balancer does not have available server for client: service-edu
	at org.springframework.cloud.openfeign.ribbon.LoadBalancerFeignClient.execute(LoadBalancerFeignClient.java:91)
	at feign.SynchronousMethodHandler.executeAndDecode(SynchronousMethodHandler.java:119)
	at feign.SynchronousMethodHandler.invoke(SynchronousMethodHandler.java:89)
	at feign.ReflectiveFeign$FeignInvocationHandler.invoke(ReflectiveFeign.java:100)
	at com.sun.proxy.$Proxy120.statisticsCourseBuyCount(Unknown Source)
	at com.novedu.nov.statistics.task.MultiThreadScheduleTask.statisticsCourseBuyCount(MultiThreadScheduleTask.java:49)
	at com.novedu.nov.statistics.task.MultiThreadScheduleTask$$FastClassBySpringCGLIB$$a711be28.invoke(<generated>)
	at org.springframework.cglib.proxy.MethodProxy.invoke(MethodProxy.java:218)
	at org.springframework.aop.framework.CglibAopProxy$CglibMethodInvocation.invokeJoinpoint(CglibAopProxy.java:779)
	at org.springframework.aop.framework.ReflectiveMethodInvocation.proceed(ReflectiveMethodInvocation.java:163)
	at org.springframework.aop.framework.CglibAopProxy$CglibMethodInvocation.proceed(CglibAopProxy.java:750)
	at org.springframework.aop.interceptor.AsyncExecutionInterceptor.lambda$invoke$0(AsyncExecutionInterceptor.java:115)
	at java.util.concurrent.FutureTask.run$$$capture(FutureTask.java:266)
	at java.util.concurrent.FutureTask.run(FutureTask.java)
	at java.util.concurrent.ThreadPoolExecutor.runWorker(ThreadPoolExecutor.java:1149)
	at java.util.concurrent.ThreadPoolExecutor$Worker.run(ThreadPoolExecutor.java:624)
	at java.lang.Thread.run(Thread.java:748)
Caused by: com.netflix.client.ClientException: Load balancer does not have available server for client: service-edu
	at com.netflix.loadbalancer.LoadBalancerContext.getServerFromLoadBalancer(LoadBalancerContext.java:483)
	at com.netflix.loadbalancer.reactive.LoadBalancerCommand$1.call(LoadBalancerCommand.java:184)
	at com.netflix.loadbalancer.reactive.LoadBalancerCommand$1.call(LoadBalancerCommand.java:180)
	at rx.Observable.unsafeSubscribe(Observable.java:10327)
	at rx.internal.operators.OnSubscribeConcatMap.call(OnSubscribeConcatMap.java:94)
	at rx.internal.operators.OnSubscribeConcatMap.call(OnSubscribeConcatMap.java:42)
	at rx.Observable.unsafeSubscribe(Observable.java:10327)
	at rx.internal.operators.OperatorRetryWithPredicate$SourceSubscriber$1.call(OperatorRetryWithPredicate.java:127)
	at rx.internal.schedulers.TrampolineScheduler$InnerCurrentThreadScheduler.enqueue(TrampolineScheduler.java:73)
	at rx.internal.schedulers.TrampolineScheduler$InnerCurrentThreadScheduler.schedule(TrampolineScheduler.java:52)
	at rx.internal.operators.OperatorRetryWithPredicate$SourceSubscriber.onNext(OperatorRetryWithPredicate.java:79)
	at rx.internal.operators.OperatorRetryWithPredicate$SourceSubscriber.onNext(OperatorRetryWithPredicate.java:45)
	at rx.internal.util.ScalarSynchronousObservable$WeakSingleProducer.request(ScalarSynchronousObservable.java:276)
	at rx.Subscriber.setProducer(Subscriber.java:209)
	at rx.internal.util.ScalarSynchronousObservable$JustOnSubscribe.call(ScalarSynchronousObservable.java:138)
	at rx.internal.util.ScalarSynchronousObservable$JustOnSubscribe.call(ScalarSynchronousObservable.java:129)
	at rx.internal.operators.OnSubscribeLift.call(OnSubscribeLift.java:48)
	at rx.internal.operators.OnSubscribeLift.call(OnSubscribeLift.java:30)
	at rx.internal.operators.OnSubscribeLift.call(OnSubscribeLift.java:48)
	at rx.internal.operators.OnSubscribeLift.call(OnSubscribeLift.java:30)
	at rx.internal.operators.OnSubscribeLift.call(OnSubscribeLift.java:48)
	at rx.internal.operators.OnSubscribeLift.call(OnSubscribeLift.java:30)
	at rx.Observable.subscribe(Observable.java:10423)
	at rx.Observable.subscribe(Observable.java:10390)
	at rx.observables.BlockingObservable.blockForSingle(BlockingObservable.java:443)
	at rx.observables.BlockingObservable.single(BlockingObservable.java:340)
	at com.netflix.client.AbstractLoadBalancerAwareClient.executeWithLoadBalancer(AbstractLoadBalancerAwareClient.java:112)
	at org.springframework.cloud.openfeign.ribbon.LoadBalancerFeignClient.execute(LoadBalancerFeignClient.java:84)
	... 16 common frames omitted
2022-02-11 20:50:30.009 [task-420] ERROR org.springframework.aop.interceptor.SimpleAsyncUncaughtExceptionHandler -
                Unexpected exception occurred invoking async method: public void com.novedu.nov.statistics.task.MultiThreadScheduleTask.asyncCourseViewCount()
java.lang.RuntimeException: com.netflix.client.ClientException: Load balancer does not have available server for client: service-edu
	at org.springframework.cloud.openfeign.ribbon.LoadBalancerFeignClient.execute(LoadBalancerFeignClient.java:91)
	at feign.SynchronousMethodHandler.executeAndDecode(SynchronousMethodHandler.java:119)
	at feign.SynchronousMethodHandler.invoke(SynchronousMethodHandler.java:89)
	at feign.ReflectiveFeign$FeignInvocationHandler.invoke(ReflectiveFeign.java:100)
	at com.sun.proxy.$Proxy120.statisticsCoursePlayCount(Unknown Source)
	at com.novedu.nov.statistics.task.MultiThreadScheduleTask.asyncCourseViewCount(MultiThreadScheduleTask.java:33)
	at com.novedu.nov.statistics.task.MultiThreadScheduleTask$$FastClassBySpringCGLIB$$a711be28.invoke(<generated>)
	at org.springframework.cglib.proxy.MethodProxy.invoke(MethodProxy.java:218)
	at org.springframework.aop.framework.CglibAopProxy$CglibMethodInvocation.invokeJoinpoint(CglibAopProxy.java:779)
	at org.springframework.aop.framework.ReflectiveMethodInvocation.proceed(ReflectiveMethodInvocation.java:163)
	at org.springframework.aop.framework.CglibAopProxy$CglibMethodInvocation.proceed(CglibAopProxy.java:750)
	at org.springframework.aop.interceptor.AsyncExecutionInterceptor.lambda$invoke$0(AsyncExecutionInterceptor.java:115)
	at java.util.concurrent.FutureTask.run$$$capture(FutureTask.java:266)
	at java.util.concurrent.FutureTask.run(FutureTask.java)
	at java.util.concurrent.ThreadPoolExecutor.runWorker(ThreadPoolExecutor.java:1149)
	at java.util.concurrent.ThreadPoolExecutor$Worker.run(ThreadPoolExecutor.java:624)
	at java.lang.Thread.run(Thread.java:748)
Caused by: com.netflix.client.ClientException: Load balancer does not have available server for client: service-edu
	at com.netflix.loadbalancer.LoadBalancerContext.getServerFromLoadBalancer(LoadBalancerContext.java:483)
	at com.netflix.loadbalancer.reactive.LoadBalancerCommand$1.call(LoadBalancerCommand.java:184)
	at com.netflix.loadbalancer.reactive.LoadBalancerCommand$1.call(LoadBalancerCommand.java:180)
	at rx.Observable.unsafeSubscribe(Observable.java:10327)
	at rx.internal.operators.OnSubscribeConcatMap.call(OnSubscribeConcatMap.java:94)
	at rx.internal.operators.OnSubscribeConcatMap.call(OnSubscribeConcatMap.java:42)
	at rx.Observable.unsafeSubscribe(Observable.java:10327)
	at rx.internal.operators.OperatorRetryWithPredicate$SourceSubscriber$1.call(OperatorRetryWithPredicate.java:127)
	at rx.internal.schedulers.TrampolineScheduler$InnerCurrentThreadScheduler.enqueue(TrampolineScheduler.java:73)
	at rx.internal.schedulers.TrampolineScheduler$InnerCurrentThreadScheduler.schedule(TrampolineScheduler.java:52)
	at rx.internal.operators.OperatorRetryWithPredicate$SourceSubscriber.onNext(OperatorRetryWithPredicate.java:79)
	at rx.internal.operators.OperatorRetryWithPredicate$SourceSubscriber.onNext(OperatorRetryWithPredicate.java:45)
	at rx.internal.util.ScalarSynchronousObservable$WeakSingleProducer.request(ScalarSynchronousObservable.java:276)
	at rx.Subscriber.setProducer(Subscriber.java:209)
	at rx.internal.util.ScalarSynchronousObservable$JustOnSubscribe.call(ScalarSynchronousObservable.java:138)
	at rx.internal.util.ScalarSynchronousObservable$JustOnSubscribe.call(ScalarSynchronousObservable.java:129)
	at rx.internal.operators.OnSubscribeLift.call(OnSubscribeLift.java:48)
	at rx.internal.operators.OnSubscribeLift.call(OnSubscribeLift.java:30)
	at rx.internal.operators.OnSubscribeLift.call(OnSubscribeLift.java:48)
	at rx.internal.operators.OnSubscribeLift.call(OnSubscribeLift.java:30)
	at rx.internal.operators.OnSubscribeLift.call(OnSubscribeLift.java:48)
	at rx.internal.operators.OnSubscribeLift.call(OnSubscribeLift.java:30)
	at rx.Observable.subscribe(Observable.java:10423)
	at rx.Observable.subscribe(Observable.java:10390)
	at rx.observables.BlockingObservable.blockForSingle(BlockingObservable.java:443)
	at rx.observables.BlockingObservable.single(BlockingObservable.java:340)
	at com.netflix.client.AbstractLoadBalancerAwareClient.executeWithLoadBalancer(AbstractLoadBalancerAwareClient.java:112)
	at org.springframework.cloud.openfeign.ribbon.LoadBalancerFeignClient.execute(LoadBalancerFeignClient.java:84)
	... 16 common frames omitted
2022-02-11 20:50:30.009 [task-419] ERROR org.springframework.aop.interceptor.SimpleAsyncUncaughtExceptionHandler -
                Unexpected exception occurred invoking async method: public void com.novedu.nov.statistics.task.MultiThreadScheduleTask.statisticsCourseApplyCount()
java.lang.RuntimeException: com.netflix.client.ClientException: Load balancer does not have available server for client: service-edu
	at org.springframework.cloud.openfeign.ribbon.LoadBalancerFeignClient.execute(LoadBalancerFeignClient.java:91)
	at feign.SynchronousMethodHandler.executeAndDecode(SynchronousMethodHandler.java:119)
	at feign.SynchronousMethodHandler.invoke(SynchronousMethodHandler.java:89)
	at feign.ReflectiveFeign$FeignInvocationHandler.invoke(ReflectiveFeign.java:100)
	at com.sun.proxy.$Proxy120.statisticsCourseApplyCount(Unknown Source)
	at com.novedu.nov.statistics.task.MultiThreadScheduleTask.statisticsCourseApplyCount(MultiThreadScheduleTask.java:41)
	at com.novedu.nov.statistics.task.MultiThreadScheduleTask$$FastClassBySpringCGLIB$$a711be28.invoke(<generated>)
	at org.springframework.cglib.proxy.MethodProxy.invoke(MethodProxy.java:218)
	at org.springframework.aop.framework.CglibAopProxy$CglibMethodInvocation.invokeJoinpoint(CglibAopProxy.java:779)
	at org.springframework.aop.framework.ReflectiveMethodInvocation.proceed(ReflectiveMethodInvocation.java:163)
	at org.springframework.aop.framework.CglibAopProxy$CglibMethodInvocation.proceed(CglibAopProxy.java:750)
	at org.springframework.aop.interceptor.AsyncExecutionInterceptor.lambda$invoke$0(AsyncExecutionInterceptor.java:115)
	at java.util.concurrent.FutureTask.run$$$capture(FutureTask.java:266)
	at java.util.concurrent.FutureTask.run(FutureTask.java)
	at java.util.concurrent.ThreadPoolExecutor.runWorker(ThreadPoolExecutor.java:1149)
	at java.util.concurrent.ThreadPoolExecutor$Worker.run(ThreadPoolExecutor.java:624)
	at java.lang.Thread.run(Thread.java:748)
Caused by: com.netflix.client.ClientException: Load balancer does not have available server for client: service-edu
	at com.netflix.loadbalancer.LoadBalancerContext.getServerFromLoadBalancer(LoadBalancerContext.java:483)
	at com.netflix.loadbalancer.reactive.LoadBalancerCommand$1.call(LoadBalancerCommand.java:184)
	at com.netflix.loadbalancer.reactive.LoadBalancerCommand$1.call(LoadBalancerCommand.java:180)
	at rx.Observable.unsafeSubscribe(Observable.java:10327)
	at rx.internal.operators.OnSubscribeConcatMap.call(OnSubscribeConcatMap.java:94)
	at rx.internal.operators.OnSubscribeConcatMap.call(OnSubscribeConcatMap.java:42)
	at rx.Observable.unsafeSubscribe(Observable.java:10327)
	at rx.internal.operators.OperatorRetryWithPredicate$SourceSubscriber$1.call(OperatorRetryWithPredicate.java:127)
	at rx.internal.schedulers.TrampolineScheduler$InnerCurrentThreadScheduler.enqueue(TrampolineScheduler.java:73)
	at rx.internal.schedulers.TrampolineScheduler$InnerCurrentThreadScheduler.schedule(TrampolineScheduler.java:52)
	at rx.internal.operators.OperatorRetryWithPredicate$SourceSubscriber.onNext(OperatorRetryWithPredicate.java:79)
	at rx.internal.operators.OperatorRetryWithPredicate$SourceSubscriber.onNext(OperatorRetryWithPredicate.java:45)
	at rx.internal.util.ScalarSynchronousObservable$WeakSingleProducer.request(ScalarSynchronousObservable.java:276)
	at rx.Subscriber.setProducer(Subscriber.java:209)
	at rx.internal.util.ScalarSynchronousObservable$JustOnSubscribe.call(ScalarSynchronousObservable.java:138)
	at rx.internal.util.ScalarSynchronousObservable$JustOnSubscribe.call(ScalarSynchronousObservable.java:129)
	at rx.internal.operators.OnSubscribeLift.call(OnSubscribeLift.java:48)
	at rx.internal.operators.OnSubscribeLift.call(OnSubscribeLift.java:30)
	at rx.internal.operators.OnSubscribeLift.call(OnSubscribeLift.java:48)
	at rx.internal.operators.OnSubscribeLift.call(OnSubscribeLift.java:30)
	at rx.internal.operators.OnSubscribeLift.call(OnSubscribeLift.java:48)
	at rx.internal.operators.OnSubscribeLift.call(OnSubscribeLift.java:30)
	at rx.Observable.subscribe(Observable.java:10423)
	at rx.Observable.subscribe(Observable.java:10390)
	at rx.observables.BlockingObservable.blockForSingle(BlockingObservable.java:443)
	at rx.observables.BlockingObservable.single(BlockingObservable.java:340)
	at com.netflix.client.AbstractLoadBalancerAwareClient.executeWithLoadBalancer(AbstractLoadBalancerAwareClient.java:112)
	at org.springframework.cloud.openfeign.ribbon.LoadBalancerFeignClient.execute(LoadBalancerFeignClient.java:84)
	... 16 common frames omitted
2022-02-11 20:51:00.015 [task-400] ERROR org.springframework.aop.interceptor.SimpleAsyncUncaughtExceptionHandler -
                Unexpected exception occurred invoking async method: public void com.novedu.nov.statistics.task.MultiThreadScheduleTask.statisticsCourseBuyCount()
java.lang.RuntimeException: com.netflix.client.ClientException: Load balancer does not have available server for client: service-edu
	at org.springframework.cloud.openfeign.ribbon.LoadBalancerFeignClient.execute(LoadBalancerFeignClient.java:91)
	at feign.SynchronousMethodHandler.executeAndDecode(SynchronousMethodHandler.java:119)
	at feign.SynchronousMethodHandler.invoke(SynchronousMethodHandler.java:89)
	at feign.ReflectiveFeign$FeignInvocationHandler.invoke(ReflectiveFeign.java:100)
	at com.sun.proxy.$Proxy120.statisticsCourseBuyCount(Unknown Source)
	at com.novedu.nov.statistics.task.MultiThreadScheduleTask.statisticsCourseBuyCount(MultiThreadScheduleTask.java:49)
	at com.novedu.nov.statistics.task.MultiThreadScheduleTask$$FastClassBySpringCGLIB$$a711be28.invoke(<generated>)
	at org.springframework.cglib.proxy.MethodProxy.invoke(MethodProxy.java:218)
	at org.springframework.aop.framework.CglibAopProxy$CglibMethodInvocation.invokeJoinpoint(CglibAopProxy.java:779)
	at org.springframework.aop.framework.ReflectiveMethodInvocation.proceed(ReflectiveMethodInvocation.java:163)
	at org.springframework.aop.framework.CglibAopProxy$CglibMethodInvocation.proceed(CglibAopProxy.java:750)
	at org.springframework.aop.interceptor.AsyncExecutionInterceptor.lambda$invoke$0(AsyncExecutionInterceptor.java:115)
	at java.util.concurrent.FutureTask.run$$$capture(FutureTask.java:266)
	at java.util.concurrent.FutureTask.run(FutureTask.java)
	at java.util.concurrent.ThreadPoolExecutor.runWorker(ThreadPoolExecutor.java:1149)
	at java.util.concurrent.ThreadPoolExecutor$Worker.run(ThreadPoolExecutor.java:624)
	at java.lang.Thread.run(Thread.java:748)
Caused by: com.netflix.client.ClientException: Load balancer does not have available server for client: service-edu
	at com.netflix.loadbalancer.LoadBalancerContext.getServerFromLoadBalancer(LoadBalancerContext.java:483)
	at com.netflix.loadbalancer.reactive.LoadBalancerCommand$1.call(LoadBalancerCommand.java:184)
	at com.netflix.loadbalancer.reactive.LoadBalancerCommand$1.call(LoadBalancerCommand.java:180)
	at rx.Observable.unsafeSubscribe(Observable.java:10327)
	at rx.internal.operators.OnSubscribeConcatMap.call(OnSubscribeConcatMap.java:94)
	at rx.internal.operators.OnSubscribeConcatMap.call(OnSubscribeConcatMap.java:42)
	at rx.Observable.unsafeSubscribe(Observable.java:10327)
	at rx.internal.operators.OperatorRetryWithPredicate$SourceSubscriber$1.call(OperatorRetryWithPredicate.java:127)
	at rx.internal.schedulers.TrampolineScheduler$InnerCurrentThreadScheduler.enqueue(TrampolineScheduler.java:73)
	at rx.internal.schedulers.TrampolineScheduler$InnerCurrentThreadScheduler.schedule(TrampolineScheduler.java:52)
	at rx.internal.operators.OperatorRetryWithPredicate$SourceSubscriber.onNext(OperatorRetryWithPredicate.java:79)
	at rx.internal.operators.OperatorRetryWithPredicate$SourceSubscriber.onNext(OperatorRetryWithPredicate.java:45)
	at rx.internal.util.ScalarSynchronousObservable$WeakSingleProducer.request(ScalarSynchronousObservable.java:276)
	at rx.Subscriber.setProducer(Subscriber.java:209)
	at rx.internal.util.ScalarSynchronousObservable$JustOnSubscribe.call(ScalarSynchronousObservable.java:138)
	at rx.internal.util.ScalarSynchronousObservable$JustOnSubscribe.call(ScalarSynchronousObservable.java:129)
	at rx.internal.operators.OnSubscribeLift.call(OnSubscribeLift.java:48)
	at rx.internal.operators.OnSubscribeLift.call(OnSubscribeLift.java:30)
	at rx.internal.operators.OnSubscribeLift.call(OnSubscribeLift.java:48)
	at rx.internal.operators.OnSubscribeLift.call(OnSubscribeLift.java:30)
	at rx.internal.operators.OnSubscribeLift.call(OnSubscribeLift.java:48)
	at rx.internal.operators.OnSubscribeLift.call(OnSubscribeLift.java:30)
	at rx.Observable.subscribe(Observable.java:10423)
	at rx.Observable.subscribe(Observable.java:10390)
	at rx.observables.BlockingObservable.blockForSingle(BlockingObservable.java:443)
	at rx.observables.BlockingObservable.single(BlockingObservable.java:340)
	at com.netflix.client.AbstractLoadBalancerAwareClient.executeWithLoadBalancer(AbstractLoadBalancerAwareClient.java:112)
	at org.springframework.cloud.openfeign.ribbon.LoadBalancerFeignClient.execute(LoadBalancerFeignClient.java:84)
	... 16 common frames omitted
2022-02-11 20:51:00.015 [task-421] ERROR org.springframework.aop.interceptor.SimpleAsyncUncaughtExceptionHandler -
                Unexpected exception occurred invoking async method: public void com.novedu.nov.statistics.task.MultiThreadScheduleTask.statisticsCourseBuyCount()
java.lang.RuntimeException: com.netflix.client.ClientException: Load balancer does not have available server for client: service-edu
	at org.springframework.cloud.openfeign.ribbon.LoadBalancerFeignClient.execute(LoadBalancerFeignClient.java:91)
	at feign.SynchronousMethodHandler.executeAndDecode(SynchronousMethodHandler.java:119)
	at feign.SynchronousMethodHandler.invoke(SynchronousMethodHandler.java:89)
	at feign.ReflectiveFeign$FeignInvocationHandler.invoke(ReflectiveFeign.java:100)
	at com.sun.proxy.$Proxy120.statisticsCourseBuyCount(Unknown Source)
	at com.novedu.nov.statistics.task.MultiThreadScheduleTask.statisticsCourseBuyCount(MultiThreadScheduleTask.java:49)
	at com.novedu.nov.statistics.task.MultiThreadScheduleTask$$FastClassBySpringCGLIB$$a711be28.invoke(<generated>)
	at org.springframework.cglib.proxy.MethodProxy.invoke(MethodProxy.java:218)
	at org.springframework.aop.framework.CglibAopProxy$CglibMethodInvocation.invokeJoinpoint(CglibAopProxy.java:779)
	at org.springframework.aop.framework.ReflectiveMethodInvocation.proceed(ReflectiveMethodInvocation.java:163)
	at org.springframework.aop.framework.CglibAopProxy$CglibMethodInvocation.proceed(CglibAopProxy.java:750)
	at org.springframework.aop.interceptor.AsyncExecutionInterceptor.lambda$invoke$0(AsyncExecutionInterceptor.java:115)
	at java.util.concurrent.FutureTask.run$$$capture(FutureTask.java:266)
	at java.util.concurrent.FutureTask.run(FutureTask.java)
	at java.util.concurrent.ThreadPoolExecutor.runWorker(ThreadPoolExecutor.java:1149)
	at java.util.concurrent.ThreadPoolExecutor$Worker.run(ThreadPoolExecutor.java:624)
	at java.lang.Thread.run(Thread.java:748)
Caused by: com.netflix.client.ClientException: Load balancer does not have available server for client: service-edu
	at com.netflix.loadbalancer.LoadBalancerContext.getServerFromLoadBalancer(LoadBalancerContext.java:483)
	at com.netflix.loadbalancer.reactive.LoadBalancerCommand$1.call(LoadBalancerCommand.java:184)
	at com.netflix.loadbalancer.reactive.LoadBalancerCommand$1.call(LoadBalancerCommand.java:180)
	at rx.Observable.unsafeSubscribe(Observable.java:10327)
	at rx.internal.operators.OnSubscribeConcatMap.call(OnSubscribeConcatMap.java:94)
	at rx.internal.operators.OnSubscribeConcatMap.call(OnSubscribeConcatMap.java:42)
	at rx.Observable.unsafeSubscribe(Observable.java:10327)
	at rx.internal.operators.OperatorRetryWithPredicate$SourceSubscriber$1.call(OperatorRetryWithPredicate.java:127)
	at rx.internal.schedulers.TrampolineScheduler$InnerCurrentThreadScheduler.enqueue(TrampolineScheduler.java:73)
	at rx.internal.schedulers.TrampolineScheduler$InnerCurrentThreadScheduler.schedule(TrampolineScheduler.java:52)
	at rx.internal.operators.OperatorRetryWithPredicate$SourceSubscriber.onNext(OperatorRetryWithPredicate.java:79)
	at rx.internal.operators.OperatorRetryWithPredicate$SourceSubscriber.onNext(OperatorRetryWithPredicate.java:45)
	at rx.internal.util.ScalarSynchronousObservable$WeakSingleProducer.request(ScalarSynchronousObservable.java:276)
	at rx.Subscriber.setProducer(Subscriber.java:209)
	at rx.internal.util.ScalarSynchronousObservable$JustOnSubscribe.call(ScalarSynchronousObservable.java:138)
	at rx.internal.util.ScalarSynchronousObservable$JustOnSubscribe.call(ScalarSynchronousObservable.java:129)
	at rx.internal.operators.OnSubscribeLift.call(OnSubscribeLift.java:48)
	at rx.internal.operators.OnSubscribeLift.call(OnSubscribeLift.java:30)
	at rx.internal.operators.OnSubscribeLift.call(OnSubscribeLift.java:48)
	at rx.internal.operators.OnSubscribeLift.call(OnSubscribeLift.java:30)
	at rx.internal.operators.OnSubscribeLift.call(OnSubscribeLift.java:48)
	at rx.internal.operators.OnSubscribeLift.call(OnSubscribeLift.java:30)
	at rx.Observable.subscribe(Observable.java:10423)
	at rx.Observable.subscribe(Observable.java:10390)
	at rx.observables.BlockingObservable.blockForSingle(BlockingObservable.java:443)
	at rx.observables.BlockingObservable.single(BlockingObservable.java:340)
	at com.netflix.client.AbstractLoadBalancerAwareClient.executeWithLoadBalancer(AbstractLoadBalancerAwareClient.java:112)
	at org.springframework.cloud.openfeign.ribbon.LoadBalancerFeignClient.execute(LoadBalancerFeignClient.java:84)
	... 16 common frames omitted
2022-02-11 20:51:00.015 [task-418] ERROR org.springframework.aop.interceptor.SimpleAsyncUncaughtExceptionHandler -
                Unexpected exception occurred invoking async method: public void com.novedu.nov.statistics.task.MultiThreadScheduleTask.asyncCourseViewCount()
feign.RetryableException: Read timed out executing GET http://service-edu/edu/course/statistics/course/playCount
	at feign.FeignException.errorExecuting(FeignException.java:249)
	at feign.SynchronousMethodHandler.executeAndDecode(SynchronousMethodHandler.java:129)
	at feign.SynchronousMethodHandler.invoke(SynchronousMethodHandler.java:89)
	at feign.ReflectiveFeign$FeignInvocationHandler.invoke(ReflectiveFeign.java:100)
	at com.sun.proxy.$Proxy120.statisticsCoursePlayCount(Unknown Source)
	at com.novedu.nov.statistics.task.MultiThreadScheduleTask.asyncCourseViewCount(MultiThreadScheduleTask.java:33)
	at com.novedu.nov.statistics.task.MultiThreadScheduleTask$$FastClassBySpringCGLIB$$a711be28.invoke(<generated>)
	at org.springframework.cglib.proxy.MethodProxy.invoke(MethodProxy.java:218)
	at org.springframework.aop.framework.CglibAopProxy$CglibMethodInvocation.invokeJoinpoint(CglibAopProxy.java:779)
	at org.springframework.aop.framework.ReflectiveMethodInvocation.proceed(ReflectiveMethodInvocation.java:163)
	at org.springframework.aop.framework.CglibAopProxy$CglibMethodInvocation.proceed(CglibAopProxy.java:750)
	at org.springframework.aop.interceptor.AsyncExecutionInterceptor.lambda$invoke$0(AsyncExecutionInterceptor.java:115)
	at java.util.concurrent.FutureTask.run$$$capture(FutureTask.java:266)
	at java.util.concurrent.FutureTask.run(FutureTask.java)
	at java.util.concurrent.ThreadPoolExecutor.runWorker(ThreadPoolExecutor.java:1149)
	at java.util.concurrent.ThreadPoolExecutor$Worker.run(ThreadPoolExecutor.java:624)
	at java.lang.Thread.run(Thread.java:748)
Caused by: java.net.SocketTimeoutException: Read timed out
	at java.net.SocketInputStream.socketRead0(Native Method)
	at java.net.SocketInputStream.socketRead(SocketInputStream.java:116)
	at java.net.SocketInputStream.read(SocketInputStream.java:171)
	at java.net.SocketInputStream.read(SocketInputStream.java:141)
	at java.io.BufferedInputStream.fill(BufferedInputStream.java:246)
	at java.io.BufferedInputStream.read1(BufferedInputStream.java:286)
	at java.io.BufferedInputStream.read(BufferedInputStream.java:345)
	at sun.net.www.http.HttpClient.parseHTTPHeader(HttpClient.java:735)
	at sun.net.www.http.HttpClient.parseHTTP(HttpClient.java:678)
	at sun.net.www.protocol.http.HttpURLConnection.getInputStream0(HttpURLConnection.java:1593)
	at sun.net.www.protocol.http.HttpURLConnection.getInputStream(HttpURLConnection.java:1498)
	at java.net.HttpURLConnection.getResponseCode(HttpURLConnection.java:480)
	at feign.Client$Default.convertResponse(Client.java:108)
	at feign.Client$Default.execute(Client.java:104)
	at org.springframework.cloud.openfeign.ribbon.FeignLoadBalancer.execute(FeignLoadBalancer.java:98)
	at org.springframework.cloud.openfeign.ribbon.FeignLoadBalancer.execute(FeignLoadBalancer.java:56)
	at com.netflix.client.AbstractLoadBalancerAwareClient$1.call(AbstractLoadBalancerAwareClient.java:104)
	at com.netflix.loadbalancer.reactive.LoadBalancerCommand$3$1.call(LoadBalancerCommand.java:303)
	at com.netflix.loadbalancer.reactive.LoadBalancerCommand$3$1.call(LoadBalancerCommand.java:287)
	at rx.internal.util.ScalarSynchronousObservable$3.call(ScalarSynchronousObservable.java:231)
	at rx.internal.util.ScalarSynchronousObservable$3.call(ScalarSynchronousObservable.java:228)
	at rx.Observable.unsafeSubscribe(Observable.java:10327)
	at rx.internal.operators.OnSubscribeConcatMap$ConcatMapSubscriber.drain(OnSubscribeConcatMap.java:286)
	at rx.internal.operators.OnSubscribeConcatMap$ConcatMapSubscriber.onNext(OnSubscribeConcatMap.java:144)
	at com.netflix.loadbalancer.reactive.LoadBalancerCommand$1.call(LoadBalancerCommand.java:185)
	at com.netflix.loadbalancer.reactive.LoadBalancerCommand$1.call(LoadBalancerCommand.java:180)
	at rx.Observable.unsafeSubscribe(Observable.java:10327)
	at rx.internal.operators.OnSubscribeConcatMap.call(OnSubscribeConcatMap.java:94)
	at rx.internal.operators.OnSubscribeConcatMap.call(OnSubscribeConcatMap.java:42)
	at rx.Observable.unsafeSubscribe(Observable.java:10327)
	at rx.internal.operators.OperatorRetryWithPredicate$SourceSubscriber$1.call(OperatorRetryWithPredicate.java:127)
	at rx.internal.schedulers.TrampolineScheduler$InnerCurrentThreadScheduler.enqueue(TrampolineScheduler.java:73)
	at rx.internal.schedulers.TrampolineScheduler$InnerCurrentThreadScheduler.schedule(TrampolineScheduler.java:52)
	at rx.internal.operators.OperatorRetryWithPredicate$SourceSubscriber.onNext(OperatorRetryWithPredicate.java:79)
	at rx.internal.operators.OperatorRetryWithPredicate$SourceSubscriber.onNext(OperatorRetryWithPredicate.java:45)
	at rx.internal.util.ScalarSynchronousObservable$WeakSingleProducer.request(ScalarSynchronousObservable.java:276)
	at rx.Subscriber.setProducer(Subscriber.java:209)
	at rx.internal.util.ScalarSynchronousObservable$JustOnSubscribe.call(ScalarSynchronousObservable.java:138)
	at rx.internal.util.ScalarSynchronousObservable$JustOnSubscribe.call(ScalarSynchronousObservable.java:129)
	at rx.internal.operators.OnSubscribeLift.call(OnSubscribeLift.java:48)
	at rx.internal.operators.OnSubscribeLift.call(OnSubscribeLift.java:30)
	at rx.internal.operators.OnSubscribeLift.call(OnSubscribeLift.java:48)
	at rx.internal.operators.OnSubscribeLift.call(OnSubscribeLift.java:30)
	at rx.internal.operators.OnSubscribeLift.call(OnSubscribeLift.java:48)
	at rx.internal.operators.OnSubscribeLift.call(OnSubscribeLift.java:30)
	at rx.Observable.subscribe(Observable.java:10423)
	at rx.Observable.subscribe(Observable.java:10390)
	at rx.observables.BlockingObservable.blockForSingle(BlockingObservable.java:443)
	at rx.observables.BlockingObservable.single(BlockingObservable.java:340)
	at com.netflix.client.AbstractLoadBalancerAwareClient.executeWithLoadBalancer(AbstractLoadBalancerAwareClient.java:112)
	at org.springframework.cloud.openfeign.ribbon.LoadBalancerFeignClient.execute(LoadBalancerFeignClient.java:84)
	at feign.SynchronousMethodHandler.executeAndDecode(SynchronousMethodHandler.java:119)
	... 15 common frames omitted
2022-02-11 20:51:00.015 [task-423] ERROR org.springframework.aop.interceptor.SimpleAsyncUncaughtExceptionHandler -
                Unexpected exception occurred invoking async method: public void com.novedu.nov.statistics.task.MultiThreadScheduleTask.asyncCourseViewCount()
java.lang.RuntimeException: com.netflix.client.ClientException: Load balancer does not have available server for client: service-edu
	at org.springframework.cloud.openfeign.ribbon.LoadBalancerFeignClient.execute(LoadBalancerFeignClient.java:91)
	at feign.SynchronousMethodHandler.executeAndDecode(SynchronousMethodHandler.java:119)
	at feign.SynchronousMethodHandler.invoke(SynchronousMethodHandler.java:89)
	at feign.ReflectiveFeign$FeignInvocationHandler.invoke(ReflectiveFeign.java:100)
	at com.sun.proxy.$Proxy120.statisticsCoursePlayCount(Unknown Source)
	at com.novedu.nov.statistics.task.MultiThreadScheduleTask.asyncCourseViewCount(MultiThreadScheduleTask.java:33)
	at com.novedu.nov.statistics.task.MultiThreadScheduleTask$$FastClassBySpringCGLIB$$a711be28.invoke(<generated>)
	at org.springframework.cglib.proxy.MethodProxy.invoke(MethodProxy.java:218)
	at org.springframework.aop.framework.CglibAopProxy$CglibMethodInvocation.invokeJoinpoint(CglibAopProxy.java:779)
	at org.springframework.aop.framework.ReflectiveMethodInvocation.proceed(ReflectiveMethodInvocation.java:163)
	at org.springframework.aop.framework.CglibAopProxy$CglibMethodInvocation.proceed(CglibAopProxy.java:750)
	at org.springframework.aop.interceptor.AsyncExecutionInterceptor.lambda$invoke$0(AsyncExecutionInterceptor.java:115)
	at java.util.concurrent.FutureTask.run$$$capture(FutureTask.java:266)
	at java.util.concurrent.FutureTask.run(FutureTask.java)
	at java.util.concurrent.ThreadPoolExecutor.runWorker(ThreadPoolExecutor.java:1149)
	at java.util.concurrent.ThreadPoolExecutor$Worker.run(ThreadPoolExecutor.java:624)
	at java.lang.Thread.run(Thread.java:748)
Caused by: com.netflix.client.ClientException: Load balancer does not have available server for client: service-edu
	at com.netflix.loadbalancer.LoadBalancerContext.getServerFromLoadBalancer(LoadBalancerContext.java:483)
	at com.netflix.loadbalancer.reactive.LoadBalancerCommand$1.call(LoadBalancerCommand.java:184)
	at com.netflix.loadbalancer.reactive.LoadBalancerCommand$1.call(LoadBalancerCommand.java:180)
	at rx.Observable.unsafeSubscribe(Observable.java:10327)
	at rx.internal.operators.OnSubscribeConcatMap.call(OnSubscribeConcatMap.java:94)
	at rx.internal.operators.OnSubscribeConcatMap.call(OnSubscribeConcatMap.java:42)
	at rx.Observable.unsafeSubscribe(Observable.java:10327)
	at rx.internal.operators.OperatorRetryWithPredicate$SourceSubscriber$1.call(OperatorRetryWithPredicate.java:127)
	at rx.internal.schedulers.TrampolineScheduler$InnerCurrentThreadScheduler.enqueue(TrampolineScheduler.java:73)
	at rx.internal.schedulers.TrampolineScheduler$InnerCurrentThreadScheduler.schedule(TrampolineScheduler.java:52)
	at rx.internal.operators.OperatorRetryWithPredicate$SourceSubscriber.onNext(OperatorRetryWithPredicate.java:79)
	at rx.internal.operators.OperatorRetryWithPredicate$SourceSubscriber.onNext(OperatorRetryWithPredicate.java:45)
	at rx.internal.util.ScalarSynchronousObservable$WeakSingleProducer.request(ScalarSynchronousObservable.java:276)
	at rx.Subscriber.setProducer(Subscriber.java:209)
	at rx.internal.util.ScalarSynchronousObservable$JustOnSubscribe.call(ScalarSynchronousObservable.java:138)
	at rx.internal.util.ScalarSynchronousObservable$JustOnSubscribe.call(ScalarSynchronousObservable.java:129)
	at rx.internal.operators.OnSubscribeLift.call(OnSubscribeLift.java:48)
	at rx.internal.operators.OnSubscribeLift.call(OnSubscribeLift.java:30)
	at rx.internal.operators.OnSubscribeLift.call(OnSubscribeLift.java:48)
	at rx.internal.operators.OnSubscribeLift.call(OnSubscribeLift.java:30)
	at rx.internal.operators.OnSubscribeLift.call(OnSubscribeLift.java:48)
	at rx.internal.operators.OnSubscribeLift.call(OnSubscribeLift.java:30)
	at rx.Observable.subscribe(Observable.java:10423)
	at rx.Observable.subscribe(Observable.java:10390)
	at rx.observables.BlockingObservable.blockForSingle(BlockingObservable.java:443)
	at rx.observables.BlockingObservable.single(BlockingObservable.java:340)
	at com.netflix.client.AbstractLoadBalancerAwareClient.executeWithLoadBalancer(AbstractLoadBalancerAwareClient.java:112)
	at org.springframework.cloud.openfeign.ribbon.LoadBalancerFeignClient.execute(LoadBalancerFeignClient.java:84)
	... 16 common frames omitted
2022-02-11 20:51:00.015 [task-420] ERROR org.springframework.aop.interceptor.SimpleAsyncUncaughtExceptionHandler -
                Unexpected exception occurred invoking async method: public void com.novedu.nov.statistics.task.MultiThreadScheduleTask.statisticsCourseApplyCount()
java.lang.RuntimeException: com.netflix.client.ClientException: Load balancer does not have available server for client: service-edu
	at org.springframework.cloud.openfeign.ribbon.LoadBalancerFeignClient.execute(LoadBalancerFeignClient.java:91)
	at feign.SynchronousMethodHandler.executeAndDecode(SynchronousMethodHandler.java:119)
	at feign.SynchronousMethodHandler.invoke(SynchronousMethodHandler.java:89)
	at feign.ReflectiveFeign$FeignInvocationHandler.invoke(ReflectiveFeign.java:100)
	at com.sun.proxy.$Proxy120.statisticsCourseApplyCount(Unknown Source)
	at com.novedu.nov.statistics.task.MultiThreadScheduleTask.statisticsCourseApplyCount(MultiThreadScheduleTask.java:41)
	at com.novedu.nov.statistics.task.MultiThreadScheduleTask$$FastClassBySpringCGLIB$$a711be28.invoke(<generated>)
	at org.springframework.cglib.proxy.MethodProxy.invoke(MethodProxy.java:218)
	at org.springframework.aop.framework.CglibAopProxy$CglibMethodInvocation.invokeJoinpoint(CglibAopProxy.java:779)
	at org.springframework.aop.framework.ReflectiveMethodInvocation.proceed(ReflectiveMethodInvocation.java:163)
	at org.springframework.aop.framework.CglibAopProxy$CglibMethodInvocation.proceed(CglibAopProxy.java:750)
	at org.springframework.aop.interceptor.AsyncExecutionInterceptor.lambda$invoke$0(AsyncExecutionInterceptor.java:115)
	at java.util.concurrent.FutureTask.run$$$capture(FutureTask.java:266)
	at java.util.concurrent.FutureTask.run(FutureTask.java)
	at java.util.concurrent.ThreadPoolExecutor.runWorker(ThreadPoolExecutor.java:1149)
	at java.util.concurrent.ThreadPoolExecutor$Worker.run(ThreadPoolExecutor.java:624)
	at java.lang.Thread.run(Thread.java:748)
Caused by: com.netflix.client.ClientException: Load balancer does not have available server for client: service-edu
	at com.netflix.loadbalancer.LoadBalancerContext.getServerFromLoadBalancer(LoadBalancerContext.java:483)
	at com.netflix.loadbalancer.reactive.LoadBalancerCommand$1.call(LoadBalancerCommand.java:184)
	at com.netflix.loadbalancer.reactive.LoadBalancerCommand$1.call(LoadBalancerCommand.java:180)
	at rx.Observable.unsafeSubscribe(Observable.java:10327)
	at rx.internal.operators.OnSubscribeConcatMap.call(OnSubscribeConcatMap.java:94)
	at rx.internal.operators.OnSubscribeConcatMap.call(OnSubscribeConcatMap.java:42)
	at rx.Observable.unsafeSubscribe(Observable.java:10327)
	at rx.internal.operators.OperatorRetryWithPredicate$SourceSubscriber$1.call(OperatorRetryWithPredicate.java:127)
	at rx.internal.schedulers.TrampolineScheduler$InnerCurrentThreadScheduler.enqueue(TrampolineScheduler.java:73)
	at rx.internal.schedulers.TrampolineScheduler$InnerCurrentThreadScheduler.schedule(TrampolineScheduler.java:52)
	at rx.internal.operators.OperatorRetryWithPredicate$SourceSubscriber.onNext(OperatorRetryWithPredicate.java:79)
	at rx.internal.operators.OperatorRetryWithPredicate$SourceSubscriber.onNext(OperatorRetryWithPredicate.java:45)
	at rx.internal.util.ScalarSynchronousObservable$WeakSingleProducer.request(ScalarSynchronousObservable.java:276)
	at rx.Subscriber.setProducer(Subscriber.java:209)
	at rx.internal.util.ScalarSynchronousObservable$JustOnSubscribe.call(ScalarSynchronousObservable.java:138)
	at rx.internal.util.ScalarSynchronousObservable$JustOnSubscribe.call(ScalarSynchronousObservable.java:129)
	at rx.internal.operators.OnSubscribeLift.call(OnSubscribeLift.java:48)
	at rx.internal.operators.OnSubscribeLift.call(OnSubscribeLift.java:30)
	at rx.internal.operators.OnSubscribeLift.call(OnSubscribeLift.java:48)
	at rx.internal.operators.OnSubscribeLift.call(OnSubscribeLift.java:30)
	at rx.internal.operators.OnSubscribeLift.call(OnSubscribeLift.java:48)
	at rx.internal.operators.OnSubscribeLift.call(OnSubscribeLift.java:30)
	at rx.Observable.subscribe(Observable.java:10423)
	at rx.Observable.subscribe(Observable.java:10390)
	at rx.observables.BlockingObservable.blockForSingle(BlockingObservable.java:443)
	at rx.observables.BlockingObservable.single(BlockingObservable.java:340)
	at com.netflix.client.AbstractLoadBalancerAwareClient.executeWithLoadBalancer(AbstractLoadBalancerAwareClient.java:112)
	at org.springframework.cloud.openfeign.ribbon.LoadBalancerFeignClient.execute(LoadBalancerFeignClient.java:84)
	... 16 common frames omitted
2022-02-11 20:51:00.015 [task-397] ERROR org.springframework.aop.interceptor.SimpleAsyncUncaughtExceptionHandler -
                Unexpected exception occurred invoking async method: public void com.novedu.nov.statistics.task.MultiThreadScheduleTask.statisticsCourseApplyCount()
java.lang.RuntimeException: com.netflix.client.ClientException: Load balancer does not have available server for client: service-edu
	at org.springframework.cloud.openfeign.ribbon.LoadBalancerFeignClient.execute(LoadBalancerFeignClient.java:91)
	at feign.SynchronousMethodHandler.executeAndDecode(SynchronousMethodHandler.java:119)
	at feign.SynchronousMethodHandler.invoke(SynchronousMethodHandler.java:89)
	at feign.ReflectiveFeign$FeignInvocationHandler.invoke(ReflectiveFeign.java:100)
	at com.sun.proxy.$Proxy120.statisticsCourseApplyCount(Unknown Source)
	at com.novedu.nov.statistics.task.MultiThreadScheduleTask.statisticsCourseApplyCount(MultiThreadScheduleTask.java:41)
	at com.novedu.nov.statistics.task.MultiThreadScheduleTask$$FastClassBySpringCGLIB$$a711be28.invoke(<generated>)
	at org.springframework.cglib.proxy.MethodProxy.invoke(MethodProxy.java:218)
	at org.springframework.aop.framework.CglibAopProxy$CglibMethodInvocation.invokeJoinpoint(CglibAopProxy.java:779)
	at org.springframework.aop.framework.ReflectiveMethodInvocation.proceed(ReflectiveMethodInvocation.java:163)
	at org.springframework.aop.framework.CglibAopProxy$CglibMethodInvocation.proceed(CglibAopProxy.java:750)
	at org.springframework.aop.interceptor.AsyncExecutionInterceptor.lambda$invoke$0(AsyncExecutionInterceptor.java:115)
	at java.util.concurrent.FutureTask.run$$$capture(FutureTask.java:266)
	at java.util.concurrent.FutureTask.run(FutureTask.java)
	at java.util.concurrent.ThreadPoolExecutor.runWorker(ThreadPoolExecutor.java:1149)
	at java.util.concurrent.ThreadPoolExecutor$Worker.run(ThreadPoolExecutor.java:624)
	at java.lang.Thread.run(Thread.java:748)
Caused by: com.netflix.client.ClientException: Load balancer does not have available server for client: service-edu
	at com.netflix.loadbalancer.LoadBalancerContext.getServerFromLoadBalancer(LoadBalancerContext.java:483)
	at com.netflix.loadbalancer.reactive.LoadBalancerCommand$1.call(LoadBalancerCommand.java:184)
	at com.netflix.loadbalancer.reactive.LoadBalancerCommand$1.call(LoadBalancerCommand.java:180)
	at rx.Observable.unsafeSubscribe(Observable.java:10327)
	at rx.internal.operators.OnSubscribeConcatMap.call(OnSubscribeConcatMap.java:94)
	at rx.internal.operators.OnSubscribeConcatMap.call(OnSubscribeConcatMap.java:42)
	at rx.Observable.unsafeSubscribe(Observable.java:10327)
	at rx.internal.operators.OperatorRetryWithPredicate$SourceSubscriber$1.call(OperatorRetryWithPredicate.java:127)
	at rx.internal.schedulers.TrampolineScheduler$InnerCurrentThreadScheduler.enqueue(TrampolineScheduler.java:73)
	at rx.internal.schedulers.TrampolineScheduler$InnerCurrentThreadScheduler.schedule(TrampolineScheduler.java:52)
	at rx.internal.operators.OperatorRetryWithPredicate$SourceSubscriber.onNext(OperatorRetryWithPredicate.java:79)
	at rx.internal.operators.OperatorRetryWithPredicate$SourceSubscriber.onNext(OperatorRetryWithPredicate.java:45)
	at rx.internal.util.ScalarSynchronousObservable$WeakSingleProducer.request(ScalarSynchronousObservable.java:276)
	at rx.Subscriber.setProducer(Subscriber.java:209)
	at rx.internal.util.ScalarSynchronousObservable$JustOnSubscribe.call(ScalarSynchronousObservable.java:138)
	at rx.internal.util.ScalarSynchronousObservable$JustOnSubscribe.call(ScalarSynchronousObservable.java:129)
	at rx.internal.operators.OnSubscribeLift.call(OnSubscribeLift.java:48)
	at rx.internal.operators.OnSubscribeLift.call(OnSubscribeLift.java:30)
	at rx.internal.operators.OnSubscribeLift.call(OnSubscribeLift.java:48)
	at rx.internal.operators.OnSubscribeLift.call(OnSubscribeLift.java:30)
	at rx.internal.operators.OnSubscribeLift.call(OnSubscribeLift.java:48)
	at rx.internal.operators.OnSubscribeLift.call(OnSubscribeLift.java:30)
	at rx.Observable.subscribe(Observable.java:10423)
	at rx.Observable.subscribe(Observable.java:10390)
	at rx.observables.BlockingObservable.blockForSingle(BlockingObservable.java:443)
	at rx.observables.BlockingObservable.single(BlockingObservable.java:340)
	at com.netflix.client.AbstractLoadBalancerAwareClient.executeWithLoadBalancer(AbstractLoadBalancerAwareClient.java:112)
	at org.springframework.cloud.openfeign.ribbon.LoadBalancerFeignClient.execute(LoadBalancerFeignClient.java:84)
	... 16 common frames omitted
2022-02-11 20:51:00.015 [task-422] ERROR org.springframework.aop.interceptor.SimpleAsyncUncaughtExceptionHandler -
                Unexpected exception occurred invoking async method: public void com.novedu.nov.statistics.task.MultiThreadScheduleTask.asyncCourseViewCount()
java.lang.RuntimeException: com.netflix.client.ClientException: Load balancer does not have available server for client: service-edu
	at org.springframework.cloud.openfeign.ribbon.LoadBalancerFeignClient.execute(LoadBalancerFeignClient.java:91)
	at feign.SynchronousMethodHandler.executeAndDecode(SynchronousMethodHandler.java:119)
	at feign.SynchronousMethodHandler.invoke(SynchronousMethodHandler.java:89)
	at feign.ReflectiveFeign$FeignInvocationHandler.invoke(ReflectiveFeign.java:100)
	at com.sun.proxy.$Proxy120.statisticsCoursePlayCount(Unknown Source)
	at com.novedu.nov.statistics.task.MultiThreadScheduleTask.asyncCourseViewCount(MultiThreadScheduleTask.java:33)
	at com.novedu.nov.statistics.task.MultiThreadScheduleTask$$FastClassBySpringCGLIB$$a711be28.invoke(<generated>)
	at org.springframework.cglib.proxy.MethodProxy.invoke(MethodProxy.java:218)
	at org.springframework.aop.framework.CglibAopProxy$CglibMethodInvocation.invokeJoinpoint(CglibAopProxy.java:779)
	at org.springframework.aop.framework.ReflectiveMethodInvocation.proceed(ReflectiveMethodInvocation.java:163)
	at org.springframework.aop.framework.CglibAopProxy$CglibMethodInvocation.proceed(CglibAopProxy.java:750)
	at org.springframework.aop.interceptor.AsyncExecutionInterceptor.lambda$invoke$0(AsyncExecutionInterceptor.java:115)
	at java.util.concurrent.FutureTask.run$$$capture(FutureTask.java:266)
	at java.util.concurrent.FutureTask.run(FutureTask.java)
	at java.util.concurrent.ThreadPoolExecutor.runWorker(ThreadPoolExecutor.java:1149)
	at java.util.concurrent.ThreadPoolExecutor$Worker.run(ThreadPoolExecutor.java:624)
	at java.lang.Thread.run(Thread.java:748)
Caused by: com.netflix.client.ClientException: Load balancer does not have available server for client: service-edu
	at com.netflix.loadbalancer.LoadBalancerContext.getServerFromLoadBalancer(LoadBalancerContext.java:483)
	at com.netflix.loadbalancer.reactive.LoadBalancerCommand$1.call(LoadBalancerCommand.java:184)
	at com.netflix.loadbalancer.reactive.LoadBalancerCommand$1.call(LoadBalancerCommand.java:180)
	at rx.Observable.unsafeSubscribe(Observable.java:10327)
	at rx.internal.operators.OnSubscribeConcatMap.call(OnSubscribeConcatMap.java:94)
	at rx.internal.operators.OnSubscribeConcatMap.call(OnSubscribeConcatMap.java:42)
	at rx.Observable.unsafeSubscribe(Observable.java:10327)
	at rx.internal.operators.OperatorRetryWithPredicate$SourceSubscriber$1.call(OperatorRetryWithPredicate.java:127)
	at rx.internal.schedulers.TrampolineScheduler$InnerCurrentThreadScheduler.enqueue(TrampolineScheduler.java:73)
	at rx.internal.schedulers.TrampolineScheduler$InnerCurrentThreadScheduler.schedule(TrampolineScheduler.java:52)
	at rx.internal.operators.OperatorRetryWithPredicate$SourceSubscriber.onNext(OperatorRetryWithPredicate.java:79)
	at rx.internal.operators.OperatorRetryWithPredicate$SourceSubscriber.onNext(OperatorRetryWithPredicate.java:45)
	at rx.internal.util.ScalarSynchronousObservable$WeakSingleProducer.request(ScalarSynchronousObservable.java:276)
	at rx.Subscriber.setProducer(Subscriber.java:209)
	at rx.internal.util.ScalarSynchronousObservable$JustOnSubscribe.call(ScalarSynchronousObservable.java:138)
	at rx.internal.util.ScalarSynchronousObservable$JustOnSubscribe.call(ScalarSynchronousObservable.java:129)
	at rx.internal.operators.OnSubscribeLift.call(OnSubscribeLift.java:48)
	at rx.internal.operators.OnSubscribeLift.call(OnSubscribeLift.java:30)
	at rx.internal.operators.OnSubscribeLift.call(OnSubscribeLift.java:48)
	at rx.internal.operators.OnSubscribeLift.call(OnSubscribeLift.java:30)
	at rx.internal.operators.OnSubscribeLift.call(OnSubscribeLift.java:48)
	at rx.internal.operators.OnSubscribeLift.call(OnSubscribeLift.java:30)
	at rx.Observable.subscribe(Observable.java:10423)
	at rx.Observable.subscribe(Observable.java:10390)
	at rx.observables.BlockingObservable.blockForSingle(BlockingObservable.java:443)
	at rx.observables.BlockingObservable.single(BlockingObservable.java:340)
	at com.netflix.client.AbstractLoadBalancerAwareClient.executeWithLoadBalancer(AbstractLoadBalancerAwareClient.java:112)
	at org.springframework.cloud.openfeign.ribbon.LoadBalancerFeignClient.execute(LoadBalancerFeignClient.java:84)
	... 16 common frames omitted
2022-02-11 20:51:30.005 [task-400] ERROR org.springframework.aop.interceptor.SimpleAsyncUncaughtExceptionHandler -
                Unexpected exception occurred invoking async method: public void com.novedu.nov.statistics.task.MultiThreadScheduleTask.asyncCourseViewCount()
java.lang.RuntimeException: com.netflix.client.ClientException: Load balancer does not have available server for client: service-edu
	at org.springframework.cloud.openfeign.ribbon.LoadBalancerFeignClient.execute(LoadBalancerFeignClient.java:91)
	at feign.SynchronousMethodHandler.executeAndDecode(SynchronousMethodHandler.java:119)
	at feign.SynchronousMethodHandler.invoke(SynchronousMethodHandler.java:89)
	at feign.ReflectiveFeign$FeignInvocationHandler.invoke(ReflectiveFeign.java:100)
	at com.sun.proxy.$Proxy120.statisticsCoursePlayCount(Unknown Source)
	at com.novedu.nov.statistics.task.MultiThreadScheduleTask.asyncCourseViewCount(MultiThreadScheduleTask.java:33)
	at com.novedu.nov.statistics.task.MultiThreadScheduleTask$$FastClassBySpringCGLIB$$a711be28.invoke(<generated>)
	at org.springframework.cglib.proxy.MethodProxy.invoke(MethodProxy.java:218)
	at org.springframework.aop.framework.CglibAopProxy$CglibMethodInvocation.invokeJoinpoint(CglibAopProxy.java:779)
	at org.springframework.aop.framework.ReflectiveMethodInvocation.proceed(ReflectiveMethodInvocation.java:163)
	at org.springframework.aop.framework.CglibAopProxy$CglibMethodInvocation.proceed(CglibAopProxy.java:750)
	at org.springframework.aop.interceptor.AsyncExecutionInterceptor.lambda$invoke$0(AsyncExecutionInterceptor.java:115)
	at java.util.concurrent.FutureTask.run$$$capture(FutureTask.java:266)
	at java.util.concurrent.FutureTask.run(FutureTask.java)
	at java.util.concurrent.ThreadPoolExecutor.runWorker(ThreadPoolExecutor.java:1149)
	at java.util.concurrent.ThreadPoolExecutor$Worker.run(ThreadPoolExecutor.java:624)
	at java.lang.Thread.run(Thread.java:748)
Caused by: com.netflix.client.ClientException: Load balancer does not have available server for client: service-edu
	at com.netflix.loadbalancer.LoadBalancerContext.getServerFromLoadBalancer(LoadBalancerContext.java:483)
	at com.netflix.loadbalancer.reactive.LoadBalancerCommand$1.call(LoadBalancerCommand.java:184)
	at com.netflix.loadbalancer.reactive.LoadBalancerCommand$1.call(LoadBalancerCommand.java:180)
	at rx.Observable.unsafeSubscribe(Observable.java:10327)
	at rx.internal.operators.OnSubscribeConcatMap.call(OnSubscribeConcatMap.java:94)
	at rx.internal.operators.OnSubscribeConcatMap.call(OnSubscribeConcatMap.java:42)
	at rx.Observable.unsafeSubscribe(Observable.java:10327)
	at rx.internal.operators.OperatorRetryWithPredicate$SourceSubscriber$1.call(OperatorRetryWithPredicate.java:127)
	at rx.internal.schedulers.TrampolineScheduler$InnerCurrentThreadScheduler.enqueue(TrampolineScheduler.java:73)
	at rx.internal.schedulers.TrampolineScheduler$InnerCurrentThreadScheduler.schedule(TrampolineScheduler.java:52)
	at rx.internal.operators.OperatorRetryWithPredicate$SourceSubscriber.onNext(OperatorRetryWithPredicate.java:79)
	at rx.internal.operators.OperatorRetryWithPredicate$SourceSubscriber.onNext(OperatorRetryWithPredicate.java:45)
	at rx.internal.util.ScalarSynchronousObservable$WeakSingleProducer.request(ScalarSynchronousObservable.java:276)
	at rx.Subscriber.setProducer(Subscriber.java:209)
	at rx.internal.util.ScalarSynchronousObservable$JustOnSubscribe.call(ScalarSynchronousObservable.java:138)
	at rx.internal.util.ScalarSynchronousObservable$JustOnSubscribe.call(ScalarSynchronousObservable.java:129)
	at rx.internal.operators.OnSubscribeLift.call(OnSubscribeLift.java:48)
	at rx.internal.operators.OnSubscribeLift.call(OnSubscribeLift.java:30)
	at rx.internal.operators.OnSubscribeLift.call(OnSubscribeLift.java:48)
	at rx.internal.operators.OnSubscribeLift.call(OnSubscribeLift.java:30)
	at rx.internal.operators.OnSubscribeLift.call(OnSubscribeLift.java:48)
	at rx.internal.operators.OnSubscribeLift.call(OnSubscribeLift.java:30)
	at rx.Observable.subscribe(Observable.java:10423)
	at rx.Observable.subscribe(Observable.java:10390)
	at rx.observables.BlockingObservable.blockForSingle(BlockingObservable.java:443)
	at rx.observables.BlockingObservable.single(BlockingObservable.java:340)
	at com.netflix.client.AbstractLoadBalancerAwareClient.executeWithLoadBalancer(AbstractLoadBalancerAwareClient.java:112)
	at org.springframework.cloud.openfeign.ribbon.LoadBalancerFeignClient.execute(LoadBalancerFeignClient.java:84)
	... 16 common frames omitted
2022-02-11 20:51:30.005 [task-419] ERROR org.springframework.aop.interceptor.SimpleAsyncUncaughtExceptionHandler -
                Unexpected exception occurred invoking async method: public void com.novedu.nov.statistics.task.MultiThreadScheduleTask.statisticsCourseBuyCount()
java.lang.RuntimeException: com.netflix.client.ClientException: Load balancer does not have available server for client: service-edu
	at org.springframework.cloud.openfeign.ribbon.LoadBalancerFeignClient.execute(LoadBalancerFeignClient.java:91)
	at feign.SynchronousMethodHandler.executeAndDecode(SynchronousMethodHandler.java:119)
	at feign.SynchronousMethodHandler.invoke(SynchronousMethodHandler.java:89)
	at feign.ReflectiveFeign$FeignInvocationHandler.invoke(ReflectiveFeign.java:100)
	at com.sun.proxy.$Proxy120.statisticsCourseBuyCount(Unknown Source)
	at com.novedu.nov.statistics.task.MultiThreadScheduleTask.statisticsCourseBuyCount(MultiThreadScheduleTask.java:49)
	at com.novedu.nov.statistics.task.MultiThreadScheduleTask$$FastClassBySpringCGLIB$$a711be28.invoke(<generated>)
	at org.springframework.cglib.proxy.MethodProxy.invoke(MethodProxy.java:218)
	at org.springframework.aop.framework.CglibAopProxy$CglibMethodInvocation.invokeJoinpoint(CglibAopProxy.java:779)
	at org.springframework.aop.framework.ReflectiveMethodInvocation.proceed(ReflectiveMethodInvocation.java:163)
	at org.springframework.aop.framework.CglibAopProxy$CglibMethodInvocation.proceed(CglibAopProxy.java:750)
	at org.springframework.aop.interceptor.AsyncExecutionInterceptor.lambda$invoke$0(AsyncExecutionInterceptor.java:115)
	at java.util.concurrent.FutureTask.run$$$capture(FutureTask.java:266)
	at java.util.concurrent.FutureTask.run(FutureTask.java)
	at java.util.concurrent.ThreadPoolExecutor.runWorker(ThreadPoolExecutor.java:1149)
	at java.util.concurrent.ThreadPoolExecutor$Worker.run(ThreadPoolExecutor.java:624)
	at java.lang.Thread.run(Thread.java:748)
Caused by: com.netflix.client.ClientException: Load balancer does not have available server for client: service-edu
	at com.netflix.loadbalancer.LoadBalancerContext.getServerFromLoadBalancer(LoadBalancerContext.java:483)
	at com.netflix.loadbalancer.reactive.LoadBalancerCommand$1.call(LoadBalancerCommand.java:184)
	at com.netflix.loadbalancer.reactive.LoadBalancerCommand$1.call(LoadBalancerCommand.java:180)
	at rx.Observable.unsafeSubscribe(Observable.java:10327)
	at rx.internal.operators.OnSubscribeConcatMap.call(OnSubscribeConcatMap.java:94)
	at rx.internal.operators.OnSubscribeConcatMap.call(OnSubscribeConcatMap.java:42)
	at rx.Observable.unsafeSubscribe(Observable.java:10327)
	at rx.internal.operators.OperatorRetryWithPredicate$SourceSubscriber$1.call(OperatorRetryWithPredicate.java:127)
	at rx.internal.schedulers.TrampolineScheduler$InnerCurrentThreadScheduler.enqueue(TrampolineScheduler.java:73)
	at rx.internal.schedulers.TrampolineScheduler$InnerCurrentThreadScheduler.schedule(TrampolineScheduler.java:52)
	at rx.internal.operators.OperatorRetryWithPredicate$SourceSubscriber.onNext(OperatorRetryWithPredicate.java:79)
	at rx.internal.operators.OperatorRetryWithPredicate$SourceSubscriber.onNext(OperatorRetryWithPredicate.java:45)
	at rx.internal.util.ScalarSynchronousObservable$WeakSingleProducer.request(ScalarSynchronousObservable.java:276)
	at rx.Subscriber.setProducer(Subscriber.java:209)
	at rx.internal.util.ScalarSynchronousObservable$JustOnSubscribe.call(ScalarSynchronousObservable.java:138)
	at rx.internal.util.ScalarSynchronousObservable$JustOnSubscribe.call(ScalarSynchronousObservable.java:129)
	at rx.internal.operators.OnSubscribeLift.call(OnSubscribeLift.java:48)
	at rx.internal.operators.OnSubscribeLift.call(OnSubscribeLift.java:30)
	at rx.internal.operators.OnSubscribeLift.call(OnSubscribeLift.java:48)
	at rx.internal.operators.OnSubscribeLift.call(OnSubscribeLift.java:30)
	at rx.internal.operators.OnSubscribeLift.call(OnSubscribeLift.java:48)
	at rx.internal.operators.OnSubscribeLift.call(OnSubscribeLift.java:30)
	at rx.Observable.subscribe(Observable.java:10423)
	at rx.Observable.subscribe(Observable.java:10390)
	at rx.observables.BlockingObservable.blockForSingle(BlockingObservable.java:443)
	at rx.observables.BlockingObservable.single(BlockingObservable.java:340)
	at com.netflix.client.AbstractLoadBalancerAwareClient.executeWithLoadBalancer(AbstractLoadBalancerAwareClient.java:112)
	at org.springframework.cloud.openfeign.ribbon.LoadBalancerFeignClient.execute(LoadBalancerFeignClient.java:84)
	... 16 common frames omitted
2022-02-11 20:51:30.005 [task-421] ERROR org.springframework.aop.interceptor.SimpleAsyncUncaughtExceptionHandler -
                Unexpected exception occurred invoking async method: public void com.novedu.nov.statistics.task.MultiThreadScheduleTask.statisticsCourseApplyCount()
java.lang.RuntimeException: com.netflix.client.ClientException: Load balancer does not have available server for client: service-edu
	at org.springframework.cloud.openfeign.ribbon.LoadBalancerFeignClient.execute(LoadBalancerFeignClient.java:91)
	at feign.SynchronousMethodHandler.executeAndDecode(SynchronousMethodHandler.java:119)
	at feign.SynchronousMethodHandler.invoke(SynchronousMethodHandler.java:89)
	at feign.ReflectiveFeign$FeignInvocationHandler.invoke(ReflectiveFeign.java:100)
	at com.sun.proxy.$Proxy120.statisticsCourseApplyCount(Unknown Source)
	at com.novedu.nov.statistics.task.MultiThreadScheduleTask.statisticsCourseApplyCount(MultiThreadScheduleTask.java:41)
	at com.novedu.nov.statistics.task.MultiThreadScheduleTask$$FastClassBySpringCGLIB$$a711be28.invoke(<generated>)
	at org.springframework.cglib.proxy.MethodProxy.invoke(MethodProxy.java:218)
	at org.springframework.aop.framework.CglibAopProxy$CglibMethodInvocation.invokeJoinpoint(CglibAopProxy.java:779)
	at org.springframework.aop.framework.ReflectiveMethodInvocation.proceed(ReflectiveMethodInvocation.java:163)
	at org.springframework.aop.framework.CglibAopProxy$CglibMethodInvocation.proceed(CglibAopProxy.java:750)
	at org.springframework.aop.interceptor.AsyncExecutionInterceptor.lambda$invoke$0(AsyncExecutionInterceptor.java:115)
	at java.util.concurrent.FutureTask.run$$$capture(FutureTask.java:266)
	at java.util.concurrent.FutureTask.run(FutureTask.java)
	at java.util.concurrent.ThreadPoolExecutor.runWorker(ThreadPoolExecutor.java:1149)
	at java.util.concurrent.ThreadPoolExecutor$Worker.run(ThreadPoolExecutor.java:624)
	at java.lang.Thread.run(Thread.java:748)
Caused by: com.netflix.client.ClientException: Load balancer does not have available server for client: service-edu
	at com.netflix.loadbalancer.LoadBalancerContext.getServerFromLoadBalancer(LoadBalancerContext.java:483)
	at com.netflix.loadbalancer.reactive.LoadBalancerCommand$1.call(LoadBalancerCommand.java:184)
	at com.netflix.loadbalancer.reactive.LoadBalancerCommand$1.call(LoadBalancerCommand.java:180)
	at rx.Observable.unsafeSubscribe(Observable.java:10327)
	at rx.internal.operators.OnSubscribeConcatMap.call(OnSubscribeConcatMap.java:94)
	at rx.internal.operators.OnSubscribeConcatMap.call(OnSubscribeConcatMap.java:42)
	at rx.Observable.unsafeSubscribe(Observable.java:10327)
	at rx.internal.operators.OperatorRetryWithPredicate$SourceSubscriber$1.call(OperatorRetryWithPredicate.java:127)
	at rx.internal.schedulers.TrampolineScheduler$InnerCurrentThreadScheduler.enqueue(TrampolineScheduler.java:73)
	at rx.internal.schedulers.TrampolineScheduler$InnerCurrentThreadScheduler.schedule(TrampolineScheduler.java:52)
	at rx.internal.operators.OperatorRetryWithPredicate$SourceSubscriber.onNext(OperatorRetryWithPredicate.java:79)
	at rx.internal.operators.OperatorRetryWithPredicate$SourceSubscriber.onNext(OperatorRetryWithPredicate.java:45)
	at rx.internal.util.ScalarSynchronousObservable$WeakSingleProducer.request(ScalarSynchronousObservable.java:276)
	at rx.Subscriber.setProducer(Subscriber.java:209)
	at rx.internal.util.ScalarSynchronousObservable$JustOnSubscribe.call(ScalarSynchronousObservable.java:138)
	at rx.internal.util.ScalarSynchronousObservable$JustOnSubscribe.call(ScalarSynchronousObservable.java:129)
	at rx.internal.operators.OnSubscribeLift.call(OnSubscribeLift.java:48)
	at rx.internal.operators.OnSubscribeLift.call(OnSubscribeLift.java:30)
	at rx.internal.operators.OnSubscribeLift.call(OnSubscribeLift.java:48)
	at rx.internal.operators.OnSubscribeLift.call(OnSubscribeLift.java:30)
	at rx.internal.operators.OnSubscribeLift.call(OnSubscribeLift.java:48)
	at rx.internal.operators.OnSubscribeLift.call(OnSubscribeLift.java:30)
	at rx.Observable.subscribe(Observable.java:10423)
	at rx.Observable.subscribe(Observable.java:10390)
	at rx.observables.BlockingObservable.blockForSingle(BlockingObservable.java:443)
	at rx.observables.BlockingObservable.single(BlockingObservable.java:340)
	at com.netflix.client.AbstractLoadBalancerAwareClient.executeWithLoadBalancer(AbstractLoadBalancerAwareClient.java:112)
	at org.springframework.cloud.openfeign.ribbon.LoadBalancerFeignClient.execute(LoadBalancerFeignClient.java:84)
	... 16 common frames omitted
2022-02-11 20:52:00.012 [task-423] ERROR org.springframework.aop.interceptor.SimpleAsyncUncaughtExceptionHandler -
                Unexpected exception occurred invoking async method: public void com.novedu.nov.statistics.task.MultiThreadScheduleTask.asyncCourseViewCount()
java.lang.RuntimeException: com.netflix.client.ClientException: Load balancer does not have available server for client: service-edu
	at org.springframework.cloud.openfeign.ribbon.LoadBalancerFeignClient.execute(LoadBalancerFeignClient.java:91)
	at feign.SynchronousMethodHandler.executeAndDecode(SynchronousMethodHandler.java:119)
	at feign.SynchronousMethodHandler.invoke(SynchronousMethodHandler.java:89)
	at feign.ReflectiveFeign$FeignInvocationHandler.invoke(ReflectiveFeign.java:100)
	at com.sun.proxy.$Proxy120.statisticsCoursePlayCount(Unknown Source)
	at com.novedu.nov.statistics.task.MultiThreadScheduleTask.asyncCourseViewCount(MultiThreadScheduleTask.java:33)
	at com.novedu.nov.statistics.task.MultiThreadScheduleTask$$FastClassBySpringCGLIB$$a711be28.invoke(<generated>)
	at org.springframework.cglib.proxy.MethodProxy.invoke(MethodProxy.java:218)
	at org.springframework.aop.framework.CglibAopProxy$CglibMethodInvocation.invokeJoinpoint(CglibAopProxy.java:779)
	at org.springframework.aop.framework.ReflectiveMethodInvocation.proceed(ReflectiveMethodInvocation.java:163)
	at org.springframework.aop.framework.CglibAopProxy$CglibMethodInvocation.proceed(CglibAopProxy.java:750)
	at org.springframework.aop.interceptor.AsyncExecutionInterceptor.lambda$invoke$0(AsyncExecutionInterceptor.java:115)
	at java.util.concurrent.FutureTask.run$$$capture(FutureTask.java:266)
	at java.util.concurrent.FutureTask.run(FutureTask.java)
	at java.util.concurrent.ThreadPoolExecutor.runWorker(ThreadPoolExecutor.java:1149)
	at java.util.concurrent.ThreadPoolExecutor$Worker.run(ThreadPoolExecutor.java:624)
	at java.lang.Thread.run(Thread.java:748)
Caused by: com.netflix.client.ClientException: Load balancer does not have available server for client: service-edu
	at com.netflix.loadbalancer.LoadBalancerContext.getServerFromLoadBalancer(LoadBalancerContext.java:483)
	at com.netflix.loadbalancer.reactive.LoadBalancerCommand$1.call(LoadBalancerCommand.java:184)
	at com.netflix.loadbalancer.reactive.LoadBalancerCommand$1.call(LoadBalancerCommand.java:180)
	at rx.Observable.unsafeSubscribe(Observable.java:10327)
	at rx.internal.operators.OnSubscribeConcatMap.call(OnSubscribeConcatMap.java:94)
	at rx.internal.operators.OnSubscribeConcatMap.call(OnSubscribeConcatMap.java:42)
	at rx.Observable.unsafeSubscribe(Observable.java:10327)
	at rx.internal.operators.OperatorRetryWithPredicate$SourceSubscriber$1.call(OperatorRetryWithPredicate.java:127)
	at rx.internal.schedulers.TrampolineScheduler$InnerCurrentThreadScheduler.enqueue(TrampolineScheduler.java:73)
	at rx.internal.schedulers.TrampolineScheduler$InnerCurrentThreadScheduler.schedule(TrampolineScheduler.java:52)
	at rx.internal.operators.OperatorRetryWithPredicate$SourceSubscriber.onNext(OperatorRetryWithPredicate.java:79)
	at rx.internal.operators.OperatorRetryWithPredicate$SourceSubscriber.onNext(OperatorRetryWithPredicate.java:45)
	at rx.internal.util.ScalarSynchronousObservable$WeakSingleProducer.request(ScalarSynchronousObservable.java:276)
	at rx.Subscriber.setProducer(Subscriber.java:209)
	at rx.internal.util.ScalarSynchronousObservable$JustOnSubscribe.call(ScalarSynchronousObservable.java:138)
	at rx.internal.util.ScalarSynchronousObservable$JustOnSubscribe.call(ScalarSynchronousObservable.java:129)
	at rx.internal.operators.OnSubscribeLift.call(OnSubscribeLift.java:48)
	at rx.internal.operators.OnSubscribeLift.call(OnSubscribeLift.java:30)
	at rx.internal.operators.OnSubscribeLift.call(OnSubscribeLift.java:48)
	at rx.internal.operators.OnSubscribeLift.call(OnSubscribeLift.java:30)
	at rx.internal.operators.OnSubscribeLift.call(OnSubscribeLift.java:48)
	at rx.internal.operators.OnSubscribeLift.call(OnSubscribeLift.java:30)
	at rx.Observable.subscribe(Observable.java:10423)
	at rx.Observable.subscribe(Observable.java:10390)
	at rx.observables.BlockingObservable.blockForSingle(BlockingObservable.java:443)
	at rx.observables.BlockingObservable.single(BlockingObservable.java:340)
	at com.netflix.client.AbstractLoadBalancerAwareClient.executeWithLoadBalancer(AbstractLoadBalancerAwareClient.java:112)
	at org.springframework.cloud.openfeign.ribbon.LoadBalancerFeignClient.execute(LoadBalancerFeignClient.java:84)
	... 16 common frames omitted
2022-02-11 20:52:00.012 [task-418] ERROR org.springframework.aop.interceptor.SimpleAsyncUncaughtExceptionHandler -
                Unexpected exception occurred invoking async method: public void com.novedu.nov.statistics.task.MultiThreadScheduleTask.statisticsCourseBuyCount()
java.lang.RuntimeException: com.netflix.client.ClientException: Load balancer does not have available server for client: service-edu
	at org.springframework.cloud.openfeign.ribbon.LoadBalancerFeignClient.execute(LoadBalancerFeignClient.java:91)
	at feign.SynchronousMethodHandler.executeAndDecode(SynchronousMethodHandler.java:119)
	at feign.SynchronousMethodHandler.invoke(SynchronousMethodHandler.java:89)
	at feign.ReflectiveFeign$FeignInvocationHandler.invoke(ReflectiveFeign.java:100)
	at com.sun.proxy.$Proxy120.statisticsCourseBuyCount(Unknown Source)
	at com.novedu.nov.statistics.task.MultiThreadScheduleTask.statisticsCourseBuyCount(MultiThreadScheduleTask.java:49)
	at com.novedu.nov.statistics.task.MultiThreadScheduleTask$$FastClassBySpringCGLIB$$a711be28.invoke(<generated>)
	at org.springframework.cglib.proxy.MethodProxy.invoke(MethodProxy.java:218)
	at org.springframework.aop.framework.CglibAopProxy$CglibMethodInvocation.invokeJoinpoint(CglibAopProxy.java:779)
	at org.springframework.aop.framework.ReflectiveMethodInvocation.proceed(ReflectiveMethodInvocation.java:163)
	at org.springframework.aop.framework.CglibAopProxy$CglibMethodInvocation.proceed(CglibAopProxy.java:750)
	at org.springframework.aop.interceptor.AsyncExecutionInterceptor.lambda$invoke$0(AsyncExecutionInterceptor.java:115)
	at java.util.concurrent.FutureTask.run$$$capture(FutureTask.java:266)
	at java.util.concurrent.FutureTask.run(FutureTask.java)
	at java.util.concurrent.ThreadPoolExecutor.runWorker(ThreadPoolExecutor.java:1149)
	at java.util.concurrent.ThreadPoolExecutor$Worker.run(ThreadPoolExecutor.java:624)
	at java.lang.Thread.run(Thread.java:748)
Caused by: com.netflix.client.ClientException: Load balancer does not have available server for client: service-edu
	at com.netflix.loadbalancer.LoadBalancerContext.getServerFromLoadBalancer(LoadBalancerContext.java:483)
	at com.netflix.loadbalancer.reactive.LoadBalancerCommand$1.call(LoadBalancerCommand.java:184)
	at com.netflix.loadbalancer.reactive.LoadBalancerCommand$1.call(LoadBalancerCommand.java:180)
	at rx.Observable.unsafeSubscribe(Observable.java:10327)
	at rx.internal.operators.OnSubscribeConcatMap.call(OnSubscribeConcatMap.java:94)
	at rx.internal.operators.OnSubscribeConcatMap.call(OnSubscribeConcatMap.java:42)
	at rx.Observable.unsafeSubscribe(Observable.java:10327)
	at rx.internal.operators.OperatorRetryWithPredicate$SourceSubscriber$1.call(OperatorRetryWithPredicate.java:127)
	at rx.internal.schedulers.TrampolineScheduler$InnerCurrentThreadScheduler.enqueue(TrampolineScheduler.java:73)
	at rx.internal.schedulers.TrampolineScheduler$InnerCurrentThreadScheduler.schedule(TrampolineScheduler.java:52)
	at rx.internal.operators.OperatorRetryWithPredicate$SourceSubscriber.onNext(OperatorRetryWithPredicate.java:79)
	at rx.internal.operators.OperatorRetryWithPredicate$SourceSubscriber.onNext(OperatorRetryWithPredicate.java:45)
	at rx.internal.util.ScalarSynchronousObservable$WeakSingleProducer.request(ScalarSynchronousObservable.java:276)
	at rx.Subscriber.setProducer(Subscriber.java:209)
	at rx.internal.util.ScalarSynchronousObservable$JustOnSubscribe.call(ScalarSynchronousObservable.java:138)
	at rx.internal.util.ScalarSynchronousObservable$JustOnSubscribe.call(ScalarSynchronousObservable.java:129)
	at rx.internal.operators.OnSubscribeLift.call(OnSubscribeLift.java:48)
	at rx.internal.operators.OnSubscribeLift.call(OnSubscribeLift.java:30)
	at rx.internal.operators.OnSubscribeLift.call(OnSubscribeLift.java:48)
	at rx.internal.operators.OnSubscribeLift.call(OnSubscribeLift.java:30)
	at rx.internal.operators.OnSubscribeLift.call(OnSubscribeLift.java:48)
	at rx.internal.operators.OnSubscribeLift.call(OnSubscribeLift.java:30)
	at rx.Observable.subscribe(Observable.java:10423)
	at rx.Observable.subscribe(Observable.java:10390)
	at rx.observables.BlockingObservable.blockForSingle(BlockingObservable.java:443)
	at rx.observables.BlockingObservable.single(BlockingObservable.java:340)
	at com.netflix.client.AbstractLoadBalancerAwareClient.executeWithLoadBalancer(AbstractLoadBalancerAwareClient.java:112)
	at org.springframework.cloud.openfeign.ribbon.LoadBalancerFeignClient.execute(LoadBalancerFeignClient.java:84)
	... 16 common frames omitted
2022-02-11 20:52:00.012 [task-420] ERROR org.springframework.aop.interceptor.SimpleAsyncUncaughtExceptionHandler -
                Unexpected exception occurred invoking async method: public void com.novedu.nov.statistics.task.MultiThreadScheduleTask.statisticsCourseApplyCount()
java.lang.RuntimeException: com.netflix.client.ClientException: Load balancer does not have available server for client: service-edu
	at org.springframework.cloud.openfeign.ribbon.LoadBalancerFeignClient.execute(LoadBalancerFeignClient.java:91)
	at feign.SynchronousMethodHandler.executeAndDecode(SynchronousMethodHandler.java:119)
	at feign.SynchronousMethodHandler.invoke(SynchronousMethodHandler.java:89)
	at feign.ReflectiveFeign$FeignInvocationHandler.invoke(ReflectiveFeign.java:100)
	at com.sun.proxy.$Proxy120.statisticsCourseApplyCount(Unknown Source)
	at com.novedu.nov.statistics.task.MultiThreadScheduleTask.statisticsCourseApplyCount(MultiThreadScheduleTask.java:41)
	at com.novedu.nov.statistics.task.MultiThreadScheduleTask$$FastClassBySpringCGLIB$$a711be28.invoke(<generated>)
	at org.springframework.cglib.proxy.MethodProxy.invoke(MethodProxy.java:218)
	at org.springframework.aop.framework.CglibAopProxy$CglibMethodInvocation.invokeJoinpoint(CglibAopProxy.java:779)
	at org.springframework.aop.framework.ReflectiveMethodInvocation.proceed(ReflectiveMethodInvocation.java:163)
	at org.springframework.aop.framework.CglibAopProxy$CglibMethodInvocation.proceed(CglibAopProxy.java:750)
	at org.springframework.aop.interceptor.AsyncExecutionInterceptor.lambda$invoke$0(AsyncExecutionInterceptor.java:115)
	at java.util.concurrent.FutureTask.run$$$capture(FutureTask.java:266)
	at java.util.concurrent.FutureTask.run(FutureTask.java)
	at java.util.concurrent.ThreadPoolExecutor.runWorker(ThreadPoolExecutor.java:1149)
	at java.util.concurrent.ThreadPoolExecutor$Worker.run(ThreadPoolExecutor.java:624)
	at java.lang.Thread.run(Thread.java:748)
Caused by: com.netflix.client.ClientException: Load balancer does not have available server for client: service-edu
	at com.netflix.loadbalancer.LoadBalancerContext.getServerFromLoadBalancer(LoadBalancerContext.java:483)
	at com.netflix.loadbalancer.reactive.LoadBalancerCommand$1.call(LoadBalancerCommand.java:184)
	at com.netflix.loadbalancer.reactive.LoadBalancerCommand$1.call(LoadBalancerCommand.java:180)
	at rx.Observable.unsafeSubscribe(Observable.java:10327)
	at rx.internal.operators.OnSubscribeConcatMap.call(OnSubscribeConcatMap.java:94)
	at rx.internal.operators.OnSubscribeConcatMap.call(OnSubscribeConcatMap.java:42)
	at rx.Observable.unsafeSubscribe(Observable.java:10327)
	at rx.internal.operators.OperatorRetryWithPredicate$SourceSubscriber$1.call(OperatorRetryWithPredicate.java:127)
	at rx.internal.schedulers.TrampolineScheduler$InnerCurrentThreadScheduler.enqueue(TrampolineScheduler.java:73)
	at rx.internal.schedulers.TrampolineScheduler$InnerCurrentThreadScheduler.schedule(TrampolineScheduler.java:52)
	at rx.internal.operators.OperatorRetryWithPredicate$SourceSubscriber.onNext(OperatorRetryWithPredicate.java:79)
	at rx.internal.operators.OperatorRetryWithPredicate$SourceSubscriber.onNext(OperatorRetryWithPredicate.java:45)
	at rx.internal.util.ScalarSynchronousObservable$WeakSingleProducer.request(ScalarSynchronousObservable.java:276)
	at rx.Subscriber.setProducer(Subscriber.java:209)
	at rx.internal.util.ScalarSynchronousObservable$JustOnSubscribe.call(ScalarSynchronousObservable.java:138)
	at rx.internal.util.ScalarSynchronousObservable$JustOnSubscribe.call(ScalarSynchronousObservable.java:129)
	at rx.internal.operators.OnSubscribeLift.call(OnSubscribeLift.java:48)
	at rx.internal.operators.OnSubscribeLift.call(OnSubscribeLift.java:30)
	at rx.internal.operators.OnSubscribeLift.call(OnSubscribeLift.java:48)
	at rx.internal.operators.OnSubscribeLift.call(OnSubscribeLift.java:30)
	at rx.internal.operators.OnSubscribeLift.call(OnSubscribeLift.java:48)
	at rx.internal.operators.OnSubscribeLift.call(OnSubscribeLift.java:30)
	at rx.Observable.subscribe(Observable.java:10423)
	at rx.Observable.subscribe(Observable.java:10390)
	at rx.observables.BlockingObservable.blockForSingle(BlockingObservable.java:443)
	at rx.observables.BlockingObservable.single(BlockingObservable.java:340)
	at com.netflix.client.AbstractLoadBalancerAwareClient.executeWithLoadBalancer(AbstractLoadBalancerAwareClient.java:112)
	at org.springframework.cloud.openfeign.ribbon.LoadBalancerFeignClient.execute(LoadBalancerFeignClient.java:84)
	... 16 common frames omitted
2022-02-11 20:52:09.800 [http-nio-8081-exec-2] ERROR com.novedu.nov.common.aspect.NovExceptionHandler -
                feign.codec.EncodeException: Error converting request body
	at org.springframework.cloud.openfeign.support.SpringEncoder.encodeWithMessageConverter(SpringEncoder.java:141)
	at org.springframework.cloud.openfeign.support.SpringEncoder.encode(SpringEncoder.java:119)
	at org.springframework.cloud.openfeign.support.PageableSpringEncoder.encode(PageableSpringEncoder.java:101)
	at feign.ReflectiveFeign$BuildEncodedTemplateFromArgs.resolve(ReflectiveFeign.java:385)
	at feign.ReflectiveFeign$BuildTemplateByResolvingArgs.create(ReflectiveFeign.java:232)
	at feign.SynchronousMethodHandler.invoke(SynchronousMethodHandler.java:84)
	at feign.ReflectiveFeign$FeignInvocationHandler.invoke(ReflectiveFeign.java:100)
	at com.sun.proxy.$Proxy151.queryOrderByUidAndCourseId(Unknown Source)
	at com.novedu.nov.edu.service.impl.EduVideoServiceImpl.queryOrderByUidAndCourseId(EduVideoServiceImpl.java:125)
	at com.novedu.nov.edu.service.impl.EduVideoServiceImpl.queryClientVideo(EduVideoServiceImpl.java:134)
	at com.novedu.nov.edu.service.impl.EduVideoServiceImpl$$FastClassBySpringCGLIB$$2f0455cc.invoke(<generated>)
	at org.springframework.cglib.proxy.MethodProxy.invoke(MethodProxy.java:218)
	at org.springframework.aop.framework.CglibAopProxy$DynamicAdvisedInterceptor.intercept(CglibAopProxy.java:688)
	at com.novedu.nov.edu.service.impl.EduVideoServiceImpl$$EnhancerBySpringCGLIB$$5a6dc230.queryClientVideo(<generated>)
	at com.novedu.nov.edu.controller.EduVideoController.queryClientVideo(EduVideoController.java:52)
	at com.novedu.nov.edu.controller.EduVideoController$$FastClassBySpringCGLIB$$2410ca62.invoke(<generated>)
	at org.springframework.cglib.proxy.MethodProxy.invoke(MethodProxy.java:218)
	at org.springframework.aop.framework.CglibAopProxy$CglibMethodInvocation.invokeJoinpoint(CglibAopProxy.java:779)
	at org.springframework.aop.framework.ReflectiveMethodInvocation.proceed(ReflectiveMethodInvocation.java:163)
	at org.springframework.aop.framework.CglibAopProxy$CglibMethodInvocation.proceed(CglibAopProxy.java:750)
	at org.springframework.aop.aspectj.MethodInvocationProceedingJoinPoint.proceed(MethodInvocationProceedingJoinPoint.java:88)
	at com.novedu.nov.common.aspect.NovLogHandler.around(NovLogHandler.java:56)
	at sun.reflect.NativeMethodAccessorImpl.invoke0(Native Method)
	at sun.reflect.NativeMethodAccessorImpl.invoke(NativeMethodAccessorImpl.java:62)
	at sun.reflect.DelegatingMethodAccessorImpl.invoke(DelegatingMethodAccessorImpl.java:43)
	at java.lang.reflect.Method.invoke(Method.java:498)
	at org.springframework.aop.aspectj.AbstractAspectJAdvice.invokeAdviceMethodWithGivenArgs(AbstractAspectJAdvice.java:644)
	at org.springframework.aop.aspectj.AbstractAspectJAdvice.invokeAdviceMethod(AbstractAspectJAdvice.java:633)
	at org.springframework.aop.aspectj.AspectJAroundAdvice.invoke(AspectJAroundAdvice.java:70)
	at org.springframework.aop.framework.ReflectiveMethodInvocation.proceed(ReflectiveMethodInvocation.java:186)
	at org.springframework.aop.framework.CglibAopProxy$CglibMethodInvocation.proceed(CglibAopProxy.java:750)
	at org.springframework.aop.interceptor.ExposeInvocationInterceptor.invoke(ExposeInvocationInterceptor.java:95)
	at org.springframework.aop.framework.ReflectiveMethodInvocation.proceed(ReflectiveMethodInvocation.java:186)
	at org.springframework.aop.framework.CglibAopProxy$CglibMethodInvocation.proceed(CglibAopProxy.java:750)
	at org.springframework.aop.framework.CglibAopProxy$DynamicAdvisedInterceptor.intercept(CglibAopProxy.java:692)
	at com.novedu.nov.edu.controller.EduVideoController$$EnhancerBySpringCGLIB$$b63bfcf0.queryClientVideo(<generated>)
	at sun.reflect.NativeMethodAccessorImpl.invoke0(Native Method)
	at sun.reflect.NativeMethodAccessorImpl.invoke(NativeMethodAccessorImpl.java:62)
	at sun.reflect.DelegatingMethodAccessorImpl.invoke(DelegatingMethodAccessorImpl.java:43)
	at java.lang.reflect.Method.invoke(Method.java:498)
	at org.springframework.web.method.support.InvocableHandlerMethod.doInvoke(InvocableHandlerMethod.java:190)
	at org.springframework.web.method.support.InvocableHandlerMethod.invokeForRequest(InvocableHandlerMethod.java:138)
	at org.springframework.web.servlet.mvc.method.annotation.ServletInvocableHandlerMethod.invokeAndHandle(ServletInvocableHandlerMethod.java:105)
	at org.springframework.web.servlet.mvc.method.annotation.RequestMappingHandlerAdapter.invokeHandlerMethod(RequestMappingHandlerAdapter.java:878)
	at org.springframework.web.servlet.mvc.method.annotation.RequestMappingHandlerAdapter.handleInternal(RequestMappingHandlerAdapter.java:792)
	at org.springframework.web.servlet.mvc.method.AbstractHandlerMethodAdapter.handle(AbstractHandlerMethodAdapter.java:87)
	at org.springframework.web.servlet.DispatcherServlet.doDispatch(DispatcherServlet.java:1040)
	at org.springframework.web.servlet.DispatcherServlet.doService(DispatcherServlet.java:943)
	at org.springframework.web.servlet.FrameworkServlet.processRequest(FrameworkServlet.java:1006)
	at org.springframework.web.servlet.FrameworkServlet.doPost(FrameworkServlet.java:909)
	at javax.servlet.http.HttpServlet.service(HttpServlet.java:652)
	at org.springframework.web.servlet.FrameworkServlet.service(FrameworkServlet.java:883)
	at javax.servlet.http.HttpServlet.service(HttpServlet.java:733)
	at org.apache.catalina.core.ApplicationFilterChain.internalDoFilter(ApplicationFilterChain.java:227)
	at org.apache.catalina.core.ApplicationFilterChain.doFilter(ApplicationFilterChain.java:162)
	at org.apache.tomcat.websocket.server.WsFilter.doFilter(WsFilter.java:53)
	at org.apache.catalina.core.ApplicationFilterChain.internalDoFilter(ApplicationFilterChain.java:189)
	at org.apache.catalina.core.ApplicationFilterChain.doFilter(ApplicationFilterChain.java:162)
	at org.springframework.web.filter.CorsFilter.doFilterInternal(CorsFilter.java:92)
	at org.springframework.web.filter.OncePerRequestFilter.doFilter(OncePerRequestFilter.java:119)
	at org.apache.catalina.core.ApplicationFilterChain.internalDoFilter(ApplicationFilterChain.java:189)
	at org.apache.catalina.core.ApplicationFilterChain.doFilter(ApplicationFilterChain.java:162)
	at org.springframework.web.filter.RequestContextFilter.doFilterInternal(RequestContextFilter.java:100)
	at org.springframework.web.filter.OncePerRequestFilter.doFilter(OncePerRequestFilter.java:119)
	at org.apache.catalina.core.ApplicationFilterChain.internalDoFilter(ApplicationFilterChain.java:189)
	at org.apache.catalina.core.ApplicationFilterChain.doFilter(ApplicationFilterChain.java:162)
	at org.springframework.web.filter.FormContentFilter.doFilterInternal(FormContentFilter.java:93)
	at org.springframework.web.filter.OncePerRequestFilter.doFilter(OncePerRequestFilter.java:119)
	at org.apache.catalina.core.ApplicationFilterChain.internalDoFilter(ApplicationFilterChain.java:189)
	at org.apache.catalina.core.ApplicationFilterChain.doFilter(ApplicationFilterChain.java:162)
	at org.springframework.web.filter.CharacterEncodingFilter.doFilterInternal(CharacterEncodingFilter.java:201)
	at org.springframework.web.filter.OncePerRequestFilter.doFilter(OncePerRequestFilter.java:119)
	at org.apache.catalina.core.ApplicationFilterChain.internalDoFilter(ApplicationFilterChain.java:189)
	at org.apache.catalina.core.ApplicationFilterChain.doFilter(ApplicationFilterChain.java:162)
	at org.apache.catalina.core.StandardWrapperValve.invoke(StandardWrapperValve.java:202)
	at org.apache.catalina.core.StandardContextValve.invoke(StandardContextValve.java:97)
	at org.apache.catalina.authenticator.AuthenticatorBase.invoke(AuthenticatorBase.java:542)
	at org.apache.catalina.core.StandardHostValve.invoke(StandardHostValve.java:143)
	at org.apache.catalina.valves.ErrorReportValve.invoke(ErrorReportValve.java:92)
	at org.apache.catalina.core.StandardEngineValve.invoke(StandardEngineValve.java:78)
	at org.apache.catalina.connector.CoyoteAdapter.service(CoyoteAdapter.java:357)
	at org.apache.coyote.http11.Http11Processor.service(Http11Processor.java:374)
	at org.apache.coyote.AbstractProcessorLight.process(AbstractProcessorLight.java:65)
	at org.apache.coyote.AbstractProtocol$ConnectionHandler.process(AbstractProtocol.java:893)
	at org.apache.tomcat.util.net.NioEndpoint$SocketProcessor.doRun(NioEndpoint.java:1707)
	at org.apache.tomcat.util.net.SocketProcessorBase.run(SocketProcessorBase.java:49)
	at java.util.concurrent.ThreadPoolExecutor.runWorker(ThreadPoolExecutor.java:1149)
	at java.util.concurrent.ThreadPoolExecutor$Worker.run(ThreadPoolExecutor.java:624)
	at org.apache.tomcat.util.threads.TaskThread$WrappingRunnable.run(TaskThread.java:61)
	at java.lang.Thread.run(Thread.java:748)
Caused by: org.springframework.http.converter.HttpMessageConversionException: Type definition error: [simple type, class java.util.Collections$3]; nested exception is com.fasterxml.jackson.databind.exc.InvalidDefinitionException: No serializer found for class java.util.Collections$3 and no properties discovered to create BeanSerializer (to avoid exception, disable SerializationFeature.FAIL_ON_EMPTY_BEANS) (through reference chain: org.apache.catalina.connector.RequestFacade["attributeNames"])
	at org.springframework.http.converter.json.AbstractJackson2HttpMessageConverter.writeInternal(AbstractJackson2HttpMessageConverter.java:353)
	at org.springframework.http.converter.AbstractGenericHttpMessageConverter.write(AbstractGenericHttpMessageConverter.java:104)
	at org.springframework.cloud.openfeign.support.SpringEncoder.checkAndWrite(SpringEncoder.java:210)
	at org.springframework.cloud.openfeign.support.SpringEncoder.encodeWithMessageConverter(SpringEncoder.java:131)
	... 89 more
Caused by: com.fasterxml.jackson.databind.exc.InvalidDefinitionException: No serializer found for class java.util.Collections$3 and no properties discovered to create BeanSerializer (to avoid exception, disable SerializationFeature.FAIL_ON_EMPTY_BEANS) (through reference chain: org.apache.catalina.connector.RequestFacade["attributeNames"])
	at com.fasterxml.jackson.databind.exc.InvalidDefinitionException.from(InvalidDefinitionException.java:77)
	at com.fasterxml.jackson.databind.SerializerProvider.reportBadDefinition(SerializerProvider.java:1277)
	at com.fasterxml.jackson.databind.DatabindContext.reportBadDefinition(DatabindContext.java:400)
	at com.fasterxml.jackson.databind.ser.impl.UnknownSerializer.failForEmpty(UnknownSerializer.java:71)
	at com.fasterxml.jackson.databind.ser.impl.UnknownSerializer.serialize(UnknownSerializer.java:33)
	at com.fasterxml.jackson.databind.ser.BeanPropertyWriter.serializeAsField(BeanPropertyWriter.java:728)
	at com.fasterxml.jackson.databind.ser.std.BeanSerializerBase.serializeFields(BeanSerializerBase.java:755)
	at com.fasterxml.jackson.databind.ser.BeanSerializer.serialize(BeanSerializer.java:178)
	at com.fasterxml.jackson.databind.ser.DefaultSerializerProvider._serialize(DefaultSerializerProvider.java:480)
	at com.fasterxml.jackson.databind.ser.DefaultSerializerProvider.serializeValue(DefaultSerializerProvider.java:319)
	at com.fasterxml.jackson.databind.ObjectWriter$Prefetch.serialize(ObjectWriter.java:1516)
	at com.fasterxml.jackson.databind.ObjectWriter.writeValue(ObjectWriter.java:1006)
	at org.springframework.http.converter.json.AbstractJackson2HttpMessageConverter.writeInternal(AbstractJackson2HttpMessageConverter.java:346)
	... 92 more

2022-02-11 20:52:09.817 [http-nio-8081-exec-2] ERROR org.apache.catalina.core.ContainerBase.[Tomcat].[localhost].[/].[dispatcherServlet] -
                Servlet.service() for servlet [dispatcherServlet] in context with path [] threw exception [Request processing failed; nested exception is feign.codec.EncodeException: Error converting request body] with root cause
com.fasterxml.jackson.databind.exc.InvalidDefinitionException: No serializer found for class java.util.Collections$3 and no properties discovered to create BeanSerializer (to avoid exception, disable SerializationFeature.FAIL_ON_EMPTY_BEANS) (through reference chain: org.apache.catalina.connector.RequestFacade["attributeNames"])
	at com.fasterxml.jackson.databind.exc.InvalidDefinitionException.from(InvalidDefinitionException.java:77)
	at com.fasterxml.jackson.databind.SerializerProvider.reportBadDefinition(SerializerProvider.java:1277)
	at com.fasterxml.jackson.databind.DatabindContext.reportBadDefinition(DatabindContext.java:400)
	at com.fasterxml.jackson.databind.ser.impl.UnknownSerializer.failForEmpty(UnknownSerializer.java:71)
	at com.fasterxml.jackson.databind.ser.impl.UnknownSerializer.serialize(UnknownSerializer.java:33)
	at com.fasterxml.jackson.databind.ser.BeanPropertyWriter.serializeAsField(BeanPropertyWriter.java:728)
	at com.fasterxml.jackson.databind.ser.std.BeanSerializerBase.serializeFields(BeanSerializerBase.java:755)
	at com.fasterxml.jackson.databind.ser.BeanSerializer.serialize(BeanSerializer.java:178)
	at com.fasterxml.jackson.databind.ser.DefaultSerializerProvider._serialize(DefaultSerializerProvider.java:480)
	at com.fasterxml.jackson.databind.ser.DefaultSerializerProvider.serializeValue(DefaultSerializerProvider.java:319)
	at com.fasterxml.jackson.databind.ObjectWriter$Prefetch.serialize(ObjectWriter.java:1516)
	at com.fasterxml.jackson.databind.ObjectWriter.writeValue(ObjectWriter.java:1006)
	at org.springframework.http.converter.json.AbstractJackson2HttpMessageConverter.writeInternal(AbstractJackson2HttpMessageConverter.java:346)
	at org.springframework.http.converter.AbstractGenericHttpMessageConverter.write(AbstractGenericHttpMessageConverter.java:104)
	at org.springframework.cloud.openfeign.support.SpringEncoder.checkAndWrite(SpringEncoder.java:210)
	at org.springframework.cloud.openfeign.support.SpringEncoder.encodeWithMessageConverter(SpringEncoder.java:131)
	at org.springframework.cloud.openfeign.support.SpringEncoder.encode(SpringEncoder.java:119)
	at org.springframework.cloud.openfeign.support.PageableSpringEncoder.encode(PageableSpringEncoder.java:101)
	at feign.ReflectiveFeign$BuildEncodedTemplateFromArgs.resolve(ReflectiveFeign.java:385)
	at feign.ReflectiveFeign$BuildTemplateByResolvingArgs.create(ReflectiveFeign.java:232)
	at feign.SynchronousMethodHandler.invoke(SynchronousMethodHandler.java:84)
	at feign.ReflectiveFeign$FeignInvocationHandler.invoke(ReflectiveFeign.java:100)
	at com.sun.proxy.$Proxy151.queryOrderByUidAndCourseId(Unknown Source)
	at com.novedu.nov.edu.service.impl.EduVideoServiceImpl.queryOrderByUidAndCourseId(EduVideoServiceImpl.java:125)
	at com.novedu.nov.edu.service.impl.EduVideoServiceImpl.queryClientVideo(EduVideoServiceImpl.java:134)
	at com.novedu.nov.edu.service.impl.EduVideoServiceImpl$$FastClassBySpringCGLIB$$2f0455cc.invoke(<generated>)
	at org.springframework.cglib.proxy.MethodProxy.invoke(MethodProxy.java:218)
	at org.springframework.aop.framework.CglibAopProxy$DynamicAdvisedInterceptor.intercept(CglibAopProxy.java:688)
	at com.novedu.nov.edu.service.impl.EduVideoServiceImpl$$EnhancerBySpringCGLIB$$5a6dc230.queryClientVideo(<generated>)
	at com.novedu.nov.edu.controller.EduVideoController.queryClientVideo(EduVideoController.java:52)
	at com.novedu.nov.edu.controller.EduVideoController$$FastClassBySpringCGLIB$$2410ca62.invoke(<generated>)
	at org.springframework.cglib.proxy.MethodProxy.invoke(MethodProxy.java:218)
	at org.springframework.aop.framework.CglibAopProxy$CglibMethodInvocation.invokeJoinpoint(CglibAopProxy.java:779)
	at org.springframework.aop.framework.ReflectiveMethodInvocation.proceed(ReflectiveMethodInvocation.java:163)
	at org.springframework.aop.framework.CglibAopProxy$CglibMethodInvocation.proceed(CglibAopProxy.java:750)
	at org.springframework.aop.aspectj.MethodInvocationProceedingJoinPoint.proceed(MethodInvocationProceedingJoinPoint.java:88)
	at com.novedu.nov.common.aspect.NovLogHandler.around(NovLogHandler.java:56)
	at sun.reflect.NativeMethodAccessorImpl.invoke0(Native Method)
	at sun.reflect.NativeMethodAccessorImpl.invoke(NativeMethodAccessorImpl.java:62)
	at sun.reflect.DelegatingMethodAccessorImpl.invoke(DelegatingMethodAccessorImpl.java:43)
	at java.lang.reflect.Method.invoke(Method.java:498)
	at org.springframework.aop.aspectj.AbstractAspectJAdvice.invokeAdviceMethodWithGivenArgs(AbstractAspectJAdvice.java:644)
	at org.springframework.aop.aspectj.AbstractAspectJAdvice.invokeAdviceMethod(AbstractAspectJAdvice.java:633)
	at org.springframework.aop.aspectj.AspectJAroundAdvice.invoke(AspectJAroundAdvice.java:70)
	at org.springframework.aop.framework.ReflectiveMethodInvocation.proceed(ReflectiveMethodInvocation.java:186)
	at org.springframework.aop.framework.CglibAopProxy$CglibMethodInvocation.proceed(CglibAopProxy.java:750)
	at org.springframework.aop.interceptor.ExposeInvocationInterceptor.invoke(ExposeInvocationInterceptor.java:95)
	at org.springframework.aop.framework.ReflectiveMethodInvocation.proceed(ReflectiveMethodInvocation.java:186)
	at org.springframework.aop.framework.CglibAopProxy$CglibMethodInvocation.proceed(CglibAopProxy.java:750)
	at org.springframework.aop.framework.CglibAopProxy$DynamicAdvisedInterceptor.intercept(CglibAopProxy.java:692)
	at com.novedu.nov.edu.controller.EduVideoController$$EnhancerBySpringCGLIB$$b63bfcf0.queryClientVideo(<generated>)
	at sun.reflect.NativeMethodAccessorImpl.invoke0(Native Method)
	at sun.reflect.NativeMethodAccessorImpl.invoke(NativeMethodAccessorImpl.java:62)
	at sun.reflect.DelegatingMethodAccessorImpl.invoke(DelegatingMethodAccessorImpl.java:43)
	at java.lang.reflect.Method.invoke(Method.java:498)
	at org.springframework.web.method.support.InvocableHandlerMethod.doInvoke(InvocableHandlerMethod.java:190)
	at org.springframework.web.method.support.InvocableHandlerMethod.invokeForRequest(InvocableHandlerMethod.java:138)
	at org.springframework.web.servlet.mvc.method.annotation.ServletInvocableHandlerMethod.invokeAndHandle(ServletInvocableHandlerMethod.java:105)
	at org.springframework.web.servlet.mvc.method.annotation.RequestMappingHandlerAdapter.invokeHandlerMethod(RequestMappingHandlerAdapter.java:878)
	at org.springframework.web.servlet.mvc.method.annotation.RequestMappingHandlerAdapter.handleInternal(RequestMappingHandlerAdapter.java:792)
	at org.springframework.web.servlet.mvc.method.AbstractHandlerMethodAdapter.handle(AbstractHandlerMethodAdapter.java:87)
	at org.springframework.web.servlet.DispatcherServlet.doDispatch(DispatcherServlet.java:1040)
	at org.springframework.web.servlet.DispatcherServlet.doService(DispatcherServlet.java:943)
	at org.springframework.web.servlet.FrameworkServlet.processRequest(FrameworkServlet.java:1006)
	at org.springframework.web.servlet.FrameworkServlet.doPost(FrameworkServlet.java:909)
	at javax.servlet.http.HttpServlet.service(HttpServlet.java:652)
	at org.springframework.web.servlet.FrameworkServlet.service(FrameworkServlet.java:883)
	at javax.servlet.http.HttpServlet.service(HttpServlet.java:733)
	at org.apache.catalina.core.ApplicationFilterChain.internalDoFilter(ApplicationFilterChain.java:227)
	at org.apache.catalina.core.ApplicationFilterChain.doFilter(ApplicationFilterChain.java:162)
	at org.apache.tomcat.websocket.server.WsFilter.doFilter(WsFilter.java:53)
	at org.apache.catalina.core.ApplicationFilterChain.internalDoFilter(ApplicationFilterChain.java:189)
	at org.apache.catalina.core.ApplicationFilterChain.doFilter(ApplicationFilterChain.java:162)
	at org.springframework.web.filter.CorsFilter.doFilterInternal(CorsFilter.java:92)
	at org.springframework.web.filter.OncePerRequestFilter.doFilter(OncePerRequestFilter.java:119)
	at org.apache.catalina.core.ApplicationFilterChain.internalDoFilter(ApplicationFilterChain.java:189)
	at org.apache.catalina.core.ApplicationFilterChain.doFilter(ApplicationFilterChain.java:162)
	at org.springframework.web.filter.RequestContextFilter.doFilterInternal(RequestContextFilter.java:100)
	at org.springframework.web.filter.OncePerRequestFilter.doFilter(OncePerRequestFilter.java:119)
	at org.apache.catalina.core.ApplicationFilterChain.internalDoFilter(ApplicationFilterChain.java:189)
	at org.apache.catalina.core.ApplicationFilterChain.doFilter(ApplicationFilterChain.java:162)
	at org.springframework.web.filter.FormContentFilter.doFilterInternal(FormContentFilter.java:93)
	at org.springframework.web.filter.OncePerRequestFilter.doFilter(OncePerRequestFilter.java:119)
	at org.apache.catalina.core.ApplicationFilterChain.internalDoFilter(ApplicationFilterChain.java:189)
	at org.apache.catalina.core.ApplicationFilterChain.doFilter(ApplicationFilterChain.java:162)
	at org.springframework.web.filter.CharacterEncodingFilter.doFilterInternal(CharacterEncodingFilter.java:201)
	at org.springframework.web.filter.OncePerRequestFilter.doFilter(OncePerRequestFilter.java:119)
	at org.apache.catalina.core.ApplicationFilterChain.internalDoFilter(ApplicationFilterChain.java:189)
	at org.apache.catalina.core.ApplicationFilterChain.doFilter(ApplicationFilterChain.java:162)
	at org.apache.catalina.core.StandardWrapperValve.invoke(StandardWrapperValve.java:202)
	at org.apache.catalina.core.StandardContextValve.invoke(StandardContextValve.java:97)
	at org.apache.catalina.authenticator.AuthenticatorBase.invoke(AuthenticatorBase.java:542)
	at org.apache.catalina.core.StandardHostValve.invoke(StandardHostValve.java:143)
	at org.apache.catalina.valves.ErrorReportValve.invoke(ErrorReportValve.java:92)
	at org.apache.catalina.core.StandardEngineValve.invoke(StandardEngineValve.java:78)
	at org.apache.catalina.connector.CoyoteAdapter.service(CoyoteAdapter.java:357)
	at org.apache.coyote.http11.Http11Processor.service(Http11Processor.java:374)
	at org.apache.coyote.AbstractProcessorLight.process(AbstractProcessorLight.java:65)
	at org.apache.coyote.AbstractProtocol$ConnectionHandler.process(AbstractProtocol.java:893)
	at org.apache.tomcat.util.net.NioEndpoint$SocketProcessor.doRun(NioEndpoint.java:1707)
	at org.apache.tomcat.util.net.SocketProcessorBase.run(SocketProcessorBase.java:49)
	at java.util.concurrent.ThreadPoolExecutor.runWorker(ThreadPoolExecutor.java:1149)
	at java.util.concurrent.ThreadPoolExecutor$Worker.run(ThreadPoolExecutor.java:624)
	at org.apache.tomcat.util.threads.TaskThread$WrappingRunnable.run(TaskThread.java:61)
	at java.lang.Thread.run(Thread.java:748)
2022-02-11 20:52:10.037 [http-nio-8081-exec-10] ERROR com.novedu.nov.common.aspect.NovExceptionHandler -
                org.apache.catalina.connector.ClientAbortException: java.io.IOException: 你的主机中的软件中止了一个已建立的连接。
	at org.apache.catalina.connector.OutputBuffer.doFlush(OutputBuffer.java:310)
	at org.apache.catalina.connector.OutputBuffer.flush(OutputBuffer.java:273)
	at org.apache.catalina.connector.CoyoteOutputStream.flush(CoyoteOutputStream.java:118)
	at java.io.FilterOutputStream.flush(FilterOutputStream.java:140)
	at com.fasterxml.jackson.core.json.UTF8JsonGenerator.flush(UTF8JsonGenerator.java:1178)
	at com.fasterxml.jackson.databind.ObjectWriter.writeValue(ObjectWriter.java:1008)
	at org.springframework.http.converter.json.AbstractJackson2HttpMessageConverter.writeInternal(AbstractJackson2HttpMessageConverter.java:346)
	at org.springframework.http.converter.AbstractGenericHttpMessageConverter.write(AbstractGenericHttpMessageConverter.java:104)
	at org.springframework.web.servlet.mvc.method.annotation.AbstractMessageConverterMethodProcessor.writeWithMessageConverters(AbstractMessageConverterMethodProcessor.java:277)
	at org.springframework.web.servlet.mvc.method.annotation.RequestResponseBodyMethodProcessor.handleReturnValue(RequestResponseBodyMethodProcessor.java:181)
	at org.springframework.web.method.support.HandlerMethodReturnValueHandlerComposite.handleReturnValue(HandlerMethodReturnValueHandlerComposite.java:82)
	at org.springframework.web.servlet.mvc.method.annotation.ServletInvocableHandlerMethod.invokeAndHandle(ServletInvocableHandlerMethod.java:123)
	at org.springframework.web.servlet.mvc.method.annotation.RequestMappingHandlerAdapter.invokeHandlerMethod(RequestMappingHandlerAdapter.java:878)
	at org.springframework.web.servlet.mvc.method.annotation.RequestMappingHandlerAdapter.handleInternal(RequestMappingHandlerAdapter.java:792)
	at org.springframework.web.servlet.mvc.method.AbstractHandlerMethodAdapter.handle(AbstractHandlerMethodAdapter.java:87)
	at org.springframework.web.servlet.DispatcherServlet.doDispatch(DispatcherServlet.java:1040)
	at org.springframework.web.servlet.DispatcherServlet.doService(DispatcherServlet.java:943)
	at org.springframework.web.servlet.FrameworkServlet.processRequest(FrameworkServlet.java:1006)
	at org.springframework.web.servlet.FrameworkServlet.doGet(FrameworkServlet.java:898)
	at javax.servlet.http.HttpServlet.service(HttpServlet.java:626)
	at org.springframework.web.servlet.FrameworkServlet.service(FrameworkServlet.java:883)
	at javax.servlet.http.HttpServlet.service(HttpServlet.java:733)
	at org.apache.catalina.core.ApplicationFilterChain.internalDoFilter(ApplicationFilterChain.java:227)
	at org.apache.catalina.core.ApplicationFilterChain.doFilter(ApplicationFilterChain.java:162)
	at org.apache.tomcat.websocket.server.WsFilter.doFilter(WsFilter.java:53)
	at org.apache.catalina.core.ApplicationFilterChain.internalDoFilter(ApplicationFilterChain.java:189)
	at org.apache.catalina.core.ApplicationFilterChain.doFilter(ApplicationFilterChain.java:162)
	at org.springframework.web.filter.CorsFilter.doFilterInternal(CorsFilter.java:92)
	at org.springframework.web.filter.OncePerRequestFilter.doFilter(OncePerRequestFilter.java:119)
	at org.apache.catalina.core.ApplicationFilterChain.internalDoFilter(ApplicationFilterChain.java:189)
	at org.apache.catalina.core.ApplicationFilterChain.doFilter(ApplicationFilterChain.java:162)
	at org.springframework.web.filter.RequestContextFilter.doFilterInternal(RequestContextFilter.java:100)
	at org.springframework.web.filter.OncePerRequestFilter.doFilter(OncePerRequestFilter.java:119)
	at org.apache.catalina.core.ApplicationFilterChain.internalDoFilter(ApplicationFilterChain.java:189)
	at org.apache.catalina.core.ApplicationFilterChain.doFilter(ApplicationFilterChain.java:162)
	at org.springframework.web.filter.FormContentFilter.doFilterInternal(FormContentFilter.java:93)
	at org.springframework.web.filter.OncePerRequestFilter.doFilter(OncePerRequestFilter.java:119)
	at org.apache.catalina.core.ApplicationFilterChain.internalDoFilter(ApplicationFilterChain.java:189)
	at org.apache.catalina.core.ApplicationFilterChain.doFilter(ApplicationFilterChain.java:162)
	at org.springframework.web.filter.CharacterEncodingFilter.doFilterInternal(CharacterEncodingFilter.java:201)
	at org.springframework.web.filter.OncePerRequestFilter.doFilter(OncePerRequestFilter.java:119)
	at org.apache.catalina.core.ApplicationFilterChain.internalDoFilter(ApplicationFilterChain.java:189)
	at org.apache.catalina.core.ApplicationFilterChain.doFilter(ApplicationFilterChain.java:162)
	at org.apache.catalina.core.StandardWrapperValve.invoke(StandardWrapperValve.java:202)
	at org.apache.catalina.core.StandardContextValve.invoke(StandardContextValve.java:97)
	at org.apache.catalina.authenticator.AuthenticatorBase.invoke(AuthenticatorBase.java:542)
	at org.apache.catalina.core.StandardHostValve.invoke(StandardHostValve.java:143)
	at org.apache.catalina.valves.ErrorReportValve.invoke(ErrorReportValve.java:92)
	at org.apache.catalina.core.StandardEngineValve.invoke(StandardEngineValve.java:78)
	at org.apache.catalina.connector.CoyoteAdapter.service(CoyoteAdapter.java:357)
	at org.apache.coyote.http11.Http11Processor.service(Http11Processor.java:374)
	at org.apache.coyote.AbstractProcessorLight.process(AbstractProcessorLight.java:65)
	at org.apache.coyote.AbstractProtocol$ConnectionHandler.process(AbstractProtocol.java:893)
	at org.apache.tomcat.util.net.NioEndpoint$SocketProcessor.doRun(NioEndpoint.java:1707)
	at org.apache.tomcat.util.net.SocketProcessorBase.run(SocketProcessorBase.java:49)
	at java.util.concurrent.ThreadPoolExecutor.runWorker(ThreadPoolExecutor.java:1149)
	at java.util.concurrent.ThreadPoolExecutor$Worker.run(ThreadPoolExecutor.java:624)
	at org.apache.tomcat.util.threads.TaskThread$WrappingRunnable.run(TaskThread.java:61)
	at java.lang.Thread.run(Thread.java:748)
Caused by: java.io.IOException: 你的主机中的软件中止了一个已建立的连接。
	at sun.nio.ch.SocketDispatcher.write0(Native Method)
	at sun.nio.ch.SocketDispatcher.write(SocketDispatcher.java:51)
	at sun.nio.ch.IOUtil.writeFromNativeBuffer(IOUtil.java:93)
	at sun.nio.ch.IOUtil.write(IOUtil.java:65)
	at sun.nio.ch.SocketChannelImpl.write(SocketChannelImpl.java:469)
	at org.apache.tomcat.util.net.NioChannel.write(NioChannel.java:135)
	at org.apache.tomcat.util.net.NioBlockingSelector.write(NioBlockingSelector.java:118)
	at org.apache.tomcat.util.net.NioSelectorPool.write(NioSelectorPool.java:151)
	at org.apache.tomcat.util.net.NioEndpoint$NioSocketWrapper.doWrite(NioEndpoint.java:1367)
	at org.apache.tomcat.util.net.SocketWrapperBase.doWrite(SocketWrapperBase.java:766)
	at org.apache.tomcat.util.net.SocketWrapperBase.flushBlocking(SocketWrapperBase.java:719)
	at org.apache.tomcat.util.net.SocketWrapperBase.flush(SocketWrapperBase.java:709)
	at org.apache.coyote.http11.Http11OutputBuffer$SocketOutputBuffer.flush(Http11OutputBuffer.java:572)
	at org.apache.coyote.http11.filters.ChunkedOutputFilter.flush(ChunkedOutputFilter.java:157)
	at org.apache.coyote.http11.Http11OutputBuffer.flush(Http11OutputBuffer.java:220)
	at org.apache.coyote.http11.Http11Processor.flush(Http11Processor.java:1196)
	at org.apache.coyote.AbstractProcessor.action(AbstractProcessor.java:402)
	at org.apache.coyote.Response.action(Response.java:209)
	at org.apache.catalina.connector.OutputBuffer.doFlush(OutputBuffer.java:306)
	... 58 more

2022-02-11 20:52:30.012 [task-425] ERROR org.springframework.aop.interceptor.SimpleAsyncUncaughtExceptionHandler -
                Unexpected exception occurred invoking async method: public void com.novedu.nov.statistics.task.MultiThreadScheduleTask.asyncCourseViewCount()
java.lang.RuntimeException: com.netflix.client.ClientException: Load balancer does not have available server for client: service-edu
	at org.springframework.cloud.openfeign.ribbon.LoadBalancerFeignClient.execute(LoadBalancerFeignClient.java:91)
	at feign.SynchronousMethodHandler.executeAndDecode(SynchronousMethodHandler.java:119)
	at feign.SynchronousMethodHandler.invoke(SynchronousMethodHandler.java:89)
	at feign.ReflectiveFeign$FeignInvocationHandler.invoke(ReflectiveFeign.java:100)
	at com.sun.proxy.$Proxy120.statisticsCoursePlayCount(Unknown Source)
	at com.novedu.nov.statistics.task.MultiThreadScheduleTask.asyncCourseViewCount(MultiThreadScheduleTask.java:33)
	at com.novedu.nov.statistics.task.MultiThreadScheduleTask$$FastClassBySpringCGLIB$$a711be28.invoke(<generated>)
	at org.springframework.cglib.proxy.MethodProxy.invoke(MethodProxy.java:218)
	at org.springframework.aop.framework.CglibAopProxy$CglibMethodInvocation.invokeJoinpoint(CglibAopProxy.java:779)
	at org.springframework.aop.framework.ReflectiveMethodInvocation.proceed(ReflectiveMethodInvocation.java:163)
	at org.springframework.aop.framework.CglibAopProxy$CglibMethodInvocation.proceed(CglibAopProxy.java:750)
	at org.springframework.aop.interceptor.AsyncExecutionInterceptor.lambda$invoke$0(AsyncExecutionInterceptor.java:115)
	at java.util.concurrent.FutureTask.run$$$capture(FutureTask.java:266)
	at java.util.concurrent.FutureTask.run(FutureTask.java)
	at java.util.concurrent.ThreadPoolExecutor.runWorker(ThreadPoolExecutor.java:1149)
	at java.util.concurrent.ThreadPoolExecutor$Worker.run(ThreadPoolExecutor.java:624)
	at java.lang.Thread.run(Thread.java:748)
Caused by: com.netflix.client.ClientException: Load balancer does not have available server for client: service-edu
	at com.netflix.loadbalancer.LoadBalancerContext.getServerFromLoadBalancer(LoadBalancerContext.java:483)
	at com.netflix.loadbalancer.reactive.LoadBalancerCommand$1.call(LoadBalancerCommand.java:184)
	at com.netflix.loadbalancer.reactive.LoadBalancerCommand$1.call(LoadBalancerCommand.java:180)
	at rx.Observable.unsafeSubscribe(Observable.java:10327)
	at rx.internal.operators.OnSubscribeConcatMap.call(OnSubscribeConcatMap.java:94)
	at rx.internal.operators.OnSubscribeConcatMap.call(OnSubscribeConcatMap.java:42)
	at rx.Observable.unsafeSubscribe(Observable.java:10327)
	at rx.internal.operators.OperatorRetryWithPredicate$SourceSubscriber$1.call(OperatorRetryWithPredicate.java:127)
	at rx.internal.schedulers.TrampolineScheduler$InnerCurrentThreadScheduler.enqueue(TrampolineScheduler.java:73)
	at rx.internal.schedulers.TrampolineScheduler$InnerCurrentThreadScheduler.schedule(TrampolineScheduler.java:52)
	at rx.internal.operators.OperatorRetryWithPredicate$SourceSubscriber.onNext(OperatorRetryWithPredicate.java:79)
	at rx.internal.operators.OperatorRetryWithPredicate$SourceSubscriber.onNext(OperatorRetryWithPredicate.java:45)
	at rx.internal.util.ScalarSynchronousObservable$WeakSingleProducer.request(ScalarSynchronousObservable.java:276)
	at rx.Subscriber.setProducer(Subscriber.java:209)
	at rx.internal.util.ScalarSynchronousObservable$JustOnSubscribe.call(ScalarSynchronousObservable.java:138)
	at rx.internal.util.ScalarSynchronousObservable$JustOnSubscribe.call(ScalarSynchronousObservable.java:129)
	at rx.internal.operators.OnSubscribeLift.call(OnSubscribeLift.java:48)
	at rx.internal.operators.OnSubscribeLift.call(OnSubscribeLift.java:30)
	at rx.internal.operators.OnSubscribeLift.call(OnSubscribeLift.java:48)
	at rx.internal.operators.OnSubscribeLift.call(OnSubscribeLift.java:30)
	at rx.internal.operators.OnSubscribeLift.call(OnSubscribeLift.java:48)
	at rx.internal.operators.OnSubscribeLift.call(OnSubscribeLift.java:30)
	at rx.Observable.subscribe(Observable.java:10423)
	at rx.Observable.subscribe(Observable.java:10390)
	at rx.observables.BlockingObservable.blockForSingle(BlockingObservable.java:443)
	at rx.observables.BlockingObservable.single(BlockingObservable.java:340)
	at com.netflix.client.AbstractLoadBalancerAwareClient.executeWithLoadBalancer(AbstractLoadBalancerAwareClient.java:112)
	at org.springframework.cloud.openfeign.ribbon.LoadBalancerFeignClient.execute(LoadBalancerFeignClient.java:84)
	... 16 common frames omitted
2022-02-11 20:52:30.012 [task-426] ERROR org.springframework.aop.interceptor.SimpleAsyncUncaughtExceptionHandler -
                Unexpected exception occurred invoking async method: public void com.novedu.nov.statistics.task.MultiThreadScheduleTask.statisticsCourseApplyCount()
java.lang.RuntimeException: com.netflix.client.ClientException: Load balancer does not have available server for client: service-edu
	at org.springframework.cloud.openfeign.ribbon.LoadBalancerFeignClient.execute(LoadBalancerFeignClient.java:91)
	at feign.SynchronousMethodHandler.executeAndDecode(SynchronousMethodHandler.java:119)
	at feign.SynchronousMethodHandler.invoke(SynchronousMethodHandler.java:89)
	at feign.ReflectiveFeign$FeignInvocationHandler.invoke(ReflectiveFeign.java:100)
	at com.sun.proxy.$Proxy120.statisticsCourseApplyCount(Unknown Source)
	at com.novedu.nov.statistics.task.MultiThreadScheduleTask.statisticsCourseApplyCount(MultiThreadScheduleTask.java:41)
	at com.novedu.nov.statistics.task.MultiThreadScheduleTask$$FastClassBySpringCGLIB$$a711be28.invoke(<generated>)
	at org.springframework.cglib.proxy.MethodProxy.invoke(MethodProxy.java:218)
	at org.springframework.aop.framework.CglibAopProxy$CglibMethodInvocation.invokeJoinpoint(CglibAopProxy.java:779)
	at org.springframework.aop.framework.ReflectiveMethodInvocation.proceed(ReflectiveMethodInvocation.java:163)
	at org.springframework.aop.framework.CglibAopProxy$CglibMethodInvocation.proceed(CglibAopProxy.java:750)
	at org.springframework.aop.interceptor.AsyncExecutionInterceptor.lambda$invoke$0(AsyncExecutionInterceptor.java:115)
	at java.util.concurrent.FutureTask.run$$$capture(FutureTask.java:266)
	at java.util.concurrent.FutureTask.run(FutureTask.java)
	at java.util.concurrent.ThreadPoolExecutor.runWorker(ThreadPoolExecutor.java:1149)
	at java.util.concurrent.ThreadPoolExecutor$Worker.run(ThreadPoolExecutor.java:624)
	at java.lang.Thread.run(Thread.java:748)
Caused by: com.netflix.client.ClientException: Load balancer does not have available server for client: service-edu
	at com.netflix.loadbalancer.LoadBalancerContext.getServerFromLoadBalancer(LoadBalancerContext.java:483)
	at com.netflix.loadbalancer.reactive.LoadBalancerCommand$1.call(LoadBalancerCommand.java:184)
	at com.netflix.loadbalancer.reactive.LoadBalancerCommand$1.call(LoadBalancerCommand.java:180)
	at rx.Observable.unsafeSubscribe(Observable.java:10327)
	at rx.internal.operators.OnSubscribeConcatMap.call(OnSubscribeConcatMap.java:94)
	at rx.internal.operators.OnSubscribeConcatMap.call(OnSubscribeConcatMap.java:42)
	at rx.Observable.unsafeSubscribe(Observable.java:10327)
	at rx.internal.operators.OperatorRetryWithPredicate$SourceSubscriber$1.call(OperatorRetryWithPredicate.java:127)
	at rx.internal.schedulers.TrampolineScheduler$InnerCurrentThreadScheduler.enqueue(TrampolineScheduler.java:73)
	at rx.internal.schedulers.TrampolineScheduler$InnerCurrentThreadScheduler.schedule(TrampolineScheduler.java:52)
	at rx.internal.operators.OperatorRetryWithPredicate$SourceSubscriber.onNext(OperatorRetryWithPredicate.java:79)
	at rx.internal.operators.OperatorRetryWithPredicate$SourceSubscriber.onNext(OperatorRetryWithPredicate.java:45)
	at rx.internal.util.ScalarSynchronousObservable$WeakSingleProducer.request(ScalarSynchronousObservable.java:276)
	at rx.Subscriber.setProducer(Subscriber.java:209)
	at rx.internal.util.ScalarSynchronousObservable$JustOnSubscribe.call(ScalarSynchronousObservable.java:138)
	at rx.internal.util.ScalarSynchronousObservable$JustOnSubscribe.call(ScalarSynchronousObservable.java:129)
	at rx.internal.operators.OnSubscribeLift.call(OnSubscribeLift.java:48)
	at rx.internal.operators.OnSubscribeLift.call(OnSubscribeLift.java:30)
	at rx.internal.operators.OnSubscribeLift.call(OnSubscribeLift.java:48)
	at rx.internal.operators.OnSubscribeLift.call(OnSubscribeLift.java:30)
	at rx.internal.operators.OnSubscribeLift.call(OnSubscribeLift.java:48)
	at rx.internal.operators.OnSubscribeLift.call(OnSubscribeLift.java:30)
	at rx.Observable.subscribe(Observable.java:10423)
	at rx.Observable.subscribe(Observable.java:10390)
	at rx.observables.BlockingObservable.blockForSingle(BlockingObservable.java:443)
	at rx.observables.BlockingObservable.single(BlockingObservable.java:340)
	at com.netflix.client.AbstractLoadBalancerAwareClient.executeWithLoadBalancer(AbstractLoadBalancerAwareClient.java:112)
	at org.springframework.cloud.openfeign.ribbon.LoadBalancerFeignClient.execute(LoadBalancerFeignClient.java:84)
	... 16 common frames omitted
2022-02-11 20:52:30.012 [task-424] ERROR org.springframework.aop.interceptor.SimpleAsyncUncaughtExceptionHandler -
                Unexpected exception occurred invoking async method: public void com.novedu.nov.statistics.task.MultiThreadScheduleTask.statisticsCourseBuyCount()
java.lang.RuntimeException: com.netflix.client.ClientException: Load balancer does not have available server for client: service-edu
	at org.springframework.cloud.openfeign.ribbon.LoadBalancerFeignClient.execute(LoadBalancerFeignClient.java:91)
	at feign.SynchronousMethodHandler.executeAndDecode(SynchronousMethodHandler.java:119)
	at feign.SynchronousMethodHandler.invoke(SynchronousMethodHandler.java:89)
	at feign.ReflectiveFeign$FeignInvocationHandler.invoke(ReflectiveFeign.java:100)
	at com.sun.proxy.$Proxy120.statisticsCourseBuyCount(Unknown Source)
	at com.novedu.nov.statistics.task.MultiThreadScheduleTask.statisticsCourseBuyCount(MultiThreadScheduleTask.java:49)
	at com.novedu.nov.statistics.task.MultiThreadScheduleTask$$FastClassBySpringCGLIB$$a711be28.invoke(<generated>)
	at org.springframework.cglib.proxy.MethodProxy.invoke(MethodProxy.java:218)
	at org.springframework.aop.framework.CglibAopProxy$CglibMethodInvocation.invokeJoinpoint(CglibAopProxy.java:779)
	at org.springframework.aop.framework.ReflectiveMethodInvocation.proceed(ReflectiveMethodInvocation.java:163)
	at org.springframework.aop.framework.CglibAopProxy$CglibMethodInvocation.proceed(CglibAopProxy.java:750)
	at org.springframework.aop.interceptor.AsyncExecutionInterceptor.lambda$invoke$0(AsyncExecutionInterceptor.java:115)
	at java.util.concurrent.FutureTask.run$$$capture(FutureTask.java:266)
	at java.util.concurrent.FutureTask.run(FutureTask.java)
	at java.util.concurrent.ThreadPoolExecutor.runWorker(ThreadPoolExecutor.java:1149)
	at java.util.concurrent.ThreadPoolExecutor$Worker.run(ThreadPoolExecutor.java:624)
	at java.lang.Thread.run(Thread.java:748)
Caused by: com.netflix.client.ClientException: Load balancer does not have available server for client: service-edu
	at com.netflix.loadbalancer.LoadBalancerContext.getServerFromLoadBalancer(LoadBalancerContext.java:483)
	at com.netflix.loadbalancer.reactive.LoadBalancerCommand$1.call(LoadBalancerCommand.java:184)
	at com.netflix.loadbalancer.reactive.LoadBalancerCommand$1.call(LoadBalancerCommand.java:180)
	at rx.Observable.unsafeSubscribe(Observable.java:10327)
	at rx.internal.operators.OnSubscribeConcatMap.call(OnSubscribeConcatMap.java:94)
	at rx.internal.operators.OnSubscribeConcatMap.call(OnSubscribeConcatMap.java:42)
	at rx.Observable.unsafeSubscribe(Observable.java:10327)
	at rx.internal.operators.OperatorRetryWithPredicate$SourceSubscriber$1.call(OperatorRetryWithPredicate.java:127)
	at rx.internal.schedulers.TrampolineScheduler$InnerCurrentThreadScheduler.enqueue(TrampolineScheduler.java:73)
	at rx.internal.schedulers.TrampolineScheduler$InnerCurrentThreadScheduler.schedule(TrampolineScheduler.java:52)
	at rx.internal.operators.OperatorRetryWithPredicate$SourceSubscriber.onNext(OperatorRetryWithPredicate.java:79)
	at rx.internal.operators.OperatorRetryWithPredicate$SourceSubscriber.onNext(OperatorRetryWithPredicate.java:45)
	at rx.internal.util.ScalarSynchronousObservable$WeakSingleProducer.request(ScalarSynchronousObservable.java:276)
	at rx.Subscriber.setProducer(Subscriber.java:209)
	at rx.internal.util.ScalarSynchronousObservable$JustOnSubscribe.call(ScalarSynchronousObservable.java:138)
	at rx.internal.util.ScalarSynchronousObservable$JustOnSubscribe.call(ScalarSynchronousObservable.java:129)
	at rx.internal.operators.OnSubscribeLift.call(OnSubscribeLift.java:48)
	at rx.internal.operators.OnSubscribeLift.call(OnSubscribeLift.java:30)
	at rx.internal.operators.OnSubscribeLift.call(OnSubscribeLift.java:48)
	at rx.internal.operators.OnSubscribeLift.call(OnSubscribeLift.java:30)
	at rx.internal.operators.OnSubscribeLift.call(OnSubscribeLift.java:48)
	at rx.internal.operators.OnSubscribeLift.call(OnSubscribeLift.java:30)
	at rx.Observable.subscribe(Observable.java:10423)
	at rx.Observable.subscribe(Observable.java:10390)
	at rx.observables.BlockingObservable.blockForSingle(BlockingObservable.java:443)
	at rx.observables.BlockingObservable.single(BlockingObservable.java:340)
	at com.netflix.client.AbstractLoadBalancerAwareClient.executeWithLoadBalancer(AbstractLoadBalancerAwareClient.java:112)
	at org.springframework.cloud.openfeign.ribbon.LoadBalancerFeignClient.execute(LoadBalancerFeignClient.java:84)
	... 16 common frames omitted
2022-02-11 20:54:00.002 [task-431] ERROR org.springframework.aop.interceptor.SimpleAsyncUncaughtExceptionHandler -
                Unexpected exception occurred invoking async method: public void com.novedu.nov.statistics.task.MultiThreadScheduleTask.statisticsCourseBuyCount()
java.lang.RuntimeException: com.netflix.client.ClientException: Load balancer does not have available server for client: service-edu
	at org.springframework.cloud.openfeign.ribbon.LoadBalancerFeignClient.execute(LoadBalancerFeignClient.java:91)
	at feign.SynchronousMethodHandler.executeAndDecode(SynchronousMethodHandler.java:119)
	at feign.SynchronousMethodHandler.invoke(SynchronousMethodHandler.java:89)
	at feign.ReflectiveFeign$FeignInvocationHandler.invoke(ReflectiveFeign.java:100)
	at com.sun.proxy.$Proxy120.statisticsCourseBuyCount(Unknown Source)
	at com.novedu.nov.statistics.task.MultiThreadScheduleTask.statisticsCourseBuyCount(MultiThreadScheduleTask.java:49)
	at com.novedu.nov.statistics.task.MultiThreadScheduleTask$$FastClassBySpringCGLIB$$a711be28.invoke(<generated>)
	at org.springframework.cglib.proxy.MethodProxy.invoke(MethodProxy.java:218)
	at org.springframework.aop.framework.CglibAopProxy$CglibMethodInvocation.invokeJoinpoint(CglibAopProxy.java:779)
	at org.springframework.aop.framework.ReflectiveMethodInvocation.proceed(ReflectiveMethodInvocation.java:163)
	at org.springframework.aop.framework.CglibAopProxy$CglibMethodInvocation.proceed(CglibAopProxy.java:750)
	at org.springframework.aop.interceptor.AsyncExecutionInterceptor.lambda$invoke$0(AsyncExecutionInterceptor.java:115)
	at java.util.concurrent.FutureTask.run$$$capture(FutureTask.java:266)
	at java.util.concurrent.FutureTask.run(FutureTask.java)
	at java.util.concurrent.ThreadPoolExecutor.runWorker(ThreadPoolExecutor.java:1149)
	at java.util.concurrent.ThreadPoolExecutor$Worker.run(ThreadPoolExecutor.java:624)
	at java.lang.Thread.run(Thread.java:748)
Caused by: com.netflix.client.ClientException: Load balancer does not have available server for client: service-edu
	at com.netflix.loadbalancer.LoadBalancerContext.getServerFromLoadBalancer(LoadBalancerContext.java:483)
	at com.netflix.loadbalancer.reactive.LoadBalancerCommand$1.call(LoadBalancerCommand.java:184)
	at com.netflix.loadbalancer.reactive.LoadBalancerCommand$1.call(LoadBalancerCommand.java:180)
	at rx.Observable.unsafeSubscribe(Observable.java:10327)
	at rx.internal.operators.OnSubscribeConcatMap.call(OnSubscribeConcatMap.java:94)
	at rx.internal.operators.OnSubscribeConcatMap.call(OnSubscribeConcatMap.java:42)
	at rx.Observable.unsafeSubscribe(Observable.java:10327)
	at rx.internal.operators.OperatorRetryWithPredicate$SourceSubscriber$1.call(OperatorRetryWithPredicate.java:127)
	at rx.internal.schedulers.TrampolineScheduler$InnerCurrentThreadScheduler.enqueue(TrampolineScheduler.java:73)
	at rx.internal.schedulers.TrampolineScheduler$InnerCurrentThreadScheduler.schedule(TrampolineScheduler.java:52)
	at rx.internal.operators.OperatorRetryWithPredicate$SourceSubscriber.onNext(OperatorRetryWithPredicate.java:79)
	at rx.internal.operators.OperatorRetryWithPredicate$SourceSubscriber.onNext(OperatorRetryWithPredicate.java:45)
	at rx.internal.util.ScalarSynchronousObservable$WeakSingleProducer.request(ScalarSynchronousObservable.java:276)
	at rx.Subscriber.setProducer(Subscriber.java:209)
	at rx.internal.util.ScalarSynchronousObservable$JustOnSubscribe.call(ScalarSynchronousObservable.java:138)
	at rx.internal.util.ScalarSynchronousObservable$JustOnSubscribe.call(ScalarSynchronousObservable.java:129)
	at rx.internal.operators.OnSubscribeLift.call(OnSubscribeLift.java:48)
	at rx.internal.operators.OnSubscribeLift.call(OnSubscribeLift.java:30)
	at rx.internal.operators.OnSubscribeLift.call(OnSubscribeLift.java:48)
	at rx.internal.operators.OnSubscribeLift.call(OnSubscribeLift.java:30)
	at rx.internal.operators.OnSubscribeLift.call(OnSubscribeLift.java:48)
	at rx.internal.operators.OnSubscribeLift.call(OnSubscribeLift.java:30)
	at rx.Observable.subscribe(Observable.java:10423)
	at rx.Observable.subscribe(Observable.java:10390)
	at rx.observables.BlockingObservable.blockForSingle(BlockingObservable.java:443)
	at rx.observables.BlockingObservable.single(BlockingObservable.java:340)
	at com.netflix.client.AbstractLoadBalancerAwareClient.executeWithLoadBalancer(AbstractLoadBalancerAwareClient.java:112)
	at org.springframework.cloud.openfeign.ribbon.LoadBalancerFeignClient.execute(LoadBalancerFeignClient.java:84)
	... 16 common frames omitted
2022-02-11 20:54:00.002 [task-432] ERROR org.springframework.aop.interceptor.SimpleAsyncUncaughtExceptionHandler -
                Unexpected exception occurred invoking async method: public void com.novedu.nov.statistics.task.MultiThreadScheduleTask.asyncCourseViewCount()
java.lang.RuntimeException: com.netflix.client.ClientException: Load balancer does not have available server for client: service-edu
	at org.springframework.cloud.openfeign.ribbon.LoadBalancerFeignClient.execute(LoadBalancerFeignClient.java:91)
	at feign.SynchronousMethodHandler.executeAndDecode(SynchronousMethodHandler.java:119)
	at feign.SynchronousMethodHandler.invoke(SynchronousMethodHandler.java:89)
	at feign.ReflectiveFeign$FeignInvocationHandler.invoke(ReflectiveFeign.java:100)
	at com.sun.proxy.$Proxy120.statisticsCoursePlayCount(Unknown Source)
	at com.novedu.nov.statistics.task.MultiThreadScheduleTask.asyncCourseViewCount(MultiThreadScheduleTask.java:33)
	at com.novedu.nov.statistics.task.MultiThreadScheduleTask$$FastClassBySpringCGLIB$$a711be28.invoke(<generated>)
	at org.springframework.cglib.proxy.MethodProxy.invoke(MethodProxy.java:218)
	at org.springframework.aop.framework.CglibAopProxy$CglibMethodInvocation.invokeJoinpoint(CglibAopProxy.java:779)
	at org.springframework.aop.framework.ReflectiveMethodInvocation.proceed(ReflectiveMethodInvocation.java:163)
	at org.springframework.aop.framework.CglibAopProxy$CglibMethodInvocation.proceed(CglibAopProxy.java:750)
	at org.springframework.aop.interceptor.AsyncExecutionInterceptor.lambda$invoke$0(AsyncExecutionInterceptor.java:115)
	at java.util.concurrent.FutureTask.run$$$capture(FutureTask.java:266)
	at java.util.concurrent.FutureTask.run(FutureTask.java)
	at java.util.concurrent.ThreadPoolExecutor.runWorker(ThreadPoolExecutor.java:1149)
	at java.util.concurrent.ThreadPoolExecutor$Worker.run(ThreadPoolExecutor.java:624)
	at java.lang.Thread.run(Thread.java:748)
Caused by: com.netflix.client.ClientException: Load balancer does not have available server for client: service-edu
	at com.netflix.loadbalancer.LoadBalancerContext.getServerFromLoadBalancer(LoadBalancerContext.java:483)
	at com.netflix.loadbalancer.reactive.LoadBalancerCommand$1.call(LoadBalancerCommand.java:184)
	at com.netflix.loadbalancer.reactive.LoadBalancerCommand$1.call(LoadBalancerCommand.java:180)
	at rx.Observable.unsafeSubscribe(Observable.java:10327)
	at rx.internal.operators.OnSubscribeConcatMap.call(OnSubscribeConcatMap.java:94)
	at rx.internal.operators.OnSubscribeConcatMap.call(OnSubscribeConcatMap.java:42)
	at rx.Observable.unsafeSubscribe(Observable.java:10327)
	at rx.internal.operators.OperatorRetryWithPredicate$SourceSubscriber$1.call(OperatorRetryWithPredicate.java:127)
	at rx.internal.schedulers.TrampolineScheduler$InnerCurrentThreadScheduler.enqueue(TrampolineScheduler.java:73)
	at rx.internal.schedulers.TrampolineScheduler$InnerCurrentThreadScheduler.schedule(TrampolineScheduler.java:52)
	at rx.internal.operators.OperatorRetryWithPredicate$SourceSubscriber.onNext(OperatorRetryWithPredicate.java:79)
	at rx.internal.operators.OperatorRetryWithPredicate$SourceSubscriber.onNext(OperatorRetryWithPredicate.java:45)
	at rx.internal.util.ScalarSynchronousObservable$WeakSingleProducer.request(ScalarSynchronousObservable.java:276)
	at rx.Subscriber.setProducer(Subscriber.java:209)
	at rx.internal.util.ScalarSynchronousObservable$JustOnSubscribe.call(ScalarSynchronousObservable.java:138)
	at rx.internal.util.ScalarSynchronousObservable$JustOnSubscribe.call(ScalarSynchronousObservable.java:129)
	at rx.internal.operators.OnSubscribeLift.call(OnSubscribeLift.java:48)
	at rx.internal.operators.OnSubscribeLift.call(OnSubscribeLift.java:30)
	at rx.internal.operators.OnSubscribeLift.call(OnSubscribeLift.java:48)
	at rx.internal.operators.OnSubscribeLift.call(OnSubscribeLift.java:30)
	at rx.internal.operators.OnSubscribeLift.call(OnSubscribeLift.java:48)
	at rx.internal.operators.OnSubscribeLift.call(OnSubscribeLift.java:30)
	at rx.Observable.subscribe(Observable.java:10423)
	at rx.Observable.subscribe(Observable.java:10390)
	at rx.observables.BlockingObservable.blockForSingle(BlockingObservable.java:443)
	at rx.observables.BlockingObservable.single(BlockingObservable.java:340)
	at com.netflix.client.AbstractLoadBalancerAwareClient.executeWithLoadBalancer(AbstractLoadBalancerAwareClient.java:112)
	at org.springframework.cloud.openfeign.ribbon.LoadBalancerFeignClient.execute(LoadBalancerFeignClient.java:84)
	... 16 common frames omitted
2022-02-11 20:54:00.002 [task-423] ERROR org.springframework.aop.interceptor.SimpleAsyncUncaughtExceptionHandler -
                Unexpected exception occurred invoking async method: public void com.novedu.nov.statistics.task.MultiThreadScheduleTask.statisticsCourseApplyCount()
java.lang.RuntimeException: com.netflix.client.ClientException: Load balancer does not have available server for client: service-edu
	at org.springframework.cloud.openfeign.ribbon.LoadBalancerFeignClient.execute(LoadBalancerFeignClient.java:91)
	at feign.SynchronousMethodHandler.executeAndDecode(SynchronousMethodHandler.java:119)
	at feign.SynchronousMethodHandler.invoke(SynchronousMethodHandler.java:89)
	at feign.ReflectiveFeign$FeignInvocationHandler.invoke(ReflectiveFeign.java:100)
	at com.sun.proxy.$Proxy120.statisticsCourseApplyCount(Unknown Source)
	at com.novedu.nov.statistics.task.MultiThreadScheduleTask.statisticsCourseApplyCount(MultiThreadScheduleTask.java:41)
	at com.novedu.nov.statistics.task.MultiThreadScheduleTask$$FastClassBySpringCGLIB$$a711be28.invoke(<generated>)
	at org.springframework.cglib.proxy.MethodProxy.invoke(MethodProxy.java:218)
	at org.springframework.aop.framework.CglibAopProxy$CglibMethodInvocation.invokeJoinpoint(CglibAopProxy.java:779)
	at org.springframework.aop.framework.ReflectiveMethodInvocation.proceed(ReflectiveMethodInvocation.java:163)
	at org.springframework.aop.framework.CglibAopProxy$CglibMethodInvocation.proceed(CglibAopProxy.java:750)
	at org.springframework.aop.interceptor.AsyncExecutionInterceptor.lambda$invoke$0(AsyncExecutionInterceptor.java:115)
	at java.util.concurrent.FutureTask.run$$$capture(FutureTask.java:266)
	at java.util.concurrent.FutureTask.run(FutureTask.java)
	at java.util.concurrent.ThreadPoolExecutor.runWorker(ThreadPoolExecutor.java:1149)
	at java.util.concurrent.ThreadPoolExecutor$Worker.run(ThreadPoolExecutor.java:624)
	at java.lang.Thread.run(Thread.java:748)
Caused by: com.netflix.client.ClientException: Load balancer does not have available server for client: service-edu
	at com.netflix.loadbalancer.LoadBalancerContext.getServerFromLoadBalancer(LoadBalancerContext.java:483)
	at com.netflix.loadbalancer.reactive.LoadBalancerCommand$1.call(LoadBalancerCommand.java:184)
	at com.netflix.loadbalancer.reactive.LoadBalancerCommand$1.call(LoadBalancerCommand.java:180)
	at rx.Observable.unsafeSubscribe(Observable.java:10327)
	at rx.internal.operators.OnSubscribeConcatMap.call(OnSubscribeConcatMap.java:94)
	at rx.internal.operators.OnSubscribeConcatMap.call(OnSubscribeConcatMap.java:42)
	at rx.Observable.unsafeSubscribe(Observable.java:10327)
	at rx.internal.operators.OperatorRetryWithPredicate$SourceSubscriber$1.call(OperatorRetryWithPredicate.java:127)
	at rx.internal.schedulers.TrampolineScheduler$InnerCurrentThreadScheduler.enqueue(TrampolineScheduler.java:73)
	at rx.internal.schedulers.TrampolineScheduler$InnerCurrentThreadScheduler.schedule(TrampolineScheduler.java:52)
	at rx.internal.operators.OperatorRetryWithPredicate$SourceSubscriber.onNext(OperatorRetryWithPredicate.java:79)
	at rx.internal.operators.OperatorRetryWithPredicate$SourceSubscriber.onNext(OperatorRetryWithPredicate.java:45)
	at rx.internal.util.ScalarSynchronousObservable$WeakSingleProducer.request(ScalarSynchronousObservable.java:276)
	at rx.Subscriber.setProducer(Subscriber.java:209)
	at rx.internal.util.ScalarSynchronousObservable$JustOnSubscribe.call(ScalarSynchronousObservable.java:138)
	at rx.internal.util.ScalarSynchronousObservable$JustOnSubscribe.call(ScalarSynchronousObservable.java:129)
	at rx.internal.operators.OnSubscribeLift.call(OnSubscribeLift.java:48)
	at rx.internal.operators.OnSubscribeLift.call(OnSubscribeLift.java:30)
	at rx.internal.operators.OnSubscribeLift.call(OnSubscribeLift.java:48)
	at rx.internal.operators.OnSubscribeLift.call(OnSubscribeLift.java:30)
	at rx.internal.operators.OnSubscribeLift.call(OnSubscribeLift.java:48)
	at rx.internal.operators.OnSubscribeLift.call(OnSubscribeLift.java:30)
	at rx.Observable.subscribe(Observable.java:10423)
	at rx.Observable.subscribe(Observable.java:10390)
	at rx.observables.BlockingObservable.blockForSingle(BlockingObservable.java:443)
	at rx.observables.BlockingObservable.single(BlockingObservable.java:340)
	at com.netflix.client.AbstractLoadBalancerAwareClient.executeWithLoadBalancer(AbstractLoadBalancerAwareClient.java:112)
	at org.springframework.cloud.openfeign.ribbon.LoadBalancerFeignClient.execute(LoadBalancerFeignClient.java:84)
	... 16 common frames omitted
2022-02-11 20:57:31.259 [http-nio-8085-exec-2] ERROR com.novedu.nov.common.aspect.NovExceptionHandler -
                org.mybatis.spring.MyBatisSystemException: nested exception is org.apache.ibatis.exceptions.PersistenceException: 
### Error querying database.  Cause: org.springframework.jdbc.CannotGetJdbcConnectionException: Failed to obtain JDBC Connection; nested exception is java.sql.SQLTransientConnectionException: HikariPool-1 - Connection is not available, request timed out after 30078ms.
### The error may exist in com/novedu/nov/ucenter/mapper/UcenterMemberMapper.java (best guess)
### The error may involve com.novedu.nov.ucenter.mapper.UcenterMemberMapper.selectById
### The error occurred while executing a query
### Cause: org.springframework.jdbc.CannotGetJdbcConnectionException: Failed to obtain JDBC Connection; nested exception is java.sql.SQLTransientConnectionException: HikariPool-1 - Connection is not available, request timed out after 30078ms.
	at org.mybatis.spring.MyBatisExceptionTranslator.translateExceptionIfPossible(MyBatisExceptionTranslator.java:92)
	at org.mybatis.spring.SqlSessionTemplate$SqlSessionInterceptor.invoke(SqlSessionTemplate.java:440)
	at com.sun.proxy.$Proxy98.selectOne(Unknown Source)
	at org.mybatis.spring.SqlSessionTemplate.selectOne(SqlSessionTemplate.java:159)
	at com.baomidou.mybatisplus.core.override.MybatisMapperMethod.execute(MybatisMapperMethod.java:90)
	at com.baomidou.mybatisplus.core.override.MybatisMapperProxy$PlainMethodInvoker.invoke(MybatisMapperProxy.java:148)
	at com.baomidou.mybatisplus.core.override.MybatisMapperProxy.invoke(MybatisMapperProxy.java:89)
	at com.sun.proxy.$Proxy105.selectById(Unknown Source)
	at com.baomidou.mybatisplus.extension.service.IService.getById(IService.java:201)
	at com.novedu.nov.ucenter.service.impl.UcenterMemberServiceImpl.getMemberInfo(UcenterMemberServiceImpl.java:64)
	at com.novedu.nov.ucenter.service.impl.UcenterMemberServiceImpl$$FastClassBySpringCGLIB$$29ead0e9.invoke(<generated>)
	at org.springframework.cglib.proxy.MethodProxy.invoke(MethodProxy.java:218)
	at org.springframework.aop.framework.CglibAopProxy$DynamicAdvisedInterceptor.intercept(CglibAopProxy.java:688)
	at com.novedu.nov.ucenter.service.impl.UcenterMemberServiceImpl$$EnhancerBySpringCGLIB$$ceb61de5.getMemberInfo(<generated>)
	at com.novedu.nov.ucenter.controller.UcenterMemberController.getMemberInfo(UcenterMemberController.java:43)
	at com.novedu.nov.ucenter.controller.UcenterMemberController$$FastClassBySpringCGLIB$$b7db36cb.invoke(<generated>)
	at org.springframework.cglib.proxy.MethodProxy.invoke(MethodProxy.java:218)
	at org.springframework.aop.framework.CglibAopProxy$CglibMethodInvocation.invokeJoinpoint(CglibAopProxy.java:779)
	at org.springframework.aop.framework.ReflectiveMethodInvocation.proceed(ReflectiveMethodInvocation.java:163)
	at org.springframework.aop.framework.CglibAopProxy$CglibMethodInvocation.proceed(CglibAopProxy.java:750)
	at org.springframework.aop.aspectj.MethodInvocationProceedingJoinPoint.proceed(MethodInvocationProceedingJoinPoint.java:88)
	at com.novedu.nov.common.aspect.NovLogHandler.around(NovLogHandler.java:56)
	at sun.reflect.NativeMethodAccessorImpl.invoke0(Native Method)
	at sun.reflect.NativeMethodAccessorImpl.invoke(NativeMethodAccessorImpl.java:62)
	at sun.reflect.DelegatingMethodAccessorImpl.invoke(DelegatingMethodAccessorImpl.java:43)
	at java.lang.reflect.Method.invoke(Method.java:498)
	at org.springframework.aop.aspectj.AbstractAspectJAdvice.invokeAdviceMethodWithGivenArgs(AbstractAspectJAdvice.java:644)
	at org.springframework.aop.aspectj.AbstractAspectJAdvice.invokeAdviceMethod(AbstractAspectJAdvice.java:633)
	at org.springframework.aop.aspectj.AspectJAroundAdvice.invoke(AspectJAroundAdvice.java:70)
	at org.springframework.aop.framework.ReflectiveMethodInvocation.proceed(ReflectiveMethodInvocation.java:186)
	at org.springframework.aop.framework.CglibAopProxy$CglibMethodInvocation.proceed(CglibAopProxy.java:750)
	at org.springframework.aop.interceptor.ExposeInvocationInterceptor.invoke(ExposeInvocationInterceptor.java:95)
	at org.springframework.aop.framework.ReflectiveMethodInvocation.proceed(ReflectiveMethodInvocation.java:186)
	at org.springframework.aop.framework.CglibAopProxy$CglibMethodInvocation.proceed(CglibAopProxy.java:750)
	at org.springframework.aop.framework.CglibAopProxy$DynamicAdvisedInterceptor.intercept(CglibAopProxy.java:692)
	at com.novedu.nov.ucenter.controller.UcenterMemberController$$EnhancerBySpringCGLIB$$d6f439b2.getMemberInfo(<generated>)
	at sun.reflect.NativeMethodAccessorImpl.invoke0(Native Method)
	at sun.reflect.NativeMethodAccessorImpl.invoke(NativeMethodAccessorImpl.java:62)
	at sun.reflect.DelegatingMethodAccessorImpl.invoke(DelegatingMethodAccessorImpl.java:43)
	at java.lang.reflect.Method.invoke(Method.java:498)
	at org.springframework.web.method.support.InvocableHandlerMethod.doInvoke(InvocableHandlerMethod.java:190)
	at org.springframework.web.method.support.InvocableHandlerMethod.invokeForRequest(InvocableHandlerMethod.java:138)
	at org.springframework.web.servlet.mvc.method.annotation.ServletInvocableHandlerMethod.invokeAndHandle(ServletInvocableHandlerMethod.java:105)
	at org.springframework.web.servlet.mvc.method.annotation.RequestMappingHandlerAdapter.invokeHandlerMethod(RequestMappingHandlerAdapter.java:878)
	at org.springframework.web.servlet.mvc.method.annotation.RequestMappingHandlerAdapter.handleInternal(RequestMappingHandlerAdapter.java:792)
	at org.springframework.web.servlet.mvc.method.AbstractHandlerMethodAdapter.handle(AbstractHandlerMethodAdapter.java:87)
	at org.springframework.web.servlet.DispatcherServlet.doDispatch(DispatcherServlet.java:1040)
	at org.springframework.web.servlet.DispatcherServlet.doService(DispatcherServlet.java:943)
	at org.springframework.web.servlet.FrameworkServlet.processRequest(FrameworkServlet.java:1006)
	at org.springframework.web.servlet.FrameworkServlet.doPost(FrameworkServlet.java:909)
	at javax.servlet.http.HttpServlet.service(HttpServlet.java:652)
	at org.springframework.web.servlet.FrameworkServlet.service(FrameworkServlet.java:883)
	at javax.servlet.http.HttpServlet.service(HttpServlet.java:733)
	at org.apache.catalina.core.ApplicationFilterChain.internalDoFilter(ApplicationFilterChain.java:227)
	at org.apache.catalina.core.ApplicationFilterChain.doFilter(ApplicationFilterChain.java:162)
	at org.apache.tomcat.websocket.server.WsFilter.doFilter(WsFilter.java:53)
	at org.apache.catalina.core.ApplicationFilterChain.internalDoFilter(ApplicationFilterChain.java:189)
	at org.apache.catalina.core.ApplicationFilterChain.doFilter(ApplicationFilterChain.java:162)
	at org.springframework.web.filter.CorsFilter.doFilterInternal(CorsFilter.java:92)
	at org.springframework.web.filter.OncePerRequestFilter.doFilter(OncePerRequestFilter.java:119)
	at org.apache.catalina.core.ApplicationFilterChain.internalDoFilter(ApplicationFilterChain.java:189)
	at org.apache.catalina.core.ApplicationFilterChain.doFilter(ApplicationFilterChain.java:162)
	at org.springframework.web.filter.RequestContextFilter.doFilterInternal(RequestContextFilter.java:100)
	at org.springframework.web.filter.OncePerRequestFilter.doFilter(OncePerRequestFilter.java:119)
	at org.apache.catalina.core.ApplicationFilterChain.internalDoFilter(ApplicationFilterChain.java:189)
	at org.apache.catalina.core.ApplicationFilterChain.doFilter(ApplicationFilterChain.java:162)
	at org.springframework.web.filter.FormContentFilter.doFilterInternal(FormContentFilter.java:93)
	at org.springframework.web.filter.OncePerRequestFilter.doFilter(OncePerRequestFilter.java:119)
	at org.apache.catalina.core.ApplicationFilterChain.internalDoFilter(ApplicationFilterChain.java:189)
	at org.apache.catalina.core.ApplicationFilterChain.doFilter(ApplicationFilterChain.java:162)
	at org.springframework.web.filter.CharacterEncodingFilter.doFilterInternal(CharacterEncodingFilter.java:201)
	at org.springframework.web.filter.OncePerRequestFilter.doFilter(OncePerRequestFilter.java:119)
	at org.apache.catalina.core.ApplicationFilterChain.internalDoFilter(ApplicationFilterChain.java:189)
	at org.apache.catalina.core.ApplicationFilterChain.doFilter(ApplicationFilterChain.java:162)
	at org.apache.catalina.core.StandardWrapperValve.invoke(StandardWrapperValve.java:202)
	at org.apache.catalina.core.StandardContextValve.invoke(StandardContextValve.java:97)
	at org.apache.catalina.authenticator.AuthenticatorBase.invoke(AuthenticatorBase.java:542)
	at org.apache.catalina.core.StandardHostValve.invoke(StandardHostValve.java:143)
	at org.apache.catalina.valves.ErrorReportValve.invoke(ErrorReportValve.java:92)
	at org.apache.catalina.core.StandardEngineValve.invoke(StandardEngineValve.java:78)
	at org.apache.catalina.connector.CoyoteAdapter.service(CoyoteAdapter.java:357)
	at org.apache.coyote.http11.Http11Processor.service(Http11Processor.java:374)
	at org.apache.coyote.AbstractProcessorLight.process(AbstractProcessorLight.java:65)
	at org.apache.coyote.AbstractProtocol$ConnectionHandler.process(AbstractProtocol.java:893)
	at org.apache.tomcat.util.net.NioEndpoint$SocketProcessor.doRun(NioEndpoint.java:1707)
	at org.apache.tomcat.util.net.SocketProcessorBase.run(SocketProcessorBase.java:49)
	at java.util.concurrent.ThreadPoolExecutor.runWorker(ThreadPoolExecutor.java:1149)
	at java.util.concurrent.ThreadPoolExecutor$Worker.run(ThreadPoolExecutor.java:624)
	at org.apache.tomcat.util.threads.TaskThread$WrappingRunnable.run(TaskThread.java:61)
	at java.lang.Thread.run(Thread.java:748)
Caused by: org.apache.ibatis.exceptions.PersistenceException: 
### Error querying database.  Cause: org.springframework.jdbc.CannotGetJdbcConnectionException: Failed to obtain JDBC Connection; nested exception is java.sql.SQLTransientConnectionException: HikariPool-1 - Connection is not available, request timed out after 30078ms.
### The error may exist in com/novedu/nov/ucenter/mapper/UcenterMemberMapper.java (best guess)
### The error may involve com.novedu.nov.ucenter.mapper.UcenterMemberMapper.selectById
### The error occurred while executing a query
### Cause: org.springframework.jdbc.CannotGetJdbcConnectionException: Failed to obtain JDBC Connection; nested exception is java.sql.SQLTransientConnectionException: HikariPool-1 - Connection is not available, request timed out after 30078ms.
	at org.apache.ibatis.exceptions.ExceptionFactory.wrapException(ExceptionFactory.java:30)
	at org.apache.ibatis.session.defaults.DefaultSqlSession.selectList(DefaultSqlSession.java:149)
	at org.apache.ibatis.session.defaults.DefaultSqlSession.selectList(DefaultSqlSession.java:140)
	at org.apache.ibatis.session.defaults.DefaultSqlSession.selectOne(DefaultSqlSession.java:76)
	at sun.reflect.NativeMethodAccessorImpl.invoke0(Native Method)
	at sun.reflect.NativeMethodAccessorImpl.invoke(NativeMethodAccessorImpl.java:62)
	at sun.reflect.DelegatingMethodAccessorImpl.invoke(DelegatingMethodAccessorImpl.java:43)
	at java.lang.reflect.Method.invoke(Method.java:498)
	at org.mybatis.spring.SqlSessionTemplate$SqlSessionInterceptor.invoke(SqlSessionTemplate.java:426)
	... 88 more
Caused by: org.springframework.jdbc.CannotGetJdbcConnectionException: Failed to obtain JDBC Connection; nested exception is java.sql.SQLTransientConnectionException: HikariPool-1 - Connection is not available, request timed out after 30078ms.
	at org.springframework.jdbc.datasource.DataSourceUtils.getConnection(DataSourceUtils.java:82)
	at org.mybatis.spring.transaction.SpringManagedTransaction.openConnection(SpringManagedTransaction.java:80)
	at org.mybatis.spring.transaction.SpringManagedTransaction.getConnection(SpringManagedTransaction.java:67)
	at org.apache.ibatis.executor.BaseExecutor.getConnection(BaseExecutor.java:337)
	at com.baomidou.mybatisplus.core.executor.MybatisSimpleExecutor.prepareStatement(MybatisSimpleExecutor.java:93)
	at com.baomidou.mybatisplus.core.executor.MybatisSimpleExecutor.doQuery(MybatisSimpleExecutor.java:68)
	at org.apache.ibatis.executor.BaseExecutor.queryFromDatabase(BaseExecutor.java:325)
	at org.apache.ibatis.executor.BaseExecutor.query(BaseExecutor.java:156)
	at com.baomidou.mybatisplus.core.executor.MybatisCachingExecutor.query(MybatisCachingExecutor.java:165)
	at com.baomidou.mybatisplus.extension.plugins.MybatisPlusInterceptor.intercept(MybatisPlusInterceptor.java:65)
	at org.apache.ibatis.plugin.Plugin.invoke(Plugin.java:61)
	at com.sun.proxy.$Proxy111.query(Unknown Source)
	at org.apache.ibatis.session.defaults.DefaultSqlSession.selectList(DefaultSqlSession.java:147)
	... 95 more
Caused by: java.sql.SQLTransientConnectionException: HikariPool-1 - Connection is not available, request timed out after 30078ms.
	at com.zaxxer.hikari.pool.HikariPool.createTimeoutException(HikariPool.java:695)
	at com.zaxxer.hikari.pool.HikariPool.getConnection(HikariPool.java:197)
	at com.zaxxer.hikari.pool.HikariPool.getConnection(HikariPool.java:162)
	at com.zaxxer.hikari.HikariDataSource.getConnection(HikariDataSource.java:128)
	at org.springframework.jdbc.datasource.DataSourceUtils.fetchConnection(DataSourceUtils.java:158)
	at org.springframework.jdbc.datasource.DataSourceUtils.doGetConnection(DataSourceUtils.java:116)
	at org.springframework.jdbc.datasource.DataSourceUtils.getConnection(DataSourceUtils.java:79)
	... 107 more
Caused by: java.sql.SQLNonTransientConnectionException: No operations allowed after connection closed.
	at com.mysql.cj.jdbc.exceptions.SQLError.createSQLException(SQLError.java:110)
	at com.mysql.cj.jdbc.exceptions.SQLError.createSQLException(SQLError.java:97)
	at com.mysql.cj.jdbc.exceptions.SQLError.createSQLException(SQLError.java:89)
	at com.mysql.cj.jdbc.exceptions.SQLError.createSQLException(SQLError.java:63)
	at com.mysql.cj.jdbc.exceptions.SQLError.createSQLException(SQLError.java:73)
	at com.mysql.cj.jdbc.exceptions.SQLExceptionsMapping.translateException(SQLExceptionsMapping.java:73)
	at com.mysql.cj.jdbc.ConnectionImpl.setNetworkTimeout(ConnectionImpl.java:2480)
	at com.zaxxer.hikari.pool.PoolBase.setNetworkTimeout(PoolBase.java:560)
	at com.zaxxer.hikari.pool.PoolBase.isConnectionAlive(PoolBase.java:173)
	at com.zaxxer.hikari.pool.HikariPool.getConnection(HikariPool.java:186)
	... 112 more
Caused by: com.mysql.cj.exceptions.ConnectionIsClosedException: No operations allowed after connection closed.
	at sun.reflect.NativeConstructorAccessorImpl.newInstance0(Native Method)
	at sun.reflect.NativeConstructorAccessorImpl.newInstance(NativeConstructorAccessorImpl.java:62)
	at sun.reflect.DelegatingConstructorAccessorImpl.newInstance(DelegatingConstructorAccessorImpl.java:45)
	at java.lang.reflect.Constructor.newInstance(Constructor.java:423)
	at com.mysql.cj.exceptions.ExceptionFactory.createException(ExceptionFactory.java:61)
	at com.mysql.cj.exceptions.ExceptionFactory.createException(ExceptionFactory.java:105)
	at com.mysql.cj.exceptions.ExceptionFactory.createException(ExceptionFactory.java:151)
	at com.mysql.cj.NativeSession.checkClosed(NativeSession.java:762)
	at com.mysql.cj.jdbc.ConnectionImpl.checkClosed(ConnectionImpl.java:568)
	at com.mysql.cj.jdbc.ConnectionImpl.setNetworkTimeout(ConnectionImpl.java:2476)
	... 115 more

2022-02-11 20:57:31.265 [http-nio-8086-exec-9] ERROR com.novedu.nov.common.aspect.NovExceptionHandler -
                java.lang.ClassCastException: java.lang.String cannot be cast to java.util.Map
	at com.novedu.nov.order.service.impl.TradeOrderServiceImpl.createOrder(TradeOrderServiceImpl.java:63)
	at com.novedu.nov.order.service.impl.TradeOrderServiceImpl$$FastClassBySpringCGLIB$$807696ef.invoke(<generated>)
	at org.springframework.cglib.proxy.MethodProxy.invoke(MethodProxy.java:218)
	at org.springframework.aop.framework.CglibAopProxy$DynamicAdvisedInterceptor.intercept(CglibAopProxy.java:688)
	at com.novedu.nov.order.service.impl.TradeOrderServiceImpl$$EnhancerBySpringCGLIB$$e00b5f65.createOrder(<generated>)
	at com.novedu.nov.order.controller.TradeOrderController.createOrder(TradeOrderController.java:34)
	at com.novedu.nov.order.controller.TradeOrderController$$FastClassBySpringCGLIB$$de75239f.invoke(<generated>)
	at org.springframework.cglib.proxy.MethodProxy.invoke(MethodProxy.java:218)
	at org.springframework.aop.framework.CglibAopProxy$CglibMethodInvocation.invokeJoinpoint(CglibAopProxy.java:779)
	at org.springframework.aop.framework.ReflectiveMethodInvocation.proceed(ReflectiveMethodInvocation.java:163)
	at org.springframework.aop.framework.CglibAopProxy$CglibMethodInvocation.proceed(CglibAopProxy.java:750)
	at org.springframework.aop.aspectj.MethodInvocationProceedingJoinPoint.proceed(MethodInvocationProceedingJoinPoint.java:88)
	at com.novedu.nov.common.aspect.NovLogHandler.around(NovLogHandler.java:56)
	at sun.reflect.GeneratedMethodAccessor163.invoke(Unknown Source)
	at sun.reflect.DelegatingMethodAccessorImpl.invoke(DelegatingMethodAccessorImpl.java:43)
	at java.lang.reflect.Method.invoke(Method.java:498)
	at org.springframework.aop.aspectj.AbstractAspectJAdvice.invokeAdviceMethodWithGivenArgs(AbstractAspectJAdvice.java:644)
	at org.springframework.aop.aspectj.AbstractAspectJAdvice.invokeAdviceMethod(AbstractAspectJAdvice.java:633)
	at org.springframework.aop.aspectj.AspectJAroundAdvice.invoke(AspectJAroundAdvice.java:70)
	at org.springframework.aop.framework.ReflectiveMethodInvocation.proceed(ReflectiveMethodInvocation.java:186)
	at org.springframework.aop.framework.CglibAopProxy$CglibMethodInvocation.proceed(CglibAopProxy.java:750)
	at org.springframework.aop.interceptor.ExposeInvocationInterceptor.invoke(ExposeInvocationInterceptor.java:95)
	at org.springframework.aop.framework.ReflectiveMethodInvocation.proceed(ReflectiveMethodInvocation.java:186)
	at org.springframework.aop.framework.CglibAopProxy$CglibMethodInvocation.proceed(CglibAopProxy.java:750)
	at org.springframework.aop.framework.CglibAopProxy$DynamicAdvisedInterceptor.intercept(CglibAopProxy.java:692)
	at com.novedu.nov.order.controller.TradeOrderController$$EnhancerBySpringCGLIB$$b7ff92ef.createOrder(<generated>)
	at sun.reflect.NativeMethodAccessorImpl.invoke0(Native Method)
	at sun.reflect.NativeMethodAccessorImpl.invoke(NativeMethodAccessorImpl.java:62)
	at sun.reflect.DelegatingMethodAccessorImpl.invoke(DelegatingMethodAccessorImpl.java:43)
	at java.lang.reflect.Method.invoke(Method.java:498)
	at org.springframework.web.method.support.InvocableHandlerMethod.doInvoke(InvocableHandlerMethod.java:190)
	at org.springframework.web.method.support.InvocableHandlerMethod.invokeForRequest(InvocableHandlerMethod.java:138)
	at org.springframework.web.servlet.mvc.method.annotation.ServletInvocableHandlerMethod.invokeAndHandle(ServletInvocableHandlerMethod.java:105)
	at org.springframework.web.servlet.mvc.method.annotation.RequestMappingHandlerAdapter.invokeHandlerMethod(RequestMappingHandlerAdapter.java:878)
	at org.springframework.web.servlet.mvc.method.annotation.RequestMappingHandlerAdapter.handleInternal(RequestMappingHandlerAdapter.java:792)
	at org.springframework.web.servlet.mvc.method.AbstractHandlerMethodAdapter.handle(AbstractHandlerMethodAdapter.java:87)
	at org.springframework.web.servlet.DispatcherServlet.doDispatch(DispatcherServlet.java:1040)
	at org.springframework.web.servlet.DispatcherServlet.doService(DispatcherServlet.java:943)
	at org.springframework.web.servlet.FrameworkServlet.processRequest(FrameworkServlet.java:1006)
	at org.springframework.web.servlet.FrameworkServlet.doPost(FrameworkServlet.java:909)
	at javax.servlet.http.HttpServlet.service(HttpServlet.java:652)
	at org.springframework.web.servlet.FrameworkServlet.service(FrameworkServlet.java:883)
	at javax.servlet.http.HttpServlet.service(HttpServlet.java:733)
	at org.apache.catalina.core.ApplicationFilterChain.internalDoFilter(ApplicationFilterChain.java:227)
	at org.apache.catalina.core.ApplicationFilterChain.doFilter(ApplicationFilterChain.java:162)
	at org.apache.tomcat.websocket.server.WsFilter.doFilter(WsFilter.java:53)
	at org.apache.catalina.core.ApplicationFilterChain.internalDoFilter(ApplicationFilterChain.java:189)
	at org.apache.catalina.core.ApplicationFilterChain.doFilter(ApplicationFilterChain.java:162)
	at org.springframework.web.filter.CorsFilter.doFilterInternal(CorsFilter.java:92)
	at org.springframework.web.filter.OncePerRequestFilter.doFilter(OncePerRequestFilter.java:119)
	at org.apache.catalina.core.ApplicationFilterChain.internalDoFilter(ApplicationFilterChain.java:189)
	at org.apache.catalina.core.ApplicationFilterChain.doFilter(ApplicationFilterChain.java:162)
	at org.springframework.web.filter.RequestContextFilter.doFilterInternal(RequestContextFilter.java:100)
	at org.springframework.web.filter.OncePerRequestFilter.doFilter(OncePerRequestFilter.java:119)
	at org.apache.catalina.core.ApplicationFilterChain.internalDoFilter(ApplicationFilterChain.java:189)
	at org.apache.catalina.core.ApplicationFilterChain.doFilter(ApplicationFilterChain.java:162)
	at org.springframework.web.filter.FormContentFilter.doFilterInternal(FormContentFilter.java:93)
	at org.springframework.web.filter.OncePerRequestFilter.doFilter(OncePerRequestFilter.java:119)
	at org.apache.catalina.core.ApplicationFilterChain.internalDoFilter(ApplicationFilterChain.java:189)
	at org.apache.catalina.core.ApplicationFilterChain.doFilter(ApplicationFilterChain.java:162)
	at org.springframework.web.filter.CharacterEncodingFilter.doFilterInternal(CharacterEncodingFilter.java:201)
	at org.springframework.web.filter.OncePerRequestFilter.doFilter(OncePerRequestFilter.java:119)
	at org.apache.catalina.core.ApplicationFilterChain.internalDoFilter(ApplicationFilterChain.java:189)
	at org.apache.catalina.core.ApplicationFilterChain.doFilter(ApplicationFilterChain.java:162)
	at org.apache.catalina.core.StandardWrapperValve.invoke(StandardWrapperValve.java:202)
	at org.apache.catalina.core.StandardContextValve.invoke(StandardContextValve.java:97)
	at org.apache.catalina.authenticator.AuthenticatorBase.invoke(AuthenticatorBase.java:542)
	at org.apache.catalina.core.StandardHostValve.invoke(StandardHostValve.java:143)
	at org.apache.catalina.valves.ErrorReportValve.invoke(ErrorReportValve.java:92)
	at org.apache.catalina.core.StandardEngineValve.invoke(StandardEngineValve.java:78)
	at org.apache.catalina.connector.CoyoteAdapter.service(CoyoteAdapter.java:357)
	at org.apache.coyote.http11.Http11Processor.service(Http11Processor.java:374)
	at org.apache.coyote.AbstractProcessorLight.process(AbstractProcessorLight.java:65)
	at org.apache.coyote.AbstractProtocol$ConnectionHandler.process(AbstractProtocol.java:893)
	at org.apache.tomcat.util.net.NioEndpoint$SocketProcessor.doRun(NioEndpoint.java:1707)
	at org.apache.tomcat.util.net.SocketProcessorBase.run(SocketProcessorBase.java:49)
	at java.util.concurrent.ThreadPoolExecutor.runWorker(ThreadPoolExecutor.java:1149)
	at java.util.concurrent.ThreadPoolExecutor$Worker.run(ThreadPoolExecutor.java:624)
	at org.apache.tomcat.util.threads.TaskThread$WrappingRunnable.run(TaskThread.java:61)
	at java.lang.Thread.run(Thread.java:748)

2022-02-11 21:09:24.050 [main] ERROR com.zaxxer.hikari.pool.HikariPool -
                HikariPool-1 - Exception during pool initialization.
java.sql.SQLNonTransientConnectionException: Data source rejected establishment of connection,  message from server: "Too many connections"
	at com.mysql.cj.jdbc.exceptions.SQLError.createSQLException(SQLError.java:110)
	at com.mysql.cj.jdbc.exceptions.SQLExceptionsMapping.translateException(SQLExceptionsMapping.java:122)
	at com.mysql.cj.jdbc.ConnectionImpl.createNewIO(ConnectionImpl.java:828)
	at com.mysql.cj.jdbc.ConnectionImpl.<init>(ConnectionImpl.java:448)
	at com.mysql.cj.jdbc.ConnectionImpl.getInstance(ConnectionImpl.java:241)
	at com.mysql.cj.jdbc.NonRegisteringDriver.connect(NonRegisteringDriver.java:198)
	at com.zaxxer.hikari.util.DriverDataSource.getConnection(DriverDataSource.java:138)
	at com.zaxxer.hikari.pool.PoolBase.newConnection(PoolBase.java:358)
	at com.zaxxer.hikari.pool.PoolBase.newPoolEntry(PoolBase.java:206)
	at com.zaxxer.hikari.pool.HikariPool.createPoolEntry(HikariPool.java:477)
	at com.zaxxer.hikari.pool.HikariPool.checkFailFast(HikariPool.java:560)
	at com.zaxxer.hikari.pool.HikariPool.<init>(HikariPool.java:115)
	at com.zaxxer.hikari.HikariDataSource.getConnection(HikariDataSource.java:112)
	at org.springframework.jdbc.datasource.DataSourceUtils.fetchConnection(DataSourceUtils.java:158)
	at org.springframework.jdbc.datasource.DataSourceUtils.doGetConnection(DataSourceUtils.java:116)
	at org.springframework.jdbc.datasource.DataSourceUtils.getConnection(DataSourceUtils.java:79)
	at org.mybatis.spring.transaction.SpringManagedTransaction.openConnection(SpringManagedTransaction.java:80)
	at org.mybatis.spring.transaction.SpringManagedTransaction.getConnection(SpringManagedTransaction.java:67)
	at org.apache.ibatis.executor.BaseExecutor.getConnection(BaseExecutor.java:337)
	at com.baomidou.mybatisplus.core.executor.MybatisSimpleExecutor.prepareStatement(MybatisSimpleExecutor.java:93)
	at com.baomidou.mybatisplus.core.executor.MybatisSimpleExecutor.doQuery(MybatisSimpleExecutor.java:68)
	at org.apache.ibatis.executor.BaseExecutor.queryFromDatabase(BaseExecutor.java:325)
	at org.apache.ibatis.executor.BaseExecutor.query(BaseExecutor.java:156)
	at com.baomidou.mybatisplus.core.executor.MybatisCachingExecutor.query(MybatisCachingExecutor.java:165)
	at com.baomidou.mybatisplus.extension.plugins.MybatisPlusInterceptor.intercept(MybatisPlusInterceptor.java:65)
	at org.apache.ibatis.plugin.Plugin.invoke(Plugin.java:61)
	at com.sun.proxy.$Proxy160.query(Unknown Source)
	at org.apache.ibatis.session.defaults.DefaultSqlSession.selectList(DefaultSqlSession.java:147)
	at org.apache.ibatis.session.defaults.DefaultSqlSession.selectList(DefaultSqlSession.java:140)
	at sun.reflect.NativeMethodAccessorImpl.invoke0(Native Method)
	at sun.reflect.NativeMethodAccessorImpl.invoke(NativeMethodAccessorImpl.java:62)
	at sun.reflect.DelegatingMethodAccessorImpl.invoke(DelegatingMethodAccessorImpl.java:43)
	at java.lang.reflect.Method.invoke(Method.java:498)
	at org.mybatis.spring.SqlSessionTemplate$SqlSessionInterceptor.invoke(SqlSessionTemplate.java:426)
	at com.sun.proxy.$Proxy117.selectList(Unknown Source)
	at org.mybatis.spring.SqlSessionTemplate.selectList(SqlSessionTemplate.java:223)
	at com.baomidou.mybatisplus.core.override.MybatisMapperMethod.executeForMany(MybatisMapperMethod.java:173)
	at com.baomidou.mybatisplus.core.override.MybatisMapperMethod.execute(MybatisMapperMethod.java:78)
	at com.baomidou.mybatisplus.core.override.MybatisMapperProxy$PlainMethodInvoker.invoke(MybatisMapperProxy.java:148)
	at com.baomidou.mybatisplus.core.override.MybatisMapperProxy.invoke(MybatisMapperProxy.java:89)
	at com.sun.proxy.$Proxy157.selectList(Unknown Source)
	at com.baomidou.mybatisplus.extension.service.IService.list(IService.java:279)
	at com.baomidou.mybatisplus.extension.service.IService.list(IService.java:288)
	at com.baomidou.mybatisplus.extension.service.IService$$FastClassBySpringCGLIB$$f8525d18.invoke(<generated>)
	at org.springframework.cglib.proxy.MethodProxy.invoke(MethodProxy.java:218)
	at org.springframework.aop.framework.CglibAopProxy$DynamicAdvisedInterceptor.intercept(CglibAopProxy.java:688)
	at com.novedu.nov.common.module.service.impl.SysConfigServiceImpl$$EnhancerBySpringCGLIB$$589bd2b9.list(<generated>)
	at com.novedu.nov.common.config.SysConfigCache.afterPropertiesSet(SysConfigCache.java:29)
	at org.springframework.beans.factory.support.AbstractAutowireCapableBeanFactory.invokeInitMethods(AbstractAutowireCapableBeanFactory.java:1858)
	at org.springframework.beans.factory.support.AbstractAutowireCapableBeanFactory.initializeBean(AbstractAutowireCapableBeanFactory.java:1795)
	at org.springframework.beans.factory.support.AbstractAutowireCapableBeanFactory.doCreateBean(AbstractAutowireCapableBeanFactory.java:594)
	at org.springframework.beans.factory.support.AbstractAutowireCapableBeanFactory.createBean(AbstractAutowireCapableBeanFactory.java:516)
	at org.springframework.beans.factory.support.AbstractBeanFactory.lambda$doGetBean$0(AbstractBeanFactory.java:324)
	at org.springframework.beans.factory.support.DefaultSingletonBeanRegistry.getSingleton(DefaultSingletonBeanRegistry.java:234)
	at org.springframework.beans.factory.support.AbstractBeanFactory.doGetBean(AbstractBeanFactory.java:322)
	at org.springframework.beans.factory.support.AbstractBeanFactory.getBean(AbstractBeanFactory.java:202)
	at org.springframework.beans.factory.support.DefaultListableBeanFactory.preInstantiateSingletons(DefaultListableBeanFactory.java:897)
	at org.springframework.context.support.AbstractApplicationContext.finishBeanFactoryInitialization(AbstractApplicationContext.java:879)
	at org.springframework.context.support.AbstractApplicationContext.refresh(AbstractApplicationContext.java:551)
	at org.springframework.boot.web.servlet.context.ServletWebServerApplicationContext.refresh(ServletWebServerApplicationContext.java:143)
	at org.springframework.boot.SpringApplication.refresh(SpringApplication.java:755)
	at org.springframework.boot.SpringApplication.refresh(SpringApplication.java:747)
	at org.springframework.boot.SpringApplication.refreshContext(SpringApplication.java:402)
	at org.springframework.boot.SpringApplication.run(SpringApplication.java:312)
	at org.springframework.boot.SpringApplication.run(SpringApplication.java:1247)
	at org.springframework.boot.SpringApplication.run(SpringApplication.java:1236)
	at com.novedu.nov.EduServiceApplication.main(EduServiceApplication.java:30)
2022-02-11 21:09:24.106 [main] ERROR org.springframework.boot.SpringApplication -
                Application run failed
org.springframework.beans.factory.BeanCreationException: Error creating bean with name 'sysConfigCache' defined in file [F:\my space\nov-edu\server\nov-starter\nov-common\target\classes\com\novedu\nov\common\config\SysConfigCache.class]: Invocation of init method failed; nested exception is org.mybatis.spring.MyBatisSystemException: nested exception is org.apache.ibatis.exceptions.PersistenceException: 
### Error querying database.  Cause: org.springframework.jdbc.CannotGetJdbcConnectionException: Failed to obtain JDBC Connection; nested exception is java.sql.SQLNonTransientConnectionException: Data source rejected establishment of connection,  message from server: "Too many connections"
### The error may exist in com/novedu/nov/common/module/mapper/SysConfigMapper.java (best guess)
### The error may involve com.novedu.nov.common.module.mapper.SysConfigMapper.selectList
### The error occurred while executing a query
### Cause: org.springframework.jdbc.CannotGetJdbcConnectionException: Failed to obtain JDBC Connection; nested exception is java.sql.SQLNonTransientConnectionException: Data source rejected establishment of connection,  message from server: "Too many connections"
	at org.springframework.beans.factory.support.AbstractAutowireCapableBeanFactory.initializeBean(AbstractAutowireCapableBeanFactory.java:1799)
	at org.springframework.beans.factory.support.AbstractAutowireCapableBeanFactory.doCreateBean(AbstractAutowireCapableBeanFactory.java:594)
	at org.springframework.beans.factory.support.AbstractAutowireCapableBeanFactory.createBean(AbstractAutowireCapableBeanFactory.java:516)
	at org.springframework.beans.factory.support.AbstractBeanFactory.lambda$doGetBean$0(AbstractBeanFactory.java:324)
	at org.springframework.beans.factory.support.DefaultSingletonBeanRegistry.getSingleton(DefaultSingletonBeanRegistry.java:234)
	at org.springframework.beans.factory.support.AbstractBeanFactory.doGetBean(AbstractBeanFactory.java:322)
	at org.springframework.beans.factory.support.AbstractBeanFactory.getBean(AbstractBeanFactory.java:202)
	at org.springframework.beans.factory.support.DefaultListableBeanFactory.preInstantiateSingletons(DefaultListableBeanFactory.java:897)
	at org.springframework.context.support.AbstractApplicationContext.finishBeanFactoryInitialization(AbstractApplicationContext.java:879)
	at org.springframework.context.support.AbstractApplicationContext.refresh(AbstractApplicationContext.java:551)
	at org.springframework.boot.web.servlet.context.ServletWebServerApplicationContext.refresh(ServletWebServerApplicationContext.java:143)
	at org.springframework.boot.SpringApplication.refresh(SpringApplication.java:755)
	at org.springframework.boot.SpringApplication.refresh(SpringApplication.java:747)
	at org.springframework.boot.SpringApplication.refreshContext(SpringApplication.java:402)
	at org.springframework.boot.SpringApplication.run(SpringApplication.java:312)
	at org.springframework.boot.SpringApplication.run(SpringApplication.java:1247)
	at org.springframework.boot.SpringApplication.run(SpringApplication.java:1236)
	at com.novedu.nov.EduServiceApplication.main(EduServiceApplication.java:30)
Caused by: org.mybatis.spring.MyBatisSystemException: nested exception is org.apache.ibatis.exceptions.PersistenceException: 
### Error querying database.  Cause: org.springframework.jdbc.CannotGetJdbcConnectionException: Failed to obtain JDBC Connection; nested exception is java.sql.SQLNonTransientConnectionException: Data source rejected establishment of connection,  message from server: "Too many connections"
### The error may exist in com/novedu/nov/common/module/mapper/SysConfigMapper.java (best guess)
### The error may involve com.novedu.nov.common.module.mapper.SysConfigMapper.selectList
### The error occurred while executing a query
### Cause: org.springframework.jdbc.CannotGetJdbcConnectionException: Failed to obtain JDBC Connection; nested exception is java.sql.SQLNonTransientConnectionException: Data source rejected establishment of connection,  message from server: "Too many connections"
	at org.mybatis.spring.MyBatisExceptionTranslator.translateExceptionIfPossible(MyBatisExceptionTranslator.java:92)
	at org.mybatis.spring.SqlSessionTemplate$SqlSessionInterceptor.invoke(SqlSessionTemplate.java:440)
	at com.sun.proxy.$Proxy117.selectList(Unknown Source)
	at org.mybatis.spring.SqlSessionTemplate.selectList(SqlSessionTemplate.java:223)
	at com.baomidou.mybatisplus.core.override.MybatisMapperMethod.executeForMany(MybatisMapperMethod.java:173)
	at com.baomidou.mybatisplus.core.override.MybatisMapperMethod.execute(MybatisMapperMethod.java:78)
	at com.baomidou.mybatisplus.core.override.MybatisMapperProxy$PlainMethodInvoker.invoke(MybatisMapperProxy.java:148)
	at com.baomidou.mybatisplus.core.override.MybatisMapperProxy.invoke(MybatisMapperProxy.java:89)
	at com.sun.proxy.$Proxy157.selectList(Unknown Source)
	at com.baomidou.mybatisplus.extension.service.IService.list(IService.java:279)
	at com.baomidou.mybatisplus.extension.service.IService.list(IService.java:288)
	at com.baomidou.mybatisplus.extension.service.IService$$FastClassBySpringCGLIB$$f8525d18.invoke(<generated>)
	at org.springframework.cglib.proxy.MethodProxy.invoke(MethodProxy.java:218)
	at org.springframework.aop.framework.CglibAopProxy$DynamicAdvisedInterceptor.intercept(CglibAopProxy.java:688)
	at com.novedu.nov.common.module.service.impl.SysConfigServiceImpl$$EnhancerBySpringCGLIB$$589bd2b9.list(<generated>)
	at com.novedu.nov.common.config.SysConfigCache.afterPropertiesSet(SysConfigCache.java:29)
	at org.springframework.beans.factory.support.AbstractAutowireCapableBeanFactory.invokeInitMethods(AbstractAutowireCapableBeanFactory.java:1858)
	at org.springframework.beans.factory.support.AbstractAutowireCapableBeanFactory.initializeBean(AbstractAutowireCapableBeanFactory.java:1795)
	... 17 common frames omitted
Caused by: org.apache.ibatis.exceptions.PersistenceException: 
### Error querying database.  Cause: org.springframework.jdbc.CannotGetJdbcConnectionException: Failed to obtain JDBC Connection; nested exception is java.sql.SQLNonTransientConnectionException: Data source rejected establishment of connection,  message from server: "Too many connections"
### The error may exist in com/novedu/nov/common/module/mapper/SysConfigMapper.java (best guess)
### The error may involve com.novedu.nov.common.module.mapper.SysConfigMapper.selectList
### The error occurred while executing a query
### Cause: org.springframework.jdbc.CannotGetJdbcConnectionException: Failed to obtain JDBC Connection; nested exception is java.sql.SQLNonTransientConnectionException: Data source rejected establishment of connection,  message from server: "Too many connections"
	at org.apache.ibatis.exceptions.ExceptionFactory.wrapException(ExceptionFactory.java:30)
	at org.apache.ibatis.session.defaults.DefaultSqlSession.selectList(DefaultSqlSession.java:149)
	at org.apache.ibatis.session.defaults.DefaultSqlSession.selectList(DefaultSqlSession.java:140)
	at sun.reflect.NativeMethodAccessorImpl.invoke0(Native Method)
	at sun.reflect.NativeMethodAccessorImpl.invoke(NativeMethodAccessorImpl.java:62)
	at sun.reflect.DelegatingMethodAccessorImpl.invoke(DelegatingMethodAccessorImpl.java:43)
	at java.lang.reflect.Method.invoke(Method.java:498)
	at org.mybatis.spring.SqlSessionTemplate$SqlSessionInterceptor.invoke(SqlSessionTemplate.java:426)
	... 33 common frames omitted
Caused by: org.springframework.jdbc.CannotGetJdbcConnectionException: Failed to obtain JDBC Connection; nested exception is java.sql.SQLNonTransientConnectionException: Data source rejected establishment of connection,  message from server: "Too many connections"
	at org.springframework.jdbc.datasource.DataSourceUtils.getConnection(DataSourceUtils.java:82)
	at org.mybatis.spring.transaction.SpringManagedTransaction.openConnection(SpringManagedTransaction.java:80)
	at org.mybatis.spring.transaction.SpringManagedTransaction.getConnection(SpringManagedTransaction.java:67)
	at org.apache.ibatis.executor.BaseExecutor.getConnection(BaseExecutor.java:337)
	at com.baomidou.mybatisplus.core.executor.MybatisSimpleExecutor.prepareStatement(MybatisSimpleExecutor.java:93)
	at com.baomidou.mybatisplus.core.executor.MybatisSimpleExecutor.doQuery(MybatisSimpleExecutor.java:68)
	at org.apache.ibatis.executor.BaseExecutor.queryFromDatabase(BaseExecutor.java:325)
	at org.apache.ibatis.executor.BaseExecutor.query(BaseExecutor.java:156)
	at com.baomidou.mybatisplus.core.executor.MybatisCachingExecutor.query(MybatisCachingExecutor.java:165)
	at com.baomidou.mybatisplus.extension.plugins.MybatisPlusInterceptor.intercept(MybatisPlusInterceptor.java:65)
	at org.apache.ibatis.plugin.Plugin.invoke(Plugin.java:61)
	at com.sun.proxy.$Proxy160.query(Unknown Source)
	at org.apache.ibatis.session.defaults.DefaultSqlSession.selectList(DefaultSqlSession.java:147)
	... 39 common frames omitted
Caused by: java.sql.SQLNonTransientConnectionException: Data source rejected establishment of connection,  message from server: "Too many connections"
	at com.mysql.cj.jdbc.exceptions.SQLError.createSQLException(SQLError.java:110)
	at com.mysql.cj.jdbc.exceptions.SQLExceptionsMapping.translateException(SQLExceptionsMapping.java:122)
	at com.mysql.cj.jdbc.ConnectionImpl.createNewIO(ConnectionImpl.java:828)
	at com.mysql.cj.jdbc.ConnectionImpl.<init>(ConnectionImpl.java:448)
	at com.mysql.cj.jdbc.ConnectionImpl.getInstance(ConnectionImpl.java:241)
	at com.mysql.cj.jdbc.NonRegisteringDriver.connect(NonRegisteringDriver.java:198)
	at com.zaxxer.hikari.util.DriverDataSource.getConnection(DriverDataSource.java:138)
	at com.zaxxer.hikari.pool.PoolBase.newConnection(PoolBase.java:358)
	at com.zaxxer.hikari.pool.PoolBase.newPoolEntry(PoolBase.java:206)
	at com.zaxxer.hikari.pool.HikariPool.createPoolEntry(HikariPool.java:477)
	at com.zaxxer.hikari.pool.HikariPool.checkFailFast(HikariPool.java:560)
	at com.zaxxer.hikari.pool.HikariPool.<init>(HikariPool.java:115)
	at com.zaxxer.hikari.HikariDataSource.getConnection(HikariDataSource.java:112)
	at org.springframework.jdbc.datasource.DataSourceUtils.fetchConnection(DataSourceUtils.java:158)
	at org.springframework.jdbc.datasource.DataSourceUtils.doGetConnection(DataSourceUtils.java:116)
	at org.springframework.jdbc.datasource.DataSourceUtils.getConnection(DataSourceUtils.java:79)
	... 51 common frames omitted
2022-02-11 21:09:30.014 [task-495] ERROR org.springframework.aop.interceptor.SimpleAsyncUncaughtExceptionHandler -
                Unexpected exception occurred invoking async method: public void com.novedu.nov.statistics.task.MultiThreadScheduleTask.asyncCourseViewCount()
java.lang.RuntimeException: com.netflix.client.ClientException: Load balancer does not have available server for client: service-edu
	at org.springframework.cloud.openfeign.ribbon.LoadBalancerFeignClient.execute(LoadBalancerFeignClient.java:91)
	at feign.SynchronousMethodHandler.executeAndDecode(SynchronousMethodHandler.java:119)
	at feign.SynchronousMethodHandler.invoke(SynchronousMethodHandler.java:89)
	at feign.ReflectiveFeign$FeignInvocationHandler.invoke(ReflectiveFeign.java:100)
	at com.sun.proxy.$Proxy120.statisticsCoursePlayCount(Unknown Source)
	at com.novedu.nov.statistics.task.MultiThreadScheduleTask.asyncCourseViewCount(MultiThreadScheduleTask.java:33)
	at com.novedu.nov.statistics.task.MultiThreadScheduleTask$$FastClassBySpringCGLIB$$a711be28.invoke(<generated>)
	at org.springframework.cglib.proxy.MethodProxy.invoke(MethodProxy.java:218)
	at org.springframework.aop.framework.CglibAopProxy$CglibMethodInvocation.invokeJoinpoint(CglibAopProxy.java:779)
	at org.springframework.aop.framework.ReflectiveMethodInvocation.proceed(ReflectiveMethodInvocation.java:163)
	at org.springframework.aop.framework.CglibAopProxy$CglibMethodInvocation.proceed(CglibAopProxy.java:750)
	at org.springframework.aop.interceptor.AsyncExecutionInterceptor.lambda$invoke$0(AsyncExecutionInterceptor.java:115)
	at java.util.concurrent.FutureTask.run$$$capture(FutureTask.java:266)
	at java.util.concurrent.FutureTask.run(FutureTask.java)
	at java.util.concurrent.ThreadPoolExecutor.runWorker(ThreadPoolExecutor.java:1149)
	at java.util.concurrent.ThreadPoolExecutor$Worker.run(ThreadPoolExecutor.java:624)
	at java.lang.Thread.run(Thread.java:748)
Caused by: com.netflix.client.ClientException: Load balancer does not have available server for client: service-edu
	at com.netflix.loadbalancer.LoadBalancerContext.getServerFromLoadBalancer(LoadBalancerContext.java:483)
	at com.netflix.loadbalancer.reactive.LoadBalancerCommand$1.call(LoadBalancerCommand.java:184)
	at com.netflix.loadbalancer.reactive.LoadBalancerCommand$1.call(LoadBalancerCommand.java:180)
	at rx.Observable.unsafeSubscribe(Observable.java:10327)
	at rx.internal.operators.OnSubscribeConcatMap.call(OnSubscribeConcatMap.java:94)
	at rx.internal.operators.OnSubscribeConcatMap.call(OnSubscribeConcatMap.java:42)
	at rx.Observable.unsafeSubscribe(Observable.java:10327)
	at rx.internal.operators.OperatorRetryWithPredicate$SourceSubscriber$1.call(OperatorRetryWithPredicate.java:127)
	at rx.internal.schedulers.TrampolineScheduler$InnerCurrentThreadScheduler.enqueue(TrampolineScheduler.java:73)
	at rx.internal.schedulers.TrampolineScheduler$InnerCurrentThreadScheduler.schedule(TrampolineScheduler.java:52)
	at rx.internal.operators.OperatorRetryWithPredicate$SourceSubscriber.onNext(OperatorRetryWithPredicate.java:79)
	at rx.internal.operators.OperatorRetryWithPredicate$SourceSubscriber.onNext(OperatorRetryWithPredicate.java:45)
	at rx.internal.util.ScalarSynchronousObservable$WeakSingleProducer.request(ScalarSynchronousObservable.java:276)
	at rx.Subscriber.setProducer(Subscriber.java:209)
	at rx.internal.util.ScalarSynchronousObservable$JustOnSubscribe.call(ScalarSynchronousObservable.java:138)
	at rx.internal.util.ScalarSynchronousObservable$JustOnSubscribe.call(ScalarSynchronousObservable.java:129)
	at rx.internal.operators.OnSubscribeLift.call(OnSubscribeLift.java:48)
	at rx.internal.operators.OnSubscribeLift.call(OnSubscribeLift.java:30)
	at rx.internal.operators.OnSubscribeLift.call(OnSubscribeLift.java:48)
	at rx.internal.operators.OnSubscribeLift.call(OnSubscribeLift.java:30)
	at rx.internal.operators.OnSubscribeLift.call(OnSubscribeLift.java:48)
	at rx.internal.operators.OnSubscribeLift.call(OnSubscribeLift.java:30)
	at rx.Observable.subscribe(Observable.java:10423)
	at rx.Observable.subscribe(Observable.java:10390)
	at rx.observables.BlockingObservable.blockForSingle(BlockingObservable.java:443)
	at rx.observables.BlockingObservable.single(BlockingObservable.java:340)
	at com.netflix.client.AbstractLoadBalancerAwareClient.executeWithLoadBalancer(AbstractLoadBalancerAwareClient.java:112)
	at org.springframework.cloud.openfeign.ribbon.LoadBalancerFeignClient.execute(LoadBalancerFeignClient.java:84)
	... 16 common frames omitted
2022-02-11 21:09:30.014 [task-490] ERROR org.springframework.aop.interceptor.SimpleAsyncUncaughtExceptionHandler -
                Unexpected exception occurred invoking async method: public void com.novedu.nov.statistics.task.MultiThreadScheduleTask.statisticsCourseApplyCount()
java.lang.RuntimeException: com.netflix.client.ClientException: Load balancer does not have available server for client: service-edu
	at org.springframework.cloud.openfeign.ribbon.LoadBalancerFeignClient.execute(LoadBalancerFeignClient.java:91)
	at feign.SynchronousMethodHandler.executeAndDecode(SynchronousMethodHandler.java:119)
	at feign.SynchronousMethodHandler.invoke(SynchronousMethodHandler.java:89)
	at feign.ReflectiveFeign$FeignInvocationHandler.invoke(ReflectiveFeign.java:100)
	at com.sun.proxy.$Proxy120.statisticsCourseApplyCount(Unknown Source)
	at com.novedu.nov.statistics.task.MultiThreadScheduleTask.statisticsCourseApplyCount(MultiThreadScheduleTask.java:41)
	at com.novedu.nov.statistics.task.MultiThreadScheduleTask$$FastClassBySpringCGLIB$$a711be28.invoke(<generated>)
	at org.springframework.cglib.proxy.MethodProxy.invoke(MethodProxy.java:218)
	at org.springframework.aop.framework.CglibAopProxy$CglibMethodInvocation.invokeJoinpoint(CglibAopProxy.java:779)
	at org.springframework.aop.framework.ReflectiveMethodInvocation.proceed(ReflectiveMethodInvocation.java:163)
	at org.springframework.aop.framework.CglibAopProxy$CglibMethodInvocation.proceed(CglibAopProxy.java:750)
	at org.springframework.aop.interceptor.AsyncExecutionInterceptor.lambda$invoke$0(AsyncExecutionInterceptor.java:115)
	at java.util.concurrent.FutureTask.run$$$capture(FutureTask.java:266)
	at java.util.concurrent.FutureTask.run(FutureTask.java)
	at java.util.concurrent.ThreadPoolExecutor.runWorker(ThreadPoolExecutor.java:1149)
	at java.util.concurrent.ThreadPoolExecutor$Worker.run(ThreadPoolExecutor.java:624)
	at java.lang.Thread.run(Thread.java:748)
Caused by: com.netflix.client.ClientException: Load balancer does not have available server for client: service-edu
	at com.netflix.loadbalancer.LoadBalancerContext.getServerFromLoadBalancer(LoadBalancerContext.java:483)
	at com.netflix.loadbalancer.reactive.LoadBalancerCommand$1.call(LoadBalancerCommand.java:184)
	at com.netflix.loadbalancer.reactive.LoadBalancerCommand$1.call(LoadBalancerCommand.java:180)
	at rx.Observable.unsafeSubscribe(Observable.java:10327)
	at rx.internal.operators.OnSubscribeConcatMap.call(OnSubscribeConcatMap.java:94)
	at rx.internal.operators.OnSubscribeConcatMap.call(OnSubscribeConcatMap.java:42)
	at rx.Observable.unsafeSubscribe(Observable.java:10327)
	at rx.internal.operators.OperatorRetryWithPredicate$SourceSubscriber$1.call(OperatorRetryWithPredicate.java:127)
	at rx.internal.schedulers.TrampolineScheduler$InnerCurrentThreadScheduler.enqueue(TrampolineScheduler.java:73)
	at rx.internal.schedulers.TrampolineScheduler$InnerCurrentThreadScheduler.schedule(TrampolineScheduler.java:52)
	at rx.internal.operators.OperatorRetryWithPredicate$SourceSubscriber.onNext(OperatorRetryWithPredicate.java:79)
	at rx.internal.operators.OperatorRetryWithPredicate$SourceSubscriber.onNext(OperatorRetryWithPredicate.java:45)
	at rx.internal.util.ScalarSynchronousObservable$WeakSingleProducer.request(ScalarSynchronousObservable.java:276)
	at rx.Subscriber.setProducer(Subscriber.java:209)
	at rx.internal.util.ScalarSynchronousObservable$JustOnSubscribe.call(ScalarSynchronousObservable.java:138)
	at rx.internal.util.ScalarSynchronousObservable$JustOnSubscribe.call(ScalarSynchronousObservable.java:129)
	at rx.internal.operators.OnSubscribeLift.call(OnSubscribeLift.java:48)
	at rx.internal.operators.OnSubscribeLift.call(OnSubscribeLift.java:30)
	at rx.internal.operators.OnSubscribeLift.call(OnSubscribeLift.java:48)
	at rx.internal.operators.OnSubscribeLift.call(OnSubscribeLift.java:30)
	at rx.internal.operators.OnSubscribeLift.call(OnSubscribeLift.java:48)
	at rx.internal.operators.OnSubscribeLift.call(OnSubscribeLift.java:30)
	at rx.Observable.subscribe(Observable.java:10423)
	at rx.Observable.subscribe(Observable.java:10390)
	at rx.observables.BlockingObservable.blockForSingle(BlockingObservable.java:443)
	at rx.observables.BlockingObservable.single(BlockingObservable.java:340)
	at com.netflix.client.AbstractLoadBalancerAwareClient.executeWithLoadBalancer(AbstractLoadBalancerAwareClient.java:112)
	at org.springframework.cloud.openfeign.ribbon.LoadBalancerFeignClient.execute(LoadBalancerFeignClient.java:84)
	... 16 common frames omitted
2022-02-11 21:09:30.014 [task-494] ERROR org.springframework.aop.interceptor.SimpleAsyncUncaughtExceptionHandler -
                Unexpected exception occurred invoking async method: public void com.novedu.nov.statistics.task.MultiThreadScheduleTask.statisticsCourseBuyCount()
java.lang.RuntimeException: com.netflix.client.ClientException: Load balancer does not have available server for client: service-edu
	at org.springframework.cloud.openfeign.ribbon.LoadBalancerFeignClient.execute(LoadBalancerFeignClient.java:91)
	at feign.SynchronousMethodHandler.executeAndDecode(SynchronousMethodHandler.java:119)
	at feign.SynchronousMethodHandler.invoke(SynchronousMethodHandler.java:89)
	at feign.ReflectiveFeign$FeignInvocationHandler.invoke(ReflectiveFeign.java:100)
	at com.sun.proxy.$Proxy120.statisticsCourseBuyCount(Unknown Source)
	at com.novedu.nov.statistics.task.MultiThreadScheduleTask.statisticsCourseBuyCount(MultiThreadScheduleTask.java:49)
	at com.novedu.nov.statistics.task.MultiThreadScheduleTask$$FastClassBySpringCGLIB$$a711be28.invoke(<generated>)
	at org.springframework.cglib.proxy.MethodProxy.invoke(MethodProxy.java:218)
	at org.springframework.aop.framework.CglibAopProxy$CglibMethodInvocation.invokeJoinpoint(CglibAopProxy.java:779)
	at org.springframework.aop.framework.ReflectiveMethodInvocation.proceed(ReflectiveMethodInvocation.java:163)
	at org.springframework.aop.framework.CglibAopProxy$CglibMethodInvocation.proceed(CglibAopProxy.java:750)
	at org.springframework.aop.interceptor.AsyncExecutionInterceptor.lambda$invoke$0(AsyncExecutionInterceptor.java:115)
	at java.util.concurrent.FutureTask.run$$$capture(FutureTask.java:266)
	at java.util.concurrent.FutureTask.run(FutureTask.java)
	at java.util.concurrent.ThreadPoolExecutor.runWorker(ThreadPoolExecutor.java:1149)
	at java.util.concurrent.ThreadPoolExecutor$Worker.run(ThreadPoolExecutor.java:624)
	at java.lang.Thread.run(Thread.java:748)
Caused by: com.netflix.client.ClientException: Load balancer does not have available server for client: service-edu
	at com.netflix.loadbalancer.LoadBalancerContext.getServerFromLoadBalancer(LoadBalancerContext.java:483)
	at com.netflix.loadbalancer.reactive.LoadBalancerCommand$1.call(LoadBalancerCommand.java:184)
	at com.netflix.loadbalancer.reactive.LoadBalancerCommand$1.call(LoadBalancerCommand.java:180)
	at rx.Observable.unsafeSubscribe(Observable.java:10327)
	at rx.internal.operators.OnSubscribeConcatMap.call(OnSubscribeConcatMap.java:94)
	at rx.internal.operators.OnSubscribeConcatMap.call(OnSubscribeConcatMap.java:42)
	at rx.Observable.unsafeSubscribe(Observable.java:10327)
	at rx.internal.operators.OperatorRetryWithPredicate$SourceSubscriber$1.call(OperatorRetryWithPredicate.java:127)
	at rx.internal.schedulers.TrampolineScheduler$InnerCurrentThreadScheduler.enqueue(TrampolineScheduler.java:73)
	at rx.internal.schedulers.TrampolineScheduler$InnerCurrentThreadScheduler.schedule(TrampolineScheduler.java:52)
	at rx.internal.operators.OperatorRetryWithPredicate$SourceSubscriber.onNext(OperatorRetryWithPredicate.java:79)
	at rx.internal.operators.OperatorRetryWithPredicate$SourceSubscriber.onNext(OperatorRetryWithPredicate.java:45)
	at rx.internal.util.ScalarSynchronousObservable$WeakSingleProducer.request(ScalarSynchronousObservable.java:276)
	at rx.Subscriber.setProducer(Subscriber.java:209)
	at rx.internal.util.ScalarSynchronousObservable$JustOnSubscribe.call(ScalarSynchronousObservable.java:138)
	at rx.internal.util.ScalarSynchronousObservable$JustOnSubscribe.call(ScalarSynchronousObservable.java:129)
	at rx.internal.operators.OnSubscribeLift.call(OnSubscribeLift.java:48)
	at rx.internal.operators.OnSubscribeLift.call(OnSubscribeLift.java:30)
	at rx.internal.operators.OnSubscribeLift.call(OnSubscribeLift.java:48)
	at rx.internal.operators.OnSubscribeLift.call(OnSubscribeLift.java:30)
	at rx.internal.operators.OnSubscribeLift.call(OnSubscribeLift.java:48)
	at rx.internal.operators.OnSubscribeLift.call(OnSubscribeLift.java:30)
	at rx.Observable.subscribe(Observable.java:10423)
	at rx.Observable.subscribe(Observable.java:10390)
	at rx.observables.BlockingObservable.blockForSingle(BlockingObservable.java:443)
	at rx.observables.BlockingObservable.single(BlockingObservable.java:340)
	at com.netflix.client.AbstractLoadBalancerAwareClient.executeWithLoadBalancer(AbstractLoadBalancerAwareClient.java:112)
	at org.springframework.cloud.openfeign.ribbon.LoadBalancerFeignClient.execute(LoadBalancerFeignClient.java:84)
	... 16 common frames omitted
2022-02-11 21:10:00.013 [task-492] ERROR org.springframework.aop.interceptor.SimpleAsyncUncaughtExceptionHandler -
                Unexpected exception occurred invoking async method: public void com.novedu.nov.statistics.task.MultiThreadScheduleTask.statisticsCourseApplyCount()
java.lang.RuntimeException: com.netflix.client.ClientException: Load balancer does not have available server for client: service-edu
	at org.springframework.cloud.openfeign.ribbon.LoadBalancerFeignClient.execute(LoadBalancerFeignClient.java:91)
	at feign.SynchronousMethodHandler.executeAndDecode(SynchronousMethodHandler.java:119)
	at feign.SynchronousMethodHandler.invoke(SynchronousMethodHandler.java:89)
	at feign.ReflectiveFeign$FeignInvocationHandler.invoke(ReflectiveFeign.java:100)
	at com.sun.proxy.$Proxy120.statisticsCourseApplyCount(Unknown Source)
	at com.novedu.nov.statistics.task.MultiThreadScheduleTask.statisticsCourseApplyCount(MultiThreadScheduleTask.java:41)
	at com.novedu.nov.statistics.task.MultiThreadScheduleTask$$FastClassBySpringCGLIB$$a711be28.invoke(<generated>)
	at org.springframework.cglib.proxy.MethodProxy.invoke(MethodProxy.java:218)
	at org.springframework.aop.framework.CglibAopProxy$CglibMethodInvocation.invokeJoinpoint(CglibAopProxy.java:779)
	at org.springframework.aop.framework.ReflectiveMethodInvocation.proceed(ReflectiveMethodInvocation.java:163)
	at org.springframework.aop.framework.CglibAopProxy$CglibMethodInvocation.proceed(CglibAopProxy.java:750)
	at org.springframework.aop.interceptor.AsyncExecutionInterceptor.lambda$invoke$0(AsyncExecutionInterceptor.java:115)
	at java.util.concurrent.FutureTask.run$$$capture(FutureTask.java:266)
	at java.util.concurrent.FutureTask.run(FutureTask.java)
	at java.util.concurrent.ThreadPoolExecutor.runWorker(ThreadPoolExecutor.java:1149)
	at java.util.concurrent.ThreadPoolExecutor$Worker.run(ThreadPoolExecutor.java:624)
	at java.lang.Thread.run(Thread.java:748)
Caused by: com.netflix.client.ClientException: Load balancer does not have available server for client: service-edu
	at com.netflix.loadbalancer.LoadBalancerContext.getServerFromLoadBalancer(LoadBalancerContext.java:483)
	at com.netflix.loadbalancer.reactive.LoadBalancerCommand$1.call(LoadBalancerCommand.java:184)
	at com.netflix.loadbalancer.reactive.LoadBalancerCommand$1.call(LoadBalancerCommand.java:180)
	at rx.Observable.unsafeSubscribe(Observable.java:10327)
	at rx.internal.operators.OnSubscribeConcatMap.call(OnSubscribeConcatMap.java:94)
	at rx.internal.operators.OnSubscribeConcatMap.call(OnSubscribeConcatMap.java:42)
	at rx.Observable.unsafeSubscribe(Observable.java:10327)
	at rx.internal.operators.OperatorRetryWithPredicate$SourceSubscriber$1.call(OperatorRetryWithPredicate.java:127)
	at rx.internal.schedulers.TrampolineScheduler$InnerCurrentThreadScheduler.enqueue(TrampolineScheduler.java:73)
	at rx.internal.schedulers.TrampolineScheduler$InnerCurrentThreadScheduler.schedule(TrampolineScheduler.java:52)
	at rx.internal.operators.OperatorRetryWithPredicate$SourceSubscriber.onNext(OperatorRetryWithPredicate.java:79)
	at rx.internal.operators.OperatorRetryWithPredicate$SourceSubscriber.onNext(OperatorRetryWithPredicate.java:45)
	at rx.internal.util.ScalarSynchronousObservable$WeakSingleProducer.request(ScalarSynchronousObservable.java:276)
	at rx.Subscriber.setProducer(Subscriber.java:209)
	at rx.internal.util.ScalarSynchronousObservable$JustOnSubscribe.call(ScalarSynchronousObservable.java:138)
	at rx.internal.util.ScalarSynchronousObservable$JustOnSubscribe.call(ScalarSynchronousObservable.java:129)
	at rx.internal.operators.OnSubscribeLift.call(OnSubscribeLift.java:48)
	at rx.internal.operators.OnSubscribeLift.call(OnSubscribeLift.java:30)
	at rx.internal.operators.OnSubscribeLift.call(OnSubscribeLift.java:48)
	at rx.internal.operators.OnSubscribeLift.call(OnSubscribeLift.java:30)
	at rx.internal.operators.OnSubscribeLift.call(OnSubscribeLift.java:48)
	at rx.internal.operators.OnSubscribeLift.call(OnSubscribeLift.java:30)
	at rx.Observable.subscribe(Observable.java:10423)
	at rx.Observable.subscribe(Observable.java:10390)
	at rx.observables.BlockingObservable.blockForSingle(BlockingObservable.java:443)
	at rx.observables.BlockingObservable.single(BlockingObservable.java:340)
	at com.netflix.client.AbstractLoadBalancerAwareClient.executeWithLoadBalancer(AbstractLoadBalancerAwareClient.java:112)
	at org.springframework.cloud.openfeign.ribbon.LoadBalancerFeignClient.execute(LoadBalancerFeignClient.java:84)
	... 16 common frames omitted
2022-02-11 21:10:00.013 [task-496] ERROR org.springframework.aop.interceptor.SimpleAsyncUncaughtExceptionHandler -
                Unexpected exception occurred invoking async method: public void com.novedu.nov.statistics.task.MultiThreadScheduleTask.statisticsCourseBuyCount()
java.lang.RuntimeException: com.netflix.client.ClientException: Load balancer does not have available server for client: service-edu
	at org.springframework.cloud.openfeign.ribbon.LoadBalancerFeignClient.execute(LoadBalancerFeignClient.java:91)
	at feign.SynchronousMethodHandler.executeAndDecode(SynchronousMethodHandler.java:119)
	at feign.SynchronousMethodHandler.invoke(SynchronousMethodHandler.java:89)
	at feign.ReflectiveFeign$FeignInvocationHandler.invoke(ReflectiveFeign.java:100)
	at com.sun.proxy.$Proxy120.statisticsCourseBuyCount(Unknown Source)
	at com.novedu.nov.statistics.task.MultiThreadScheduleTask.statisticsCourseBuyCount(MultiThreadScheduleTask.java:49)
	at com.novedu.nov.statistics.task.MultiThreadScheduleTask$$FastClassBySpringCGLIB$$a711be28.invoke(<generated>)
	at org.springframework.cglib.proxy.MethodProxy.invoke(MethodProxy.java:218)
	at org.springframework.aop.framework.CglibAopProxy$CglibMethodInvocation.invokeJoinpoint(CglibAopProxy.java:779)
	at org.springframework.aop.framework.ReflectiveMethodInvocation.proceed(ReflectiveMethodInvocation.java:163)
	at org.springframework.aop.framework.CglibAopProxy$CglibMethodInvocation.proceed(CglibAopProxy.java:750)
	at org.springframework.aop.interceptor.AsyncExecutionInterceptor.lambda$invoke$0(AsyncExecutionInterceptor.java:115)
	at java.util.concurrent.FutureTask.run$$$capture(FutureTask.java:266)
	at java.util.concurrent.FutureTask.run(FutureTask.java)
	at java.util.concurrent.ThreadPoolExecutor.runWorker(ThreadPoolExecutor.java:1149)
	at java.util.concurrent.ThreadPoolExecutor$Worker.run(ThreadPoolExecutor.java:624)
	at java.lang.Thread.run(Thread.java:748)
Caused by: com.netflix.client.ClientException: Load balancer does not have available server for client: service-edu
	at com.netflix.loadbalancer.LoadBalancerContext.getServerFromLoadBalancer(LoadBalancerContext.java:483)
	at com.netflix.loadbalancer.reactive.LoadBalancerCommand$1.call(LoadBalancerCommand.java:184)
	at com.netflix.loadbalancer.reactive.LoadBalancerCommand$1.call(LoadBalancerCommand.java:180)
	at rx.Observable.unsafeSubscribe(Observable.java:10327)
	at rx.internal.operators.OnSubscribeConcatMap.call(OnSubscribeConcatMap.java:94)
	at rx.internal.operators.OnSubscribeConcatMap.call(OnSubscribeConcatMap.java:42)
	at rx.Observable.unsafeSubscribe(Observable.java:10327)
	at rx.internal.operators.OperatorRetryWithPredicate$SourceSubscriber$1.call(OperatorRetryWithPredicate.java:127)
	at rx.internal.schedulers.TrampolineScheduler$InnerCurrentThreadScheduler.enqueue(TrampolineScheduler.java:73)
	at rx.internal.schedulers.TrampolineScheduler$InnerCurrentThreadScheduler.schedule(TrampolineScheduler.java:52)
	at rx.internal.operators.OperatorRetryWithPredicate$SourceSubscriber.onNext(OperatorRetryWithPredicate.java:79)
	at rx.internal.operators.OperatorRetryWithPredicate$SourceSubscriber.onNext(OperatorRetryWithPredicate.java:45)
	at rx.internal.util.ScalarSynchronousObservable$WeakSingleProducer.request(ScalarSynchronousObservable.java:276)
	at rx.Subscriber.setProducer(Subscriber.java:209)
	at rx.internal.util.ScalarSynchronousObservable$JustOnSubscribe.call(ScalarSynchronousObservable.java:138)
	at rx.internal.util.ScalarSynchronousObservable$JustOnSubscribe.call(ScalarSynchronousObservable.java:129)
	at rx.internal.operators.OnSubscribeLift.call(OnSubscribeLift.java:48)
	at rx.internal.operators.OnSubscribeLift.call(OnSubscribeLift.java:30)
	at rx.internal.operators.OnSubscribeLift.call(OnSubscribeLift.java:48)
	at rx.internal.operators.OnSubscribeLift.call(OnSubscribeLift.java:30)
	at rx.internal.operators.OnSubscribeLift.call(OnSubscribeLift.java:48)
	at rx.internal.operators.OnSubscribeLift.call(OnSubscribeLift.java:30)
	at rx.Observable.subscribe(Observable.java:10423)
	at rx.Observable.subscribe(Observable.java:10390)
	at rx.observables.BlockingObservable.blockForSingle(BlockingObservable.java:443)
	at rx.observables.BlockingObservable.single(BlockingObservable.java:340)
	at com.netflix.client.AbstractLoadBalancerAwareClient.executeWithLoadBalancer(AbstractLoadBalancerAwareClient.java:112)
	at org.springframework.cloud.openfeign.ribbon.LoadBalancerFeignClient.execute(LoadBalancerFeignClient.java:84)
	... 16 common frames omitted
2022-02-11 21:10:00.013 [task-497] ERROR org.springframework.aop.interceptor.SimpleAsyncUncaughtExceptionHandler -
                Unexpected exception occurred invoking async method: public void com.novedu.nov.statistics.task.MultiThreadScheduleTask.asyncCourseViewCount()
java.lang.RuntimeException: com.netflix.client.ClientException: Load balancer does not have available server for client: service-edu
	at org.springframework.cloud.openfeign.ribbon.LoadBalancerFeignClient.execute(LoadBalancerFeignClient.java:91)
	at feign.SynchronousMethodHandler.executeAndDecode(SynchronousMethodHandler.java:119)
	at feign.SynchronousMethodHandler.invoke(SynchronousMethodHandler.java:89)
	at feign.ReflectiveFeign$FeignInvocationHandler.invoke(ReflectiveFeign.java:100)
	at com.sun.proxy.$Proxy120.statisticsCoursePlayCount(Unknown Source)
	at com.novedu.nov.statistics.task.MultiThreadScheduleTask.asyncCourseViewCount(MultiThreadScheduleTask.java:33)
	at com.novedu.nov.statistics.task.MultiThreadScheduleTask$$FastClassBySpringCGLIB$$a711be28.invoke(<generated>)
	at org.springframework.cglib.proxy.MethodProxy.invoke(MethodProxy.java:218)
	at org.springframework.aop.framework.CglibAopProxy$CglibMethodInvocation.invokeJoinpoint(CglibAopProxy.java:779)
	at org.springframework.aop.framework.ReflectiveMethodInvocation.proceed(ReflectiveMethodInvocation.java:163)
	at org.springframework.aop.framework.CglibAopProxy$CglibMethodInvocation.proceed(CglibAopProxy.java:750)
	at org.springframework.aop.interceptor.AsyncExecutionInterceptor.lambda$invoke$0(AsyncExecutionInterceptor.java:115)
	at java.util.concurrent.FutureTask.run$$$capture(FutureTask.java:266)
	at java.util.concurrent.FutureTask.run(FutureTask.java)
	at java.util.concurrent.ThreadPoolExecutor.runWorker(ThreadPoolExecutor.java:1149)
	at java.util.concurrent.ThreadPoolExecutor$Worker.run(ThreadPoolExecutor.java:624)
	at java.lang.Thread.run(Thread.java:748)
Caused by: com.netflix.client.ClientException: Load balancer does not have available server for client: service-edu
	at com.netflix.loadbalancer.LoadBalancerContext.getServerFromLoadBalancer(LoadBalancerContext.java:483)
	at com.netflix.loadbalancer.reactive.LoadBalancerCommand$1.call(LoadBalancerCommand.java:184)
	at com.netflix.loadbalancer.reactive.LoadBalancerCommand$1.call(LoadBalancerCommand.java:180)
	at rx.Observable.unsafeSubscribe(Observable.java:10327)
	at rx.internal.operators.OnSubscribeConcatMap.call(OnSubscribeConcatMap.java:94)
	at rx.internal.operators.OnSubscribeConcatMap.call(OnSubscribeConcatMap.java:42)
	at rx.Observable.unsafeSubscribe(Observable.java:10327)
	at rx.internal.operators.OperatorRetryWithPredicate$SourceSubscriber$1.call(OperatorRetryWithPredicate.java:127)
	at rx.internal.schedulers.TrampolineScheduler$InnerCurrentThreadScheduler.enqueue(TrampolineScheduler.java:73)
	at rx.internal.schedulers.TrampolineScheduler$InnerCurrentThreadScheduler.schedule(TrampolineScheduler.java:52)
	at rx.internal.operators.OperatorRetryWithPredicate$SourceSubscriber.onNext(OperatorRetryWithPredicate.java:79)
	at rx.internal.operators.OperatorRetryWithPredicate$SourceSubscriber.onNext(OperatorRetryWithPredicate.java:45)
	at rx.internal.util.ScalarSynchronousObservable$WeakSingleProducer.request(ScalarSynchronousObservable.java:276)
	at rx.Subscriber.setProducer(Subscriber.java:209)
	at rx.internal.util.ScalarSynchronousObservable$JustOnSubscribe.call(ScalarSynchronousObservable.java:138)
	at rx.internal.util.ScalarSynchronousObservable$JustOnSubscribe.call(ScalarSynchronousObservable.java:129)
	at rx.internal.operators.OnSubscribeLift.call(OnSubscribeLift.java:48)
	at rx.internal.operators.OnSubscribeLift.call(OnSubscribeLift.java:30)
	at rx.internal.operators.OnSubscribeLift.call(OnSubscribeLift.java:48)
	at rx.internal.operators.OnSubscribeLift.call(OnSubscribeLift.java:30)
	at rx.internal.operators.OnSubscribeLift.call(OnSubscribeLift.java:48)
	at rx.internal.operators.OnSubscribeLift.call(OnSubscribeLift.java:30)
	at rx.Observable.subscribe(Observable.java:10423)
	at rx.Observable.subscribe(Observable.java:10390)
	at rx.observables.BlockingObservable.blockForSingle(BlockingObservable.java:443)
	at rx.observables.BlockingObservable.single(BlockingObservable.java:340)
	at com.netflix.client.AbstractLoadBalancerAwareClient.executeWithLoadBalancer(AbstractLoadBalancerAwareClient.java:112)
	at org.springframework.cloud.openfeign.ribbon.LoadBalancerFeignClient.execute(LoadBalancerFeignClient.java:84)
	... 16 common frames omitted
2022-02-11 21:10:54.825 [http-nio-8085-exec-5] ERROR com.novedu.nov.common.aspect.NovExceptionHandler -
                org.mybatis.spring.MyBatisSystemException: nested exception is org.apache.ibatis.exceptions.PersistenceException: 
### Error querying database.  Cause: org.springframework.jdbc.CannotGetJdbcConnectionException: Failed to obtain JDBC Connection; nested exception is java.sql.SQLTransientConnectionException: HikariPool-1 - Connection is not available, request timed out after 30038ms.
### The error may exist in com/novedu/nov/ucenter/mapper/UcenterMemberMapper.java (best guess)
### The error may involve com.novedu.nov.ucenter.mapper.UcenterMemberMapper.selectById
### The error occurred while executing a query
### Cause: org.springframework.jdbc.CannotGetJdbcConnectionException: Failed to obtain JDBC Connection; nested exception is java.sql.SQLTransientConnectionException: HikariPool-1 - Connection is not available, request timed out after 30038ms.
	at org.mybatis.spring.MyBatisExceptionTranslator.translateExceptionIfPossible(MyBatisExceptionTranslator.java:92)
	at org.mybatis.spring.SqlSessionTemplate$SqlSessionInterceptor.invoke(SqlSessionTemplate.java:440)
	at com.sun.proxy.$Proxy98.selectOne(Unknown Source)
	at org.mybatis.spring.SqlSessionTemplate.selectOne(SqlSessionTemplate.java:159)
	at com.baomidou.mybatisplus.core.override.MybatisMapperMethod.execute(MybatisMapperMethod.java:90)
	at com.baomidou.mybatisplus.core.override.MybatisMapperProxy$PlainMethodInvoker.invoke(MybatisMapperProxy.java:148)
	at com.baomidou.mybatisplus.core.override.MybatisMapperProxy.invoke(MybatisMapperProxy.java:89)
	at com.sun.proxy.$Proxy105.selectById(Unknown Source)
	at com.baomidou.mybatisplus.extension.service.IService.getById(IService.java:201)
	at com.novedu.nov.ucenter.service.impl.UcenterMemberServiceImpl.getMemberInfo(UcenterMemberServiceImpl.java:64)
	at com.novedu.nov.ucenter.service.impl.UcenterMemberServiceImpl$$FastClassBySpringCGLIB$$29ead0e9.invoke(<generated>)
	at org.springframework.cglib.proxy.MethodProxy.invoke(MethodProxy.java:218)
	at org.springframework.aop.framework.CglibAopProxy$DynamicAdvisedInterceptor.intercept(CglibAopProxy.java:688)
	at com.novedu.nov.ucenter.service.impl.UcenterMemberServiceImpl$$EnhancerBySpringCGLIB$$ceb61de5.getMemberInfo(<generated>)
	at com.novedu.nov.ucenter.controller.UcenterMemberController.getMemberInfo(UcenterMemberController.java:43)
	at com.novedu.nov.ucenter.controller.UcenterMemberController$$FastClassBySpringCGLIB$$b7db36cb.invoke(<generated>)
	at org.springframework.cglib.proxy.MethodProxy.invoke(MethodProxy.java:218)
	at org.springframework.aop.framework.CglibAopProxy$CglibMethodInvocation.invokeJoinpoint(CglibAopProxy.java:779)
	at org.springframework.aop.framework.ReflectiveMethodInvocation.proceed(ReflectiveMethodInvocation.java:163)
	at org.springframework.aop.framework.CglibAopProxy$CglibMethodInvocation.proceed(CglibAopProxy.java:750)
	at org.springframework.aop.aspectj.MethodInvocationProceedingJoinPoint.proceed(MethodInvocationProceedingJoinPoint.java:88)
	at com.novedu.nov.common.aspect.NovLogHandler.around(NovLogHandler.java:56)
	at sun.reflect.NativeMethodAccessorImpl.invoke0(Native Method)
	at sun.reflect.NativeMethodAccessorImpl.invoke(NativeMethodAccessorImpl.java:62)
	at sun.reflect.DelegatingMethodAccessorImpl.invoke(DelegatingMethodAccessorImpl.java:43)
	at java.lang.reflect.Method.invoke(Method.java:498)
	at org.springframework.aop.aspectj.AbstractAspectJAdvice.invokeAdviceMethodWithGivenArgs(AbstractAspectJAdvice.java:644)
	at org.springframework.aop.aspectj.AbstractAspectJAdvice.invokeAdviceMethod(AbstractAspectJAdvice.java:633)
	at org.springframework.aop.aspectj.AspectJAroundAdvice.invoke(AspectJAroundAdvice.java:70)
	at org.springframework.aop.framework.ReflectiveMethodInvocation.proceed(ReflectiveMethodInvocation.java:186)
	at org.springframework.aop.framework.CglibAopProxy$CglibMethodInvocation.proceed(CglibAopProxy.java:750)
	at org.springframework.aop.interceptor.ExposeInvocationInterceptor.invoke(ExposeInvocationInterceptor.java:95)
	at org.springframework.aop.framework.ReflectiveMethodInvocation.proceed(ReflectiveMethodInvocation.java:186)
	at org.springframework.aop.framework.CglibAopProxy$CglibMethodInvocation.proceed(CglibAopProxy.java:750)
	at org.springframework.aop.framework.CglibAopProxy$DynamicAdvisedInterceptor.intercept(CglibAopProxy.java:692)
	at com.novedu.nov.ucenter.controller.UcenterMemberController$$EnhancerBySpringCGLIB$$d6f439b2.getMemberInfo(<generated>)
	at sun.reflect.NativeMethodAccessorImpl.invoke0(Native Method)
	at sun.reflect.NativeMethodAccessorImpl.invoke(NativeMethodAccessorImpl.java:62)
	at sun.reflect.DelegatingMethodAccessorImpl.invoke(DelegatingMethodAccessorImpl.java:43)
	at java.lang.reflect.Method.invoke(Method.java:498)
	at org.springframework.web.method.support.InvocableHandlerMethod.doInvoke(InvocableHandlerMethod.java:190)
	at org.springframework.web.method.support.InvocableHandlerMethod.invokeForRequest(InvocableHandlerMethod.java:138)
	at org.springframework.web.servlet.mvc.method.annotation.ServletInvocableHandlerMethod.invokeAndHandle(ServletInvocableHandlerMethod.java:105)
	at org.springframework.web.servlet.mvc.method.annotation.RequestMappingHandlerAdapter.invokeHandlerMethod(RequestMappingHandlerAdapter.java:878)
	at org.springframework.web.servlet.mvc.method.annotation.RequestMappingHandlerAdapter.handleInternal(RequestMappingHandlerAdapter.java:792)
	at org.springframework.web.servlet.mvc.method.AbstractHandlerMethodAdapter.handle(AbstractHandlerMethodAdapter.java:87)
	at org.springframework.web.servlet.DispatcherServlet.doDispatch(DispatcherServlet.java:1040)
	at org.springframework.web.servlet.DispatcherServlet.doService(DispatcherServlet.java:943)
	at org.springframework.web.servlet.FrameworkServlet.processRequest(FrameworkServlet.java:1006)
	at org.springframework.web.servlet.FrameworkServlet.doPost(FrameworkServlet.java:909)
	at javax.servlet.http.HttpServlet.service(HttpServlet.java:652)
	at org.springframework.web.servlet.FrameworkServlet.service(FrameworkServlet.java:883)
	at javax.servlet.http.HttpServlet.service(HttpServlet.java:733)
	at org.apache.catalina.core.ApplicationFilterChain.internalDoFilter(ApplicationFilterChain.java:227)
	at org.apache.catalina.core.ApplicationFilterChain.doFilter(ApplicationFilterChain.java:162)
	at org.apache.tomcat.websocket.server.WsFilter.doFilter(WsFilter.java:53)
	at org.apache.catalina.core.ApplicationFilterChain.internalDoFilter(ApplicationFilterChain.java:189)
	at org.apache.catalina.core.ApplicationFilterChain.doFilter(ApplicationFilterChain.java:162)
	at org.springframework.web.filter.CorsFilter.doFilterInternal(CorsFilter.java:92)
	at org.springframework.web.filter.OncePerRequestFilter.doFilter(OncePerRequestFilter.java:119)
	at org.apache.catalina.core.ApplicationFilterChain.internalDoFilter(ApplicationFilterChain.java:189)
	at org.apache.catalina.core.ApplicationFilterChain.doFilter(ApplicationFilterChain.java:162)
	at org.springframework.web.filter.RequestContextFilter.doFilterInternal(RequestContextFilter.java:100)
	at org.springframework.web.filter.OncePerRequestFilter.doFilter(OncePerRequestFilter.java:119)
	at org.apache.catalina.core.ApplicationFilterChain.internalDoFilter(ApplicationFilterChain.java:189)
	at org.apache.catalina.core.ApplicationFilterChain.doFilter(ApplicationFilterChain.java:162)
	at org.springframework.web.filter.FormContentFilter.doFilterInternal(FormContentFilter.java:93)
	at org.springframework.web.filter.OncePerRequestFilter.doFilter(OncePerRequestFilter.java:119)
	at org.apache.catalina.core.ApplicationFilterChain.internalDoFilter(ApplicationFilterChain.java:189)
	at org.apache.catalina.core.ApplicationFilterChain.doFilter(ApplicationFilterChain.java:162)
	at org.springframework.web.filter.CharacterEncodingFilter.doFilterInternal(CharacterEncodingFilter.java:201)
	at org.springframework.web.filter.OncePerRequestFilter.doFilter(OncePerRequestFilter.java:119)
	at org.apache.catalina.core.ApplicationFilterChain.internalDoFilter(ApplicationFilterChain.java:189)
	at org.apache.catalina.core.ApplicationFilterChain.doFilter(ApplicationFilterChain.java:162)
	at org.apache.catalina.core.StandardWrapperValve.invoke(StandardWrapperValve.java:202)
	at org.apache.catalina.core.StandardContextValve.invoke(StandardContextValve.java:97)
	at org.apache.catalina.authenticator.AuthenticatorBase.invoke(AuthenticatorBase.java:542)
	at org.apache.catalina.core.StandardHostValve.invoke(StandardHostValve.java:143)
	at org.apache.catalina.valves.ErrorReportValve.invoke(ErrorReportValve.java:92)
	at org.apache.catalina.core.StandardEngineValve.invoke(StandardEngineValve.java:78)
	at org.apache.catalina.connector.CoyoteAdapter.service(CoyoteAdapter.java:357)
	at org.apache.coyote.http11.Http11Processor.service(Http11Processor.java:374)
	at org.apache.coyote.AbstractProcessorLight.process(AbstractProcessorLight.java:65)
	at org.apache.coyote.AbstractProtocol$ConnectionHandler.process(AbstractProtocol.java:893)
	at org.apache.tomcat.util.net.NioEndpoint$SocketProcessor.doRun(NioEndpoint.java:1707)
	at org.apache.tomcat.util.net.SocketProcessorBase.run(SocketProcessorBase.java:49)
	at java.util.concurrent.ThreadPoolExecutor.runWorker(ThreadPoolExecutor.java:1149)
	at java.util.concurrent.ThreadPoolExecutor$Worker.run(ThreadPoolExecutor.java:624)
	at org.apache.tomcat.util.threads.TaskThread$WrappingRunnable.run(TaskThread.java:61)
	at java.lang.Thread.run(Thread.java:748)
Caused by: org.apache.ibatis.exceptions.PersistenceException: 
### Error querying database.  Cause: org.springframework.jdbc.CannotGetJdbcConnectionException: Failed to obtain JDBC Connection; nested exception is java.sql.SQLTransientConnectionException: HikariPool-1 - Connection is not available, request timed out after 30038ms.
### The error may exist in com/novedu/nov/ucenter/mapper/UcenterMemberMapper.java (best guess)
### The error may involve com.novedu.nov.ucenter.mapper.UcenterMemberMapper.selectById
### The error occurred while executing a query
### Cause: org.springframework.jdbc.CannotGetJdbcConnectionException: Failed to obtain JDBC Connection; nested exception is java.sql.SQLTransientConnectionException: HikariPool-1 - Connection is not available, request timed out after 30038ms.
	at org.apache.ibatis.exceptions.ExceptionFactory.wrapException(ExceptionFactory.java:30)
	at org.apache.ibatis.session.defaults.DefaultSqlSession.selectList(DefaultSqlSession.java:149)
	at org.apache.ibatis.session.defaults.DefaultSqlSession.selectList(DefaultSqlSession.java:140)
	at org.apache.ibatis.session.defaults.DefaultSqlSession.selectOne(DefaultSqlSession.java:76)
	at sun.reflect.NativeMethodAccessorImpl.invoke0(Native Method)
	at sun.reflect.NativeMethodAccessorImpl.invoke(NativeMethodAccessorImpl.java:62)
	at sun.reflect.DelegatingMethodAccessorImpl.invoke(DelegatingMethodAccessorImpl.java:43)
	at java.lang.reflect.Method.invoke(Method.java:498)
	at org.mybatis.spring.SqlSessionTemplate$SqlSessionInterceptor.invoke(SqlSessionTemplate.java:426)
	... 88 more
Caused by: org.springframework.jdbc.CannotGetJdbcConnectionException: Failed to obtain JDBC Connection; nested exception is java.sql.SQLTransientConnectionException: HikariPool-1 - Connection is not available, request timed out after 30038ms.
	at org.springframework.jdbc.datasource.DataSourceUtils.getConnection(DataSourceUtils.java:82)
	at org.mybatis.spring.transaction.SpringManagedTransaction.openConnection(SpringManagedTransaction.java:80)
	at org.mybatis.spring.transaction.SpringManagedTransaction.getConnection(SpringManagedTransaction.java:67)
	at org.apache.ibatis.executor.BaseExecutor.getConnection(BaseExecutor.java:337)
	at com.baomidou.mybatisplus.core.executor.MybatisSimpleExecutor.prepareStatement(MybatisSimpleExecutor.java:93)
	at com.baomidou.mybatisplus.core.executor.MybatisSimpleExecutor.doQuery(MybatisSimpleExecutor.java:68)
	at org.apache.ibatis.executor.BaseExecutor.queryFromDatabase(BaseExecutor.java:325)
	at org.apache.ibatis.executor.BaseExecutor.query(BaseExecutor.java:156)
	at com.baomidou.mybatisplus.core.executor.MybatisCachingExecutor.query(MybatisCachingExecutor.java:165)
	at com.baomidou.mybatisplus.extension.plugins.MybatisPlusInterceptor.intercept(MybatisPlusInterceptor.java:65)
	at org.apache.ibatis.plugin.Plugin.invoke(Plugin.java:61)
	at com.sun.proxy.$Proxy111.query(Unknown Source)
	at org.apache.ibatis.session.defaults.DefaultSqlSession.selectList(DefaultSqlSession.java:147)
	... 95 more
Caused by: java.sql.SQLTransientConnectionException: HikariPool-1 - Connection is not available, request timed out after 30038ms.
	at com.zaxxer.hikari.pool.HikariPool.createTimeoutException(HikariPool.java:695)
	at com.zaxxer.hikari.pool.HikariPool.getConnection(HikariPool.java:197)
	at com.zaxxer.hikari.pool.HikariPool.getConnection(HikariPool.java:162)
	at com.zaxxer.hikari.HikariDataSource.getConnection(HikariDataSource.java:128)
	at org.springframework.jdbc.datasource.DataSourceUtils.fetchConnection(DataSourceUtils.java:158)
	at org.springframework.jdbc.datasource.DataSourceUtils.doGetConnection(DataSourceUtils.java:116)
	at org.springframework.jdbc.datasource.DataSourceUtils.getConnection(DataSourceUtils.java:79)
	... 107 more
Caused by: java.sql.SQLNonTransientConnectionException: No operations allowed after connection closed.
	at com.mysql.cj.jdbc.exceptions.SQLError.createSQLException(SQLError.java:110)
	at com.mysql.cj.jdbc.exceptions.SQLError.createSQLException(SQLError.java:97)
	at com.mysql.cj.jdbc.exceptions.SQLError.createSQLException(SQLError.java:89)
	at com.mysql.cj.jdbc.exceptions.SQLError.createSQLException(SQLError.java:63)
	at com.mysql.cj.jdbc.exceptions.SQLError.createSQLException(SQLError.java:73)
	at com.mysql.cj.jdbc.exceptions.SQLExceptionsMapping.translateException(SQLExceptionsMapping.java:73)
	at com.mysql.cj.jdbc.ConnectionImpl.setNetworkTimeout(ConnectionImpl.java:2480)
	at com.zaxxer.hikari.pool.PoolBase.setNetworkTimeout(PoolBase.java:560)
	at com.zaxxer.hikari.pool.PoolBase.isConnectionAlive(PoolBase.java:173)
	at com.zaxxer.hikari.pool.HikariPool.getConnection(HikariPool.java:186)
	... 112 more
Caused by: com.mysql.cj.exceptions.ConnectionIsClosedException: No operations allowed after connection closed.
	at sun.reflect.GeneratedConstructorAccessor80.newInstance(Unknown Source)
	at sun.reflect.DelegatingConstructorAccessorImpl.newInstance(DelegatingConstructorAccessorImpl.java:45)
	at java.lang.reflect.Constructor.newInstance(Constructor.java:423)
	at com.mysql.cj.exceptions.ExceptionFactory.createException(ExceptionFactory.java:61)
	at com.mysql.cj.exceptions.ExceptionFactory.createException(ExceptionFactory.java:105)
	at com.mysql.cj.exceptions.ExceptionFactory.createException(ExceptionFactory.java:151)
	at com.mysql.cj.NativeSession.checkClosed(NativeSession.java:762)
	at com.mysql.cj.jdbc.ConnectionImpl.checkClosed(ConnectionImpl.java:568)
	at com.mysql.cj.jdbc.ConnectionImpl.setNetworkTimeout(ConnectionImpl.java:2476)
	... 115 more

2022-02-11 21:10:54.828 [http-nio-8086-exec-9] ERROR com.novedu.nov.common.aspect.NovExceptionHandler -
                java.lang.ClassCastException: java.lang.String cannot be cast to java.util.Map
	at com.novedu.nov.order.service.impl.TradeOrderServiceImpl.createOrder(TradeOrderServiceImpl.java:63)
	at com.novedu.nov.order.service.impl.TradeOrderServiceImpl$$FastClassBySpringCGLIB$$807696ef.invoke(<generated>)
	at org.springframework.cglib.proxy.MethodProxy.invoke(MethodProxy.java:218)
	at org.springframework.aop.framework.CglibAopProxy$DynamicAdvisedInterceptor.intercept(CglibAopProxy.java:688)
	at com.novedu.nov.order.service.impl.TradeOrderServiceImpl$$EnhancerBySpringCGLIB$$e00b5f65.createOrder(<generated>)
	at com.novedu.nov.order.controller.TradeOrderController.createOrder(TradeOrderController.java:34)
	at com.novedu.nov.order.controller.TradeOrderController$$FastClassBySpringCGLIB$$de75239f.invoke(<generated>)
	at org.springframework.cglib.proxy.MethodProxy.invoke(MethodProxy.java:218)
	at org.springframework.aop.framework.CglibAopProxy$CglibMethodInvocation.invokeJoinpoint(CglibAopProxy.java:779)
	at org.springframework.aop.framework.ReflectiveMethodInvocation.proceed(ReflectiveMethodInvocation.java:163)
	at org.springframework.aop.framework.CglibAopProxy$CglibMethodInvocation.proceed(CglibAopProxy.java:750)
	at org.springframework.aop.aspectj.MethodInvocationProceedingJoinPoint.proceed(MethodInvocationProceedingJoinPoint.java:88)
	at com.novedu.nov.common.aspect.NovLogHandler.around(NovLogHandler.java:56)
	at sun.reflect.GeneratedMethodAccessor163.invoke(Unknown Source)
	at sun.reflect.DelegatingMethodAccessorImpl.invoke(DelegatingMethodAccessorImpl.java:43)
	at java.lang.reflect.Method.invoke(Method.java:498)
	at org.springframework.aop.aspectj.AbstractAspectJAdvice.invokeAdviceMethodWithGivenArgs(AbstractAspectJAdvice.java:644)
	at org.springframework.aop.aspectj.AbstractAspectJAdvice.invokeAdviceMethod(AbstractAspectJAdvice.java:633)
	at org.springframework.aop.aspectj.AspectJAroundAdvice.invoke(AspectJAroundAdvice.java:70)
	at org.springframework.aop.framework.ReflectiveMethodInvocation.proceed(ReflectiveMethodInvocation.java:186)
	at org.springframework.aop.framework.CglibAopProxy$CglibMethodInvocation.proceed(CglibAopProxy.java:750)
	at org.springframework.aop.interceptor.ExposeInvocationInterceptor.invoke(ExposeInvocationInterceptor.java:95)
	at org.springframework.aop.framework.ReflectiveMethodInvocation.proceed(ReflectiveMethodInvocation.java:186)
	at org.springframework.aop.framework.CglibAopProxy$CglibMethodInvocation.proceed(CglibAopProxy.java:750)
	at org.springframework.aop.framework.CglibAopProxy$DynamicAdvisedInterceptor.intercept(CglibAopProxy.java:692)
	at com.novedu.nov.order.controller.TradeOrderController$$EnhancerBySpringCGLIB$$b7ff92ef.createOrder(<generated>)
	at sun.reflect.NativeMethodAccessorImpl.invoke0(Native Method)
	at sun.reflect.NativeMethodAccessorImpl.invoke(NativeMethodAccessorImpl.java:62)
	at sun.reflect.DelegatingMethodAccessorImpl.invoke(DelegatingMethodAccessorImpl.java:43)
	at java.lang.reflect.Method.invoke(Method.java:498)
	at org.springframework.web.method.support.InvocableHandlerMethod.doInvoke(InvocableHandlerMethod.java:190)
	at org.springframework.web.method.support.InvocableHandlerMethod.invokeForRequest(InvocableHandlerMethod.java:138)
	at org.springframework.web.servlet.mvc.method.annotation.ServletInvocableHandlerMethod.invokeAndHandle(ServletInvocableHandlerMethod.java:105)
	at org.springframework.web.servlet.mvc.method.annotation.RequestMappingHandlerAdapter.invokeHandlerMethod(RequestMappingHandlerAdapter.java:878)
	at org.springframework.web.servlet.mvc.method.annotation.RequestMappingHandlerAdapter.handleInternal(RequestMappingHandlerAdapter.java:792)
	at org.springframework.web.servlet.mvc.method.AbstractHandlerMethodAdapter.handle(AbstractHandlerMethodAdapter.java:87)
	at org.springframework.web.servlet.DispatcherServlet.doDispatch(DispatcherServlet.java:1040)
	at org.springframework.web.servlet.DispatcherServlet.doService(DispatcherServlet.java:943)
	at org.springframework.web.servlet.FrameworkServlet.processRequest(FrameworkServlet.java:1006)
	at org.springframework.web.servlet.FrameworkServlet.doPost(FrameworkServlet.java:909)
	at javax.servlet.http.HttpServlet.service(HttpServlet.java:652)
	at org.springframework.web.servlet.FrameworkServlet.service(FrameworkServlet.java:883)
	at javax.servlet.http.HttpServlet.service(HttpServlet.java:733)
	at org.apache.catalina.core.ApplicationFilterChain.internalDoFilter(ApplicationFilterChain.java:227)
	at org.apache.catalina.core.ApplicationFilterChain.doFilter(ApplicationFilterChain.java:162)
	at org.apache.tomcat.websocket.server.WsFilter.doFilter(WsFilter.java:53)
	at org.apache.catalina.core.ApplicationFilterChain.internalDoFilter(ApplicationFilterChain.java:189)
	at org.apache.catalina.core.ApplicationFilterChain.doFilter(ApplicationFilterChain.java:162)
	at org.springframework.web.filter.CorsFilter.doFilterInternal(CorsFilter.java:92)
	at org.springframework.web.filter.OncePerRequestFilter.doFilter(OncePerRequestFilter.java:119)
	at org.apache.catalina.core.ApplicationFilterChain.internalDoFilter(ApplicationFilterChain.java:189)
	at org.apache.catalina.core.ApplicationFilterChain.doFilter(ApplicationFilterChain.java:162)
	at org.springframework.web.filter.RequestContextFilter.doFilterInternal(RequestContextFilter.java:100)
	at org.springframework.web.filter.OncePerRequestFilter.doFilter(OncePerRequestFilter.java:119)
	at org.apache.catalina.core.ApplicationFilterChain.internalDoFilter(ApplicationFilterChain.java:189)
	at org.apache.catalina.core.ApplicationFilterChain.doFilter(ApplicationFilterChain.java:162)
	at org.springframework.web.filter.FormContentFilter.doFilterInternal(FormContentFilter.java:93)
	at org.springframework.web.filter.OncePerRequestFilter.doFilter(OncePerRequestFilter.java:119)
	at org.apache.catalina.core.ApplicationFilterChain.internalDoFilter(ApplicationFilterChain.java:189)
	at org.apache.catalina.core.ApplicationFilterChain.doFilter(ApplicationFilterChain.java:162)
	at org.springframework.web.filter.CharacterEncodingFilter.doFilterInternal(CharacterEncodingFilter.java:201)
	at org.springframework.web.filter.OncePerRequestFilter.doFilter(OncePerRequestFilter.java:119)
	at org.apache.catalina.core.ApplicationFilterChain.internalDoFilter(ApplicationFilterChain.java:189)
	at org.apache.catalina.core.ApplicationFilterChain.doFilter(ApplicationFilterChain.java:162)
	at org.apache.catalina.core.StandardWrapperValve.invoke(StandardWrapperValve.java:202)
	at org.apache.catalina.core.StandardContextValve.invoke(StandardContextValve.java:97)
	at org.apache.catalina.authenticator.AuthenticatorBase.invoke(AuthenticatorBase.java:542)
	at org.apache.catalina.core.StandardHostValve.invoke(StandardHostValve.java:143)
	at org.apache.catalina.valves.ErrorReportValve.invoke(ErrorReportValve.java:92)
	at org.apache.catalina.core.StandardEngineValve.invoke(StandardEngineValve.java:78)
	at org.apache.catalina.connector.CoyoteAdapter.service(CoyoteAdapter.java:357)
	at org.apache.coyote.http11.Http11Processor.service(Http11Processor.java:374)
	at org.apache.coyote.AbstractProcessorLight.process(AbstractProcessorLight.java:65)
	at org.apache.coyote.AbstractProtocol$ConnectionHandler.process(AbstractProtocol.java:893)
	at org.apache.tomcat.util.net.NioEndpoint$SocketProcessor.doRun(NioEndpoint.java:1707)
	at org.apache.tomcat.util.net.SocketProcessorBase.run(SocketProcessorBase.java:49)
	at java.util.concurrent.ThreadPoolExecutor.runWorker(ThreadPoolExecutor.java:1149)
	at java.util.concurrent.ThreadPoolExecutor$Worker.run(ThreadPoolExecutor.java:624)
	at org.apache.tomcat.util.threads.TaskThread$WrappingRunnable.run(TaskThread.java:61)
	at java.lang.Thread.run(Thread.java:748)

2022-02-11 21:11:47.676 [http-nio-8085-exec-3] ERROR com.novedu.nov.common.aspect.NovExceptionHandler -
                org.mybatis.spring.MyBatisSystemException: nested exception is org.apache.ibatis.exceptions.PersistenceException: 
### Error querying database.  Cause: org.springframework.jdbc.CannotGetJdbcConnectionException: Failed to obtain JDBC Connection; nested exception is java.sql.SQLTransientConnectionException: HikariPool-1 - Connection is not available, request timed out after 30050ms.
### The error may exist in com/novedu/nov/ucenter/mapper/UcenterMemberMapper.java (best guess)
### The error may involve com.novedu.nov.ucenter.mapper.UcenterMemberMapper.selectById
### The error occurred while executing a query
### Cause: org.springframework.jdbc.CannotGetJdbcConnectionException: Failed to obtain JDBC Connection; nested exception is java.sql.SQLTransientConnectionException: HikariPool-1 - Connection is not available, request timed out after 30050ms.
	at org.mybatis.spring.MyBatisExceptionTranslator.translateExceptionIfPossible(MyBatisExceptionTranslator.java:92)
	at org.mybatis.spring.SqlSessionTemplate$SqlSessionInterceptor.invoke(SqlSessionTemplate.java:440)
	at com.sun.proxy.$Proxy98.selectOne(Unknown Source)
	at org.mybatis.spring.SqlSessionTemplate.selectOne(SqlSessionTemplate.java:159)
	at com.baomidou.mybatisplus.core.override.MybatisMapperMethod.execute(MybatisMapperMethod.java:90)
	at com.baomidou.mybatisplus.core.override.MybatisMapperProxy$PlainMethodInvoker.invoke(MybatisMapperProxy.java:148)
	at com.baomidou.mybatisplus.core.override.MybatisMapperProxy.invoke(MybatisMapperProxy.java:89)
	at com.sun.proxy.$Proxy105.selectById(Unknown Source)
	at com.baomidou.mybatisplus.extension.service.IService.getById(IService.java:201)
	at com.novedu.nov.ucenter.service.impl.UcenterMemberServiceImpl.getMemberInfo(UcenterMemberServiceImpl.java:64)
	at com.novedu.nov.ucenter.service.impl.UcenterMemberServiceImpl$$FastClassBySpringCGLIB$$29ead0e9.invoke(<generated>)
	at org.springframework.cglib.proxy.MethodProxy.invoke(MethodProxy.java:218)
	at org.springframework.aop.framework.CglibAopProxy$DynamicAdvisedInterceptor.intercept(CglibAopProxy.java:688)
	at com.novedu.nov.ucenter.service.impl.UcenterMemberServiceImpl$$EnhancerBySpringCGLIB$$ceb61de5.getMemberInfo(<generated>)
	at com.novedu.nov.ucenter.controller.UcenterMemberController.getMemberInfo(UcenterMemberController.java:43)
	at com.novedu.nov.ucenter.controller.UcenterMemberController$$FastClassBySpringCGLIB$$b7db36cb.invoke(<generated>)
	at org.springframework.cglib.proxy.MethodProxy.invoke(MethodProxy.java:218)
	at org.springframework.aop.framework.CglibAopProxy$CglibMethodInvocation.invokeJoinpoint(CglibAopProxy.java:779)
	at org.springframework.aop.framework.ReflectiveMethodInvocation.proceed(ReflectiveMethodInvocation.java:163)
	at org.springframework.aop.framework.CglibAopProxy$CglibMethodInvocation.proceed(CglibAopProxy.java:750)
	at org.springframework.aop.aspectj.MethodInvocationProceedingJoinPoint.proceed(MethodInvocationProceedingJoinPoint.java:88)
	at com.novedu.nov.common.aspect.NovLogHandler.around(NovLogHandler.java:56)
	at sun.reflect.NativeMethodAccessorImpl.invoke0(Native Method)
	at sun.reflect.NativeMethodAccessorImpl.invoke(NativeMethodAccessorImpl.java:62)
	at sun.reflect.DelegatingMethodAccessorImpl.invoke(DelegatingMethodAccessorImpl.java:43)
	at java.lang.reflect.Method.invoke(Method.java:498)
	at org.springframework.aop.aspectj.AbstractAspectJAdvice.invokeAdviceMethodWithGivenArgs(AbstractAspectJAdvice.java:644)
	at org.springframework.aop.aspectj.AbstractAspectJAdvice.invokeAdviceMethod(AbstractAspectJAdvice.java:633)
	at org.springframework.aop.aspectj.AspectJAroundAdvice.invoke(AspectJAroundAdvice.java:70)
	at org.springframework.aop.framework.ReflectiveMethodInvocation.proceed(ReflectiveMethodInvocation.java:186)
	at org.springframework.aop.framework.CglibAopProxy$CglibMethodInvocation.proceed(CglibAopProxy.java:750)
	at org.springframework.aop.interceptor.ExposeInvocationInterceptor.invoke(ExposeInvocationInterceptor.java:95)
	at org.springframework.aop.framework.ReflectiveMethodInvocation.proceed(ReflectiveMethodInvocation.java:186)
	at org.springframework.aop.framework.CglibAopProxy$CglibMethodInvocation.proceed(CglibAopProxy.java:750)
	at org.springframework.aop.framework.CglibAopProxy$DynamicAdvisedInterceptor.intercept(CglibAopProxy.java:692)
	at com.novedu.nov.ucenter.controller.UcenterMemberController$$EnhancerBySpringCGLIB$$d6f439b2.getMemberInfo(<generated>)
	at sun.reflect.NativeMethodAccessorImpl.invoke0(Native Method)
	at sun.reflect.NativeMethodAccessorImpl.invoke(NativeMethodAccessorImpl.java:62)
	at sun.reflect.DelegatingMethodAccessorImpl.invoke(DelegatingMethodAccessorImpl.java:43)
	at java.lang.reflect.Method.invoke(Method.java:498)
	at org.springframework.web.method.support.InvocableHandlerMethod.doInvoke(InvocableHandlerMethod.java:190)
	at org.springframework.web.method.support.InvocableHandlerMethod.invokeForRequest(InvocableHandlerMethod.java:138)
	at org.springframework.web.servlet.mvc.method.annotation.ServletInvocableHandlerMethod.invokeAndHandle(ServletInvocableHandlerMethod.java:105)
	at org.springframework.web.servlet.mvc.method.annotation.RequestMappingHandlerAdapter.invokeHandlerMethod(RequestMappingHandlerAdapter.java:878)
	at org.springframework.web.servlet.mvc.method.annotation.RequestMappingHandlerAdapter.handleInternal(RequestMappingHandlerAdapter.java:792)
	at org.springframework.web.servlet.mvc.method.AbstractHandlerMethodAdapter.handle(AbstractHandlerMethodAdapter.java:87)
	at org.springframework.web.servlet.DispatcherServlet.doDispatch(DispatcherServlet.java:1040)
	at org.springframework.web.servlet.DispatcherServlet.doService(DispatcherServlet.java:943)
	at org.springframework.web.servlet.FrameworkServlet.processRequest(FrameworkServlet.java:1006)
	at org.springframework.web.servlet.FrameworkServlet.doPost(FrameworkServlet.java:909)
	at javax.servlet.http.HttpServlet.service(HttpServlet.java:652)
	at org.springframework.web.servlet.FrameworkServlet.service(FrameworkServlet.java:883)
	at javax.servlet.http.HttpServlet.service(HttpServlet.java:733)
	at org.apache.catalina.core.ApplicationFilterChain.internalDoFilter(ApplicationFilterChain.java:227)
	at org.apache.catalina.core.ApplicationFilterChain.doFilter(ApplicationFilterChain.java:162)
	at org.apache.tomcat.websocket.server.WsFilter.doFilter(WsFilter.java:53)
	at org.apache.catalina.core.ApplicationFilterChain.internalDoFilter(ApplicationFilterChain.java:189)
	at org.apache.catalina.core.ApplicationFilterChain.doFilter(ApplicationFilterChain.java:162)
	at org.springframework.web.filter.CorsFilter.doFilterInternal(CorsFilter.java:92)
	at org.springframework.web.filter.OncePerRequestFilter.doFilter(OncePerRequestFilter.java:119)
	at org.apache.catalina.core.ApplicationFilterChain.internalDoFilter(ApplicationFilterChain.java:189)
	at org.apache.catalina.core.ApplicationFilterChain.doFilter(ApplicationFilterChain.java:162)
	at org.springframework.web.filter.RequestContextFilter.doFilterInternal(RequestContextFilter.java:100)
	at org.springframework.web.filter.OncePerRequestFilter.doFilter(OncePerRequestFilter.java:119)
	at org.apache.catalina.core.ApplicationFilterChain.internalDoFilter(ApplicationFilterChain.java:189)
	at org.apache.catalina.core.ApplicationFilterChain.doFilter(ApplicationFilterChain.java:162)
	at org.springframework.web.filter.FormContentFilter.doFilterInternal(FormContentFilter.java:93)
	at org.springframework.web.filter.OncePerRequestFilter.doFilter(OncePerRequestFilter.java:119)
	at org.apache.catalina.core.ApplicationFilterChain.internalDoFilter(ApplicationFilterChain.java:189)
	at org.apache.catalina.core.ApplicationFilterChain.doFilter(ApplicationFilterChain.java:162)
	at org.springframework.web.filter.CharacterEncodingFilter.doFilterInternal(CharacterEncodingFilter.java:201)
	at org.springframework.web.filter.OncePerRequestFilter.doFilter(OncePerRequestFilter.java:119)
	at org.apache.catalina.core.ApplicationFilterChain.internalDoFilter(ApplicationFilterChain.java:189)
	at org.apache.catalina.core.ApplicationFilterChain.doFilter(ApplicationFilterChain.java:162)
	at org.apache.catalina.core.StandardWrapperValve.invoke(StandardWrapperValve.java:202)
	at org.apache.catalina.core.StandardContextValve.invoke(StandardContextValve.java:97)
	at org.apache.catalina.authenticator.AuthenticatorBase.invoke(AuthenticatorBase.java:542)
	at org.apache.catalina.core.StandardHostValve.invoke(StandardHostValve.java:143)
	at org.apache.catalina.valves.ErrorReportValve.invoke(ErrorReportValve.java:92)
	at org.apache.catalina.core.StandardEngineValve.invoke(StandardEngineValve.java:78)
	at org.apache.catalina.connector.CoyoteAdapter.service(CoyoteAdapter.java:357)
	at org.apache.coyote.http11.Http11Processor.service(Http11Processor.java:374)
	at org.apache.coyote.AbstractProcessorLight.process(AbstractProcessorLight.java:65)
	at org.apache.coyote.AbstractProtocol$ConnectionHandler.process(AbstractProtocol.java:893)
	at org.apache.tomcat.util.net.NioEndpoint$SocketProcessor.doRun(NioEndpoint.java:1707)
	at org.apache.tomcat.util.net.SocketProcessorBase.run(SocketProcessorBase.java:49)
	at java.util.concurrent.ThreadPoolExecutor.runWorker(ThreadPoolExecutor.java:1149)
	at java.util.concurrent.ThreadPoolExecutor$Worker.run(ThreadPoolExecutor.java:624)
	at org.apache.tomcat.util.threads.TaskThread$WrappingRunnable.run(TaskThread.java:61)
	at java.lang.Thread.run(Thread.java:748)
Caused by: org.apache.ibatis.exceptions.PersistenceException: 
### Error querying database.  Cause: org.springframework.jdbc.CannotGetJdbcConnectionException: Failed to obtain JDBC Connection; nested exception is java.sql.SQLTransientConnectionException: HikariPool-1 - Connection is not available, request timed out after 30050ms.
### The error may exist in com/novedu/nov/ucenter/mapper/UcenterMemberMapper.java (best guess)
### The error may involve com.novedu.nov.ucenter.mapper.UcenterMemberMapper.selectById
### The error occurred while executing a query
### Cause: org.springframework.jdbc.CannotGetJdbcConnectionException: Failed to obtain JDBC Connection; nested exception is java.sql.SQLTransientConnectionException: HikariPool-1 - Connection is not available, request timed out after 30050ms.
	at org.apache.ibatis.exceptions.ExceptionFactory.wrapException(ExceptionFactory.java:30)
	at org.apache.ibatis.session.defaults.DefaultSqlSession.selectList(DefaultSqlSession.java:149)
	at org.apache.ibatis.session.defaults.DefaultSqlSession.selectList(DefaultSqlSession.java:140)
	at org.apache.ibatis.session.defaults.DefaultSqlSession.selectOne(DefaultSqlSession.java:76)
	at sun.reflect.NativeMethodAccessorImpl.invoke0(Native Method)
	at sun.reflect.NativeMethodAccessorImpl.invoke(NativeMethodAccessorImpl.java:62)
	at sun.reflect.DelegatingMethodAccessorImpl.invoke(DelegatingMethodAccessorImpl.java:43)
	at java.lang.reflect.Method.invoke(Method.java:498)
	at org.mybatis.spring.SqlSessionTemplate$SqlSessionInterceptor.invoke(SqlSessionTemplate.java:426)
	... 88 more
Caused by: org.springframework.jdbc.CannotGetJdbcConnectionException: Failed to obtain JDBC Connection; nested exception is java.sql.SQLTransientConnectionException: HikariPool-1 - Connection is not available, request timed out after 30050ms.
	at org.springframework.jdbc.datasource.DataSourceUtils.getConnection(DataSourceUtils.java:82)
	at org.mybatis.spring.transaction.SpringManagedTransaction.openConnection(SpringManagedTransaction.java:80)
	at org.mybatis.spring.transaction.SpringManagedTransaction.getConnection(SpringManagedTransaction.java:67)
	at org.apache.ibatis.executor.BaseExecutor.getConnection(BaseExecutor.java:337)
	at com.baomidou.mybatisplus.core.executor.MybatisSimpleExecutor.prepareStatement(MybatisSimpleExecutor.java:93)
	at com.baomidou.mybatisplus.core.executor.MybatisSimpleExecutor.doQuery(MybatisSimpleExecutor.java:68)
	at org.apache.ibatis.executor.BaseExecutor.queryFromDatabase(BaseExecutor.java:325)
	at org.apache.ibatis.executor.BaseExecutor.query(BaseExecutor.java:156)
	at com.baomidou.mybatisplus.core.executor.MybatisCachingExecutor.query(MybatisCachingExecutor.java:165)
	at com.baomidou.mybatisplus.extension.plugins.MybatisPlusInterceptor.intercept(MybatisPlusInterceptor.java:65)
	at org.apache.ibatis.plugin.Plugin.invoke(Plugin.java:61)
	at com.sun.proxy.$Proxy111.query(Unknown Source)
	at org.apache.ibatis.session.defaults.DefaultSqlSession.selectList(DefaultSqlSession.java:147)
	... 95 more
Caused by: java.sql.SQLTransientConnectionException: HikariPool-1 - Connection is not available, request timed out after 30050ms.
	at com.zaxxer.hikari.pool.HikariPool.createTimeoutException(HikariPool.java:695)
	at com.zaxxer.hikari.pool.HikariPool.getConnection(HikariPool.java:197)
	at com.zaxxer.hikari.pool.HikariPool.getConnection(HikariPool.java:162)
	at com.zaxxer.hikari.HikariDataSource.getConnection(HikariDataSource.java:128)
	at org.springframework.jdbc.datasource.DataSourceUtils.fetchConnection(DataSourceUtils.java:158)
	at org.springframework.jdbc.datasource.DataSourceUtils.doGetConnection(DataSourceUtils.java:116)
	at org.springframework.jdbc.datasource.DataSourceUtils.getConnection(DataSourceUtils.java:79)
	... 107 more
Caused by: java.sql.SQLNonTransientConnectionException: No operations allowed after connection closed.
	at com.mysql.cj.jdbc.exceptions.SQLError.createSQLException(SQLError.java:110)
	at com.mysql.cj.jdbc.exceptions.SQLError.createSQLException(SQLError.java:97)
	at com.mysql.cj.jdbc.exceptions.SQLError.createSQLException(SQLError.java:89)
	at com.mysql.cj.jdbc.exceptions.SQLError.createSQLException(SQLError.java:63)
	at com.mysql.cj.jdbc.exceptions.SQLError.createSQLException(SQLError.java:73)
	at com.mysql.cj.jdbc.exceptions.SQLExceptionsMapping.translateException(SQLExceptionsMapping.java:73)
	at com.mysql.cj.jdbc.ConnectionImpl.setNetworkTimeout(ConnectionImpl.java:2480)
	at com.zaxxer.hikari.pool.PoolBase.setNetworkTimeout(PoolBase.java:560)
	at com.zaxxer.hikari.pool.PoolBase.isConnectionAlive(PoolBase.java:173)
	at com.zaxxer.hikari.pool.HikariPool.getConnection(HikariPool.java:186)
	... 112 more
Caused by: com.mysql.cj.exceptions.ConnectionIsClosedException: No operations allowed after connection closed.
	at sun.reflect.GeneratedConstructorAccessor80.newInstance(Unknown Source)
	at sun.reflect.DelegatingConstructorAccessorImpl.newInstance(DelegatingConstructorAccessorImpl.java:45)
	at java.lang.reflect.Constructor.newInstance(Constructor.java:423)
	at com.mysql.cj.exceptions.ExceptionFactory.createException(ExceptionFactory.java:61)
	at com.mysql.cj.exceptions.ExceptionFactory.createException(ExceptionFactory.java:105)
	at com.mysql.cj.exceptions.ExceptionFactory.createException(ExceptionFactory.java:151)
	at com.mysql.cj.NativeSession.checkClosed(NativeSession.java:762)
	at com.mysql.cj.jdbc.ConnectionImpl.checkClosed(ConnectionImpl.java:568)
	at com.mysql.cj.jdbc.ConnectionImpl.setNetworkTimeout(ConnectionImpl.java:2476)
	... 115 more

2022-02-11 21:14:53.794 [http-nio-8086-exec-2] ERROR com.novedu.nov.common.aspect.NovExceptionHandler -
                java.lang.ClassCastException: java.lang.String cannot be cast to java.util.Map
	at com.novedu.nov.order.service.impl.TradeOrderServiceImpl.createOrder(TradeOrderServiceImpl.java:63)
	at com.novedu.nov.order.service.impl.TradeOrderServiceImpl$$FastClassBySpringCGLIB$$807696ef.invoke(<generated>)
	at org.springframework.cglib.proxy.MethodProxy.invoke(MethodProxy.java:218)
	at org.springframework.aop.framework.CglibAopProxy$DynamicAdvisedInterceptor.intercept(CglibAopProxy.java:688)
	at com.novedu.nov.order.service.impl.TradeOrderServiceImpl$$EnhancerBySpringCGLIB$$e00b5f65.createOrder(<generated>)
	at com.novedu.nov.order.controller.TradeOrderController.createOrder(TradeOrderController.java:34)
	at com.novedu.nov.order.controller.TradeOrderController$$FastClassBySpringCGLIB$$de75239f.invoke(<generated>)
	at org.springframework.cglib.proxy.MethodProxy.invoke(MethodProxy.java:218)
	at org.springframework.aop.framework.CglibAopProxy$CglibMethodInvocation.invokeJoinpoint(CglibAopProxy.java:779)
	at org.springframework.aop.framework.ReflectiveMethodInvocation.proceed(ReflectiveMethodInvocation.java:163)
	at org.springframework.aop.framework.CglibAopProxy$CglibMethodInvocation.proceed(CglibAopProxy.java:750)
	at org.springframework.aop.aspectj.MethodInvocationProceedingJoinPoint.proceed(MethodInvocationProceedingJoinPoint.java:88)
	at com.novedu.nov.common.aspect.NovLogHandler.around(NovLogHandler.java:56)
	at sun.reflect.GeneratedMethodAccessor163.invoke(Unknown Source)
	at sun.reflect.DelegatingMethodAccessorImpl.invoke(DelegatingMethodAccessorImpl.java:43)
	at java.lang.reflect.Method.invoke(Method.java:498)
	at org.springframework.aop.aspectj.AbstractAspectJAdvice.invokeAdviceMethodWithGivenArgs(AbstractAspectJAdvice.java:644)
	at org.springframework.aop.aspectj.AbstractAspectJAdvice.invokeAdviceMethod(AbstractAspectJAdvice.java:633)
	at org.springframework.aop.aspectj.AspectJAroundAdvice.invoke(AspectJAroundAdvice.java:70)
	at org.springframework.aop.framework.ReflectiveMethodInvocation.proceed(ReflectiveMethodInvocation.java:186)
	at org.springframework.aop.framework.CglibAopProxy$CglibMethodInvocation.proceed(CglibAopProxy.java:750)
	at org.springframework.aop.interceptor.ExposeInvocationInterceptor.invoke(ExposeInvocationInterceptor.java:95)
	at org.springframework.aop.framework.ReflectiveMethodInvocation.proceed(ReflectiveMethodInvocation.java:186)
	at org.springframework.aop.framework.CglibAopProxy$CglibMethodInvocation.proceed(CglibAopProxy.java:750)
	at org.springframework.aop.framework.CglibAopProxy$DynamicAdvisedInterceptor.intercept(CglibAopProxy.java:692)
	at com.novedu.nov.order.controller.TradeOrderController$$EnhancerBySpringCGLIB$$b7ff92ef.createOrder(<generated>)
	at sun.reflect.NativeMethodAccessorImpl.invoke0(Native Method)
	at sun.reflect.NativeMethodAccessorImpl.invoke(NativeMethodAccessorImpl.java:62)
	at sun.reflect.DelegatingMethodAccessorImpl.invoke(DelegatingMethodAccessorImpl.java:43)
	at java.lang.reflect.Method.invoke(Method.java:498)
	at org.springframework.web.method.support.InvocableHandlerMethod.doInvoke(InvocableHandlerMethod.java:190)
	at org.springframework.web.method.support.InvocableHandlerMethod.invokeForRequest(InvocableHandlerMethod.java:138)
	at org.springframework.web.servlet.mvc.method.annotation.ServletInvocableHandlerMethod.invokeAndHandle(ServletInvocableHandlerMethod.java:105)
	at org.springframework.web.servlet.mvc.method.annotation.RequestMappingHandlerAdapter.invokeHandlerMethod(RequestMappingHandlerAdapter.java:878)
	at org.springframework.web.servlet.mvc.method.annotation.RequestMappingHandlerAdapter.handleInternal(RequestMappingHandlerAdapter.java:792)
	at org.springframework.web.servlet.mvc.method.AbstractHandlerMethodAdapter.handle(AbstractHandlerMethodAdapter.java:87)
	at org.springframework.web.servlet.DispatcherServlet.doDispatch(DispatcherServlet.java:1040)
	at org.springframework.web.servlet.DispatcherServlet.doService(DispatcherServlet.java:943)
	at org.springframework.web.servlet.FrameworkServlet.processRequest(FrameworkServlet.java:1006)
	at org.springframework.web.servlet.FrameworkServlet.doPost(FrameworkServlet.java:909)
	at javax.servlet.http.HttpServlet.service(HttpServlet.java:652)
	at org.springframework.web.servlet.FrameworkServlet.service(FrameworkServlet.java:883)
	at javax.servlet.http.HttpServlet.service(HttpServlet.java:733)
	at org.apache.catalina.core.ApplicationFilterChain.internalDoFilter(ApplicationFilterChain.java:227)
	at org.apache.catalina.core.ApplicationFilterChain.doFilter(ApplicationFilterChain.java:162)
	at org.apache.tomcat.websocket.server.WsFilter.doFilter(WsFilter.java:53)
	at org.apache.catalina.core.ApplicationFilterChain.internalDoFilter(ApplicationFilterChain.java:189)
	at org.apache.catalina.core.ApplicationFilterChain.doFilter(ApplicationFilterChain.java:162)
	at org.springframework.web.filter.CorsFilter.doFilterInternal(CorsFilter.java:92)
	at org.springframework.web.filter.OncePerRequestFilter.doFilter(OncePerRequestFilter.java:119)
	at org.apache.catalina.core.ApplicationFilterChain.internalDoFilter(ApplicationFilterChain.java:189)
	at org.apache.catalina.core.ApplicationFilterChain.doFilter(ApplicationFilterChain.java:162)
	at org.springframework.web.filter.RequestContextFilter.doFilterInternal(RequestContextFilter.java:100)
	at org.springframework.web.filter.OncePerRequestFilter.doFilter(OncePerRequestFilter.java:119)
	at org.apache.catalina.core.ApplicationFilterChain.internalDoFilter(ApplicationFilterChain.java:189)
	at org.apache.catalina.core.ApplicationFilterChain.doFilter(ApplicationFilterChain.java:162)
	at org.springframework.web.filter.FormContentFilter.doFilterInternal(FormContentFilter.java:93)
	at org.springframework.web.filter.OncePerRequestFilter.doFilter(OncePerRequestFilter.java:119)
	at org.apache.catalina.core.ApplicationFilterChain.internalDoFilter(ApplicationFilterChain.java:189)
	at org.apache.catalina.core.ApplicationFilterChain.doFilter(ApplicationFilterChain.java:162)
	at org.springframework.web.filter.CharacterEncodingFilter.doFilterInternal(CharacterEncodingFilter.java:201)
	at org.springframework.web.filter.OncePerRequestFilter.doFilter(OncePerRequestFilter.java:119)
	at org.apache.catalina.core.ApplicationFilterChain.internalDoFilter(ApplicationFilterChain.java:189)
	at org.apache.catalina.core.ApplicationFilterChain.doFilter(ApplicationFilterChain.java:162)
	at org.apache.catalina.core.StandardWrapperValve.invoke(StandardWrapperValve.java:202)
	at org.apache.catalina.core.StandardContextValve.invoke(StandardContextValve.java:97)
	at org.apache.catalina.authenticator.AuthenticatorBase.invoke(AuthenticatorBase.java:542)
	at org.apache.catalina.core.StandardHostValve.invoke(StandardHostValve.java:143)
	at org.apache.catalina.valves.ErrorReportValve.invoke(ErrorReportValve.java:92)
	at org.apache.catalina.core.StandardEngineValve.invoke(StandardEngineValve.java:78)
	at org.apache.catalina.connector.CoyoteAdapter.service(CoyoteAdapter.java:357)
	at org.apache.coyote.http11.Http11Processor.service(Http11Processor.java:374)
	at org.apache.coyote.AbstractProcessorLight.process(AbstractProcessorLight.java:65)
	at org.apache.coyote.AbstractProtocol$ConnectionHandler.process(AbstractProtocol.java:893)
	at org.apache.tomcat.util.net.NioEndpoint$SocketProcessor.doRun(NioEndpoint.java:1707)
	at org.apache.tomcat.util.net.SocketProcessorBase.run(SocketProcessorBase.java:49)
	at java.util.concurrent.ThreadPoolExecutor.runWorker(ThreadPoolExecutor.java:1149)
	at java.util.concurrent.ThreadPoolExecutor$Worker.run(ThreadPoolExecutor.java:624)
	at org.apache.tomcat.util.threads.TaskThread$WrappingRunnable.run(TaskThread.java:61)
	at java.lang.Thread.run(Thread.java:748)

2022-02-11 21:14:53.821 [http-nio-8086-exec-2] ERROR org.apache.catalina.core.ContainerBase.[Tomcat].[localhost].[/].[dispatcherServlet] -
                Servlet.service() for servlet [dispatcherServlet] in context with path [] threw exception [Request processing failed; nested exception is java.lang.ClassCastException: java.lang.String cannot be cast to java.util.Map] with root cause
java.lang.ClassCastException: java.lang.String cannot be cast to java.util.Map
	at com.novedu.nov.order.service.impl.TradeOrderServiceImpl.createOrder(TradeOrderServiceImpl.java:63)
	at com.novedu.nov.order.service.impl.TradeOrderServiceImpl$$FastClassBySpringCGLIB$$807696ef.invoke(<generated>)
	at org.springframework.cglib.proxy.MethodProxy.invoke(MethodProxy.java:218)
	at org.springframework.aop.framework.CglibAopProxy$DynamicAdvisedInterceptor.intercept(CglibAopProxy.java:688)
	at com.novedu.nov.order.service.impl.TradeOrderServiceImpl$$EnhancerBySpringCGLIB$$e00b5f65.createOrder(<generated>)
	at com.novedu.nov.order.controller.TradeOrderController.createOrder(TradeOrderController.java:34)
	at com.novedu.nov.order.controller.TradeOrderController$$FastClassBySpringCGLIB$$de75239f.invoke(<generated>)
	at org.springframework.cglib.proxy.MethodProxy.invoke(MethodProxy.java:218)
	at org.springframework.aop.framework.CglibAopProxy$CglibMethodInvocation.invokeJoinpoint(CglibAopProxy.java:779)
	at org.springframework.aop.framework.ReflectiveMethodInvocation.proceed(ReflectiveMethodInvocation.java:163)
	at org.springframework.aop.framework.CglibAopProxy$CglibMethodInvocation.proceed(CglibAopProxy.java:750)
	at org.springframework.aop.aspectj.MethodInvocationProceedingJoinPoint.proceed(MethodInvocationProceedingJoinPoint.java:88)
	at com.novedu.nov.common.aspect.NovLogHandler.around(NovLogHandler.java:56)
	at sun.reflect.GeneratedMethodAccessor163.invoke(Unknown Source)
	at sun.reflect.DelegatingMethodAccessorImpl.invoke(DelegatingMethodAccessorImpl.java:43)
	at java.lang.reflect.Method.invoke(Method.java:498)
	at org.springframework.aop.aspectj.AbstractAspectJAdvice.invokeAdviceMethodWithGivenArgs(AbstractAspectJAdvice.java:644)
	at org.springframework.aop.aspectj.AbstractAspectJAdvice.invokeAdviceMethod(AbstractAspectJAdvice.java:633)
	at org.springframework.aop.aspectj.AspectJAroundAdvice.invoke(AspectJAroundAdvice.java:70)
	at org.springframework.aop.framework.ReflectiveMethodInvocation.proceed(ReflectiveMethodInvocation.java:186)
	at org.springframework.aop.framework.CglibAopProxy$CglibMethodInvocation.proceed(CglibAopProxy.java:750)
	at org.springframework.aop.interceptor.ExposeInvocationInterceptor.invoke(ExposeInvocationInterceptor.java:95)
	at org.springframework.aop.framework.ReflectiveMethodInvocation.proceed(ReflectiveMethodInvocation.java:186)
	at org.springframework.aop.framework.CglibAopProxy$CglibMethodInvocation.proceed(CglibAopProxy.java:750)
	at org.springframework.aop.framework.CglibAopProxy$DynamicAdvisedInterceptor.intercept(CglibAopProxy.java:692)
	at com.novedu.nov.order.controller.TradeOrderController$$EnhancerBySpringCGLIB$$b7ff92ef.createOrder(<generated>)
	at sun.reflect.NativeMethodAccessorImpl.invoke0(Native Method)
	at sun.reflect.NativeMethodAccessorImpl.invoke(NativeMethodAccessorImpl.java:62)
	at sun.reflect.DelegatingMethodAccessorImpl.invoke(DelegatingMethodAccessorImpl.java:43)
	at java.lang.reflect.Method.invoke(Method.java:498)
	at org.springframework.web.method.support.InvocableHandlerMethod.doInvoke(InvocableHandlerMethod.java:190)
	at org.springframework.web.method.support.InvocableHandlerMethod.invokeForRequest(InvocableHandlerMethod.java:138)
	at org.springframework.web.servlet.mvc.method.annotation.ServletInvocableHandlerMethod.invokeAndHandle(ServletInvocableHandlerMethod.java:105)
	at org.springframework.web.servlet.mvc.method.annotation.RequestMappingHandlerAdapter.invokeHandlerMethod(RequestMappingHandlerAdapter.java:878)
	at org.springframework.web.servlet.mvc.method.annotation.RequestMappingHandlerAdapter.handleInternal(RequestMappingHandlerAdapter.java:792)
	at org.springframework.web.servlet.mvc.method.AbstractHandlerMethodAdapter.handle(AbstractHandlerMethodAdapter.java:87)
	at org.springframework.web.servlet.DispatcherServlet.doDispatch(DispatcherServlet.java:1040)
	at org.springframework.web.servlet.DispatcherServlet.doService(DispatcherServlet.java:943)
	at org.springframework.web.servlet.FrameworkServlet.processRequest(FrameworkServlet.java:1006)
	at org.springframework.web.servlet.FrameworkServlet.doPost(FrameworkServlet.java:909)
	at javax.servlet.http.HttpServlet.service(HttpServlet.java:652)
	at org.springframework.web.servlet.FrameworkServlet.service(FrameworkServlet.java:883)
	at javax.servlet.http.HttpServlet.service(HttpServlet.java:733)
	at org.apache.catalina.core.ApplicationFilterChain.internalDoFilter(ApplicationFilterChain.java:227)
	at org.apache.catalina.core.ApplicationFilterChain.doFilter(ApplicationFilterChain.java:162)
	at org.apache.tomcat.websocket.server.WsFilter.doFilter(WsFilter.java:53)
	at org.apache.catalina.core.ApplicationFilterChain.internalDoFilter(ApplicationFilterChain.java:189)
	at org.apache.catalina.core.ApplicationFilterChain.doFilter(ApplicationFilterChain.java:162)
	at org.springframework.web.filter.CorsFilter.doFilterInternal(CorsFilter.java:92)
	at org.springframework.web.filter.OncePerRequestFilter.doFilter(OncePerRequestFilter.java:119)
	at org.apache.catalina.core.ApplicationFilterChain.internalDoFilter(ApplicationFilterChain.java:189)
	at org.apache.catalina.core.ApplicationFilterChain.doFilter(ApplicationFilterChain.java:162)
	at org.springframework.web.filter.RequestContextFilter.doFilterInternal(RequestContextFilter.java:100)
	at org.springframework.web.filter.OncePerRequestFilter.doFilter(OncePerRequestFilter.java:119)
	at org.apache.catalina.core.ApplicationFilterChain.internalDoFilter(ApplicationFilterChain.java:189)
	at org.apache.catalina.core.ApplicationFilterChain.doFilter(ApplicationFilterChain.java:162)
	at org.springframework.web.filter.FormContentFilter.doFilterInternal(FormContentFilter.java:93)
	at org.springframework.web.filter.OncePerRequestFilter.doFilter(OncePerRequestFilter.java:119)
	at org.apache.catalina.core.ApplicationFilterChain.internalDoFilter(ApplicationFilterChain.java:189)
	at org.apache.catalina.core.ApplicationFilterChain.doFilter(ApplicationFilterChain.java:162)
	at org.springframework.web.filter.CharacterEncodingFilter.doFilterInternal(CharacterEncodingFilter.java:201)
	at org.springframework.web.filter.OncePerRequestFilter.doFilter(OncePerRequestFilter.java:119)
	at org.apache.catalina.core.ApplicationFilterChain.internalDoFilter(ApplicationFilterChain.java:189)
	at org.apache.catalina.core.ApplicationFilterChain.doFilter(ApplicationFilterChain.java:162)
	at org.apache.catalina.core.StandardWrapperValve.invoke(StandardWrapperValve.java:202)
	at org.apache.catalina.core.StandardContextValve.invoke(StandardContextValve.java:97)
	at org.apache.catalina.authenticator.AuthenticatorBase.invoke(AuthenticatorBase.java:542)
	at org.apache.catalina.core.StandardHostValve.invoke(StandardHostValve.java:143)
	at org.apache.catalina.valves.ErrorReportValve.invoke(ErrorReportValve.java:92)
	at org.apache.catalina.core.StandardEngineValve.invoke(StandardEngineValve.java:78)
	at org.apache.catalina.connector.CoyoteAdapter.service(CoyoteAdapter.java:357)
	at org.apache.coyote.http11.Http11Processor.service(Http11Processor.java:374)
	at org.apache.coyote.AbstractProcessorLight.process(AbstractProcessorLight.java:65)
	at org.apache.coyote.AbstractProtocol$ConnectionHandler.process(AbstractProtocol.java:893)
	at org.apache.tomcat.util.net.NioEndpoint$SocketProcessor.doRun(NioEndpoint.java:1707)
	at org.apache.tomcat.util.net.SocketProcessorBase.run(SocketProcessorBase.java:49)
	at java.util.concurrent.ThreadPoolExecutor.runWorker(ThreadPoolExecutor.java:1149)
	at java.util.concurrent.ThreadPoolExecutor$Worker.run(ThreadPoolExecutor.java:624)
	at org.apache.tomcat.util.threads.TaskThread$WrappingRunnable.run(TaskThread.java:61)
	at java.lang.Thread.run(Thread.java:748)
2022-02-11 21:14:56.113 [http-nio-8086-exec-4] ERROR com.novedu.nov.common.aspect.NovExceptionHandler -
                org.springframework.data.redis.RedisSystemException: Redis command interrupted; nested exception is io.lettuce.core.RedisCommandInterruptedException: Command interrupted
	at org.springframework.data.redis.connection.lettuce.LettuceExceptionConverter.convert(LettuceExceptionConverter.java:62)
	at org.springframework.data.redis.connection.lettuce.LettuceExceptionConverter.convert(LettuceExceptionConverter.java:41)
	at org.springframework.data.redis.PassThroughExceptionTranslationStrategy.translate(PassThroughExceptionTranslationStrategy.java:44)
	at org.springframework.data.redis.FallbackExceptionTranslationStrategy.translate(FallbackExceptionTranslationStrategy.java:42)
	at org.springframework.data.redis.connection.lettuce.LettuceConnection.convertLettuceAccessException(LettuceConnection.java:275)
	at org.springframework.data.redis.connection.lettuce.LettuceStringCommands.convertLettuceAccessException(LettuceStringCommands.java:799)
	at org.springframework.data.redis.connection.lettuce.LettuceStringCommands.setEx(LettuceStringCommands.java:232)
	at org.springframework.data.redis.connection.DefaultedRedisConnection.setEx(DefaultedRedisConnection.java:308)
	at org.springframework.data.redis.core.DefaultValueOperations$4.potentiallyUsePsetEx(DefaultValueOperations.java:268)
	at org.springframework.data.redis.core.DefaultValueOperations$4.doInRedis(DefaultValueOperations.java:261)
	at org.springframework.data.redis.core.RedisTemplate.execute(RedisTemplate.java:228)
	at org.springframework.data.redis.core.RedisTemplate.execute(RedisTemplate.java:188)
	at org.springframework.data.redis.core.AbstractOperations.execute(AbstractOperations.java:96)
	at org.springframework.data.redis.core.DefaultValueOperations.set(DefaultValueOperations.java:256)
	at com.novedu.nov.order.service.impl.TradeOrderServiceImpl.createOrder(TradeOrderServiceImpl.java:75)
	at com.novedu.nov.order.service.impl.TradeOrderServiceImpl$$FastClassBySpringCGLIB$$807696ef.invoke(<generated>)
	at org.springframework.cglib.proxy.MethodProxy.invoke(MethodProxy.java:218)
	at org.springframework.aop.framework.CglibAopProxy$DynamicAdvisedInterceptor.intercept(CglibAopProxy.java:688)
	at com.novedu.nov.order.service.impl.TradeOrderServiceImpl$$EnhancerBySpringCGLIB$$e00b5f65.createOrder(<generated>)
	at com.novedu.nov.order.controller.TradeOrderController.createOrder(TradeOrderController.java:34)
	at com.novedu.nov.order.controller.TradeOrderController$$FastClassBySpringCGLIB$$de75239f.invoke(<generated>)
	at org.springframework.cglib.proxy.MethodProxy.invoke(MethodProxy.java:218)
	at org.springframework.aop.framework.CglibAopProxy$CglibMethodInvocation.invokeJoinpoint(CglibAopProxy.java:779)
	at org.springframework.aop.framework.ReflectiveMethodInvocation.proceed(ReflectiveMethodInvocation.java:163)
	at org.springframework.aop.framework.CglibAopProxy$CglibMethodInvocation.proceed(CglibAopProxy.java:750)
	at org.springframework.aop.aspectj.MethodInvocationProceedingJoinPoint.proceed(MethodInvocationProceedingJoinPoint.java:88)
	at com.novedu.nov.common.aspect.NovLogHandler.around(NovLogHandler.java:56)
	at sun.reflect.GeneratedMethodAccessor163.invoke(Unknown Source)
	at sun.reflect.DelegatingMethodAccessorImpl.invoke(DelegatingMethodAccessorImpl.java:43)
	at java.lang.reflect.Method.invoke(Method.java:498)
	at org.springframework.aop.aspectj.AbstractAspectJAdvice.invokeAdviceMethodWithGivenArgs(AbstractAspectJAdvice.java:644)
	at org.springframework.aop.aspectj.AbstractAspectJAdvice.invokeAdviceMethod(AbstractAspectJAdvice.java:633)
	at org.springframework.aop.aspectj.AspectJAroundAdvice.invoke(AspectJAroundAdvice.java:70)
	at org.springframework.aop.framework.ReflectiveMethodInvocation.proceed(ReflectiveMethodInvocation.java:186)
	at org.springframework.aop.framework.CglibAopProxy$CglibMethodInvocation.proceed(CglibAopProxy.java:750)
	at org.springframework.aop.interceptor.ExposeInvocationInterceptor.invoke(ExposeInvocationInterceptor.java:95)
	at org.springframework.aop.framework.ReflectiveMethodInvocation.proceed(ReflectiveMethodInvocation.java:186)
	at org.springframework.aop.framework.CglibAopProxy$CglibMethodInvocation.proceed(CglibAopProxy.java:750)
	at org.springframework.aop.framework.CglibAopProxy$DynamicAdvisedInterceptor.intercept(CglibAopProxy.java:692)
	at com.novedu.nov.order.controller.TradeOrderController$$EnhancerBySpringCGLIB$$b7ff92ef.createOrder(<generated>)
	at sun.reflect.NativeMethodAccessorImpl.invoke0(Native Method)
	at sun.reflect.NativeMethodAccessorImpl.invoke(NativeMethodAccessorImpl.java:62)
	at sun.reflect.DelegatingMethodAccessorImpl.invoke(DelegatingMethodAccessorImpl.java:43)
	at java.lang.reflect.Method.invoke(Method.java:498)
	at org.springframework.web.method.support.InvocableHandlerMethod.doInvoke(InvocableHandlerMethod.java:190)
	at org.springframework.web.method.support.InvocableHandlerMethod.invokeForRequest(InvocableHandlerMethod.java:138)
	at org.springframework.web.servlet.mvc.method.annotation.ServletInvocableHandlerMethod.invokeAndHandle(ServletInvocableHandlerMethod.java:105)
	at org.springframework.web.servlet.mvc.method.annotation.RequestMappingHandlerAdapter.invokeHandlerMethod(RequestMappingHandlerAdapter.java:878)
	at org.springframework.web.servlet.mvc.method.annotation.RequestMappingHandlerAdapter.handleInternal(RequestMappingHandlerAdapter.java:792)
	at org.springframework.web.servlet.mvc.method.AbstractHandlerMethodAdapter.handle(AbstractHandlerMethodAdapter.java:87)
	at org.springframework.web.servlet.DispatcherServlet.doDispatch(DispatcherServlet.java:1040)
	at org.springframework.web.servlet.DispatcherServlet.doService(DispatcherServlet.java:943)
	at org.springframework.web.servlet.FrameworkServlet.processRequest(FrameworkServlet.java:1006)
	at org.springframework.web.servlet.FrameworkServlet.doPost(FrameworkServlet.java:909)
	at javax.servlet.http.HttpServlet.service(HttpServlet.java:652)
	at org.springframework.web.servlet.FrameworkServlet.service(FrameworkServlet.java:883)
	at javax.servlet.http.HttpServlet.service(HttpServlet.java:733)
	at org.apache.catalina.core.ApplicationFilterChain.internalDoFilter(ApplicationFilterChain.java:227)
	at org.apache.catalina.core.ApplicationFilterChain.doFilter(ApplicationFilterChain.java:162)
	at org.apache.tomcat.websocket.server.WsFilter.doFilter(WsFilter.java:53)
	at org.apache.catalina.core.ApplicationFilterChain.internalDoFilter(ApplicationFilterChain.java:189)
	at org.apache.catalina.core.ApplicationFilterChain.doFilter(ApplicationFilterChain.java:162)
	at org.springframework.web.filter.CorsFilter.doFilterInternal(CorsFilter.java:92)
	at org.springframework.web.filter.OncePerRequestFilter.doFilter(OncePerRequestFilter.java:119)
	at org.apache.catalina.core.ApplicationFilterChain.internalDoFilter(ApplicationFilterChain.java:189)
	at org.apache.catalina.core.ApplicationFilterChain.doFilter(ApplicationFilterChain.java:162)
	at org.springframework.web.filter.RequestContextFilter.doFilterInternal(RequestContextFilter.java:100)
	at org.springframework.web.filter.OncePerRequestFilter.doFilter(OncePerRequestFilter.java:119)
	at org.apache.catalina.core.ApplicationFilterChain.internalDoFilter(ApplicationFilterChain.java:189)
	at org.apache.catalina.core.ApplicationFilterChain.doFilter(ApplicationFilterChain.java:162)
	at org.springframework.web.filter.FormContentFilter.doFilterInternal(FormContentFilter.java:93)
	at org.springframework.web.filter.OncePerRequestFilter.doFilter(OncePerRequestFilter.java:119)
	at org.apache.catalina.core.ApplicationFilterChain.internalDoFilter(ApplicationFilterChain.java:189)
	at org.apache.catalina.core.ApplicationFilterChain.doFilter(ApplicationFilterChain.java:162)
	at org.springframework.web.filter.CharacterEncodingFilter.doFilterInternal(CharacterEncodingFilter.java:201)
	at org.springframework.web.filter.OncePerRequestFilter.doFilter(OncePerRequestFilter.java:119)
	at org.apache.catalina.core.ApplicationFilterChain.internalDoFilter(ApplicationFilterChain.java:189)
	at org.apache.catalina.core.ApplicationFilterChain.doFilter(ApplicationFilterChain.java:162)
	at org.apache.catalina.core.StandardWrapperValve.invoke(StandardWrapperValve.java:202)
	at org.apache.catalina.core.StandardContextValve.invoke(StandardContextValve.java:97)
	at org.apache.catalina.authenticator.AuthenticatorBase.invoke(AuthenticatorBase.java:542)
	at org.apache.catalina.core.StandardHostValve.invoke(StandardHostValve.java:143)
	at org.apache.catalina.valves.ErrorReportValve.invoke(ErrorReportValve.java:92)
	at org.apache.catalina.core.StandardEngineValve.invoke(StandardEngineValve.java:78)
	at org.apache.catalina.connector.CoyoteAdapter.service(CoyoteAdapter.java:357)
	at org.apache.coyote.http11.Http11Processor.service(Http11Processor.java:374)
	at org.apache.coyote.AbstractProcessorLight.process(AbstractProcessorLight.java:65)
	at org.apache.coyote.AbstractProtocol$ConnectionHandler.process(AbstractProtocol.java:893)
	at org.apache.tomcat.util.net.NioEndpoint$SocketProcessor.doRun(NioEndpoint.java:1707)
	at org.apache.tomcat.util.net.SocketProcessorBase.run(SocketProcessorBase.java:49)
	at java.util.concurrent.ThreadPoolExecutor.runWorker(ThreadPoolExecutor.java:1149)
	at java.util.concurrent.ThreadPoolExecutor$Worker.run(ThreadPoolExecutor.java:624)
	at org.apache.tomcat.util.threads.TaskThread$WrappingRunnable.run(TaskThread.java:61)
	at java.lang.Thread.run(Thread.java:748)
Caused by: io.lettuce.core.RedisCommandInterruptedException: Command interrupted
	at io.lettuce.core.protocol.AsyncCommand.await(AsyncCommand.java:85)
	at io.lettuce.core.LettuceFutures.awaitOrCancel(LettuceFutures.java:117)
	at io.lettuce.core.FutureSyncInvocationHandler.handleInvocation(FutureSyncInvocationHandler.java:75)
	at io.lettuce.core.internal.AbstractInvocationHandler.invoke(AbstractInvocationHandler.java:79)
	at com.sun.proxy.$Proxy163.setex(Unknown Source)
	at org.springframework.data.redis.connection.lettuce.LettuceStringCommands.setEx(LettuceStringCommands.java:230)
	... 87 more
Caused by: java.lang.InterruptedException
	at java.util.concurrent.CompletableFuture.reportGet(CompletableFuture.java:347)
	at java.util.concurrent.CompletableFuture.get(CompletableFuture.java:1928)
	at io.lettuce.core.protocol.AsyncCommand.await(AsyncCommand.java:81)
	... 92 more

2022-02-11 21:31:46.015 [main] ERROR com.zaxxer.hikari.pool.HikariPool -
                HikariPool-1 - Exception during pool initialization.
java.sql.SQLNonTransientConnectionException: Data source rejected establishment of connection,  message from server: "Too many connections"
	at com.mysql.cj.jdbc.exceptions.SQLError.createSQLException(SQLError.java:110)
	at com.mysql.cj.jdbc.exceptions.SQLExceptionsMapping.translateException(SQLExceptionsMapping.java:122)
	at com.mysql.cj.jdbc.ConnectionImpl.createNewIO(ConnectionImpl.java:828)
	at com.mysql.cj.jdbc.ConnectionImpl.<init>(ConnectionImpl.java:448)
	at com.mysql.cj.jdbc.ConnectionImpl.getInstance(ConnectionImpl.java:241)
	at com.mysql.cj.jdbc.NonRegisteringDriver.connect(NonRegisteringDriver.java:198)
	at com.zaxxer.hikari.util.DriverDataSource.getConnection(DriverDataSource.java:138)
	at com.zaxxer.hikari.pool.PoolBase.newConnection(PoolBase.java:358)
	at com.zaxxer.hikari.pool.PoolBase.newPoolEntry(PoolBase.java:206)
	at com.zaxxer.hikari.pool.HikariPool.createPoolEntry(HikariPool.java:477)
	at com.zaxxer.hikari.pool.HikariPool.checkFailFast(HikariPool.java:560)
	at com.zaxxer.hikari.pool.HikariPool.<init>(HikariPool.java:115)
	at com.zaxxer.hikari.HikariDataSource.getConnection(HikariDataSource.java:112)
	at org.springframework.jdbc.datasource.DataSourceUtils.fetchConnection(DataSourceUtils.java:158)
	at org.springframework.jdbc.datasource.DataSourceUtils.doGetConnection(DataSourceUtils.java:116)
	at org.springframework.jdbc.datasource.DataSourceUtils.getConnection(DataSourceUtils.java:79)
	at org.mybatis.spring.transaction.SpringManagedTransaction.openConnection(SpringManagedTransaction.java:80)
	at org.mybatis.spring.transaction.SpringManagedTransaction.getConnection(SpringManagedTransaction.java:67)
	at org.apache.ibatis.executor.BaseExecutor.getConnection(BaseExecutor.java:337)
	at com.baomidou.mybatisplus.core.executor.MybatisSimpleExecutor.prepareStatement(MybatisSimpleExecutor.java:93)
	at com.baomidou.mybatisplus.core.executor.MybatisSimpleExecutor.doQuery(MybatisSimpleExecutor.java:68)
	at org.apache.ibatis.executor.BaseExecutor.queryFromDatabase(BaseExecutor.java:325)
	at org.apache.ibatis.executor.BaseExecutor.query(BaseExecutor.java:156)
	at com.baomidou.mybatisplus.core.executor.MybatisCachingExecutor.query(MybatisCachingExecutor.java:165)
	at com.baomidou.mybatisplus.extension.plugins.MybatisPlusInterceptor.intercept(MybatisPlusInterceptor.java:65)
	at org.apache.ibatis.plugin.Plugin.invoke(Plugin.java:61)
	at com.sun.proxy.$Proxy160.query(Unknown Source)
	at org.apache.ibatis.session.defaults.DefaultSqlSession.selectList(DefaultSqlSession.java:147)
	at org.apache.ibatis.session.defaults.DefaultSqlSession.selectList(DefaultSqlSession.java:140)
	at sun.reflect.NativeMethodAccessorImpl.invoke0(Native Method)
	at sun.reflect.NativeMethodAccessorImpl.invoke(NativeMethodAccessorImpl.java:62)
	at sun.reflect.DelegatingMethodAccessorImpl.invoke(DelegatingMethodAccessorImpl.java:43)
	at java.lang.reflect.Method.invoke(Method.java:498)
	at org.mybatis.spring.SqlSessionTemplate$SqlSessionInterceptor.invoke(SqlSessionTemplate.java:426)
	at com.sun.proxy.$Proxy117.selectList(Unknown Source)
	at org.mybatis.spring.SqlSessionTemplate.selectList(SqlSessionTemplate.java:223)
	at com.baomidou.mybatisplus.core.override.MybatisMapperMethod.executeForMany(MybatisMapperMethod.java:173)
	at com.baomidou.mybatisplus.core.override.MybatisMapperMethod.execute(MybatisMapperMethod.java:78)
	at com.baomidou.mybatisplus.core.override.MybatisMapperProxy$PlainMethodInvoker.invoke(MybatisMapperProxy.java:148)
	at com.baomidou.mybatisplus.core.override.MybatisMapperProxy.invoke(MybatisMapperProxy.java:89)
	at com.sun.proxy.$Proxy157.selectList(Unknown Source)
	at com.baomidou.mybatisplus.extension.service.IService.list(IService.java:279)
	at com.baomidou.mybatisplus.extension.service.IService.list(IService.java:288)
	at com.baomidou.mybatisplus.extension.service.IService$$FastClassBySpringCGLIB$$f8525d18.invoke(<generated>)
	at org.springframework.cglib.proxy.MethodProxy.invoke(MethodProxy.java:218)
	at org.springframework.aop.framework.CglibAopProxy$DynamicAdvisedInterceptor.intercept(CglibAopProxy.java:688)
	at com.novedu.nov.common.module.service.impl.SysConfigServiceImpl$$EnhancerBySpringCGLIB$$5df81749.list(<generated>)
	at com.novedu.nov.common.config.SysConfigCache.afterPropertiesSet(SysConfigCache.java:29)
	at org.springframework.beans.factory.support.AbstractAutowireCapableBeanFactory.invokeInitMethods(AbstractAutowireCapableBeanFactory.java:1858)
	at org.springframework.beans.factory.support.AbstractAutowireCapableBeanFactory.initializeBean(AbstractAutowireCapableBeanFactory.java:1795)
	at org.springframework.beans.factory.support.AbstractAutowireCapableBeanFactory.doCreateBean(AbstractAutowireCapableBeanFactory.java:594)
	at org.springframework.beans.factory.support.AbstractAutowireCapableBeanFactory.createBean(AbstractAutowireCapableBeanFactory.java:516)
	at org.springframework.beans.factory.support.AbstractBeanFactory.lambda$doGetBean$0(AbstractBeanFactory.java:324)
	at org.springframework.beans.factory.support.DefaultSingletonBeanRegistry.getSingleton(DefaultSingletonBeanRegistry.java:234)
	at org.springframework.beans.factory.support.AbstractBeanFactory.doGetBean(AbstractBeanFactory.java:322)
	at org.springframework.beans.factory.support.AbstractBeanFactory.getBean(AbstractBeanFactory.java:202)
	at org.springframework.beans.factory.support.DefaultListableBeanFactory.preInstantiateSingletons(DefaultListableBeanFactory.java:897)
	at org.springframework.context.support.AbstractApplicationContext.finishBeanFactoryInitialization(AbstractApplicationContext.java:879)
	at org.springframework.context.support.AbstractApplicationContext.refresh(AbstractApplicationContext.java:551)
	at org.springframework.boot.web.servlet.context.ServletWebServerApplicationContext.refresh(ServletWebServerApplicationContext.java:143)
	at org.springframework.boot.SpringApplication.refresh(SpringApplication.java:755)
	at org.springframework.boot.SpringApplication.refresh(SpringApplication.java:747)
	at org.springframework.boot.SpringApplication.refreshContext(SpringApplication.java:402)
	at org.springframework.boot.SpringApplication.run(SpringApplication.java:312)
	at org.springframework.boot.SpringApplication.run(SpringApplication.java:1247)
	at org.springframework.boot.SpringApplication.run(SpringApplication.java:1236)
	at com.novedu.nov.EduServiceApplication.main(EduServiceApplication.java:30)
2022-02-11 21:31:46.068 [main] ERROR org.springframework.boot.SpringApplication -
                Application run failed
org.springframework.beans.factory.BeanCreationException: Error creating bean with name 'sysConfigCache' defined in file [F:\my space\nov-edu\server\nov-starter\nov-common\target\classes\com\novedu\nov\common\config\SysConfigCache.class]: Invocation of init method failed; nested exception is org.mybatis.spring.MyBatisSystemException: nested exception is org.apache.ibatis.exceptions.PersistenceException: 
### Error querying database.  Cause: org.springframework.jdbc.CannotGetJdbcConnectionException: Failed to obtain JDBC Connection; nested exception is java.sql.SQLNonTransientConnectionException: Data source rejected establishment of connection,  message from server: "Too many connections"
### The error may exist in com/novedu/nov/common/module/mapper/SysConfigMapper.java (best guess)
### The error may involve com.novedu.nov.common.module.mapper.SysConfigMapper.selectList
### The error occurred while executing a query
### Cause: org.springframework.jdbc.CannotGetJdbcConnectionException: Failed to obtain JDBC Connection; nested exception is java.sql.SQLNonTransientConnectionException: Data source rejected establishment of connection,  message from server: "Too many connections"
	at org.springframework.beans.factory.support.AbstractAutowireCapableBeanFactory.initializeBean(AbstractAutowireCapableBeanFactory.java:1799)
	at org.springframework.beans.factory.support.AbstractAutowireCapableBeanFactory.doCreateBean(AbstractAutowireCapableBeanFactory.java:594)
	at org.springframework.beans.factory.support.AbstractAutowireCapableBeanFactory.createBean(AbstractAutowireCapableBeanFactory.java:516)
	at org.springframework.beans.factory.support.AbstractBeanFactory.lambda$doGetBean$0(AbstractBeanFactory.java:324)
	at org.springframework.beans.factory.support.DefaultSingletonBeanRegistry.getSingleton(DefaultSingletonBeanRegistry.java:234)
	at org.springframework.beans.factory.support.AbstractBeanFactory.doGetBean(AbstractBeanFactory.java:322)
	at org.springframework.beans.factory.support.AbstractBeanFactory.getBean(AbstractBeanFactory.java:202)
	at org.springframework.beans.factory.support.DefaultListableBeanFactory.preInstantiateSingletons(DefaultListableBeanFactory.java:897)
	at org.springframework.context.support.AbstractApplicationContext.finishBeanFactoryInitialization(AbstractApplicationContext.java:879)
	at org.springframework.context.support.AbstractApplicationContext.refresh(AbstractApplicationContext.java:551)
	at org.springframework.boot.web.servlet.context.ServletWebServerApplicationContext.refresh(ServletWebServerApplicationContext.java:143)
	at org.springframework.boot.SpringApplication.refresh(SpringApplication.java:755)
	at org.springframework.boot.SpringApplication.refresh(SpringApplication.java:747)
	at org.springframework.boot.SpringApplication.refreshContext(SpringApplication.java:402)
	at org.springframework.boot.SpringApplication.run(SpringApplication.java:312)
	at org.springframework.boot.SpringApplication.run(SpringApplication.java:1247)
	at org.springframework.boot.SpringApplication.run(SpringApplication.java:1236)
	at com.novedu.nov.EduServiceApplication.main(EduServiceApplication.java:30)
Caused by: org.mybatis.spring.MyBatisSystemException: nested exception is org.apache.ibatis.exceptions.PersistenceException: 
### Error querying database.  Cause: org.springframework.jdbc.CannotGetJdbcConnectionException: Failed to obtain JDBC Connection; nested exception is java.sql.SQLNonTransientConnectionException: Data source rejected establishment of connection,  message from server: "Too many connections"
### The error may exist in com/novedu/nov/common/module/mapper/SysConfigMapper.java (best guess)
### The error may involve com.novedu.nov.common.module.mapper.SysConfigMapper.selectList
### The error occurred while executing a query
### Cause: org.springframework.jdbc.CannotGetJdbcConnectionException: Failed to obtain JDBC Connection; nested exception is java.sql.SQLNonTransientConnectionException: Data source rejected establishment of connection,  message from server: "Too many connections"
	at org.mybatis.spring.MyBatisExceptionTranslator.translateExceptionIfPossible(MyBatisExceptionTranslator.java:92)
	at org.mybatis.spring.SqlSessionTemplate$SqlSessionInterceptor.invoke(SqlSessionTemplate.java:440)
	at com.sun.proxy.$Proxy117.selectList(Unknown Source)
	at org.mybatis.spring.SqlSessionTemplate.selectList(SqlSessionTemplate.java:223)
	at com.baomidou.mybatisplus.core.override.MybatisMapperMethod.executeForMany(MybatisMapperMethod.java:173)
	at com.baomidou.mybatisplus.core.override.MybatisMapperMethod.execute(MybatisMapperMethod.java:78)
	at com.baomidou.mybatisplus.core.override.MybatisMapperProxy$PlainMethodInvoker.invoke(MybatisMapperProxy.java:148)
	at com.baomidou.mybatisplus.core.override.MybatisMapperProxy.invoke(MybatisMapperProxy.java:89)
	at com.sun.proxy.$Proxy157.selectList(Unknown Source)
	at com.baomidou.mybatisplus.extension.service.IService.list(IService.java:279)
	at com.baomidou.mybatisplus.extension.service.IService.list(IService.java:288)
	at com.baomidou.mybatisplus.extension.service.IService$$FastClassBySpringCGLIB$$f8525d18.invoke(<generated>)
	at org.springframework.cglib.proxy.MethodProxy.invoke(MethodProxy.java:218)
	at org.springframework.aop.framework.CglibAopProxy$DynamicAdvisedInterceptor.intercept(CglibAopProxy.java:688)
	at com.novedu.nov.common.module.service.impl.SysConfigServiceImpl$$EnhancerBySpringCGLIB$$5df81749.list(<generated>)
	at com.novedu.nov.common.config.SysConfigCache.afterPropertiesSet(SysConfigCache.java:29)
	at org.springframework.beans.factory.support.AbstractAutowireCapableBeanFactory.invokeInitMethods(AbstractAutowireCapableBeanFactory.java:1858)
	at org.springframework.beans.factory.support.AbstractAutowireCapableBeanFactory.initializeBean(AbstractAutowireCapableBeanFactory.java:1795)
	... 17 common frames omitted
Caused by: org.apache.ibatis.exceptions.PersistenceException: 
### Error querying database.  Cause: org.springframework.jdbc.CannotGetJdbcConnectionException: Failed to obtain JDBC Connection; nested exception is java.sql.SQLNonTransientConnectionException: Data source rejected establishment of connection,  message from server: "Too many connections"
### The error may exist in com/novedu/nov/common/module/mapper/SysConfigMapper.java (best guess)
### The error may involve com.novedu.nov.common.module.mapper.SysConfigMapper.selectList
### The error occurred while executing a query
### Cause: org.springframework.jdbc.CannotGetJdbcConnectionException: Failed to obtain JDBC Connection; nested exception is java.sql.SQLNonTransientConnectionException: Data source rejected establishment of connection,  message from server: "Too many connections"
	at org.apache.ibatis.exceptions.ExceptionFactory.wrapException(ExceptionFactory.java:30)
	at org.apache.ibatis.session.defaults.DefaultSqlSession.selectList(DefaultSqlSession.java:149)
	at org.apache.ibatis.session.defaults.DefaultSqlSession.selectList(DefaultSqlSession.java:140)
	at sun.reflect.NativeMethodAccessorImpl.invoke0(Native Method)
	at sun.reflect.NativeMethodAccessorImpl.invoke(NativeMethodAccessorImpl.java:62)
	at sun.reflect.DelegatingMethodAccessorImpl.invoke(DelegatingMethodAccessorImpl.java:43)
	at java.lang.reflect.Method.invoke(Method.java:498)
	at org.mybatis.spring.SqlSessionTemplate$SqlSessionInterceptor.invoke(SqlSessionTemplate.java:426)
	... 33 common frames omitted
Caused by: org.springframework.jdbc.CannotGetJdbcConnectionException: Failed to obtain JDBC Connection; nested exception is java.sql.SQLNonTransientConnectionException: Data source rejected establishment of connection,  message from server: "Too many connections"
	at org.springframework.jdbc.datasource.DataSourceUtils.getConnection(DataSourceUtils.java:82)
	at org.mybatis.spring.transaction.SpringManagedTransaction.openConnection(SpringManagedTransaction.java:80)
	at org.mybatis.spring.transaction.SpringManagedTransaction.getConnection(SpringManagedTransaction.java:67)
	at org.apache.ibatis.executor.BaseExecutor.getConnection(BaseExecutor.java:337)
	at com.baomidou.mybatisplus.core.executor.MybatisSimpleExecutor.prepareStatement(MybatisSimpleExecutor.java:93)
	at com.baomidou.mybatisplus.core.executor.MybatisSimpleExecutor.doQuery(MybatisSimpleExecutor.java:68)
	at org.apache.ibatis.executor.BaseExecutor.queryFromDatabase(BaseExecutor.java:325)
	at org.apache.ibatis.executor.BaseExecutor.query(BaseExecutor.java:156)
	at com.baomidou.mybatisplus.core.executor.MybatisCachingExecutor.query(MybatisCachingExecutor.java:165)
	at com.baomidou.mybatisplus.extension.plugins.MybatisPlusInterceptor.intercept(MybatisPlusInterceptor.java:65)
	at org.apache.ibatis.plugin.Plugin.invoke(Plugin.java:61)
	at com.sun.proxy.$Proxy160.query(Unknown Source)
	at org.apache.ibatis.session.defaults.DefaultSqlSession.selectList(DefaultSqlSession.java:147)
	... 39 common frames omitted
Caused by: java.sql.SQLNonTransientConnectionException: Data source rejected establishment of connection,  message from server: "Too many connections"
	at com.mysql.cj.jdbc.exceptions.SQLError.createSQLException(SQLError.java:110)
	at com.mysql.cj.jdbc.exceptions.SQLExceptionsMapping.translateException(SQLExceptionsMapping.java:122)
	at com.mysql.cj.jdbc.ConnectionImpl.createNewIO(ConnectionImpl.java:828)
	at com.mysql.cj.jdbc.ConnectionImpl.<init>(ConnectionImpl.java:448)
	at com.mysql.cj.jdbc.ConnectionImpl.getInstance(ConnectionImpl.java:241)
	at com.mysql.cj.jdbc.NonRegisteringDriver.connect(NonRegisteringDriver.java:198)
	at com.zaxxer.hikari.util.DriverDataSource.getConnection(DriverDataSource.java:138)
	at com.zaxxer.hikari.pool.PoolBase.newConnection(PoolBase.java:358)
	at com.zaxxer.hikari.pool.PoolBase.newPoolEntry(PoolBase.java:206)
	at com.zaxxer.hikari.pool.HikariPool.createPoolEntry(HikariPool.java:477)
	at com.zaxxer.hikari.pool.HikariPool.checkFailFast(HikariPool.java:560)
	at com.zaxxer.hikari.pool.HikariPool.<init>(HikariPool.java:115)
	at com.zaxxer.hikari.HikariDataSource.getConnection(HikariDataSource.java:112)
	at org.springframework.jdbc.datasource.DataSourceUtils.fetchConnection(DataSourceUtils.java:158)
	at org.springframework.jdbc.datasource.DataSourceUtils.doGetConnection(DataSourceUtils.java:116)
	at org.springframework.jdbc.datasource.DataSourceUtils.getConnection(DataSourceUtils.java:79)
	... 51 common frames omitted
2022-02-11 21:31:58.127 [main] ERROR com.zaxxer.hikari.pool.HikariPool -
                HikariPool-1 - Exception during pool initialization.
java.sql.SQLNonTransientConnectionException: Data source rejected establishment of connection,  message from server: "Too many connections"
	at com.mysql.cj.jdbc.exceptions.SQLError.createSQLException(SQLError.java:110)
	at com.mysql.cj.jdbc.exceptions.SQLExceptionsMapping.translateException(SQLExceptionsMapping.java:122)
	at com.mysql.cj.jdbc.ConnectionImpl.createNewIO(ConnectionImpl.java:828)
	at com.mysql.cj.jdbc.ConnectionImpl.<init>(ConnectionImpl.java:448)
	at com.mysql.cj.jdbc.ConnectionImpl.getInstance(ConnectionImpl.java:241)
	at com.mysql.cj.jdbc.NonRegisteringDriver.connect(NonRegisteringDriver.java:198)
	at com.zaxxer.hikari.util.DriverDataSource.getConnection(DriverDataSource.java:138)
	at com.zaxxer.hikari.pool.PoolBase.newConnection(PoolBase.java:358)
	at com.zaxxer.hikari.pool.PoolBase.newPoolEntry(PoolBase.java:206)
	at com.zaxxer.hikari.pool.HikariPool.createPoolEntry(HikariPool.java:477)
	at com.zaxxer.hikari.pool.HikariPool.checkFailFast(HikariPool.java:560)
	at com.zaxxer.hikari.pool.HikariPool.<init>(HikariPool.java:115)
	at com.zaxxer.hikari.HikariDataSource.getConnection(HikariDataSource.java:112)
	at org.springframework.jdbc.datasource.DataSourceUtils.fetchConnection(DataSourceUtils.java:158)
	at org.springframework.jdbc.datasource.DataSourceUtils.doGetConnection(DataSourceUtils.java:116)
	at org.springframework.jdbc.datasource.DataSourceUtils.getConnection(DataSourceUtils.java:79)
	at org.mybatis.spring.transaction.SpringManagedTransaction.openConnection(SpringManagedTransaction.java:80)
	at org.mybatis.spring.transaction.SpringManagedTransaction.getConnection(SpringManagedTransaction.java:67)
	at org.apache.ibatis.executor.BaseExecutor.getConnection(BaseExecutor.java:337)
	at com.baomidou.mybatisplus.core.executor.MybatisSimpleExecutor.prepareStatement(MybatisSimpleExecutor.java:93)
	at com.baomidou.mybatisplus.core.executor.MybatisSimpleExecutor.doQuery(MybatisSimpleExecutor.java:68)
	at org.apache.ibatis.executor.BaseExecutor.queryFromDatabase(BaseExecutor.java:325)
	at org.apache.ibatis.executor.BaseExecutor.query(BaseExecutor.java:156)
	at com.baomidou.mybatisplus.core.executor.MybatisCachingExecutor.query(MybatisCachingExecutor.java:165)
	at com.baomidou.mybatisplus.extension.plugins.MybatisPlusInterceptor.intercept(MybatisPlusInterceptor.java:65)
	at org.apache.ibatis.plugin.Plugin.invoke(Plugin.java:61)
	at com.sun.proxy.$Proxy160.query(Unknown Source)
	at org.apache.ibatis.session.defaults.DefaultSqlSession.selectList(DefaultSqlSession.java:147)
	at org.apache.ibatis.session.defaults.DefaultSqlSession.selectList(DefaultSqlSession.java:140)
	at sun.reflect.NativeMethodAccessorImpl.invoke0(Native Method)
	at sun.reflect.NativeMethodAccessorImpl.invoke(NativeMethodAccessorImpl.java:62)
	at sun.reflect.DelegatingMethodAccessorImpl.invoke(DelegatingMethodAccessorImpl.java:43)
	at java.lang.reflect.Method.invoke(Method.java:498)
	at org.mybatis.spring.SqlSessionTemplate$SqlSessionInterceptor.invoke(SqlSessionTemplate.java:426)
	at com.sun.proxy.$Proxy117.selectList(Unknown Source)
	at org.mybatis.spring.SqlSessionTemplate.selectList(SqlSessionTemplate.java:223)
	at com.baomidou.mybatisplus.core.override.MybatisMapperMethod.executeForMany(MybatisMapperMethod.java:173)
	at com.baomidou.mybatisplus.core.override.MybatisMapperMethod.execute(MybatisMapperMethod.java:78)
	at com.baomidou.mybatisplus.core.override.MybatisMapperProxy$PlainMethodInvoker.invoke(MybatisMapperProxy.java:148)
	at com.baomidou.mybatisplus.core.override.MybatisMapperProxy.invoke(MybatisMapperProxy.java:89)
	at com.sun.proxy.$Proxy157.selectList(Unknown Source)
	at com.baomidou.mybatisplus.extension.service.IService.list(IService.java:279)
	at com.baomidou.mybatisplus.extension.service.IService.list(IService.java:288)
	at com.baomidou.mybatisplus.extension.service.IService$$FastClassBySpringCGLIB$$f8525d18.invoke(<generated>)
	at org.springframework.cglib.proxy.MethodProxy.invoke(MethodProxy.java:218)
	at org.springframework.aop.framework.CglibAopProxy$DynamicAdvisedInterceptor.intercept(CglibAopProxy.java:688)
	at com.novedu.nov.common.module.service.impl.SysConfigServiceImpl$$EnhancerBySpringCGLIB$$e23351b2.list(<generated>)
	at com.novedu.nov.common.config.SysConfigCache.afterPropertiesSet(SysConfigCache.java:29)
	at org.springframework.beans.factory.support.AbstractAutowireCapableBeanFactory.invokeInitMethods(AbstractAutowireCapableBeanFactory.java:1858)
	at org.springframework.beans.factory.support.AbstractAutowireCapableBeanFactory.initializeBean(AbstractAutowireCapableBeanFactory.java:1795)
	at org.springframework.beans.factory.support.AbstractAutowireCapableBeanFactory.doCreateBean(AbstractAutowireCapableBeanFactory.java:594)
	at org.springframework.beans.factory.support.AbstractAutowireCapableBeanFactory.createBean(AbstractAutowireCapableBeanFactory.java:516)
	at org.springframework.beans.factory.support.AbstractBeanFactory.lambda$doGetBean$0(AbstractBeanFactory.java:324)
	at org.springframework.beans.factory.support.DefaultSingletonBeanRegistry.getSingleton(DefaultSingletonBeanRegistry.java:234)
	at org.springframework.beans.factory.support.AbstractBeanFactory.doGetBean(AbstractBeanFactory.java:322)
	at org.springframework.beans.factory.support.AbstractBeanFactory.getBean(AbstractBeanFactory.java:202)
	at org.springframework.beans.factory.support.DefaultListableBeanFactory.preInstantiateSingletons(DefaultListableBeanFactory.java:897)
	at org.springframework.context.support.AbstractApplicationContext.finishBeanFactoryInitialization(AbstractApplicationContext.java:879)
	at org.springframework.context.support.AbstractApplicationContext.refresh(AbstractApplicationContext.java:551)
	at org.springframework.boot.web.servlet.context.ServletWebServerApplicationContext.refresh(ServletWebServerApplicationContext.java:143)
	at org.springframework.boot.SpringApplication.refresh(SpringApplication.java:755)
	at org.springframework.boot.SpringApplication.refresh(SpringApplication.java:747)
	at org.springframework.boot.SpringApplication.refreshContext(SpringApplication.java:402)
	at org.springframework.boot.SpringApplication.run(SpringApplication.java:312)
	at org.springframework.boot.SpringApplication.run(SpringApplication.java:1247)
	at org.springframework.boot.SpringApplication.run(SpringApplication.java:1236)
	at com.novedu.nov.EduServiceApplication.main(EduServiceApplication.java:30)
2022-02-11 21:31:58.180 [main] ERROR org.springframework.boot.SpringApplication -
                Application run failed
org.springframework.beans.factory.BeanCreationException: Error creating bean with name 'sysConfigCache' defined in file [F:\my space\nov-edu\server\nov-starter\nov-common\target\classes\com\novedu\nov\common\config\SysConfigCache.class]: Invocation of init method failed; nested exception is org.mybatis.spring.MyBatisSystemException: nested exception is org.apache.ibatis.exceptions.PersistenceException: 
### Error querying database.  Cause: org.springframework.jdbc.CannotGetJdbcConnectionException: Failed to obtain JDBC Connection; nested exception is java.sql.SQLNonTransientConnectionException: Data source rejected establishment of connection,  message from server: "Too many connections"
### The error may exist in com/novedu/nov/common/module/mapper/SysConfigMapper.java (best guess)
### The error may involve com.novedu.nov.common.module.mapper.SysConfigMapper.selectList
### The error occurred while executing a query
### Cause: org.springframework.jdbc.CannotGetJdbcConnectionException: Failed to obtain JDBC Connection; nested exception is java.sql.SQLNonTransientConnectionException: Data source rejected establishment of connection,  message from server: "Too many connections"
	at org.springframework.beans.factory.support.AbstractAutowireCapableBeanFactory.initializeBean(AbstractAutowireCapableBeanFactory.java:1799)
	at org.springframework.beans.factory.support.AbstractAutowireCapableBeanFactory.doCreateBean(AbstractAutowireCapableBeanFactory.java:594)
	at org.springframework.beans.factory.support.AbstractAutowireCapableBeanFactory.createBean(AbstractAutowireCapableBeanFactory.java:516)
	at org.springframework.beans.factory.support.AbstractBeanFactory.lambda$doGetBean$0(AbstractBeanFactory.java:324)
	at org.springframework.beans.factory.support.DefaultSingletonBeanRegistry.getSingleton(DefaultSingletonBeanRegistry.java:234)
	at org.springframework.beans.factory.support.AbstractBeanFactory.doGetBean(AbstractBeanFactory.java:322)
	at org.springframework.beans.factory.support.AbstractBeanFactory.getBean(AbstractBeanFactory.java:202)
	at org.springframework.beans.factory.support.DefaultListableBeanFactory.preInstantiateSingletons(DefaultListableBeanFactory.java:897)
	at org.springframework.context.support.AbstractApplicationContext.finishBeanFactoryInitialization(AbstractApplicationContext.java:879)
	at org.springframework.context.support.AbstractApplicationContext.refresh(AbstractApplicationContext.java:551)
	at org.springframework.boot.web.servlet.context.ServletWebServerApplicationContext.refresh(ServletWebServerApplicationContext.java:143)
	at org.springframework.boot.SpringApplication.refresh(SpringApplication.java:755)
	at org.springframework.boot.SpringApplication.refresh(SpringApplication.java:747)
	at org.springframework.boot.SpringApplication.refreshContext(SpringApplication.java:402)
	at org.springframework.boot.SpringApplication.run(SpringApplication.java:312)
	at org.springframework.boot.SpringApplication.run(SpringApplication.java:1247)
	at org.springframework.boot.SpringApplication.run(SpringApplication.java:1236)
	at com.novedu.nov.EduServiceApplication.main(EduServiceApplication.java:30)
Caused by: org.mybatis.spring.MyBatisSystemException: nested exception is org.apache.ibatis.exceptions.PersistenceException: 
### Error querying database.  Cause: org.springframework.jdbc.CannotGetJdbcConnectionException: Failed to obtain JDBC Connection; nested exception is java.sql.SQLNonTransientConnectionException: Data source rejected establishment of connection,  message from server: "Too many connections"
### The error may exist in com/novedu/nov/common/module/mapper/SysConfigMapper.java (best guess)
### The error may involve com.novedu.nov.common.module.mapper.SysConfigMapper.selectList
### The error occurred while executing a query
### Cause: org.springframework.jdbc.CannotGetJdbcConnectionException: Failed to obtain JDBC Connection; nested exception is java.sql.SQLNonTransientConnectionException: Data source rejected establishment of connection,  message from server: "Too many connections"
	at org.mybatis.spring.MyBatisExceptionTranslator.translateExceptionIfPossible(MyBatisExceptionTranslator.java:92)
	at org.mybatis.spring.SqlSessionTemplate$SqlSessionInterceptor.invoke(SqlSessionTemplate.java:440)
	at com.sun.proxy.$Proxy117.selectList(Unknown Source)
	at org.mybatis.spring.SqlSessionTemplate.selectList(SqlSessionTemplate.java:223)
	at com.baomidou.mybatisplus.core.override.MybatisMapperMethod.executeForMany(MybatisMapperMethod.java:173)
	at com.baomidou.mybatisplus.core.override.MybatisMapperMethod.execute(MybatisMapperMethod.java:78)
	at com.baomidou.mybatisplus.core.override.MybatisMapperProxy$PlainMethodInvoker.invoke(MybatisMapperProxy.java:148)
	at com.baomidou.mybatisplus.core.override.MybatisMapperProxy.invoke(MybatisMapperProxy.java:89)
	at com.sun.proxy.$Proxy157.selectList(Unknown Source)
	at com.baomidou.mybatisplus.extension.service.IService.list(IService.java:279)
	at com.baomidou.mybatisplus.extension.service.IService.list(IService.java:288)
	at com.baomidou.mybatisplus.extension.service.IService$$FastClassBySpringCGLIB$$f8525d18.invoke(<generated>)
	at org.springframework.cglib.proxy.MethodProxy.invoke(MethodProxy.java:218)
	at org.springframework.aop.framework.CglibAopProxy$DynamicAdvisedInterceptor.intercept(CglibAopProxy.java:688)
	at com.novedu.nov.common.module.service.impl.SysConfigServiceImpl$$EnhancerBySpringCGLIB$$e23351b2.list(<generated>)
	at com.novedu.nov.common.config.SysConfigCache.afterPropertiesSet(SysConfigCache.java:29)
	at org.springframework.beans.factory.support.AbstractAutowireCapableBeanFactory.invokeInitMethods(AbstractAutowireCapableBeanFactory.java:1858)
	at org.springframework.beans.factory.support.AbstractAutowireCapableBeanFactory.initializeBean(AbstractAutowireCapableBeanFactory.java:1795)
	... 17 common frames omitted
Caused by: org.apache.ibatis.exceptions.PersistenceException: 
### Error querying database.  Cause: org.springframework.jdbc.CannotGetJdbcConnectionException: Failed to obtain JDBC Connection; nested exception is java.sql.SQLNonTransientConnectionException: Data source rejected establishment of connection,  message from server: "Too many connections"
### The error may exist in com/novedu/nov/common/module/mapper/SysConfigMapper.java (best guess)
### The error may involve com.novedu.nov.common.module.mapper.SysConfigMapper.selectList
### The error occurred while executing a query
### Cause: org.springframework.jdbc.CannotGetJdbcConnectionException: Failed to obtain JDBC Connection; nested exception is java.sql.SQLNonTransientConnectionException: Data source rejected establishment of connection,  message from server: "Too many connections"
	at org.apache.ibatis.exceptions.ExceptionFactory.wrapException(ExceptionFactory.java:30)
	at org.apache.ibatis.session.defaults.DefaultSqlSession.selectList(DefaultSqlSession.java:149)
	at org.apache.ibatis.session.defaults.DefaultSqlSession.selectList(DefaultSqlSession.java:140)
	at sun.reflect.NativeMethodAccessorImpl.invoke0(Native Method)
	at sun.reflect.NativeMethodAccessorImpl.invoke(NativeMethodAccessorImpl.java:62)
	at sun.reflect.DelegatingMethodAccessorImpl.invoke(DelegatingMethodAccessorImpl.java:43)
	at java.lang.reflect.Method.invoke(Method.java:498)
	at org.mybatis.spring.SqlSessionTemplate$SqlSessionInterceptor.invoke(SqlSessionTemplate.java:426)
	... 33 common frames omitted
Caused by: org.springframework.jdbc.CannotGetJdbcConnectionException: Failed to obtain JDBC Connection; nested exception is java.sql.SQLNonTransientConnectionException: Data source rejected establishment of connection,  message from server: "Too many connections"
	at org.springframework.jdbc.datasource.DataSourceUtils.getConnection(DataSourceUtils.java:82)
	at org.mybatis.spring.transaction.SpringManagedTransaction.openConnection(SpringManagedTransaction.java:80)
	at org.mybatis.spring.transaction.SpringManagedTransaction.getConnection(SpringManagedTransaction.java:67)
	at org.apache.ibatis.executor.BaseExecutor.getConnection(BaseExecutor.java:337)
	at com.baomidou.mybatisplus.core.executor.MybatisSimpleExecutor.prepareStatement(MybatisSimpleExecutor.java:93)
	at com.baomidou.mybatisplus.core.executor.MybatisSimpleExecutor.doQuery(MybatisSimpleExecutor.java:68)
	at org.apache.ibatis.executor.BaseExecutor.queryFromDatabase(BaseExecutor.java:325)
	at org.apache.ibatis.executor.BaseExecutor.query(BaseExecutor.java:156)
	at com.baomidou.mybatisplus.core.executor.MybatisCachingExecutor.query(MybatisCachingExecutor.java:165)
	at com.baomidou.mybatisplus.extension.plugins.MybatisPlusInterceptor.intercept(MybatisPlusInterceptor.java:65)
	at org.apache.ibatis.plugin.Plugin.invoke(Plugin.java:61)
	at com.sun.proxy.$Proxy160.query(Unknown Source)
	at org.apache.ibatis.session.defaults.DefaultSqlSession.selectList(DefaultSqlSession.java:147)
	... 39 common frames omitted
Caused by: java.sql.SQLNonTransientConnectionException: Data source rejected establishment of connection,  message from server: "Too many connections"
	at com.mysql.cj.jdbc.exceptions.SQLError.createSQLException(SQLError.java:110)
	at com.mysql.cj.jdbc.exceptions.SQLExceptionsMapping.translateException(SQLExceptionsMapping.java:122)
	at com.mysql.cj.jdbc.ConnectionImpl.createNewIO(ConnectionImpl.java:828)
	at com.mysql.cj.jdbc.ConnectionImpl.<init>(ConnectionImpl.java:448)
	at com.mysql.cj.jdbc.ConnectionImpl.getInstance(ConnectionImpl.java:241)
	at com.mysql.cj.jdbc.NonRegisteringDriver.connect(NonRegisteringDriver.java:198)
	at com.zaxxer.hikari.util.DriverDataSource.getConnection(DriverDataSource.java:138)
	at com.zaxxer.hikari.pool.PoolBase.newConnection(PoolBase.java:358)
	at com.zaxxer.hikari.pool.PoolBase.newPoolEntry(PoolBase.java:206)
	at com.zaxxer.hikari.pool.HikariPool.createPoolEntry(HikariPool.java:477)
	at com.zaxxer.hikari.pool.HikariPool.checkFailFast(HikariPool.java:560)
	at com.zaxxer.hikari.pool.HikariPool.<init>(HikariPool.java:115)
	at com.zaxxer.hikari.HikariDataSource.getConnection(HikariDataSource.java:112)
	at org.springframework.jdbc.datasource.DataSourceUtils.fetchConnection(DataSourceUtils.java:158)
	at org.springframework.jdbc.datasource.DataSourceUtils.doGetConnection(DataSourceUtils.java:116)
	at org.springframework.jdbc.datasource.DataSourceUtils.getConnection(DataSourceUtils.java:79)
	... 51 common frames omitted
2022-02-11 21:32:04.066 [task-569] ERROR org.springframework.aop.interceptor.SimpleAsyncUncaughtExceptionHandler -
                Unexpected exception occurred invoking async method: public void com.novedu.nov.statistics.task.MultiThreadScheduleTask.statisticsCourseBuyCount()
feign.RetryableException: Connection refused: connect executing GET http://service-edu/edu/course/statistics/course/buyCount
	at feign.FeignException.errorExecuting(FeignException.java:249)
	at feign.SynchronousMethodHandler.executeAndDecode(SynchronousMethodHandler.java:129)
	at feign.SynchronousMethodHandler.invoke(SynchronousMethodHandler.java:89)
	at feign.ReflectiveFeign$FeignInvocationHandler.invoke(ReflectiveFeign.java:100)
	at com.sun.proxy.$Proxy120.statisticsCourseBuyCount(Unknown Source)
	at com.novedu.nov.statistics.task.MultiThreadScheduleTask.statisticsCourseBuyCount(MultiThreadScheduleTask.java:49)
	at com.novedu.nov.statistics.task.MultiThreadScheduleTask$$FastClassBySpringCGLIB$$a711be28.invoke(<generated>)
	at org.springframework.cglib.proxy.MethodProxy.invoke(MethodProxy.java:218)
	at org.springframework.aop.framework.CglibAopProxy$CglibMethodInvocation.invokeJoinpoint(CglibAopProxy.java:779)
	at org.springframework.aop.framework.ReflectiveMethodInvocation.proceed(ReflectiveMethodInvocation.java:163)
	at org.springframework.aop.framework.CglibAopProxy$CglibMethodInvocation.proceed(CglibAopProxy.java:750)
	at org.springframework.aop.interceptor.AsyncExecutionInterceptor.lambda$invoke$0(AsyncExecutionInterceptor.java:115)
	at java.util.concurrent.FutureTask.run$$$capture(FutureTask.java:266)
	at java.util.concurrent.FutureTask.run(FutureTask.java)
	at java.util.concurrent.ThreadPoolExecutor.runWorker(ThreadPoolExecutor.java:1149)
	at java.util.concurrent.ThreadPoolExecutor$Worker.run(ThreadPoolExecutor.java:624)
	at java.lang.Thread.run(Thread.java:748)
Caused by: java.net.ConnectException: Connection refused: connect
	at java.net.DualStackPlainSocketImpl.waitForConnect(Native Method)
	at java.net.DualStackPlainSocketImpl.socketConnect(DualStackPlainSocketImpl.java:81)
	at java.net.AbstractPlainSocketImpl.doConnect(AbstractPlainSocketImpl.java:476)
	at java.net.AbstractPlainSocketImpl.connectToAddress(AbstractPlainSocketImpl.java:218)
	at java.net.AbstractPlainSocketImpl.connect(AbstractPlainSocketImpl.java:200)
	at java.net.PlainSocketImpl.connect(PlainSocketImpl.java:162)
	at java.net.SocksSocketImpl.connect(SocksSocketImpl.java:394)
	at java.net.Socket.connect(Socket.java:606)
	at sun.net.NetworkClient.doConnect(NetworkClient.java:175)
	at sun.net.www.http.HttpClient.openServer(HttpClient.java:463)
	at sun.net.www.http.HttpClient.openServer(HttpClient.java:558)
	at sun.net.www.http.HttpClient.<init>(HttpClient.java:242)
	at sun.net.www.http.HttpClient.New(HttpClient.java:339)
	at sun.net.www.http.HttpClient.New(HttpClient.java:357)
	at sun.net.www.protocol.http.HttpURLConnection.getNewHttpClient(HttpURLConnection.java:1226)
	at sun.net.www.protocol.http.HttpURLConnection.plainConnect0(HttpURLConnection.java:1162)
	at sun.net.www.protocol.http.HttpURLConnection.plainConnect(HttpURLConnection.java:1056)
	at sun.net.www.protocol.http.HttpURLConnection.connect(HttpURLConnection.java:990)
	at sun.net.www.protocol.http.HttpURLConnection.getInputStream0(HttpURLConnection.java:1570)
	at sun.net.www.protocol.http.HttpURLConnection.getInputStream(HttpURLConnection.java:1498)
	at java.net.HttpURLConnection.getResponseCode(HttpURLConnection.java:480)
	at feign.Client$Default.convertResponse(Client.java:108)
	at feign.Client$Default.execute(Client.java:104)
	at org.springframework.cloud.openfeign.ribbon.FeignLoadBalancer.execute(FeignLoadBalancer.java:98)
	at org.springframework.cloud.openfeign.ribbon.FeignLoadBalancer.execute(FeignLoadBalancer.java:56)
	at com.netflix.client.AbstractLoadBalancerAwareClient$1.call(AbstractLoadBalancerAwareClient.java:104)
	at com.netflix.loadbalancer.reactive.LoadBalancerCommand$3$1.call(LoadBalancerCommand.java:303)
	at com.netflix.loadbalancer.reactive.LoadBalancerCommand$3$1.call(LoadBalancerCommand.java:287)
	at rx.internal.util.ScalarSynchronousObservable$3.call(ScalarSynchronousObservable.java:231)
	at rx.internal.util.ScalarSynchronousObservable$3.call(ScalarSynchronousObservable.java:228)
	at rx.Observable.unsafeSubscribe(Observable.java:10327)
	at rx.internal.operators.OnSubscribeConcatMap$ConcatMapSubscriber.drain(OnSubscribeConcatMap.java:286)
	at rx.internal.operators.OnSubscribeConcatMap$ConcatMapSubscriber.onNext(OnSubscribeConcatMap.java:144)
	at com.netflix.loadbalancer.reactive.LoadBalancerCommand$1.call(LoadBalancerCommand.java:185)
	at com.netflix.loadbalancer.reactive.LoadBalancerCommand$1.call(LoadBalancerCommand.java:180)
	at rx.Observable.unsafeSubscribe(Observable.java:10327)
	at rx.internal.operators.OnSubscribeConcatMap.call(OnSubscribeConcatMap.java:94)
	at rx.internal.operators.OnSubscribeConcatMap.call(OnSubscribeConcatMap.java:42)
	at rx.Observable.unsafeSubscribe(Observable.java:10327)
	at rx.internal.operators.OperatorRetryWithPredicate$SourceSubscriber$1.call(OperatorRetryWithPredicate.java:127)
	at rx.internal.schedulers.TrampolineScheduler$InnerCurrentThreadScheduler.enqueue(TrampolineScheduler.java:73)
	at rx.internal.schedulers.TrampolineScheduler$InnerCurrentThreadScheduler.schedule(TrampolineScheduler.java:52)
	at rx.internal.operators.OperatorRetryWithPredicate$SourceSubscriber.onNext(OperatorRetryWithPredicate.java:79)
	at rx.internal.operators.OperatorRetryWithPredicate$SourceSubscriber.onNext(OperatorRetryWithPredicate.java:45)
	at rx.internal.util.ScalarSynchronousObservable$WeakSingleProducer.request(ScalarSynchronousObservable.java:276)
	at rx.Subscriber.setProducer(Subscriber.java:209)
	at rx.internal.util.ScalarSynchronousObservable$JustOnSubscribe.call(ScalarSynchronousObservable.java:138)
	at rx.internal.util.ScalarSynchronousObservable$JustOnSubscribe.call(ScalarSynchronousObservable.java:129)
	at rx.internal.operators.OnSubscribeLift.call(OnSubscribeLift.java:48)
	at rx.internal.operators.OnSubscribeLift.call(OnSubscribeLift.java:30)
	at rx.internal.operators.OnSubscribeLift.call(OnSubscribeLift.java:48)
	at rx.internal.operators.OnSubscribeLift.call(OnSubscribeLift.java:30)
	at rx.internal.operators.OnSubscribeLift.call(OnSubscribeLift.java:48)
	at rx.internal.operators.OnSubscribeLift.call(OnSubscribeLift.java:30)
	at rx.Observable.subscribe(Observable.java:10423)
	at rx.Observable.subscribe(Observable.java:10390)
	at rx.observables.BlockingObservable.blockForSingle(BlockingObservable.java:443)
	at rx.observables.BlockingObservable.single(BlockingObservable.java:340)
	at com.netflix.client.AbstractLoadBalancerAwareClient.executeWithLoadBalancer(AbstractLoadBalancerAwareClient.java:112)
	at org.springframework.cloud.openfeign.ribbon.LoadBalancerFeignClient.execute(LoadBalancerFeignClient.java:84)
	at feign.SynchronousMethodHandler.executeAndDecode(SynchronousMethodHandler.java:119)
	... 15 common frames omitted
2022-02-11 21:32:04.066 [task-584] ERROR org.springframework.aop.interceptor.SimpleAsyncUncaughtExceptionHandler -
                Unexpected exception occurred invoking async method: public void com.novedu.nov.statistics.task.MultiThreadScheduleTask.asyncCourseViewCount()
feign.RetryableException: Connection refused: connect executing GET http://service-edu/edu/course/statistics/course/playCount
	at feign.FeignException.errorExecuting(FeignException.java:249)
	at feign.SynchronousMethodHandler.executeAndDecode(SynchronousMethodHandler.java:129)
	at feign.SynchronousMethodHandler.invoke(SynchronousMethodHandler.java:89)
	at feign.ReflectiveFeign$FeignInvocationHandler.invoke(ReflectiveFeign.java:100)
	at com.sun.proxy.$Proxy120.statisticsCoursePlayCount(Unknown Source)
	at com.novedu.nov.statistics.task.MultiThreadScheduleTask.asyncCourseViewCount(MultiThreadScheduleTask.java:33)
	at com.novedu.nov.statistics.task.MultiThreadScheduleTask$$FastClassBySpringCGLIB$$a711be28.invoke(<generated>)
	at org.springframework.cglib.proxy.MethodProxy.invoke(MethodProxy.java:218)
	at org.springframework.aop.framework.CglibAopProxy$CglibMethodInvocation.invokeJoinpoint(CglibAopProxy.java:779)
	at org.springframework.aop.framework.ReflectiveMethodInvocation.proceed(ReflectiveMethodInvocation.java:163)
	at org.springframework.aop.framework.CglibAopProxy$CglibMethodInvocation.proceed(CglibAopProxy.java:750)
	at org.springframework.aop.interceptor.AsyncExecutionInterceptor.lambda$invoke$0(AsyncExecutionInterceptor.java:115)
	at java.util.concurrent.FutureTask.run$$$capture(FutureTask.java:266)
	at java.util.concurrent.FutureTask.run(FutureTask.java)
	at java.util.concurrent.ThreadPoolExecutor.runWorker(ThreadPoolExecutor.java:1149)
	at java.util.concurrent.ThreadPoolExecutor$Worker.run(ThreadPoolExecutor.java:624)
	at java.lang.Thread.run(Thread.java:748)
Caused by: java.net.ConnectException: Connection refused: connect
	at java.net.DualStackPlainSocketImpl.waitForConnect(Native Method)
	at java.net.DualStackPlainSocketImpl.socketConnect(DualStackPlainSocketImpl.java:81)
	at java.net.AbstractPlainSocketImpl.doConnect(AbstractPlainSocketImpl.java:476)
	at java.net.AbstractPlainSocketImpl.connectToAddress(AbstractPlainSocketImpl.java:218)
	at java.net.AbstractPlainSocketImpl.connect(AbstractPlainSocketImpl.java:200)
	at java.net.PlainSocketImpl.connect(PlainSocketImpl.java:162)
	at java.net.SocksSocketImpl.connect(SocksSocketImpl.java:394)
	at java.net.Socket.connect(Socket.java:606)
	at sun.net.NetworkClient.doConnect(NetworkClient.java:175)
	at sun.net.www.http.HttpClient.openServer(HttpClient.java:463)
	at sun.net.www.http.HttpClient.openServer(HttpClient.java:558)
	at sun.net.www.http.HttpClient.<init>(HttpClient.java:242)
	at sun.net.www.http.HttpClient.New(HttpClient.java:339)
	at sun.net.www.http.HttpClient.New(HttpClient.java:357)
	at sun.net.www.protocol.http.HttpURLConnection.getNewHttpClient(HttpURLConnection.java:1226)
	at sun.net.www.protocol.http.HttpURLConnection.plainConnect0(HttpURLConnection.java:1162)
	at sun.net.www.protocol.http.HttpURLConnection.plainConnect(HttpURLConnection.java:1056)
	at sun.net.www.protocol.http.HttpURLConnection.connect(HttpURLConnection.java:990)
	at sun.net.www.protocol.http.HttpURLConnection.getInputStream0(HttpURLConnection.java:1570)
	at sun.net.www.protocol.http.HttpURLConnection.getInputStream(HttpURLConnection.java:1498)
	at java.net.HttpURLConnection.getResponseCode(HttpURLConnection.java:480)
	at feign.Client$Default.convertResponse(Client.java:108)
	at feign.Client$Default.execute(Client.java:104)
	at org.springframework.cloud.openfeign.ribbon.FeignLoadBalancer.execute(FeignLoadBalancer.java:98)
	at org.springframework.cloud.openfeign.ribbon.FeignLoadBalancer.execute(FeignLoadBalancer.java:56)
	at com.netflix.client.AbstractLoadBalancerAwareClient$1.call(AbstractLoadBalancerAwareClient.java:104)
	at com.netflix.loadbalancer.reactive.LoadBalancerCommand$3$1.call(LoadBalancerCommand.java:303)
	at com.netflix.loadbalancer.reactive.LoadBalancerCommand$3$1.call(LoadBalancerCommand.java:287)
	at rx.internal.util.ScalarSynchronousObservable$3.call(ScalarSynchronousObservable.java:231)
	at rx.internal.util.ScalarSynchronousObservable$3.call(ScalarSynchronousObservable.java:228)
	at rx.Observable.unsafeSubscribe(Observable.java:10327)
	at rx.internal.operators.OnSubscribeConcatMap$ConcatMapSubscriber.drain(OnSubscribeConcatMap.java:286)
	at rx.internal.operators.OnSubscribeConcatMap$ConcatMapSubscriber.onNext(OnSubscribeConcatMap.java:144)
	at com.netflix.loadbalancer.reactive.LoadBalancerCommand$1.call(LoadBalancerCommand.java:185)
	at com.netflix.loadbalancer.reactive.LoadBalancerCommand$1.call(LoadBalancerCommand.java:180)
	at rx.Observable.unsafeSubscribe(Observable.java:10327)
	at rx.internal.operators.OnSubscribeConcatMap.call(OnSubscribeConcatMap.java:94)
	at rx.internal.operators.OnSubscribeConcatMap.call(OnSubscribeConcatMap.java:42)
	at rx.Observable.unsafeSubscribe(Observable.java:10327)
	at rx.internal.operators.OperatorRetryWithPredicate$SourceSubscriber$1.call(OperatorRetryWithPredicate.java:127)
	at rx.internal.schedulers.TrampolineScheduler$InnerCurrentThreadScheduler.enqueue(TrampolineScheduler.java:73)
	at rx.internal.schedulers.TrampolineScheduler$InnerCurrentThreadScheduler.schedule(TrampolineScheduler.java:52)
	at rx.internal.operators.OperatorRetryWithPredicate$SourceSubscriber.onNext(OperatorRetryWithPredicate.java:79)
	at rx.internal.operators.OperatorRetryWithPredicate$SourceSubscriber.onNext(OperatorRetryWithPredicate.java:45)
	at rx.internal.util.ScalarSynchronousObservable$WeakSingleProducer.request(ScalarSynchronousObservable.java:276)
	at rx.Subscriber.setProducer(Subscriber.java:209)
	at rx.internal.util.ScalarSynchronousObservable$JustOnSubscribe.call(ScalarSynchronousObservable.java:138)
	at rx.internal.util.ScalarSynchronousObservable$JustOnSubscribe.call(ScalarSynchronousObservable.java:129)
	at rx.internal.operators.OnSubscribeLift.call(OnSubscribeLift.java:48)
	at rx.internal.operators.OnSubscribeLift.call(OnSubscribeLift.java:30)
	at rx.internal.operators.OnSubscribeLift.call(OnSubscribeLift.java:48)
	at rx.internal.operators.OnSubscribeLift.call(OnSubscribeLift.java:30)
	at rx.internal.operators.OnSubscribeLift.call(OnSubscribeLift.java:48)
	at rx.internal.operators.OnSubscribeLift.call(OnSubscribeLift.java:30)
	at rx.Observable.subscribe(Observable.java:10423)
	at rx.Observable.subscribe(Observable.java:10390)
	at rx.observables.BlockingObservable.blockForSingle(BlockingObservable.java:443)
	at rx.observables.BlockingObservable.single(BlockingObservable.java:340)
	at com.netflix.client.AbstractLoadBalancerAwareClient.executeWithLoadBalancer(AbstractLoadBalancerAwareClient.java:112)
	at org.springframework.cloud.openfeign.ribbon.LoadBalancerFeignClient.execute(LoadBalancerFeignClient.java:84)
	at feign.SynchronousMethodHandler.executeAndDecode(SynchronousMethodHandler.java:119)
	... 15 common frames omitted
2022-02-11 21:32:04.066 [task-585] ERROR org.springframework.aop.interceptor.SimpleAsyncUncaughtExceptionHandler -
                Unexpected exception occurred invoking async method: public void com.novedu.nov.statistics.task.MultiThreadScheduleTask.statisticsCourseApplyCount()
feign.RetryableException: Connection refused: connect executing GET http://service-edu/edu/course/statistics/course/applyCount
	at feign.FeignException.errorExecuting(FeignException.java:249)
	at feign.SynchronousMethodHandler.executeAndDecode(SynchronousMethodHandler.java:129)
	at feign.SynchronousMethodHandler.invoke(SynchronousMethodHandler.java:89)
	at feign.ReflectiveFeign$FeignInvocationHandler.invoke(ReflectiveFeign.java:100)
	at com.sun.proxy.$Proxy120.statisticsCourseApplyCount(Unknown Source)
	at com.novedu.nov.statistics.task.MultiThreadScheduleTask.statisticsCourseApplyCount(MultiThreadScheduleTask.java:41)
	at com.novedu.nov.statistics.task.MultiThreadScheduleTask$$FastClassBySpringCGLIB$$a711be28.invoke(<generated>)
	at org.springframework.cglib.proxy.MethodProxy.invoke(MethodProxy.java:218)
	at org.springframework.aop.framework.CglibAopProxy$CglibMethodInvocation.invokeJoinpoint(CglibAopProxy.java:779)
	at org.springframework.aop.framework.ReflectiveMethodInvocation.proceed(ReflectiveMethodInvocation.java:163)
	at org.springframework.aop.framework.CglibAopProxy$CglibMethodInvocation.proceed(CglibAopProxy.java:750)
	at org.springframework.aop.interceptor.AsyncExecutionInterceptor.lambda$invoke$0(AsyncExecutionInterceptor.java:115)
	at java.util.concurrent.FutureTask.run$$$capture(FutureTask.java:266)
	at java.util.concurrent.FutureTask.run(FutureTask.java)
	at java.util.concurrent.ThreadPoolExecutor.runWorker(ThreadPoolExecutor.java:1149)
	at java.util.concurrent.ThreadPoolExecutor$Worker.run(ThreadPoolExecutor.java:624)
	at java.lang.Thread.run(Thread.java:748)
Caused by: java.net.ConnectException: Connection refused: connect
	at java.net.DualStackPlainSocketImpl.waitForConnect(Native Method)
	at java.net.DualStackPlainSocketImpl.socketConnect(DualStackPlainSocketImpl.java:81)
	at java.net.AbstractPlainSocketImpl.doConnect(AbstractPlainSocketImpl.java:476)
	at java.net.AbstractPlainSocketImpl.connectToAddress(AbstractPlainSocketImpl.java:218)
	at java.net.AbstractPlainSocketImpl.connect(AbstractPlainSocketImpl.java:200)
	at java.net.PlainSocketImpl.connect(PlainSocketImpl.java:162)
	at java.net.SocksSocketImpl.connect(SocksSocketImpl.java:394)
	at java.net.Socket.connect(Socket.java:606)
	at sun.net.NetworkClient.doConnect(NetworkClient.java:175)
	at sun.net.www.http.HttpClient.openServer(HttpClient.java:463)
	at sun.net.www.http.HttpClient.openServer(HttpClient.java:558)
	at sun.net.www.http.HttpClient.<init>(HttpClient.java:242)
	at sun.net.www.http.HttpClient.New(HttpClient.java:339)
	at sun.net.www.http.HttpClient.New(HttpClient.java:357)
	at sun.net.www.protocol.http.HttpURLConnection.getNewHttpClient(HttpURLConnection.java:1226)
	at sun.net.www.protocol.http.HttpURLConnection.plainConnect0(HttpURLConnection.java:1162)
	at sun.net.www.protocol.http.HttpURLConnection.plainConnect(HttpURLConnection.java:1056)
	at sun.net.www.protocol.http.HttpURLConnection.connect(HttpURLConnection.java:990)
	at sun.net.www.protocol.http.HttpURLConnection.getInputStream0(HttpURLConnection.java:1570)
	at sun.net.www.protocol.http.HttpURLConnection.getInputStream(HttpURLConnection.java:1498)
	at java.net.HttpURLConnection.getResponseCode(HttpURLConnection.java:480)
	at feign.Client$Default.convertResponse(Client.java:108)
	at feign.Client$Default.execute(Client.java:104)
	at org.springframework.cloud.openfeign.ribbon.FeignLoadBalancer.execute(FeignLoadBalancer.java:98)
	at org.springframework.cloud.openfeign.ribbon.FeignLoadBalancer.execute(FeignLoadBalancer.java:56)
	at com.netflix.client.AbstractLoadBalancerAwareClient$1.call(AbstractLoadBalancerAwareClient.java:104)
	at com.netflix.loadbalancer.reactive.LoadBalancerCommand$3$1.call(LoadBalancerCommand.java:303)
	at com.netflix.loadbalancer.reactive.LoadBalancerCommand$3$1.call(LoadBalancerCommand.java:287)
	at rx.internal.util.ScalarSynchronousObservable$3.call(ScalarSynchronousObservable.java:231)
	at rx.internal.util.ScalarSynchronousObservable$3.call(ScalarSynchronousObservable.java:228)
	at rx.Observable.unsafeSubscribe(Observable.java:10327)
	at rx.internal.operators.OnSubscribeConcatMap$ConcatMapSubscriber.drain(OnSubscribeConcatMap.java:286)
	at rx.internal.operators.OnSubscribeConcatMap$ConcatMapSubscriber.onNext(OnSubscribeConcatMap.java:144)
	at com.netflix.loadbalancer.reactive.LoadBalancerCommand$1.call(LoadBalancerCommand.java:185)
	at com.netflix.loadbalancer.reactive.LoadBalancerCommand$1.call(LoadBalancerCommand.java:180)
	at rx.Observable.unsafeSubscribe(Observable.java:10327)
	at rx.internal.operators.OnSubscribeConcatMap.call(OnSubscribeConcatMap.java:94)
	at rx.internal.operators.OnSubscribeConcatMap.call(OnSubscribeConcatMap.java:42)
	at rx.Observable.unsafeSubscribe(Observable.java:10327)
	at rx.internal.operators.OperatorRetryWithPredicate$SourceSubscriber$1.call(OperatorRetryWithPredicate.java:127)
	at rx.internal.schedulers.TrampolineScheduler$InnerCurrentThreadScheduler.enqueue(TrampolineScheduler.java:73)
	at rx.internal.schedulers.TrampolineScheduler$InnerCurrentThreadScheduler.schedule(TrampolineScheduler.java:52)
	at rx.internal.operators.OperatorRetryWithPredicate$SourceSubscriber.onNext(OperatorRetryWithPredicate.java:79)
	at rx.internal.operators.OperatorRetryWithPredicate$SourceSubscriber.onNext(OperatorRetryWithPredicate.java:45)
	at rx.internal.util.ScalarSynchronousObservable$WeakSingleProducer.request(ScalarSynchronousObservable.java:276)
	at rx.Subscriber.setProducer(Subscriber.java:209)
	at rx.internal.util.ScalarSynchronousObservable$JustOnSubscribe.call(ScalarSynchronousObservable.java:138)
	at rx.internal.util.ScalarSynchronousObservable$JustOnSubscribe.call(ScalarSynchronousObservable.java:129)
	at rx.internal.operators.OnSubscribeLift.call(OnSubscribeLift.java:48)
	at rx.internal.operators.OnSubscribeLift.call(OnSubscribeLift.java:30)
	at rx.internal.operators.OnSubscribeLift.call(OnSubscribeLift.java:48)
	at rx.internal.operators.OnSubscribeLift.call(OnSubscribeLift.java:30)
	at rx.internal.operators.OnSubscribeLift.call(OnSubscribeLift.java:48)
	at rx.internal.operators.OnSubscribeLift.call(OnSubscribeLift.java:30)
	at rx.Observable.subscribe(Observable.java:10423)
	at rx.Observable.subscribe(Observable.java:10390)
	at rx.observables.BlockingObservable.blockForSingle(BlockingObservable.java:443)
	at rx.observables.BlockingObservable.single(BlockingObservable.java:340)
	at com.netflix.client.AbstractLoadBalancerAwareClient.executeWithLoadBalancer(AbstractLoadBalancerAwareClient.java:112)
	at org.springframework.cloud.openfeign.ribbon.LoadBalancerFeignClient.execute(LoadBalancerFeignClient.java:84)
	at feign.SynchronousMethodHandler.executeAndDecode(SynchronousMethodHandler.java:119)
	... 15 common frames omitted
2022-02-11 21:32:28.117 [main] ERROR com.zaxxer.hikari.pool.HikariPool -
                HikariPool-1 - Exception during pool initialization.
java.sql.SQLNonTransientConnectionException: Data source rejected establishment of connection,  message from server: "Too many connections"
	at com.mysql.cj.jdbc.exceptions.SQLError.createSQLException(SQLError.java:110)
	at com.mysql.cj.jdbc.exceptions.SQLExceptionsMapping.translateException(SQLExceptionsMapping.java:122)
	at com.mysql.cj.jdbc.ConnectionImpl.createNewIO(ConnectionImpl.java:828)
	at com.mysql.cj.jdbc.ConnectionImpl.<init>(ConnectionImpl.java:448)
	at com.mysql.cj.jdbc.ConnectionImpl.getInstance(ConnectionImpl.java:241)
	at com.mysql.cj.jdbc.NonRegisteringDriver.connect(NonRegisteringDriver.java:198)
	at com.zaxxer.hikari.util.DriverDataSource.getConnection(DriverDataSource.java:138)
	at com.zaxxer.hikari.pool.PoolBase.newConnection(PoolBase.java:358)
	at com.zaxxer.hikari.pool.PoolBase.newPoolEntry(PoolBase.java:206)
	at com.zaxxer.hikari.pool.HikariPool.createPoolEntry(HikariPool.java:477)
	at com.zaxxer.hikari.pool.HikariPool.checkFailFast(HikariPool.java:560)
	at com.zaxxer.hikari.pool.HikariPool.<init>(HikariPool.java:115)
	at com.zaxxer.hikari.HikariDataSource.getConnection(HikariDataSource.java:112)
	at org.springframework.jdbc.datasource.DataSourceUtils.fetchConnection(DataSourceUtils.java:158)
	at org.springframework.jdbc.datasource.DataSourceUtils.doGetConnection(DataSourceUtils.java:116)
	at org.springframework.jdbc.datasource.DataSourceUtils.getConnection(DataSourceUtils.java:79)
	at org.mybatis.spring.transaction.SpringManagedTransaction.openConnection(SpringManagedTransaction.java:80)
	at org.mybatis.spring.transaction.SpringManagedTransaction.getConnection(SpringManagedTransaction.java:67)
	at org.apache.ibatis.executor.BaseExecutor.getConnection(BaseExecutor.java:337)
	at com.baomidou.mybatisplus.core.executor.MybatisSimpleExecutor.prepareStatement(MybatisSimpleExecutor.java:93)
	at com.baomidou.mybatisplus.core.executor.MybatisSimpleExecutor.doQuery(MybatisSimpleExecutor.java:68)
	at org.apache.ibatis.executor.BaseExecutor.queryFromDatabase(BaseExecutor.java:325)
	at org.apache.ibatis.executor.BaseExecutor.query(BaseExecutor.java:156)
	at com.baomidou.mybatisplus.core.executor.MybatisCachingExecutor.query(MybatisCachingExecutor.java:165)
	at com.baomidou.mybatisplus.extension.plugins.MybatisPlusInterceptor.intercept(MybatisPlusInterceptor.java:65)
	at org.apache.ibatis.plugin.Plugin.invoke(Plugin.java:61)
	at com.sun.proxy.$Proxy160.query(Unknown Source)
	at org.apache.ibatis.session.defaults.DefaultSqlSession.selectList(DefaultSqlSession.java:147)
	at org.apache.ibatis.session.defaults.DefaultSqlSession.selectList(DefaultSqlSession.java:140)
	at sun.reflect.NativeMethodAccessorImpl.invoke0(Native Method)
	at sun.reflect.NativeMethodAccessorImpl.invoke(NativeMethodAccessorImpl.java:62)
	at sun.reflect.DelegatingMethodAccessorImpl.invoke(DelegatingMethodAccessorImpl.java:43)
	at java.lang.reflect.Method.invoke(Method.java:498)
	at org.mybatis.spring.SqlSessionTemplate$SqlSessionInterceptor.invoke(SqlSessionTemplate.java:426)
	at com.sun.proxy.$Proxy117.selectList(Unknown Source)
	at org.mybatis.spring.SqlSessionTemplate.selectList(SqlSessionTemplate.java:223)
	at com.baomidou.mybatisplus.core.override.MybatisMapperMethod.executeForMany(MybatisMapperMethod.java:173)
	at com.baomidou.mybatisplus.core.override.MybatisMapperMethod.execute(MybatisMapperMethod.java:78)
	at com.baomidou.mybatisplus.core.override.MybatisMapperProxy$PlainMethodInvoker.invoke(MybatisMapperProxy.java:148)
	at com.baomidou.mybatisplus.core.override.MybatisMapperProxy.invoke(MybatisMapperProxy.java:89)
	at com.sun.proxy.$Proxy157.selectList(Unknown Source)
	at com.baomidou.mybatisplus.extension.service.IService.list(IService.java:279)
	at com.baomidou.mybatisplus.extension.service.IService.list(IService.java:288)
	at com.baomidou.mybatisplus.extension.service.IService$$FastClassBySpringCGLIB$$f8525d18.invoke(<generated>)
	at org.springframework.cglib.proxy.MethodProxy.invoke(MethodProxy.java:218)
	at org.springframework.aop.framework.CglibAopProxy$DynamicAdvisedInterceptor.intercept(CglibAopProxy.java:688)
	at com.novedu.nov.common.module.service.impl.SysConfigServiceImpl$$EnhancerBySpringCGLIB$$a3032f2c.list(<generated>)
	at com.novedu.nov.common.config.SysConfigCache.afterPropertiesSet(SysConfigCache.java:29)
	at org.springframework.beans.factory.support.AbstractAutowireCapableBeanFactory.invokeInitMethods(AbstractAutowireCapableBeanFactory.java:1858)
	at org.springframework.beans.factory.support.AbstractAutowireCapableBeanFactory.initializeBean(AbstractAutowireCapableBeanFactory.java:1795)
	at org.springframework.beans.factory.support.AbstractAutowireCapableBeanFactory.doCreateBean(AbstractAutowireCapableBeanFactory.java:594)
	at org.springframework.beans.factory.support.AbstractAutowireCapableBeanFactory.createBean(AbstractAutowireCapableBeanFactory.java:516)
	at org.springframework.beans.factory.support.AbstractBeanFactory.lambda$doGetBean$0(AbstractBeanFactory.java:324)
	at org.springframework.beans.factory.support.DefaultSingletonBeanRegistry.getSingleton(DefaultSingletonBeanRegistry.java:234)
	at org.springframework.beans.factory.support.AbstractBeanFactory.doGetBean(AbstractBeanFactory.java:322)
	at org.springframework.beans.factory.support.AbstractBeanFactory.getBean(AbstractBeanFactory.java:202)
	at org.springframework.beans.factory.support.DefaultListableBeanFactory.preInstantiateSingletons(DefaultListableBeanFactory.java:897)
	at org.springframework.context.support.AbstractApplicationContext.finishBeanFactoryInitialization(AbstractApplicationContext.java:879)
	at org.springframework.context.support.AbstractApplicationContext.refresh(AbstractApplicationContext.java:551)
	at org.springframework.boot.web.servlet.context.ServletWebServerApplicationContext.refresh(ServletWebServerApplicationContext.java:143)
	at org.springframework.boot.SpringApplication.refresh(SpringApplication.java:755)
	at org.springframework.boot.SpringApplication.refresh(SpringApplication.java:747)
	at org.springframework.boot.SpringApplication.refreshContext(SpringApplication.java:402)
	at org.springframework.boot.SpringApplication.run(SpringApplication.java:312)
	at org.springframework.boot.SpringApplication.run(SpringApplication.java:1247)
	at org.springframework.boot.SpringApplication.run(SpringApplication.java:1236)
	at com.novedu.nov.EduServiceApplication.main(EduServiceApplication.java:30)
2022-02-11 21:32:28.169 [main] ERROR org.springframework.boot.SpringApplication -
                Application run failed
org.springframework.beans.factory.BeanCreationException: Error creating bean with name 'sysConfigCache' defined in file [F:\my space\nov-edu\server\nov-starter\nov-common\target\classes\com\novedu\nov\common\config\SysConfigCache.class]: Invocation of init method failed; nested exception is org.mybatis.spring.MyBatisSystemException: nested exception is org.apache.ibatis.exceptions.PersistenceException: 
### Error querying database.  Cause: org.springframework.jdbc.CannotGetJdbcConnectionException: Failed to obtain JDBC Connection; nested exception is java.sql.SQLNonTransientConnectionException: Data source rejected establishment of connection,  message from server: "Too many connections"
### The error may exist in com/novedu/nov/common/module/mapper/SysConfigMapper.java (best guess)
### The error may involve com.novedu.nov.common.module.mapper.SysConfigMapper.selectList
### The error occurred while executing a query
### Cause: org.springframework.jdbc.CannotGetJdbcConnectionException: Failed to obtain JDBC Connection; nested exception is java.sql.SQLNonTransientConnectionException: Data source rejected establishment of connection,  message from server: "Too many connections"
	at org.springframework.beans.factory.support.AbstractAutowireCapableBeanFactory.initializeBean(AbstractAutowireCapableBeanFactory.java:1799)
	at org.springframework.beans.factory.support.AbstractAutowireCapableBeanFactory.doCreateBean(AbstractAutowireCapableBeanFactory.java:594)
	at org.springframework.beans.factory.support.AbstractAutowireCapableBeanFactory.createBean(AbstractAutowireCapableBeanFactory.java:516)
	at org.springframework.beans.factory.support.AbstractBeanFactory.lambda$doGetBean$0(AbstractBeanFactory.java:324)
	at org.springframework.beans.factory.support.DefaultSingletonBeanRegistry.getSingleton(DefaultSingletonBeanRegistry.java:234)
	at org.springframework.beans.factory.support.AbstractBeanFactory.doGetBean(AbstractBeanFactory.java:322)
	at org.springframework.beans.factory.support.AbstractBeanFactory.getBean(AbstractBeanFactory.java:202)
	at org.springframework.beans.factory.support.DefaultListableBeanFactory.preInstantiateSingletons(DefaultListableBeanFactory.java:897)
	at org.springframework.context.support.AbstractApplicationContext.finishBeanFactoryInitialization(AbstractApplicationContext.java:879)
	at org.springframework.context.support.AbstractApplicationContext.refresh(AbstractApplicationContext.java:551)
	at org.springframework.boot.web.servlet.context.ServletWebServerApplicationContext.refresh(ServletWebServerApplicationContext.java:143)
	at org.springframework.boot.SpringApplication.refresh(SpringApplication.java:755)
	at org.springframework.boot.SpringApplication.refresh(SpringApplication.java:747)
	at org.springframework.boot.SpringApplication.refreshContext(SpringApplication.java:402)
	at org.springframework.boot.SpringApplication.run(SpringApplication.java:312)
	at org.springframework.boot.SpringApplication.run(SpringApplication.java:1247)
	at org.springframework.boot.SpringApplication.run(SpringApplication.java:1236)
	at com.novedu.nov.EduServiceApplication.main(EduServiceApplication.java:30)
Caused by: org.mybatis.spring.MyBatisSystemException: nested exception is org.apache.ibatis.exceptions.PersistenceException: 
### Error querying database.  Cause: org.springframework.jdbc.CannotGetJdbcConnectionException: Failed to obtain JDBC Connection; nested exception is java.sql.SQLNonTransientConnectionException: Data source rejected establishment of connection,  message from server: "Too many connections"
### The error may exist in com/novedu/nov/common/module/mapper/SysConfigMapper.java (best guess)
### The error may involve com.novedu.nov.common.module.mapper.SysConfigMapper.selectList
### The error occurred while executing a query
### Cause: org.springframework.jdbc.CannotGetJdbcConnectionException: Failed to obtain JDBC Connection; nested exception is java.sql.SQLNonTransientConnectionException: Data source rejected establishment of connection,  message from server: "Too many connections"
	at org.mybatis.spring.MyBatisExceptionTranslator.translateExceptionIfPossible(MyBatisExceptionTranslator.java:92)
	at org.mybatis.spring.SqlSessionTemplate$SqlSessionInterceptor.invoke(SqlSessionTemplate.java:440)
	at com.sun.proxy.$Proxy117.selectList(Unknown Source)
	at org.mybatis.spring.SqlSessionTemplate.selectList(SqlSessionTemplate.java:223)
	at com.baomidou.mybatisplus.core.override.MybatisMapperMethod.executeForMany(MybatisMapperMethod.java:173)
	at com.baomidou.mybatisplus.core.override.MybatisMapperMethod.execute(MybatisMapperMethod.java:78)
	at com.baomidou.mybatisplus.core.override.MybatisMapperProxy$PlainMethodInvoker.invoke(MybatisMapperProxy.java:148)
	at com.baomidou.mybatisplus.core.override.MybatisMapperProxy.invoke(MybatisMapperProxy.java:89)
	at com.sun.proxy.$Proxy157.selectList(Unknown Source)
	at com.baomidou.mybatisplus.extension.service.IService.list(IService.java:279)
	at com.baomidou.mybatisplus.extension.service.IService.list(IService.java:288)
	at com.baomidou.mybatisplus.extension.service.IService$$FastClassBySpringCGLIB$$f8525d18.invoke(<generated>)
	at org.springframework.cglib.proxy.MethodProxy.invoke(MethodProxy.java:218)
	at org.springframework.aop.framework.CglibAopProxy$DynamicAdvisedInterceptor.intercept(CglibAopProxy.java:688)
	at com.novedu.nov.common.module.service.impl.SysConfigServiceImpl$$EnhancerBySpringCGLIB$$a3032f2c.list(<generated>)
	at com.novedu.nov.common.config.SysConfigCache.afterPropertiesSet(SysConfigCache.java:29)
	at org.springframework.beans.factory.support.AbstractAutowireCapableBeanFactory.invokeInitMethods(AbstractAutowireCapableBeanFactory.java:1858)
	at org.springframework.beans.factory.support.AbstractAutowireCapableBeanFactory.initializeBean(AbstractAutowireCapableBeanFactory.java:1795)
	... 17 common frames omitted
Caused by: org.apache.ibatis.exceptions.PersistenceException: 
### Error querying database.  Cause: org.springframework.jdbc.CannotGetJdbcConnectionException: Failed to obtain JDBC Connection; nested exception is java.sql.SQLNonTransientConnectionException: Data source rejected establishment of connection,  message from server: "Too many connections"
### The error may exist in com/novedu/nov/common/module/mapper/SysConfigMapper.java (best guess)
### The error may involve com.novedu.nov.common.module.mapper.SysConfigMapper.selectList
### The error occurred while executing a query
### Cause: org.springframework.jdbc.CannotGetJdbcConnectionException: Failed to obtain JDBC Connection; nested exception is java.sql.SQLNonTransientConnectionException: Data source rejected establishment of connection,  message from server: "Too many connections"
	at org.apache.ibatis.exceptions.ExceptionFactory.wrapException(ExceptionFactory.java:30)
	at org.apache.ibatis.session.defaults.DefaultSqlSession.selectList(DefaultSqlSession.java:149)
	at org.apache.ibatis.session.defaults.DefaultSqlSession.selectList(DefaultSqlSession.java:140)
	at sun.reflect.NativeMethodAccessorImpl.invoke0(Native Method)
	at sun.reflect.NativeMethodAccessorImpl.invoke(NativeMethodAccessorImpl.java:62)
	at sun.reflect.DelegatingMethodAccessorImpl.invoke(DelegatingMethodAccessorImpl.java:43)
	at java.lang.reflect.Method.invoke(Method.java:498)
	at org.mybatis.spring.SqlSessionTemplate$SqlSessionInterceptor.invoke(SqlSessionTemplate.java:426)
	... 33 common frames omitted
Caused by: org.springframework.jdbc.CannotGetJdbcConnectionException: Failed to obtain JDBC Connection; nested exception is java.sql.SQLNonTransientConnectionException: Data source rejected establishment of connection,  message from server: "Too many connections"
	at org.springframework.jdbc.datasource.DataSourceUtils.getConnection(DataSourceUtils.java:82)
	at org.mybatis.spring.transaction.SpringManagedTransaction.openConnection(SpringManagedTransaction.java:80)
	at org.mybatis.spring.transaction.SpringManagedTransaction.getConnection(SpringManagedTransaction.java:67)
	at org.apache.ibatis.executor.BaseExecutor.getConnection(BaseExecutor.java:337)
	at com.baomidou.mybatisplus.core.executor.MybatisSimpleExecutor.prepareStatement(MybatisSimpleExecutor.java:93)
	at com.baomidou.mybatisplus.core.executor.MybatisSimpleExecutor.doQuery(MybatisSimpleExecutor.java:68)
	at org.apache.ibatis.executor.BaseExecutor.queryFromDatabase(BaseExecutor.java:325)
	at org.apache.ibatis.executor.BaseExecutor.query(BaseExecutor.java:156)
	at com.baomidou.mybatisplus.core.executor.MybatisCachingExecutor.query(MybatisCachingExecutor.java:165)
	at com.baomidou.mybatisplus.extension.plugins.MybatisPlusInterceptor.intercept(MybatisPlusInterceptor.java:65)
	at org.apache.ibatis.plugin.Plugin.invoke(Plugin.java:61)
	at com.sun.proxy.$Proxy160.query(Unknown Source)
	at org.apache.ibatis.session.defaults.DefaultSqlSession.selectList(DefaultSqlSession.java:147)
	... 39 common frames omitted
Caused by: java.sql.SQLNonTransientConnectionException: Data source rejected establishment of connection,  message from server: "Too many connections"
	at com.mysql.cj.jdbc.exceptions.SQLError.createSQLException(SQLError.java:110)
	at com.mysql.cj.jdbc.exceptions.SQLExceptionsMapping.translateException(SQLExceptionsMapping.java:122)
	at com.mysql.cj.jdbc.ConnectionImpl.createNewIO(ConnectionImpl.java:828)
	at com.mysql.cj.jdbc.ConnectionImpl.<init>(ConnectionImpl.java:448)
	at com.mysql.cj.jdbc.ConnectionImpl.getInstance(ConnectionImpl.java:241)
	at com.mysql.cj.jdbc.NonRegisteringDriver.connect(NonRegisteringDriver.java:198)
	at com.zaxxer.hikari.util.DriverDataSource.getConnection(DriverDataSource.java:138)
	at com.zaxxer.hikari.pool.PoolBase.newConnection(PoolBase.java:358)
	at com.zaxxer.hikari.pool.PoolBase.newPoolEntry(PoolBase.java:206)
	at com.zaxxer.hikari.pool.HikariPool.createPoolEntry(HikariPool.java:477)
	at com.zaxxer.hikari.pool.HikariPool.checkFailFast(HikariPool.java:560)
	at com.zaxxer.hikari.pool.HikariPool.<init>(HikariPool.java:115)
	at com.zaxxer.hikari.HikariDataSource.getConnection(HikariDataSource.java:112)
	at org.springframework.jdbc.datasource.DataSourceUtils.fetchConnection(DataSourceUtils.java:158)
	at org.springframework.jdbc.datasource.DataSourceUtils.doGetConnection(DataSourceUtils.java:116)
	at org.springframework.jdbc.datasource.DataSourceUtils.getConnection(DataSourceUtils.java:79)
	... 51 common frames omitted
2022-02-11 21:32:30.005 [task-587] ERROR org.springframework.aop.interceptor.SimpleAsyncUncaughtExceptionHandler -
                Unexpected exception occurred invoking async method: public void com.novedu.nov.statistics.task.MultiThreadScheduleTask.statisticsCourseApplyCount()
java.lang.RuntimeException: com.netflix.client.ClientException: Load balancer does not have available server for client: service-edu
	at org.springframework.cloud.openfeign.ribbon.LoadBalancerFeignClient.execute(LoadBalancerFeignClient.java:91)
	at feign.SynchronousMethodHandler.executeAndDecode(SynchronousMethodHandler.java:119)
	at feign.SynchronousMethodHandler.invoke(SynchronousMethodHandler.java:89)
	at feign.ReflectiveFeign$FeignInvocationHandler.invoke(ReflectiveFeign.java:100)
	at com.sun.proxy.$Proxy120.statisticsCourseApplyCount(Unknown Source)
	at com.novedu.nov.statistics.task.MultiThreadScheduleTask.statisticsCourseApplyCount(MultiThreadScheduleTask.java:41)
	at com.novedu.nov.statistics.task.MultiThreadScheduleTask$$FastClassBySpringCGLIB$$a711be28.invoke(<generated>)
	at org.springframework.cglib.proxy.MethodProxy.invoke(MethodProxy.java:218)
	at org.springframework.aop.framework.CglibAopProxy$CglibMethodInvocation.invokeJoinpoint(CglibAopProxy.java:779)
	at org.springframework.aop.framework.ReflectiveMethodInvocation.proceed(ReflectiveMethodInvocation.java:163)
	at org.springframework.aop.framework.CglibAopProxy$CglibMethodInvocation.proceed(CglibAopProxy.java:750)
	at org.springframework.aop.interceptor.AsyncExecutionInterceptor.lambda$invoke$0(AsyncExecutionInterceptor.java:115)
	at java.util.concurrent.FutureTask.run$$$capture(FutureTask.java:266)
	at java.util.concurrent.FutureTask.run(FutureTask.java)
	at java.util.concurrent.ThreadPoolExecutor.runWorker(ThreadPoolExecutor.java:1149)
	at java.util.concurrent.ThreadPoolExecutor$Worker.run(ThreadPoolExecutor.java:624)
	at java.lang.Thread.run(Thread.java:748)
Caused by: com.netflix.client.ClientException: Load balancer does not have available server for client: service-edu
	at com.netflix.loadbalancer.LoadBalancerContext.getServerFromLoadBalancer(LoadBalancerContext.java:483)
	at com.netflix.loadbalancer.reactive.LoadBalancerCommand$1.call(LoadBalancerCommand.java:184)
	at com.netflix.loadbalancer.reactive.LoadBalancerCommand$1.call(LoadBalancerCommand.java:180)
	at rx.Observable.unsafeSubscribe(Observable.java:10327)
	at rx.internal.operators.OnSubscribeConcatMap.call(OnSubscribeConcatMap.java:94)
	at rx.internal.operators.OnSubscribeConcatMap.call(OnSubscribeConcatMap.java:42)
	at rx.Observable.unsafeSubscribe(Observable.java:10327)
	at rx.internal.operators.OperatorRetryWithPredicate$SourceSubscriber$1.call(OperatorRetryWithPredicate.java:127)
	at rx.internal.schedulers.TrampolineScheduler$InnerCurrentThreadScheduler.enqueue(TrampolineScheduler.java:73)
	at rx.internal.schedulers.TrampolineScheduler$InnerCurrentThreadScheduler.schedule(TrampolineScheduler.java:52)
	at rx.internal.operators.OperatorRetryWithPredicate$SourceSubscriber.onNext(OperatorRetryWithPredicate.java:79)
	at rx.internal.operators.OperatorRetryWithPredicate$SourceSubscriber.onNext(OperatorRetryWithPredicate.java:45)
	at rx.internal.util.ScalarSynchronousObservable$WeakSingleProducer.request(ScalarSynchronousObservable.java:276)
	at rx.Subscriber.setProducer(Subscriber.java:209)
	at rx.internal.util.ScalarSynchronousObservable$JustOnSubscribe.call(ScalarSynchronousObservable.java:138)
	at rx.internal.util.ScalarSynchronousObservable$JustOnSubscribe.call(ScalarSynchronousObservable.java:129)
	at rx.internal.operators.OnSubscribeLift.call(OnSubscribeLift.java:48)
	at rx.internal.operators.OnSubscribeLift.call(OnSubscribeLift.java:30)
	at rx.internal.operators.OnSubscribeLift.call(OnSubscribeLift.java:48)
	at rx.internal.operators.OnSubscribeLift.call(OnSubscribeLift.java:30)
	at rx.internal.operators.OnSubscribeLift.call(OnSubscribeLift.java:48)
	at rx.internal.operators.OnSubscribeLift.call(OnSubscribeLift.java:30)
	at rx.Observable.subscribe(Observable.java:10423)
	at rx.Observable.subscribe(Observable.java:10390)
	at rx.observables.BlockingObservable.blockForSingle(BlockingObservable.java:443)
	at rx.observables.BlockingObservable.single(BlockingObservable.java:340)
	at com.netflix.client.AbstractLoadBalancerAwareClient.executeWithLoadBalancer(AbstractLoadBalancerAwareClient.java:112)
	at org.springframework.cloud.openfeign.ribbon.LoadBalancerFeignClient.execute(LoadBalancerFeignClient.java:84)
	... 16 common frames omitted
2022-02-11 21:32:30.005 [task-586] ERROR org.springframework.aop.interceptor.SimpleAsyncUncaughtExceptionHandler -
                Unexpected exception occurred invoking async method: public void com.novedu.nov.statistics.task.MultiThreadScheduleTask.asyncCourseViewCount()
java.lang.RuntimeException: com.netflix.client.ClientException: Load balancer does not have available server for client: service-edu
	at org.springframework.cloud.openfeign.ribbon.LoadBalancerFeignClient.execute(LoadBalancerFeignClient.java:91)
	at feign.SynchronousMethodHandler.executeAndDecode(SynchronousMethodHandler.java:119)
	at feign.SynchronousMethodHandler.invoke(SynchronousMethodHandler.java:89)
	at feign.ReflectiveFeign$FeignInvocationHandler.invoke(ReflectiveFeign.java:100)
	at com.sun.proxy.$Proxy120.statisticsCoursePlayCount(Unknown Source)
	at com.novedu.nov.statistics.task.MultiThreadScheduleTask.asyncCourseViewCount(MultiThreadScheduleTask.java:33)
	at com.novedu.nov.statistics.task.MultiThreadScheduleTask$$FastClassBySpringCGLIB$$a711be28.invoke(<generated>)
	at org.springframework.cglib.proxy.MethodProxy.invoke(MethodProxy.java:218)
	at org.springframework.aop.framework.CglibAopProxy$CglibMethodInvocation.invokeJoinpoint(CglibAopProxy.java:779)
	at org.springframework.aop.framework.ReflectiveMethodInvocation.proceed(ReflectiveMethodInvocation.java:163)
	at org.springframework.aop.framework.CglibAopProxy$CglibMethodInvocation.proceed(CglibAopProxy.java:750)
	at org.springframework.aop.interceptor.AsyncExecutionInterceptor.lambda$invoke$0(AsyncExecutionInterceptor.java:115)
	at java.util.concurrent.FutureTask.run$$$capture(FutureTask.java:266)
	at java.util.concurrent.FutureTask.run(FutureTask.java)
	at java.util.concurrent.ThreadPoolExecutor.runWorker(ThreadPoolExecutor.java:1149)
	at java.util.concurrent.ThreadPoolExecutor$Worker.run(ThreadPoolExecutor.java:624)
	at java.lang.Thread.run(Thread.java:748)
Caused by: com.netflix.client.ClientException: Load balancer does not have available server for client: service-edu
	at com.netflix.loadbalancer.LoadBalancerContext.getServerFromLoadBalancer(LoadBalancerContext.java:483)
	at com.netflix.loadbalancer.reactive.LoadBalancerCommand$1.call(LoadBalancerCommand.java:184)
	at com.netflix.loadbalancer.reactive.LoadBalancerCommand$1.call(LoadBalancerCommand.java:180)
	at rx.Observable.unsafeSubscribe(Observable.java:10327)
	at rx.internal.operators.OnSubscribeConcatMap.call(OnSubscribeConcatMap.java:94)
	at rx.internal.operators.OnSubscribeConcatMap.call(OnSubscribeConcatMap.java:42)
	at rx.Observable.unsafeSubscribe(Observable.java:10327)
	at rx.internal.operators.OperatorRetryWithPredicate$SourceSubscriber$1.call(OperatorRetryWithPredicate.java:127)
	at rx.internal.schedulers.TrampolineScheduler$InnerCurrentThreadScheduler.enqueue(TrampolineScheduler.java:73)
	at rx.internal.schedulers.TrampolineScheduler$InnerCurrentThreadScheduler.schedule(TrampolineScheduler.java:52)
	at rx.internal.operators.OperatorRetryWithPredicate$SourceSubscriber.onNext(OperatorRetryWithPredicate.java:79)
	at rx.internal.operators.OperatorRetryWithPredicate$SourceSubscriber.onNext(OperatorRetryWithPredicate.java:45)
	at rx.internal.util.ScalarSynchronousObservable$WeakSingleProducer.request(ScalarSynchronousObservable.java:276)
	at rx.Subscriber.setProducer(Subscriber.java:209)
	at rx.internal.util.ScalarSynchronousObservable$JustOnSubscribe.call(ScalarSynchronousObservable.java:138)
	at rx.internal.util.ScalarSynchronousObservable$JustOnSubscribe.call(ScalarSynchronousObservable.java:129)
	at rx.internal.operators.OnSubscribeLift.call(OnSubscribeLift.java:48)
	at rx.internal.operators.OnSubscribeLift.call(OnSubscribeLift.java:30)
	at rx.internal.operators.OnSubscribeLift.call(OnSubscribeLift.java:48)
	at rx.internal.operators.OnSubscribeLift.call(OnSubscribeLift.java:30)
	at rx.internal.operators.OnSubscribeLift.call(OnSubscribeLift.java:48)
	at rx.internal.operators.OnSubscribeLift.call(OnSubscribeLift.java:30)
	at rx.Observable.subscribe(Observable.java:10423)
	at rx.Observable.subscribe(Observable.java:10390)
	at rx.observables.BlockingObservable.blockForSingle(BlockingObservable.java:443)
	at rx.observables.BlockingObservable.single(BlockingObservable.java:340)
	at com.netflix.client.AbstractLoadBalancerAwareClient.executeWithLoadBalancer(AbstractLoadBalancerAwareClient.java:112)
	at org.springframework.cloud.openfeign.ribbon.LoadBalancerFeignClient.execute(LoadBalancerFeignClient.java:84)
	... 16 common frames omitted
2022-02-11 21:32:30.005 [task-583] ERROR org.springframework.aop.interceptor.SimpleAsyncUncaughtExceptionHandler -
                Unexpected exception occurred invoking async method: public void com.novedu.nov.statistics.task.MultiThreadScheduleTask.statisticsCourseBuyCount()
java.lang.RuntimeException: com.netflix.client.ClientException: Load balancer does not have available server for client: service-edu
	at org.springframework.cloud.openfeign.ribbon.LoadBalancerFeignClient.execute(LoadBalancerFeignClient.java:91)
	at feign.SynchronousMethodHandler.executeAndDecode(SynchronousMethodHandler.java:119)
	at feign.SynchronousMethodHandler.invoke(SynchronousMethodHandler.java:89)
	at feign.ReflectiveFeign$FeignInvocationHandler.invoke(ReflectiveFeign.java:100)
	at com.sun.proxy.$Proxy120.statisticsCourseBuyCount(Unknown Source)
	at com.novedu.nov.statistics.task.MultiThreadScheduleTask.statisticsCourseBuyCount(MultiThreadScheduleTask.java:49)
	at com.novedu.nov.statistics.task.MultiThreadScheduleTask$$FastClassBySpringCGLIB$$a711be28.invoke(<generated>)
	at org.springframework.cglib.proxy.MethodProxy.invoke(MethodProxy.java:218)
	at org.springframework.aop.framework.CglibAopProxy$CglibMethodInvocation.invokeJoinpoint(CglibAopProxy.java:779)
	at org.springframework.aop.framework.ReflectiveMethodInvocation.proceed(ReflectiveMethodInvocation.java:163)
	at org.springframework.aop.framework.CglibAopProxy$CglibMethodInvocation.proceed(CglibAopProxy.java:750)
	at org.springframework.aop.interceptor.AsyncExecutionInterceptor.lambda$invoke$0(AsyncExecutionInterceptor.java:115)
	at java.util.concurrent.FutureTask.run$$$capture(FutureTask.java:266)
	at java.util.concurrent.FutureTask.run(FutureTask.java)
	at java.util.concurrent.ThreadPoolExecutor.runWorker(ThreadPoolExecutor.java:1149)
	at java.util.concurrent.ThreadPoolExecutor$Worker.run(ThreadPoolExecutor.java:624)
	at java.lang.Thread.run(Thread.java:748)
Caused by: com.netflix.client.ClientException: Load balancer does not have available server for client: service-edu
	at com.netflix.loadbalancer.LoadBalancerContext.getServerFromLoadBalancer(LoadBalancerContext.java:483)
	at com.netflix.loadbalancer.reactive.LoadBalancerCommand$1.call(LoadBalancerCommand.java:184)
	at com.netflix.loadbalancer.reactive.LoadBalancerCommand$1.call(LoadBalancerCommand.java:180)
	at rx.Observable.unsafeSubscribe(Observable.java:10327)
	at rx.internal.operators.OnSubscribeConcatMap.call(OnSubscribeConcatMap.java:94)
	at rx.internal.operators.OnSubscribeConcatMap.call(OnSubscribeConcatMap.java:42)
	at rx.Observable.unsafeSubscribe(Observable.java:10327)
	at rx.internal.operators.OperatorRetryWithPredicate$SourceSubscriber$1.call(OperatorRetryWithPredicate.java:127)
	at rx.internal.schedulers.TrampolineScheduler$InnerCurrentThreadScheduler.enqueue(TrampolineScheduler.java:73)
	at rx.internal.schedulers.TrampolineScheduler$InnerCurrentThreadScheduler.schedule(TrampolineScheduler.java:52)
	at rx.internal.operators.OperatorRetryWithPredicate$SourceSubscriber.onNext(OperatorRetryWithPredicate.java:79)
	at rx.internal.operators.OperatorRetryWithPredicate$SourceSubscriber.onNext(OperatorRetryWithPredicate.java:45)
	at rx.internal.util.ScalarSynchronousObservable$WeakSingleProducer.request(ScalarSynchronousObservable.java:276)
	at rx.Subscriber.setProducer(Subscriber.java:209)
	at rx.internal.util.ScalarSynchronousObservable$JustOnSubscribe.call(ScalarSynchronousObservable.java:138)
	at rx.internal.util.ScalarSynchronousObservable$JustOnSubscribe.call(ScalarSynchronousObservable.java:129)
	at rx.internal.operators.OnSubscribeLift.call(OnSubscribeLift.java:48)
	at rx.internal.operators.OnSubscribeLift.call(OnSubscribeLift.java:30)
	at rx.internal.operators.OnSubscribeLift.call(OnSubscribeLift.java:48)
	at rx.internal.operators.OnSubscribeLift.call(OnSubscribeLift.java:30)
	at rx.internal.operators.OnSubscribeLift.call(OnSubscribeLift.java:48)
	at rx.internal.operators.OnSubscribeLift.call(OnSubscribeLift.java:30)
	at rx.Observable.subscribe(Observable.java:10423)
	at rx.Observable.subscribe(Observable.java:10390)
	at rx.observables.BlockingObservable.blockForSingle(BlockingObservable.java:443)
	at rx.observables.BlockingObservable.single(BlockingObservable.java:340)
	at com.netflix.client.AbstractLoadBalancerAwareClient.executeWithLoadBalancer(AbstractLoadBalancerAwareClient.java:112)
	at org.springframework.cloud.openfeign.ribbon.LoadBalancerFeignClient.execute(LoadBalancerFeignClient.java:84)
	... 16 common frames omitted
2022-02-11 21:33:00.015 [task-569] ERROR org.springframework.aop.interceptor.SimpleAsyncUncaughtExceptionHandler -
                Unexpected exception occurred invoking async method: public void com.novedu.nov.statistics.task.MultiThreadScheduleTask.statisticsCourseBuyCount()
java.lang.RuntimeException: com.netflix.client.ClientException: Load balancer does not have available server for client: service-edu
	at org.springframework.cloud.openfeign.ribbon.LoadBalancerFeignClient.execute(LoadBalancerFeignClient.java:91)
	at feign.SynchronousMethodHandler.executeAndDecode(SynchronousMethodHandler.java:119)
	at feign.SynchronousMethodHandler.invoke(SynchronousMethodHandler.java:89)
	at feign.ReflectiveFeign$FeignInvocationHandler.invoke(ReflectiveFeign.java:100)
	at com.sun.proxy.$Proxy120.statisticsCourseBuyCount(Unknown Source)
	at com.novedu.nov.statistics.task.MultiThreadScheduleTask.statisticsCourseBuyCount(MultiThreadScheduleTask.java:49)
	at com.novedu.nov.statistics.task.MultiThreadScheduleTask$$FastClassBySpringCGLIB$$a711be28.invoke(<generated>)
	at org.springframework.cglib.proxy.MethodProxy.invoke(MethodProxy.java:218)
	at org.springframework.aop.framework.CglibAopProxy$CglibMethodInvocation.invokeJoinpoint(CglibAopProxy.java:779)
	at org.springframework.aop.framework.ReflectiveMethodInvocation.proceed(ReflectiveMethodInvocation.java:163)
	at org.springframework.aop.framework.CglibAopProxy$CglibMethodInvocation.proceed(CglibAopProxy.java:750)
	at org.springframework.aop.interceptor.AsyncExecutionInterceptor.lambda$invoke$0(AsyncExecutionInterceptor.java:115)
	at java.util.concurrent.FutureTask.run$$$capture(FutureTask.java:266)
	at java.util.concurrent.FutureTask.run(FutureTask.java)
	at java.util.concurrent.ThreadPoolExecutor.runWorker(ThreadPoolExecutor.java:1149)
	at java.util.concurrent.ThreadPoolExecutor$Worker.run(ThreadPoolExecutor.java:624)
	at java.lang.Thread.run(Thread.java:748)
Caused by: com.netflix.client.ClientException: Load balancer does not have available server for client: service-edu
	at com.netflix.loadbalancer.LoadBalancerContext.getServerFromLoadBalancer(LoadBalancerContext.java:483)
	at com.netflix.loadbalancer.reactive.LoadBalancerCommand$1.call(LoadBalancerCommand.java:184)
	at com.netflix.loadbalancer.reactive.LoadBalancerCommand$1.call(LoadBalancerCommand.java:180)
	at rx.Observable.unsafeSubscribe(Observable.java:10327)
	at rx.internal.operators.OnSubscribeConcatMap.call(OnSubscribeConcatMap.java:94)
	at rx.internal.operators.OnSubscribeConcatMap.call(OnSubscribeConcatMap.java:42)
	at rx.Observable.unsafeSubscribe(Observable.java:10327)
	at rx.internal.operators.OperatorRetryWithPredicate$SourceSubscriber$1.call(OperatorRetryWithPredicate.java:127)
	at rx.internal.schedulers.TrampolineScheduler$InnerCurrentThreadScheduler.enqueue(TrampolineScheduler.java:73)
	at rx.internal.schedulers.TrampolineScheduler$InnerCurrentThreadScheduler.schedule(TrampolineScheduler.java:52)
	at rx.internal.operators.OperatorRetryWithPredicate$SourceSubscriber.onNext(OperatorRetryWithPredicate.java:79)
	at rx.internal.operators.OperatorRetryWithPredicate$SourceSubscriber.onNext(OperatorRetryWithPredicate.java:45)
	at rx.internal.util.ScalarSynchronousObservable$WeakSingleProducer.request(ScalarSynchronousObservable.java:276)
	at rx.Subscriber.setProducer(Subscriber.java:209)
	at rx.internal.util.ScalarSynchronousObservable$JustOnSubscribe.call(ScalarSynchronousObservable.java:138)
	at rx.internal.util.ScalarSynchronousObservable$JustOnSubscribe.call(ScalarSynchronousObservable.java:129)
	at rx.internal.operators.OnSubscribeLift.call(OnSubscribeLift.java:48)
	at rx.internal.operators.OnSubscribeLift.call(OnSubscribeLift.java:30)
	at rx.internal.operators.OnSubscribeLift.call(OnSubscribeLift.java:48)
	at rx.internal.operators.OnSubscribeLift.call(OnSubscribeLift.java:30)
	at rx.internal.operators.OnSubscribeLift.call(OnSubscribeLift.java:48)
	at rx.internal.operators.OnSubscribeLift.call(OnSubscribeLift.java:30)
	at rx.Observable.subscribe(Observable.java:10423)
	at rx.Observable.subscribe(Observable.java:10390)
	at rx.observables.BlockingObservable.blockForSingle(BlockingObservable.java:443)
	at rx.observables.BlockingObservable.single(BlockingObservable.java:340)
	at com.netflix.client.AbstractLoadBalancerAwareClient.executeWithLoadBalancer(AbstractLoadBalancerAwareClient.java:112)
	at org.springframework.cloud.openfeign.ribbon.LoadBalancerFeignClient.execute(LoadBalancerFeignClient.java:84)
	... 16 common frames omitted
2022-02-11 21:33:00.015 [task-588] ERROR org.springframework.aop.interceptor.SimpleAsyncUncaughtExceptionHandler -
                Unexpected exception occurred invoking async method: public void com.novedu.nov.statistics.task.MultiThreadScheduleTask.asyncCourseViewCount()
java.lang.RuntimeException: com.netflix.client.ClientException: Load balancer does not have available server for client: service-edu
	at org.springframework.cloud.openfeign.ribbon.LoadBalancerFeignClient.execute(LoadBalancerFeignClient.java:91)
	at feign.SynchronousMethodHandler.executeAndDecode(SynchronousMethodHandler.java:119)
	at feign.SynchronousMethodHandler.invoke(SynchronousMethodHandler.java:89)
	at feign.ReflectiveFeign$FeignInvocationHandler.invoke(ReflectiveFeign.java:100)
	at com.sun.proxy.$Proxy120.statisticsCoursePlayCount(Unknown Source)
	at com.novedu.nov.statistics.task.MultiThreadScheduleTask.asyncCourseViewCount(MultiThreadScheduleTask.java:33)
	at com.novedu.nov.statistics.task.MultiThreadScheduleTask$$FastClassBySpringCGLIB$$a711be28.invoke(<generated>)
	at org.springframework.cglib.proxy.MethodProxy.invoke(MethodProxy.java:218)
	at org.springframework.aop.framework.CglibAopProxy$CglibMethodInvocation.invokeJoinpoint(CglibAopProxy.java:779)
	at org.springframework.aop.framework.ReflectiveMethodInvocation.proceed(ReflectiveMethodInvocation.java:163)
	at org.springframework.aop.framework.CglibAopProxy$CglibMethodInvocation.proceed(CglibAopProxy.java:750)
	at org.springframework.aop.interceptor.AsyncExecutionInterceptor.lambda$invoke$0(AsyncExecutionInterceptor.java:115)
	at java.util.concurrent.FutureTask.run$$$capture(FutureTask.java:266)
	at java.util.concurrent.FutureTask.run(FutureTask.java)
	at java.util.concurrent.ThreadPoolExecutor.runWorker(ThreadPoolExecutor.java:1149)
	at java.util.concurrent.ThreadPoolExecutor$Worker.run(ThreadPoolExecutor.java:624)
	at java.lang.Thread.run(Thread.java:748)
Caused by: com.netflix.client.ClientException: Load balancer does not have available server for client: service-edu
	at com.netflix.loadbalancer.LoadBalancerContext.getServerFromLoadBalancer(LoadBalancerContext.java:483)
	at com.netflix.loadbalancer.reactive.LoadBalancerCommand$1.call(LoadBalancerCommand.java:184)
	at com.netflix.loadbalancer.reactive.LoadBalancerCommand$1.call(LoadBalancerCommand.java:180)
	at rx.Observable.unsafeSubscribe(Observable.java:10327)
	at rx.internal.operators.OnSubscribeConcatMap.call(OnSubscribeConcatMap.java:94)
	at rx.internal.operators.OnSubscribeConcatMap.call(OnSubscribeConcatMap.java:42)
	at rx.Observable.unsafeSubscribe(Observable.java:10327)
	at rx.internal.operators.OperatorRetryWithPredicate$SourceSubscriber$1.call(OperatorRetryWithPredicate.java:127)
	at rx.internal.schedulers.TrampolineScheduler$InnerCurrentThreadScheduler.enqueue(TrampolineScheduler.java:73)
	at rx.internal.schedulers.TrampolineScheduler$InnerCurrentThreadScheduler.schedule(TrampolineScheduler.java:52)
	at rx.internal.operators.OperatorRetryWithPredicate$SourceSubscriber.onNext(OperatorRetryWithPredicate.java:79)
	at rx.internal.operators.OperatorRetryWithPredicate$SourceSubscriber.onNext(OperatorRetryWithPredicate.java:45)
	at rx.internal.util.ScalarSynchronousObservable$WeakSingleProducer.request(ScalarSynchronousObservable.java:276)
	at rx.Subscriber.setProducer(Subscriber.java:209)
	at rx.internal.util.ScalarSynchronousObservable$JustOnSubscribe.call(ScalarSynchronousObservable.java:138)
	at rx.internal.util.ScalarSynchronousObservable$JustOnSubscribe.call(ScalarSynchronousObservable.java:129)
	at rx.internal.operators.OnSubscribeLift.call(OnSubscribeLift.java:48)
	at rx.internal.operators.OnSubscribeLift.call(OnSubscribeLift.java:30)
	at rx.internal.operators.OnSubscribeLift.call(OnSubscribeLift.java:48)
	at rx.internal.operators.OnSubscribeLift.call(OnSubscribeLift.java:30)
	at rx.internal.operators.OnSubscribeLift.call(OnSubscribeLift.java:48)
	at rx.internal.operators.OnSubscribeLift.call(OnSubscribeLift.java:30)
	at rx.Observable.subscribe(Observable.java:10423)
	at rx.Observable.subscribe(Observable.java:10390)
	at rx.observables.BlockingObservable.blockForSingle(BlockingObservable.java:443)
	at rx.observables.BlockingObservable.single(BlockingObservable.java:340)
	at com.netflix.client.AbstractLoadBalancerAwareClient.executeWithLoadBalancer(AbstractLoadBalancerAwareClient.java:112)
	at org.springframework.cloud.openfeign.ribbon.LoadBalancerFeignClient.execute(LoadBalancerFeignClient.java:84)
	... 16 common frames omitted
2022-02-11 21:33:00.015 [task-589] ERROR org.springframework.aop.interceptor.SimpleAsyncUncaughtExceptionHandler -
                Unexpected exception occurred invoking async method: public void com.novedu.nov.statistics.task.MultiThreadScheduleTask.statisticsCourseApplyCount()
java.lang.RuntimeException: com.netflix.client.ClientException: Load balancer does not have available server for client: service-edu
	at org.springframework.cloud.openfeign.ribbon.LoadBalancerFeignClient.execute(LoadBalancerFeignClient.java:91)
	at feign.SynchronousMethodHandler.executeAndDecode(SynchronousMethodHandler.java:119)
	at feign.SynchronousMethodHandler.invoke(SynchronousMethodHandler.java:89)
	at feign.ReflectiveFeign$FeignInvocationHandler.invoke(ReflectiveFeign.java:100)
	at com.sun.proxy.$Proxy120.statisticsCourseApplyCount(Unknown Source)
	at com.novedu.nov.statistics.task.MultiThreadScheduleTask.statisticsCourseApplyCount(MultiThreadScheduleTask.java:41)
	at com.novedu.nov.statistics.task.MultiThreadScheduleTask$$FastClassBySpringCGLIB$$a711be28.invoke(<generated>)
	at org.springframework.cglib.proxy.MethodProxy.invoke(MethodProxy.java:218)
	at org.springframework.aop.framework.CglibAopProxy$CglibMethodInvocation.invokeJoinpoint(CglibAopProxy.java:779)
	at org.springframework.aop.framework.ReflectiveMethodInvocation.proceed(ReflectiveMethodInvocation.java:163)
	at org.springframework.aop.framework.CglibAopProxy$CglibMethodInvocation.proceed(CglibAopProxy.java:750)
	at org.springframework.aop.interceptor.AsyncExecutionInterceptor.lambda$invoke$0(AsyncExecutionInterceptor.java:115)
	at java.util.concurrent.FutureTask.run$$$capture(FutureTask.java:266)
	at java.util.concurrent.FutureTask.run(FutureTask.java)
	at java.util.concurrent.ThreadPoolExecutor.runWorker(ThreadPoolExecutor.java:1149)
	at java.util.concurrent.ThreadPoolExecutor$Worker.run(ThreadPoolExecutor.java:624)
	at java.lang.Thread.run(Thread.java:748)
Caused by: com.netflix.client.ClientException: Load balancer does not have available server for client: service-edu
	at com.netflix.loadbalancer.LoadBalancerContext.getServerFromLoadBalancer(LoadBalancerContext.java:483)
	at com.netflix.loadbalancer.reactive.LoadBalancerCommand$1.call(LoadBalancerCommand.java:184)
	at com.netflix.loadbalancer.reactive.LoadBalancerCommand$1.call(LoadBalancerCommand.java:180)
	at rx.Observable.unsafeSubscribe(Observable.java:10327)
	at rx.internal.operators.OnSubscribeConcatMap.call(OnSubscribeConcatMap.java:94)
	at rx.internal.operators.OnSubscribeConcatMap.call(OnSubscribeConcatMap.java:42)
	at rx.Observable.unsafeSubscribe(Observable.java:10327)
	at rx.internal.operators.OperatorRetryWithPredicate$SourceSubscriber$1.call(OperatorRetryWithPredicate.java:127)
	at rx.internal.schedulers.TrampolineScheduler$InnerCurrentThreadScheduler.enqueue(TrampolineScheduler.java:73)
	at rx.internal.schedulers.TrampolineScheduler$InnerCurrentThreadScheduler.schedule(TrampolineScheduler.java:52)
	at rx.internal.operators.OperatorRetryWithPredicate$SourceSubscriber.onNext(OperatorRetryWithPredicate.java:79)
	at rx.internal.operators.OperatorRetryWithPredicate$SourceSubscriber.onNext(OperatorRetryWithPredicate.java:45)
	at rx.internal.util.ScalarSynchronousObservable$WeakSingleProducer.request(ScalarSynchronousObservable.java:276)
	at rx.Subscriber.setProducer(Subscriber.java:209)
	at rx.internal.util.ScalarSynchronousObservable$JustOnSubscribe.call(ScalarSynchronousObservable.java:138)
	at rx.internal.util.ScalarSynchronousObservable$JustOnSubscribe.call(ScalarSynchronousObservable.java:129)
	at rx.internal.operators.OnSubscribeLift.call(OnSubscribeLift.java:48)
	at rx.internal.operators.OnSubscribeLift.call(OnSubscribeLift.java:30)
	at rx.internal.operators.OnSubscribeLift.call(OnSubscribeLift.java:48)
	at rx.internal.operators.OnSubscribeLift.call(OnSubscribeLift.java:30)
	at rx.internal.operators.OnSubscribeLift.call(OnSubscribeLift.java:48)
	at rx.internal.operators.OnSubscribeLift.call(OnSubscribeLift.java:30)
	at rx.Observable.subscribe(Observable.java:10423)
	at rx.Observable.subscribe(Observable.java:10390)
	at rx.observables.BlockingObservable.blockForSingle(BlockingObservable.java:443)
	at rx.observables.BlockingObservable.single(BlockingObservable.java:340)
	at com.netflix.client.AbstractLoadBalancerAwareClient.executeWithLoadBalancer(AbstractLoadBalancerAwareClient.java:112)
	at org.springframework.cloud.openfeign.ribbon.LoadBalancerFeignClient.execute(LoadBalancerFeignClient.java:84)
	... 16 common frames omitted
2022-02-11 21:38:34.069 [task-610] ERROR org.springframework.aop.interceptor.SimpleAsyncUncaughtExceptionHandler -
                Unexpected exception occurred invoking async method: public void com.novedu.nov.statistics.task.MultiThreadScheduleTask.asyncCourseViewCount()
feign.RetryableException: Connection refused: connect executing GET http://service-edu/edu/course/statistics/course/playCount
	at feign.FeignException.errorExecuting(FeignException.java:249)
	at feign.SynchronousMethodHandler.executeAndDecode(SynchronousMethodHandler.java:129)
	at feign.SynchronousMethodHandler.invoke(SynchronousMethodHandler.java:89)
	at feign.ReflectiveFeign$FeignInvocationHandler.invoke(ReflectiveFeign.java:100)
	at com.sun.proxy.$Proxy120.statisticsCoursePlayCount(Unknown Source)
	at com.novedu.nov.statistics.task.MultiThreadScheduleTask.asyncCourseViewCount(MultiThreadScheduleTask.java:33)
	at com.novedu.nov.statistics.task.MultiThreadScheduleTask$$FastClassBySpringCGLIB$$a711be28.invoke(<generated>)
	at org.springframework.cglib.proxy.MethodProxy.invoke(MethodProxy.java:218)
	at org.springframework.aop.framework.CglibAopProxy$CglibMethodInvocation.invokeJoinpoint(CglibAopProxy.java:779)
	at org.springframework.aop.framework.ReflectiveMethodInvocation.proceed(ReflectiveMethodInvocation.java:163)
	at org.springframework.aop.framework.CglibAopProxy$CglibMethodInvocation.proceed(CglibAopProxy.java:750)
	at org.springframework.aop.interceptor.AsyncExecutionInterceptor.lambda$invoke$0(AsyncExecutionInterceptor.java:115)
	at java.util.concurrent.FutureTask.run$$$capture(FutureTask.java:266)
	at java.util.concurrent.FutureTask.run(FutureTask.java)
	at java.util.concurrent.ThreadPoolExecutor.runWorker(ThreadPoolExecutor.java:1149)
	at java.util.concurrent.ThreadPoolExecutor$Worker.run(ThreadPoolExecutor.java:624)
	at java.lang.Thread.run(Thread.java:748)
Caused by: java.net.ConnectException: Connection refused: connect
	at java.net.DualStackPlainSocketImpl.waitForConnect(Native Method)
	at java.net.DualStackPlainSocketImpl.socketConnect(DualStackPlainSocketImpl.java:81)
	at java.net.AbstractPlainSocketImpl.doConnect(AbstractPlainSocketImpl.java:476)
	at java.net.AbstractPlainSocketImpl.connectToAddress(AbstractPlainSocketImpl.java:218)
	at java.net.AbstractPlainSocketImpl.connect(AbstractPlainSocketImpl.java:200)
	at java.net.PlainSocketImpl.connect(PlainSocketImpl.java:162)
	at java.net.SocksSocketImpl.connect(SocksSocketImpl.java:394)
	at java.net.Socket.connect(Socket.java:606)
	at sun.net.NetworkClient.doConnect(NetworkClient.java:175)
	at sun.net.www.http.HttpClient.openServer(HttpClient.java:463)
	at sun.net.www.http.HttpClient.openServer(HttpClient.java:558)
	at sun.net.www.http.HttpClient.<init>(HttpClient.java:242)
	at sun.net.www.http.HttpClient.New(HttpClient.java:339)
	at sun.net.www.http.HttpClient.New(HttpClient.java:357)
	at sun.net.www.protocol.http.HttpURLConnection.getNewHttpClient(HttpURLConnection.java:1226)
	at sun.net.www.protocol.http.HttpURLConnection.plainConnect0(HttpURLConnection.java:1162)
	at sun.net.www.protocol.http.HttpURLConnection.plainConnect(HttpURLConnection.java:1056)
	at sun.net.www.protocol.http.HttpURLConnection.connect(HttpURLConnection.java:990)
	at sun.net.www.protocol.http.HttpURLConnection.getInputStream0(HttpURLConnection.java:1570)
	at sun.net.www.protocol.http.HttpURLConnection.getInputStream(HttpURLConnection.java:1498)
	at java.net.HttpURLConnection.getResponseCode(HttpURLConnection.java:480)
	at feign.Client$Default.convertResponse(Client.java:108)
	at feign.Client$Default.execute(Client.java:104)
	at org.springframework.cloud.openfeign.ribbon.FeignLoadBalancer.execute(FeignLoadBalancer.java:98)
	at org.springframework.cloud.openfeign.ribbon.FeignLoadBalancer.execute(FeignLoadBalancer.java:56)
	at com.netflix.client.AbstractLoadBalancerAwareClient$1.call(AbstractLoadBalancerAwareClient.java:104)
	at com.netflix.loadbalancer.reactive.LoadBalancerCommand$3$1.call(LoadBalancerCommand.java:303)
	at com.netflix.loadbalancer.reactive.LoadBalancerCommand$3$1.call(LoadBalancerCommand.java:287)
	at rx.internal.util.ScalarSynchronousObservable$3.call(ScalarSynchronousObservable.java:231)
	at rx.internal.util.ScalarSynchronousObservable$3.call(ScalarSynchronousObservable.java:228)
	at rx.Observable.unsafeSubscribe(Observable.java:10327)
	at rx.internal.operators.OnSubscribeConcatMap$ConcatMapSubscriber.drain(OnSubscribeConcatMap.java:286)
	at rx.internal.operators.OnSubscribeConcatMap$ConcatMapSubscriber.onNext(OnSubscribeConcatMap.java:144)
	at com.netflix.loadbalancer.reactive.LoadBalancerCommand$1.call(LoadBalancerCommand.java:185)
	at com.netflix.loadbalancer.reactive.LoadBalancerCommand$1.call(LoadBalancerCommand.java:180)
	at rx.Observable.unsafeSubscribe(Observable.java:10327)
	at rx.internal.operators.OnSubscribeConcatMap.call(OnSubscribeConcatMap.java:94)
	at rx.internal.operators.OnSubscribeConcatMap.call(OnSubscribeConcatMap.java:42)
	at rx.Observable.unsafeSubscribe(Observable.java:10327)
	at rx.internal.operators.OperatorRetryWithPredicate$SourceSubscriber$1.call(OperatorRetryWithPredicate.java:127)
	at rx.internal.schedulers.TrampolineScheduler$InnerCurrentThreadScheduler.enqueue(TrampolineScheduler.java:73)
	at rx.internal.schedulers.TrampolineScheduler$InnerCurrentThreadScheduler.schedule(TrampolineScheduler.java:52)
	at rx.internal.operators.OperatorRetryWithPredicate$SourceSubscriber.onNext(OperatorRetryWithPredicate.java:79)
	at rx.internal.operators.OperatorRetryWithPredicate$SourceSubscriber.onNext(OperatorRetryWithPredicate.java:45)
	at rx.internal.util.ScalarSynchronousObservable$WeakSingleProducer.request(ScalarSynchronousObservable.java:276)
	at rx.Subscriber.setProducer(Subscriber.java:209)
	at rx.internal.util.ScalarSynchronousObservable$JustOnSubscribe.call(ScalarSynchronousObservable.java:138)
	at rx.internal.util.ScalarSynchronousObservable$JustOnSubscribe.call(ScalarSynchronousObservable.java:129)
	at rx.internal.operators.OnSubscribeLift.call(OnSubscribeLift.java:48)
	at rx.internal.operators.OnSubscribeLift.call(OnSubscribeLift.java:30)
	at rx.internal.operators.OnSubscribeLift.call(OnSubscribeLift.java:48)
	at rx.internal.operators.OnSubscribeLift.call(OnSubscribeLift.java:30)
	at rx.internal.operators.OnSubscribeLift.call(OnSubscribeLift.java:48)
	at rx.internal.operators.OnSubscribeLift.call(OnSubscribeLift.java:30)
	at rx.Observable.subscribe(Observable.java:10423)
	at rx.Observable.subscribe(Observable.java:10390)
	at rx.observables.BlockingObservable.blockForSingle(BlockingObservable.java:443)
	at rx.observables.BlockingObservable.single(BlockingObservable.java:340)
	at com.netflix.client.AbstractLoadBalancerAwareClient.executeWithLoadBalancer(AbstractLoadBalancerAwareClient.java:112)
	at org.springframework.cloud.openfeign.ribbon.LoadBalancerFeignClient.execute(LoadBalancerFeignClient.java:84)
	at feign.SynchronousMethodHandler.executeAndDecode(SynchronousMethodHandler.java:119)
	... 15 common frames omitted
2022-02-11 21:38:34.069 [task-607] ERROR org.springframework.aop.interceptor.SimpleAsyncUncaughtExceptionHandler -
                Unexpected exception occurred invoking async method: public void com.novedu.nov.statistics.task.MultiThreadScheduleTask.statisticsCourseApplyCount()
feign.RetryableException: Connection refused: connect executing GET http://service-edu/edu/course/statistics/course/applyCount
	at feign.FeignException.errorExecuting(FeignException.java:249)
	at feign.SynchronousMethodHandler.executeAndDecode(SynchronousMethodHandler.java:129)
	at feign.SynchronousMethodHandler.invoke(SynchronousMethodHandler.java:89)
	at feign.ReflectiveFeign$FeignInvocationHandler.invoke(ReflectiveFeign.java:100)
	at com.sun.proxy.$Proxy120.statisticsCourseApplyCount(Unknown Source)
	at com.novedu.nov.statistics.task.MultiThreadScheduleTask.statisticsCourseApplyCount(MultiThreadScheduleTask.java:41)
	at com.novedu.nov.statistics.task.MultiThreadScheduleTask$$FastClassBySpringCGLIB$$a711be28.invoke(<generated>)
	at org.springframework.cglib.proxy.MethodProxy.invoke(MethodProxy.java:218)
	at org.springframework.aop.framework.CglibAopProxy$CglibMethodInvocation.invokeJoinpoint(CglibAopProxy.java:779)
	at org.springframework.aop.framework.ReflectiveMethodInvocation.proceed(ReflectiveMethodInvocation.java:163)
	at org.springframework.aop.framework.CglibAopProxy$CglibMethodInvocation.proceed(CglibAopProxy.java:750)
	at org.springframework.aop.interceptor.AsyncExecutionInterceptor.lambda$invoke$0(AsyncExecutionInterceptor.java:115)
	at java.util.concurrent.FutureTask.run$$$capture(FutureTask.java:266)
	at java.util.concurrent.FutureTask.run(FutureTask.java)
	at java.util.concurrent.ThreadPoolExecutor.runWorker(ThreadPoolExecutor.java:1149)
	at java.util.concurrent.ThreadPoolExecutor$Worker.run(ThreadPoolExecutor.java:624)
	at java.lang.Thread.run(Thread.java:748)
Caused by: java.net.ConnectException: Connection refused: connect
	at java.net.DualStackPlainSocketImpl.waitForConnect(Native Method)
	at java.net.DualStackPlainSocketImpl.socketConnect(DualStackPlainSocketImpl.java:81)
	at java.net.AbstractPlainSocketImpl.doConnect(AbstractPlainSocketImpl.java:476)
	at java.net.AbstractPlainSocketImpl.connectToAddress(AbstractPlainSocketImpl.java:218)
	at java.net.AbstractPlainSocketImpl.connect(AbstractPlainSocketImpl.java:200)
	at java.net.PlainSocketImpl.connect(PlainSocketImpl.java:162)
	at java.net.SocksSocketImpl.connect(SocksSocketImpl.java:394)
	at java.net.Socket.connect(Socket.java:606)
	at sun.net.NetworkClient.doConnect(NetworkClient.java:175)
	at sun.net.www.http.HttpClient.openServer(HttpClient.java:463)
	at sun.net.www.http.HttpClient.openServer(HttpClient.java:558)
	at sun.net.www.http.HttpClient.<init>(HttpClient.java:242)
	at sun.net.www.http.HttpClient.New(HttpClient.java:339)
	at sun.net.www.http.HttpClient.New(HttpClient.java:357)
	at sun.net.www.protocol.http.HttpURLConnection.getNewHttpClient(HttpURLConnection.java:1226)
	at sun.net.www.protocol.http.HttpURLConnection.plainConnect0(HttpURLConnection.java:1162)
	at sun.net.www.protocol.http.HttpURLConnection.plainConnect(HttpURLConnection.java:1056)
	at sun.net.www.protocol.http.HttpURLConnection.connect(HttpURLConnection.java:990)
	at sun.net.www.protocol.http.HttpURLConnection.getInputStream0(HttpURLConnection.java:1570)
	at sun.net.www.protocol.http.HttpURLConnection.getInputStream(HttpURLConnection.java:1498)
	at java.net.HttpURLConnection.getResponseCode(HttpURLConnection.java:480)
	at feign.Client$Default.convertResponse(Client.java:108)
	at feign.Client$Default.execute(Client.java:104)
	at org.springframework.cloud.openfeign.ribbon.FeignLoadBalancer.execute(FeignLoadBalancer.java:98)
	at org.springframework.cloud.openfeign.ribbon.FeignLoadBalancer.execute(FeignLoadBalancer.java:56)
	at com.netflix.client.AbstractLoadBalancerAwareClient$1.call(AbstractLoadBalancerAwareClient.java:104)
	at com.netflix.loadbalancer.reactive.LoadBalancerCommand$3$1.call(LoadBalancerCommand.java:303)
	at com.netflix.loadbalancer.reactive.LoadBalancerCommand$3$1.call(LoadBalancerCommand.java:287)
	at rx.internal.util.ScalarSynchronousObservable$3.call(ScalarSynchronousObservable.java:231)
	at rx.internal.util.ScalarSynchronousObservable$3.call(ScalarSynchronousObservable.java:228)
	at rx.Observable.unsafeSubscribe(Observable.java:10327)
	at rx.internal.operators.OnSubscribeConcatMap$ConcatMapSubscriber.drain(OnSubscribeConcatMap.java:286)
	at rx.internal.operators.OnSubscribeConcatMap$ConcatMapSubscriber.onNext(OnSubscribeConcatMap.java:144)
	at com.netflix.loadbalancer.reactive.LoadBalancerCommand$1.call(LoadBalancerCommand.java:185)
	at com.netflix.loadbalancer.reactive.LoadBalancerCommand$1.call(LoadBalancerCommand.java:180)
	at rx.Observable.unsafeSubscribe(Observable.java:10327)
	at rx.internal.operators.OnSubscribeConcatMap.call(OnSubscribeConcatMap.java:94)
	at rx.internal.operators.OnSubscribeConcatMap.call(OnSubscribeConcatMap.java:42)
	at rx.Observable.unsafeSubscribe(Observable.java:10327)
	at rx.internal.operators.OperatorRetryWithPredicate$SourceSubscriber$1.call(OperatorRetryWithPredicate.java:127)
	at rx.internal.schedulers.TrampolineScheduler$InnerCurrentThreadScheduler.enqueue(TrampolineScheduler.java:73)
	at rx.internal.schedulers.TrampolineScheduler$InnerCurrentThreadScheduler.schedule(TrampolineScheduler.java:52)
	at rx.internal.operators.OperatorRetryWithPredicate$SourceSubscriber.onNext(OperatorRetryWithPredicate.java:79)
	at rx.internal.operators.OperatorRetryWithPredicate$SourceSubscriber.onNext(OperatorRetryWithPredicate.java:45)
	at rx.internal.util.ScalarSynchronousObservable$WeakSingleProducer.request(ScalarSynchronousObservable.java:276)
	at rx.Subscriber.setProducer(Subscriber.java:209)
	at rx.internal.util.ScalarSynchronousObservable$JustOnSubscribe.call(ScalarSynchronousObservable.java:138)
	at rx.internal.util.ScalarSynchronousObservable$JustOnSubscribe.call(ScalarSynchronousObservable.java:129)
	at rx.internal.operators.OnSubscribeLift.call(OnSubscribeLift.java:48)
	at rx.internal.operators.OnSubscribeLift.call(OnSubscribeLift.java:30)
	at rx.internal.operators.OnSubscribeLift.call(OnSubscribeLift.java:48)
	at rx.internal.operators.OnSubscribeLift.call(OnSubscribeLift.java:30)
	at rx.internal.operators.OnSubscribeLift.call(OnSubscribeLift.java:48)
	at rx.internal.operators.OnSubscribeLift.call(OnSubscribeLift.java:30)
	at rx.Observable.subscribe(Observable.java:10423)
	at rx.Observable.subscribe(Observable.java:10390)
	at rx.observables.BlockingObservable.blockForSingle(BlockingObservable.java:443)
	at rx.observables.BlockingObservable.single(BlockingObservable.java:340)
	at com.netflix.client.AbstractLoadBalancerAwareClient.executeWithLoadBalancer(AbstractLoadBalancerAwareClient.java:112)
	at org.springframework.cloud.openfeign.ribbon.LoadBalancerFeignClient.execute(LoadBalancerFeignClient.java:84)
	at feign.SynchronousMethodHandler.executeAndDecode(SynchronousMethodHandler.java:119)
	... 15 common frames omitted
2022-02-11 21:38:34.069 [task-611] ERROR org.springframework.aop.interceptor.SimpleAsyncUncaughtExceptionHandler -
                Unexpected exception occurred invoking async method: public void com.novedu.nov.statistics.task.MultiThreadScheduleTask.statisticsCourseBuyCount()
feign.RetryableException: Connection refused: connect executing GET http://service-edu/edu/course/statistics/course/buyCount
	at feign.FeignException.errorExecuting(FeignException.java:249)
	at feign.SynchronousMethodHandler.executeAndDecode(SynchronousMethodHandler.java:129)
	at feign.SynchronousMethodHandler.invoke(SynchronousMethodHandler.java:89)
	at feign.ReflectiveFeign$FeignInvocationHandler.invoke(ReflectiveFeign.java:100)
	at com.sun.proxy.$Proxy120.statisticsCourseBuyCount(Unknown Source)
	at com.novedu.nov.statistics.task.MultiThreadScheduleTask.statisticsCourseBuyCount(MultiThreadScheduleTask.java:49)
	at com.novedu.nov.statistics.task.MultiThreadScheduleTask$$FastClassBySpringCGLIB$$a711be28.invoke(<generated>)
	at org.springframework.cglib.proxy.MethodProxy.invoke(MethodProxy.java:218)
	at org.springframework.aop.framework.CglibAopProxy$CglibMethodInvocation.invokeJoinpoint(CglibAopProxy.java:779)
	at org.springframework.aop.framework.ReflectiveMethodInvocation.proceed(ReflectiveMethodInvocation.java:163)
	at org.springframework.aop.framework.CglibAopProxy$CglibMethodInvocation.proceed(CglibAopProxy.java:750)
	at org.springframework.aop.interceptor.AsyncExecutionInterceptor.lambda$invoke$0(AsyncExecutionInterceptor.java:115)
	at java.util.concurrent.FutureTask.run$$$capture(FutureTask.java:266)
	at java.util.concurrent.FutureTask.run(FutureTask.java)
	at java.util.concurrent.ThreadPoolExecutor.runWorker(ThreadPoolExecutor.java:1149)
	at java.util.concurrent.ThreadPoolExecutor$Worker.run(ThreadPoolExecutor.java:624)
	at java.lang.Thread.run(Thread.java:748)
Caused by: java.net.ConnectException: Connection refused: connect
	at java.net.DualStackPlainSocketImpl.waitForConnect(Native Method)
	at java.net.DualStackPlainSocketImpl.socketConnect(DualStackPlainSocketImpl.java:81)
	at java.net.AbstractPlainSocketImpl.doConnect(AbstractPlainSocketImpl.java:476)
	at java.net.AbstractPlainSocketImpl.connectToAddress(AbstractPlainSocketImpl.java:218)
	at java.net.AbstractPlainSocketImpl.connect(AbstractPlainSocketImpl.java:200)
	at java.net.PlainSocketImpl.connect(PlainSocketImpl.java:162)
	at java.net.SocksSocketImpl.connect(SocksSocketImpl.java:394)
	at java.net.Socket.connect(Socket.java:606)
	at sun.net.NetworkClient.doConnect(NetworkClient.java:175)
	at sun.net.www.http.HttpClient.openServer(HttpClient.java:463)
	at sun.net.www.http.HttpClient.openServer(HttpClient.java:558)
	at sun.net.www.http.HttpClient.<init>(HttpClient.java:242)
	at sun.net.www.http.HttpClient.New(HttpClient.java:339)
	at sun.net.www.http.HttpClient.New(HttpClient.java:357)
	at sun.net.www.protocol.http.HttpURLConnection.getNewHttpClient(HttpURLConnection.java:1226)
	at sun.net.www.protocol.http.HttpURLConnection.plainConnect0(HttpURLConnection.java:1162)
	at sun.net.www.protocol.http.HttpURLConnection.plainConnect(HttpURLConnection.java:1056)
	at sun.net.www.protocol.http.HttpURLConnection.connect(HttpURLConnection.java:990)
	at sun.net.www.protocol.http.HttpURLConnection.getInputStream0(HttpURLConnection.java:1570)
	at sun.net.www.protocol.http.HttpURLConnection.getInputStream(HttpURLConnection.java:1498)
	at java.net.HttpURLConnection.getResponseCode(HttpURLConnection.java:480)
	at feign.Client$Default.convertResponse(Client.java:108)
	at feign.Client$Default.execute(Client.java:104)
	at org.springframework.cloud.openfeign.ribbon.FeignLoadBalancer.execute(FeignLoadBalancer.java:98)
	at org.springframework.cloud.openfeign.ribbon.FeignLoadBalancer.execute(FeignLoadBalancer.java:56)
	at com.netflix.client.AbstractLoadBalancerAwareClient$1.call(AbstractLoadBalancerAwareClient.java:104)
	at com.netflix.loadbalancer.reactive.LoadBalancerCommand$3$1.call(LoadBalancerCommand.java:303)
	at com.netflix.loadbalancer.reactive.LoadBalancerCommand$3$1.call(LoadBalancerCommand.java:287)
	at rx.internal.util.ScalarSynchronousObservable$3.call(ScalarSynchronousObservable.java:231)
	at rx.internal.util.ScalarSynchronousObservable$3.call(ScalarSynchronousObservable.java:228)
	at rx.Observable.unsafeSubscribe(Observable.java:10327)
	at rx.internal.operators.OnSubscribeConcatMap$ConcatMapSubscriber.drain(OnSubscribeConcatMap.java:286)
	at rx.internal.operators.OnSubscribeConcatMap$ConcatMapSubscriber.onNext(OnSubscribeConcatMap.java:144)
	at com.netflix.loadbalancer.reactive.LoadBalancerCommand$1.call(LoadBalancerCommand.java:185)
	at com.netflix.loadbalancer.reactive.LoadBalancerCommand$1.call(LoadBalancerCommand.java:180)
	at rx.Observable.unsafeSubscribe(Observable.java:10327)
	at rx.internal.operators.OnSubscribeConcatMap.call(OnSubscribeConcatMap.java:94)
	at rx.internal.operators.OnSubscribeConcatMap.call(OnSubscribeConcatMap.java:42)
	at rx.Observable.unsafeSubscribe(Observable.java:10327)
	at rx.internal.operators.OperatorRetryWithPredicate$SourceSubscriber$1.call(OperatorRetryWithPredicate.java:127)
	at rx.internal.schedulers.TrampolineScheduler$InnerCurrentThreadScheduler.enqueue(TrampolineScheduler.java:73)
	at rx.internal.schedulers.TrampolineScheduler$InnerCurrentThreadScheduler.schedule(TrampolineScheduler.java:52)
	at rx.internal.operators.OperatorRetryWithPredicate$SourceSubscriber.onNext(OperatorRetryWithPredicate.java:79)
	at rx.internal.operators.OperatorRetryWithPredicate$SourceSubscriber.onNext(OperatorRetryWithPredicate.java:45)
	at rx.internal.util.ScalarSynchronousObservable$WeakSingleProducer.request(ScalarSynchronousObservable.java:276)
	at rx.Subscriber.setProducer(Subscriber.java:209)
	at rx.internal.util.ScalarSynchronousObservable$JustOnSubscribe.call(ScalarSynchronousObservable.java:138)
	at rx.internal.util.ScalarSynchronousObservable$JustOnSubscribe.call(ScalarSynchronousObservable.java:129)
	at rx.internal.operators.OnSubscribeLift.call(OnSubscribeLift.java:48)
	at rx.internal.operators.OnSubscribeLift.call(OnSubscribeLift.java:30)
	at rx.internal.operators.OnSubscribeLift.call(OnSubscribeLift.java:48)
	at rx.internal.operators.OnSubscribeLift.call(OnSubscribeLift.java:30)
	at rx.internal.operators.OnSubscribeLift.call(OnSubscribeLift.java:48)
	at rx.internal.operators.OnSubscribeLift.call(OnSubscribeLift.java:30)
	at rx.Observable.subscribe(Observable.java:10423)
	at rx.Observable.subscribe(Observable.java:10390)
	at rx.observables.BlockingObservable.blockForSingle(BlockingObservable.java:443)
	at rx.observables.BlockingObservable.single(BlockingObservable.java:340)
	at com.netflix.client.AbstractLoadBalancerAwareClient.executeWithLoadBalancer(AbstractLoadBalancerAwareClient.java:112)
	at org.springframework.cloud.openfeign.ribbon.LoadBalancerFeignClient.execute(LoadBalancerFeignClient.java:84)
	at feign.SynchronousMethodHandler.executeAndDecode(SynchronousMethodHandler.java:119)
	... 15 common frames omitted
2022-02-11 21:39:00.006 [task-612] ERROR org.springframework.aop.interceptor.SimpleAsyncUncaughtExceptionHandler -
                Unexpected exception occurred invoking async method: public void com.novedu.nov.statistics.task.MultiThreadScheduleTask.asyncCourseViewCount()
java.lang.RuntimeException: com.netflix.client.ClientException: Load balancer does not have available server for client: service-edu
	at org.springframework.cloud.openfeign.ribbon.LoadBalancerFeignClient.execute(LoadBalancerFeignClient.java:91)
	at feign.SynchronousMethodHandler.executeAndDecode(SynchronousMethodHandler.java:119)
	at feign.SynchronousMethodHandler.invoke(SynchronousMethodHandler.java:89)
	at feign.ReflectiveFeign$FeignInvocationHandler.invoke(ReflectiveFeign.java:100)
	at com.sun.proxy.$Proxy120.statisticsCoursePlayCount(Unknown Source)
	at com.novedu.nov.statistics.task.MultiThreadScheduleTask.asyncCourseViewCount(MultiThreadScheduleTask.java:33)
	at com.novedu.nov.statistics.task.MultiThreadScheduleTask$$FastClassBySpringCGLIB$$a711be28.invoke(<generated>)
	at org.springframework.cglib.proxy.MethodProxy.invoke(MethodProxy.java:218)
	at org.springframework.aop.framework.CglibAopProxy$CglibMethodInvocation.invokeJoinpoint(CglibAopProxy.java:779)
	at org.springframework.aop.framework.ReflectiveMethodInvocation.proceed(ReflectiveMethodInvocation.java:163)
	at org.springframework.aop.framework.CglibAopProxy$CglibMethodInvocation.proceed(CglibAopProxy.java:750)
	at org.springframework.aop.interceptor.AsyncExecutionInterceptor.lambda$invoke$0(AsyncExecutionInterceptor.java:115)
	at java.util.concurrent.FutureTask.run$$$capture(FutureTask.java:266)
	at java.util.concurrent.FutureTask.run(FutureTask.java)
	at java.util.concurrent.ThreadPoolExecutor.runWorker(ThreadPoolExecutor.java:1149)
	at java.util.concurrent.ThreadPoolExecutor$Worker.run(ThreadPoolExecutor.java:624)
	at java.lang.Thread.run(Thread.java:748)
Caused by: com.netflix.client.ClientException: Load balancer does not have available server for client: service-edu
	at com.netflix.loadbalancer.LoadBalancerContext.getServerFromLoadBalancer(LoadBalancerContext.java:483)
	at com.netflix.loadbalancer.reactive.LoadBalancerCommand$1.call(LoadBalancerCommand.java:184)
	at com.netflix.loadbalancer.reactive.LoadBalancerCommand$1.call(LoadBalancerCommand.java:180)
	at rx.Observable.unsafeSubscribe(Observable.java:10327)
	at rx.internal.operators.OnSubscribeConcatMap.call(OnSubscribeConcatMap.java:94)
	at rx.internal.operators.OnSubscribeConcatMap.call(OnSubscribeConcatMap.java:42)
	at rx.Observable.unsafeSubscribe(Observable.java:10327)
	at rx.internal.operators.OperatorRetryWithPredicate$SourceSubscriber$1.call(OperatorRetryWithPredicate.java:127)
	at rx.internal.schedulers.TrampolineScheduler$InnerCurrentThreadScheduler.enqueue(TrampolineScheduler.java:73)
	at rx.internal.schedulers.TrampolineScheduler$InnerCurrentThreadScheduler.schedule(TrampolineScheduler.java:52)
	at rx.internal.operators.OperatorRetryWithPredicate$SourceSubscriber.onNext(OperatorRetryWithPredicate.java:79)
	at rx.internal.operators.OperatorRetryWithPredicate$SourceSubscriber.onNext(OperatorRetryWithPredicate.java:45)
	at rx.internal.util.ScalarSynchronousObservable$WeakSingleProducer.request(ScalarSynchronousObservable.java:276)
	at rx.Subscriber.setProducer(Subscriber.java:209)
	at rx.internal.util.ScalarSynchronousObservable$JustOnSubscribe.call(ScalarSynchronousObservable.java:138)
	at rx.internal.util.ScalarSynchronousObservable$JustOnSubscribe.call(ScalarSynchronousObservable.java:129)
	at rx.internal.operators.OnSubscribeLift.call(OnSubscribeLift.java:48)
	at rx.internal.operators.OnSubscribeLift.call(OnSubscribeLift.java:30)
	at rx.internal.operators.OnSubscribeLift.call(OnSubscribeLift.java:48)
	at rx.internal.operators.OnSubscribeLift.call(OnSubscribeLift.java:30)
	at rx.internal.operators.OnSubscribeLift.call(OnSubscribeLift.java:48)
	at rx.internal.operators.OnSubscribeLift.call(OnSubscribeLift.java:30)
	at rx.Observable.subscribe(Observable.java:10423)
	at rx.Observable.subscribe(Observable.java:10390)
	at rx.observables.BlockingObservable.blockForSingle(BlockingObservable.java:443)
	at rx.observables.BlockingObservable.single(BlockingObservable.java:340)
	at com.netflix.client.AbstractLoadBalancerAwareClient.executeWithLoadBalancer(AbstractLoadBalancerAwareClient.java:112)
	at org.springframework.cloud.openfeign.ribbon.LoadBalancerFeignClient.execute(LoadBalancerFeignClient.java:84)
	... 16 common frames omitted
2022-02-11 21:39:00.006 [task-609] ERROR org.springframework.aop.interceptor.SimpleAsyncUncaughtExceptionHandler -
                Unexpected exception occurred invoking async method: public void com.novedu.nov.statistics.task.MultiThreadScheduleTask.statisticsCourseApplyCount()
java.lang.RuntimeException: com.netflix.client.ClientException: Load balancer does not have available server for client: service-edu
	at org.springframework.cloud.openfeign.ribbon.LoadBalancerFeignClient.execute(LoadBalancerFeignClient.java:91)
	at feign.SynchronousMethodHandler.executeAndDecode(SynchronousMethodHandler.java:119)
	at feign.SynchronousMethodHandler.invoke(SynchronousMethodHandler.java:89)
	at feign.ReflectiveFeign$FeignInvocationHandler.invoke(ReflectiveFeign.java:100)
	at com.sun.proxy.$Proxy120.statisticsCourseApplyCount(Unknown Source)
	at com.novedu.nov.statistics.task.MultiThreadScheduleTask.statisticsCourseApplyCount(MultiThreadScheduleTask.java:41)
	at com.novedu.nov.statistics.task.MultiThreadScheduleTask$$FastClassBySpringCGLIB$$a711be28.invoke(<generated>)
	at org.springframework.cglib.proxy.MethodProxy.invoke(MethodProxy.java:218)
	at org.springframework.aop.framework.CglibAopProxy$CglibMethodInvocation.invokeJoinpoint(CglibAopProxy.java:779)
	at org.springframework.aop.framework.ReflectiveMethodInvocation.proceed(ReflectiveMethodInvocation.java:163)
	at org.springframework.aop.framework.CglibAopProxy$CglibMethodInvocation.proceed(CglibAopProxy.java:750)
	at org.springframework.aop.interceptor.AsyncExecutionInterceptor.lambda$invoke$0(AsyncExecutionInterceptor.java:115)
	at java.util.concurrent.FutureTask.run$$$capture(FutureTask.java:266)
	at java.util.concurrent.FutureTask.run(FutureTask.java)
	at java.util.concurrent.ThreadPoolExecutor.runWorker(ThreadPoolExecutor.java:1149)
	at java.util.concurrent.ThreadPoolExecutor$Worker.run(ThreadPoolExecutor.java:624)
	at java.lang.Thread.run(Thread.java:748)
Caused by: com.netflix.client.ClientException: Load balancer does not have available server for client: service-edu
	at com.netflix.loadbalancer.LoadBalancerContext.getServerFromLoadBalancer(LoadBalancerContext.java:483)
	at com.netflix.loadbalancer.reactive.LoadBalancerCommand$1.call(LoadBalancerCommand.java:184)
	at com.netflix.loadbalancer.reactive.LoadBalancerCommand$1.call(LoadBalancerCommand.java:180)
	at rx.Observable.unsafeSubscribe(Observable.java:10327)
	at rx.internal.operators.OnSubscribeConcatMap.call(OnSubscribeConcatMap.java:94)
	at rx.internal.operators.OnSubscribeConcatMap.call(OnSubscribeConcatMap.java:42)
	at rx.Observable.unsafeSubscribe(Observable.java:10327)
	at rx.internal.operators.OperatorRetryWithPredicate$SourceSubscriber$1.call(OperatorRetryWithPredicate.java:127)
	at rx.internal.schedulers.TrampolineScheduler$InnerCurrentThreadScheduler.enqueue(TrampolineScheduler.java:73)
	at rx.internal.schedulers.TrampolineScheduler$InnerCurrentThreadScheduler.schedule(TrampolineScheduler.java:52)
	at rx.internal.operators.OperatorRetryWithPredicate$SourceSubscriber.onNext(OperatorRetryWithPredicate.java:79)
	at rx.internal.operators.OperatorRetryWithPredicate$SourceSubscriber.onNext(OperatorRetryWithPredicate.java:45)
	at rx.internal.util.ScalarSynchronousObservable$WeakSingleProducer.request(ScalarSynchronousObservable.java:276)
	at rx.Subscriber.setProducer(Subscriber.java:209)
	at rx.internal.util.ScalarSynchronousObservable$JustOnSubscribe.call(ScalarSynchronousObservable.java:138)
	at rx.internal.util.ScalarSynchronousObservable$JustOnSubscribe.call(ScalarSynchronousObservable.java:129)
	at rx.internal.operators.OnSubscribeLift.call(OnSubscribeLift.java:48)
	at rx.internal.operators.OnSubscribeLift.call(OnSubscribeLift.java:30)
	at rx.internal.operators.OnSubscribeLift.call(OnSubscribeLift.java:48)
	at rx.internal.operators.OnSubscribeLift.call(OnSubscribeLift.java:30)
	at rx.internal.operators.OnSubscribeLift.call(OnSubscribeLift.java:48)
	at rx.internal.operators.OnSubscribeLift.call(OnSubscribeLift.java:30)
	at rx.Observable.subscribe(Observable.java:10423)
	at rx.Observable.subscribe(Observable.java:10390)
	at rx.observables.BlockingObservable.blockForSingle(BlockingObservable.java:443)
	at rx.observables.BlockingObservable.single(BlockingObservable.java:340)
	at com.netflix.client.AbstractLoadBalancerAwareClient.executeWithLoadBalancer(AbstractLoadBalancerAwareClient.java:112)
	at org.springframework.cloud.openfeign.ribbon.LoadBalancerFeignClient.execute(LoadBalancerFeignClient.java:84)
	... 16 common frames omitted
2022-02-11 21:39:00.006 [task-613] ERROR org.springframework.aop.interceptor.SimpleAsyncUncaughtExceptionHandler -
                Unexpected exception occurred invoking async method: public void com.novedu.nov.statistics.task.MultiThreadScheduleTask.statisticsCourseBuyCount()
java.lang.RuntimeException: com.netflix.client.ClientException: Load balancer does not have available server for client: service-edu
	at org.springframework.cloud.openfeign.ribbon.LoadBalancerFeignClient.execute(LoadBalancerFeignClient.java:91)
	at feign.SynchronousMethodHandler.executeAndDecode(SynchronousMethodHandler.java:119)
	at feign.SynchronousMethodHandler.invoke(SynchronousMethodHandler.java:89)
	at feign.ReflectiveFeign$FeignInvocationHandler.invoke(ReflectiveFeign.java:100)
	at com.sun.proxy.$Proxy120.statisticsCourseBuyCount(Unknown Source)
	at com.novedu.nov.statistics.task.MultiThreadScheduleTask.statisticsCourseBuyCount(MultiThreadScheduleTask.java:49)
	at com.novedu.nov.statistics.task.MultiThreadScheduleTask$$FastClassBySpringCGLIB$$a711be28.invoke(<generated>)
	at org.springframework.cglib.proxy.MethodProxy.invoke(MethodProxy.java:218)
	at org.springframework.aop.framework.CglibAopProxy$CglibMethodInvocation.invokeJoinpoint(CglibAopProxy.java:779)
	at org.springframework.aop.framework.ReflectiveMethodInvocation.proceed(ReflectiveMethodInvocation.java:163)
	at org.springframework.aop.framework.CglibAopProxy$CglibMethodInvocation.proceed(CglibAopProxy.java:750)
	at org.springframework.aop.interceptor.AsyncExecutionInterceptor.lambda$invoke$0(AsyncExecutionInterceptor.java:115)
	at java.util.concurrent.FutureTask.run$$$capture(FutureTask.java:266)
	at java.util.concurrent.FutureTask.run(FutureTask.java)
	at java.util.concurrent.ThreadPoolExecutor.runWorker(ThreadPoolExecutor.java:1149)
	at java.util.concurrent.ThreadPoolExecutor$Worker.run(ThreadPoolExecutor.java:624)
	at java.lang.Thread.run(Thread.java:748)
Caused by: com.netflix.client.ClientException: Load balancer does not have available server for client: service-edu
	at com.netflix.loadbalancer.LoadBalancerContext.getServerFromLoadBalancer(LoadBalancerContext.java:483)
	at com.netflix.loadbalancer.reactive.LoadBalancerCommand$1.call(LoadBalancerCommand.java:184)
	at com.netflix.loadbalancer.reactive.LoadBalancerCommand$1.call(LoadBalancerCommand.java:180)
	at rx.Observable.unsafeSubscribe(Observable.java:10327)
	at rx.internal.operators.OnSubscribeConcatMap.call(OnSubscribeConcatMap.java:94)
	at rx.internal.operators.OnSubscribeConcatMap.call(OnSubscribeConcatMap.java:42)
	at rx.Observable.unsafeSubscribe(Observable.java:10327)
	at rx.internal.operators.OperatorRetryWithPredicate$SourceSubscriber$1.call(OperatorRetryWithPredicate.java:127)
	at rx.internal.schedulers.TrampolineScheduler$InnerCurrentThreadScheduler.enqueue(TrampolineScheduler.java:73)
	at rx.internal.schedulers.TrampolineScheduler$InnerCurrentThreadScheduler.schedule(TrampolineScheduler.java:52)
	at rx.internal.operators.OperatorRetryWithPredicate$SourceSubscriber.onNext(OperatorRetryWithPredicate.java:79)
	at rx.internal.operators.OperatorRetryWithPredicate$SourceSubscriber.onNext(OperatorRetryWithPredicate.java:45)
	at rx.internal.util.ScalarSynchronousObservable$WeakSingleProducer.request(ScalarSynchronousObservable.java:276)
	at rx.Subscriber.setProducer(Subscriber.java:209)
	at rx.internal.util.ScalarSynchronousObservable$JustOnSubscribe.call(ScalarSynchronousObservable.java:138)
	at rx.internal.util.ScalarSynchronousObservable$JustOnSubscribe.call(ScalarSynchronousObservable.java:129)
	at rx.internal.operators.OnSubscribeLift.call(OnSubscribeLift.java:48)
	at rx.internal.operators.OnSubscribeLift.call(OnSubscribeLift.java:30)
	at rx.internal.operators.OnSubscribeLift.call(OnSubscribeLift.java:48)
	at rx.internal.operators.OnSubscribeLift.call(OnSubscribeLift.java:30)
	at rx.internal.operators.OnSubscribeLift.call(OnSubscribeLift.java:48)
	at rx.internal.operators.OnSubscribeLift.call(OnSubscribeLift.java:30)
	at rx.Observable.subscribe(Observable.java:10423)
	at rx.Observable.subscribe(Observable.java:10390)
	at rx.observables.BlockingObservable.blockForSingle(BlockingObservable.java:443)
	at rx.observables.BlockingObservable.single(BlockingObservable.java:340)
	at com.netflix.client.AbstractLoadBalancerAwareClient.executeWithLoadBalancer(AbstractLoadBalancerAwareClient.java:112)
	at org.springframework.cloud.openfeign.ribbon.LoadBalancerFeignClient.execute(LoadBalancerFeignClient.java:84)
	... 16 common frames omitted
