2021-12-24 10:39:40.322 [main] DEBUG CRUD-Running with Spring Boot v2.5.7, Spring v5.3.13
2021-12-24 10:39:40.380 [background-preinit] DEBUG org.jboss.logging-Logging Provider: org.jboss.logging.Log4j2LoggerProvider
2021-12-24 10:39:40.436 [background-preinit] DEBUG org.hibernate.validator.internal.xml.config.ValidationXmlParser-Trying to load META-INF/validation.xml for XML based Validator configuration.
2021-12-24 10:39:40.442 [background-preinit] DEBUG org.hibernate.validator.internal.xml.config.ResourceLoaderHelper-Trying to load META-INF/validation.xml via TCCL
2021-12-24 10:39:40.444 [background-preinit] DEBUG org.hibernate.validator.internal.xml.config.ResourceLoaderHelper-Trying to load META-INF/validation.xml via Hibernate Validator's class loader
2021-12-24 10:39:40.449 [background-preinit] DEBUG org.hibernate.validator.internal.xml.config.ValidationXmlParser-No META-INF/validation.xml found. Using annotation based configuration only.
2021-12-24 10:39:40.490 [background-preinit] DEBUG org.hibernate.validator.internal.engine.resolver.TraversableResolvers-Cannot find javax.persistence.Persistence on classpath. Assuming non JPA 2 environment. All properties will per default be traversable.
2021-12-24 10:39:40.652 [background-preinit] DEBUG org.hibernate.validator.messageinterpolation.ResourceBundleMessageInterpolator-Loaded expression factory via original TCCL
2021-12-24 10:39:41.115 [background-preinit] DEBUG org.hibernate.validator.internal.engine.ValidatorFactoryConfigurationHelper-HV000252: Using org.hibernate.validator.internal.engine.DefaultPropertyNodeNameProvider as property node name provider.
2021-12-24 10:39:41.167 [background-preinit] DEBUG org.hibernate.validator.internal.engine.ValidatorFactoryConfigurationHelper-HV000234: Using org.hibernate.validator.messageinterpolation.ResourceBundleMessageInterpolator as ValidatorFactory-scoped message interpolator.
2021-12-24 10:39:41.168 [background-preinit] DEBUG org.hibernate.validator.internal.engine.ValidatorFactoryConfigurationHelper-HV000234: Using org.hibernate.validator.internal.engine.resolver.TraverseAllTraversableResolver as ValidatorFactory-scoped traversable resolver.
2021-12-24 10:39:41.169 [background-preinit] DEBUG org.hibernate.validator.internal.engine.ValidatorFactoryConfigurationHelper-HV000234: Using org.hibernate.validator.internal.util.ExecutableParameterNameProvider as ValidatorFactory-scoped parameter name provider.
2021-12-24 10:39:41.170 [background-preinit] DEBUG org.hibernate.validator.internal.engine.ValidatorFactoryConfigurationHelper-HV000234: Using org.hibernate.validator.internal.engine.DefaultClockProvider as ValidatorFactory-scoped clock provider.
2021-12-24 10:39:41.171 [background-preinit] DEBUG org.hibernate.validator.internal.engine.ValidatorFactoryConfigurationHelper-HV000234: Using org.hibernate.validator.internal.engine.scripting.DefaultScriptEvaluatorFactory as ValidatorFactory-scoped script evaluator factory.
2021-12-24 10:39:43.111 [main] DEBUG org.apache.ibatis.logging.LogFactory-Logging initialized using 'class org.apache.ibatis.logging.slf4j.Slf4jImpl' adapter.
2021-12-24 10:39:43.115 [main] DEBUG org.mybatis.spring.mapper.ClassPathMapperScanner-Identified candidate component class: file [E:\juam-workspace\code\git\edu\server\nov-starter\nov-service\service_edu\target\classes\com\novedu\nov\edu\mapper\AclUserMapper.class]
2021-12-24 10:39:43.116 [main] DEBUG org.mybatis.spring.mapper.ClassPathMapperScanner-Identified candidate component class: file [E:\juam-workspace\code\git\edu\server\nov-starter\nov-service\service_edu\target\classes\com\novedu\nov\edu\mapper\EduChapterMapper.class]
2021-12-24 10:39:43.117 [main] DEBUG org.mybatis.spring.mapper.ClassPathMapperScanner-Identified candidate component class: file [E:\juam-workspace\code\git\edu\server\nov-starter\nov-service\service_edu\target\classes\com\novedu\nov\edu\mapper\EduCourseIntroMapper.class]
2021-12-24 10:39:43.118 [main] DEBUG org.mybatis.spring.mapper.ClassPathMapperScanner-Identified candidate component class: file [E:\juam-workspace\code\git\edu\server\nov-starter\nov-service\service_edu\target\classes\com\novedu\nov\edu\mapper\EduCourseMapper.class]
2021-12-24 10:39:43.119 [main] DEBUG org.mybatis.spring.mapper.ClassPathMapperScanner-Identified candidate component class: file [E:\juam-workspace\code\git\edu\server\nov-starter\nov-service\service_edu\target\classes\com\novedu\nov\edu\mapper\EduSubjectMapper.class]
2021-12-24 10:39:43.120 [main] DEBUG org.mybatis.spring.mapper.ClassPathMapperScanner-Identified candidate component class: file [E:\juam-workspace\code\git\edu\server\nov-starter\nov-service\service_edu\target\classes\com\novedu\nov\edu\mapper\EduTeacherMapper.class]
2021-12-24 10:39:43.120 [main] DEBUG org.mybatis.spring.mapper.ClassPathMapperScanner-Identified candidate component class: file [E:\juam-workspace\code\git\edu\server\nov-starter\nov-service\service_edu\target\classes\com\novedu\nov\edu\mapper\EduVideoMapper.class]
2021-12-24 10:39:43.121 [main] DEBUG org.mybatis.spring.mapper.ClassPathMapperScanner-Creating MapperFactoryBean with name 'aclUserMapper' and 'com.novedu.nov.edu.mapper.AclUserMapper' mapperInterface
2021-12-24 10:39:43.122 [main] DEBUG org.mybatis.spring.mapper.ClassPathMapperScanner-Enabling autowire by type for MapperFactoryBean with name 'aclUserMapper'.
2021-12-24 10:39:43.123 [main] DEBUG org.mybatis.spring.mapper.ClassPathMapperScanner-Creating MapperFactoryBean with name 'eduChapterMapper' and 'com.novedu.nov.edu.mapper.EduChapterMapper' mapperInterface
2021-12-24 10:39:43.123 [main] DEBUG org.mybatis.spring.mapper.ClassPathMapperScanner-Enabling autowire by type for MapperFactoryBean with name 'eduChapterMapper'.
2021-12-24 10:39:43.123 [main] DEBUG org.mybatis.spring.mapper.ClassPathMapperScanner-Creating MapperFactoryBean with name 'eduCourseIntroMapper' and 'com.novedu.nov.edu.mapper.EduCourseIntroMapper' mapperInterface
2021-12-24 10:39:43.123 [main] DEBUG org.mybatis.spring.mapper.ClassPathMapperScanner-Enabling autowire by type for MapperFactoryBean with name 'eduCourseIntroMapper'.
2021-12-24 10:39:43.123 [main] DEBUG org.mybatis.spring.mapper.ClassPathMapperScanner-Creating MapperFactoryBean with name 'eduCourseMapper' and 'com.novedu.nov.edu.mapper.EduCourseMapper' mapperInterface
2021-12-24 10:39:43.123 [main] DEBUG org.mybatis.spring.mapper.ClassPathMapperScanner-Enabling autowire by type for MapperFactoryBean with name 'eduCourseMapper'.
2021-12-24 10:39:43.123 [main] DEBUG org.mybatis.spring.mapper.ClassPathMapperScanner-Creating MapperFactoryBean with name 'eduSubjectMapper' and 'com.novedu.nov.edu.mapper.EduSubjectMapper' mapperInterface
2021-12-24 10:39:43.123 [main] DEBUG org.mybatis.spring.mapper.ClassPathMapperScanner-Enabling autowire by type for MapperFactoryBean with name 'eduSubjectMapper'.
2021-12-24 10:39:43.123 [main] DEBUG org.mybatis.spring.mapper.ClassPathMapperScanner-Creating MapperFactoryBean with name 'eduTeacherMapper' and 'com.novedu.nov.edu.mapper.EduTeacherMapper' mapperInterface
2021-12-24 10:39:43.124 [main] DEBUG org.mybatis.spring.mapper.ClassPathMapperScanner-Enabling autowire by type for MapperFactoryBean with name 'eduTeacherMapper'.
2021-12-24 10:39:43.124 [main] DEBUG org.mybatis.spring.mapper.ClassPathMapperScanner-Creating MapperFactoryBean with name 'eduVideoMapper' and 'com.novedu.nov.edu.mapper.EduVideoMapper' mapperInterface
2021-12-24 10:39:43.124 [main] DEBUG org.mybatis.spring.mapper.ClassPathMapperScanner-Enabling autowire by type for MapperFactoryBean with name 'eduVideoMapper'.
2021-12-24 10:41:14.677 [main] DEBUG CRUD-Running with Spring Boot v2.5.7, Spring v5.3.13
2021-12-24 10:41:14.708 [background-preinit] DEBUG org.jboss.logging-Logging Provider: org.jboss.logging.Log4j2LoggerProvider
2021-12-24 10:41:14.735 [background-preinit] DEBUG org.hibernate.validator.internal.xml.config.ValidationXmlParser-Trying to load META-INF/validation.xml for XML based Validator configuration.
2021-12-24 10:41:14.743 [background-preinit] DEBUG org.hibernate.validator.internal.xml.config.ResourceLoaderHelper-Trying to load META-INF/validation.xml via TCCL
2021-12-24 10:41:14.744 [background-preinit] DEBUG org.hibernate.validator.internal.xml.config.ResourceLoaderHelper-Trying to load META-INF/validation.xml via Hibernate Validator's class loader
2021-12-24 10:41:14.746 [background-preinit] DEBUG org.hibernate.validator.internal.xml.config.ValidationXmlParser-No META-INF/validation.xml found. Using annotation based configuration only.
2021-12-24 10:41:14.780 [background-preinit] DEBUG org.hibernate.validator.internal.engine.resolver.TraversableResolvers-Cannot find javax.persistence.Persistence on classpath. Assuming non JPA 2 environment. All properties will per default be traversable.
2021-12-24 10:41:14.868 [background-preinit] DEBUG org.hibernate.validator.messageinterpolation.ResourceBundleMessageInterpolator-Loaded expression factory via original TCCL
2021-12-24 10:41:15.898 [background-preinit] DEBUG org.hibernate.validator.internal.engine.ValidatorFactoryConfigurationHelper-HV000252: Using org.hibernate.validator.internal.engine.DefaultPropertyNodeNameProvider as property node name provider.
2021-12-24 10:41:15.994 [background-preinit] DEBUG org.hibernate.validator.internal.engine.ValidatorFactoryConfigurationHelper-HV000234: Using org.hibernate.validator.messageinterpolation.ResourceBundleMessageInterpolator as ValidatorFactory-scoped message interpolator.
2021-12-24 10:41:15.994 [background-preinit] DEBUG org.hibernate.validator.internal.engine.ValidatorFactoryConfigurationHelper-HV000234: Using org.hibernate.validator.internal.engine.resolver.TraverseAllTraversableResolver as ValidatorFactory-scoped traversable resolver.
2021-12-24 10:41:15.994 [background-preinit] DEBUG org.hibernate.validator.internal.engine.ValidatorFactoryConfigurationHelper-HV000234: Using org.hibernate.validator.internal.util.ExecutableParameterNameProvider as ValidatorFactory-scoped parameter name provider.
2021-12-24 10:41:15.995 [background-preinit] DEBUG org.hibernate.validator.internal.engine.ValidatorFactoryConfigurationHelper-HV000234: Using org.hibernate.validator.internal.engine.DefaultClockProvider as ValidatorFactory-scoped clock provider.
2021-12-24 10:41:15.995 [background-preinit] DEBUG org.hibernate.validator.internal.engine.ValidatorFactoryConfigurationHelper-HV000234: Using org.hibernate.validator.internal.engine.scripting.DefaultScriptEvaluatorFactory as ValidatorFactory-scoped script evaluator factory.
2021-12-24 10:41:18.985 [main] DEBUG org.apache.ibatis.logging.LogFactory-Logging initialized using 'class org.apache.ibatis.logging.slf4j.Slf4jImpl' adapter.
2021-12-24 10:41:18.998 [main] DEBUG org.mybatis.spring.mapper.ClassPathMapperScanner-Identified candidate component class: file [E:\juam-workspace\code\git\edu\server\nov-starter\nov-service\service_edu\target\classes\com\novedu\nov\edu\mapper\AclUserMapper.class]
2021-12-24 10:41:19.000 [main] DEBUG org.mybatis.spring.mapper.ClassPathMapperScanner-Identified candidate component class: file [E:\juam-workspace\code\git\edu\server\nov-starter\nov-service\service_edu\target\classes\com\novedu\nov\edu\mapper\EduChapterMapper.class]
2021-12-24 10:41:19.000 [main] DEBUG org.mybatis.spring.mapper.ClassPathMapperScanner-Identified candidate component class: file [E:\juam-workspace\code\git\edu\server\nov-starter\nov-service\service_edu\target\classes\com\novedu\nov\edu\mapper\EduCourseIntroMapper.class]
2021-12-24 10:41:19.001 [main] DEBUG org.mybatis.spring.mapper.ClassPathMapperScanner-Identified candidate component class: file [E:\juam-workspace\code\git\edu\server\nov-starter\nov-service\service_edu\target\classes\com\novedu\nov\edu\mapper\EduCourseMapper.class]
2021-12-24 10:41:19.001 [main] DEBUG org.mybatis.spring.mapper.ClassPathMapperScanner-Identified candidate component class: file [E:\juam-workspace\code\git\edu\server\nov-starter\nov-service\service_edu\target\classes\com\novedu\nov\edu\mapper\EduSubjectMapper.class]
2021-12-24 10:41:19.002 [main] DEBUG org.mybatis.spring.mapper.ClassPathMapperScanner-Identified candidate component class: file [E:\juam-workspace\code\git\edu\server\nov-starter\nov-service\service_edu\target\classes\com\novedu\nov\edu\mapper\EduTeacherMapper.class]
2021-12-24 10:41:19.002 [main] DEBUG org.mybatis.spring.mapper.ClassPathMapperScanner-Identified candidate component class: file [E:\juam-workspace\code\git\edu\server\nov-starter\nov-service\service_edu\target\classes\com\novedu\nov\edu\mapper\EduVideoMapper.class]
2021-12-24 10:41:19.003 [main] DEBUG org.mybatis.spring.mapper.ClassPathMapperScanner-Creating MapperFactoryBean with name 'aclUserMapper' and 'com.novedu.nov.edu.mapper.AclUserMapper' mapperInterface
2021-12-24 10:41:19.004 [main] DEBUG org.mybatis.spring.mapper.ClassPathMapperScanner-Enabling autowire by type for MapperFactoryBean with name 'aclUserMapper'.
2021-12-24 10:41:19.004 [main] DEBUG org.mybatis.spring.mapper.ClassPathMapperScanner-Creating MapperFactoryBean with name 'eduChapterMapper' and 'com.novedu.nov.edu.mapper.EduChapterMapper' mapperInterface
2021-12-24 10:41:19.004 [main] DEBUG org.mybatis.spring.mapper.ClassPathMapperScanner-Enabling autowire by type for MapperFactoryBean with name 'eduChapterMapper'.
2021-12-24 10:41:19.004 [main] DEBUG org.mybatis.spring.mapper.ClassPathMapperScanner-Creating MapperFactoryBean with name 'eduCourseIntroMapper' and 'com.novedu.nov.edu.mapper.EduCourseIntroMapper' mapperInterface
2021-12-24 10:41:19.004 [main] DEBUG org.mybatis.spring.mapper.ClassPathMapperScanner-Enabling autowire by type for MapperFactoryBean with name 'eduCourseIntroMapper'.
2021-12-24 10:41:19.004 [main] DEBUG org.mybatis.spring.mapper.ClassPathMapperScanner-Creating MapperFactoryBean with name 'eduCourseMapper' and 'com.novedu.nov.edu.mapper.EduCourseMapper' mapperInterface
2021-12-24 10:41:19.005 [main] DEBUG org.mybatis.spring.mapper.ClassPathMapperScanner-Enabling autowire by type for MapperFactoryBean with name 'eduCourseMapper'.
2021-12-24 10:41:19.125 [main] DEBUG org.mybatis.spring.mapper.ClassPathMapperScanner-Creating MapperFactoryBean with name 'eduSubjectMapper' and 'com.novedu.nov.edu.mapper.EduSubjectMapper' mapperInterface
2021-12-24 10:41:19.126 [main] DEBUG org.mybatis.spring.mapper.ClassPathMapperScanner-Enabling autowire by type for MapperFactoryBean with name 'eduSubjectMapper'.
2021-12-24 10:41:19.126 [main] DEBUG org.mybatis.spring.mapper.ClassPathMapperScanner-Creating MapperFactoryBean with name 'eduTeacherMapper' and 'com.novedu.nov.edu.mapper.EduTeacherMapper' mapperInterface
2021-12-24 10:41:19.126 [main] DEBUG org.mybatis.spring.mapper.ClassPathMapperScanner-Enabling autowire by type for MapperFactoryBean with name 'eduTeacherMapper'.
2021-12-24 10:41:19.127 [main] DEBUG org.mybatis.spring.mapper.ClassPathMapperScanner-Creating MapperFactoryBean with name 'eduVideoMapper' and 'com.novedu.nov.edu.mapper.EduVideoMapper' mapperInterface
2021-12-24 10:41:19.127 [main] DEBUG org.mybatis.spring.mapper.ClassPathMapperScanner-Enabling autowire by type for MapperFactoryBean with name 'eduVideoMapper'.
2021-12-24 10:41:21.932 [main] DEBUG com.baomidou.mybatisplus.extension.spring.MybatisSqlSessionFactoryBean-Registered plugin: 'com.baomidou.mybatisplus.extension.plugins.MybatisPlusInterceptor@4168f3d9'
2021-12-24 10:41:22.320 [main] DEBUG com.baomidou.mybatisplus.core.MybatisConfiguration-addMappedStatement: com.novedu.nov.edu.mapper.AclUserMapper.insert
2021-12-24 10:41:22.340 [main] DEBUG com.baomidou.mybatisplus.core.MybatisConfiguration-addMappedStatement: com.novedu.nov.edu.mapper.AclUserMapper.delete
2021-12-24 10:41:22.352 [main] DEBUG com.baomidou.mybatisplus.core.MybatisConfiguration-addMappedStatement: com.novedu.nov.edu.mapper.AclUserMapper.deleteByMap
2021-12-24 10:41:22.479 [main] DEBUG com.baomidou.mybatisplus.core.MybatisConfiguration-addMappedStatement: com.novedu.nov.edu.mapper.AclUserMapper.deleteById
2021-12-24 10:41:22.485 [main] DEBUG com.baomidou.mybatisplus.core.MybatisConfiguration-addMappedStatement: com.novedu.nov.edu.mapper.AclUserMapper.deleteBatchIds
2021-12-24 10:41:22.498 [main] DEBUG com.baomidou.mybatisplus.core.MybatisConfiguration-addMappedStatement: com.novedu.nov.edu.mapper.AclUserMapper.update
2021-12-24 10:41:22.504 [main] DEBUG com.baomidou.mybatisplus.core.MybatisConfiguration-addMappedStatement: com.novedu.nov.edu.mapper.AclUserMapper.updateById
2021-12-24 10:41:22.506 [main] DEBUG com.baomidou.mybatisplus.core.MybatisConfiguration-addMappedStatement: com.novedu.nov.edu.mapper.AclUserMapper.selectById
2021-12-24 10:41:22.516 [main] DEBUG com.baomidou.mybatisplus.core.MybatisConfiguration-addMappedStatement: com.novedu.nov.edu.mapper.AclUserMapper.selectBatchIds
2021-12-24 10:41:22.520 [main] DEBUG com.baomidou.mybatisplus.core.MybatisConfiguration-addMappedStatement: com.novedu.nov.edu.mapper.AclUserMapper.selectByMap
2021-12-24 10:41:22.556 [main] DEBUG com.baomidou.mybatisplus.core.MybatisConfiguration-addMappedStatement: com.novedu.nov.edu.mapper.AclUserMapper.selectOne
2021-12-24 10:41:22.574 [main] DEBUG com.baomidou.mybatisplus.core.MybatisConfiguration-addMappedStatement: com.novedu.nov.edu.mapper.AclUserMapper.selectCount
2021-12-24 10:41:22.585 [main] DEBUG com.baomidou.mybatisplus.core.MybatisConfiguration-addMappedStatement: com.novedu.nov.edu.mapper.AclUserMapper.selectMaps
2021-12-24 10:41:22.590 [main] DEBUG com.baomidou.mybatisplus.core.MybatisConfiguration-addMappedStatement: com.novedu.nov.edu.mapper.AclUserMapper.selectMapsPage
2021-12-24 10:41:22.597 [main] DEBUG com.baomidou.mybatisplus.core.MybatisConfiguration-addMappedStatement: com.novedu.nov.edu.mapper.AclUserMapper.selectObjs
2021-12-24 10:41:22.605 [main] DEBUG com.baomidou.mybatisplus.core.MybatisConfiguration-addMappedStatement: com.novedu.nov.edu.mapper.AclUserMapper.selectList
2021-12-24 10:41:22.612 [main] DEBUG com.baomidou.mybatisplus.core.MybatisConfiguration-addMappedStatement: com.novedu.nov.edu.mapper.AclUserMapper.selectPage
2021-12-24 10:41:22.613 [main] DEBUG com.baomidou.mybatisplus.extension.spring.MybatisSqlSessionFactoryBean-Parsed mapper file: 'file [E:\juam-workspace\code\git\edu\server\nov-starter\nov-service\service_edu\target\classes\mapping\AclUserMapper.xml]'
2021-12-24 10:41:22.649 [main] DEBUG com.baomidou.mybatisplus.core.MybatisConfiguration-addMappedStatement: com.novedu.nov.edu.mapper.EduChapterMapper.insert
2021-12-24 10:41:22.670 [main] DEBUG com.baomidou.mybatisplus.core.MybatisConfiguration-addMappedStatement: com.novedu.nov.edu.mapper.EduChapterMapper.delete
2021-12-24 10:41:22.681 [main] DEBUG com.baomidou.mybatisplus.core.MybatisConfiguration-addMappedStatement: com.novedu.nov.edu.mapper.EduChapterMapper.deleteByMap
2021-12-24 10:41:22.688 [main] DEBUG com.baomidou.mybatisplus.core.MybatisConfiguration-addMappedStatement: com.novedu.nov.edu.mapper.EduChapterMapper.deleteById
2021-12-24 10:41:22.691 [main] DEBUG com.baomidou.mybatisplus.core.MybatisConfiguration-addMappedStatement: com.novedu.nov.edu.mapper.EduChapterMapper.deleteBatchIds
2021-12-24 10:41:22.705 [main] DEBUG com.baomidou.mybatisplus.core.MybatisConfiguration-addMappedStatement: com.novedu.nov.edu.mapper.EduChapterMapper.update
2021-12-24 10:41:22.710 [main] DEBUG com.baomidou.mybatisplus.core.MybatisConfiguration-addMappedStatement: com.novedu.nov.edu.mapper.EduChapterMapper.updateById
2021-12-24 10:41:22.711 [main] DEBUG com.baomidou.mybatisplus.core.MybatisConfiguration-addMappedStatement: com.novedu.nov.edu.mapper.EduChapterMapper.selectById
2021-12-24 10:41:22.713 [main] DEBUG com.baomidou.mybatisplus.core.MybatisConfiguration-addMappedStatement: com.novedu.nov.edu.mapper.EduChapterMapper.selectBatchIds
2021-12-24 10:41:22.718 [main] DEBUG com.baomidou.mybatisplus.core.MybatisConfiguration-addMappedStatement: com.novedu.nov.edu.mapper.EduChapterMapper.selectByMap
2021-12-24 10:41:22.722 [main] DEBUG com.baomidou.mybatisplus.core.MybatisConfiguration-addMappedStatement: com.novedu.nov.edu.mapper.EduChapterMapper.selectOne
2021-12-24 10:41:22.729 [main] DEBUG com.baomidou.mybatisplus.core.MybatisConfiguration-addMappedStatement: com.novedu.nov.edu.mapper.EduChapterMapper.selectCount
2021-12-24 10:41:22.736 [main] DEBUG com.baomidou.mybatisplus.core.MybatisConfiguration-addMappedStatement: com.novedu.nov.edu.mapper.EduChapterMapper.selectMaps
2021-12-24 10:41:22.741 [main] DEBUG com.baomidou.mybatisplus.core.MybatisConfiguration-addMappedStatement: com.novedu.nov.edu.mapper.EduChapterMapper.selectMapsPage
2021-12-24 10:41:22.746 [main] DEBUG com.baomidou.mybatisplus.core.MybatisConfiguration-addMappedStatement: com.novedu.nov.edu.mapper.EduChapterMapper.selectObjs
2021-12-24 10:41:22.750 [main] DEBUG com.baomidou.mybatisplus.core.MybatisConfiguration-addMappedStatement: com.novedu.nov.edu.mapper.EduChapterMapper.selectList
2021-12-24 10:41:22.754 [main] DEBUG com.baomidou.mybatisplus.core.MybatisConfiguration-addMappedStatement: com.novedu.nov.edu.mapper.EduChapterMapper.selectPage
2021-12-24 10:41:22.754 [main] DEBUG com.baomidou.mybatisplus.extension.spring.MybatisSqlSessionFactoryBean-Parsed mapper file: 'file [E:\juam-workspace\code\git\edu\server\nov-starter\nov-service\service_edu\target\classes\mapping\EduChapterMapper.xml]'
2021-12-24 10:41:22.805 [main] DEBUG com.baomidou.mybatisplus.core.MybatisConfiguration-addMappedStatement: com.novedu.nov.edu.mapper.EduCourseIntroMapper.insert
2021-12-24 10:41:22.817 [main] DEBUG com.baomidou.mybatisplus.core.MybatisConfiguration-addMappedStatement: com.novedu.nov.edu.mapper.EduCourseIntroMapper.delete
2021-12-24 10:41:22.820 [main] DEBUG com.baomidou.mybatisplus.core.MybatisConfiguration-addMappedStatement: com.novedu.nov.edu.mapper.EduCourseIntroMapper.deleteByMap
2021-12-24 10:41:22.824 [main] DEBUG com.baomidou.mybatisplus.core.MybatisConfiguration-addMappedStatement: com.novedu.nov.edu.mapper.EduCourseIntroMapper.deleteById
2021-12-24 10:41:22.834 [main] DEBUG com.baomidou.mybatisplus.core.MybatisConfiguration-addMappedStatement: com.novedu.nov.edu.mapper.EduCourseIntroMapper.deleteBatchIds
2021-12-24 10:41:22.837 [main] DEBUG com.baomidou.mybatisplus.core.MybatisConfiguration-addMappedStatement: com.novedu.nov.edu.mapper.EduCourseIntroMapper.update
2021-12-24 10:41:22.855 [main] DEBUG com.baomidou.mybatisplus.core.MybatisConfiguration-addMappedStatement: com.novedu.nov.edu.mapper.EduCourseIntroMapper.updateById
2021-12-24 10:41:22.856 [main] DEBUG com.baomidou.mybatisplus.core.MybatisConfiguration-addMappedStatement: com.novedu.nov.edu.mapper.EduCourseIntroMapper.selectById
2021-12-24 10:41:22.867 [main] DEBUG com.baomidou.mybatisplus.core.MybatisConfiguration-addMappedStatement: com.novedu.nov.edu.mapper.EduCourseIntroMapper.selectBatchIds
2021-12-24 10:41:22.876 [main] DEBUG com.baomidou.mybatisplus.core.MybatisConfiguration-addMappedStatement: com.novedu.nov.edu.mapper.EduCourseIntroMapper.selectByMap
2021-12-24 10:41:22.882 [main] DEBUG com.baomidou.mybatisplus.core.MybatisConfiguration-addMappedStatement: com.novedu.nov.edu.mapper.EduCourseIntroMapper.selectOne
2021-12-24 10:41:22.887 [main] DEBUG com.baomidou.mybatisplus.core.MybatisConfiguration-addMappedStatement: com.novedu.nov.edu.mapper.EduCourseIntroMapper.selectCount
2021-12-24 10:41:22.890 [main] DEBUG com.baomidou.mybatisplus.core.MybatisConfiguration-addMappedStatement: com.novedu.nov.edu.mapper.EduCourseIntroMapper.selectMaps
2021-12-24 10:41:22.894 [main] DEBUG com.baomidou.mybatisplus.core.MybatisConfiguration-addMappedStatement: com.novedu.nov.edu.mapper.EduCourseIntroMapper.selectMapsPage
2021-12-24 10:41:22.897 [main] DEBUG com.baomidou.mybatisplus.core.MybatisConfiguration-addMappedStatement: com.novedu.nov.edu.mapper.EduCourseIntroMapper.selectObjs
2021-12-24 10:41:22.906 [main] DEBUG com.baomidou.mybatisplus.core.MybatisConfiguration-addMappedStatement: com.novedu.nov.edu.mapper.EduCourseIntroMapper.selectList
2021-12-24 10:41:22.910 [main] DEBUG com.baomidou.mybatisplus.core.MybatisConfiguration-addMappedStatement: com.novedu.nov.edu.mapper.EduCourseIntroMapper.selectPage
2021-12-24 10:41:22.910 [main] DEBUG com.baomidou.mybatisplus.extension.spring.MybatisSqlSessionFactoryBean-Parsed mapper file: 'file [E:\juam-workspace\code\git\edu\server\nov-starter\nov-service\service_edu\target\classes\mapping\EduCourseIntroMapper.xml]'
2021-12-24 10:43:16.988 [main] DEBUG NoName-Running with Spring Boot v2.5.7, Spring v5.3.13
2021-12-24 10:43:17.006 [background-preinit] DEBUG org.jboss.logging-Logging Provider: org.jboss.logging.Log4j2LoggerProvider
2021-12-24 10:43:17.024 [background-preinit] DEBUG org.hibernate.validator.internal.xml.config.ValidationXmlParser-Trying to load META-INF/validation.xml for XML based Validator configuration.
2021-12-24 10:43:17.027 [background-preinit] DEBUG org.hibernate.validator.internal.xml.config.ResourceLoaderHelper-Trying to load META-INF/validation.xml via TCCL
2021-12-24 10:43:17.029 [background-preinit] DEBUG org.hibernate.validator.internal.xml.config.ResourceLoaderHelper-Trying to load META-INF/validation.xml via Hibernate Validator's class loader
2021-12-24 10:43:17.030 [background-preinit] DEBUG org.hibernate.validator.internal.xml.config.ValidationXmlParser-No META-INF/validation.xml found. Using annotation based configuration only.
2021-12-24 10:43:17.040 [background-preinit] DEBUG org.hibernate.validator.internal.engine.resolver.TraversableResolvers-Cannot find javax.persistence.Persistence on classpath. Assuming non JPA 2 environment. All properties will per default be traversable.
2021-12-24 10:43:17.124 [background-preinit] DEBUG org.hibernate.validator.messageinterpolation.ResourceBundleMessageInterpolator-Loaded expression factory via original TCCL
2021-12-24 10:43:17.523 [background-preinit] DEBUG org.hibernate.validator.internal.engine.ValidatorFactoryConfigurationHelper-HV000252: Using org.hibernate.validator.internal.engine.DefaultPropertyNodeNameProvider as property node name provider.
2021-12-24 10:43:17.554 [background-preinit] DEBUG org.hibernate.validator.internal.engine.ValidatorFactoryConfigurationHelper-HV000234: Using org.hibernate.validator.messageinterpolation.ResourceBundleMessageInterpolator as ValidatorFactory-scoped message interpolator.
2021-12-24 10:43:17.554 [background-preinit] DEBUG org.hibernate.validator.internal.engine.ValidatorFactoryConfigurationHelper-HV000234: Using org.hibernate.validator.internal.engine.resolver.TraverseAllTraversableResolver as ValidatorFactory-scoped traversable resolver.
2021-12-24 10:43:17.555 [background-preinit] DEBUG org.hibernate.validator.internal.engine.ValidatorFactoryConfigurationHelper-HV000234: Using org.hibernate.validator.internal.util.ExecutableParameterNameProvider as ValidatorFactory-scoped parameter name provider.
2021-12-24 10:43:17.555 [background-preinit] DEBUG org.hibernate.validator.internal.engine.ValidatorFactoryConfigurationHelper-HV000234: Using org.hibernate.validator.internal.engine.DefaultClockProvider as ValidatorFactory-scoped clock provider.
2021-12-24 10:43:17.555 [background-preinit] DEBUG org.hibernate.validator.internal.engine.ValidatorFactoryConfigurationHelper-HV000234: Using org.hibernate.validator.internal.engine.scripting.DefaultScriptEvaluatorFactory as ValidatorFactory-scoped script evaluator factory.
2021-12-24 10:43:19.136 [main] DEBUG org.apache.ibatis.logging.LogFactory-Logging initialized using 'class org.apache.ibatis.logging.slf4j.Slf4jImpl' adapter.
2021-12-24 10:43:19.141 [main] DEBUG org.mybatis.spring.mapper.ClassPathMapperScanner-Identified candidate component class: file [E:\juam-workspace\code\git\edu\server\nov-starter\nov-service\service_edu\target\classes\com\novedu\nov\edu\mapper\AclUserMapper.class]
2021-12-24 10:43:19.141 [main] DEBUG org.mybatis.spring.mapper.ClassPathMapperScanner-Identified candidate component class: file [E:\juam-workspace\code\git\edu\server\nov-starter\nov-service\service_edu\target\classes\com\novedu\nov\edu\mapper\EduChapterMapper.class]
2021-12-24 10:43:19.141 [main] DEBUG org.mybatis.spring.mapper.ClassPathMapperScanner-Identified candidate component class: file [E:\juam-workspace\code\git\edu\server\nov-starter\nov-service\service_edu\target\classes\com\novedu\nov\edu\mapper\EduCourseIntroMapper.class]
2021-12-24 10:43:19.142 [main] DEBUG org.mybatis.spring.mapper.ClassPathMapperScanner-Identified candidate component class: file [E:\juam-workspace\code\git\edu\server\nov-starter\nov-service\service_edu\target\classes\com\novedu\nov\edu\mapper\EduCourseMapper.class]
2021-12-24 10:43:19.142 [main] DEBUG org.mybatis.spring.mapper.ClassPathMapperScanner-Identified candidate component class: file [E:\juam-workspace\code\git\edu\server\nov-starter\nov-service\service_edu\target\classes\com\novedu\nov\edu\mapper\EduSubjectMapper.class]
2021-12-24 10:43:19.142 [main] DEBUG org.mybatis.spring.mapper.ClassPathMapperScanner-Identified candidate component class: file [E:\juam-workspace\code\git\edu\server\nov-starter\nov-service\service_edu\target\classes\com\novedu\nov\edu\mapper\EduTeacherMapper.class]
2021-12-24 10:43:19.142 [main] DEBUG org.mybatis.spring.mapper.ClassPathMapperScanner-Identified candidate component class: file [E:\juam-workspace\code\git\edu\server\nov-starter\nov-service\service_edu\target\classes\com\novedu\nov\edu\mapper\EduVideoMapper.class]
2021-12-24 10:43:19.143 [main] DEBUG org.mybatis.spring.mapper.ClassPathMapperScanner-Creating MapperFactoryBean with name 'aclUserMapper' and 'com.novedu.nov.edu.mapper.AclUserMapper' mapperInterface
2021-12-24 10:43:19.144 [main] DEBUG org.mybatis.spring.mapper.ClassPathMapperScanner-Enabling autowire by type for MapperFactoryBean with name 'aclUserMapper'.
2021-12-24 10:43:19.145 [main] DEBUG org.mybatis.spring.mapper.ClassPathMapperScanner-Creating MapperFactoryBean with name 'eduChapterMapper' and 'com.novedu.nov.edu.mapper.EduChapterMapper' mapperInterface
2021-12-24 10:43:19.145 [main] DEBUG org.mybatis.spring.mapper.ClassPathMapperScanner-Enabling autowire by type for MapperFactoryBean with name 'eduChapterMapper'.
2021-12-24 10:43:19.145 [main] DEBUG org.mybatis.spring.mapper.ClassPathMapperScanner-Creating MapperFactoryBean with name 'eduCourseIntroMapper' and 'com.novedu.nov.edu.mapper.EduCourseIntroMapper' mapperInterface
2021-12-24 10:43:19.145 [main] DEBUG org.mybatis.spring.mapper.ClassPathMapperScanner-Enabling autowire by type for MapperFactoryBean with name 'eduCourseIntroMapper'.
2021-12-24 10:43:19.145 [main] DEBUG org.mybatis.spring.mapper.ClassPathMapperScanner-Creating MapperFactoryBean with name 'eduCourseMapper' and 'com.novedu.nov.edu.mapper.EduCourseMapper' mapperInterface
2021-12-24 10:43:19.145 [main] DEBUG org.mybatis.spring.mapper.ClassPathMapperScanner-Enabling autowire by type for MapperFactoryBean with name 'eduCourseMapper'.
2021-12-24 10:43:19.145 [main] DEBUG org.mybatis.spring.mapper.ClassPathMapperScanner-Creating MapperFactoryBean with name 'eduSubjectMapper' and 'com.novedu.nov.edu.mapper.EduSubjectMapper' mapperInterface
2021-12-24 10:43:19.145 [main] DEBUG org.mybatis.spring.mapper.ClassPathMapperScanner-Enabling autowire by type for MapperFactoryBean with name 'eduSubjectMapper'.
2021-12-24 10:43:19.145 [main] DEBUG org.mybatis.spring.mapper.ClassPathMapperScanner-Creating MapperFactoryBean with name 'eduTeacherMapper' and 'com.novedu.nov.edu.mapper.EduTeacherMapper' mapperInterface
2021-12-24 10:43:19.146 [main] DEBUG org.mybatis.spring.mapper.ClassPathMapperScanner-Enabling autowire by type for MapperFactoryBean with name 'eduTeacherMapper'.
2021-12-24 10:43:19.146 [main] DEBUG org.mybatis.spring.mapper.ClassPathMapperScanner-Creating MapperFactoryBean with name 'eduVideoMapper' and 'com.novedu.nov.edu.mapper.EduVideoMapper' mapperInterface
2021-12-24 10:43:19.146 [main] DEBUG org.mybatis.spring.mapper.ClassPathMapperScanner-Enabling autowire by type for MapperFactoryBean with name 'eduVideoMapper'.
2021-12-24 10:43:20.840 [main] DEBUG com.baomidou.mybatisplus.extension.spring.MybatisSqlSessionFactoryBean-Registered plugin: 'com.baomidou.mybatisplus.extension.plugins.MybatisPlusInterceptor@cdb3c85'
2021-12-24 10:43:21.025 [main] DEBUG com.baomidou.mybatisplus.core.MybatisConfiguration-addMappedStatement: com.novedu.nov.edu.mapper.AclUserMapper.insert
2021-12-24 10:43:21.034 [main] DEBUG com.baomidou.mybatisplus.core.MybatisConfiguration-addMappedStatement: com.novedu.nov.edu.mapper.AclUserMapper.delete
2021-12-24 10:43:21.039 [main] DEBUG com.baomidou.mybatisplus.core.MybatisConfiguration-addMappedStatement: com.novedu.nov.edu.mapper.AclUserMapper.deleteByMap
2021-12-24 10:43:21.097 [main] DEBUG com.baomidou.mybatisplus.core.MybatisConfiguration-addMappedStatement: com.novedu.nov.edu.mapper.AclUserMapper.deleteById
2021-12-24 10:43:21.101 [main] DEBUG com.baomidou.mybatisplus.core.MybatisConfiguration-addMappedStatement: com.novedu.nov.edu.mapper.AclUserMapper.deleteBatchIds
2021-12-24 10:43:21.108 [main] DEBUG com.baomidou.mybatisplus.core.MybatisConfiguration-addMappedStatement: com.novedu.nov.edu.mapper.AclUserMapper.update
2021-12-24 10:43:21.112 [main] DEBUG com.baomidou.mybatisplus.core.MybatisConfiguration-addMappedStatement: com.novedu.nov.edu.mapper.AclUserMapper.updateById
2021-12-24 10:43:21.113 [main] DEBUG com.baomidou.mybatisplus.core.MybatisConfiguration-addMappedStatement: com.novedu.nov.edu.mapper.AclUserMapper.selectById
2021-12-24 10:43:21.116 [main] DEBUG com.baomidou.mybatisplus.core.MybatisConfiguration-addMappedStatement: com.novedu.nov.edu.mapper.AclUserMapper.selectBatchIds
2021-12-24 10:43:21.120 [main] DEBUG com.baomidou.mybatisplus.core.MybatisConfiguration-addMappedStatement: com.novedu.nov.edu.mapper.AclUserMapper.selectByMap
2021-12-24 10:43:21.132 [main] DEBUG com.baomidou.mybatisplus.core.MybatisConfiguration-addMappedStatement: com.novedu.nov.edu.mapper.AclUserMapper.selectOne
2021-12-24 10:43:21.137 [main] DEBUG com.baomidou.mybatisplus.core.MybatisConfiguration-addMappedStatement: com.novedu.nov.edu.mapper.AclUserMapper.selectCount
2021-12-24 10:43:21.142 [main] DEBUG com.baomidou.mybatisplus.core.MybatisConfiguration-addMappedStatement: com.novedu.nov.edu.mapper.AclUserMapper.selectMaps
2021-12-24 10:43:21.146 [main] DEBUG com.baomidou.mybatisplus.core.MybatisConfiguration-addMappedStatement: com.novedu.nov.edu.mapper.AclUserMapper.selectMapsPage
2021-12-24 10:43:21.152 [main] DEBUG com.baomidou.mybatisplus.core.MybatisConfiguration-addMappedStatement: com.novedu.nov.edu.mapper.AclUserMapper.selectObjs
2021-12-24 10:43:21.157 [main] DEBUG com.baomidou.mybatisplus.core.MybatisConfiguration-addMappedStatement: com.novedu.nov.edu.mapper.AclUserMapper.selectList
2021-12-24 10:43:21.162 [main] DEBUG com.baomidou.mybatisplus.core.MybatisConfiguration-addMappedStatement: com.novedu.nov.edu.mapper.AclUserMapper.selectPage
2021-12-24 10:43:21.163 [main] DEBUG com.baomidou.mybatisplus.extension.spring.MybatisSqlSessionFactoryBean-Parsed mapper file: 'file [E:\juam-workspace\code\git\edu\server\nov-starter\nov-service\service_edu\target\classes\mapping\AclUserMapper.xml]'
2021-12-24 10:43:21.185 [main] DEBUG com.baomidou.mybatisplus.core.MybatisConfiguration-addMappedStatement: com.novedu.nov.edu.mapper.EduChapterMapper.insert
2021-12-24 10:43:21.193 [main] DEBUG com.baomidou.mybatisplus.core.MybatisConfiguration-addMappedStatement: com.novedu.nov.edu.mapper.EduChapterMapper.delete
2021-12-24 10:43:21.196 [main] DEBUG com.baomidou.mybatisplus.core.MybatisConfiguration-addMappedStatement: com.novedu.nov.edu.mapper.EduChapterMapper.deleteByMap
2021-12-24 10:43:21.201 [main] DEBUG com.baomidou.mybatisplus.core.MybatisConfiguration-addMappedStatement: com.novedu.nov.edu.mapper.EduChapterMapper.deleteById
2021-12-24 10:43:21.205 [main] DEBUG com.baomidou.mybatisplus.core.MybatisConfiguration-addMappedStatement: com.novedu.nov.edu.mapper.EduChapterMapper.deleteBatchIds
2021-12-24 10:43:21.210 [main] DEBUG com.baomidou.mybatisplus.core.MybatisConfiguration-addMappedStatement: com.novedu.nov.edu.mapper.EduChapterMapper.update
2021-12-24 10:43:21.216 [main] DEBUG com.baomidou.mybatisplus.core.MybatisConfiguration-addMappedStatement: com.novedu.nov.edu.mapper.EduChapterMapper.updateById
2021-12-24 10:43:21.216 [main] DEBUG com.baomidou.mybatisplus.core.MybatisConfiguration-addMappedStatement: com.novedu.nov.edu.mapper.EduChapterMapper.selectById
2021-12-24 10:43:21.219 [main] DEBUG com.baomidou.mybatisplus.core.MybatisConfiguration-addMappedStatement: com.novedu.nov.edu.mapper.EduChapterMapper.selectBatchIds
2021-12-24 10:43:21.224 [main] DEBUG com.baomidou.mybatisplus.core.MybatisConfiguration-addMappedStatement: com.novedu.nov.edu.mapper.EduChapterMapper.selectByMap
2021-12-24 10:43:21.227 [main] DEBUG com.baomidou.mybatisplus.core.MybatisConfiguration-addMappedStatement: com.novedu.nov.edu.mapper.EduChapterMapper.selectOne
2021-12-24 10:43:21.233 [main] DEBUG com.baomidou.mybatisplus.core.MybatisConfiguration-addMappedStatement: com.novedu.nov.edu.mapper.EduChapterMapper.selectCount
2021-12-24 10:43:21.237 [main] DEBUG com.baomidou.mybatisplus.core.MybatisConfiguration-addMappedStatement: com.novedu.nov.edu.mapper.EduChapterMapper.selectMaps
2021-12-24 10:43:21.241 [main] DEBUG com.baomidou.mybatisplus.core.MybatisConfiguration-addMappedStatement: com.novedu.nov.edu.mapper.EduChapterMapper.selectMapsPage
2021-12-24 10:43:21.244 [main] DEBUG com.baomidou.mybatisplus.core.MybatisConfiguration-addMappedStatement: com.novedu.nov.edu.mapper.EduChapterMapper.selectObjs
2021-12-24 10:43:21.247 [main] DEBUG com.baomidou.mybatisplus.core.MybatisConfiguration-addMappedStatement: com.novedu.nov.edu.mapper.EduChapterMapper.selectList
2021-12-24 10:43:21.252 [main] DEBUG com.baomidou.mybatisplus.core.MybatisConfiguration-addMappedStatement: com.novedu.nov.edu.mapper.EduChapterMapper.selectPage
2021-12-24 10:43:21.252 [main] DEBUG com.baomidou.mybatisplus.extension.spring.MybatisSqlSessionFactoryBean-Parsed mapper file: 'file [E:\juam-workspace\code\git\edu\server\nov-starter\nov-service\service_edu\target\classes\mapping\EduChapterMapper.xml]'
2021-12-24 10:43:21.268 [main] DEBUG com.baomidou.mybatisplus.core.MybatisConfiguration-addMappedStatement: com.novedu.nov.edu.mapper.EduCourseIntroMapper.insert
2021-12-24 10:43:21.271 [main] DEBUG com.baomidou.mybatisplus.core.MybatisConfiguration-addMappedStatement: com.novedu.nov.edu.mapper.EduCourseIntroMapper.delete
2021-12-24 10:43:21.274 [main] DEBUG com.baomidou.mybatisplus.core.MybatisConfiguration-addMappedStatement: com.novedu.nov.edu.mapper.EduCourseIntroMapper.deleteByMap
2021-12-24 10:43:21.276 [main] DEBUG com.baomidou.mybatisplus.core.MybatisConfiguration-addMappedStatement: com.novedu.nov.edu.mapper.EduCourseIntroMapper.deleteById
2021-12-24 10:43:21.280 [main] DEBUG com.baomidou.mybatisplus.core.MybatisConfiguration-addMappedStatement: com.novedu.nov.edu.mapper.EduCourseIntroMapper.deleteBatchIds
2021-12-24 10:43:21.284 [main] DEBUG com.baomidou.mybatisplus.core.MybatisConfiguration-addMappedStatement: com.novedu.nov.edu.mapper.EduCourseIntroMapper.update
2021-12-24 10:43:21.287 [main] DEBUG com.baomidou.mybatisplus.core.MybatisConfiguration-addMappedStatement: com.novedu.nov.edu.mapper.EduCourseIntroMapper.updateById
2021-12-24 10:43:21.288 [main] DEBUG com.baomidou.mybatisplus.core.MybatisConfiguration-addMappedStatement: com.novedu.nov.edu.mapper.EduCourseIntroMapper.selectById
2021-12-24 10:43:21.291 [main] DEBUG com.baomidou.mybatisplus.core.MybatisConfiguration-addMappedStatement: com.novedu.nov.edu.mapper.EduCourseIntroMapper.selectBatchIds
2021-12-24 10:43:21.294 [main] DEBUG com.baomidou.mybatisplus.core.MybatisConfiguration-addMappedStatement: com.novedu.nov.edu.mapper.EduCourseIntroMapper.selectByMap
2021-12-24 10:43:21.297 [main] DEBUG com.baomidou.mybatisplus.core.MybatisConfiguration-addMappedStatement: com.novedu.nov.edu.mapper.EduCourseIntroMapper.selectOne
2021-12-24 10:43:21.300 [main] DEBUG com.baomidou.mybatisplus.core.MybatisConfiguration-addMappedStatement: com.novedu.nov.edu.mapper.EduCourseIntroMapper.selectCount
2021-12-24 10:43:21.304 [main] DEBUG com.baomidou.mybatisplus.core.MybatisConfiguration-addMappedStatement: com.novedu.nov.edu.mapper.EduCourseIntroMapper.selectMaps
2021-12-24 10:43:21.307 [main] DEBUG com.baomidou.mybatisplus.core.MybatisConfiguration-addMappedStatement: com.novedu.nov.edu.mapper.EduCourseIntroMapper.selectMapsPage
2021-12-24 10:43:21.311 [main] DEBUG com.baomidou.mybatisplus.core.MybatisConfiguration-addMappedStatement: com.novedu.nov.edu.mapper.EduCourseIntroMapper.selectObjs
2021-12-24 10:43:21.334 [main] DEBUG com.baomidou.mybatisplus.core.MybatisConfiguration-addMappedStatement: com.novedu.nov.edu.mapper.EduCourseIntroMapper.selectList
2021-12-24 10:43:21.337 [main] DEBUG com.baomidou.mybatisplus.core.MybatisConfiguration-addMappedStatement: com.novedu.nov.edu.mapper.EduCourseIntroMapper.selectPage
2021-12-24 10:43:21.338 [main] DEBUG com.baomidou.mybatisplus.extension.spring.MybatisSqlSessionFactoryBean-Parsed mapper file: 'file [E:\juam-workspace\code\git\edu\server\nov-starter\nov-service\service_edu\target\classes\mapping\EduCourseIntroMapper.xml]'
2021-12-24 10:59:55.258 [main] DEBUG CRUD-Running with Spring Boot v2.5.7, Spring v5.3.13
2021-12-24 10:59:55.274 [background-preinit] DEBUG org.jboss.logging-Logging Provider: org.jboss.logging.Log4j2LoggerProvider
2021-12-24 10:59:55.290 [background-preinit] DEBUG org.hibernate.validator.internal.xml.config.ValidationXmlParser-Trying to load META-INF/validation.xml for XML based Validator configuration.
2021-12-24 10:59:55.293 [background-preinit] DEBUG org.hibernate.validator.internal.xml.config.ResourceLoaderHelper-Trying to load META-INF/validation.xml via TCCL
2021-12-24 10:59:55.294 [background-preinit] DEBUG org.hibernate.validator.internal.xml.config.ResourceLoaderHelper-Trying to load META-INF/validation.xml via Hibernate Validator's class loader
2021-12-24 10:59:55.295 [background-preinit] DEBUG org.hibernate.validator.internal.xml.config.ValidationXmlParser-No META-INF/validation.xml found. Using annotation based configuration only.
2021-12-24 10:59:55.305 [background-preinit] DEBUG org.hibernate.validator.internal.engine.resolver.TraversableResolvers-Cannot find javax.persistence.Persistence on classpath. Assuming non JPA 2 environment. All properties will per default be traversable.
2021-12-24 10:59:55.372 [background-preinit] DEBUG org.hibernate.validator.messageinterpolation.ResourceBundleMessageInterpolator-Loaded expression factory via original TCCL
2021-12-24 10:59:55.816 [background-preinit] DEBUG org.hibernate.validator.internal.engine.ValidatorFactoryConfigurationHelper-HV000252: Using org.hibernate.validator.internal.engine.DefaultPropertyNodeNameProvider as property node name provider.
2021-12-24 10:59:55.843 [background-preinit] DEBUG org.hibernate.validator.internal.engine.ValidatorFactoryConfigurationHelper-HV000234: Using org.hibernate.validator.messageinterpolation.ResourceBundleMessageInterpolator as ValidatorFactory-scoped message interpolator.
2021-12-24 10:59:55.843 [background-preinit] DEBUG org.hibernate.validator.internal.engine.ValidatorFactoryConfigurationHelper-HV000234: Using org.hibernate.validator.internal.engine.resolver.TraverseAllTraversableResolver as ValidatorFactory-scoped traversable resolver.
2021-12-24 10:59:55.843 [background-preinit] DEBUG org.hibernate.validator.internal.engine.ValidatorFactoryConfigurationHelper-HV000234: Using org.hibernate.validator.internal.util.ExecutableParameterNameProvider as ValidatorFactory-scoped parameter name provider.
2021-12-24 10:59:55.844 [background-preinit] DEBUG org.hibernate.validator.internal.engine.ValidatorFactoryConfigurationHelper-HV000234: Using org.hibernate.validator.internal.engine.DefaultClockProvider as ValidatorFactory-scoped clock provider.
2021-12-24 10:59:55.844 [background-preinit] DEBUG org.hibernate.validator.internal.engine.ValidatorFactoryConfigurationHelper-HV000234: Using org.hibernate.validator.internal.engine.scripting.DefaultScriptEvaluatorFactory as ValidatorFactory-scoped script evaluator factory.
2021-12-24 10:59:57.961 [main] DEBUG org.apache.ibatis.logging.LogFactory-Logging initialized using 'class org.apache.ibatis.logging.slf4j.Slf4jImpl' adapter.
2021-12-24 10:59:57.966 [main] DEBUG org.mybatis.spring.mapper.ClassPathMapperScanner-Identified candidate component class: file [E:\juam-workspace\code\git\edu\server\nov-starter\nov-service\service_edu\target\classes\com\novedu\nov\edu\mapper\AclUserMapper.class]
2021-12-24 10:59:57.966 [main] DEBUG org.mybatis.spring.mapper.ClassPathMapperScanner-Identified candidate component class: file [E:\juam-workspace\code\git\edu\server\nov-starter\nov-service\service_edu\target\classes\com\novedu\nov\edu\mapper\EduChapterMapper.class]
2021-12-24 10:59:57.966 [main] DEBUG org.mybatis.spring.mapper.ClassPathMapperScanner-Identified candidate component class: file [E:\juam-workspace\code\git\edu\server\nov-starter\nov-service\service_edu\target\classes\com\novedu\nov\edu\mapper\EduCourseIntroMapper.class]
2021-12-24 10:59:57.967 [main] DEBUG org.mybatis.spring.mapper.ClassPathMapperScanner-Identified candidate component class: file [E:\juam-workspace\code\git\edu\server\nov-starter\nov-service\service_edu\target\classes\com\novedu\nov\edu\mapper\EduCourseMapper.class]
2021-12-24 10:59:57.967 [main] DEBUG org.mybatis.spring.mapper.ClassPathMapperScanner-Identified candidate component class: file [E:\juam-workspace\code\git\edu\server\nov-starter\nov-service\service_edu\target\classes\com\novedu\nov\edu\mapper\EduSubjectMapper.class]
2021-12-24 10:59:57.967 [main] DEBUG org.mybatis.spring.mapper.ClassPathMapperScanner-Identified candidate component class: file [E:\juam-workspace\code\git\edu\server\nov-starter\nov-service\service_edu\target\classes\com\novedu\nov\edu\mapper\EduTeacherMapper.class]
2021-12-24 10:59:57.968 [main] DEBUG org.mybatis.spring.mapper.ClassPathMapperScanner-Identified candidate component class: file [E:\juam-workspace\code\git\edu\server\nov-starter\nov-service\service_edu\target\classes\com\novedu\nov\edu\mapper\EduVideoMapper.class]
2021-12-24 10:59:57.969 [main] DEBUG org.mybatis.spring.mapper.ClassPathMapperScanner-Creating MapperFactoryBean with name 'aclUserMapper' and 'com.novedu.nov.edu.mapper.AclUserMapper' mapperInterface
2021-12-24 10:59:57.970 [main] DEBUG org.mybatis.spring.mapper.ClassPathMapperScanner-Enabling autowire by type for MapperFactoryBean with name 'aclUserMapper'.
2021-12-24 10:59:57.970 [main] DEBUG org.mybatis.spring.mapper.ClassPathMapperScanner-Creating MapperFactoryBean with name 'eduChapterMapper' and 'com.novedu.nov.edu.mapper.EduChapterMapper' mapperInterface
2021-12-24 10:59:57.970 [main] DEBUG org.mybatis.spring.mapper.ClassPathMapperScanner-Enabling autowire by type for MapperFactoryBean with name 'eduChapterMapper'.
2021-12-24 10:59:57.970 [main] DEBUG org.mybatis.spring.mapper.ClassPathMapperScanner-Creating MapperFactoryBean with name 'eduCourseIntroMapper' and 'com.novedu.nov.edu.mapper.EduCourseIntroMapper' mapperInterface
2021-12-24 10:59:57.970 [main] DEBUG org.mybatis.spring.mapper.ClassPathMapperScanner-Enabling autowire by type for MapperFactoryBean with name 'eduCourseIntroMapper'.
2021-12-24 10:59:57.971 [main] DEBUG org.mybatis.spring.mapper.ClassPathMapperScanner-Creating MapperFactoryBean with name 'eduCourseMapper' and 'com.novedu.nov.edu.mapper.EduCourseMapper' mapperInterface
2021-12-24 10:59:57.971 [main] DEBUG org.mybatis.spring.mapper.ClassPathMapperScanner-Enabling autowire by type for MapperFactoryBean with name 'eduCourseMapper'.
2021-12-24 10:59:57.971 [main] DEBUG org.mybatis.spring.mapper.ClassPathMapperScanner-Creating MapperFactoryBean with name 'eduSubjectMapper' and 'com.novedu.nov.edu.mapper.EduSubjectMapper' mapperInterface
2021-12-24 10:59:57.971 [main] DEBUG org.mybatis.spring.mapper.ClassPathMapperScanner-Enabling autowire by type for MapperFactoryBean with name 'eduSubjectMapper'.
2021-12-24 10:59:57.971 [main] DEBUG org.mybatis.spring.mapper.ClassPathMapperScanner-Creating MapperFactoryBean with name 'eduTeacherMapper' and 'com.novedu.nov.edu.mapper.EduTeacherMapper' mapperInterface
2021-12-24 10:59:57.971 [main] DEBUG org.mybatis.spring.mapper.ClassPathMapperScanner-Enabling autowire by type for MapperFactoryBean with name 'eduTeacherMapper'.
2021-12-24 10:59:57.971 [main] DEBUG org.mybatis.spring.mapper.ClassPathMapperScanner-Creating MapperFactoryBean with name 'eduVideoMapper' and 'com.novedu.nov.edu.mapper.EduVideoMapper' mapperInterface
2021-12-24 10:59:57.972 [main] DEBUG org.mybatis.spring.mapper.ClassPathMapperScanner-Enabling autowire by type for MapperFactoryBean with name 'eduVideoMapper'.
2021-12-24 10:59:59.305 [main] DEBUG com.baomidou.mybatisplus.extension.spring.MybatisSqlSessionFactoryBean-Registered plugin: 'com.baomidou.mybatisplus.extension.plugins.MybatisPlusInterceptor@1eeb5818'
2021-12-24 10:59:59.500 [main] DEBUG com.baomidou.mybatisplus.core.MybatisConfiguration-addMappedStatement: com.novedu.nov.edu.mapper.AclUserMapper.insert
2021-12-24 10:59:59.510 [main] DEBUG com.baomidou.mybatisplus.core.MybatisConfiguration-addMappedStatement: com.novedu.nov.edu.mapper.AclUserMapper.delete
2021-12-24 10:59:59.515 [main] DEBUG com.baomidou.mybatisplus.core.MybatisConfiguration-addMappedStatement: com.novedu.nov.edu.mapper.AclUserMapper.deleteByMap
2021-12-24 10:59:59.562 [main] DEBUG com.baomidou.mybatisplus.core.MybatisConfiguration-addMappedStatement: com.novedu.nov.edu.mapper.AclUserMapper.deleteById
2021-12-24 10:59:59.565 [main] DEBUG com.baomidou.mybatisplus.core.MybatisConfiguration-addMappedStatement: com.novedu.nov.edu.mapper.AclUserMapper.deleteBatchIds
2021-12-24 10:59:59.572 [main] DEBUG com.baomidou.mybatisplus.core.MybatisConfiguration-addMappedStatement: com.novedu.nov.edu.mapper.AclUserMapper.update
2021-12-24 10:59:59.575 [main] DEBUG com.baomidou.mybatisplus.core.MybatisConfiguration-addMappedStatement: com.novedu.nov.edu.mapper.AclUserMapper.updateById
2021-12-24 10:59:59.576 [main] DEBUG com.baomidou.mybatisplus.core.MybatisConfiguration-addMappedStatement: com.novedu.nov.edu.mapper.AclUserMapper.selectById
2021-12-24 10:59:59.578 [main] DEBUG com.baomidou.mybatisplus.core.MybatisConfiguration-addMappedStatement: com.novedu.nov.edu.mapper.AclUserMapper.selectBatchIds
2021-12-24 10:59:59.580 [main] DEBUG com.baomidou.mybatisplus.core.MybatisConfiguration-addMappedStatement: com.novedu.nov.edu.mapper.AclUserMapper.selectByMap
2021-12-24 10:59:59.590 [main] DEBUG com.baomidou.mybatisplus.core.MybatisConfiguration-addMappedStatement: com.novedu.nov.edu.mapper.AclUserMapper.selectOne
2021-12-24 10:59:59.595 [main] DEBUG com.baomidou.mybatisplus.core.MybatisConfiguration-addMappedStatement: com.novedu.nov.edu.mapper.AclUserMapper.selectCount
2021-12-24 10:59:59.599 [main] DEBUG com.baomidou.mybatisplus.core.MybatisConfiguration-addMappedStatement: com.novedu.nov.edu.mapper.AclUserMapper.selectMaps
2021-12-24 10:59:59.603 [main] DEBUG com.baomidou.mybatisplus.core.MybatisConfiguration-addMappedStatement: com.novedu.nov.edu.mapper.AclUserMapper.selectMapsPage
2021-12-24 10:59:59.607 [main] DEBUG com.baomidou.mybatisplus.core.MybatisConfiguration-addMappedStatement: com.novedu.nov.edu.mapper.AclUserMapper.selectObjs
2021-12-24 10:59:59.611 [main] DEBUG com.baomidou.mybatisplus.core.MybatisConfiguration-addMappedStatement: com.novedu.nov.edu.mapper.AclUserMapper.selectList
2021-12-24 10:59:59.616 [main] DEBUG com.baomidou.mybatisplus.core.MybatisConfiguration-addMappedStatement: com.novedu.nov.edu.mapper.AclUserMapper.selectPage
2021-12-24 10:59:59.617 [main] DEBUG com.baomidou.mybatisplus.extension.spring.MybatisSqlSessionFactoryBean-Parsed mapper file: 'file [E:\juam-workspace\code\git\edu\server\nov-starter\nov-service\service_edu\target\classes\mapping\AclUserMapper.xml]'
2021-12-24 10:59:59.637 [main] DEBUG com.baomidou.mybatisplus.core.MybatisConfiguration-addMappedStatement: com.novedu.nov.edu.mapper.EduChapterMapper.insert
2021-12-24 10:59:59.641 [main] DEBUG com.baomidou.mybatisplus.core.MybatisConfiguration-addMappedStatement: com.novedu.nov.edu.mapper.EduChapterMapper.delete
2021-12-24 10:59:59.644 [main] DEBUG com.baomidou.mybatisplus.core.MybatisConfiguration-addMappedStatement: com.novedu.nov.edu.mapper.EduChapterMapper.deleteByMap
2021-12-24 10:59:59.648 [main] DEBUG com.baomidou.mybatisplus.core.MybatisConfiguration-addMappedStatement: com.novedu.nov.edu.mapper.EduChapterMapper.deleteById
2021-12-24 10:59:59.652 [main] DEBUG com.baomidou.mybatisplus.core.MybatisConfiguration-addMappedStatement: com.novedu.nov.edu.mapper.EduChapterMapper.deleteBatchIds
2021-12-24 10:59:59.657 [main] DEBUG com.baomidou.mybatisplus.core.MybatisConfiguration-addMappedStatement: com.novedu.nov.edu.mapper.EduChapterMapper.update
2021-12-24 10:59:59.660 [main] DEBUG com.baomidou.mybatisplus.core.MybatisConfiguration-addMappedStatement: com.novedu.nov.edu.mapper.EduChapterMapper.updateById
2021-12-24 10:59:59.661 [main] DEBUG com.baomidou.mybatisplus.core.MybatisConfiguration-addMappedStatement: com.novedu.nov.edu.mapper.EduChapterMapper.selectById
2021-12-24 10:59:59.666 [main] DEBUG com.baomidou.mybatisplus.core.MybatisConfiguration-addMappedStatement: com.novedu.nov.edu.mapper.EduChapterMapper.selectBatchIds
2021-12-24 10:59:59.670 [main] DEBUG com.baomidou.mybatisplus.core.MybatisConfiguration-addMappedStatement: com.novedu.nov.edu.mapper.EduChapterMapper.selectByMap
2021-12-24 10:59:59.674 [main] DEBUG com.baomidou.mybatisplus.core.MybatisConfiguration-addMappedStatement: com.novedu.nov.edu.mapper.EduChapterMapper.selectOne
2021-12-24 10:59:59.677 [main] DEBUG com.baomidou.mybatisplus.core.MybatisConfiguration-addMappedStatement: com.novedu.nov.edu.mapper.EduChapterMapper.selectCount
2021-12-24 10:59:59.681 [main] DEBUG com.baomidou.mybatisplus.core.MybatisConfiguration-addMappedStatement: com.novedu.nov.edu.mapper.EduChapterMapper.selectMaps
2021-12-24 10:59:59.684 [main] DEBUG com.baomidou.mybatisplus.core.MybatisConfiguration-addMappedStatement: com.novedu.nov.edu.mapper.EduChapterMapper.selectMapsPage
2021-12-24 10:59:59.687 [main] DEBUG com.baomidou.mybatisplus.core.MybatisConfiguration-addMappedStatement: com.novedu.nov.edu.mapper.EduChapterMapper.selectObjs
2021-12-24 10:59:59.690 [main] DEBUG com.baomidou.mybatisplus.core.MybatisConfiguration-addMappedStatement: com.novedu.nov.edu.mapper.EduChapterMapper.selectList
2021-12-24 10:59:59.692 [main] DEBUG com.baomidou.mybatisplus.core.MybatisConfiguration-addMappedStatement: com.novedu.nov.edu.mapper.EduChapterMapper.selectPage
2021-12-24 10:59:59.694 [main] DEBUG com.baomidou.mybatisplus.extension.spring.MybatisSqlSessionFactoryBean-Parsed mapper file: 'file [E:\juam-workspace\code\git\edu\server\nov-starter\nov-service\service_edu\target\classes\mapping\EduChapterMapper.xml]'
2021-12-24 10:59:59.710 [main] DEBUG com.baomidou.mybatisplus.core.MybatisConfiguration-addMappedStatement: com.novedu.nov.edu.mapper.EduCourseIntroMapper.insert
2021-12-24 10:59:59.713 [main] DEBUG com.baomidou.mybatisplus.core.MybatisConfiguration-addMappedStatement: com.novedu.nov.edu.mapper.EduCourseIntroMapper.delete
2021-12-24 10:59:59.716 [main] DEBUG com.baomidou.mybatisplus.core.MybatisConfiguration-addMappedStatement: com.novedu.nov.edu.mapper.EduCourseIntroMapper.deleteByMap
2021-12-24 10:59:59.719 [main] DEBUG com.baomidou.mybatisplus.core.MybatisConfiguration-addMappedStatement: com.novedu.nov.edu.mapper.EduCourseIntroMapper.deleteById
2021-12-24 10:59:59.721 [main] DEBUG com.baomidou.mybatisplus.core.MybatisConfiguration-addMappedStatement: com.novedu.nov.edu.mapper.EduCourseIntroMapper.deleteBatchIds
2021-12-24 10:59:59.724 [main] DEBUG com.baomidou.mybatisplus.core.MybatisConfiguration-addMappedStatement: com.novedu.nov.edu.mapper.EduCourseIntroMapper.update
2021-12-24 10:59:59.727 [main] DEBUG com.baomidou.mybatisplus.core.MybatisConfiguration-addMappedStatement: com.novedu.nov.edu.mapper.EduCourseIntroMapper.updateById
2021-12-24 10:59:59.727 [main] DEBUG com.baomidou.mybatisplus.core.MybatisConfiguration-addMappedStatement: com.novedu.nov.edu.mapper.EduCourseIntroMapper.selectById
2021-12-24 10:59:59.730 [main] DEBUG com.baomidou.mybatisplus.core.MybatisConfiguration-addMappedStatement: com.novedu.nov.edu.mapper.EduCourseIntroMapper.selectBatchIds
2021-12-24 10:59:59.732 [main] DEBUG com.baomidou.mybatisplus.core.MybatisConfiguration-addMappedStatement: com.novedu.nov.edu.mapper.EduCourseIntroMapper.selectByMap
2021-12-24 10:59:59.734 [main] DEBUG com.baomidou.mybatisplus.core.MybatisConfiguration-addMappedStatement: com.novedu.nov.edu.mapper.EduCourseIntroMapper.selectOne
2021-12-24 10:59:59.737 [main] DEBUG com.baomidou.mybatisplus.core.MybatisConfiguration-addMappedStatement: com.novedu.nov.edu.mapper.EduCourseIntroMapper.selectCount
2021-12-24 10:59:59.739 [main] DEBUG com.baomidou.mybatisplus.core.MybatisConfiguration-addMappedStatement: com.novedu.nov.edu.mapper.EduCourseIntroMapper.selectMaps
2021-12-24 10:59:59.742 [main] DEBUG com.baomidou.mybatisplus.core.MybatisConfiguration-addMappedStatement: com.novedu.nov.edu.mapper.EduCourseIntroMapper.selectMapsPage
2021-12-24 10:59:59.747 [main] DEBUG com.baomidou.mybatisplus.core.MybatisConfiguration-addMappedStatement: com.novedu.nov.edu.mapper.EduCourseIntroMapper.selectObjs
2021-12-24 10:59:59.750 [main] DEBUG com.baomidou.mybatisplus.core.MybatisConfiguration-addMappedStatement: com.novedu.nov.edu.mapper.EduCourseIntroMapper.selectList
2021-12-24 10:59:59.753 [main] DEBUG com.baomidou.mybatisplus.core.MybatisConfiguration-addMappedStatement: com.novedu.nov.edu.mapper.EduCourseIntroMapper.selectPage
2021-12-24 10:59:59.753 [main] DEBUG com.baomidou.mybatisplus.extension.spring.MybatisSqlSessionFactoryBean-Parsed mapper file: 'file [E:\juam-workspace\code\git\edu\server\nov-starter\nov-service\service_edu\target\classes\mapping\EduCourseIntroMapper.xml]'
2021-12-24 10:59:59.765 [main] DEBUG com.baomidou.mybatisplus.core.MybatisConfiguration-addMappedStatement: com.novedu.nov.edu.mapper.EduCourseMapper.queryAll
2021-12-24 10:59:59.771 [main] DEBUG com.baomidou.mybatisplus.core.MybatisConfiguration-addMappedStatement: com.novedu.nov.edu.mapper.EduCourseMapper.insert
2021-12-24 10:59:59.778 [main] DEBUG com.baomidou.mybatisplus.core.MybatisConfiguration-addMappedStatement: com.novedu.nov.edu.mapper.EduCourseMapper.delete
2021-12-24 10:59:59.784 [main] DEBUG com.baomidou.mybatisplus.core.MybatisConfiguration-addMappedStatement: com.novedu.nov.edu.mapper.EduCourseMapper.deleteByMap
2021-12-24 10:59:59.789 [main] DEBUG com.baomidou.mybatisplus.core.MybatisConfiguration-addMappedStatement: com.novedu.nov.edu.mapper.EduCourseMapper.deleteById
2021-12-24 10:59:59.792 [main] DEBUG com.baomidou.mybatisplus.core.MybatisConfiguration-addMappedStatement: com.novedu.nov.edu.mapper.EduCourseMapper.deleteBatchIds
2021-12-24 10:59:59.796 [main] DEBUG com.baomidou.mybatisplus.core.MybatisConfiguration-addMappedStatement: com.novedu.nov.edu.mapper.EduCourseMapper.update
2021-12-24 10:59:59.800 [main] DEBUG com.baomidou.mybatisplus.core.MybatisConfiguration-addMappedStatement: com.novedu.nov.edu.mapper.EduCourseMapper.updateById
2021-12-24 10:59:59.801 [main] DEBUG com.baomidou.mybatisplus.core.MybatisConfiguration-addMappedStatement: com.novedu.nov.edu.mapper.EduCourseMapper.selectById
2021-12-24 10:59:59.803 [main] DEBUG com.baomidou.mybatisplus.core.MybatisConfiguration-addMappedStatement: com.novedu.nov.edu.mapper.EduCourseMapper.selectBatchIds
2021-12-24 10:59:59.806 [main] DEBUG com.baomidou.mybatisplus.core.MybatisConfiguration-addMappedStatement: com.novedu.nov.edu.mapper.EduCourseMapper.selectByMap
2021-12-24 10:59:59.809 [main] DEBUG com.baomidou.mybatisplus.core.MybatisConfiguration-addMappedStatement: com.novedu.nov.edu.mapper.EduCourseMapper.selectOne
2021-12-24 10:59:59.812 [main] DEBUG com.baomidou.mybatisplus.core.MybatisConfiguration-addMappedStatement: com.novedu.nov.edu.mapper.EduCourseMapper.selectCount
2021-12-24 10:59:59.817 [main] DEBUG com.baomidou.mybatisplus.core.MybatisConfiguration-addMappedStatement: com.novedu.nov.edu.mapper.EduCourseMapper.selectMaps
2021-12-24 10:59:59.824 [main] DEBUG com.baomidou.mybatisplus.core.MybatisConfiguration-addMappedStatement: com.novedu.nov.edu.mapper.EduCourseMapper.selectMapsPage
2021-12-24 10:59:59.828 [main] DEBUG com.baomidou.mybatisplus.core.MybatisConfiguration-addMappedStatement: com.novedu.nov.edu.mapper.EduCourseMapper.selectObjs
2021-12-24 10:59:59.831 [main] DEBUG com.baomidou.mybatisplus.core.MybatisConfiguration-addMappedStatement: com.novedu.nov.edu.mapper.EduCourseMapper.selectList
2021-12-24 10:59:59.835 [main] DEBUG com.baomidou.mybatisplus.core.MybatisConfiguration-addMappedStatement: com.novedu.nov.edu.mapper.EduCourseMapper.selectPage
2021-12-24 10:59:59.836 [main] DEBUG com.baomidou.mybatisplus.extension.spring.MybatisSqlSessionFactoryBean-Parsed mapper file: 'file [E:\juam-workspace\code\git\edu\server\nov-starter\nov-service\service_edu\target\classes\mapping\EduCourseMapper.xml]'
2021-12-24 10:59:59.860 [main] DEBUG com.baomidou.mybatisplus.core.MybatisConfiguration-addMappedStatement: com.novedu.nov.edu.mapper.EduSubjectMapper.insert
2021-12-24 10:59:59.864 [main] DEBUG com.baomidou.mybatisplus.core.MybatisConfiguration-addMappedStatement: com.novedu.nov.edu.mapper.EduSubjectMapper.delete
2021-12-24 10:59:59.869 [main] DEBUG com.baomidou.mybatisplus.core.MybatisConfiguration-addMappedStatement: com.novedu.nov.edu.mapper.EduSubjectMapper.deleteByMap
2021-12-24 10:59:59.872 [main] DEBUG com.baomidou.mybatisplus.core.MybatisConfiguration-addMappedStatement: com.novedu.nov.edu.mapper.EduSubjectMapper.deleteById
2021-12-24 10:59:59.874 [main] DEBUG com.baomidou.mybatisplus.core.MybatisConfiguration-addMappedStatement: com.novedu.nov.edu.mapper.EduSubjectMapper.deleteBatchIds
2021-12-24 10:59:59.876 [main] DEBUG com.baomidou.mybatisplus.core.MybatisConfiguration-addMappedStatement: com.novedu.nov.edu.mapper.EduSubjectMapper.update
2021-12-24 10:59:59.878 [main] DEBUG com.baomidou.mybatisplus.core.MybatisConfiguration-addMappedStatement: com.novedu.nov.edu.mapper.EduSubjectMapper.updateById
2021-12-24 10:59:59.878 [main] DEBUG com.baomidou.mybatisplus.core.MybatisConfiguration-addMappedStatement: com.novedu.nov.edu.mapper.EduSubjectMapper.selectById
2021-12-24 10:59:59.883 [main] DEBUG com.baomidou.mybatisplus.core.MybatisConfiguration-addMappedStatement: com.novedu.nov.edu.mapper.EduSubjectMapper.selectBatchIds
2021-12-24 10:59:59.886 [main] DEBUG com.baomidou.mybatisplus.core.MybatisConfiguration-addMappedStatement: com.novedu.nov.edu.mapper.EduSubjectMapper.selectByMap
2021-12-24 10:59:59.889 [main] DEBUG com.baomidou.mybatisplus.core.MybatisConfiguration-addMappedStatement: com.novedu.nov.edu.mapper.EduSubjectMapper.selectOne
2021-12-24 10:59:59.891 [main] DEBUG com.baomidou.mybatisplus.core.MybatisConfiguration-addMappedStatement: com.novedu.nov.edu.mapper.EduSubjectMapper.selectCount
2021-12-24 10:59:59.894 [main] DEBUG com.baomidou.mybatisplus.core.MybatisConfiguration-addMappedStatement: com.novedu.nov.edu.mapper.EduSubjectMapper.selectMaps
2021-12-24 10:59:59.900 [main] DEBUG com.baomidou.mybatisplus.core.MybatisConfiguration-addMappedStatement: com.novedu.nov.edu.mapper.EduSubjectMapper.selectMapsPage
2021-12-24 10:59:59.903 [main] DEBUG com.baomidou.mybatisplus.core.MybatisConfiguration-addMappedStatement: com.novedu.nov.edu.mapper.EduSubjectMapper.selectObjs
2021-12-24 10:59:59.910 [main] DEBUG com.baomidou.mybatisplus.core.MybatisConfiguration-addMappedStatement: com.novedu.nov.edu.mapper.EduSubjectMapper.selectList
2021-12-24 10:59:59.913 [main] DEBUG com.baomidou.mybatisplus.core.MybatisConfiguration-addMappedStatement: com.novedu.nov.edu.mapper.EduSubjectMapper.selectPage
2021-12-24 10:59:59.914 [main] DEBUG com.baomidou.mybatisplus.extension.spring.MybatisSqlSessionFactoryBean-Parsed mapper file: 'file [E:\juam-workspace\code\git\edu\server\nov-starter\nov-service\service_edu\target\classes\mapping\EduSubjectMapper.xml]'
2021-12-24 10:59:59.938 [main] DEBUG com.baomidou.mybatisplus.core.MybatisConfiguration-addMappedStatement: com.novedu.nov.edu.mapper.EduTeacherMapper.insert
2021-12-24 10:59:59.941 [main] DEBUG com.baomidou.mybatisplus.core.MybatisConfiguration-addMappedStatement: com.novedu.nov.edu.mapper.EduTeacherMapper.delete
2021-12-24 10:59:59.944 [main] DEBUG com.baomidou.mybatisplus.core.MybatisConfiguration-addMappedStatement: com.novedu.nov.edu.mapper.EduTeacherMapper.deleteByMap
2021-12-24 10:59:59.947 [main] DEBUG com.baomidou.mybatisplus.core.MybatisConfiguration-addMappedStatement: com.novedu.nov.edu.mapper.EduTeacherMapper.deleteById
2021-12-24 10:59:59.950 [main] DEBUG com.baomidou.mybatisplus.core.MybatisConfiguration-addMappedStatement: com.novedu.nov.edu.mapper.EduTeacherMapper.deleteBatchIds
2021-12-24 10:59:59.954 [main] DEBUG com.baomidou.mybatisplus.core.MybatisConfiguration-addMappedStatement: com.novedu.nov.edu.mapper.EduTeacherMapper.update
2021-12-24 10:59:59.957 [main] DEBUG com.baomidou.mybatisplus.core.MybatisConfiguration-addMappedStatement: com.novedu.nov.edu.mapper.EduTeacherMapper.updateById
2021-12-24 10:59:59.957 [main] DEBUG com.baomidou.mybatisplus.core.MybatisConfiguration-addMappedStatement: com.novedu.nov.edu.mapper.EduTeacherMapper.selectById
2021-12-24 10:59:59.961 [main] DEBUG com.baomidou.mybatisplus.core.MybatisConfiguration-addMappedStatement: com.novedu.nov.edu.mapper.EduTeacherMapper.selectBatchIds
2021-12-24 10:59:59.964 [main] DEBUG com.baomidou.mybatisplus.core.MybatisConfiguration-addMappedStatement: com.novedu.nov.edu.mapper.EduTeacherMapper.selectByMap
2021-12-24 10:59:59.967 [main] DEBUG com.baomidou.mybatisplus.core.MybatisConfiguration-addMappedStatement: com.novedu.nov.edu.mapper.EduTeacherMapper.selectOne
2021-12-24 10:59:59.971 [main] DEBUG com.baomidou.mybatisplus.core.MybatisConfiguration-addMappedStatement: com.novedu.nov.edu.mapper.EduTeacherMapper.selectCount
2021-12-24 10:59:59.974 [main] DEBUG com.baomidou.mybatisplus.core.MybatisConfiguration-addMappedStatement: com.novedu.nov.edu.mapper.EduTeacherMapper.selectMaps
2021-12-24 11:00:00.003 [main] DEBUG com.baomidou.mybatisplus.core.MybatisConfiguration-addMappedStatement: com.novedu.nov.edu.mapper.EduTeacherMapper.selectMapsPage
2021-12-24 11:00:00.009 [main] DEBUG com.baomidou.mybatisplus.core.MybatisConfiguration-addMappedStatement: com.novedu.nov.edu.mapper.EduTeacherMapper.selectObjs
2021-12-24 11:00:00.013 [main] DEBUG com.baomidou.mybatisplus.core.MybatisConfiguration-addMappedStatement: com.novedu.nov.edu.mapper.EduTeacherMapper.selectList
2021-12-24 11:00:00.017 [main] DEBUG com.baomidou.mybatisplus.core.MybatisConfiguration-addMappedStatement: com.novedu.nov.edu.mapper.EduTeacherMapper.selectPage
2021-12-24 11:00:00.018 [main] DEBUG com.baomidou.mybatisplus.extension.spring.MybatisSqlSessionFactoryBean-Parsed mapper file: 'file [E:\juam-workspace\code\git\edu\server\nov-starter\nov-service\service_edu\target\classes\mapping\EduTeacherMapper.xml]'
2021-12-24 11:00:00.038 [main] DEBUG com.baomidou.mybatisplus.core.MybatisConfiguration-addMappedStatement: com.novedu.nov.edu.mapper.EduVideoMapper.insert
2021-12-24 11:00:00.054 [main] DEBUG com.baomidou.mybatisplus.core.MybatisConfiguration-addMappedStatement: com.novedu.nov.edu.mapper.EduVideoMapper.delete
2021-12-24 11:00:00.061 [main] DEBUG com.baomidou.mybatisplus.core.MybatisConfiguration-addMappedStatement: com.novedu.nov.edu.mapper.EduVideoMapper.deleteByMap
2021-12-24 11:00:00.067 [main] DEBUG com.baomidou.mybatisplus.core.MybatisConfiguration-addMappedStatement: com.novedu.nov.edu.mapper.EduVideoMapper.deleteById
2021-12-24 11:00:00.070 [main] DEBUG com.baomidou.mybatisplus.core.MybatisConfiguration-addMappedStatement: com.novedu.nov.edu.mapper.EduVideoMapper.deleteBatchIds
2021-12-24 11:00:00.075 [main] DEBUG com.baomidou.mybatisplus.core.MybatisConfiguration-addMappedStatement: com.novedu.nov.edu.mapper.EduVideoMapper.update
2021-12-24 11:00:00.079 [main] DEBUG com.baomidou.mybatisplus.core.MybatisConfiguration-addMappedStatement: com.novedu.nov.edu.mapper.EduVideoMapper.updateById
2021-12-24 11:00:00.080 [main] DEBUG com.baomidou.mybatisplus.core.MybatisConfiguration-addMappedStatement: com.novedu.nov.edu.mapper.EduVideoMapper.selectById
2021-12-24 11:00:00.083 [main] DEBUG com.baomidou.mybatisplus.core.MybatisConfiguration-addMappedStatement: com.novedu.nov.edu.mapper.EduVideoMapper.selectBatchIds
2021-12-24 11:00:00.086 [main] DEBUG com.baomidou.mybatisplus.core.MybatisConfiguration-addMappedStatement: com.novedu.nov.edu.mapper.EduVideoMapper.selectByMap
2021-12-24 11:00:00.090 [main] DEBUG com.baomidou.mybatisplus.core.MybatisConfiguration-addMappedStatement: com.novedu.nov.edu.mapper.EduVideoMapper.selectOne
2021-12-24 11:00:00.095 [main] DEBUG com.baomidou.mybatisplus.core.MybatisConfiguration-addMappedStatement: com.novedu.nov.edu.mapper.EduVideoMapper.selectCount
2021-12-24 11:00:00.098 [main] DEBUG com.baomidou.mybatisplus.core.MybatisConfiguration-addMappedStatement: com.novedu.nov.edu.mapper.EduVideoMapper.selectMaps
2021-12-24 11:00:00.102 [main] DEBUG com.baomidou.mybatisplus.core.MybatisConfiguration-addMappedStatement: com.novedu.nov.edu.mapper.EduVideoMapper.selectMapsPage
2021-12-24 11:00:00.107 [main] DEBUG com.baomidou.mybatisplus.core.MybatisConfiguration-addMappedStatement: com.novedu.nov.edu.mapper.EduVideoMapper.selectObjs
2021-12-24 11:00:00.110 [main] DEBUG com.baomidou.mybatisplus.core.MybatisConfiguration-addMappedStatement: com.novedu.nov.edu.mapper.EduVideoMapper.selectList
2021-12-24 11:00:00.113 [main] DEBUG com.baomidou.mybatisplus.core.MybatisConfiguration-addMappedStatement: com.novedu.nov.edu.mapper.EduVideoMapper.selectPage
2021-12-24 11:00:00.114 [main] DEBUG com.baomidou.mybatisplus.extension.spring.MybatisSqlSessionFactoryBean-Parsed mapper file: 'file [E:\juam-workspace\code\git\edu\server\nov-starter\nov-service\service_edu\target\classes\mapping\EduVideoMapper.xml]'
2021-12-24 11:00:02.162 [main] DEBUG _org.springframework.web.servlet.HandlerMapping.Mappings-
	c.n.n.e.c.AclUserController:
	{POST [/edu/user/login]}: login(AclUser)
	{GET [/edu/user/info]}: getInfo(String)
2021-12-24 11:00:02.165 [main] DEBUG _org.springframework.web.servlet.HandlerMapping.Mappings-
	c.n.n.e.c.EduChapterController:
	
2021-12-24 11:00:02.166 [main] DEBUG _org.springframework.web.servlet.HandlerMapping.Mappings-
	c.n.n.e.c.EduCourseController:
	{POST [/edu/course/save]}: saveCourse(EduCourseInfoVO)
	{POST [/edu/course/list]}: findCourseDetail(EduCourseInfoVO)
2021-12-24 11:00:02.166 [main] DEBUG _org.springframework.web.servlet.HandlerMapping.Mappings-
	c.n.n.e.c.EduCourseIntroController:
	
2021-12-24 11:00:02.167 [main] DEBUG _org.springframework.web.servlet.HandlerMapping.Mappings-
	c.n.n.e.c.EduLoginController:
	
2021-12-24 11:00:02.168 [main] DEBUG _org.springframework.web.servlet.HandlerMapping.Mappings-
	c.n.n.e.c.EduSubjectController:
	{GET [/edu/edu-subject/list]}: getSubjects()
	{PUT [/edu/edu-subject/update]}: updateSubjects(Map)
	{GET [/edu/edu-subject/export]}: exportSubjects(HttpServletResponse)
2021-12-24 11:00:02.173 [main] DEBUG _org.springframework.web.servlet.HandlerMapping.Mappings-
	c.n.n.e.c.EduTeacherController:
	{GET [/edu/edu-teacher/all]}: all()
	{GET [/edu/edu-teacher/list]}: list(Page,EduTeacher)
	{GET [/edu/edu-teacher/test]}: test()
	{GET [/edu/edu-teacher/info/{id}]}: info(String)
	{DELETE [/edu/edu-teacher/remove/{id}]}: removeTeacher(String)
	{PUT [/edu/edu-teacher/edit]}: editTeacher(EduTeacher)
	{POST [/edu/edu-teacher/save]}: saveTeacher(EduTeacher)
2021-12-24 11:00:02.174 [main] DEBUG _org.springframework.web.servlet.HandlerMapping.Mappings-
	c.n.n.e.c.EduVideoController:
	
2021-12-24 11:00:02.180 [main] DEBUG _org.springframework.web.servlet.HandlerMapping.Mappings-
	s.d.s.w.ApiResourceController:
	{ [/swagger-resources/configuration/security]}: securityConfiguration()
	{ [/swagger-resources/configuration/ui]}: uiConfiguration()
	{ [/swagger-resources]}: swaggerResources()
2021-12-24 11:00:02.186 [main] DEBUG _org.springframework.web.servlet.HandlerMapping.Mappings-
	o.s.b.a.w.s.e.BasicErrorController:
	{ [/error]}: error(HttpServletRequest)
	{ [/error], produces [text/html]}: errorHtml(HttpServletRequest,HttpServletResponse)
2021-12-24 11:00:02.729 [main] DEBUG springfox.documentation.spring.web.PropertySourcedRequestMappingHandlerMapping-initialising the handler methods
2021-12-24 11:00:03.268 [main] DEBUG org.hibernate.validator.messageinterpolation.ResourceBundleMessageInterpolator-Loaded expression factory via original TCCL
2021-12-24 11:00:03.305 [main] DEBUG org.hibernate.validator.internal.engine.AbstractConfigurationImpl-Setting custom MessageInterpolator of type org.springframework.validation.beanvalidation.LocaleContextMessageInterpolator
2021-12-24 11:00:03.309 [main] DEBUG org.hibernate.validator.internal.engine.AbstractConfigurationImpl-Setting custom ConstraintValidatorFactory of type org.springframework.validation.beanvalidation.SpringConstraintValidatorFactory
2021-12-24 11:00:03.311 [main] DEBUG org.hibernate.validator.internal.engine.AbstractConfigurationImpl-Setting custom ParameterNameProvider of type org.springframework.validation.beanvalidation.LocalValidatorFactoryBean$1
2021-12-24 11:00:03.313 [main] DEBUG org.hibernate.validator.internal.xml.config.ValidationXmlParser-Trying to load META-INF/validation.xml for XML based Validator configuration.
2021-12-24 11:00:03.314 [main] DEBUG org.hibernate.validator.internal.xml.config.ResourceLoaderHelper-Trying to load META-INF/validation.xml via user class loader
2021-12-24 11:00:03.316 [main] DEBUG org.hibernate.validator.internal.xml.config.ResourceLoaderHelper-Trying to load META-INF/validation.xml via TCCL
2021-12-24 11:00:03.317 [main] DEBUG org.hibernate.validator.internal.xml.config.ResourceLoaderHelper-Trying to load META-INF/validation.xml via Hibernate Validator's class loader
2021-12-24 11:00:03.318 [main] DEBUG org.hibernate.validator.internal.xml.config.ValidationXmlParser-No META-INF/validation.xml found. Using annotation based configuration only.
2021-12-24 11:00:03.323 [main] DEBUG org.hibernate.validator.internal.engine.resolver.TraversableResolvers-Cannot find javax.persistence.Persistence on classpath. Assuming non JPA 2 environment. All properties will per default be traversable.
2021-12-24 11:00:03.334 [main] DEBUG org.hibernate.validator.internal.engine.ValidatorFactoryConfigurationHelper-HV000252: Using org.hibernate.validator.internal.engine.DefaultPropertyNodeNameProvider as property node name provider.
2021-12-24 11:00:03.335 [main] DEBUG org.hibernate.validator.internal.engine.ValidatorFactoryConfigurationHelper-HV000234: Using org.springframework.validation.beanvalidation.LocaleContextMessageInterpolator as ValidatorFactory-scoped message interpolator.
2021-12-24 11:00:03.335 [main] DEBUG org.hibernate.validator.internal.engine.ValidatorFactoryConfigurationHelper-HV000234: Using org.hibernate.validator.internal.engine.resolver.TraverseAllTraversableResolver as ValidatorFactory-scoped traversable resolver.
2021-12-24 11:00:03.338 [main] DEBUG org.hibernate.validator.internal.engine.ValidatorFactoryConfigurationHelper-HV000234: Using org.hibernate.validator.internal.util.ExecutableParameterNameProvider as ValidatorFactory-scoped parameter name provider.
2021-12-24 11:00:03.338 [main] DEBUG org.hibernate.validator.internal.engine.ValidatorFactoryConfigurationHelper-HV000234: Using org.hibernate.validator.internal.engine.DefaultClockProvider as ValidatorFactory-scoped clock provider.
2021-12-24 11:00:03.339 [main] DEBUG org.hibernate.validator.internal.engine.ValidatorFactoryConfigurationHelper-HV000234: Using org.hibernate.validator.internal.engine.scripting.DefaultScriptEvaluatorFactory as ValidatorFactory-scoped script evaluator factory.
2021-12-24 11:00:04.101 [main] DEBUG _org.springframework.web.servlet.HandlerMapping.Mappings-'beanNameHandlerMapping' {}
2021-12-24 11:00:04.159 [main] DEBUG _org.springframework.web.servlet.HandlerMapping.Mappings-'resourceHandlerMapping' {/webjars/**=ResourceHttpRequestHandler [classpath [META-INF/resources/webjars/]], /**=ResourceHttpRequestHandler [classpath [META-INF/resources/], classpath [resources/], classpath [static/], classpath [public/], ServletContext [/]]}
2021-12-24 11:00:05.071 [main] DEBUG springfox.documentation.spring.web.readers.operation.OperationModelsProvider-Adding return parameter of type Lcom/novedu/nov/common/api/BaseResult;
2021-12-24 11:00:05.072 [main] DEBUG springfox.documentation.spring.web.readers.operation.OperationModelsProvider-Reading parameters models for handlerMethod |getInfo|
2021-12-24 11:00:05.073 [main] DEBUG springfox.documentation.spring.web.readers.operation.OperationModelsProvider-Finished reading parameters models for handlerMethod |getInfo|
2021-12-24 11:00:05.076 [main] DEBUG springfox.documentation.swagger.readers.operation.SwaggerOperationModelsProvider-Reading parameters models for handlerMethod |getInfo|
2021-12-24 11:00:05.136 [main] DEBUG springfox.documentation.schema.property.OptimizedModelPropertiesProvider-Reading property code
2021-12-24 11:00:05.144 [main] DEBUG springfox.documentation.schema.property.bean.BeanModelProperty-Evaluating unwrapped getter for member getCode
2021-12-24 11:00:05.147 [main] DEBUG springfox.documentation.schema.property.ObjectMapperBeanPropertyNamingStrategy-Name 'code' renamed to 'code'
2021-12-24 11:00:05.147 [main] DEBUG springfox.documentation.schema.property.OptimizedModelPropertiesProvider-Adding property code to model
2021-12-24 11:00:05.149 [main] DEBUG springfox.documentation.schema.property.bean.BeanModelProperty-Evaluating unwrapped getter for member getCode
2021-12-24 11:00:05.150 [main] DEBUG springfox.documentation.schema.property.bean.BeanModelProperty-Evaluating unwrapped getter for member getCode
2021-12-24 11:00:05.151 [main] DEBUG springfox.documentation.schema.property.bean.BeanModelProperty-Evaluating unwrapped getter for member getCode
2021-12-24 11:00:05.151 [main] DEBUG springfox.documentation.schema.property.bean.BeanModelProperty-Evaluating unwrapped getter for member getCode
2021-12-24 11:00:05.156 [main] DEBUG springfox.documentation.schema.property.OptimizedModelPropertiesProvider-Reading property msg
2021-12-24 11:00:05.157 [main] DEBUG springfox.documentation.schema.property.bean.BeanModelProperty-Evaluating unwrapped getter for member getMsg
2021-12-24 11:00:05.157 [main] DEBUG springfox.documentation.schema.property.ObjectMapperBeanPropertyNamingStrategy-Name 'msg' renamed to 'msg'
2021-12-24 11:00:05.157 [main] DEBUG springfox.documentation.schema.property.OptimizedModelPropertiesProvider-Adding property msg to model
2021-12-24 11:00:05.158 [main] DEBUG springfox.documentation.schema.property.bean.BeanModelProperty-Evaluating unwrapped getter for member getMsg
2021-12-24 11:00:05.158 [main] DEBUG springfox.documentation.schema.property.bean.BeanModelProperty-Evaluating unwrapped getter for member getMsg
2021-12-24 11:00:05.158 [main] DEBUG springfox.documentation.schema.property.bean.BeanModelProperty-Evaluating unwrapped getter for member getMsg
2021-12-24 11:00:05.158 [main] DEBUG springfox.documentation.schema.property.bean.BeanModelProperty-Evaluating unwrapped getter for member getMsg
2021-12-24 11:00:05.158 [main] DEBUG springfox.documentation.schema.property.OptimizedModelPropertiesProvider-Reading property data
2021-12-24 11:00:05.159 [main] DEBUG springfox.documentation.schema.property.bean.BeanModelProperty-Evaluating unwrapped getter for member getData
2021-12-24 11:00:05.160 [main] DEBUG springfox.documentation.schema.property.ObjectMapperBeanPropertyNamingStrategy-Name 'data' renamed to 'data'
2021-12-24 11:00:05.161 [main] DEBUG springfox.documentation.schema.property.OptimizedModelPropertiesProvider-Adding property data to model
2021-12-24 11:00:05.161 [main] DEBUG springfox.documentation.schema.property.bean.BeanModelProperty-Evaluating unwrapped getter for member getData
2021-12-24 11:00:05.162 [main] DEBUG springfox.documentation.schema.property.bean.BeanModelProperty-Evaluating unwrapped getter for member getData
2021-12-24 11:00:05.162 [main] DEBUG springfox.documentation.schema.property.bean.BeanModelProperty-Evaluating unwrapped getter for member getData
2021-12-24 11:00:05.163 [main] DEBUG springfox.documentation.schema.property.bean.BeanModelProperty-Evaluating unwrapped getter for member getData
2021-12-24 11:00:05.187 [main] DEBUG springfox.documentation.schema.DefaultModelProvider-Inferred 3 properties. Properties found code, data, msg
2021-12-24 11:00:05.190 [main] DEBUG springfox.documentation.spring.web.scanners.ApiModelReader-Generated parameter model id: BaseResult, name: BaseResult, schema: {} models
2021-12-24 11:00:05.190 [main] DEBUG springfox.documentation.spring.web.scanners.ApiModelReader-Adding a new model with key BaseResult
2021-12-24 11:00:05.216 [main] DEBUG springfox.documentation.spring.web.readers.operation.OperationResponseClassReader-Setting spring response class to: BaseResult
2021-12-24 11:00:05.220 [main] DEBUG springfox.documentation.swagger.readers.operation.OperationAuthReader-Authorization count 0 for method getInfo
2021-12-24 11:00:05.221 [main] DEBUG springfox.documentation.swagger.readers.operation.SwaggerOperationResponseClassReader-Setting response class to:BaseResult
2021-12-24 11:00:05.270 [main] DEBUG springfox.documentation.spring.web.readers.operation.OperationModelsProvider-Adding return parameter of type Lcom/novedu/nov/common/api/BaseResult;
2021-12-24 11:00:05.271 [main] DEBUG springfox.documentation.spring.web.readers.operation.OperationModelsProvider-Reading parameters models for handlerMethod |login|
2021-12-24 11:00:05.272 [main] DEBUG springfox.documentation.spring.web.readers.operation.OperationModelsProvider-Adding input parameter of type Lcom/novedu/nov/edu/entity/AclUser;
2021-12-24 11:00:05.272 [main] DEBUG springfox.documentation.spring.web.readers.operation.OperationModelsProvider-Finished reading parameters models for handlerMethod |login|
2021-12-24 11:00:05.273 [main] DEBUG springfox.documentation.swagger.readers.operation.SwaggerOperationModelsProvider-Reading parameters models for handlerMethod |login|
2021-12-24 11:00:05.274 [main] DEBUG springfox.documentation.spring.web.scanners.ApiModelReader-Generated parameter model id: BaseResult, name: BaseResult, schema: {} models
2021-12-24 11:00:05.286 [main] DEBUG springfox.documentation.schema.property.OptimizedModelPropertiesProvider-Reading property id
2021-12-24 11:00:05.290 [main] DEBUG springfox.documentation.schema.property.bean.BeanModelProperty-Evaluating unwrapped setter for member setId
2021-12-24 11:00:05.291 [main] DEBUG springfox.documentation.schema.property.ObjectMapperBeanPropertyNamingStrategy-Name 'id' renamed to 'id'
2021-12-24 11:00:05.291 [main] DEBUG springfox.documentation.schema.property.OptimizedModelPropertiesProvider-Adding property id to model
2021-12-24 11:00:05.292 [main] DEBUG springfox.documentation.schema.property.bean.BeanModelProperty-Evaluating unwrapped setter for member setId
2021-12-24 11:00:05.292 [main] DEBUG springfox.documentation.schema.property.bean.BeanModelProperty-Evaluating unwrapped setter for member setId
2021-12-24 11:00:05.292 [main] DEBUG springfox.documentation.schema.property.bean.BeanModelProperty-Evaluating unwrapped setter for member setId
2021-12-24 11:00:05.292 [main] DEBUG springfox.documentation.schema.property.bean.BeanModelProperty-Evaluating unwrapped setter for member setId
2021-12-24 11:00:05.303 [main] DEBUG springfox.documentation.schema.property.OptimizedModelPropertiesProvider-Reading property username
2021-12-24 11:00:05.305 [main] DEBUG springfox.documentation.schema.property.bean.BeanModelProperty-Evaluating unwrapped setter for member setUsername
2021-12-24 11:00:05.306 [main] DEBUG springfox.documentation.schema.property.ObjectMapperBeanPropertyNamingStrategy-Name 'username' renamed to 'username'
2021-12-24 11:00:05.307 [main] DEBUG springfox.documentation.schema.property.OptimizedModelPropertiesProvider-Adding property username to model
2021-12-24 11:00:05.307 [main] DEBUG springfox.documentation.schema.property.bean.BeanModelProperty-Evaluating unwrapped setter for member setUsername
2021-12-24 11:00:05.308 [main] DEBUG springfox.documentation.schema.property.bean.BeanModelProperty-Evaluating unwrapped setter for member setUsername
2021-12-24 11:00:05.309 [main] DEBUG springfox.documentation.schema.property.bean.BeanModelProperty-Evaluating unwrapped setter for member setUsername
2021-12-24 11:00:05.310 [main] DEBUG springfox.documentation.schema.property.bean.BeanModelProperty-Evaluating unwrapped setter for member setUsername
2021-12-24 11:00:05.313 [main] DEBUG springfox.documentation.schema.property.OptimizedModelPropertiesProvider-Reading property password
2021-12-24 11:00:05.314 [main] DEBUG springfox.documentation.schema.property.bean.BeanModelProperty-Evaluating unwrapped setter for member setPassword
2021-12-24 11:00:05.317 [main] DEBUG springfox.documentation.schema.property.ObjectMapperBeanPropertyNamingStrategy-Name 'password' renamed to 'password'
2021-12-24 11:00:05.317 [main] DEBUG springfox.documentation.schema.property.OptimizedModelPropertiesProvider-Adding property password to model
2021-12-24 11:00:05.317 [main] DEBUG springfox.documentation.schema.property.bean.BeanModelProperty-Evaluating unwrapped setter for member setPassword
2021-12-24 11:00:05.317 [main] DEBUG springfox.documentation.schema.property.bean.BeanModelProperty-Evaluating unwrapped setter for member setPassword
2021-12-24 11:00:05.318 [main] DEBUG springfox.documentation.schema.property.bean.BeanModelProperty-Evaluating unwrapped setter for member setPassword
2021-12-24 11:00:05.319 [main] DEBUG springfox.documentation.schema.property.bean.BeanModelProperty-Evaluating unwrapped setter for member setPassword
2021-12-24 11:00:05.320 [main] DEBUG springfox.documentation.schema.property.OptimizedModelPropertiesProvider-Reading property nickName
2021-12-24 11:00:05.322 [main] DEBUG springfox.documentation.schema.property.bean.BeanModelProperty-Evaluating unwrapped setter for member setNickName
2021-12-24 11:00:05.323 [main] DEBUG springfox.documentation.schema.property.ObjectMapperBeanPropertyNamingStrategy-Name 'nickName' renamed to 'nickName'
2021-12-24 11:00:05.323 [main] DEBUG springfox.documentation.schema.property.OptimizedModelPropertiesProvider-Adding property nickName to model
2021-12-24 11:00:05.323 [main] DEBUG springfox.documentation.schema.property.bean.BeanModelProperty-Evaluating unwrapped setter for member setNickName
2021-12-24 11:00:05.323 [main] DEBUG springfox.documentation.schema.property.bean.BeanModelProperty-Evaluating unwrapped setter for member setNickName
2021-12-24 11:00:05.323 [main] DEBUG springfox.documentation.schema.property.bean.BeanModelProperty-Evaluating unwrapped setter for member setNickName
2021-12-24 11:00:05.323 [main] DEBUG springfox.documentation.schema.property.bean.BeanModelProperty-Evaluating unwrapped setter for member setNickName
2021-12-24 11:00:05.324 [main] DEBUG springfox.documentation.schema.property.OptimizedModelPropertiesProvider-Reading property avatar
2021-12-24 11:00:05.327 [main] DEBUG springfox.documentation.schema.property.bean.BeanModelProperty-Evaluating unwrapped setter for member setAvatar
2021-12-24 11:00:05.327 [main] DEBUG springfox.documentation.schema.property.ObjectMapperBeanPropertyNamingStrategy-Name 'avatar' renamed to 'avatar'
2021-12-24 11:00:05.327 [main] DEBUG springfox.documentation.schema.property.OptimizedModelPropertiesProvider-Adding property avatar to model
2021-12-24 11:00:05.328 [main] DEBUG springfox.documentation.schema.property.bean.BeanModelProperty-Evaluating unwrapped setter for member setAvatar
2021-12-24 11:00:05.328 [main] DEBUG springfox.documentation.schema.property.bean.BeanModelProperty-Evaluating unwrapped setter for member setAvatar
2021-12-24 11:00:05.328 [main] DEBUG springfox.documentation.schema.property.bean.BeanModelProperty-Evaluating unwrapped setter for member setAvatar
2021-12-24 11:00:05.328 [main] DEBUG springfox.documentation.schema.property.bean.BeanModelProperty-Evaluating unwrapped setter for member setAvatar
2021-12-24 11:00:05.329 [main] DEBUG springfox.documentation.schema.property.OptimizedModelPropertiesProvider-Reading property token
2021-12-24 11:00:05.329 [main] DEBUG springfox.documentation.schema.property.bean.BeanModelProperty-Evaluating unwrapped setter for member setToken
2021-12-24 11:00:05.329 [main] DEBUG springfox.documentation.schema.property.ObjectMapperBeanPropertyNamingStrategy-Name 'token' renamed to 'token'
2021-12-24 11:00:05.330 [main] DEBUG springfox.documentation.schema.property.OptimizedModelPropertiesProvider-Adding property token to model
2021-12-24 11:00:05.330 [main] DEBUG springfox.documentation.schema.property.bean.BeanModelProperty-Evaluating unwrapped setter for member setToken
2021-12-24 11:00:05.330 [main] DEBUG springfox.documentation.schema.property.bean.BeanModelProperty-Evaluating unwrapped setter for member setToken
2021-12-24 11:00:05.330 [main] DEBUG springfox.documentation.schema.property.bean.BeanModelProperty-Evaluating unwrapped setter for member setToken
2021-12-24 11:00:05.330 [main] DEBUG springfox.documentation.schema.property.bean.BeanModelProperty-Evaluating unwrapped setter for member setToken
2021-12-24 11:00:05.330 [main] DEBUG springfox.documentation.schema.property.OptimizedModelPropertiesProvider-Reading property isDeleted
2021-12-24 11:00:05.331 [main] DEBUG springfox.documentation.schema.property.bean.BeanModelProperty-Evaluating unwrapped setter for member setIsDeleted
2021-12-24 11:00:05.331 [main] DEBUG springfox.documentation.schema.property.ObjectMapperBeanPropertyNamingStrategy-Name 'isDeleted' renamed to 'isDeleted'
2021-12-24 11:00:05.331 [main] DEBUG springfox.documentation.schema.property.OptimizedModelPropertiesProvider-Adding property isDeleted to model
2021-12-24 11:00:05.331 [main] DEBUG springfox.documentation.schema.property.bean.BeanModelProperty-Evaluating unwrapped setter for member setIsDeleted
2021-12-24 11:00:05.331 [main] DEBUG springfox.documentation.schema.property.bean.BeanModelProperty-Evaluating unwrapped setter for member setIsDeleted
2021-12-24 11:00:05.336 [main] DEBUG springfox.documentation.schema.property.bean.BeanModelProperty-Evaluating unwrapped setter for member setIsDeleted
2021-12-24 11:00:05.337 [main] DEBUG springfox.documentation.schema.property.bean.BeanModelProperty-Evaluating unwrapped setter for member setIsDeleted
2021-12-24 11:00:05.338 [main] DEBUG springfox.documentation.schema.property.OptimizedModelPropertiesProvider-Reading property createTime
2021-12-24 11:00:05.339 [main] DEBUG springfox.documentation.schema.property.bean.BeanModelProperty-Evaluating unwrapped setter for member setCreateTime
2021-12-24 11:00:05.339 [main] DEBUG springfox.documentation.schema.property.ObjectMapperBeanPropertyNamingStrategy-Name 'createTime' renamed to 'createTime'
2021-12-24 11:00:05.340 [main] DEBUG springfox.documentation.schema.property.OptimizedModelPropertiesProvider-Adding property createTime to model
2021-12-24 11:00:05.340 [main] DEBUG springfox.documentation.schema.property.bean.BeanModelProperty-Evaluating unwrapped setter for member setCreateTime
2021-12-24 11:00:05.343 [main] DEBUG springfox.documentation.schema.property.bean.BeanModelProperty-Evaluating unwrapped setter for member setCreateTime
2021-12-24 11:00:05.344 [main] DEBUG springfox.documentation.schema.property.bean.BeanModelProperty-Evaluating unwrapped setter for member setCreateTime
2021-12-24 11:00:05.344 [main] DEBUG springfox.documentation.schema.property.bean.BeanModelProperty-Evaluating unwrapped setter for member setCreateTime
2021-12-24 11:00:05.345 [main] DEBUG springfox.documentation.schema.property.OptimizedModelPropertiesProvider-Reading property updateTime
2021-12-24 11:00:05.384 [main] DEBUG springfox.documentation.schema.property.bean.BeanModelProperty-Evaluating unwrapped setter for member setUpdateTime
2021-12-24 11:00:05.384 [main] DEBUG springfox.documentation.schema.property.ObjectMapperBeanPropertyNamingStrategy-Name 'updateTime' renamed to 'updateTime'
2021-12-24 11:00:05.384 [main] DEBUG springfox.documentation.schema.property.OptimizedModelPropertiesProvider-Adding property updateTime to model
2021-12-24 11:00:05.384 [main] DEBUG springfox.documentation.schema.property.bean.BeanModelProperty-Evaluating unwrapped setter for member setUpdateTime
2021-12-24 11:00:05.385 [main] DEBUG springfox.documentation.schema.property.bean.BeanModelProperty-Evaluating unwrapped setter for member setUpdateTime
2021-12-24 11:00:05.385 [main] DEBUG springfox.documentation.schema.property.bean.BeanModelProperty-Evaluating unwrapped setter for member setUpdateTime
2021-12-24 11:00:05.385 [main] DEBUG springfox.documentation.schema.property.bean.BeanModelProperty-Evaluating unwrapped setter for member setUpdateTime
2021-12-24 11:00:05.389 [main] DEBUG springfox.documentation.schema.DefaultModelProvider-Inferred 9 properties. Properties found avatar, createTime, id, isDeleted, nickName, password, token, updateTime, username
2021-12-24 11:00:05.391 [main] DEBUG springfox.documentation.spring.web.scanners.ApiModelReader-Generated parameter model id: AclUser对象, name: AclUser对象, schema: {} models
2021-12-24 11:00:05.393 [main] DEBUG springfox.documentation.spring.web.scanners.ApiModelReader-Adding a new model with key AclUser对象
2021-12-24 11:00:05.423 [main] DEBUG springfox.documentation.spring.web.readers.operation.OperationResponseClassReader-Setting spring response class to: BaseResult
2021-12-24 11:00:05.456 [main] DEBUG springfox.documentation.swagger.readers.operation.OperationAuthReader-Authorization count 0 for method login
2021-12-24 11:00:05.457 [main] DEBUG springfox.documentation.swagger.readers.operation.SwaggerOperationResponseClassReader-Setting response class to:BaseResult
2021-12-24 11:00:05.503 [main] DEBUG springfox.documentation.spring.web.readers.operation.OperationModelsProvider-Adding return parameter of type Lcom/novedu/nov/common/api/BaseResult;
2021-12-24 11:00:05.503 [main] DEBUG springfox.documentation.spring.web.readers.operation.OperationModelsProvider-Reading parameters models for handlerMethod |findCourseDetail|
2021-12-24 11:00:05.503 [main] DEBUG springfox.documentation.spring.web.readers.operation.OperationModelsProvider-Finished reading parameters models for handlerMethod |findCourseDetail|
2021-12-24 11:00:05.505 [main] DEBUG springfox.documentation.swagger.readers.operation.SwaggerOperationModelsProvider-Reading parameters models for handlerMethod |findCourseDetail|
2021-12-24 11:00:05.506 [main] DEBUG springfox.documentation.spring.web.scanners.ApiModelReader-Generated parameter model id: BaseResult, name: BaseResult, schema: {} models
2021-12-24 11:00:05.506 [main] DEBUG springfox.documentation.spring.web.scanners.ApiModelReader-Adding a new model with key BaseResult
2021-12-24 11:00:05.514 [main] DEBUG springfox.documentation.spring.web.readers.parameter.ModelAttributeParameterExpander-Expanding parameter type: com.novedu.nov.edu.model.vo.EduCourseInfoVO
2021-12-24 11:00:05.522 [main] DEBUG springfox.documentation.spring.web.readers.parameter.ModelAttributeParameterExpander-Attempting to expand expandable field: subjectId
2021-12-24 11:00:05.523 [main] DEBUG springfox.documentation.spring.web.readers.parameter.ModelAttributeParameterExpander-Expanding parameter type: java.lang.Integer[]
2021-12-24 11:00:05.525 [main] DEBUG springfox.documentation.spring.web.readers.parameter.ModelAttributeParameterExpander-Attempting to expand collection/array field: subjectId
2021-12-24 11:00:05.526 [main] DEBUG springfox.documentation.spring.web.readers.parameter.ModelAttributeParameterExpander-Attempting to expand field: springfox.documentation.spring.web.readers.parameter.ModelAttributeField@9d2af36
2021-12-24 11:00:05.526 [main] DEBUG springfox.documentation.spring.web.readers.parameter.ModelAttributeParameterExpander-Building parameter for field: springfox.documentation.spring.web.readers.parameter.ModelAttributeField@9d2af36, with type: 
2021-12-24 11:00:05.527 [main] DEBUG springfox.documentation.spring.web.readers.parameter.ModelAttributeParameterExpander-Attempting to expand field: springfox.documentation.spring.web.readers.parameter.ModelAttributeField@740ad32e
2021-12-24 11:00:05.527 [main] DEBUG springfox.documentation.spring.web.readers.parameter.ModelAttributeParameterExpander-Building parameter for field: springfox.documentation.spring.web.readers.parameter.ModelAttributeField@740ad32e, with type: 
2021-12-24 11:00:05.528 [main] DEBUG springfox.documentation.spring.web.readers.parameter.ModelAttributeParameterExpander-Attempting to expand field: springfox.documentation.spring.web.readers.parameter.ModelAttributeField@7f41d979
2021-12-24 11:00:05.528 [main] DEBUG springfox.documentation.spring.web.readers.parameter.ModelAttributeParameterExpander-Building parameter for field: springfox.documentation.spring.web.readers.parameter.ModelAttributeField@7f41d979, with type: 
2021-12-24 11:00:05.528 [main] DEBUG springfox.documentation.spring.web.readers.parameter.ModelAttributeParameterExpander-Attempting to expand field: springfox.documentation.spring.web.readers.parameter.ModelAttributeField@71d0b8a4
2021-12-24 11:00:05.528 [main] DEBUG springfox.documentation.spring.web.readers.parameter.ModelAttributeParameterExpander-Building parameter for field: springfox.documentation.spring.web.readers.parameter.ModelAttributeField@71d0b8a4, with type: 
2021-12-24 11:00:05.528 [main] DEBUG springfox.documentation.spring.web.readers.parameter.ModelAttributeParameterExpander-Attempting to expand field: springfox.documentation.spring.web.readers.parameter.ModelAttributeField@6d6712b7
2021-12-24 11:00:05.528 [main] DEBUG springfox.documentation.spring.web.readers.parameter.ModelAttributeParameterExpander-Building parameter for field: springfox.documentation.spring.web.readers.parameter.ModelAttributeField@6d6712b7, with type: 
2021-12-24 11:00:05.529 [main] DEBUG springfox.documentation.spring.web.readers.parameter.ModelAttributeParameterExpander-Attempting to expand field: springfox.documentation.spring.web.readers.parameter.ModelAttributeField@4f563f96
2021-12-24 11:00:05.529 [main] DEBUG springfox.documentation.spring.web.readers.parameter.ModelAttributeParameterExpander-Building parameter for field: springfox.documentation.spring.web.readers.parameter.ModelAttributeField@4f563f96, with type: 
2021-12-24 11:00:05.529 [main] DEBUG springfox.documentation.spring.web.readers.parameter.ModelAttributeParameterExpander-Attempting to expand field: springfox.documentation.spring.web.readers.parameter.ModelAttributeField@3eadad14
2021-12-24 11:00:05.529 [main] DEBUG springfox.documentation.spring.web.readers.parameter.ModelAttributeParameterExpander-Building parameter for field: springfox.documentation.spring.web.readers.parameter.ModelAttributeField@3eadad14, with type: 
2021-12-24 11:00:05.530 [main] DEBUG springfox.documentation.spring.web.readers.operation.OperationResponseClassReader-Setting spring response class to: BaseResult
2021-12-24 11:00:05.530 [main] DEBUG springfox.documentation.swagger.readers.operation.OperationAuthReader-Authorization count 0 for method findCourseDetail
2021-12-24 11:00:05.531 [main] DEBUG springfox.documentation.swagger.readers.operation.SwaggerOperationResponseClassReader-Setting response class to:BaseResult
2021-12-24 11:00:05.532 [main] DEBUG springfox.documentation.spring.web.readers.operation.OperationModelsProvider-Adding return parameter of type Lcom/novedu/nov/common/api/BaseResult;
2021-12-24 11:00:05.533 [main] DEBUG springfox.documentation.spring.web.readers.operation.OperationModelsProvider-Reading parameters models for handlerMethod |saveCourse|
2021-12-24 11:00:05.533 [main] DEBUG springfox.documentation.spring.web.readers.operation.OperationModelsProvider-Adding input parameter of type Lcom/novedu/nov/edu/model/vo/EduCourseInfoVO;
2021-12-24 11:00:05.534 [main] DEBUG springfox.documentation.spring.web.readers.operation.OperationModelsProvider-Finished reading parameters models for handlerMethod |saveCourse|
2021-12-24 11:00:05.534 [main] DEBUG springfox.documentation.swagger.readers.operation.SwaggerOperationModelsProvider-Reading parameters models for handlerMethod |saveCourse|
2021-12-24 11:00:05.534 [main] DEBUG springfox.documentation.spring.web.scanners.ApiModelReader-Generated parameter model id: BaseResult, name: BaseResult, schema: {} models
2021-12-24 11:00:05.536 [main] DEBUG springfox.documentation.schema.property.OptimizedModelPropertiesProvider-Reading property teacherId
2021-12-24 11:00:05.537 [main] DEBUG springfox.documentation.schema.property.bean.BeanModelProperty-Evaluating unwrapped setter for member setTeacherId
2021-12-24 11:00:05.537 [main] DEBUG springfox.documentation.schema.property.ObjectMapperBeanPropertyNamingStrategy-Name 'teacherId' renamed to 'teacherId'
2021-12-24 11:00:05.538 [main] DEBUG springfox.documentation.schema.property.OptimizedModelPropertiesProvider-Adding property teacherId to model
2021-12-24 11:00:05.538 [main] DEBUG springfox.documentation.schema.property.bean.BeanModelProperty-Evaluating unwrapped setter for member setTeacherId
2021-12-24 11:00:05.538 [main] DEBUG springfox.documentation.schema.property.bean.BeanModelProperty-Evaluating unwrapped setter for member setTeacherId
2021-12-24 11:00:05.538 [main] DEBUG springfox.documentation.schema.property.bean.BeanModelProperty-Evaluating unwrapped setter for member setTeacherId
2021-12-24 11:00:05.538 [main] DEBUG springfox.documentation.schema.property.bean.BeanModelProperty-Evaluating unwrapped setter for member setTeacherId
2021-12-24 11:00:05.538 [main] DEBUG springfox.documentation.schema.property.OptimizedModelPropertiesProvider-Reading property subjectId
2021-12-24 11:00:05.538 [main] DEBUG springfox.documentation.schema.property.bean.BeanModelProperty-Evaluating unwrapped setter for member setSubjectId
2021-12-24 11:00:05.539 [main] DEBUG springfox.documentation.schema.property.ObjectMapperBeanPropertyNamingStrategy-Name 'subjectId' renamed to 'subjectId'
2021-12-24 11:00:05.539 [main] DEBUG springfox.documentation.schema.property.OptimizedModelPropertiesProvider-Adding property subjectId to model
2021-12-24 11:00:05.539 [main] DEBUG springfox.documentation.schema.property.bean.BeanModelProperty-Evaluating unwrapped setter for member setSubjectId
2021-12-24 11:00:05.539 [main] DEBUG springfox.documentation.schema.property.bean.BeanModelProperty-Evaluating unwrapped setter for member setSubjectId
2021-12-24 11:00:05.539 [main] DEBUG springfox.documentation.schema.property.bean.BeanModelProperty-Evaluating unwrapped setter for member setSubjectId
2021-12-24 11:00:05.539 [main] DEBUG springfox.documentation.schema.property.bean.BeanModelProperty-Evaluating unwrapped setter for member setSubjectId
2021-12-24 11:00:05.539 [main] DEBUG springfox.documentation.schema.property.OptimizedModelPropertiesProvider-Reading property title
2021-12-24 11:00:05.540 [main] DEBUG springfox.documentation.schema.property.bean.BeanModelProperty-Evaluating unwrapped setter for member setTitle
2021-12-24 11:00:05.540 [main] DEBUG springfox.documentation.schema.property.ObjectMapperBeanPropertyNamingStrategy-Name 'title' renamed to 'title'
2021-12-24 11:00:05.540 [main] DEBUG springfox.documentation.schema.property.OptimizedModelPropertiesProvider-Adding property title to model
2021-12-24 11:00:05.540 [main] DEBUG springfox.documentation.schema.property.bean.BeanModelProperty-Evaluating unwrapped setter for member setTitle
2021-12-24 11:00:05.540 [main] DEBUG springfox.documentation.schema.property.bean.BeanModelProperty-Evaluating unwrapped setter for member setTitle
2021-12-24 11:00:05.540 [main] DEBUG springfox.documentation.schema.property.bean.BeanModelProperty-Evaluating unwrapped setter for member setTitle
2021-12-24 11:00:05.540 [main] DEBUG springfox.documentation.schema.property.bean.BeanModelProperty-Evaluating unwrapped setter for member setTitle
2021-12-24 11:00:05.543 [main] DEBUG springfox.documentation.schema.property.OptimizedModelPropertiesProvider-Reading property price
2021-12-24 11:00:05.544 [main] DEBUG springfox.documentation.schema.property.bean.BeanModelProperty-Evaluating unwrapped setter for member setPrice
2021-12-24 11:00:05.544 [main] DEBUG springfox.documentation.schema.property.ObjectMapperBeanPropertyNamingStrategy-Name 'price' renamed to 'price'
2021-12-24 11:00:05.544 [main] DEBUG springfox.documentation.schema.property.OptimizedModelPropertiesProvider-Adding property price to model
2021-12-24 11:00:05.544 [main] DEBUG springfox.documentation.schema.property.bean.BeanModelProperty-Evaluating unwrapped setter for member setPrice
2021-12-24 11:00:05.544 [main] DEBUG springfox.documentation.schema.property.bean.BeanModelProperty-Evaluating unwrapped setter for member setPrice
2021-12-24 11:00:05.544 [main] DEBUG springfox.documentation.schema.property.bean.BeanModelProperty-Evaluating unwrapped setter for member setPrice
2021-12-24 11:00:05.544 [main] DEBUG springfox.documentation.schema.property.bean.BeanModelProperty-Evaluating unwrapped setter for member setPrice
2021-12-24 11:00:05.545 [main] DEBUG springfox.documentation.schema.property.OptimizedModelPropertiesProvider-Reading property lessonNum
2021-12-24 11:00:05.545 [main] DEBUG springfox.documentation.schema.property.bean.BeanModelProperty-Evaluating unwrapped setter for member setLessonNum
2021-12-24 11:00:05.545 [main] DEBUG springfox.documentation.schema.property.ObjectMapperBeanPropertyNamingStrategy-Name 'lessonNum' renamed to 'lessonNum'
2021-12-24 11:00:05.545 [main] DEBUG springfox.documentation.schema.property.OptimizedModelPropertiesProvider-Adding property lessonNum to model
2021-12-24 11:00:05.545 [main] DEBUG springfox.documentation.schema.property.bean.BeanModelProperty-Evaluating unwrapped setter for member setLessonNum
2021-12-24 11:00:05.545 [main] DEBUG springfox.documentation.schema.property.bean.BeanModelProperty-Evaluating unwrapped setter for member setLessonNum
2021-12-24 11:00:05.546 [main] DEBUG springfox.documentation.schema.property.bean.BeanModelProperty-Evaluating unwrapped setter for member setLessonNum
2021-12-24 11:00:05.546 [main] DEBUG springfox.documentation.schema.property.bean.BeanModelProperty-Evaluating unwrapped setter for member setLessonNum
2021-12-24 11:00:05.546 [main] DEBUG springfox.documentation.schema.property.OptimizedModelPropertiesProvider-Reading property cover
2021-12-24 11:00:05.546 [main] DEBUG springfox.documentation.schema.property.bean.BeanModelProperty-Evaluating unwrapped setter for member setCover
2021-12-24 11:00:05.546 [main] DEBUG springfox.documentation.schema.property.ObjectMapperBeanPropertyNamingStrategy-Name 'cover' renamed to 'cover'
2021-12-24 11:00:05.546 [main] DEBUG springfox.documentation.schema.property.OptimizedModelPropertiesProvider-Adding property cover to model
2021-12-24 11:00:05.546 [main] DEBUG springfox.documentation.schema.property.bean.BeanModelProperty-Evaluating unwrapped setter for member setCover
2021-12-24 11:00:05.546 [main] DEBUG springfox.documentation.schema.property.bean.BeanModelProperty-Evaluating unwrapped setter for member setCover
2021-12-24 11:00:05.546 [main] DEBUG springfox.documentation.schema.property.bean.BeanModelProperty-Evaluating unwrapped setter for member setCover
2021-12-24 11:00:05.546 [main] DEBUG springfox.documentation.schema.property.bean.BeanModelProperty-Evaluating unwrapped setter for member setCover
2021-12-24 11:00:05.547 [main] DEBUG springfox.documentation.schema.property.OptimizedModelPropertiesProvider-Reading property description
2021-12-24 11:00:05.547 [main] DEBUG springfox.documentation.schema.property.bean.BeanModelProperty-Evaluating unwrapped setter for member setDescription
2021-12-24 11:00:05.547 [main] DEBUG springfox.documentation.schema.property.ObjectMapperBeanPropertyNamingStrategy-Name 'description' renamed to 'description'
2021-12-24 11:00:05.547 [main] DEBUG springfox.documentation.schema.property.OptimizedModelPropertiesProvider-Adding property description to model
2021-12-24 11:00:05.547 [main] DEBUG springfox.documentation.schema.property.bean.BeanModelProperty-Evaluating unwrapped setter for member setDescription
2021-12-24 11:00:05.547 [main] DEBUG springfox.documentation.schema.property.bean.BeanModelProperty-Evaluating unwrapped setter for member setDescription
2021-12-24 11:00:05.547 [main] DEBUG springfox.documentation.schema.property.bean.BeanModelProperty-Evaluating unwrapped setter for member setDescription
2021-12-24 11:00:05.547 [main] DEBUG springfox.documentation.schema.property.bean.BeanModelProperty-Evaluating unwrapped setter for member setDescription
2021-12-24 11:00:05.548 [main] DEBUG springfox.documentation.schema.DefaultModelProvider-Inferred 7 properties. Properties found cover, description, lessonNum, price, subjectId, teacherId, title
2021-12-24 11:00:05.548 [main] DEBUG springfox.documentation.spring.web.scanners.ApiModelReader-Generated parameter model id: EduCourseInfoVO对象, name: EduCourseInfoVO对象, schema: {} models
2021-12-24 11:00:05.548 [main] DEBUG springfox.documentation.spring.web.scanners.ApiModelReader-Adding a new model with key EduCourseInfoVO对象
2021-12-24 11:00:05.548 [main] DEBUG springfox.documentation.schema.DefaultModelDependencyProvider-Adding type [Ljava/lang/Integer; for parameter subjectId
2021-12-24 11:00:05.549 [main] DEBUG springfox.documentation.schema.DefaultModelDependencyProvider-Recursively resolving dependencies for collectionElement type Ljava/lang/Integer;
2021-12-24 11:00:05.549 [main] DEBUG springfox.documentation.schema.DefaultModelDependencyProvider-Marking base type Ljava/lang/Integer; as seen
2021-12-24 11:00:05.549 [main] DEBUG springfox.documentation.schema.DefaultModelProvider-Skipping model of type [Ljava/lang/Integer; as its either a container type, map, enum or base type, or its already been handled
2021-12-24 11:00:05.550 [main] DEBUG springfox.documentation.spring.web.readers.operation.OperationResponseClassReader-Setting spring response class to: BaseResult
2021-12-24 11:00:05.550 [main] DEBUG springfox.documentation.swagger.readers.operation.OperationAuthReader-Authorization count 0 for method saveCourse
2021-12-24 11:00:05.551 [main] DEBUG springfox.documentation.swagger.readers.operation.SwaggerOperationResponseClassReader-Setting response class to:BaseResult
2021-12-24 11:00:05.553 [main] DEBUG springfox.documentation.spring.web.readers.operation.OperationModelsProvider-Adding return parameter of type Lcom/novedu/nov/common/api/BaseResult;
2021-12-24 11:00:05.553 [main] DEBUG springfox.documentation.spring.web.readers.operation.OperationModelsProvider-Reading parameters models for handlerMethod |exportSubjects|
2021-12-24 11:00:05.553 [main] DEBUG springfox.documentation.spring.web.readers.operation.OperationModelsProvider-Finished reading parameters models for handlerMethod |exportSubjects|
2021-12-24 11:00:05.553 [main] DEBUG springfox.documentation.swagger.readers.operation.SwaggerOperationModelsProvider-Reading parameters models for handlerMethod |exportSubjects|
2021-12-24 11:00:05.554 [main] DEBUG springfox.documentation.spring.web.scanners.ApiModelReader-Generated parameter model id: BaseResult, name: BaseResult, schema: {} models
2021-12-24 11:00:05.554 [main] DEBUG springfox.documentation.spring.web.scanners.ApiModelReader-Adding a new model with key BaseResult
2021-12-24 11:00:05.554 [main] DEBUG springfox.documentation.spring.web.readers.operation.OperationResponseClassReader-Setting spring response class to: BaseResult
2021-12-24 11:00:05.555 [main] DEBUG springfox.documentation.swagger.readers.operation.OperationAuthReader-Authorization count 0 for method exportSubjects
2021-12-24 11:00:05.555 [main] DEBUG springfox.documentation.swagger.readers.operation.SwaggerOperationResponseClassReader-Setting response class to:BaseResult
2021-12-24 11:00:05.556 [main] DEBUG springfox.documentation.spring.web.readers.operation.OperationModelsProvider-Adding return parameter of type Lcom/novedu/nov/common/api/BaseResult<Ljava/util/Map;>;
2021-12-24 11:00:05.556 [main] DEBUG springfox.documentation.spring.web.readers.operation.OperationModelsProvider-Reading parameters models for handlerMethod |getSubjects|
2021-12-24 11:00:05.556 [main] DEBUG springfox.documentation.spring.web.readers.operation.OperationModelsProvider-Finished reading parameters models for handlerMethod |getSubjects|
2021-12-24 11:00:05.556 [main] DEBUG springfox.documentation.swagger.readers.operation.SwaggerOperationModelsProvider-Reading parameters models for handlerMethod |getSubjects|
2021-12-24 11:00:05.557 [main] DEBUG springfox.documentation.schema.property.OptimizedModelPropertiesProvider-Reading property code
2021-12-24 11:00:05.558 [main] DEBUG springfox.documentation.schema.property.bean.BeanModelProperty-Evaluating unwrapped getter for member getCode
2021-12-24 11:00:05.558 [main] DEBUG springfox.documentation.schema.property.ObjectMapperBeanPropertyNamingStrategy-Name 'code' renamed to 'code'
2021-12-24 11:00:05.558 [main] DEBUG springfox.documentation.schema.property.OptimizedModelPropertiesProvider-Adding property code to model
2021-12-24 11:00:05.558 [main] DEBUG springfox.documentation.schema.property.bean.BeanModelProperty-Evaluating unwrapped getter for member getCode
2021-12-24 11:00:05.558 [main] DEBUG springfox.documentation.schema.property.bean.BeanModelProperty-Evaluating unwrapped getter for member getCode
2021-12-24 11:00:05.558 [main] DEBUG springfox.documentation.schema.property.bean.BeanModelProperty-Evaluating unwrapped getter for member getCode
2021-12-24 11:00:05.558 [main] DEBUG springfox.documentation.schema.property.bean.BeanModelProperty-Evaluating unwrapped getter for member getCode
2021-12-24 11:00:05.558 [main] DEBUG springfox.documentation.schema.property.OptimizedModelPropertiesProvider-Reading property msg
2021-12-24 11:00:05.558 [main] DEBUG springfox.documentation.schema.property.bean.BeanModelProperty-Evaluating unwrapped getter for member getMsg
2021-12-24 11:00:05.558 [main] DEBUG springfox.documentation.schema.property.ObjectMapperBeanPropertyNamingStrategy-Name 'msg' renamed to 'msg'
2021-12-24 11:00:05.558 [main] DEBUG springfox.documentation.schema.property.OptimizedModelPropertiesProvider-Adding property msg to model
2021-12-24 11:00:05.558 [main] DEBUG springfox.documentation.schema.property.bean.BeanModelProperty-Evaluating unwrapped getter for member getMsg
2021-12-24 11:00:05.558 [main] DEBUG springfox.documentation.schema.property.bean.BeanModelProperty-Evaluating unwrapped getter for member getMsg
2021-12-24 11:00:05.558 [main] DEBUG springfox.documentation.schema.property.bean.BeanModelProperty-Evaluating unwrapped getter for member getMsg
2021-12-24 11:00:05.558 [main] DEBUG springfox.documentation.schema.property.bean.BeanModelProperty-Evaluating unwrapped getter for member getMsg
2021-12-24 11:00:05.559 [main] DEBUG springfox.documentation.schema.property.OptimizedModelPropertiesProvider-Reading property data
2021-12-24 11:00:05.560 [main] DEBUG springfox.documentation.schema.property.bean.BeanModelProperty-Evaluating unwrapped getter for member getData
2021-12-24 11:00:05.561 [main] DEBUG springfox.documentation.schema.property.ObjectMapperBeanPropertyNamingStrategy-Name 'data' renamed to 'data'
2021-12-24 11:00:05.561 [main] DEBUG springfox.documentation.schema.property.OptimizedModelPropertiesProvider-Adding property data to model
2021-12-24 11:00:05.561 [main] DEBUG springfox.documentation.schema.property.bean.BeanModelProperty-Evaluating unwrapped getter for member getData
2021-12-24 11:00:05.561 [main] DEBUG springfox.documentation.schema.property.bean.BeanModelProperty-Evaluating unwrapped getter for member getData
2021-12-24 11:00:05.561 [main] DEBUG springfox.documentation.schema.property.bean.BeanModelProperty-Evaluating unwrapped getter for member getData
2021-12-24 11:00:05.561 [main] DEBUG springfox.documentation.schema.property.bean.BeanModelProperty-Evaluating unwrapped getter for member getData
2021-12-24 11:00:05.562 [main] DEBUG springfox.documentation.schema.DefaultModelProvider-Inferred 3 properties. Properties found code, data, msg
2021-12-24 11:00:05.562 [main] DEBUG springfox.documentation.spring.web.scanners.ApiModelReader-Generated parameter model id: BaseResult«Map», name: BaseResult«Map», schema: {} models
2021-12-24 11:00:05.563 [main] DEBUG springfox.documentation.spring.web.scanners.ApiModelReader-Adding a new model with key BaseResult«Map»
2021-12-24 11:00:05.563 [main] DEBUG springfox.documentation.schema.DefaultModelDependencyProvider-Adding type for parameter Ljava/util/Map;
2021-12-24 11:00:05.563 [main] DEBUG springfox.documentation.schema.DefaultModelDependencyProvider-Recursively resolving dependencies for parameter Ljava/util/Map;
2021-12-24 11:00:05.563 [main] DEBUG springfox.documentation.schema.DefaultModelDependencyProvider-Marking base type Ljava/lang/Object; as seen
2021-12-24 11:00:05.565 [main] DEBUG springfox.documentation.spring.web.readers.operation.OperationResponseClassReader-Setting spring response class to: BaseResult«Map»
2021-12-24 11:00:05.565 [main] DEBUG springfox.documentation.swagger.readers.operation.OperationAuthReader-Authorization count 0 for method getSubjects
2021-12-24 11:00:05.566 [main] DEBUG springfox.documentation.swagger.readers.operation.SwaggerOperationResponseClassReader-Setting response class to:BaseResult«Map»
2021-12-24 11:00:05.568 [main] DEBUG springfox.documentation.spring.web.readers.operation.OperationModelsProvider-Adding return parameter of type Lcom/novedu/nov/common/api/BaseResult;
2021-12-24 11:00:05.568 [main] DEBUG springfox.documentation.spring.web.readers.operation.OperationModelsProvider-Reading parameters models for handlerMethod |updateSubjects|
2021-12-24 11:00:05.568 [main] DEBUG springfox.documentation.spring.web.readers.operation.OperationModelsProvider-Adding input parameter of type Ljava/util/Map<Ljava/lang/String;Ljava/util/List;>;
2021-12-24 11:00:05.568 [main] DEBUG springfox.documentation.spring.web.readers.operation.OperationModelsProvider-Finished reading parameters models for handlerMethod |updateSubjects|
2021-12-24 11:00:05.569 [main] DEBUG springfox.documentation.swagger.readers.operation.SwaggerOperationModelsProvider-Reading parameters models for handlerMethod |updateSubjects|
2021-12-24 11:00:05.569 [main] DEBUG springfox.documentation.spring.web.scanners.ApiModelReader-Generated parameter model id: BaseResult, name: BaseResult, schema: {} models
2021-12-24 11:00:05.569 [main] DEBUG springfox.documentation.schema.DefaultModelProvider-Skipping model of type Ljava/util/Map<Ljava/lang/String;Ljava/util/List;>; as its either a container type, map, enum or base type, or its already been handled
2021-12-24 11:00:05.569 [main] DEBUG springfox.documentation.spring.web.scanners.ApiModelReader-Did not find any parameter models for java.util.Map<java.lang.String,java.util.List<com.novedu.nov.edu.entity.EduSubject>>
2021-12-24 11:00:05.570 [main] DEBUG springfox.documentation.schema.DefaultModelDependencyProvider-Adding type for parameter Ljava/lang/String;
2021-12-24 11:00:05.570 [main] DEBUG springfox.documentation.schema.DefaultModelDependencyProvider-Recursively resolving dependencies for parameter Ljava/lang/String;
2021-12-24 11:00:05.570 [main] DEBUG springfox.documentation.schema.DefaultModelDependencyProvider-Marking base type Ljava/lang/String; as seen
2021-12-24 11:00:05.570 [main] DEBUG springfox.documentation.schema.DefaultModelDependencyProvider-Adding type for parameter Ljava/util/List<Lcom/novedu/nov/edu/entity/EduSubject;>;
2021-12-24 11:00:05.570 [main] DEBUG springfox.documentation.schema.DefaultModelDependencyProvider-Recursively resolving dependencies for parameter Ljava/util/List<Lcom/novedu/nov/edu/entity/EduSubject;>;
2021-12-24 11:00:05.571 [main] DEBUG springfox.documentation.schema.DefaultModelDependencyProvider-Adding type for parameter Lcom/novedu/nov/edu/entity/EduSubject;
2021-12-24 11:00:05.571 [main] DEBUG springfox.documentation.schema.DefaultModelDependencyProvider-Recursively resolving dependencies for parameter Lcom/novedu/nov/edu/entity/EduSubject;
2021-12-24 11:00:05.575 [main] DEBUG springfox.documentation.schema.property.OptimizedModelPropertiesProvider-Reading property id
2021-12-24 11:00:05.575 [main] DEBUG springfox.documentation.schema.property.bean.BeanModelProperty-Evaluating unwrapped setter for member setId
2021-12-24 11:00:05.576 [main] DEBUG springfox.documentation.schema.property.ObjectMapperBeanPropertyNamingStrategy-Name 'id' renamed to 'id'
2021-12-24 11:00:05.576 [main] DEBUG springfox.documentation.schema.property.OptimizedModelPropertiesProvider-Adding property id to model
2021-12-24 11:00:05.576 [main] DEBUG springfox.documentation.schema.property.bean.BeanModelProperty-Evaluating unwrapped setter for member setId
2021-12-24 11:00:05.576 [main] DEBUG springfox.documentation.schema.property.bean.BeanModelProperty-Evaluating unwrapped setter for member setId
2021-12-24 11:00:05.576 [main] DEBUG springfox.documentation.schema.property.bean.BeanModelProperty-Evaluating unwrapped setter for member setId
2021-12-24 11:00:05.576 [main] DEBUG springfox.documentation.schema.property.bean.BeanModelProperty-Evaluating unwrapped setter for member setId
2021-12-24 11:00:05.577 [main] DEBUG springfox.documentation.schema.property.OptimizedModelPropertiesProvider-Reading property title
2021-12-24 11:00:05.577 [main] DEBUG springfox.documentation.schema.property.bean.BeanModelProperty-Evaluating unwrapped setter for member setTitle
2021-12-24 11:00:05.578 [main] DEBUG springfox.documentation.schema.property.ObjectMapperBeanPropertyNamingStrategy-Name 'title' renamed to 'title'
2021-12-24 11:00:05.578 [main] DEBUG springfox.documentation.schema.property.OptimizedModelPropertiesProvider-Adding property title to model
2021-12-24 11:00:05.578 [main] DEBUG springfox.documentation.schema.property.bean.BeanModelProperty-Evaluating unwrapped setter for member setTitle
2021-12-24 11:00:05.579 [main] DEBUG springfox.documentation.schema.property.bean.BeanModelProperty-Evaluating unwrapped setter for member setTitle
2021-12-24 11:00:05.579 [main] DEBUG springfox.documentation.schema.property.bean.BeanModelProperty-Evaluating unwrapped setter for member setTitle
2021-12-24 11:00:05.579 [main] DEBUG springfox.documentation.schema.property.bean.BeanModelProperty-Evaluating unwrapped setter for member setTitle
2021-12-24 11:00:05.579 [main] DEBUG springfox.documentation.schema.property.OptimizedModelPropertiesProvider-Reading property parentId
2021-12-24 11:00:05.580 [main] DEBUG springfox.documentation.schema.property.bean.BeanModelProperty-Evaluating unwrapped setter for member setParentId
2021-12-24 11:00:05.580 [main] DEBUG springfox.documentation.schema.property.ObjectMapperBeanPropertyNamingStrategy-Name 'parentId' renamed to 'parentId'
2021-12-24 11:00:05.580 [main] DEBUG springfox.documentation.schema.property.OptimizedModelPropertiesProvider-Adding property parentId to model
2021-12-24 11:00:05.580 [main] DEBUG springfox.documentation.schema.property.bean.BeanModelProperty-Evaluating unwrapped setter for member setParentId
2021-12-24 11:00:05.580 [main] DEBUG springfox.documentation.schema.property.bean.BeanModelProperty-Evaluating unwrapped setter for member setParentId
2021-12-24 11:00:05.580 [main] DEBUG springfox.documentation.schema.property.bean.BeanModelProperty-Evaluating unwrapped setter for member setParentId
2021-12-24 11:00:05.580 [main] DEBUG springfox.documentation.schema.property.bean.BeanModelProperty-Evaluating unwrapped setter for member setParentId
2021-12-24 11:00:05.580 [main] DEBUG springfox.documentation.schema.property.OptimizedModelPropertiesProvider-Reading property sort
2021-12-24 11:00:05.581 [main] DEBUG springfox.documentation.schema.property.bean.BeanModelProperty-Evaluating unwrapped setter for member setSort
2021-12-24 11:00:05.581 [main] DEBUG springfox.documentation.schema.property.ObjectMapperBeanPropertyNamingStrategy-Name 'sort' renamed to 'sort'
2021-12-24 11:00:05.581 [main] DEBUG springfox.documentation.schema.property.OptimizedModelPropertiesProvider-Adding property sort to model
2021-12-24 11:00:05.581 [main] DEBUG springfox.documentation.schema.property.bean.BeanModelProperty-Evaluating unwrapped setter for member setSort
2021-12-24 11:00:05.581 [main] DEBUG springfox.documentation.schema.property.bean.BeanModelProperty-Evaluating unwrapped setter for member setSort
2021-12-24 11:00:05.581 [main] DEBUG springfox.documentation.schema.property.bean.BeanModelProperty-Evaluating unwrapped setter for member setSort
2021-12-24 11:00:05.581 [main] DEBUG springfox.documentation.schema.property.bean.BeanModelProperty-Evaluating unwrapped setter for member setSort
2021-12-24 11:00:05.581 [main] DEBUG springfox.documentation.schema.property.OptimizedModelPropertiesProvider-Reading property createTime
2021-12-24 11:00:05.582 [main] DEBUG springfox.documentation.schema.property.bean.BeanModelProperty-Evaluating unwrapped setter for member setCreateTime
2021-12-24 11:00:05.582 [main] DEBUG springfox.documentation.schema.property.ObjectMapperBeanPropertyNamingStrategy-Name 'createTime' renamed to 'createTime'
2021-12-24 11:00:05.583 [main] DEBUG springfox.documentation.schema.property.OptimizedModelPropertiesProvider-Adding property createTime to model
2021-12-24 11:00:05.583 [main] DEBUG springfox.documentation.schema.property.bean.BeanModelProperty-Evaluating unwrapped setter for member setCreateTime
2021-12-24 11:00:05.583 [main] DEBUG springfox.documentation.schema.property.bean.BeanModelProperty-Evaluating unwrapped setter for member setCreateTime
2021-12-24 11:00:05.583 [main] DEBUG springfox.documentation.schema.property.bean.BeanModelProperty-Evaluating unwrapped setter for member setCreateTime
2021-12-24 11:00:05.584 [main] DEBUG springfox.documentation.schema.property.bean.BeanModelProperty-Evaluating unwrapped setter for member setCreateTime
2021-12-24 11:00:05.584 [main] DEBUG springfox.documentation.schema.property.OptimizedModelPropertiesProvider-Reading property updateTime
2021-12-24 11:00:05.584 [main] DEBUG springfox.documentation.schema.property.bean.BeanModelProperty-Evaluating unwrapped setter for member setUpdateTime
2021-12-24 11:00:05.585 [main] DEBUG springfox.documentation.schema.property.ObjectMapperBeanPropertyNamingStrategy-Name 'updateTime' renamed to 'updateTime'
2021-12-24 11:00:05.585 [main] DEBUG springfox.documentation.schema.property.OptimizedModelPropertiesProvider-Adding property updateTime to model
2021-12-24 11:00:05.585 [main] DEBUG springfox.documentation.schema.property.bean.BeanModelProperty-Evaluating unwrapped setter for member setUpdateTime
2021-12-24 11:00:05.585 [main] DEBUG springfox.documentation.schema.property.bean.BeanModelProperty-Evaluating unwrapped setter for member setUpdateTime
2021-12-24 11:00:05.585 [main] DEBUG springfox.documentation.schema.property.bean.BeanModelProperty-Evaluating unwrapped setter for member setUpdateTime
2021-12-24 11:00:05.585 [main] DEBUG springfox.documentation.schema.property.bean.BeanModelProperty-Evaluating unwrapped setter for member setUpdateTime
2021-12-24 11:00:05.585 [main] DEBUG springfox.documentation.schema.property.OptimizedModelPropertiesProvider-Reading property children
2021-12-24 11:00:05.586 [main] DEBUG springfox.documentation.schema.property.bean.BeanModelProperty-Evaluating unwrapped setter for member setChildren
2021-12-24 11:00:05.586 [main] DEBUG springfox.documentation.schema.property.ObjectMapperBeanPropertyNamingStrategy-Name 'children' renamed to 'children'
2021-12-24 11:00:05.586 [main] DEBUG springfox.documentation.schema.property.OptimizedModelPropertiesProvider-Adding property children to model
2021-12-24 11:00:05.586 [main] DEBUG springfox.documentation.schema.property.bean.BeanModelProperty-Evaluating unwrapped setter for member setChildren
2021-12-24 11:00:05.586 [main] DEBUG springfox.documentation.schema.property.bean.BeanModelProperty-Evaluating unwrapped setter for member setChildren
2021-12-24 11:00:05.586 [main] DEBUG springfox.documentation.schema.property.bean.BeanModelProperty-Evaluating unwrapped setter for member setChildren
2021-12-24 11:00:05.586 [main] DEBUG springfox.documentation.schema.property.bean.BeanModelProperty-Evaluating unwrapped setter for member setChildren
2021-12-24 11:00:05.586 [main] DEBUG springfox.documentation.schema.DefaultModelDependencyProvider-Adding type Ljava/util/List<Lcom/novedu/nov/edu/entity/EduSubject;>; for parameter children
2021-12-24 11:00:05.586 [main] DEBUG springfox.documentation.schema.DefaultModelDependencyProvider-Adding collectionElement type Lcom/novedu/nov/edu/entity/EduSubject;
2021-12-24 11:00:05.586 [main] DEBUG springfox.documentation.schema.DefaultModelDependencyProvider-Recursively resolving dependencies for collectionElement type Lcom/novedu/nov/edu/entity/EduSubject;
2021-12-24 11:00:05.588 [main] DEBUG springfox.documentation.schema.DefaultModelProvider-Skipping model of type Ljava/util/List<Lcom/novedu/nov/edu/entity/EduSubject;>; as its either a container type, map, enum or base type, or its already been handled
2021-12-24 11:00:05.589 [main] DEBUG springfox.documentation.schema.DefaultModelProvider-Inferred 7 properties. Properties found children, createTime, id, parentId, sort, title, updateTime
2021-12-24 11:00:05.589 [main] DEBUG springfox.documentation.spring.web.scanners.ApiModelReader-Adding a new model with key EduSubject对象
2021-12-24 11:00:05.590 [main] DEBUG springfox.documentation.spring.web.readers.operation.OperationResponseClassReader-Setting spring response class to: BaseResult
2021-12-24 11:00:05.591 [main] DEBUG springfox.documentation.swagger.readers.operation.OperationAuthReader-Authorization count 0 for method updateSubjects
2021-12-24 11:00:05.592 [main] DEBUG springfox.documentation.swagger.readers.operation.SwaggerOperationResponseClassReader-Setting response class to:BaseResult
2021-12-24 11:00:05.597 [main] DEBUG springfox.documentation.spring.web.readers.operation.OperationModelsProvider-Adding return parameter of type Lcom/novedu/nov/common/api/BaseResult<Ljava/util/List;>;
2021-12-24 11:00:05.597 [main] DEBUG springfox.documentation.spring.web.readers.operation.OperationModelsProvider-Reading parameters models for handlerMethod |all|
2021-12-24 11:00:05.597 [main] DEBUG springfox.documentation.spring.web.readers.operation.OperationModelsProvider-Finished reading parameters models for handlerMethod |all|
2021-12-24 11:00:05.597 [main] DEBUG springfox.documentation.swagger.readers.operation.SwaggerOperationModelsProvider-Reading parameters models for handlerMethod |all|
2021-12-24 11:00:05.599 [main] DEBUG springfox.documentation.schema.property.OptimizedModelPropertiesProvider-Reading property code
2021-12-24 11:00:05.600 [main] DEBUG springfox.documentation.schema.property.bean.BeanModelProperty-Evaluating unwrapped getter for member getCode
2021-12-24 11:00:05.600 [main] DEBUG springfox.documentation.schema.property.ObjectMapperBeanPropertyNamingStrategy-Name 'code' renamed to 'code'
2021-12-24 11:00:05.600 [main] DEBUG springfox.documentation.schema.property.OptimizedModelPropertiesProvider-Adding property code to model
2021-12-24 11:00:05.600 [main] DEBUG springfox.documentation.schema.property.bean.BeanModelProperty-Evaluating unwrapped getter for member getCode
2021-12-24 11:00:05.600 [main] DEBUG springfox.documentation.schema.property.bean.BeanModelProperty-Evaluating unwrapped getter for member getCode
2021-12-24 11:00:05.600 [main] DEBUG springfox.documentation.schema.property.bean.BeanModelProperty-Evaluating unwrapped getter for member getCode
2021-12-24 11:00:05.600 [main] DEBUG springfox.documentation.schema.property.bean.BeanModelProperty-Evaluating unwrapped getter for member getCode
2021-12-24 11:00:05.601 [main] DEBUG springfox.documentation.schema.property.OptimizedModelPropertiesProvider-Reading property msg
2021-12-24 11:00:05.601 [main] DEBUG springfox.documentation.schema.property.bean.BeanModelProperty-Evaluating unwrapped getter for member getMsg
2021-12-24 11:00:05.601 [main] DEBUG springfox.documentation.schema.property.ObjectMapperBeanPropertyNamingStrategy-Name 'msg' renamed to 'msg'
2021-12-24 11:00:05.601 [main] DEBUG springfox.documentation.schema.property.OptimizedModelPropertiesProvider-Adding property msg to model
2021-12-24 11:00:05.601 [main] DEBUG springfox.documentation.schema.property.bean.BeanModelProperty-Evaluating unwrapped getter for member getMsg
2021-12-24 11:00:05.601 [main] DEBUG springfox.documentation.schema.property.bean.BeanModelProperty-Evaluating unwrapped getter for member getMsg
2021-12-24 11:00:05.601 [main] DEBUG springfox.documentation.schema.property.bean.BeanModelProperty-Evaluating unwrapped getter for member getMsg
2021-12-24 11:00:05.601 [main] DEBUG springfox.documentation.schema.property.bean.BeanModelProperty-Evaluating unwrapped getter for member getMsg
2021-12-24 11:00:05.602 [main] DEBUG springfox.documentation.schema.property.OptimizedModelPropertiesProvider-Reading property data
2021-12-24 11:00:05.602 [main] DEBUG springfox.documentation.schema.property.bean.BeanModelProperty-Evaluating unwrapped getter for member getData
2021-12-24 11:00:05.602 [main] DEBUG springfox.documentation.schema.property.ObjectMapperBeanPropertyNamingStrategy-Name 'data' renamed to 'data'
2021-12-24 11:00:05.603 [main] DEBUG springfox.documentation.schema.property.OptimizedModelPropertiesProvider-Adding property data to model
2021-12-24 11:00:05.603 [main] DEBUG springfox.documentation.schema.property.bean.BeanModelProperty-Evaluating unwrapped getter for member getData
2021-12-24 11:00:05.603 [main] DEBUG springfox.documentation.schema.property.bean.BeanModelProperty-Evaluating unwrapped getter for member getData
2021-12-24 11:00:05.603 [main] DEBUG springfox.documentation.schema.property.bean.BeanModelProperty-Evaluating unwrapped getter for member getData
2021-12-24 11:00:05.603 [main] DEBUG springfox.documentation.schema.property.bean.BeanModelProperty-Evaluating unwrapped getter for member getData
2021-12-24 11:00:05.604 [main] DEBUG springfox.documentation.schema.DefaultModelProvider-Inferred 3 properties. Properties found code, data, msg
2021-12-24 11:00:05.604 [main] DEBUG springfox.documentation.spring.web.scanners.ApiModelReader-Generated parameter model id: BaseResult«List«EduTeacher对象»», name: BaseResult«List«EduTeacher对象»», schema: {} models
2021-12-24 11:00:05.604 [main] DEBUG springfox.documentation.spring.web.scanners.ApiModelReader-Adding a new model with key BaseResult«List«EduTeacher对象»»
2021-12-24 11:00:05.605 [main] DEBUG springfox.documentation.schema.DefaultModelDependencyProvider-Adding type for parameter Ljava/util/List<Lcom/novedu/nov/edu/entity/EduTeacher;>;
2021-12-24 11:00:05.605 [main] DEBUG springfox.documentation.schema.DefaultModelDependencyProvider-Recursively resolving dependencies for parameter Ljava/util/List<Lcom/novedu/nov/edu/entity/EduTeacher;>;
2021-12-24 11:00:05.605 [main] DEBUG springfox.documentation.schema.DefaultModelDependencyProvider-Adding type for parameter Lcom/novedu/nov/edu/entity/EduTeacher;
2021-12-24 11:00:05.605 [main] DEBUG springfox.documentation.schema.DefaultModelDependencyProvider-Recursively resolving dependencies for parameter Lcom/novedu/nov/edu/entity/EduTeacher;
2021-12-24 11:00:05.610 [main] DEBUG springfox.documentation.schema.property.OptimizedModelPropertiesProvider-Reading property id
2021-12-24 11:00:05.610 [main] DEBUG springfox.documentation.schema.property.bean.BeanModelProperty-Evaluating unwrapped getter for member getId
2021-12-24 11:00:05.610 [main] DEBUG springfox.documentation.schema.property.ObjectMapperBeanPropertyNamingStrategy-Name 'id' renamed to 'id'
2021-12-24 11:00:05.613 [main] DEBUG springfox.documentation.schema.property.OptimizedModelPropertiesProvider-Adding property id to model
2021-12-24 11:00:05.613 [main] DEBUG springfox.documentation.schema.property.bean.BeanModelProperty-Evaluating unwrapped getter for member getId
2021-12-24 11:00:05.613 [main] DEBUG springfox.documentation.schema.property.bean.BeanModelProperty-Evaluating unwrapped getter for member getId
2021-12-24 11:00:05.614 [main] DEBUG springfox.documentation.schema.property.bean.BeanModelProperty-Evaluating unwrapped getter for member getId
2021-12-24 11:00:05.614 [main] DEBUG springfox.documentation.schema.property.bean.BeanModelProperty-Evaluating unwrapped getter for member getId
2021-12-24 11:00:05.615 [main] DEBUG springfox.documentation.schema.property.OptimizedModelPropertiesProvider-Reading property name
2021-12-24 11:00:05.615 [main] DEBUG springfox.documentation.schema.property.bean.BeanModelProperty-Evaluating unwrapped getter for member getName
2021-12-24 11:00:05.615 [main] DEBUG springfox.documentation.schema.property.ObjectMapperBeanPropertyNamingStrategy-Name 'name' renamed to 'name'
2021-12-24 11:00:05.616 [main] DEBUG springfox.documentation.schema.property.OptimizedModelPropertiesProvider-Adding property name to model
2021-12-24 11:00:05.616 [main] DEBUG springfox.documentation.schema.property.bean.BeanModelProperty-Evaluating unwrapped getter for member getName
2021-12-24 11:00:05.616 [main] DEBUG springfox.documentation.schema.property.bean.BeanModelProperty-Evaluating unwrapped getter for member getName
2021-12-24 11:00:05.616 [main] DEBUG springfox.documentation.schema.property.bean.BeanModelProperty-Evaluating unwrapped getter for member getName
2021-12-24 11:00:05.616 [main] DEBUG springfox.documentation.schema.property.bean.BeanModelProperty-Evaluating unwrapped getter for member getName
2021-12-24 11:00:05.617 [main] DEBUG springfox.documentation.schema.property.OptimizedModelPropertiesProvider-Reading property intro
2021-12-24 11:00:05.617 [main] DEBUG springfox.documentation.schema.property.bean.BeanModelProperty-Evaluating unwrapped getter for member getIntro
2021-12-24 11:00:05.617 [main] DEBUG springfox.documentation.schema.property.ObjectMapperBeanPropertyNamingStrategy-Name 'intro' renamed to 'intro'
2021-12-24 11:00:05.617 [main] DEBUG springfox.documentation.schema.property.OptimizedModelPropertiesProvider-Adding property intro to model
2021-12-24 11:00:05.617 [main] DEBUG springfox.documentation.schema.property.bean.BeanModelProperty-Evaluating unwrapped getter for member getIntro
2021-12-24 11:00:05.620 [main] DEBUG springfox.documentation.schema.property.bean.BeanModelProperty-Evaluating unwrapped getter for member getIntro
2021-12-24 11:00:05.620 [main] DEBUG springfox.documentation.schema.property.bean.BeanModelProperty-Evaluating unwrapped getter for member getIntro
2021-12-24 11:00:05.620 [main] DEBUG springfox.documentation.schema.property.bean.BeanModelProperty-Evaluating unwrapped getter for member getIntro
2021-12-24 11:00:05.621 [main] DEBUG springfox.documentation.schema.property.OptimizedModelPropertiesProvider-Reading property career
2021-12-24 11:00:05.622 [main] DEBUG springfox.documentation.schema.property.bean.BeanModelProperty-Evaluating unwrapped getter for member getCareer
2021-12-24 11:00:05.622 [main] DEBUG springfox.documentation.schema.property.ObjectMapperBeanPropertyNamingStrategy-Name 'career' renamed to 'career'
2021-12-24 11:00:05.622 [main] DEBUG springfox.documentation.schema.property.OptimizedModelPropertiesProvider-Adding property career to model
2021-12-24 11:00:05.622 [main] DEBUG springfox.documentation.schema.property.bean.BeanModelProperty-Evaluating unwrapped getter for member getCareer
2021-12-24 11:00:05.622 [main] DEBUG springfox.documentation.schema.property.bean.BeanModelProperty-Evaluating unwrapped getter for member getCareer
2021-12-24 11:00:05.622 [main] DEBUG springfox.documentation.schema.property.bean.BeanModelProperty-Evaluating unwrapped getter for member getCareer
2021-12-24 11:00:05.623 [main] DEBUG springfox.documentation.schema.property.bean.BeanModelProperty-Evaluating unwrapped getter for member getCareer
2021-12-24 11:00:05.623 [main] DEBUG springfox.documentation.schema.property.OptimizedModelPropertiesProvider-Reading property level
2021-12-24 11:00:05.623 [main] DEBUG springfox.documentation.schema.property.bean.BeanModelProperty-Evaluating unwrapped getter for member getLevel
2021-12-24 11:00:05.624 [main] DEBUG springfox.documentation.schema.property.ObjectMapperBeanPropertyNamingStrategy-Name 'level' renamed to 'level'
2021-12-24 11:00:05.624 [main] DEBUG springfox.documentation.schema.property.OptimizedModelPropertiesProvider-Adding property level to model
2021-12-24 11:00:05.624 [main] DEBUG springfox.documentation.schema.property.bean.BeanModelProperty-Evaluating unwrapped getter for member getLevel
2021-12-24 11:00:05.624 [main] DEBUG springfox.documentation.schema.property.bean.BeanModelProperty-Evaluating unwrapped getter for member getLevel
2021-12-24 11:00:05.624 [main] DEBUG springfox.documentation.schema.property.bean.BeanModelProperty-Evaluating unwrapped getter for member getLevel
2021-12-24 11:00:05.624 [main] DEBUG springfox.documentation.schema.property.bean.BeanModelProperty-Evaluating unwrapped getter for member getLevel
2021-12-24 11:00:05.626 [main] DEBUG springfox.documentation.schema.property.OptimizedModelPropertiesProvider-Reading property avatar
2021-12-24 11:00:05.627 [main] DEBUG springfox.documentation.schema.property.bean.BeanModelProperty-Evaluating unwrapped getter for member getAvatar
2021-12-24 11:00:05.628 [main] DEBUG springfox.documentation.schema.property.ObjectMapperBeanPropertyNamingStrategy-Name 'avatar' renamed to 'avatar'
2021-12-24 11:00:05.628 [main] DEBUG springfox.documentation.schema.property.OptimizedModelPropertiesProvider-Adding property avatar to model
2021-12-24 11:00:05.629 [main] DEBUG springfox.documentation.schema.property.bean.BeanModelProperty-Evaluating unwrapped getter for member getAvatar
2021-12-24 11:00:05.629 [main] DEBUG springfox.documentation.schema.property.bean.BeanModelProperty-Evaluating unwrapped getter for member getAvatar
2021-12-24 11:00:05.629 [main] DEBUG springfox.documentation.schema.property.bean.BeanModelProperty-Evaluating unwrapped getter for member getAvatar
2021-12-24 11:00:05.629 [main] DEBUG springfox.documentation.schema.property.bean.BeanModelProperty-Evaluating unwrapped getter for member getAvatar
2021-12-24 11:00:05.630 [main] DEBUG springfox.documentation.schema.property.OptimizedModelPropertiesProvider-Reading property sort
2021-12-24 11:00:05.630 [main] DEBUG springfox.documentation.schema.property.bean.BeanModelProperty-Evaluating unwrapped getter for member getSort
2021-12-24 11:00:05.630 [main] DEBUG springfox.documentation.schema.property.ObjectMapperBeanPropertyNamingStrategy-Name 'sort' renamed to 'sort'
2021-12-24 11:00:05.630 [main] DEBUG springfox.documentation.schema.property.OptimizedModelPropertiesProvider-Adding property sort to model
2021-12-24 11:00:05.631 [main] DEBUG springfox.documentation.schema.property.bean.BeanModelProperty-Evaluating unwrapped getter for member getSort
2021-12-24 11:00:05.631 [main] DEBUG springfox.documentation.schema.property.bean.BeanModelProperty-Evaluating unwrapped getter for member getSort
2021-12-24 11:00:05.631 [main] DEBUG springfox.documentation.schema.property.bean.BeanModelProperty-Evaluating unwrapped getter for member getSort
2021-12-24 11:00:05.631 [main] DEBUG springfox.documentation.schema.property.bean.BeanModelProperty-Evaluating unwrapped getter for member getSort
2021-12-24 11:00:05.632 [main] DEBUG springfox.documentation.schema.property.OptimizedModelPropertiesProvider-Reading property joinDate
2021-12-24 11:00:05.632 [main] DEBUG springfox.documentation.schema.property.bean.BeanModelProperty-Evaluating unwrapped getter for member getJoinDate
2021-12-24 11:00:05.632 [main] DEBUG springfox.documentation.schema.property.ObjectMapperBeanPropertyNamingStrategy-Name 'joinDate' renamed to 'joinDate'
2021-12-24 11:00:05.632 [main] DEBUG springfox.documentation.schema.property.OptimizedModelPropertiesProvider-Adding property joinDate to model
2021-12-24 11:00:05.633 [main] DEBUG springfox.documentation.schema.property.bean.BeanModelProperty-Evaluating unwrapped getter for member getJoinDate
2021-12-24 11:00:05.633 [main] DEBUG springfox.documentation.schema.property.bean.BeanModelProperty-Evaluating unwrapped getter for member getJoinDate
2021-12-24 11:00:05.633 [main] DEBUG springfox.documentation.schema.property.bean.BeanModelProperty-Evaluating unwrapped getter for member getJoinDate
2021-12-24 11:00:05.633 [main] DEBUG springfox.documentation.schema.property.bean.BeanModelProperty-Evaluating unwrapped getter for member getJoinDate
2021-12-24 11:00:05.633 [main] DEBUG springfox.documentation.schema.property.OptimizedModelPropertiesProvider-Reading property isDeleted
2021-12-24 11:00:05.634 [main] DEBUG springfox.documentation.schema.property.bean.BeanModelProperty-Evaluating unwrapped getter for member getIsDeleted
2021-12-24 11:00:05.634 [main] DEBUG springfox.documentation.schema.property.ObjectMapperBeanPropertyNamingStrategy-Name 'isDeleted' renamed to 'isDeleted'
2021-12-24 11:00:05.634 [main] DEBUG springfox.documentation.schema.property.OptimizedModelPropertiesProvider-Adding property isDeleted to model
2021-12-24 11:00:05.634 [main] DEBUG springfox.documentation.schema.property.bean.BeanModelProperty-Evaluating unwrapped getter for member getIsDeleted
2021-12-24 11:00:05.634 [main] DEBUG springfox.documentation.schema.property.bean.BeanModelProperty-Evaluating unwrapped getter for member getIsDeleted
2021-12-24 11:00:05.634 [main] DEBUG springfox.documentation.schema.property.bean.BeanModelProperty-Evaluating unwrapped getter for member getIsDeleted
2021-12-24 11:00:05.635 [main] DEBUG springfox.documentation.schema.property.bean.BeanModelProperty-Evaluating unwrapped getter for member getIsDeleted
2021-12-24 11:00:05.635 [main] DEBUG springfox.documentation.schema.property.OptimizedModelPropertiesProvider-Reading property createTime
2021-12-24 11:00:05.645 [main] DEBUG springfox.documentation.schema.property.bean.BeanModelProperty-Evaluating unwrapped getter for member getCreateTime
2021-12-24 11:00:05.645 [main] DEBUG springfox.documentation.schema.property.ObjectMapperBeanPropertyNamingStrategy-Name 'createTime' renamed to 'createTime'
2021-12-24 11:00:05.645 [main] DEBUG springfox.documentation.schema.property.OptimizedModelPropertiesProvider-Adding property createTime to model
2021-12-24 11:00:05.645 [main] DEBUG springfox.documentation.schema.property.bean.BeanModelProperty-Evaluating unwrapped getter for member getCreateTime
2021-12-24 11:00:05.647 [main] DEBUG springfox.documentation.schema.property.bean.BeanModelProperty-Evaluating unwrapped getter for member getCreateTime
2021-12-24 11:00:05.648 [main] DEBUG springfox.documentation.schema.property.bean.BeanModelProperty-Evaluating unwrapped getter for member getCreateTime
2021-12-24 11:00:05.648 [main] DEBUG springfox.documentation.schema.property.bean.BeanModelProperty-Evaluating unwrapped getter for member getCreateTime
2021-12-24 11:00:05.649 [main] DEBUG springfox.documentation.schema.property.OptimizedModelPropertiesProvider-Reading property updateTime
2021-12-24 11:00:05.649 [main] DEBUG springfox.documentation.schema.property.bean.BeanModelProperty-Evaluating unwrapped getter for member getUpdateTime
2021-12-24 11:00:05.649 [main] DEBUG springfox.documentation.schema.property.ObjectMapperBeanPropertyNamingStrategy-Name 'updateTime' renamed to 'updateTime'
2021-12-24 11:00:05.649 [main] DEBUG springfox.documentation.schema.property.OptimizedModelPropertiesProvider-Adding property updateTime to model
2021-12-24 11:00:05.649 [main] DEBUG springfox.documentation.schema.property.bean.BeanModelProperty-Evaluating unwrapped getter for member getUpdateTime
2021-12-24 11:00:05.649 [main] DEBUG springfox.documentation.schema.property.bean.BeanModelProperty-Evaluating unwrapped getter for member getUpdateTime
2021-12-24 11:00:05.650 [main] DEBUG springfox.documentation.schema.property.bean.BeanModelProperty-Evaluating unwrapped getter for member getUpdateTime
2021-12-24 11:00:05.650 [main] DEBUG springfox.documentation.schema.property.bean.BeanModelProperty-Evaluating unwrapped getter for member getUpdateTime
2021-12-24 11:00:05.652 [main] DEBUG springfox.documentation.schema.DefaultModelDependencyProvider-Adding type Ljava/util/List<Lcom/novedu/nov/edu/entity/EduTeacher;>; for parameter data
2021-12-24 11:00:05.653 [main] DEBUG springfox.documentation.schema.DefaultModelDependencyProvider-Adding collectionElement type Lcom/novedu/nov/edu/entity/EduTeacher;
2021-12-24 11:00:05.654 [main] DEBUG springfox.documentation.schema.DefaultModelDependencyProvider-Recursively resolving dependencies for collectionElement type Lcom/novedu/nov/edu/entity/EduTeacher;
2021-12-24 11:00:05.654 [main] DEBUG springfox.documentation.schema.DefaultModelProvider-Skipping model of type Ljava/util/List<Lcom/novedu/nov/edu/entity/EduTeacher;>; as its either a container type, map, enum or base type, or its already been handled
2021-12-24 11:00:05.655 [main] DEBUG springfox.documentation.schema.DefaultModelProvider-Inferred 11 properties. Properties found avatar, career, createTime, id, intro, isDeleted, joinDate, level, name, sort, updateTime
2021-12-24 11:00:05.655 [main] DEBUG springfox.documentation.spring.web.scanners.ApiModelReader-Adding a new model with key EduTeacher对象
2021-12-24 11:00:05.656 [main] DEBUG springfox.documentation.spring.web.readers.operation.OperationResponseClassReader-Setting spring response class to: BaseResult«List«EduTeacher对象»»
2021-12-24 11:00:05.657 [main] DEBUG springfox.documentation.swagger.readers.operation.OperationAuthReader-Authorization count 0 for method all
2021-12-24 11:00:05.657 [main] DEBUG springfox.documentation.swagger.readers.operation.SwaggerOperationResponseClassReader-Setting response class to:BaseResult«List«EduTeacher对象»»
2021-12-24 11:00:05.658 [main] DEBUG springfox.documentation.spring.web.readers.operation.OperationModelsProvider-Adding return parameter of type Lcom/novedu/nov/common/api/BaseResult;
2021-12-24 11:00:05.658 [main] DEBUG springfox.documentation.spring.web.readers.operation.OperationModelsProvider-Reading parameters models for handlerMethod |editTeacher|
2021-12-24 11:00:05.660 [main] DEBUG springfox.documentation.spring.web.readers.operation.OperationModelsProvider-Adding input parameter of type Lcom/novedu/nov/edu/entity/EduTeacher;
2021-12-24 11:00:05.661 [main] DEBUG springfox.documentation.spring.web.readers.operation.OperationModelsProvider-Finished reading parameters models for handlerMethod |editTeacher|
2021-12-24 11:00:05.661 [main] DEBUG springfox.documentation.swagger.readers.operation.SwaggerOperationModelsProvider-Reading parameters models for handlerMethod |editTeacher|
2021-12-24 11:00:05.662 [main] DEBUG springfox.documentation.spring.web.scanners.ApiModelReader-Generated parameter model id: BaseResult, name: BaseResult, schema: {} models
2021-12-24 11:00:05.662 [main] DEBUG springfox.documentation.spring.web.scanners.ApiModelReader-Adding a new model with key BaseResult
2021-12-24 11:00:05.663 [main] DEBUG springfox.documentation.schema.property.OptimizedModelPropertiesProvider-Reading property id
2021-12-24 11:00:05.664 [main] DEBUG springfox.documentation.schema.property.bean.BeanModelProperty-Evaluating unwrapped setter for member setId
2021-12-24 11:00:05.664 [main] DEBUG springfox.documentation.schema.property.ObjectMapperBeanPropertyNamingStrategy-Name 'id' renamed to 'id'
2021-12-24 11:00:05.664 [main] DEBUG springfox.documentation.schema.property.OptimizedModelPropertiesProvider-Adding property id to model
2021-12-24 11:00:05.665 [main] DEBUG springfox.documentation.schema.property.bean.BeanModelProperty-Evaluating unwrapped setter for member setId
2021-12-24 11:00:05.665 [main] DEBUG springfox.documentation.schema.property.bean.BeanModelProperty-Evaluating unwrapped setter for member setId
2021-12-24 11:00:05.665 [main] DEBUG springfox.documentation.schema.property.bean.BeanModelProperty-Evaluating unwrapped setter for member setId
2021-12-24 11:00:05.665 [main] DEBUG springfox.documentation.schema.property.bean.BeanModelProperty-Evaluating unwrapped setter for member setId
2021-12-24 11:00:05.665 [main] DEBUG springfox.documentation.schema.property.OptimizedModelPropertiesProvider-Reading property name
2021-12-24 11:00:05.665 [main] DEBUG springfox.documentation.schema.property.bean.BeanModelProperty-Evaluating unwrapped setter for member setName
2021-12-24 11:00:05.666 [main] DEBUG springfox.documentation.schema.property.ObjectMapperBeanPropertyNamingStrategy-Name 'name' renamed to 'name'
2021-12-24 11:00:05.666 [main] DEBUG springfox.documentation.schema.property.OptimizedModelPropertiesProvider-Adding property name to model
2021-12-24 11:00:05.666 [main] DEBUG springfox.documentation.schema.property.bean.BeanModelProperty-Evaluating unwrapped setter for member setName
2021-12-24 11:00:05.666 [main] DEBUG springfox.documentation.schema.property.bean.BeanModelProperty-Evaluating unwrapped setter for member setName
2021-12-24 11:00:05.666 [main] DEBUG springfox.documentation.schema.property.bean.BeanModelProperty-Evaluating unwrapped setter for member setName
2021-12-24 11:00:05.666 [main] DEBUG springfox.documentation.schema.property.bean.BeanModelProperty-Evaluating unwrapped setter for member setName
2021-12-24 11:00:05.666 [main] DEBUG springfox.documentation.schema.property.OptimizedModelPropertiesProvider-Reading property intro
2021-12-24 11:00:05.666 [main] DEBUG springfox.documentation.schema.property.bean.BeanModelProperty-Evaluating unwrapped setter for member setIntro
2021-12-24 11:00:05.666 [main] DEBUG springfox.documentation.schema.property.ObjectMapperBeanPropertyNamingStrategy-Name 'intro' renamed to 'intro'
2021-12-24 11:00:05.666 [main] DEBUG springfox.documentation.schema.property.OptimizedModelPropertiesProvider-Adding property intro to model
2021-12-24 11:00:05.666 [main] DEBUG springfox.documentation.schema.property.bean.BeanModelProperty-Evaluating unwrapped setter for member setIntro
2021-12-24 11:00:05.666 [main] DEBUG springfox.documentation.schema.property.bean.BeanModelProperty-Evaluating unwrapped setter for member setIntro
2021-12-24 11:00:05.666 [main] DEBUG springfox.documentation.schema.property.bean.BeanModelProperty-Evaluating unwrapped setter for member setIntro
2021-12-24 11:00:05.666 [main] DEBUG springfox.documentation.schema.property.bean.BeanModelProperty-Evaluating unwrapped setter for member setIntro
2021-12-24 11:00:05.667 [main] DEBUG springfox.documentation.schema.property.OptimizedModelPropertiesProvider-Reading property career
2021-12-24 11:00:05.667 [main] DEBUG springfox.documentation.schema.property.bean.BeanModelProperty-Evaluating unwrapped setter for member setCareer
2021-12-24 11:00:05.667 [main] DEBUG springfox.documentation.schema.property.ObjectMapperBeanPropertyNamingStrategy-Name 'career' renamed to 'career'
2021-12-24 11:00:05.667 [main] DEBUG springfox.documentation.schema.property.OptimizedModelPropertiesProvider-Adding property career to model
2021-12-24 11:00:05.667 [main] DEBUG springfox.documentation.schema.property.bean.BeanModelProperty-Evaluating unwrapped setter for member setCareer
2021-12-24 11:00:05.667 [main] DEBUG springfox.documentation.schema.property.bean.BeanModelProperty-Evaluating unwrapped setter for member setCareer
2021-12-24 11:00:05.667 [main] DEBUG springfox.documentation.schema.property.bean.BeanModelProperty-Evaluating unwrapped setter for member setCareer
2021-12-24 11:00:05.667 [main] DEBUG springfox.documentation.schema.property.bean.BeanModelProperty-Evaluating unwrapped setter for member setCareer
2021-12-24 11:00:05.668 [main] DEBUG springfox.documentation.schema.property.OptimizedModelPropertiesProvider-Reading property level
2021-12-24 11:00:05.668 [main] DEBUG springfox.documentation.schema.property.bean.BeanModelProperty-Evaluating unwrapped setter for member setLevel
2021-12-24 11:00:05.668 [main] DEBUG springfox.documentation.schema.property.ObjectMapperBeanPropertyNamingStrategy-Name 'level' renamed to 'level'
2021-12-24 11:00:05.668 [main] DEBUG springfox.documentation.schema.property.OptimizedModelPropertiesProvider-Adding property level to model
2021-12-24 11:00:05.668 [main] DEBUG springfox.documentation.schema.property.bean.BeanModelProperty-Evaluating unwrapped setter for member setLevel
2021-12-24 11:00:05.668 [main] DEBUG springfox.documentation.schema.property.bean.BeanModelProperty-Evaluating unwrapped setter for member setLevel
2021-12-24 11:00:05.669 [main] DEBUG springfox.documentation.schema.property.bean.BeanModelProperty-Evaluating unwrapped setter for member setLevel
2021-12-24 11:00:05.669 [main] DEBUG springfox.documentation.schema.property.bean.BeanModelProperty-Evaluating unwrapped setter for member setLevel
2021-12-24 11:00:05.669 [main] DEBUG springfox.documentation.schema.property.OptimizedModelPropertiesProvider-Reading property avatar
2021-12-24 11:00:05.669 [main] DEBUG springfox.documentation.schema.property.bean.BeanModelProperty-Evaluating unwrapped setter for member setAvatar
2021-12-24 11:00:05.670 [main] DEBUG springfox.documentation.schema.property.ObjectMapperBeanPropertyNamingStrategy-Name 'avatar' renamed to 'avatar'
2021-12-24 11:00:05.670 [main] DEBUG springfox.documentation.schema.property.OptimizedModelPropertiesProvider-Adding property avatar to model
2021-12-24 11:00:05.670 [main] DEBUG springfox.documentation.schema.property.bean.BeanModelProperty-Evaluating unwrapped setter for member setAvatar
2021-12-24 11:00:05.670 [main] DEBUG springfox.documentation.schema.property.bean.BeanModelProperty-Evaluating unwrapped setter for member setAvatar
2021-12-24 11:00:05.670 [main] DEBUG springfox.documentation.schema.property.bean.BeanModelProperty-Evaluating unwrapped setter for member setAvatar
2021-12-24 11:00:05.670 [main] DEBUG springfox.documentation.schema.property.bean.BeanModelProperty-Evaluating unwrapped setter for member setAvatar
2021-12-24 11:00:05.670 [main] DEBUG springfox.documentation.schema.property.OptimizedModelPropertiesProvider-Reading property sort
2021-12-24 11:00:05.671 [main] DEBUG springfox.documentation.schema.property.bean.BeanModelProperty-Evaluating unwrapped setter for member setSort
2021-12-24 11:00:05.671 [main] DEBUG springfox.documentation.schema.property.ObjectMapperBeanPropertyNamingStrategy-Name 'sort' renamed to 'sort'
2021-12-24 11:00:05.671 [main] DEBUG springfox.documentation.schema.property.OptimizedModelPropertiesProvider-Adding property sort to model
2021-12-24 11:00:05.671 [main] DEBUG springfox.documentation.schema.property.bean.BeanModelProperty-Evaluating unwrapped setter for member setSort
2021-12-24 11:00:05.671 [main] DEBUG springfox.documentation.schema.property.bean.BeanModelProperty-Evaluating unwrapped setter for member setSort
2021-12-24 11:00:05.671 [main] DEBUG springfox.documentation.schema.property.bean.BeanModelProperty-Evaluating unwrapped setter for member setSort
2021-12-24 11:00:05.671 [main] DEBUG springfox.documentation.schema.property.bean.BeanModelProperty-Evaluating unwrapped setter for member setSort
2021-12-24 11:00:05.672 [main] DEBUG springfox.documentation.schema.property.OptimizedModelPropertiesProvider-Reading property joinDate
2021-12-24 11:00:05.672 [main] DEBUG springfox.documentation.schema.property.bean.BeanModelProperty-Evaluating unwrapped setter for member setJoinDate
2021-12-24 11:00:05.672 [main] DEBUG springfox.documentation.schema.property.ObjectMapperBeanPropertyNamingStrategy-Name 'joinDate' renamed to 'joinDate'
2021-12-24 11:00:05.672 [main] DEBUG springfox.documentation.schema.property.OptimizedModelPropertiesProvider-Adding property joinDate to model
2021-12-24 11:00:05.672 [main] DEBUG springfox.documentation.schema.property.bean.BeanModelProperty-Evaluating unwrapped setter for member setJoinDate
2021-12-24 11:00:05.673 [main] DEBUG springfox.documentation.schema.property.bean.BeanModelProperty-Evaluating unwrapped setter for member setJoinDate
2021-12-24 11:00:05.673 [main] DEBUG springfox.documentation.schema.property.bean.BeanModelProperty-Evaluating unwrapped setter for member setJoinDate
2021-12-24 11:00:05.673 [main] DEBUG springfox.documentation.schema.property.bean.BeanModelProperty-Evaluating unwrapped setter for member setJoinDate
2021-12-24 11:00:05.673 [main] DEBUG springfox.documentation.schema.property.OptimizedModelPropertiesProvider-Reading property isDeleted
2021-12-24 11:00:05.673 [main] DEBUG springfox.documentation.schema.property.bean.BeanModelProperty-Evaluating unwrapped setter for member setIsDeleted
2021-12-24 11:00:05.673 [main] DEBUG springfox.documentation.schema.property.ObjectMapperBeanPropertyNamingStrategy-Name 'isDeleted' renamed to 'isDeleted'
2021-12-24 11:00:05.673 [main] DEBUG springfox.documentation.schema.property.OptimizedModelPropertiesProvider-Adding property isDeleted to model
2021-12-24 11:00:05.673 [main] DEBUG springfox.documentation.schema.property.bean.BeanModelProperty-Evaluating unwrapped setter for member setIsDeleted
2021-12-24 11:00:05.674 [main] DEBUG springfox.documentation.schema.property.bean.BeanModelProperty-Evaluating unwrapped setter for member setIsDeleted
2021-12-24 11:00:05.674 [main] DEBUG springfox.documentation.schema.property.bean.BeanModelProperty-Evaluating unwrapped setter for member setIsDeleted
2021-12-24 11:00:05.674 [main] DEBUG springfox.documentation.schema.property.bean.BeanModelProperty-Evaluating unwrapped setter for member setIsDeleted
2021-12-24 11:00:05.674 [main] DEBUG springfox.documentation.schema.property.OptimizedModelPropertiesProvider-Reading property createTime
2021-12-24 11:00:05.674 [main] DEBUG springfox.documentation.schema.property.bean.BeanModelProperty-Evaluating unwrapped setter for member setCreateTime
2021-12-24 11:00:05.674 [main] DEBUG springfox.documentation.schema.property.ObjectMapperBeanPropertyNamingStrategy-Name 'createTime' renamed to 'createTime'
2021-12-24 11:00:05.674 [main] DEBUG springfox.documentation.schema.property.OptimizedModelPropertiesProvider-Adding property createTime to model
2021-12-24 11:00:05.677 [main] DEBUG springfox.documentation.schema.property.bean.BeanModelProperty-Evaluating unwrapped setter for member setCreateTime
2021-12-24 11:00:05.678 [main] DEBUG springfox.documentation.schema.property.bean.BeanModelProperty-Evaluating unwrapped setter for member setCreateTime
2021-12-24 11:00:05.678 [main] DEBUG springfox.documentation.schema.property.bean.BeanModelProperty-Evaluating unwrapped setter for member setCreateTime
2021-12-24 11:00:05.678 [main] DEBUG springfox.documentation.schema.property.bean.BeanModelProperty-Evaluating unwrapped setter for member setCreateTime
2021-12-24 11:00:05.680 [main] DEBUG springfox.documentation.schema.property.OptimizedModelPropertiesProvider-Reading property updateTime
2021-12-24 11:00:05.681 [main] DEBUG springfox.documentation.schema.property.bean.BeanModelProperty-Evaluating unwrapped setter for member setUpdateTime
2021-12-24 11:00:05.681 [main] DEBUG springfox.documentation.schema.property.ObjectMapperBeanPropertyNamingStrategy-Name 'updateTime' renamed to 'updateTime'
2021-12-24 11:00:05.681 [main] DEBUG springfox.documentation.schema.property.OptimizedModelPropertiesProvider-Adding property updateTime to model
2021-12-24 11:00:05.681 [main] DEBUG springfox.documentation.schema.property.bean.BeanModelProperty-Evaluating unwrapped setter for member setUpdateTime
2021-12-24 11:00:05.682 [main] DEBUG springfox.documentation.schema.property.bean.BeanModelProperty-Evaluating unwrapped setter for member setUpdateTime
2021-12-24 11:00:05.683 [main] DEBUG springfox.documentation.schema.property.bean.BeanModelProperty-Evaluating unwrapped setter for member setUpdateTime
2021-12-24 11:00:05.684 [main] DEBUG springfox.documentation.schema.property.bean.BeanModelProperty-Evaluating unwrapped setter for member setUpdateTime
2021-12-24 11:00:05.685 [main] DEBUG springfox.documentation.schema.DefaultModelProvider-Inferred 11 properties. Properties found avatar, career, createTime, id, intro, isDeleted, joinDate, level, name, sort, updateTime
2021-12-24 11:00:05.686 [main] DEBUG springfox.documentation.spring.web.scanners.ApiModelReader-Generated parameter model id: EduTeacher对象, name: EduTeacher对象, schema: {} models
2021-12-24 11:00:05.687 [main] DEBUG springfox.documentation.spring.web.readers.operation.OperationResponseClassReader-Setting spring response class to: BaseResult
2021-12-24 11:00:05.688 [main] DEBUG springfox.documentation.swagger.readers.operation.OperationAuthReader-Authorization count 0 for method editTeacher
2021-12-24 11:00:05.688 [main] DEBUG springfox.documentation.swagger.readers.operation.SwaggerOperationResponseClassReader-Setting response class to:BaseResult
2021-12-24 11:00:05.689 [main] DEBUG springfox.documentation.spring.web.readers.operation.OperationModelsProvider-Adding return parameter of type Lcom/novedu/nov/common/api/BaseResult<Lcom/novedu/nov/edu/entity/EduTeacher;>;
2021-12-24 11:00:05.689 [main] DEBUG springfox.documentation.spring.web.readers.operation.OperationModelsProvider-Reading parameters models for handlerMethod |info|
2021-12-24 11:00:05.690 [main] DEBUG springfox.documentation.spring.web.readers.operation.OperationModelsProvider-Finished reading parameters models for handlerMethod |info|
2021-12-24 11:00:05.691 [main] DEBUG springfox.documentation.swagger.readers.operation.SwaggerOperationModelsProvider-Reading parameters models for handlerMethod |info|
2021-12-24 11:00:05.696 [main] DEBUG springfox.documentation.schema.property.OptimizedModelPropertiesProvider-Reading property code
2021-12-24 11:00:05.696 [main] DEBUG springfox.documentation.schema.property.bean.BeanModelProperty-Evaluating unwrapped getter for member getCode
2021-12-24 11:00:05.696 [main] DEBUG springfox.documentation.schema.property.ObjectMapperBeanPropertyNamingStrategy-Name 'code' renamed to 'code'
2021-12-24 11:00:05.697 [main] DEBUG springfox.documentation.schema.property.OptimizedModelPropertiesProvider-Adding property code to model
2021-12-24 11:00:05.697 [main] DEBUG springfox.documentation.schema.property.bean.BeanModelProperty-Evaluating unwrapped getter for member getCode
2021-12-24 11:00:05.697 [main] DEBUG springfox.documentation.schema.property.bean.BeanModelProperty-Evaluating unwrapped getter for member getCode
2021-12-24 11:00:05.697 [main] DEBUG springfox.documentation.schema.property.bean.BeanModelProperty-Evaluating unwrapped getter for member getCode
2021-12-24 11:00:05.697 [main] DEBUG springfox.documentation.schema.property.bean.BeanModelProperty-Evaluating unwrapped getter for member getCode
2021-12-24 11:00:05.698 [main] DEBUG springfox.documentation.schema.property.OptimizedModelPropertiesProvider-Reading property msg
2021-12-24 11:00:05.698 [main] DEBUG springfox.documentation.schema.property.bean.BeanModelProperty-Evaluating unwrapped getter for member getMsg
2021-12-24 11:00:05.698 [main] DEBUG springfox.documentation.schema.property.ObjectMapperBeanPropertyNamingStrategy-Name 'msg' renamed to 'msg'
2021-12-24 11:00:05.698 [main] DEBUG springfox.documentation.schema.property.OptimizedModelPropertiesProvider-Adding property msg to model
2021-12-24 11:00:05.698 [main] DEBUG springfox.documentation.schema.property.bean.BeanModelProperty-Evaluating unwrapped getter for member getMsg
2021-12-24 11:00:05.698 [main] DEBUG springfox.documentation.schema.property.bean.BeanModelProperty-Evaluating unwrapped getter for member getMsg
2021-12-24 11:00:05.698 [main] DEBUG springfox.documentation.schema.property.bean.BeanModelProperty-Evaluating unwrapped getter for member getMsg
2021-12-24 11:00:05.698 [main] DEBUG springfox.documentation.schema.property.bean.BeanModelProperty-Evaluating unwrapped getter for member getMsg
2021-12-24 11:00:05.699 [main] DEBUG springfox.documentation.schema.property.OptimizedModelPropertiesProvider-Reading property data
2021-12-24 11:00:05.699 [main] DEBUG springfox.documentation.schema.property.bean.BeanModelProperty-Evaluating unwrapped getter for member getData
2021-12-24 11:00:05.699 [main] DEBUG springfox.documentation.schema.property.ObjectMapperBeanPropertyNamingStrategy-Name 'data' renamed to 'data'
2021-12-24 11:00:05.699 [main] DEBUG springfox.documentation.schema.property.OptimizedModelPropertiesProvider-Adding property data to model
2021-12-24 11:00:05.699 [main] DEBUG springfox.documentation.schema.property.bean.BeanModelProperty-Evaluating unwrapped getter for member getData
2021-12-24 11:00:05.699 [main] DEBUG springfox.documentation.schema.property.bean.BeanModelProperty-Evaluating unwrapped getter for member getData
2021-12-24 11:00:05.699 [main] DEBUG springfox.documentation.schema.property.bean.BeanModelProperty-Evaluating unwrapped getter for member getData
2021-12-24 11:00:05.699 [main] DEBUG springfox.documentation.schema.property.bean.BeanModelProperty-Evaluating unwrapped getter for member getData
2021-12-24 11:00:05.699 [main] DEBUG springfox.documentation.schema.DefaultModelProvider-Inferred 3 properties. Properties found code, data, msg
2021-12-24 11:00:05.700 [main] DEBUG springfox.documentation.spring.web.scanners.ApiModelReader-Generated parameter model id: BaseResult«EduTeacher对象», name: BaseResult«EduTeacher对象», schema: {} models
2021-12-24 11:00:05.700 [main] DEBUG springfox.documentation.spring.web.scanners.ApiModelReader-Adding a new model with key BaseResult«EduTeacher对象»
2021-12-24 11:00:05.700 [main] DEBUG springfox.documentation.schema.DefaultModelDependencyProvider-Adding type for parameter Lcom/novedu/nov/edu/entity/EduTeacher;
2021-12-24 11:00:05.700 [main] DEBUG springfox.documentation.schema.DefaultModelDependencyProvider-Recursively resolving dependencies for parameter Lcom/novedu/nov/edu/entity/EduTeacher;
2021-12-24 11:00:05.700 [main] DEBUG springfox.documentation.schema.DefaultModelDependencyProvider-Adding type Lcom/novedu/nov/edu/entity/EduTeacher; for parameter data
2021-12-24 11:00:05.701 [main] DEBUG springfox.documentation.schema.DefaultModelDependencyProvider-Recursively resolving dependencies for type Lcom/novedu/nov/edu/entity/EduTeacher;
2021-12-24 11:00:05.701 [main] DEBUG springfox.documentation.schema.DefaultModelProvider-Inferred 11 properties. Properties found avatar, career, createTime, id, intro, isDeleted, joinDate, level, name, sort, updateTime
2021-12-24 11:00:05.703 [main] DEBUG springfox.documentation.spring.web.readers.operation.OperationResponseClassReader-Setting spring response class to: BaseResult«EduTeacher对象»
2021-12-24 11:00:05.704 [main] DEBUG springfox.documentation.swagger.readers.operation.OperationAuthReader-Authorization count 0 for method info
2021-12-24 11:00:05.704 [main] DEBUG springfox.documentation.swagger.readers.operation.SwaggerOperationResponseClassReader-Setting response class to:BaseResult«EduTeacher对象»
2021-12-24 11:00:05.705 [main] DEBUG springfox.documentation.spring.web.readers.operation.OperationModelsProvider-Adding return parameter of type Lcom/novedu/nov/common/api/BaseResult<Ljava/util/List;>;
2021-12-24 11:00:05.705 [main] DEBUG springfox.documentation.spring.web.readers.operation.OperationModelsProvider-Reading parameters models for handlerMethod |list|
2021-12-24 11:00:05.705 [main] DEBUG springfox.documentation.spring.web.readers.operation.OperationModelsProvider-Finished reading parameters models for handlerMethod |list|
2021-12-24 11:00:05.705 [main] DEBUG springfox.documentation.swagger.readers.operation.SwaggerOperationModelsProvider-Reading parameters models for handlerMethod |list|
2021-12-24 11:00:05.706 [main] DEBUG springfox.documentation.spring.web.scanners.ApiModelReader-Generated parameter model id: BaseResult«List«EduTeacher对象»», name: BaseResult«List«EduTeacher对象»», schema: {} models
2021-12-24 11:00:05.706 [main] DEBUG springfox.documentation.schema.DefaultModelProvider-Skipping model of type Ljava/util/List<Lcom/novedu/nov/edu/entity/EduTeacher;>; as its either a container type, map, enum or base type, or its already been handled
2021-12-24 11:00:05.706 [main] DEBUG springfox.documentation.schema.DefaultModelProvider-Inferred 11 properties. Properties found avatar, career, createTime, id, intro, isDeleted, joinDate, level, name, sort, updateTime
2021-12-24 11:00:05.716 [main] DEBUG springfox.documentation.spring.web.readers.parameter.ModelAttributeParameterExpander-Expanding parameter type: com.baomidou.mybatisplus.extension.plugins.pagination.Page
2021-12-24 11:00:05.717 [main] DEBUG springfox.documentation.spring.web.readers.parameter.ModelAttributeParameterExpander-Attempting to expand expandable field: records
2021-12-24 11:00:05.719 [main] DEBUG springfox.documentation.spring.web.readers.parameter.ModelAttributeParameterExpander-Expanding parameter type: java.util.List<java.lang.Object>
2021-12-24 11:00:05.719 [main] DEBUG springfox.documentation.spring.web.readers.parameter.ModelAttributeParameterExpander-Attempting to expand expandable field: orders
2021-12-24 11:00:05.719 [main] DEBUG springfox.documentation.spring.web.readers.parameter.ModelAttributeParameterExpander-Expanding parameter type: java.util.List<com.baomidou.mybatisplus.core.metadata.OrderItem>
2021-12-24 11:00:05.719 [main] DEBUG springfox.documentation.spring.web.readers.parameter.ModelAttributeParameterExpander-Attempting to expand collection/array field: records
2021-12-24 11:00:05.719 [main] DEBUG springfox.documentation.spring.web.readers.parameter.ModelAttributeParameterExpander-Attempting to expand field: springfox.documentation.spring.web.readers.parameter.ModelAttributeField@ef85567
2021-12-24 11:00:05.719 [main] DEBUG springfox.documentation.spring.web.readers.parameter.ModelAttributeParameterExpander-Building parameter for field: springfox.documentation.spring.web.readers.parameter.ModelAttributeField@ef85567, with type: 
2021-12-24 11:00:05.719 [main] DEBUG springfox.documentation.spring.web.readers.parameter.ModelAttributeParameterExpander-Attempting to expand collection/array field: orders
2021-12-24 11:00:05.722 [main] DEBUG springfox.documentation.spring.web.readers.parameter.ModelAttributeParameterExpander-Expanding parameter type: com.baomidou.mybatisplus.core.metadata.OrderItem
2021-12-24 11:00:05.722 [main] DEBUG springfox.documentation.spring.web.readers.parameter.ModelAttributeParameterExpander-Attempting to expand field: springfox.documentation.spring.web.readers.parameter.ModelAttributeField@1c2fb9e8
2021-12-24 11:00:05.722 [main] DEBUG springfox.documentation.spring.web.readers.parameter.ModelAttributeParameterExpander-Building parameter for field: springfox.documentation.spring.web.readers.parameter.ModelAttributeField@1c2fb9e8, with type: 
2021-12-24 11:00:05.722 [main] DEBUG springfox.documentation.spring.web.readers.parameter.ModelAttributeParameterExpander-Attempting to expand field: springfox.documentation.spring.web.readers.parameter.ModelAttributeField@ec3944
2021-12-24 11:00:05.722 [main] DEBUG springfox.documentation.spring.web.readers.parameter.ModelAttributeParameterExpander-Building parameter for field: springfox.documentation.spring.web.readers.parameter.ModelAttributeField@ec3944, with type: 
2021-12-24 11:00:05.722 [main] DEBUG springfox.documentation.spring.web.readers.parameter.ModelAttributeParameterExpander-Attempting to expand field: springfox.documentation.spring.web.readers.parameter.ModelAttributeField@2e4339c1
2021-12-24 11:00:05.723 [main] DEBUG springfox.documentation.spring.web.readers.parameter.ModelAttributeParameterExpander-Building parameter for field: springfox.documentation.spring.web.readers.parameter.ModelAttributeField@2e4339c1, with type: 
2021-12-24 11:00:05.723 [main] DEBUG springfox.documentation.spring.web.readers.parameter.ModelAttributeParameterExpander-Attempting to expand field: springfox.documentation.spring.web.readers.parameter.ModelAttributeField@62dc1203
2021-12-24 11:00:05.724 [main] DEBUG springfox.documentation.spring.web.readers.parameter.ModelAttributeParameterExpander-Building parameter for field: springfox.documentation.spring.web.readers.parameter.ModelAttributeField@62dc1203, with type: 
2021-12-24 11:00:05.724 [main] DEBUG springfox.documentation.spring.web.readers.parameter.ModelAttributeParameterExpander-Attempting to expand field: springfox.documentation.spring.web.readers.parameter.ModelAttributeField@35d0749
2021-12-24 11:00:05.724 [main] DEBUG springfox.documentation.spring.web.readers.parameter.ModelAttributeParameterExpander-Building parameter for field: springfox.documentation.spring.web.readers.parameter.ModelAttributeField@35d0749, with type: 
2021-12-24 11:00:05.725 [main] DEBUG springfox.documentation.spring.web.readers.parameter.ModelAttributeParameterExpander-Attempting to expand field: springfox.documentation.spring.web.readers.parameter.ModelAttributeField@621a387f
2021-12-24 11:00:05.725 [main] DEBUG springfox.documentation.spring.web.readers.parameter.ModelAttributeParameterExpander-Building parameter for field: springfox.documentation.spring.web.readers.parameter.ModelAttributeField@621a387f, with type: 
2021-12-24 11:00:05.727 [main] DEBUG springfox.documentation.spring.web.readers.parameter.ModelAttributeParameterExpander-Attempting to expand field: springfox.documentation.spring.web.readers.parameter.ModelAttributeField@552088cc
2021-12-24 11:00:05.727 [main] DEBUG springfox.documentation.spring.web.readers.parameter.ModelAttributeParameterExpander-Building parameter for field: springfox.documentation.spring.web.readers.parameter.ModelAttributeField@552088cc, with type: 
2021-12-24 11:00:05.728 [main] DEBUG springfox.documentation.spring.web.readers.parameter.ModelAttributeParameterExpander-Attempting to expand field: springfox.documentation.spring.web.readers.parameter.ModelAttributeField@57eed461
2021-12-24 11:00:05.728 [main] DEBUG springfox.documentation.spring.web.readers.parameter.ModelAttributeParameterExpander-Building parameter for field: springfox.documentation.spring.web.readers.parameter.ModelAttributeField@57eed461, with type: 
2021-12-24 11:00:05.728 [main] DEBUG springfox.documentation.spring.web.readers.parameter.ModelAttributeParameterExpander-Attempting to expand field: springfox.documentation.spring.web.readers.parameter.ModelAttributeField@3c62f69a
2021-12-24 11:00:05.728 [main] DEBUG springfox.documentation.spring.web.readers.parameter.ModelAttributeParameterExpander-Building parameter for field: springfox.documentation.spring.web.readers.parameter.ModelAttributeField@3c62f69a, with type: 
2021-12-24 11:00:05.733 [main] DEBUG springfox.documentation.spring.web.readers.parameter.ModelAttributeParameterExpander-Expanding parameter type: com.novedu.nov.edu.entity.EduTeacher
2021-12-24 11:00:05.733 [main] DEBUG springfox.documentation.spring.web.readers.parameter.ModelAttributeParameterExpander-Attempting to expand field: springfox.documentation.spring.web.readers.parameter.ModelAttributeField@f08f8a9
2021-12-24 11:00:05.733 [main] DEBUG springfox.documentation.spring.web.readers.parameter.ModelAttributeParameterExpander-Building parameter for field: springfox.documentation.spring.web.readers.parameter.ModelAttributeField@f08f8a9, with type: 
2021-12-24 11:00:05.734 [main] DEBUG springfox.documentation.spring.web.readers.parameter.ModelAttributeParameterExpander-Attempting to expand field: springfox.documentation.spring.web.readers.parameter.ModelAttributeField@5ebf776c
2021-12-24 11:00:05.734 [main] DEBUG springfox.documentation.spring.web.readers.parameter.ModelAttributeParameterExpander-Building parameter for field: springfox.documentation.spring.web.readers.parameter.ModelAttributeField@5ebf776c, with type: 
2021-12-24 11:00:05.735 [main] DEBUG springfox.documentation.spring.web.readers.parameter.ModelAttributeParameterExpander-Attempting to expand field: springfox.documentation.spring.web.readers.parameter.ModelAttributeField@7fd3fd06
2021-12-24 11:00:05.735 [main] DEBUG springfox.documentation.spring.web.readers.parameter.ModelAttributeParameterExpander-Building parameter for field: springfox.documentation.spring.web.readers.parameter.ModelAttributeField@7fd3fd06, with type: 
2021-12-24 11:00:05.735 [main] DEBUG springfox.documentation.spring.web.readers.parameter.ModelAttributeParameterExpander-Attempting to expand field: springfox.documentation.spring.web.readers.parameter.ModelAttributeField@54ae1240
2021-12-24 11:00:05.735 [main] DEBUG springfox.documentation.spring.web.readers.parameter.ModelAttributeParameterExpander-Building parameter for field: springfox.documentation.spring.web.readers.parameter.ModelAttributeField@54ae1240, with type: 
2021-12-24 11:00:05.735 [main] DEBUG springfox.documentation.spring.web.readers.parameter.ModelAttributeParameterExpander-Attempting to expand field: springfox.documentation.spring.web.readers.parameter.ModelAttributeField@1c2b65cc
2021-12-24 11:00:05.735 [main] DEBUG springfox.documentation.spring.web.readers.parameter.ModelAttributeParameterExpander-Building parameter for field: springfox.documentation.spring.web.readers.parameter.ModelAttributeField@1c2b65cc, with type: 
2021-12-24 11:00:05.736 [main] DEBUG springfox.documentation.spring.web.readers.parameter.ModelAttributeParameterExpander-Attempting to expand field: springfox.documentation.spring.web.readers.parameter.ModelAttributeField@390a7532
2021-12-24 11:00:05.736 [main] DEBUG springfox.documentation.spring.web.readers.parameter.ModelAttributeParameterExpander-Building parameter for field: springfox.documentation.spring.web.readers.parameter.ModelAttributeField@390a7532, with type: 
2021-12-24 11:00:05.736 [main] DEBUG springfox.documentation.spring.web.readers.parameter.ModelAttributeParameterExpander-Attempting to expand field: springfox.documentation.spring.web.readers.parameter.ModelAttributeField@595184d8
2021-12-24 11:00:05.736 [main] DEBUG springfox.documentation.spring.web.readers.parameter.ModelAttributeParameterExpander-Building parameter for field: springfox.documentation.spring.web.readers.parameter.ModelAttributeField@595184d8, with type: 
2021-12-24 11:00:05.736 [main] DEBUG springfox.documentation.spring.web.readers.parameter.ModelAttributeParameterExpander-Attempting to expand field: springfox.documentation.spring.web.readers.parameter.ModelAttributeField@7d49a1a0
2021-12-24 11:00:05.736 [main] DEBUG springfox.documentation.spring.web.readers.parameter.ModelAttributeParameterExpander-Building parameter for field: springfox.documentation.spring.web.readers.parameter.ModelAttributeField@7d49a1a0, with type: 
2021-12-24 11:00:05.736 [main] DEBUG springfox.documentation.spring.web.readers.parameter.ModelAttributeParameterExpander-Attempting to expand field: springfox.documentation.spring.web.readers.parameter.ModelAttributeField@3a0baec0
2021-12-24 11:00:05.736 [main] DEBUG springfox.documentation.spring.web.readers.parameter.ModelAttributeParameterExpander-Building parameter for field: springfox.documentation.spring.web.readers.parameter.ModelAttributeField@3a0baec0, with type: 
2021-12-24 11:00:05.737 [main] DEBUG springfox.documentation.spring.web.readers.parameter.ModelAttributeParameterExpander-Attempting to expand field: springfox.documentation.spring.web.readers.parameter.ModelAttributeField@3514237f
2021-12-24 11:00:05.737 [main] DEBUG springfox.documentation.spring.web.readers.parameter.ModelAttributeParameterExpander-Building parameter for field: springfox.documentation.spring.web.readers.parameter.ModelAttributeField@3514237f, with type: 
2021-12-24 11:00:05.737 [main] DEBUG springfox.documentation.spring.web.readers.parameter.ModelAttributeParameterExpander-Attempting to expand field: springfox.documentation.spring.web.readers.parameter.ModelAttributeField@520ee6b3
2021-12-24 11:00:05.737 [main] DEBUG springfox.documentation.spring.web.readers.parameter.ModelAttributeParameterExpander-Building parameter for field: springfox.documentation.spring.web.readers.parameter.ModelAttributeField@520ee6b3, with type: 
2021-12-24 11:00:05.738 [main] DEBUG springfox.documentation.spring.web.readers.operation.OperationResponseClassReader-Setting spring response class to: BaseResult«List«EduTeacher对象»»
2021-12-24 11:00:05.739 [main] DEBUG springfox.documentation.swagger.readers.operation.OperationAuthReader-Authorization count 0 for method list
2021-12-24 11:00:05.740 [main] DEBUG springfox.documentation.swagger.readers.operation.SwaggerOperationResponseClassReader-Setting response class to:BaseResult«List«EduTeacher对象»»
2021-12-24 11:00:05.744 [main] DEBUG springfox.documentation.spring.web.readers.operation.OperationModelsProvider-Adding return parameter of type Lcom/novedu/nov/common/api/BaseResult;
2021-12-24 11:00:05.744 [main] DEBUG springfox.documentation.spring.web.readers.operation.OperationModelsProvider-Reading parameters models for handlerMethod |removeTeacher|
2021-12-24 11:00:05.745 [main] DEBUG springfox.documentation.spring.web.readers.operation.OperationModelsProvider-Finished reading parameters models for handlerMethod |removeTeacher|
2021-12-24 11:00:05.745 [main] DEBUG springfox.documentation.swagger.readers.operation.SwaggerOperationModelsProvider-Reading parameters models for handlerMethod |removeTeacher|
2021-12-24 11:00:05.745 [main] DEBUG springfox.documentation.spring.web.scanners.ApiModelReader-Generated parameter model id: BaseResult, name: BaseResult, schema: {} models
2021-12-24 11:00:05.747 [main] DEBUG springfox.documentation.spring.web.readers.operation.OperationResponseClassReader-Setting spring response class to: BaseResult
2021-12-24 11:00:05.747 [main] DEBUG springfox.documentation.swagger.readers.operation.OperationAuthReader-Authorization count 0 for method removeTeacher
2021-12-24 11:00:05.750 [main] DEBUG springfox.documentation.swagger.readers.operation.SwaggerOperationResponseClassReader-Setting response class to:BaseResult
2021-12-24 11:00:05.757 [main] DEBUG springfox.documentation.swagger.readers.operation.VendorExtensionsReader-Extension count 1 for method removeTeacher
2021-12-24 11:00:05.758 [main] DEBUG springfox.documentation.spring.web.readers.operation.OperationModelsProvider-Adding return parameter of type Lcom/novedu/nov/common/api/BaseResult;
2021-12-24 11:00:05.758 [main] DEBUG springfox.documentation.spring.web.readers.operation.OperationModelsProvider-Reading parameters models for handlerMethod |saveTeacher|
2021-12-24 11:00:05.758 [main] DEBUG springfox.documentation.spring.web.readers.operation.OperationModelsProvider-Adding input parameter of type Lcom/novedu/nov/edu/entity/EduTeacher;
2021-12-24 11:00:05.758 [main] DEBUG springfox.documentation.spring.web.readers.operation.OperationModelsProvider-Finished reading parameters models for handlerMethod |saveTeacher|
2021-12-24 11:00:05.758 [main] DEBUG springfox.documentation.swagger.readers.operation.SwaggerOperationModelsProvider-Reading parameters models for handlerMethod |saveTeacher|
2021-12-24 11:00:05.759 [main] DEBUG springfox.documentation.spring.web.scanners.ApiModelReader-Generated parameter model id: BaseResult, name: BaseResult, schema: {} models
2021-12-24 11:00:05.760 [main] DEBUG springfox.documentation.spring.web.scanners.ApiModelReader-Generated parameter model id: EduTeacher对象, name: EduTeacher对象, schema: {} models
2021-12-24 11:00:05.761 [main] DEBUG springfox.documentation.spring.web.readers.operation.OperationResponseClassReader-Setting spring response class to: BaseResult
2021-12-24 11:00:05.762 [main] DEBUG springfox.documentation.swagger.readers.operation.OperationAuthReader-Authorization count 0 for method saveTeacher
2021-12-24 11:00:05.762 [main] DEBUG springfox.documentation.swagger.readers.operation.SwaggerOperationResponseClassReader-Setting response class to:BaseResult
2021-12-24 11:00:05.763 [main] DEBUG springfox.documentation.spring.web.readers.operation.OperationModelsProvider-Adding return parameter of type Lcom/novedu/nov/common/api/BaseResult;
2021-12-24 11:00:05.763 [main] DEBUG springfox.documentation.spring.web.readers.operation.OperationModelsProvider-Reading parameters models for handlerMethod |test|
2021-12-24 11:00:05.763 [main] DEBUG springfox.documentation.spring.web.readers.operation.OperationModelsProvider-Finished reading parameters models for handlerMethod |test|
2021-12-24 11:00:05.764 [main] DEBUG springfox.documentation.swagger.readers.operation.SwaggerOperationModelsProvider-Reading parameters models for handlerMethod |test|
2021-12-24 11:00:05.764 [main] DEBUG springfox.documentation.spring.web.scanners.ApiModelReader-Generated parameter model id: BaseResult, name: BaseResult, schema: {} models
2021-12-24 11:00:05.765 [main] DEBUG springfox.documentation.spring.web.readers.operation.OperationResponseClassReader-Setting spring response class to: BaseResult
2021-12-24 11:00:05.765 [main] DEBUG springfox.documentation.swagger.readers.operation.OperationAuthReader-Authorization count 0 for method test
2021-12-24 11:00:05.766 [main] DEBUG springfox.documentation.swagger.readers.operation.SwaggerOperationResponseClassReader-Setting response class to:BaseResult
2021-12-24 11:00:06.615 [main] DEBUG org.mybatis.spring.SqlSessionUtils-Creating a new SqlSession
2021-12-24 11:00:06.629 [main] DEBUG org.mybatis.spring.SqlSessionUtils-SqlSession [org.apache.ibatis.session.defaults.DefaultSqlSession@14eb96e9] was not registered for synchronization because synchronization is not active
2021-12-24 11:00:08.407 [main] DEBUG org.mybatis.spring.transaction.SpringManagedTransaction-JDBC Connection [HikariProxyConnection@1249669807 wrapping com.mysql.cj.jdbc.ConnectionImpl@3e24bab6] will not be managed by Spring
2021-12-24 11:00:08.417 [main] DEBUG com.novedu.nov.edu.mapper.EduCourseMapper.queryAll-==>  Preparing: from edu_course
2021-12-24 11:00:08.476 [main] DEBUG com.novedu.nov.edu.mapper.EduCourseMapper.queryAll-==> Parameters: 
2021-12-24 11:00:08.530 [main] DEBUG org.mybatis.spring.SqlSessionUtils-Closing non transactional SqlSession [org.apache.ibatis.session.defaults.DefaultSqlSession@14eb96e9]
