2022-02-12 11:49:50.731 [background-preinit] INFO  org.hibernate.validator.internal.util.Version-HV000001: Hibernate Validator 6.1.7.Final
2022-02-12 11:49:51.355 [main] INFO  org.reflections.Reflections-Reflections took 33 ms to scan 1 urls, producing 3 keys and 6 values 
2022-02-12 11:49:51.385 [main] INFO  org.reflections.Reflections-Reflections took 13 ms to scan 1 urls, producing 4 keys and 9 values 
2022-02-12 11:49:51.400 [main] INFO  org.reflections.Reflections-Reflections took 13 ms to scan 1 urls, producing 3 keys and 10 values 
2022-02-12 11:49:51.592 [main] INFO  org.reflections.Reflections-Reflections took 189 ms to scan 197 urls, producing 0 keys and 0 values 
2022-02-12 11:49:51.602 [main] INFO  org.reflections.Reflections-Reflections took 9 ms to scan 1 urls, producing 1 keys and 5 values 
2022-02-12 11:49:51.617 [main] INFO  org.reflections.Reflections-Reflections took 12 ms to scan 1 urls, producing 1 keys and 7 values 
2022-02-12 11:49:51.629 [main] INFO  org.reflections.Reflections-Reflections took 9 ms to scan 1 urls, producing 2 keys and 8 values 
2022-02-12 11:49:51.758 [main] INFO  org.reflections.Reflections-Reflections took 126 ms to scan 197 urls, producing 0 keys and 0 values 
2022-02-12 11:49:52.838 [main] INFO  org.springframework.cloud.bootstrap.config.PropertySourceBootstrapConfiguration-Located property source: [BootstrapPropertySource {name='bootstrapProperties-service-edu-dev.properties,DEFAULT_GROUP'}, BootstrapPropertySource {name='bootstrapProperties-service-edu.properties,DEFAULT_GROUP'}, BootstrapPropertySource {name='bootstrapProperties-service-edu,DEFAULT_GROUP'}]
2022-02-12 11:49:52.842 [main] INFO  com.novedu.nov.EduServiceApplication-The following profiles are active: dev
2022-02-12 11:49:53.890 [main] INFO  org.springframework.data.repository.config.RepositoryConfigurationDelegate-Multiple Spring Data modules found, entering strict repository configuration mode!
2022-02-12 11:49:53.893 [main] INFO  org.springframework.data.repository.config.RepositoryConfigurationDelegate-Bootstrapping Spring Data Redis repositories in DEFAULT mode.
2022-02-12 11:49:53.930 [main] INFO  org.springframework.data.repository.config.RepositoryConfigurationDelegate-Finished Spring Data repository scanning in 23ms. Found 0 Redis repository interfaces.
2022-02-12 11:49:54.152 [main] INFO  org.springframework.cloud.context.scope.GenericScope-BeanFactory id=5067d7e8-92d3-39ad-8a8d-d658936fb445
2022-02-12 11:49:54.691 [main] INFO  org.springframework.boot.web.embedded.tomcat.TomcatWebServer-Tomcat initialized with port(s): 8081 (http)
2022-02-12 11:49:54.700 [main] INFO  org.apache.coyote.http11.Http11NioProtocol-Initializing ProtocolHandler ["http-nio-8081"]
2022-02-12 11:49:54.700 [main] INFO  org.apache.catalina.core.StandardService-Starting service [Tomcat]
2022-02-12 11:49:54.700 [main] INFO  org.apache.catalina.core.StandardEngine-Starting Servlet engine: [Apache Tomcat/9.0.46]
2022-02-12 11:49:54.813 [main] INFO  org.apache.catalina.core.ContainerBase.[Tomcat].[localhost].[/]-Initializing Spring embedded WebApplicationContext
2022-02-12 11:49:54.814 [main] INFO  org.springframework.boot.web.servlet.context.ServletWebServerApplicationContext-Root WebApplicationContext: initialization completed in 1951 ms
2022-02-12 11:49:55.742 [background-preinit] INFO  org.hibernate.validator.internal.util.Version-HV000001: Hibernate Validator 6.1.7.Final
2022-02-12 11:49:56.178 [main] INFO  org.springframework.cloud.openfeign.FeignClientFactoryBean-For 'service-order' URL not provided. Will try picking an instance via load-balancing.
2022-02-12 11:49:56.327 [main] INFO  org.reflections.Reflections-Reflections took 30 ms to scan 1 urls, producing 3 keys and 6 values 
2022-02-12 11:49:56.358 [main] INFO  org.reflections.Reflections-Reflections took 18 ms to scan 1 urls, producing 4 keys and 9 values 
2022-02-12 11:49:56.373 [main] INFO  org.reflections.Reflections-Reflections took 12 ms to scan 1 urls, producing 3 keys and 10 values 
2022-02-12 11:49:56.533 [main] INFO  org.reflections.Reflections-Reflections took 155 ms to scan 197 urls, producing 0 keys and 0 values 
2022-02-12 11:49:56.543 [main] INFO  org.reflections.Reflections-Reflections took 10 ms to scan 1 urls, producing 1 keys and 5 values 
2022-02-12 11:49:56.560 [main] INFO  org.reflections.Reflections-Reflections took 15 ms to scan 1 urls, producing 1 keys and 7 values 
2022-02-12 11:49:56.574 [main] INFO  org.reflections.Reflections-Reflections took 11 ms to scan 1 urls, producing 2 keys and 8 values 
2022-02-12 11:49:56.705 [main] INFO  org.reflections.Reflections-Reflections took 128 ms to scan 197 urls, producing 0 keys and 0 values 
2022-02-12 11:49:57.462 [main] INFO  springfox.documentation.spring.web.PropertySourcedRequestMappingHandlerMapping-Mapped URL path [/v2/api-docs] onto method [springfox.documentation.swagger2.web.Swagger2Controller#getDocumentation(String, HttpServletRequest)]
2022-02-12 11:49:57.476 [main] INFO  com.netflix.config.sources.URLConfigurationSource-To enable URLs as dynamic configuration sources, define System property archaius.configurationSource.additionalUrls or make config.properties available on classpath.
2022-02-12 11:49:57.480 [main] INFO  com.netflix.config.sources.URLConfigurationSource-To enable URLs as dynamic configuration sources, define System property archaius.configurationSource.additionalUrls or make config.properties available on classpath.
2022-02-12 11:49:57.610 [main] INFO  org.springframework.scheduling.concurrent.ThreadPoolTaskExecutor-Initializing ExecutorService 'applicationTaskExecutor'
2022-02-12 11:49:57.705 [main] INFO  org.springframework.cloud.bootstrap.config.PropertySourceBootstrapConfiguration-Located property source: [BootstrapPropertySource {name='bootstrapProperties-service-order-dev.properties,DEFAULT_GROUP'}, BootstrapPropertySource {name='bootstrapProperties-service-order.properties,DEFAULT_GROUP'}, BootstrapPropertySource {name='bootstrapProperties-service-order,DEFAULT_GROUP'}]
2022-02-12 11:49:57.709 [main] INFO  com.novedu.nov.order.OrderServiceApplication-The following profiles are active: dev
2022-02-12 11:49:57.802 [main] INFO  org.springframework.scheduling.concurrent.ThreadPoolTaskScheduler-Initializing ExecutorService 'Nacos-Watch-Task-Scheduler'
2022-02-12 11:49:58.446 [main] INFO  org.springframework.data.repository.config.RepositoryConfigurationDelegate-Multiple Spring Data modules found, entering strict repository configuration mode!
2022-02-12 11:49:58.448 [main] INFO  org.springframework.data.repository.config.RepositoryConfigurationDelegate-Bootstrapping Spring Data Redis repositories in DEFAULT mode.
2022-02-12 11:49:58.457 [main] INFO  org.apache.coyote.http11.Http11NioProtocol-Starting ProtocolHandler ["http-nio-8081"]
2022-02-12 11:49:58.471 [main] INFO  org.springframework.boot.web.embedded.tomcat.TomcatWebServer-Tomcat started on port(s): 8081 (http) with context path ''
2022-02-12 11:49:58.473 [main] INFO  org.springframework.data.repository.config.RepositoryConfigurationDelegate-Finished Spring Data repository scanning in 12ms. Found 0 Redis repository interfaces.
2022-02-12 11:49:58.487 [main] INFO  com.alibaba.cloud.nacos.registry.NacosServiceRegistry-nacos registry, DEFAULT_GROUP service-edu 192.168.31.136:8081 register finished
2022-02-12 11:49:58.560 [main] INFO  springfox.documentation.spring.web.plugins.DocumentationPluginsBootstrapper-Context refreshed
2022-02-12 11:49:58.574 [main] INFO  springfox.documentation.spring.web.plugins.DocumentationPluginsBootstrapper-Found 1 custom documentation plugin(s)
2022-02-12 11:49:58.612 [main] INFO  springfox.documentation.spring.web.scanners.ApiListingReferenceScanner-Scanning for api listing references
2022-02-12 11:49:58.681 [main] INFO  org.springframework.cloud.context.scope.GenericScope-BeanFactory id=b4613ab7-10cb-3196-92ad-10c7b5250c80
2022-02-12 11:49:58.808 [main] INFO  springfox.documentation.spring.web.readers.operation.CachingOperationNameGenerator-Generating unique operation named: queryCommentPageUsingPOST_1
2022-02-12 11:49:58.847 [main] INFO  springfox.documentation.spring.web.readers.operation.CachingOperationNameGenerator-Generating unique operation named: queryCourseByTeacherIdUsingPOST_1
2022-02-12 11:49:58.866 [main] INFO  springfox.documentation.spring.web.readers.operation.CachingOperationNameGenerator-Generating unique operation named: saveCourseUsingPOST_1
2022-02-12 11:49:58.899 [main] INFO  springfox.documentation.spring.web.readers.operation.CachingOperationNameGenerator-Generating unique operation named: saveCourseUsingPOST_2
2022-02-12 11:49:58.926 [main] INFO  com.novedu.nov.EduServiceApplication-Started EduServiceApplication in 8.722 seconds (JVM running for 9.795)
2022-02-12 11:49:59.160 [main] INFO  org.springframework.boot.web.embedded.tomcat.TomcatWebServer-Tomcat initialized with port(s): 8086 (http)
2022-02-12 11:49:59.168 [main] INFO  org.apache.coyote.http11.Http11NioProtocol-Initializing ProtocolHandler ["http-nio-8086"]
2022-02-12 11:49:59.169 [main] INFO  org.apache.catalina.core.StandardService-Starting service [Tomcat]
2022-02-12 11:49:59.169 [main] INFO  org.apache.catalina.core.StandardEngine-Starting Servlet engine: [Apache Tomcat/9.0.46]
2022-02-12 11:49:59.277 [main] INFO  org.apache.catalina.core.ContainerBase.[Tomcat].[localhost].[/]-Initializing Spring embedded WebApplicationContext
2022-02-12 11:49:59.277 [main] INFO  org.springframework.boot.web.servlet.context.ServletWebServerApplicationContext-Root WebApplicationContext: initialization completed in 1548 ms
2022-02-12 11:49:59.356 [background-preinit] INFO  org.hibernate.validator.internal.util.Version-HV000001: Hibernate Validator 6.1.7.Final
2022-02-12 11:49:59.491 [main] INFO  org.springframework.cloud.openfeign.FeignClientFactoryBean-For 'service-edu' URL not provided. Will try picking an instance via load-balancing.
2022-02-12 11:50:00.022 [main] INFO  org.springframework.cloud.openfeign.FeignClientFactoryBean-For 'service-ucenter' URL not provided. Will try picking an instance via load-balancing.
2022-02-12 11:50:00.046 [main] INFO  org.reflections.Reflections-Reflections took 34 ms to scan 1 urls, producing 3 keys and 6 values 
2022-02-12 11:50:00.076 [main] INFO  org.reflections.Reflections-Reflections took 14 ms to scan 1 urls, producing 4 keys and 9 values 
2022-02-12 11:50:00.093 [main] INFO  org.reflections.Reflections-Reflections took 14 ms to scan 1 urls, producing 3 keys and 10 values 
2022-02-12 11:50:00.255 [main] INFO  org.reflections.Reflections-Reflections took 159 ms to scan 197 urls, producing 0 keys and 0 values 
2022-02-12 11:50:00.266 [main] INFO  org.reflections.Reflections-Reflections took 9 ms to scan 1 urls, producing 1 keys and 5 values 
2022-02-12 11:50:00.281 [main] INFO  org.reflections.Reflections-Reflections took 12 ms to scan 1 urls, producing 1 keys and 7 values 
2022-02-12 11:50:00.294 [main] INFO  org.reflections.Reflections-Reflections took 10 ms to scan 1 urls, producing 2 keys and 8 values 
2022-02-12 11:50:00.423 [main] INFO  org.reflections.Reflections-Reflections took 126 ms to scan 197 urls, producing 0 keys and 0 values 
2022-02-12 11:50:01.409 [main] INFO  org.springframework.cloud.bootstrap.config.PropertySourceBootstrapConfiguration-Located property source: [BootstrapPropertySource {name='bootstrapProperties-service-statistics-dev.properties,DEFAULT_GROUP'}, BootstrapPropertySource {name='bootstrapProperties-service-statistics.properties,DEFAULT_GROUP'}, BootstrapPropertySource {name='bootstrapProperties-service-statistics,DEFAULT_GROUP'}]
2022-02-12 11:50:01.413 [main] INFO  com.novedu.nov.StatisticsServiceApplication-The following profiles are active: dev
2022-02-12 11:50:01.512 [main] INFO  springfox.documentation.spring.web.PropertySourcedRequestMappingHandlerMapping-Mapped URL path [/v2/api-docs] onto method [springfox.documentation.swagger2.web.Swagger2Controller#getDocumentation(String, HttpServletRequest)]
2022-02-12 11:50:01.522 [main] INFO  com.netflix.config.sources.URLConfigurationSource-To enable URLs as dynamic configuration sources, define System property archaius.configurationSource.additionalUrls or make config.properties available on classpath.
2022-02-12 11:50:01.526 [main] INFO  com.netflix.config.sources.URLConfigurationSource-To enable URLs as dynamic configuration sources, define System property archaius.configurationSource.additionalUrls or make config.properties available on classpath.
2022-02-12 11:50:01.647 [main] INFO  org.springframework.scheduling.concurrent.ThreadPoolTaskExecutor-Initializing ExecutorService 'applicationTaskExecutor'
2022-02-12 11:50:01.846 [main] INFO  org.springframework.scheduling.concurrent.ThreadPoolTaskScheduler-Initializing ExecutorService 'Nacos-Watch-Task-Scheduler'
2022-02-12 11:50:02.078 [main] INFO  org.springframework.data.repository.config.RepositoryConfigurationDelegate-Multiple Spring Data modules found, entering strict repository configuration mode!
2022-02-12 11:50:02.080 [main] INFO  org.springframework.data.repository.config.RepositoryConfigurationDelegate-Bootstrapping Spring Data Redis repositories in DEFAULT mode.
2022-02-12 11:50:02.110 [main] INFO  org.springframework.data.repository.config.RepositoryConfigurationDelegate-Finished Spring Data repository scanning in 17ms. Found 0 Redis repository interfaces.
2022-02-12 11:50:02.314 [main] INFO  org.springframework.cloud.context.scope.GenericScope-BeanFactory id=7fce70fa-d604-34f3-8300-c4aab7ed61fd
2022-02-12 11:50:02.406 [main] INFO  org.apache.coyote.http11.Http11NioProtocol-Starting ProtocolHandler ["http-nio-8086"]
2022-02-12 11:50:02.422 [main] INFO  org.springframework.boot.web.embedded.tomcat.TomcatWebServer-Tomcat started on port(s): 8086 (http) with context path ''
2022-02-12 11:50:02.432 [main] INFO  com.alibaba.cloud.nacos.registry.NacosServiceRegistry-nacos registry, DEFAULT_GROUP service-order 192.168.31.136:8086 register finished
2022-02-12 11:50:02.515 [main] INFO  springfox.documentation.spring.web.plugins.DocumentationPluginsBootstrapper-Context refreshed
2022-02-12 11:50:02.527 [main] INFO  springfox.documentation.spring.web.plugins.DocumentationPluginsBootstrapper-Found 1 custom documentation plugin(s)
2022-02-12 11:50:02.557 [main] INFO  springfox.documentation.spring.web.scanners.ApiListingReferenceScanner-Scanning for api listing references
2022-02-12 11:50:02.713 [main] INFO  com.novedu.nov.order.OrderServiceApplication-Started OrderServiceApplication in 7.469 seconds (JVM running for 8.196)
2022-02-12 11:50:02.818 [main] INFO  org.springframework.boot.web.embedded.tomcat.TomcatWebServer-Tomcat initialized with port(s): 8087 (http)
2022-02-12 11:50:02.828 [main] INFO  org.apache.coyote.http11.Http11NioProtocol-Initializing ProtocolHandler ["http-nio-8087"]
2022-02-12 11:50:02.828 [main] INFO  org.apache.catalina.core.StandardService-Starting service [Tomcat]
2022-02-12 11:50:02.828 [main] INFO  org.apache.catalina.core.StandardEngine-Starting Servlet engine: [Apache Tomcat/9.0.46]
2022-02-12 11:50:02.950 [main] INFO  org.apache.catalina.core.ContainerBase.[Tomcat].[localhost].[/]-Initializing Spring embedded WebApplicationContext
2022-02-12 11:50:02.950 [main] INFO  org.springframework.boot.web.servlet.context.ServletWebServerApplicationContext-Root WebApplicationContext: initialization completed in 1518 ms
2022-02-12 11:50:03.692 [main] INFO  org.springframework.cloud.openfeign.FeignClientFactoryBean-For 'service-edu' URL not provided. Will try picking an instance via load-balancing.
2022-02-12 11:50:04.049 [background-preinit] INFO  org.hibernate.validator.internal.util.Version-HV000001: Hibernate Validator 6.1.7.Final
2022-02-12 11:50:04.629 [main] INFO  org.reflections.Reflections-Reflections took 29 ms to scan 1 urls, producing 3 keys and 6 values 
2022-02-12 11:50:04.657 [main] INFO  org.reflections.Reflections-Reflections took 15 ms to scan 1 urls, producing 4 keys and 9 values 
2022-02-12 11:50:04.672 [main] INFO  org.reflections.Reflections-Reflections took 13 ms to scan 1 urls, producing 3 keys and 10 values 
2022-02-12 11:50:04.829 [main] INFO  org.reflections.Reflections-Reflections took 153 ms to scan 197 urls, producing 0 keys and 0 values 
2022-02-12 11:50:04.839 [main] INFO  org.reflections.Reflections-Reflections took 9 ms to scan 1 urls, producing 1 keys and 5 values 
2022-02-12 11:50:04.856 [main] INFO  org.reflections.Reflections-Reflections took 14 ms to scan 1 urls, producing 1 keys and 7 values 
2022-02-12 11:50:04.868 [main] INFO  org.reflections.Reflections-Reflections took 10 ms to scan 1 urls, producing 2 keys and 8 values 
2022-02-12 11:50:04.999 [main] INFO  org.reflections.Reflections-Reflections took 126 ms to scan 197 urls, producing 0 keys and 0 values 
2022-02-12 11:50:05.183 [main] INFO  springfox.documentation.spring.web.PropertySourcedRequestMappingHandlerMapping-Mapped URL path [/v2/api-docs] onto method [springfox.documentation.swagger2.web.Swagger2Controller#getDocumentation(String, HttpServletRequest)]
2022-02-12 11:50:05.197 [main] INFO  com.netflix.config.sources.URLConfigurationSource-To enable URLs as dynamic configuration sources, define System property archaius.configurationSource.additionalUrls or make config.properties available on classpath.
2022-02-12 11:50:05.201 [main] INFO  com.netflix.config.sources.URLConfigurationSource-To enable URLs as dynamic configuration sources, define System property archaius.configurationSource.additionalUrls or make config.properties available on classpath.
2022-02-12 11:50:05.337 [main] INFO  org.springframework.scheduling.concurrent.ThreadPoolTaskExecutor-Initializing ExecutorService 'applicationTaskExecutor'
2022-02-12 11:50:05.543 [main] INFO  org.springframework.scheduling.concurrent.ThreadPoolTaskScheduler-Initializing ExecutorService 'Nacos-Watch-Task-Scheduler'
2022-02-12 11:50:06.001 [main] INFO  org.springframework.cloud.bootstrap.config.PropertySourceBootstrapConfiguration-Located property source: [BootstrapPropertySource {name='bootstrapProperties-service-ucenter-dev.properties,DEFAULT_GROUP'}, BootstrapPropertySource {name='bootstrapProperties-service-ucenter.properties,DEFAULT_GROUP'}, BootstrapPropertySource {name='bootstrapProperties-service-ucenter,DEFAULT_GROUP'}]
2022-02-12 11:50:06.005 [main] INFO  com.novedu.nov.UCenterServiceApplication-The following profiles are active: dev
2022-02-12 11:50:06.039 [main] INFO  org.springframework.scheduling.concurrent.ThreadPoolTaskScheduler-Initializing ExecutorService 'taskScheduler'
2022-02-12 11:50:06.432 [main] INFO  org.apache.coyote.http11.Http11NioProtocol-Starting ProtocolHandler ["http-nio-8087"]
2022-02-12 11:50:06.448 [main] INFO  org.springframework.boot.web.embedded.tomcat.TomcatWebServer-Tomcat started on port(s): 8087 (http) with context path ''
2022-02-12 11:50:06.462 [main] INFO  com.alibaba.cloud.nacos.registry.NacosServiceRegistry-nacos registry, DEFAULT_GROUP service-statistics 192.168.31.136:8087 register finished
2022-02-12 11:50:06.553 [main] INFO  springfox.documentation.spring.web.plugins.DocumentationPluginsBootstrapper-Context refreshed
2022-02-12 11:50:06.567 [main] INFO  springfox.documentation.spring.web.plugins.DocumentationPluginsBootstrapper-Found 1 custom documentation plugin(s)
2022-02-12 11:50:06.567 [main] INFO  org.springframework.data.repository.config.RepositoryConfigurationDelegate-Multiple Spring Data modules found, entering strict repository configuration mode!
2022-02-12 11:50:06.570 [main] INFO  org.springframework.data.repository.config.RepositoryConfigurationDelegate-Bootstrapping Spring Data Redis repositories in DEFAULT mode.
2022-02-12 11:50:06.598 [main] INFO  springfox.documentation.spring.web.scanners.ApiListingReferenceScanner-Scanning for api listing references
2022-02-12 11:50:06.603 [main] INFO  org.springframework.data.repository.config.RepositoryConfigurationDelegate-Finished Spring Data repository scanning in 18ms. Found 0 Redis repository interfaces.
2022-02-12 11:50:06.761 [main] INFO  com.novedu.nov.StatisticsServiceApplication-Started StatisticsServiceApplication in 7.933 seconds (JVM running for 8.644)
2022-02-12 11:50:06.810 [main] INFO  org.springframework.cloud.context.scope.GenericScope-BeanFactory id=d256e7a8-acee-3332-a2c2-388b733ee6ce
2022-02-12 11:50:07.256 [main] INFO  org.springframework.boot.web.embedded.tomcat.TomcatWebServer-Tomcat initialized with port(s): 8085 (http)
2022-02-12 11:50:07.265 [main] INFO  org.apache.coyote.http11.Http11NioProtocol-Initializing ProtocolHandler ["http-nio-8085"]
2022-02-12 11:50:07.266 [main] INFO  org.apache.catalina.core.StandardService-Starting service [Tomcat]
2022-02-12 11:50:07.266 [main] INFO  org.apache.catalina.core.StandardEngine-Starting Servlet engine: [Apache Tomcat/9.0.46]
2022-02-12 11:50:07.398 [background-preinit] INFO  org.hibernate.validator.internal.util.Version-HV000001: Hibernate Validator 6.1.7.Final
2022-02-12 11:50:07.410 [main] INFO  org.apache.catalina.core.ContainerBase.[Tomcat].[localhost].[/]-Initializing Spring embedded WebApplicationContext
2022-02-12 11:50:07.411 [main] INFO  org.springframework.boot.web.servlet.context.ServletWebServerApplicationContext-Root WebApplicationContext: initialization completed in 1388 ms
2022-02-12 11:50:07.981 [main] INFO  org.reflections.Reflections-Reflections took 30 ms to scan 1 urls, producing 3 keys and 6 values 
2022-02-12 11:50:08.009 [main] INFO  org.reflections.Reflections-Reflections took 14 ms to scan 1 urls, producing 4 keys and 9 values 
2022-02-12 11:50:08.025 [main] INFO  org.reflections.Reflections-Reflections took 13 ms to scan 1 urls, producing 3 keys and 10 values 
2022-02-12 11:50:08.187 [main] INFO  org.reflections.Reflections-Reflections took 158 ms to scan 197 urls, producing 0 keys and 0 values 
2022-02-12 11:50:08.198 [main] INFO  org.reflections.Reflections-Reflections took 10 ms to scan 1 urls, producing 1 keys and 5 values 
2022-02-12 11:50:08.214 [main] INFO  org.reflections.Reflections-Reflections took 13 ms to scan 1 urls, producing 1 keys and 7 values 
2022-02-12 11:50:08.227 [main] INFO  org.reflections.Reflections-Reflections took 10 ms to scan 1 urls, producing 2 keys and 8 values 
2022-02-12 11:50:08.360 [main] INFO  org.reflections.Reflections-Reflections took 130 ms to scan 197 urls, producing 0 keys and 0 values 
2022-02-12 11:50:08.996 [main] INFO  com.netflix.config.sources.URLConfigurationSource-To enable URLs as dynamic configuration sources, define System property archaius.configurationSource.additionalUrls or make config.properties available on classpath.
2022-02-12 11:50:09.000 [main] INFO  com.netflix.config.sources.URLConfigurationSource-To enable URLs as dynamic configuration sources, define System property archaius.configurationSource.additionalUrls or make config.properties available on classpath.
2022-02-12 11:50:09.181 [main] INFO  org.springframework.scheduling.concurrent.ThreadPoolTaskExecutor-Initializing ExecutorService 'applicationTaskExecutor'
2022-02-12 11:50:09.371 [main] INFO  org.springframework.cloud.bootstrap.config.PropertySourceBootstrapConfiguration-Located property source: [BootstrapPropertySource {name='bootstrapProperties-service-upload.properties,DEFAULT_GROUP'}, BootstrapPropertySource {name='bootstrapProperties-service-upload,DEFAULT_GROUP'}]
2022-02-12 11:50:09.375 [main] INFO  com.novedu.nov.upload.UploadServiceApplication-No active profile set, falling back to default profiles: default
2022-02-12 11:50:09.383 [main] INFO  org.springframework.scheduling.concurrent.ThreadPoolTaskScheduler-Initializing ExecutorService 'Nacos-Watch-Task-Scheduler'
2022-02-12 11:50:09.911 [main] INFO  org.springframework.data.repository.config.RepositoryConfigurationDelegate-Multiple Spring Data modules found, entering strict repository configuration mode!
2022-02-12 11:50:09.913 [main] INFO  org.springframework.data.repository.config.RepositoryConfigurationDelegate-Bootstrapping Spring Data Redis repositories in DEFAULT mode.
2022-02-12 11:50:09.934 [main] INFO  org.springframework.data.repository.config.RepositoryConfigurationDelegate-Finished Spring Data repository scanning in 9ms. Found 0 Redis repository interfaces.
2022-02-12 11:50:10.112 [main] INFO  org.springframework.cloud.context.scope.GenericScope-BeanFactory id=a3ad7b65-4c94-3cc3-b7f2-0e026c80b4c9
2022-02-12 11:50:10.228 [main] INFO  org.apache.coyote.http11.Http11NioProtocol-Starting ProtocolHandler ["http-nio-8085"]
2022-02-12 11:50:10.242 [main] INFO  org.springframework.boot.web.embedded.tomcat.TomcatWebServer-Tomcat started on port(s): 8085 (http) with context path ''
2022-02-12 11:50:10.252 [main] INFO  com.alibaba.cloud.nacos.registry.NacosServiceRegistry-nacos registry, DEFAULT_GROUP service-ucenter 192.168.31.136:8085 register finished
2022-02-12 11:50:10.330 [main] INFO  com.novedu.nov.UCenterServiceApplication-Started UCenterServiceApplication in 6.821 seconds (JVM running for 7.56)
2022-02-12 11:50:10.507 [main] INFO  org.springframework.boot.web.embedded.tomcat.TomcatWebServer-Tomcat initialized with port(s): 8888 (http)
2022-02-12 11:50:10.515 [main] INFO  org.apache.coyote.http11.Http11NioProtocol-Initializing ProtocolHandler ["http-nio-8888"]
2022-02-12 11:50:10.516 [main] INFO  org.apache.catalina.core.StandardService-Starting service [Tomcat]
2022-02-12 11:50:10.516 [main] INFO  org.apache.catalina.core.StandardEngine-Starting Servlet engine: [Apache Tomcat/9.0.46]
2022-02-12 11:50:10.626 [main] INFO  org.apache.catalina.core.ContainerBase.[Tomcat].[localhost].[/]-Initializing Spring embedded WebApplicationContext
2022-02-12 11:50:10.626 [main] INFO  org.springframework.boot.web.servlet.context.ServletWebServerApplicationContext-Root WebApplicationContext: initialization completed in 1235 ms
2022-02-12 11:50:11.870 [main] INFO  com.netflix.config.sources.URLConfigurationSource-To enable URLs as dynamic configuration sources, define System property archaius.configurationSource.additionalUrls or make config.properties available on classpath.
2022-02-12 11:50:11.997 [main] INFO  com.netflix.config.sources.URLConfigurationSource-To enable URLs as dynamic configuration sources, define System property archaius.configurationSource.additionalUrls or make config.properties available on classpath.
2022-02-12 11:50:12.168 [main] INFO  org.springframework.scheduling.concurrent.ThreadPoolTaskExecutor-Initializing ExecutorService 'applicationTaskExecutor'
2022-02-12 11:50:12.375 [main] INFO  org.springframework.scheduling.concurrent.ThreadPoolTaskScheduler-Initializing ExecutorService 'Nacos-Watch-Task-Scheduler'
2022-02-12 11:50:13.189 [main] INFO  org.apache.coyote.http11.Http11NioProtocol-Starting ProtocolHandler ["http-nio-8888"]
2022-02-12 11:50:13.202 [main] INFO  org.springframework.boot.web.embedded.tomcat.TomcatWebServer-Tomcat started on port(s): 8888 (http) with context path ''
2022-02-12 11:50:13.212 [main] INFO  com.alibaba.cloud.nacos.registry.NacosServiceRegistry-nacos registry, DEFAULT_GROUP service-upload 192.168.31.136:8888 register finished
2022-02-12 11:50:13.288 [main] INFO  com.novedu.nov.upload.UploadServiceApplication-Started UploadServiceApplication in 6.454 seconds (JVM running for 7.183)
2022-02-12 11:50:30.019 [task-2] INFO  com.novedu.nov.statistics.task.MultiThreadScheduleTask----------------正在同步课程播放次数...
2022-02-12 11:50:30.019 [task-1] INFO  com.novedu.nov.statistics.task.MultiThreadScheduleTask----------------正在同步课程报名人数...
2022-02-12 11:50:30.019 [task-3] INFO  com.novedu.nov.statistics.task.MultiThreadScheduleTask----------------正在同步课程购买量...
2022-02-12 11:50:30.228 [task-2] INFO  com.netflix.config.ChainedDynamicProperty-Flipping property: service-edu.ribbon.ActiveConnectionsLimit to use NEXT property: niws.loadbalancer.availabilityFilteringRule.activeConnectionsLimit = 2147483647
2022-02-12 11:50:30.241 [task-2] INFO  com.netflix.loadbalancer.BaseLoadBalancer-Client: service-edu instantiated a LoadBalancer: DynamicServerListLoadBalancer:{NFLoadBalancer:name=service-edu,current list of Servers=[],Load balancer stats=Zone stats: {},Server stats: []}ServerList:null
2022-02-12 11:50:30.247 [task-2] INFO  com.netflix.loadbalancer.DynamicServerListLoadBalancer-Using serverListUpdater PollingServerListUpdater
2022-02-12 11:50:30.266 [task-2] INFO  com.netflix.config.ChainedDynamicProperty-Flipping property: service-edu.ribbon.ActiveConnectionsLimit to use NEXT property: niws.loadbalancer.availabilityFilteringRule.activeConnectionsLimit = 2147483647
2022-02-12 11:50:30.267 [task-2] INFO  com.netflix.loadbalancer.DynamicServerListLoadBalancer-DynamicServerListLoadBalancer for client service-edu initialized: DynamicServerListLoadBalancer:{NFLoadBalancer:name=service-edu,current list of Servers=[192.168.31.136:8081],Load balancer stats=Zone stats: {unknown=[Zone:unknown;	Instance count:1;	Active connections count: 0;	Circuit breaker tripped count: 0;	Active connections per server: 0.0;]
},Server stats: [[Server:192.168.31.136:8081;	Zone:UNKNOWN;	Total Requests:0;	Successive connection failure:0;	Total blackout seconds:0;	Last connection made:Thu Jan 01 08:00:00 CST 1970;	First connection made: Thu Jan 01 08:00:00 CST 1970;	Active Connections:0;	total failure count in last (1000) msecs:0;	average resp time:0.0;	90 percentile resp time:0.0;	95 percentile resp time:0.0;	min resp time:0.0;	max resp time:0.0;	stddev resp time:0.0]
]}ServerList:com.alibaba.cloud.nacos.ribbon.NacosServerList@56929e53
2022-02-12 11:50:30.400 [http-nio-8081-exec-2] INFO  org.apache.catalina.core.ContainerBase.[Tomcat].[localhost].[/]-Initializing Spring DispatcherServlet 'dispatcherServlet'
2022-02-12 11:50:30.401 [http-nio-8081-exec-2] INFO  org.springframework.web.servlet.DispatcherServlet-Initializing Servlet 'dispatcherServlet'
2022-02-12 11:50:30.407 [http-nio-8081-exec-2] INFO  org.springframework.web.servlet.DispatcherServlet-Completed initialization in 6 ms
2022-02-12 11:50:30.588 [task-3] INFO  com.novedu.nov.statistics.task.MultiThreadScheduleTask----------------课程购买量同步完成
2022-02-12 11:50:30.588 [task-1] INFO  com.novedu.nov.statistics.task.MultiThreadScheduleTask----------------课程报名人数同步完成
2022-02-12 11:50:31.251 [PollingServerListUpdater-0] INFO  com.netflix.config.ChainedDynamicProperty-Flipping property: service-edu.ribbon.ActiveConnectionsLimit to use NEXT property: niws.loadbalancer.availabilityFilteringRule.activeConnectionsLimit = 2147483647
2022-02-12 11:50:33.238 [task-2] INFO  com.novedu.nov.statistics.task.MultiThreadScheduleTask----------------课程播放次数同步完成
2022-02-12 11:51:00.001 [task-4] INFO  com.novedu.nov.statistics.task.MultiThreadScheduleTask----------------正在同步课程播放次数...
2022-02-12 11:51:00.001 [task-5] INFO  com.novedu.nov.statistics.task.MultiThreadScheduleTask----------------正在同步课程购买量...
2022-02-12 11:51:00.001 [task-6] INFO  com.novedu.nov.statistics.task.MultiThreadScheduleTask----------------正在同步课程报名人数...
2022-02-12 11:51:00.073 [task-6] INFO  com.novedu.nov.statistics.task.MultiThreadScheduleTask----------------课程报名人数同步完成
2022-02-12 11:51:00.090 [task-5] INFO  com.novedu.nov.statistics.task.MultiThreadScheduleTask----------------课程购买量同步完成
2022-02-12 11:51:02.315 [task-4] INFO  com.novedu.nov.statistics.task.MultiThreadScheduleTask----------------课程播放次数同步完成
2022-02-12 11:51:30.003 [task-7] INFO  com.novedu.nov.statistics.task.MultiThreadScheduleTask----------------正在同步课程播放次数...
2022-02-12 11:51:30.003 [task-3] INFO  com.novedu.nov.statistics.task.MultiThreadScheduleTask----------------正在同步课程报名人数...
2022-02-12 11:51:30.003 [task-8] INFO  com.novedu.nov.statistics.task.MultiThreadScheduleTask----------------正在同步课程购买量...
2022-02-12 11:51:30.073 [task-8] INFO  com.novedu.nov.statistics.task.MultiThreadScheduleTask----------------课程购买量同步完成
2022-02-12 11:51:30.089 [task-3] INFO  com.novedu.nov.statistics.task.MultiThreadScheduleTask----------------课程报名人数同步完成
2022-02-12 11:51:32.317 [task-7] INFO  com.novedu.nov.statistics.task.MultiThreadScheduleTask----------------课程播放次数同步完成
2022-02-12 11:52:00.003 [task-6] INFO  com.novedu.nov.statistics.task.MultiThreadScheduleTask----------------正在同步课程报名人数...
2022-02-12 11:52:00.003 [task-9] INFO  com.novedu.nov.statistics.task.MultiThreadScheduleTask----------------正在同步课程播放次数...
2022-02-12 11:52:00.003 [task-10] INFO  com.novedu.nov.statistics.task.MultiThreadScheduleTask----------------正在同步课程购买量...
2022-02-12 11:52:00.073 [task-10] INFO  com.novedu.nov.statistics.task.MultiThreadScheduleTask----------------课程购买量同步完成
2022-02-12 11:52:00.091 [task-6] INFO  com.novedu.nov.statistics.task.MultiThreadScheduleTask----------------课程报名人数同步完成
2022-02-12 11:52:02.302 [task-9] INFO  com.novedu.nov.statistics.task.MultiThreadScheduleTask----------------课程播放次数同步完成
2022-02-12 11:52:30.007 [task-11] INFO  com.novedu.nov.statistics.task.MultiThreadScheduleTask----------------正在同步课程播放次数...
2022-02-12 11:52:30.007 [task-8] INFO  com.novedu.nov.statistics.task.MultiThreadScheduleTask----------------正在同步课程报名人数...
2022-02-12 11:52:30.007 [task-12] INFO  com.novedu.nov.statistics.task.MultiThreadScheduleTask----------------正在同步课程购买量...
2022-02-12 11:52:30.076 [task-12] INFO  com.novedu.nov.statistics.task.MultiThreadScheduleTask----------------课程购买量同步完成
2022-02-12 11:52:30.088 [task-8] INFO  com.novedu.nov.statistics.task.MultiThreadScheduleTask----------------课程报名人数同步完成
2022-02-12 11:52:32.478 [task-11] INFO  com.novedu.nov.statistics.task.MultiThreadScheduleTask----------------课程播放次数同步完成
2022-02-12 11:53:00.016 [task-14] INFO  com.novedu.nov.statistics.task.MultiThreadScheduleTask----------------正在同步课程购买量...
2022-02-12 11:53:00.016 [task-10] INFO  com.novedu.nov.statistics.task.MultiThreadScheduleTask----------------正在同步课程报名人数...
2022-02-12 11:53:00.016 [task-13] INFO  com.novedu.nov.statistics.task.MultiThreadScheduleTask----------------正在同步课程播放次数...
2022-02-12 11:53:00.089 [task-14] INFO  com.novedu.nov.statistics.task.MultiThreadScheduleTask----------------课程购买量同步完成
2022-02-12 11:53:00.105 [task-10] INFO  com.novedu.nov.statistics.task.MultiThreadScheduleTask----------------课程报名人数同步完成
2022-02-12 11:53:02.331 [task-13] INFO  com.novedu.nov.statistics.task.MultiThreadScheduleTask----------------课程播放次数同步完成
2022-02-12 11:53:30.010 [task-15] INFO  com.novedu.nov.statistics.task.MultiThreadScheduleTask----------------正在同步课程播放次数...
2022-02-12 11:53:30.010 [task-12] INFO  com.novedu.nov.statistics.task.MultiThreadScheduleTask----------------正在同步课程报名人数...
2022-02-12 11:53:30.010 [task-16] INFO  com.novedu.nov.statistics.task.MultiThreadScheduleTask----------------正在同步课程购买量...
2022-02-12 11:53:30.090 [task-16] INFO  com.novedu.nov.statistics.task.MultiThreadScheduleTask----------------课程购买量同步完成
2022-02-12 11:53:30.098 [task-12] INFO  com.novedu.nov.statistics.task.MultiThreadScheduleTask----------------课程报名人数同步完成
2022-02-12 11:53:32.007 [task-15] INFO  com.novedu.nov.statistics.task.MultiThreadScheduleTask----------------课程播放次数同步完成
2022-02-12 11:54:00.013 [task-14] INFO  com.novedu.nov.statistics.task.MultiThreadScheduleTask----------------正在同步课程报名人数...
2022-02-12 11:54:00.013 [task-17] INFO  com.novedu.nov.statistics.task.MultiThreadScheduleTask----------------正在同步课程播放次数...
2022-02-12 11:54:00.013 [task-18] INFO  com.novedu.nov.statistics.task.MultiThreadScheduleTask----------------正在同步课程购买量...
2022-02-12 11:54:00.083 [task-14] INFO  com.novedu.nov.statistics.task.MultiThreadScheduleTask----------------课程报名人数同步完成
2022-02-12 11:54:00.094 [task-18] INFO  com.novedu.nov.statistics.task.MultiThreadScheduleTask----------------课程购买量同步完成
2022-02-12 11:54:02.481 [task-17] INFO  com.novedu.nov.statistics.task.MultiThreadScheduleTask----------------课程播放次数同步完成
2022-02-12 11:54:30.009 [task-16] INFO  com.novedu.nov.statistics.task.MultiThreadScheduleTask----------------正在同步课程报名人数...
2022-02-12 11:54:30.009 [task-19] INFO  com.novedu.nov.statistics.task.MultiThreadScheduleTask----------------正在同步课程播放次数...
2022-02-12 11:54:30.009 [task-20] INFO  com.novedu.nov.statistics.task.MultiThreadScheduleTask----------------正在同步课程购买量...
2022-02-12 11:54:30.089 [task-16] INFO  com.novedu.nov.statistics.task.MultiThreadScheduleTask----------------课程报名人数同步完成
2022-02-12 11:54:30.104 [task-20] INFO  com.novedu.nov.statistics.task.MultiThreadScheduleTask----------------课程购买量同步完成
2022-02-12 11:54:32.349 [task-19] INFO  com.novedu.nov.statistics.task.MultiThreadScheduleTask----------------课程播放次数同步完成
2022-02-12 11:55:00.009 [task-14] INFO  com.novedu.nov.statistics.task.MultiThreadScheduleTask----------------正在同步课程报名人数...
2022-02-12 11:55:00.009 [task-22] INFO  com.novedu.nov.statistics.task.MultiThreadScheduleTask----------------正在同步课程购买量...
2022-02-12 11:55:00.009 [task-21] INFO  com.novedu.nov.statistics.task.MultiThreadScheduleTask----------------正在同步课程播放次数...
2022-02-12 11:55:00.079 [task-22] INFO  com.novedu.nov.statistics.task.MultiThreadScheduleTask----------------课程购买量同步完成
2022-02-12 11:55:00.088 [task-14] INFO  com.novedu.nov.statistics.task.MultiThreadScheduleTask----------------课程报名人数同步完成
2022-02-12 11:55:02.477 [task-21] INFO  com.novedu.nov.statistics.task.MultiThreadScheduleTask----------------课程播放次数同步完成
2022-02-12 11:55:30.009 [task-23] INFO  com.novedu.nov.statistics.task.MultiThreadScheduleTask----------------正在同步课程播放次数...
2022-02-12 11:55:30.009 [task-16] INFO  com.novedu.nov.statistics.task.MultiThreadScheduleTask----------------正在同步课程报名人数...
2022-02-12 11:55:30.009 [task-24] INFO  com.novedu.nov.statistics.task.MultiThreadScheduleTask----------------正在同步课程购买量...
2022-02-12 11:55:30.079 [task-16] INFO  com.novedu.nov.statistics.task.MultiThreadScheduleTask----------------课程报名人数同步完成
2022-02-12 11:55:30.088 [task-24] INFO  com.novedu.nov.statistics.task.MultiThreadScheduleTask----------------课程购买量同步完成
2022-02-12 11:55:32.476 [task-23] INFO  com.novedu.nov.statistics.task.MultiThreadScheduleTask----------------课程播放次数同步完成
2022-02-12 11:56:00.006 [task-22] INFO  com.novedu.nov.statistics.task.MultiThreadScheduleTask----------------正在同步课程报名人数...
2022-02-12 11:56:00.006 [task-26] INFO  com.novedu.nov.statistics.task.MultiThreadScheduleTask----------------正在同步课程购买量...
2022-02-12 11:56:00.006 [task-25] INFO  com.novedu.nov.statistics.task.MultiThreadScheduleTask----------------正在同步课程播放次数...
2022-02-12 11:56:00.076 [task-22] INFO  com.novedu.nov.statistics.task.MultiThreadScheduleTask----------------课程报名人数同步完成
2022-02-12 11:56:00.104 [task-26] INFO  com.novedu.nov.statistics.task.MultiThreadScheduleTask----------------课程购买量同步完成
2022-02-12 11:56:02.427 [task-25] INFO  com.novedu.nov.statistics.task.MultiThreadScheduleTask----------------课程播放次数同步完成
2022-02-12 11:56:30.010 [task-16] INFO  com.novedu.nov.statistics.task.MultiThreadScheduleTask----------------正在同步课程报名人数...
2022-02-12 11:56:30.010 [task-27] INFO  com.novedu.nov.statistics.task.MultiThreadScheduleTask----------------正在同步课程播放次数...
2022-02-12 11:56:30.011 [task-28] INFO  com.novedu.nov.statistics.task.MultiThreadScheduleTask----------------正在同步课程购买量...
2022-02-12 11:56:30.092 [task-16] INFO  com.novedu.nov.statistics.task.MultiThreadScheduleTask----------------课程报名人数同步完成
2022-02-12 11:56:30.129 [task-28] INFO  com.novedu.nov.statistics.task.MultiThreadScheduleTask----------------课程购买量同步完成
2022-02-12 11:56:32.514 [task-27] INFO  com.novedu.nov.statistics.task.MultiThreadScheduleTask----------------课程播放次数同步完成
2022-02-12 11:57:00.013 [task-29] INFO  com.novedu.nov.statistics.task.MultiThreadScheduleTask----------------正在同步课程播放次数...
2022-02-12 11:57:00.013 [task-22] INFO  com.novedu.nov.statistics.task.MultiThreadScheduleTask----------------正在同步课程报名人数...
2022-02-12 11:57:00.013 [task-30] INFO  com.novedu.nov.statistics.task.MultiThreadScheduleTask----------------正在同步课程购买量...
2022-02-12 11:57:00.096 [task-30] INFO  com.novedu.nov.statistics.task.MultiThreadScheduleTask----------------课程购买量同步完成
2022-02-12 11:57:00.099 [task-22] INFO  com.novedu.nov.statistics.task.MultiThreadScheduleTask----------------课程报名人数同步完成
2022-02-12 11:57:01.986 [task-29] INFO  com.novedu.nov.statistics.task.MultiThreadScheduleTask----------------课程播放次数同步完成
2022-02-12 11:57:30.007 [task-16] INFO  com.novedu.nov.statistics.task.MultiThreadScheduleTask----------------正在同步课程报名人数...
2022-02-12 11:57:30.007 [task-32] INFO  com.novedu.nov.statistics.task.MultiThreadScheduleTask----------------正在同步课程购买量...
2022-02-12 11:57:30.007 [task-31] INFO  com.novedu.nov.statistics.task.MultiThreadScheduleTask----------------正在同步课程播放次数...
2022-02-12 11:57:30.078 [task-32] INFO  com.novedu.nov.statistics.task.MultiThreadScheduleTask----------------课程购买量同步完成
2022-02-12 11:57:30.093 [task-16] INFO  com.novedu.nov.statistics.task.MultiThreadScheduleTask----------------课程报名人数同步完成
2022-02-12 11:57:32.300 [task-31] INFO  com.novedu.nov.statistics.task.MultiThreadScheduleTask----------------课程播放次数同步完成
2022-02-12 11:58:00.014 [task-33] INFO  com.novedu.nov.statistics.task.MultiThreadScheduleTask----------------正在同步课程播放次数...
2022-02-12 11:58:00.014 [task-34] INFO  com.novedu.nov.statistics.task.MultiThreadScheduleTask----------------正在同步课程购买量...
2022-02-12 11:58:00.014 [task-30] INFO  com.novedu.nov.statistics.task.MultiThreadScheduleTask----------------正在同步课程报名人数...
2022-02-12 11:58:00.084 [task-30] INFO  com.novedu.nov.statistics.task.MultiThreadScheduleTask----------------课程报名人数同步完成
2022-02-12 11:58:00.095 [task-34] INFO  com.novedu.nov.statistics.task.MultiThreadScheduleTask----------------课程购买量同步完成
2022-02-12 11:58:02.486 [task-33] INFO  com.novedu.nov.statistics.task.MultiThreadScheduleTask----------------课程播放次数同步完成
2022-02-12 11:58:30.010 [task-32] INFO  com.novedu.nov.statistics.task.MultiThreadScheduleTask----------------正在同步课程播放次数...
2022-02-12 11:58:30.010 [task-35] INFO  com.novedu.nov.statistics.task.MultiThreadScheduleTask----------------正在同步课程购买量...
2022-02-12 11:58:30.010 [task-36] INFO  com.novedu.nov.statistics.task.MultiThreadScheduleTask----------------正在同步课程报名人数...
2022-02-12 11:58:30.080 [task-36] INFO  com.novedu.nov.statistics.task.MultiThreadScheduleTask----------------课程报名人数同步完成
2022-02-12 11:58:30.096 [task-35] INFO  com.novedu.nov.statistics.task.MultiThreadScheduleTask----------------课程购买量同步完成
2022-02-12 11:58:32.294 [task-32] INFO  com.novedu.nov.statistics.task.MultiThreadScheduleTask----------------课程播放次数同步完成
2022-02-12 11:59:00.003 [task-37] INFO  com.novedu.nov.statistics.task.MultiThreadScheduleTask----------------正在同步课程购买量...
2022-02-12 11:59:00.003 [task-30] INFO  com.novedu.nov.statistics.task.MultiThreadScheduleTask----------------正在同步课程播放次数...
2022-02-12 11:59:00.003 [task-38] INFO  com.novedu.nov.statistics.task.MultiThreadScheduleTask----------------正在同步课程报名人数...
2022-02-12 11:59:00.075 [task-37] INFO  com.novedu.nov.statistics.task.MultiThreadScheduleTask----------------课程购买量同步完成
2022-02-12 11:59:00.089 [task-38] INFO  com.novedu.nov.statistics.task.MultiThreadScheduleTask----------------课程报名人数同步完成
2022-02-12 11:59:02.311 [task-30] INFO  com.novedu.nov.statistics.task.MultiThreadScheduleTask----------------课程播放次数同步完成
2022-02-12 11:59:30.007 [task-36] INFO  com.novedu.nov.statistics.task.MultiThreadScheduleTask----------------正在同步课程播放次数...
2022-02-12 11:59:30.007 [task-39] INFO  com.novedu.nov.statistics.task.MultiThreadScheduleTask----------------正在同步课程购买量...
2022-02-12 11:59:30.007 [task-40] INFO  com.novedu.nov.statistics.task.MultiThreadScheduleTask----------------正在同步课程报名人数...
2022-02-12 11:59:30.078 [task-40] INFO  com.novedu.nov.statistics.task.MultiThreadScheduleTask----------------课程报名人数同步完成
2022-02-12 11:59:30.087 [task-39] INFO  com.novedu.nov.statistics.task.MultiThreadScheduleTask----------------课程购买量同步完成
2022-02-12 11:59:32.487 [task-36] INFO  com.novedu.nov.statistics.task.MultiThreadScheduleTask----------------课程播放次数同步完成
2022-02-12 12:00:00.011 [task-41] INFO  com.novedu.nov.statistics.task.MultiThreadScheduleTask----------------正在同步课程购买量...
2022-02-12 12:00:00.011 [task-37] INFO  com.novedu.nov.statistics.task.MultiThreadScheduleTask----------------正在同步课程播放次数...
2022-02-12 12:00:00.011 [task-42] INFO  com.novedu.nov.statistics.task.MultiThreadScheduleTask----------------正在同步课程报名人数...
2022-02-12 12:00:00.081 [task-42] INFO  com.novedu.nov.statistics.task.MultiThreadScheduleTask----------------课程报名人数同步完成
2022-02-12 12:00:00.096 [task-41] INFO  com.novedu.nov.statistics.task.MultiThreadScheduleTask----------------课程购买量同步完成
2022-02-12 12:00:02.312 [task-37] INFO  com.novedu.nov.statistics.task.MultiThreadScheduleTask----------------课程播放次数同步完成
2022-02-12 12:00:30.007 [task-43] INFO  com.novedu.nov.statistics.task.MultiThreadScheduleTask----------------正在同步课程购买量...
2022-02-12 12:00:30.007 [task-40] INFO  com.novedu.nov.statistics.task.MultiThreadScheduleTask----------------正在同步课程播放次数...
2022-02-12 12:00:30.007 [task-44] INFO  com.novedu.nov.statistics.task.MultiThreadScheduleTask----------------正在同步课程报名人数...
2022-02-12 12:00:30.087 [task-44] INFO  com.novedu.nov.statistics.task.MultiThreadScheduleTask----------------课程报名人数同步完成
2022-02-12 12:00:30.092 [task-43] INFO  com.novedu.nov.statistics.task.MultiThreadScheduleTask----------------课程购买量同步完成
2022-02-12 12:00:32.060 [task-40] INFO  com.novedu.nov.statistics.task.MultiThreadScheduleTask----------------课程播放次数同步完成
2022-02-12 12:01:00.007 [task-42] INFO  com.novedu.nov.statistics.task.MultiThreadScheduleTask----------------正在同步课程播放次数...
2022-02-12 12:01:00.007 [task-46] INFO  com.novedu.nov.statistics.task.MultiThreadScheduleTask----------------正在同步课程报名人数...
2022-02-12 12:01:00.007 [task-45] INFO  com.novedu.nov.statistics.task.MultiThreadScheduleTask----------------正在同步课程购买量...
2022-02-12 12:01:00.094 [task-45] INFO  com.novedu.nov.statistics.task.MultiThreadScheduleTask----------------课程购买量同步完成
2022-02-12 12:01:00.117 [task-46] INFO  com.novedu.nov.statistics.task.MultiThreadScheduleTask----------------课程报名人数同步完成
2022-02-12 12:01:02.542 [task-42] INFO  com.novedu.nov.statistics.task.MultiThreadScheduleTask----------------课程播放次数同步完成
2022-02-12 12:01:30.015 [task-47] INFO  com.novedu.nov.statistics.task.MultiThreadScheduleTask----------------正在同步课程购买量...
2022-02-12 12:01:30.015 [task-44] INFO  com.novedu.nov.statistics.task.MultiThreadScheduleTask----------------正在同步课程播放次数...
2022-02-12 12:01:30.015 [task-48] INFO  com.novedu.nov.statistics.task.MultiThreadScheduleTask----------------正在同步课程报名人数...
2022-02-12 12:01:30.085 [task-48] INFO  com.novedu.nov.statistics.task.MultiThreadScheduleTask----------------课程报名人数同步完成
2022-02-12 12:01:30.100 [task-47] INFO  com.novedu.nov.statistics.task.MultiThreadScheduleTask----------------课程购买量同步完成
2022-02-12 12:01:32.299 [task-44] INFO  com.novedu.nov.statistics.task.MultiThreadScheduleTask----------------课程播放次数同步完成
2022-02-12 12:02:00.009 [task-45] INFO  com.novedu.nov.statistics.task.MultiThreadScheduleTask----------------正在同步课程播放次数...
2022-02-12 12:02:00.009 [task-49] INFO  com.novedu.nov.statistics.task.MultiThreadScheduleTask----------------正在同步课程购买量...
2022-02-12 12:02:00.009 [task-50] INFO  com.novedu.nov.statistics.task.MultiThreadScheduleTask----------------正在同步课程报名人数...
2022-02-12 12:02:00.091 [task-49] INFO  com.novedu.nov.statistics.task.MultiThreadScheduleTask----------------课程购买量同步完成
2022-02-12 12:02:00.094 [task-50] INFO  com.novedu.nov.statistics.task.MultiThreadScheduleTask----------------课程报名人数同步完成
2022-02-12 12:02:01.981 [task-45] INFO  com.novedu.nov.statistics.task.MultiThreadScheduleTask----------------课程播放次数同步完成
2022-02-12 12:02:30.008 [task-52] INFO  com.novedu.nov.statistics.task.MultiThreadScheduleTask----------------正在同步课程报名人数...
2022-02-12 12:02:30.008 [task-51] INFO  com.novedu.nov.statistics.task.MultiThreadScheduleTask----------------正在同步课程购买量...
2022-02-12 12:02:30.008 [task-48] INFO  com.novedu.nov.statistics.task.MultiThreadScheduleTask----------------正在同步课程播放次数...
2022-02-12 12:02:30.088 [task-52] INFO  com.novedu.nov.statistics.task.MultiThreadScheduleTask----------------课程报名人数同步完成
2022-02-12 12:02:30.093 [task-51] INFO  com.novedu.nov.statistics.task.MultiThreadScheduleTask----------------课程购买量同步完成
2022-02-12 12:02:31.998 [task-48] INFO  com.novedu.nov.statistics.task.MultiThreadScheduleTask----------------课程播放次数同步完成
2022-02-12 12:03:00.007 [task-53] INFO  com.novedu.nov.statistics.task.MultiThreadScheduleTask----------------正在同步课程购买量...
2022-02-12 12:03:00.007 [task-49] INFO  com.novedu.nov.statistics.task.MultiThreadScheduleTask----------------正在同步课程播放次数...
2022-02-12 12:03:00.007 [task-54] INFO  com.novedu.nov.statistics.task.MultiThreadScheduleTask----------------正在同步课程报名人数...
2022-02-12 12:03:00.082 [task-54] INFO  com.novedu.nov.statistics.task.MultiThreadScheduleTask----------------课程报名人数同步完成
2022-02-12 12:03:00.093 [task-53] INFO  com.novedu.nov.statistics.task.MultiThreadScheduleTask----------------课程购买量同步完成
2022-02-12 12:03:02.355 [task-49] INFO  com.novedu.nov.statistics.task.MultiThreadScheduleTask----------------课程播放次数同步完成
2022-02-12 12:03:30.008 [task-52] INFO  com.novedu.nov.statistics.task.MultiThreadScheduleTask----------------正在同步课程播放次数...
2022-02-12 12:03:30.008 [task-55] INFO  com.novedu.nov.statistics.task.MultiThreadScheduleTask----------------正在同步课程购买量...
2022-02-12 12:03:30.008 [task-56] INFO  com.novedu.nov.statistics.task.MultiThreadScheduleTask----------------正在同步课程报名人数...
2022-02-12 12:03:30.088 [task-56] INFO  com.novedu.nov.statistics.task.MultiThreadScheduleTask----------------课程报名人数同步完成
2022-02-12 12:03:30.093 [task-55] INFO  com.novedu.nov.statistics.task.MultiThreadScheduleTask----------------课程购买量同步完成
2022-02-12 12:03:31.975 [task-52] INFO  com.novedu.nov.statistics.task.MultiThreadScheduleTask----------------课程播放次数同步完成
2022-02-12 12:04:00.014 [task-57] INFO  com.novedu.nov.statistics.task.MultiThreadScheduleTask----------------正在同步课程购买量...
2022-02-12 12:04:00.014 [task-54] INFO  com.novedu.nov.statistics.task.MultiThreadScheduleTask----------------正在同步课程播放次数...
2022-02-12 12:04:00.014 [task-58] INFO  com.novedu.nov.statistics.task.MultiThreadScheduleTask----------------正在同步课程报名人数...
2022-02-12 12:04:00.084 [task-57] INFO  com.novedu.nov.statistics.task.MultiThreadScheduleTask----------------课程购买量同步完成
2022-02-12 12:04:00.099 [task-58] INFO  com.novedu.nov.statistics.task.MultiThreadScheduleTask----------------课程报名人数同步完成
2022-02-12 12:04:02.318 [task-54] INFO  com.novedu.nov.statistics.task.MultiThreadScheduleTask----------------课程播放次数同步完成
2022-02-12 12:04:30.012 [task-59] INFO  com.novedu.nov.statistics.task.MultiThreadScheduleTask----------------正在同步课程购买量...
2022-02-12 12:04:30.012 [task-56] INFO  com.novedu.nov.statistics.task.MultiThreadScheduleTask----------------正在同步课程播放次数...
2022-02-12 12:04:30.012 [task-60] INFO  com.novedu.nov.statistics.task.MultiThreadScheduleTask----------------正在同步课程报名人数...
2022-02-12 12:04:30.092 [task-59] INFO  com.novedu.nov.statistics.task.MultiThreadScheduleTask----------------课程购买量同步完成
2022-02-12 12:04:30.097 [task-60] INFO  com.novedu.nov.statistics.task.MultiThreadScheduleTask----------------课程报名人数同步完成
2022-02-12 12:04:32.036 [task-56] INFO  com.novedu.nov.statistics.task.MultiThreadScheduleTask----------------课程播放次数同步完成
2022-02-12 12:05:00.014 [task-61] INFO  com.novedu.nov.statistics.task.MultiThreadScheduleTask----------------正在同步课程购买量...
2022-02-12 12:05:00.014 [task-57] INFO  com.novedu.nov.statistics.task.MultiThreadScheduleTask----------------正在同步课程播放次数...
2022-02-12 12:05:00.014 [task-62] INFO  com.novedu.nov.statistics.task.MultiThreadScheduleTask----------------正在同步课程报名人数...
2022-02-12 12:05:00.096 [task-61] INFO  com.novedu.nov.statistics.task.MultiThreadScheduleTask----------------课程购买量同步完成
2022-02-12 12:05:00.100 [task-62] INFO  com.novedu.nov.statistics.task.MultiThreadScheduleTask----------------课程报名人数同步完成
2022-02-12 12:05:01.999 [task-57] INFO  com.novedu.nov.statistics.task.MultiThreadScheduleTask----------------课程播放次数同步完成
2022-02-12 12:05:02.638 [SpringContextShutdownHook] INFO  org.springframework.scheduling.concurrent.ThreadPoolTaskScheduler-Shutting down ExecutorService 'Nacos-Watch-Task-Scheduler'
2022-02-12 12:05:02.642 [SpringContextShutdownHook] INFO  com.alibaba.cloud.nacos.registry.NacosServiceRegistry-De-registering from Nacos Server now...
2022-02-12 12:05:02.644 [SpringContextShutdownHook] INFO  com.alibaba.cloud.nacos.registry.NacosServiceRegistry-De-registration finished.
2022-02-12 12:05:02.974 [SpringContextShutdownHook] INFO  org.springframework.scheduling.concurrent.ThreadPoolTaskExecutor-Shutting down ExecutorService 'applicationTaskExecutor'
2022-02-12 12:05:07.624 [background-preinit] INFO  org.hibernate.validator.internal.util.Version-HV000001: Hibernate Validator 6.1.7.Final
2022-02-12 12:05:08.182 [main] INFO  org.reflections.Reflections-Reflections took 28 ms to scan 1 urls, producing 3 keys and 6 values 
2022-02-12 12:05:08.209 [main] INFO  org.reflections.Reflections-Reflections took 14 ms to scan 1 urls, producing 4 keys and 9 values 
2022-02-12 12:05:08.223 [main] INFO  org.reflections.Reflections-Reflections took 12 ms to scan 1 urls, producing 3 keys and 10 values 
2022-02-12 12:05:08.384 [main] INFO  org.reflections.Reflections-Reflections took 157 ms to scan 197 urls, producing 0 keys and 0 values 
2022-02-12 12:05:08.394 [main] INFO  org.reflections.Reflections-Reflections took 9 ms to scan 1 urls, producing 1 keys and 5 values 
2022-02-12 12:05:08.407 [main] INFO  org.reflections.Reflections-Reflections took 11 ms to scan 1 urls, producing 1 keys and 7 values 
2022-02-12 12:05:08.421 [main] INFO  org.reflections.Reflections-Reflections took 12 ms to scan 1 urls, producing 2 keys and 8 values 
2022-02-12 12:05:08.552 [main] INFO  org.reflections.Reflections-Reflections took 128 ms to scan 197 urls, producing 0 keys and 0 values 
2022-02-12 12:05:09.156 [SpringContextShutdownHook] INFO  org.springframework.scheduling.concurrent.ThreadPoolTaskScheduler-Shutting down ExecutorService 'Nacos-Watch-Task-Scheduler'
2022-02-12 12:05:09.160 [SpringContextShutdownHook] INFO  com.alibaba.cloud.nacos.registry.NacosServiceRegistry-De-registering from Nacos Server now...
2022-02-12 12:05:09.161 [SpringContextShutdownHook] INFO  com.alibaba.cloud.nacos.registry.NacosServiceRegistry-De-registration finished.
2022-02-12 12:05:09.474 [main] INFO  org.springframework.cloud.bootstrap.config.PropertySourceBootstrapConfiguration-Located property source: [BootstrapPropertySource {name='bootstrapProperties-service-edu-dev.properties,DEFAULT_GROUP'}, BootstrapPropertySource {name='bootstrapProperties-service-edu.properties,DEFAULT_GROUP'}, BootstrapPropertySource {name='bootstrapProperties-service-edu,DEFAULT_GROUP'}]
2022-02-12 12:05:09.477 [main] INFO  com.novedu.nov.EduServiceApplication-The following profiles are active: dev
2022-02-12 12:05:09.492 [SpringContextShutdownHook] INFO  org.springframework.scheduling.concurrent.ThreadPoolTaskExecutor-Shutting down ExecutorService 'applicationTaskExecutor'
2022-02-12 12:05:10.131 [main] INFO  org.springframework.data.repository.config.RepositoryConfigurationDelegate-Multiple Spring Data modules found, entering strict repository configuration mode!
2022-02-12 12:05:10.133 [main] INFO  org.springframework.data.repository.config.RepositoryConfigurationDelegate-Bootstrapping Spring Data Redis repositories in DEFAULT mode.
2022-02-12 12:05:10.164 [main] INFO  org.springframework.data.repository.config.RepositoryConfigurationDelegate-Finished Spring Data repository scanning in 20ms. Found 0 Redis repository interfaces.
2022-02-12 12:05:10.382 [main] INFO  org.springframework.cloud.context.scope.GenericScope-BeanFactory id=5067d7e8-92d3-39ad-8a8d-d658936fb445
2022-02-12 12:05:10.892 [main] INFO  org.springframework.boot.web.embedded.tomcat.TomcatWebServer-Tomcat initialized with port(s): 8081 (http)
2022-02-12 12:05:10.900 [main] INFO  org.apache.coyote.http11.Http11NioProtocol-Initializing ProtocolHandler ["http-nio-8081"]
2022-02-12 12:05:10.901 [main] INFO  org.apache.catalina.core.StandardService-Starting service [Tomcat]
2022-02-12 12:05:10.901 [main] INFO  org.apache.catalina.core.StandardEngine-Starting Servlet engine: [Apache Tomcat/9.0.46]
2022-02-12 12:05:11.013 [main] INFO  org.apache.catalina.core.ContainerBase.[Tomcat].[localhost].[/]-Initializing Spring embedded WebApplicationContext
2022-02-12 12:05:11.013 [main] INFO  org.springframework.boot.web.servlet.context.ServletWebServerApplicationContext-Root WebApplicationContext: initialization completed in 1515 ms
2022-02-12 12:05:12.177 [main] INFO  org.springframework.cloud.openfeign.FeignClientFactoryBean-For 'service-order' URL not provided. Will try picking an instance via load-balancing.
2022-02-12 12:05:13.416 [main] INFO  springfox.documentation.spring.web.PropertySourcedRequestMappingHandlerMapping-Mapped URL path [/v2/api-docs] onto method [springfox.documentation.swagger2.web.Swagger2Controller#getDocumentation(String, HttpServletRequest)]
2022-02-12 12:05:13.432 [main] INFO  com.netflix.config.sources.URLConfigurationSource-To enable URLs as dynamic configuration sources, define System property archaius.configurationSource.additionalUrls or make config.properties available on classpath.
2022-02-12 12:05:13.438 [main] INFO  com.netflix.config.sources.URLConfigurationSource-To enable URLs as dynamic configuration sources, define System property archaius.configurationSource.additionalUrls or make config.properties available on classpath.
2022-02-12 12:05:13.567 [main] INFO  org.springframework.scheduling.concurrent.ThreadPoolTaskExecutor-Initializing ExecutorService 'applicationTaskExecutor'
2022-02-12 12:05:13.743 [main] INFO  org.springframework.scheduling.concurrent.ThreadPoolTaskScheduler-Initializing ExecutorService 'Nacos-Watch-Task-Scheduler'
2022-02-12 12:05:14.051 [background-preinit] INFO  org.hibernate.validator.internal.util.Version-HV000001: Hibernate Validator 6.1.7.Final
2022-02-12 12:05:14.311 [main] INFO  org.apache.coyote.http11.Http11NioProtocol-Starting ProtocolHandler ["http-nio-8081"]
2022-02-12 12:05:14.324 [main] INFO  org.springframework.boot.web.embedded.tomcat.TomcatWebServer-Tomcat started on port(s): 8081 (http) with context path ''
2022-02-12 12:05:14.334 [main] INFO  com.alibaba.cloud.nacos.registry.NacosServiceRegistry-nacos registry, DEFAULT_GROUP service-edu 192.168.31.136:8081 register finished
2022-02-12 12:05:14.414 [main] INFO  springfox.documentation.spring.web.plugins.DocumentationPluginsBootstrapper-Context refreshed
2022-02-12 12:05:14.426 [main] INFO  springfox.documentation.spring.web.plugins.DocumentationPluginsBootstrapper-Found 1 custom documentation plugin(s)
2022-02-12 12:05:14.455 [main] INFO  springfox.documentation.spring.web.scanners.ApiListingReferenceScanner-Scanning for api listing references
2022-02-12 12:05:14.604 [main] INFO  springfox.documentation.spring.web.readers.operation.CachingOperationNameGenerator-Generating unique operation named: queryCommentPageUsingPOST_1
2022-02-12 12:05:14.624 [main] INFO  org.reflections.Reflections-Reflections took 29 ms to scan 1 urls, producing 3 keys and 6 values 
2022-02-12 12:05:14.637 [main] INFO  springfox.documentation.spring.web.readers.operation.CachingOperationNameGenerator-Generating unique operation named: queryCourseByTeacherIdUsingPOST_1
2022-02-12 12:05:14.652 [main] INFO  org.reflections.Reflections-Reflections took 14 ms to scan 1 urls, producing 4 keys and 9 values 
2022-02-12 12:05:14.653 [main] INFO  springfox.documentation.spring.web.readers.operation.CachingOperationNameGenerator-Generating unique operation named: saveCourseUsingPOST_1
2022-02-12 12:05:14.666 [main] INFO  org.reflections.Reflections-Reflections took 12 ms to scan 1 urls, producing 3 keys and 10 values 
2022-02-12 12:05:14.683 [main] INFO  springfox.documentation.spring.web.readers.operation.CachingOperationNameGenerator-Generating unique operation named: saveCourseUsingPOST_2
2022-02-12 12:05:14.706 [main] INFO  com.novedu.nov.EduServiceApplication-Started EduServiceApplication in 7.557 seconds (JVM running for 8.214)
2022-02-12 12:05:14.822 [main] INFO  org.reflections.Reflections-Reflections took 152 ms to scan 197 urls, producing 0 keys and 0 values 
2022-02-12 12:05:14.832 [main] INFO  org.reflections.Reflections-Reflections took 10 ms to scan 1 urls, producing 1 keys and 5 values 
2022-02-12 12:05:14.846 [main] INFO  org.reflections.Reflections-Reflections took 12 ms to scan 1 urls, producing 1 keys and 7 values 
2022-02-12 12:05:14.861 [main] INFO  org.reflections.Reflections-Reflections took 12 ms to scan 1 urls, producing 2 keys and 8 values 
2022-02-12 12:05:14.990 [main] INFO  org.reflections.Reflections-Reflections took 127 ms to scan 197 urls, producing 0 keys and 0 values 
2022-02-12 12:05:15.903 [main] INFO  org.springframework.cloud.bootstrap.config.PropertySourceBootstrapConfiguration-Located property source: [BootstrapPropertySource {name='bootstrapProperties-service-order-dev.properties,DEFAULT_GROUP'}, BootstrapPropertySource {name='bootstrapProperties-service-order.properties,DEFAULT_GROUP'}, BootstrapPropertySource {name='bootstrapProperties-service-order,DEFAULT_GROUP'}]
2022-02-12 12:05:15.906 [main] INFO  com.novedu.nov.order.OrderServiceApplication-The following profiles are active: dev
2022-02-12 12:05:16.495 [main] INFO  org.springframework.data.repository.config.RepositoryConfigurationDelegate-Multiple Spring Data modules found, entering strict repository configuration mode!
2022-02-12 12:05:16.497 [main] INFO  org.springframework.data.repository.config.RepositoryConfigurationDelegate-Bootstrapping Spring Data Redis repositories in DEFAULT mode.
2022-02-12 12:05:16.519 [main] INFO  org.springframework.data.repository.config.RepositoryConfigurationDelegate-Finished Spring Data repository scanning in 11ms. Found 0 Redis repository interfaces.
2022-02-12 12:05:16.694 [main] INFO  org.springframework.cloud.context.scope.GenericScope-BeanFactory id=b4613ab7-10cb-3196-92ad-10c7b5250c80
2022-02-12 12:05:17.095 [main] INFO  org.springframework.boot.web.embedded.tomcat.TomcatWebServer-Tomcat initialized with port(s): 8086 (http)
2022-02-12 12:05:17.102 [main] INFO  org.apache.coyote.http11.Http11NioProtocol-Initializing ProtocolHandler ["http-nio-8086"]
2022-02-12 12:05:17.103 [main] INFO  org.apache.catalina.core.StandardService-Starting service [Tomcat]
2022-02-12 12:05:17.103 [main] INFO  org.apache.catalina.core.StandardEngine-Starting Servlet engine: [Apache Tomcat/9.0.46]
2022-02-12 12:05:17.204 [main] INFO  org.apache.catalina.core.ContainerBase.[Tomcat].[localhost].[/]-Initializing Spring embedded WebApplicationContext
2022-02-12 12:05:17.204 [main] INFO  org.springframework.boot.web.servlet.context.ServletWebServerApplicationContext-Root WebApplicationContext: initialization completed in 1280 ms
2022-02-12 12:05:17.404 [main] INFO  org.springframework.cloud.openfeign.FeignClientFactoryBean-For 'service-edu' URL not provided. Will try picking an instance via load-balancing.
2022-02-12 12:05:17.792 [main] INFO  org.springframework.cloud.openfeign.FeignClientFactoryBean-For 'service-ucenter' URL not provided. Will try picking an instance via load-balancing.
2022-02-12 12:05:18.373 [Thread-39] INFO  com.netflix.loadbalancer.PollingServerListUpdater-Shutting down the Executor Pool for PollingServerListUpdater
2022-02-12 12:05:18.435 [SpringContextShutdownHook] INFO  org.springframework.scheduling.concurrent.ThreadPoolTaskScheduler-Shutting down ExecutorService 'Nacos-Watch-Task-Scheduler'
2022-02-12 12:05:18.438 [SpringContextShutdownHook] INFO  org.springframework.scheduling.concurrent.ThreadPoolTaskScheduler-Shutting down ExecutorService 'taskScheduler'
2022-02-12 12:05:18.455 [SpringContextShutdownHook] INFO  com.alibaba.cloud.nacos.registry.NacosServiceRegistry-De-registering from Nacos Server now...
2022-02-12 12:05:18.457 [SpringContextShutdownHook] INFO  com.alibaba.cloud.nacos.registry.NacosServiceRegistry-De-registration finished.
2022-02-12 12:05:18.787 [SpringContextShutdownHook] INFO  org.springframework.scheduling.concurrent.ThreadPoolTaskExecutor-Shutting down ExecutorService 'applicationTaskExecutor'
2022-02-12 12:05:20.339 [main] INFO  springfox.documentation.spring.web.PropertySourcedRequestMappingHandlerMapping-Mapped URL path [/v2/api-docs] onto method [springfox.documentation.swagger2.web.Swagger2Controller#getDocumentation(String, HttpServletRequest)]
2022-02-12 12:05:20.350 [main] INFO  com.netflix.config.sources.URLConfigurationSource-To enable URLs as dynamic configuration sources, define System property archaius.configurationSource.additionalUrls or make config.properties available on classpath.
2022-02-12 12:05:20.354 [main] INFO  com.netflix.config.sources.URLConfigurationSource-To enable URLs as dynamic configuration sources, define System property archaius.configurationSource.additionalUrls or make config.properties available on classpath.
2022-02-12 12:05:20.480 [main] INFO  org.springframework.scheduling.concurrent.ThreadPoolTaskExecutor-Initializing ExecutorService 'applicationTaskExecutor'
2022-02-12 12:05:20.646 [main] INFO  org.springframework.scheduling.concurrent.ThreadPoolTaskScheduler-Initializing ExecutorService 'Nacos-Watch-Task-Scheduler'
2022-02-12 12:05:21.171 [main] INFO  org.apache.coyote.http11.Http11NioProtocol-Starting ProtocolHandler ["http-nio-8086"]
2022-02-12 12:05:21.184 [main] INFO  org.springframework.boot.web.embedded.tomcat.TomcatWebServer-Tomcat started on port(s): 8086 (http) with context path ''
2022-02-12 12:05:21.193 [main] INFO  com.alibaba.cloud.nacos.registry.NacosServiceRegistry-nacos registry, DEFAULT_GROUP service-order 192.168.31.136:8086 register finished
2022-02-12 12:05:21.261 [main] INFO  springfox.documentation.spring.web.plugins.DocumentationPluginsBootstrapper-Context refreshed
2022-02-12 12:05:21.272 [main] INFO  springfox.documentation.spring.web.plugins.DocumentationPluginsBootstrapper-Found 1 custom documentation plugin(s)
2022-02-12 12:05:21.299 [main] INFO  springfox.documentation.spring.web.scanners.ApiListingReferenceScanner-Scanning for api listing references
2022-02-12 12:05:21.441 [main] INFO  com.novedu.nov.order.OrderServiceApplication-Started OrderServiceApplication in 7.863 seconds (JVM running for 8.51)
2022-02-12 12:05:23.144 [background-preinit] INFO  org.hibernate.validator.internal.util.Version-HV000001: Hibernate Validator 6.1.7.Final
2022-02-12 12:05:23.695 [main] INFO  org.reflections.Reflections-Reflections took 28 ms to scan 1 urls, producing 3 keys and 6 values 
2022-02-12 12:05:23.723 [main] INFO  org.reflections.Reflections-Reflections took 14 ms to scan 1 urls, producing 4 keys and 9 values 
2022-02-12 12:05:23.738 [main] INFO  org.reflections.Reflections-Reflections took 12 ms to scan 1 urls, producing 3 keys and 10 values 
2022-02-12 12:05:23.895 [main] INFO  org.reflections.Reflections-Reflections took 154 ms to scan 197 urls, producing 0 keys and 0 values 
2022-02-12 12:05:23.905 [main] INFO  org.reflections.Reflections-Reflections took 10 ms to scan 1 urls, producing 1 keys and 5 values 
2022-02-12 12:05:23.918 [main] INFO  org.reflections.Reflections-Reflections took 9 ms to scan 1 urls, producing 1 keys and 7 values 
2022-02-12 12:05:23.932 [main] INFO  org.reflections.Reflections-Reflections took 12 ms to scan 1 urls, producing 2 keys and 8 values 
2022-02-12 12:05:24.063 [main] INFO  org.reflections.Reflections-Reflections took 128 ms to scan 197 urls, producing 0 keys and 0 values 
2022-02-12 12:05:24.999 [main] INFO  org.springframework.cloud.bootstrap.config.PropertySourceBootstrapConfiguration-Located property source: [BootstrapPropertySource {name='bootstrapProperties-service-statistics-dev.properties,DEFAULT_GROUP'}, BootstrapPropertySource {name='bootstrapProperties-service-statistics.properties,DEFAULT_GROUP'}, BootstrapPropertySource {name='bootstrapProperties-service-statistics,DEFAULT_GROUP'}]
2022-02-12 12:05:25.002 [main] INFO  com.novedu.nov.StatisticsServiceApplication-The following profiles are active: dev
2022-02-12 12:05:25.600 [main] INFO  org.springframework.data.repository.config.RepositoryConfigurationDelegate-Multiple Spring Data modules found, entering strict repository configuration mode!
2022-02-12 12:05:25.602 [main] INFO  org.springframework.data.repository.config.RepositoryConfigurationDelegate-Bootstrapping Spring Data Redis repositories in DEFAULT mode.
2022-02-12 12:05:25.628 [main] INFO  org.springframework.data.repository.config.RepositoryConfigurationDelegate-Finished Spring Data repository scanning in 15ms. Found 0 Redis repository interfaces.
2022-02-12 12:05:25.809 [main] INFO  org.springframework.cloud.context.scope.GenericScope-BeanFactory id=7fce70fa-d604-34f3-8300-c4aab7ed61fd
2022-02-12 12:05:26.242 [main] INFO  org.springframework.boot.web.embedded.tomcat.TomcatWebServer-Tomcat initialized with port(s): 8087 (http)
2022-02-12 12:05:26.250 [main] INFO  org.apache.coyote.http11.Http11NioProtocol-Initializing ProtocolHandler ["http-nio-8087"]
2022-02-12 12:05:26.251 [main] INFO  org.apache.catalina.core.StandardService-Starting service [Tomcat]
2022-02-12 12:05:26.251 [main] INFO  org.apache.catalina.core.StandardEngine-Starting Servlet engine: [Apache Tomcat/9.0.46]
2022-02-12 12:05:26.353 [main] INFO  org.apache.catalina.core.ContainerBase.[Tomcat].[localhost].[/]-Initializing Spring embedded WebApplicationContext
2022-02-12 12:05:26.354 [main] INFO  org.springframework.boot.web.servlet.context.ServletWebServerApplicationContext-Root WebApplicationContext: initialization completed in 1333 ms
2022-02-12 12:05:26.914 [main] INFO  org.springframework.cloud.openfeign.FeignClientFactoryBean-For 'service-edu' URL not provided. Will try picking an instance via load-balancing.
2022-02-12 12:05:29.174 [main] INFO  springfox.documentation.spring.web.PropertySourcedRequestMappingHandlerMapping-Mapped URL path [/v2/api-docs] onto method [springfox.documentation.swagger2.web.Swagger2Controller#getDocumentation(String, HttpServletRequest)]
2022-02-12 12:05:29.187 [main] INFO  com.netflix.config.sources.URLConfigurationSource-To enable URLs as dynamic configuration sources, define System property archaius.configurationSource.additionalUrls or make config.properties available on classpath.
2022-02-12 12:05:29.191 [main] INFO  com.netflix.config.sources.URLConfigurationSource-To enable URLs as dynamic configuration sources, define System property archaius.configurationSource.additionalUrls or make config.properties available on classpath.
2022-02-12 12:05:29.314 [main] INFO  org.springframework.scheduling.concurrent.ThreadPoolTaskExecutor-Initializing ExecutorService 'applicationTaskExecutor'
2022-02-12 12:05:29.494 [main] INFO  org.springframework.scheduling.concurrent.ThreadPoolTaskScheduler-Initializing ExecutorService 'Nacos-Watch-Task-Scheduler'
2022-02-12 12:05:29.918 [main] INFO  org.springframework.scheduling.concurrent.ThreadPoolTaskScheduler-Initializing ExecutorService 'taskScheduler'
2022-02-12 12:05:30.283 [main] INFO  org.apache.coyote.http11.Http11NioProtocol-Starting ProtocolHandler ["http-nio-8087"]
2022-02-12 12:05:30.296 [main] INFO  org.springframework.boot.web.embedded.tomcat.TomcatWebServer-Tomcat started on port(s): 8087 (http) with context path ''
2022-02-12 12:05:30.305 [main] INFO  com.alibaba.cloud.nacos.registry.NacosServiceRegistry-nacos registry, DEFAULT_GROUP service-statistics 192.168.31.136:8087 register finished
2022-02-12 12:05:30.373 [main] INFO  springfox.documentation.spring.web.plugins.DocumentationPluginsBootstrapper-Context refreshed
2022-02-12 12:05:30.385 [main] INFO  springfox.documentation.spring.web.plugins.DocumentationPluginsBootstrapper-Found 1 custom documentation plugin(s)
2022-02-12 12:05:30.412 [main] INFO  springfox.documentation.spring.web.scanners.ApiListingReferenceScanner-Scanning for api listing references
2022-02-12 12:05:30.540 [main] INFO  com.novedu.nov.StatisticsServiceApplication-Started StatisticsServiceApplication in 7.872 seconds (JVM running for 8.547)
2022-02-12 12:05:36.535 [http-nio-8081-exec-1] INFO  org.apache.catalina.core.ContainerBase.[Tomcat].[localhost].[/]-Initializing Spring DispatcherServlet 'dispatcherServlet'
2022-02-12 12:05:36.535 [http-nio-8081-exec-1] INFO  org.springframework.web.servlet.DispatcherServlet-Initializing Servlet 'dispatcherServlet'
2022-02-12 12:05:36.542 [http-nio-8081-exec-1] INFO  org.springframework.web.servlet.DispatcherServlet-Completed initialization in 7 ms
2022-02-12 12:06:00.012 [task-1] INFO  com.novedu.nov.statistics.task.MultiThreadScheduleTask----------------正在同步课程播放次数...
2022-02-12 12:06:00.197 [task-1] INFO  com.netflix.config.ChainedDynamicProperty-Flipping property: service-edu.ribbon.ActiveConnectionsLimit to use NEXT property: niws.loadbalancer.availabilityFilteringRule.activeConnectionsLimit = 2147483647
2022-02-12 12:06:00.209 [task-1] INFO  com.netflix.loadbalancer.BaseLoadBalancer-Client: service-edu instantiated a LoadBalancer: DynamicServerListLoadBalancer:{NFLoadBalancer:name=service-edu,current list of Servers=[],Load balancer stats=Zone stats: {},Server stats: []}ServerList:null
2022-02-12 12:06:00.214 [task-1] INFO  com.netflix.loadbalancer.DynamicServerListLoadBalancer-Using serverListUpdater PollingServerListUpdater
2022-02-12 12:06:00.231 [task-1] INFO  com.netflix.config.ChainedDynamicProperty-Flipping property: service-edu.ribbon.ActiveConnectionsLimit to use NEXT property: niws.loadbalancer.availabilityFilteringRule.activeConnectionsLimit = 2147483647
2022-02-12 12:06:00.233 [task-1] INFO  com.netflix.loadbalancer.DynamicServerListLoadBalancer-DynamicServerListLoadBalancer for client service-edu initialized: DynamicServerListLoadBalancer:{NFLoadBalancer:name=service-edu,current list of Servers=[192.168.31.136:8081],Load balancer stats=Zone stats: {unknown=[Zone:unknown;	Instance count:1;	Active connections count: 0;	Circuit breaker tripped count: 0;	Active connections per server: 0.0;]
},Server stats: [[Server:192.168.31.136:8081;	Zone:UNKNOWN;	Total Requests:0;	Successive connection failure:0;	Total blackout seconds:0;	Last connection made:Thu Jan 01 08:00:00 CST 1970;	First connection made: Thu Jan 01 08:00:00 CST 1970;	Active Connections:0;	total failure count in last (1000) msecs:0;	average resp time:0.0;	90 percentile resp time:0.0;	95 percentile resp time:0.0;	min resp time:0.0;	max resp time:0.0;	stddev resp time:0.0]
]}ServerList:com.alibaba.cloud.nacos.ribbon.NacosServerList@5b4fa9e8
2022-02-12 12:06:01.217 [PollingServerListUpdater-0] INFO  com.netflix.config.ChainedDynamicProperty-Flipping property: service-edu.ribbon.ActiveConnectionsLimit to use NEXT property: niws.loadbalancer.availabilityFilteringRule.activeConnectionsLimit = 2147483647
2022-02-12 12:06:02.527 [task-1] INFO  com.novedu.nov.statistics.task.MultiThreadScheduleTask----------------课程播放次数同步完成
2022-02-12 12:06:23.764 [http-nio-8085-exec-1] INFO  org.apache.catalina.core.ContainerBase.[Tomcat].[localhost].[/]-Initializing Spring DispatcherServlet 'dispatcherServlet'
2022-02-12 12:06:23.764 [http-nio-8085-exec-1] INFO  org.springframework.web.servlet.DispatcherServlet-Initializing Servlet 'dispatcherServlet'
2022-02-12 12:06:23.769 [http-nio-8085-exec-1] INFO  org.springframework.web.servlet.DispatcherServlet-Completed initialization in 5 ms
2022-02-12 12:06:30.007 [task-2] INFO  com.novedu.nov.statistics.task.MultiThreadScheduleTask----------------正在同步课程播放次数...
2022-02-12 12:06:32.462 [task-2] INFO  com.novedu.nov.statistics.task.MultiThreadScheduleTask----------------课程播放次数同步完成
2022-02-12 12:07:00.002 [task-3] INFO  com.novedu.nov.statistics.task.MultiThreadScheduleTask----------------正在同步课程播放次数...
2022-02-12 12:07:02.164 [task-3] INFO  com.novedu.nov.statistics.task.MultiThreadScheduleTask----------------课程播放次数同步完成
2022-02-12 12:07:04.561 [http-nio-8085-exec-2] INFO  com.novedu.nov.common.config.NovMetaObjectHandler-start insert fill ....
2022-02-12 12:07:30.002 [task-4] INFO  com.novedu.nov.statistics.task.MultiThreadScheduleTask----------------正在同步课程播放次数...
2022-02-12 12:07:32.958 [task-4] INFO  com.novedu.nov.statistics.task.MultiThreadScheduleTask----------------课程播放次数同步完成
2022-02-12 12:07:47.533 [SpringContextShutdownHook] INFO  org.springframework.scheduling.concurrent.ThreadPoolTaskScheduler-Shutting down ExecutorService 'Nacos-Watch-Task-Scheduler'
2022-02-12 12:07:47.554 [SpringContextShutdownHook] INFO  com.alibaba.cloud.nacos.registry.NacosServiceRegistry-De-registering from Nacos Server now...
2022-02-12 12:07:47.556 [SpringContextShutdownHook] INFO  com.alibaba.cloud.nacos.registry.NacosServiceRegistry-De-registration finished.
2022-02-12 12:07:47.884 [SpringContextShutdownHook] INFO  org.springframework.scheduling.concurrent.ThreadPoolTaskExecutor-Shutting down ExecutorService 'applicationTaskExecutor'
2022-02-12 12:07:50.610 [background-preinit] INFO  org.hibernate.validator.internal.util.Version-HV000001: Hibernate Validator 6.1.7.Final
2022-02-12 12:07:51.168 [main] INFO  org.reflections.Reflections-Reflections took 27 ms to scan 1 urls, producing 3 keys and 6 values 
2022-02-12 12:07:51.195 [main] INFO  org.reflections.Reflections-Reflections took 14 ms to scan 1 urls, producing 4 keys and 9 values 
2022-02-12 12:07:51.210 [main] INFO  org.reflections.Reflections-Reflections took 13 ms to scan 1 urls, producing 3 keys and 10 values 
2022-02-12 12:07:51.362 [main] INFO  org.reflections.Reflections-Reflections took 149 ms to scan 197 urls, producing 0 keys and 0 values 
2022-02-12 12:07:51.372 [main] INFO  org.reflections.Reflections-Reflections took 10 ms to scan 1 urls, producing 1 keys and 5 values 
2022-02-12 12:07:51.387 [main] INFO  org.reflections.Reflections-Reflections took 13 ms to scan 1 urls, producing 1 keys and 7 values 
2022-02-12 12:07:51.399 [main] INFO  org.reflections.Reflections-Reflections took 10 ms to scan 1 urls, producing 2 keys and 8 values 
2022-02-12 12:07:51.526 [main] INFO  org.reflections.Reflections-Reflections took 125 ms to scan 197 urls, producing 0 keys and 0 values 
2022-02-12 12:07:52.434 [main] INFO  org.springframework.cloud.bootstrap.config.PropertySourceBootstrapConfiguration-Located property source: [BootstrapPropertySource {name='bootstrapProperties-service-ucenter-dev.properties,DEFAULT_GROUP'}, BootstrapPropertySource {name='bootstrapProperties-service-ucenter.properties,DEFAULT_GROUP'}, BootstrapPropertySource {name='bootstrapProperties-service-ucenter,DEFAULT_GROUP'}]
2022-02-12 12:07:52.438 [main] INFO  com.novedu.nov.UCenterServiceApplication-The following profiles are active: dev
2022-02-12 12:07:52.893 [main] INFO  org.springframework.data.repository.config.RepositoryConfigurationDelegate-Multiple Spring Data modules found, entering strict repository configuration mode!
2022-02-12 12:07:52.895 [main] INFO  org.springframework.data.repository.config.RepositoryConfigurationDelegate-Bootstrapping Spring Data Redis repositories in DEFAULT mode.
2022-02-12 12:07:52.921 [main] INFO  org.springframework.data.repository.config.RepositoryConfigurationDelegate-Finished Spring Data repository scanning in 15ms. Found 0 Redis repository interfaces.
2022-02-12 12:07:53.080 [main] INFO  org.springframework.cloud.context.scope.GenericScope-BeanFactory id=d256e7a8-acee-3332-a2c2-388b733ee6ce
2022-02-12 12:07:53.447 [main] INFO  org.springframework.boot.web.embedded.tomcat.TomcatWebServer-Tomcat initialized with port(s): 8085 (http)
2022-02-12 12:07:53.455 [main] INFO  org.apache.coyote.http11.Http11NioProtocol-Initializing ProtocolHandler ["http-nio-8085"]
2022-02-12 12:07:53.456 [main] INFO  org.apache.catalina.core.StandardService-Starting service [Tomcat]
2022-02-12 12:07:53.456 [main] INFO  org.apache.catalina.core.StandardEngine-Starting Servlet engine: [Apache Tomcat/9.0.46]
2022-02-12 12:07:53.566 [main] INFO  org.apache.catalina.core.ContainerBase.[Tomcat].[localhost].[/]-Initializing Spring embedded WebApplicationContext
2022-02-12 12:07:53.566 [main] INFO  org.springframework.boot.web.servlet.context.ServletWebServerApplicationContext-Root WebApplicationContext: initialization completed in 1110 ms
2022-02-12 12:07:54.873 [main] INFO  com.netflix.config.sources.URLConfigurationSource-To enable URLs as dynamic configuration sources, define System property archaius.configurationSource.additionalUrls or make config.properties available on classpath.
2022-02-12 12:07:54.877 [main] INFO  com.netflix.config.sources.URLConfigurationSource-To enable URLs as dynamic configuration sources, define System property archaius.configurationSource.additionalUrls or make config.properties available on classpath.
2022-02-12 12:07:55.039 [main] INFO  org.springframework.scheduling.concurrent.ThreadPoolTaskExecutor-Initializing ExecutorService 'applicationTaskExecutor'
2022-02-12 12:07:55.230 [main] INFO  org.springframework.scheduling.concurrent.ThreadPoolTaskScheduler-Initializing ExecutorService 'Nacos-Watch-Task-Scheduler'
2022-02-12 12:07:56.005 [main] INFO  org.apache.coyote.http11.Http11NioProtocol-Starting ProtocolHandler ["http-nio-8085"]
2022-02-12 12:07:56.016 [main] INFO  org.springframework.boot.web.embedded.tomcat.TomcatWebServer-Tomcat started on port(s): 8085 (http) with context path ''
2022-02-12 12:07:56.025 [main] INFO  com.alibaba.cloud.nacos.registry.NacosServiceRegistry-nacos registry, DEFAULT_GROUP service-ucenter 192.168.31.136:8085 register finished
2022-02-12 12:07:56.100 [main] INFO  com.novedu.nov.UCenterServiceApplication-Started UCenterServiceApplication in 5.963 seconds (JVM running for 6.609)
2022-02-12 12:08:00.015 [task-5] INFO  com.novedu.nov.statistics.task.MultiThreadScheduleTask----------------正在同步课程播放次数...
2022-02-12 12:08:00.073 [http-nio-8085-exec-1] INFO  org.apache.catalina.core.ContainerBase.[Tomcat].[localhost].[/]-Initializing Spring DispatcherServlet 'dispatcherServlet'
2022-02-12 12:08:00.073 [http-nio-8085-exec-1] INFO  org.springframework.web.servlet.DispatcherServlet-Initializing Servlet 'dispatcherServlet'
2022-02-12 12:08:00.080 [http-nio-8085-exec-1] INFO  org.springframework.web.servlet.DispatcherServlet-Completed initialization in 7 ms
2022-02-12 12:08:02.186 [task-5] INFO  com.novedu.nov.statistics.task.MultiThreadScheduleTask----------------课程播放次数同步完成
2022-02-12 12:08:03.865 [http-nio-8085-exec-3] INFO  com.novedu.nov.common.config.NovMetaObjectHandler-start insert fill ....
2022-02-12 12:08:17.165 [http-nio-8086-exec-2] INFO  org.apache.catalina.core.ContainerBase.[Tomcat].[localhost].[/]-Initializing Spring DispatcherServlet 'dispatcherServlet'
2022-02-12 12:08:17.165 [http-nio-8086-exec-2] INFO  org.springframework.web.servlet.DispatcherServlet-Initializing Servlet 'dispatcherServlet'
2022-02-12 12:08:17.171 [http-nio-8086-exec-2] INFO  org.springframework.web.servlet.DispatcherServlet-Completed initialization in 6 ms
2022-02-12 12:08:17.421 [http-nio-8086-exec-3] INFO  com.netflix.config.ChainedDynamicProperty-Flipping property: service-edu.ribbon.ActiveConnectionsLimit to use NEXT property: niws.loadbalancer.availabilityFilteringRule.activeConnectionsLimit = 2147483647
2022-02-12 12:08:17.435 [http-nio-8086-exec-3] INFO  com.netflix.loadbalancer.BaseLoadBalancer-Client: service-edu instantiated a LoadBalancer: DynamicServerListLoadBalancer:{NFLoadBalancer:name=service-edu,current list of Servers=[],Load balancer stats=Zone stats: {},Server stats: []}ServerList:null
2022-02-12 12:08:17.440 [http-nio-8086-exec-3] INFO  com.netflix.loadbalancer.DynamicServerListLoadBalancer-Using serverListUpdater PollingServerListUpdater
2022-02-12 12:08:17.459 [http-nio-8086-exec-3] INFO  com.netflix.config.ChainedDynamicProperty-Flipping property: service-edu.ribbon.ActiveConnectionsLimit to use NEXT property: niws.loadbalancer.availabilityFilteringRule.activeConnectionsLimit = 2147483647
2022-02-12 12:08:17.461 [http-nio-8086-exec-3] INFO  com.netflix.loadbalancer.DynamicServerListLoadBalancer-DynamicServerListLoadBalancer for client service-edu initialized: DynamicServerListLoadBalancer:{NFLoadBalancer:name=service-edu,current list of Servers=[192.168.31.136:8081],Load balancer stats=Zone stats: {unknown=[Zone:unknown;	Instance count:1;	Active connections count: 0;	Circuit breaker tripped count: 0;	Active connections per server: 0.0;]
},Server stats: [[Server:192.168.31.136:8081;	Zone:UNKNOWN;	Total Requests:0;	Successive connection failure:0;	Total blackout seconds:0;	Last connection made:Thu Jan 01 08:00:00 CST 1970;	First connection made: Thu Jan 01 08:00:00 CST 1970;	Active Connections:0;	total failure count in last (1000) msecs:0;	average resp time:0.0;	90 percentile resp time:0.0;	95 percentile resp time:0.0;	min resp time:0.0;	max resp time:0.0;	stddev resp time:0.0]
]}ServerList:com.alibaba.cloud.nacos.ribbon.NacosServerList@3f411e63
2022-02-12 12:08:18.160 [http-nio-8081-exec-7] INFO  com.novedu.nov.common.config.NovMetaObjectHandler-start insert fill ....
2022-02-12 12:08:18.449 [PollingServerListUpdater-0] INFO  com.netflix.config.ChainedDynamicProperty-Flipping property: service-edu.ribbon.ActiveConnectionsLimit to use NEXT property: niws.loadbalancer.availabilityFilteringRule.activeConnectionsLimit = 2147483647
2022-02-12 12:08:30.016 [task-6] INFO  com.novedu.nov.statistics.task.MultiThreadScheduleTask----------------正在同步课程播放次数...
2022-02-12 12:08:32.137 [task-6] INFO  com.novedu.nov.statistics.task.MultiThreadScheduleTask----------------课程播放次数同步完成
2022-02-12 12:08:34.783 [http-nio-8086-exec-9] INFO  com.netflix.config.ChainedDynamicProperty-Flipping property: service-ucenter.ribbon.ActiveConnectionsLimit to use NEXT property: niws.loadbalancer.availabilityFilteringRule.activeConnectionsLimit = 2147483647
2022-02-12 12:08:34.785 [http-nio-8086-exec-9] INFO  com.netflix.loadbalancer.BaseLoadBalancer-Client: service-ucenter instantiated a LoadBalancer: DynamicServerListLoadBalancer:{NFLoadBalancer:name=service-ucenter,current list of Servers=[],Load balancer stats=Zone stats: {},Server stats: []}ServerList:null
2022-02-12 12:08:34.786 [http-nio-8086-exec-9] INFO  com.netflix.loadbalancer.DynamicServerListLoadBalancer-Using serverListUpdater PollingServerListUpdater
2022-02-12 12:08:34.792 [http-nio-8086-exec-9] INFO  com.netflix.config.ChainedDynamicProperty-Flipping property: service-ucenter.ribbon.ActiveConnectionsLimit to use NEXT property: niws.loadbalancer.availabilityFilteringRule.activeConnectionsLimit = 2147483647
2022-02-12 12:08:34.793 [http-nio-8086-exec-9] INFO  com.netflix.loadbalancer.DynamicServerListLoadBalancer-DynamicServerListLoadBalancer for client service-ucenter initialized: DynamicServerListLoadBalancer:{NFLoadBalancer:name=service-ucenter,current list of Servers=[192.168.31.136:8085],Load balancer stats=Zone stats: {unknown=[Zone:unknown;	Instance count:1;	Active connections count: 0;	Circuit breaker tripped count: 0;	Active connections per server: 0.0;]
},Server stats: [[Server:192.168.31.136:8085;	Zone:UNKNOWN;	Total Requests:0;	Successive connection failure:0;	Total blackout seconds:0;	Last connection made:Thu Jan 01 08:00:00 CST 1970;	First connection made: Thu Jan 01 08:00:00 CST 1970;	Active Connections:0;	total failure count in last (1000) msecs:0;	average resp time:0.0;	90 percentile resp time:0.0;	95 percentile resp time:0.0;	min resp time:0.0;	max resp time:0.0;	stddev resp time:0.0]
]}ServerList:com.alibaba.cloud.nacos.ribbon.NacosServerList@13d7f7bd
2022-02-12 12:08:34.870 [http-nio-8086-exec-9] INFO  com.novedu.nov.common.config.NovMetaObjectHandler-start insert fill ....
2022-02-12 12:08:35.795 [PollingServerListUpdater-0] INFO  com.netflix.config.ChainedDynamicProperty-Flipping property: service-ucenter.ribbon.ActiveConnectionsLimit to use NEXT property: niws.loadbalancer.availabilityFilteringRule.activeConnectionsLimit = 2147483647
2022-02-12 12:08:36.568 [http-nio-8086-exec-3] INFO  com.novedu.nov.common.config.NovMetaObjectHandler-start update fill ....
2022-02-12 12:08:36.640 [http-nio-8086-exec-3] INFO  com.novedu.nov.order.service.impl.AlipayServiceImpl-同步订单:1492349889650917377成功
2022-02-12 12:08:36.653 [http-nio-8081-exec-2] INFO  com.novedu.nov.common.config.NovMetaObjectHandler-start insert fill ....
2022-02-12 12:08:36.796 [http-nio-8086-exec-3] INFO  com.novedu.nov.order.service.impl.AlipayServiceImpl-saveApply fail
2022-02-12 12:08:36.847 [http-nio-8086-exec-3] INFO  com.novedu.nov.order.service.impl.AlipayServiceImpl-同步课程学习人数失败
2022-02-12 12:08:36.945 [http-nio-8086-exec-3] INFO  com.novedu.nov.order.service.impl.AlipayServiceImpl-同步课程购买数失败
2022-02-12 12:08:53.185 [http-nio-8081-exec-9] INFO  com.novedu.nov.common.config.NovMetaObjectHandler-start insert fill ....
2022-02-12 12:09:00.013 [task-7] INFO  com.novedu.nov.statistics.task.MultiThreadScheduleTask----------------正在同步课程播放次数...
2022-02-12 12:09:02.433 [task-7] INFO  com.novedu.nov.statistics.task.MultiThreadScheduleTask----------------课程播放次数同步完成
2022-02-12 12:09:12.950 [http-nio-8081-exec-9] INFO  com.novedu.nov.common.config.NovMetaObjectHandler-start insert fill ....
2022-02-12 12:09:30.002 [task-8] INFO  com.novedu.nov.statistics.task.MultiThreadScheduleTask----------------正在同步课程播放次数...
2022-02-12 12:09:32.203 [task-8] INFO  com.novedu.nov.statistics.task.MultiThreadScheduleTask----------------课程播放次数同步完成
2022-02-12 12:09:32.742 [http-nio-8081-exec-10] INFO  com.novedu.nov.common.config.NovMetaObjectHandler-start insert fill ....
2022-02-12 12:10:00.008 [task-9] INFO  com.novedu.nov.statistics.task.MultiThreadScheduleTask----------------正在同步课程播放次数...
2022-02-12 12:10:02.408 [task-9] INFO  com.novedu.nov.statistics.task.MultiThreadScheduleTask----------------课程播放次数同步完成
2022-02-12 12:10:30.001 [task-10] INFO  com.novedu.nov.statistics.task.MultiThreadScheduleTask----------------正在同步课程播放次数...
2022-02-12 12:10:32.444 [task-10] INFO  com.novedu.nov.statistics.task.MultiThreadScheduleTask----------------课程播放次数同步完成
2022-02-12 12:11:00.001 [task-11] INFO  com.novedu.nov.statistics.task.MultiThreadScheduleTask----------------正在同步课程播放次数...
2022-02-12 12:11:01.965 [task-11] INFO  com.novedu.nov.statistics.task.MultiThreadScheduleTask----------------课程播放次数同步完成
2022-02-12 12:11:30.013 [task-12] INFO  com.novedu.nov.statistics.task.MultiThreadScheduleTask----------------正在同步课程播放次数...
2022-02-12 12:11:32.990 [task-12] INFO  com.novedu.nov.statistics.task.MultiThreadScheduleTask----------------课程播放次数同步完成
2022-02-12 12:12:00.007 [task-13] INFO  com.novedu.nov.statistics.task.MultiThreadScheduleTask----------------正在同步课程播放次数...
2022-02-12 12:12:02.958 [task-13] INFO  com.novedu.nov.statistics.task.MultiThreadScheduleTask----------------课程播放次数同步完成
2022-02-12 12:12:30.008 [task-14] INFO  com.novedu.nov.statistics.task.MultiThreadScheduleTask----------------正在同步课程播放次数...
2022-02-12 12:12:32.151 [task-14] INFO  com.novedu.nov.statistics.task.MultiThreadScheduleTask----------------课程播放次数同步完成
2022-02-12 12:13:00.004 [task-15] INFO  com.novedu.nov.statistics.task.MultiThreadScheduleTask----------------正在同步课程播放次数...
2022-02-12 12:13:02.132 [task-15] INFO  com.novedu.nov.statistics.task.MultiThreadScheduleTask----------------课程播放次数同步完成
2022-02-12 12:13:30.007 [task-16] INFO  com.novedu.nov.statistics.task.MultiThreadScheduleTask----------------正在同步课程播放次数...
2022-02-12 12:13:31.960 [task-16] INFO  com.novedu.nov.statistics.task.MultiThreadScheduleTask----------------课程播放次数同步完成
2022-02-12 12:13:39.479 [http-nio-8081-exec-3] INFO  com.novedu.nov.common.config.NovMetaObjectHandler-start update fill ....
2022-02-12 12:14:00.007 [task-17] INFO  com.novedu.nov.statistics.task.MultiThreadScheduleTask----------------正在同步课程播放次数...
2022-02-12 12:14:04.018 [task-17] INFO  com.novedu.nov.statistics.task.MultiThreadScheduleTask----------------课程播放次数同步完成
2022-02-12 12:14:30.007 [task-18] INFO  com.novedu.nov.statistics.task.MultiThreadScheduleTask----------------正在同步课程播放次数...
2022-02-12 12:14:32.976 [task-18] INFO  com.novedu.nov.statistics.task.MultiThreadScheduleTask----------------课程播放次数同步完成
2022-02-12 12:15:00.008 [task-19] INFO  com.novedu.nov.statistics.task.MultiThreadScheduleTask----------------正在同步课程播放次数...
2022-02-12 12:15:02.972 [task-19] INFO  com.novedu.nov.statistics.task.MultiThreadScheduleTask----------------课程播放次数同步完成
2022-02-12 12:15:30.007 [task-20] INFO  com.novedu.nov.statistics.task.MultiThreadScheduleTask----------------正在同步课程播放次数...
2022-02-12 12:15:32.159 [task-20] INFO  com.novedu.nov.statistics.task.MultiThreadScheduleTask----------------课程播放次数同步完成
2022-02-12 12:16:00.006 [task-21] INFO  com.novedu.nov.statistics.task.MultiThreadScheduleTask----------------正在同步课程播放次数...
2022-02-12 12:16:02.464 [task-21] INFO  com.novedu.nov.statistics.task.MultiThreadScheduleTask----------------课程播放次数同步完成
2022-02-12 12:16:29.994 [http-nio-8085-exec-10] INFO  com.novedu.nov.common.config.NovMetaObjectHandler-start insert fill ....
2022-02-12 12:16:30.012 [task-22] INFO  com.novedu.nov.statistics.task.MultiThreadScheduleTask----------------正在同步课程播放次数...
2022-02-12 12:16:34.035 [task-22] INFO  com.novedu.nov.statistics.task.MultiThreadScheduleTask----------------课程播放次数同步完成
2022-02-12 12:16:47.320 [http-nio-8086-exec-6] INFO  com.novedu.nov.common.config.NovMetaObjectHandler-start insert fill ....
2022-02-12 12:16:48.552 [http-nio-8086-exec-10] INFO  com.novedu.nov.common.config.NovMetaObjectHandler-start update fill ....
2022-02-12 12:16:48.653 [http-nio-8086-exec-10] INFO  com.novedu.nov.order.service.impl.AlipayServiceImpl-同步订单:1492351955119144961成功
2022-02-12 12:16:48.669 [http-nio-8081-exec-6] INFO  com.novedu.nov.common.config.NovMetaObjectHandler-start insert fill ....
2022-02-12 12:16:48.832 [http-nio-8086-exec-10] INFO  com.novedu.nov.order.service.impl.AlipayServiceImpl-saveApply fail
2022-02-12 12:16:48.899 [http-nio-8086-exec-10] INFO  com.novedu.nov.order.service.impl.AlipayServiceImpl-同步课程学习人数失败
2022-02-12 12:16:48.984 [http-nio-8086-exec-10] INFO  com.novedu.nov.order.service.impl.AlipayServiceImpl-同步课程购买数失败
2022-02-12 12:17:00.014 [task-23] INFO  com.novedu.nov.statistics.task.MultiThreadScheduleTask----------------正在同步课程播放次数...
2022-02-12 12:17:17.884 [task-23] INFO  com.novedu.nov.statistics.task.MultiThreadScheduleTask----------------课程播放次数同步完成
2022-02-12 12:17:30.004 [task-24] INFO  com.novedu.nov.statistics.task.MultiThreadScheduleTask----------------正在同步课程播放次数...
2022-02-12 12:17:32.444 [task-24] INFO  com.novedu.nov.statistics.task.MultiThreadScheduleTask----------------课程播放次数同步完成
2022-02-12 12:18:00.010 [task-25] INFO  com.novedu.nov.statistics.task.MultiThreadScheduleTask----------------正在同步课程播放次数...
2022-02-12 12:18:02.394 [task-25] INFO  com.novedu.nov.statistics.task.MultiThreadScheduleTask----------------课程播放次数同步完成
2022-02-12 12:18:30.008 [task-26] INFO  com.novedu.nov.statistics.task.MultiThreadScheduleTask----------------正在同步课程播放次数...
2022-02-12 12:18:32.171 [task-26] INFO  com.novedu.nov.statistics.task.MultiThreadScheduleTask----------------课程播放次数同步完成
2022-02-12 12:19:00.005 [task-27] INFO  com.novedu.nov.statistics.task.MultiThreadScheduleTask----------------正在同步课程播放次数...
2022-02-12 12:19:02.168 [task-27] INFO  com.novedu.nov.statistics.task.MultiThreadScheduleTask----------------课程播放次数同步完成
2022-02-12 12:19:30.003 [task-28] INFO  com.novedu.nov.statistics.task.MultiThreadScheduleTask----------------正在同步课程播放次数...
2022-02-12 12:19:32.453 [task-28] INFO  com.novedu.nov.statistics.task.MultiThreadScheduleTask----------------课程播放次数同步完成
2022-02-12 12:20:00.003 [task-29] INFO  com.novedu.nov.statistics.task.MultiThreadScheduleTask----------------正在同步课程播放次数...
2022-02-12 12:20:02.953 [task-29] INFO  com.novedu.nov.statistics.task.MultiThreadScheduleTask----------------课程播放次数同步完成
2022-02-12 12:20:30.006 [task-30] INFO  com.novedu.nov.statistics.task.MultiThreadScheduleTask----------------正在同步课程播放次数...
2022-02-12 12:20:32.356 [task-30] INFO  com.novedu.nov.statistics.task.MultiThreadScheduleTask----------------课程播放次数同步完成
2022-02-12 12:21:00.012 [task-31] INFO  com.novedu.nov.statistics.task.MultiThreadScheduleTask----------------正在同步课程播放次数...
2022-02-12 12:21:02.186 [task-31] INFO  com.novedu.nov.statistics.task.MultiThreadScheduleTask----------------课程播放次数同步完成
2022-02-12 12:21:30.002 [task-32] INFO  com.novedu.nov.statistics.task.MultiThreadScheduleTask----------------正在同步课程播放次数...
2022-02-12 12:21:32.006 [task-32] INFO  com.novedu.nov.statistics.task.MultiThreadScheduleTask----------------课程播放次数同步完成
2022-02-12 12:22:00.014 [task-33] INFO  com.novedu.nov.statistics.task.MultiThreadScheduleTask----------------正在同步课程播放次数...
2022-02-12 12:22:02.468 [task-33] INFO  com.novedu.nov.statistics.task.MultiThreadScheduleTask----------------课程播放次数同步完成
2022-02-12 12:22:30.004 [task-34] INFO  com.novedu.nov.statistics.task.MultiThreadScheduleTask----------------正在同步课程播放次数...
2022-02-12 12:22:32.170 [task-34] INFO  com.novedu.nov.statistics.task.MultiThreadScheduleTask----------------课程播放次数同步完成
2022-02-12 12:23:00.014 [task-35] INFO  com.novedu.nov.statistics.task.MultiThreadScheduleTask----------------正在同步课程播放次数...
2022-02-12 12:23:02.966 [task-35] INFO  com.novedu.nov.statistics.task.MultiThreadScheduleTask----------------课程播放次数同步完成
2022-02-12 12:23:30.003 [task-36] INFO  com.novedu.nov.statistics.task.MultiThreadScheduleTask----------------正在同步课程播放次数...
2022-02-12 12:23:33.999 [task-36] INFO  com.novedu.nov.statistics.task.MultiThreadScheduleTask----------------课程播放次数同步完成
2022-02-12 12:24:00.012 [task-37] INFO  com.novedu.nov.statistics.task.MultiThreadScheduleTask----------------正在同步课程播放次数...
2022-02-12 12:24:02.165 [task-37] INFO  com.novedu.nov.statistics.task.MultiThreadScheduleTask----------------课程播放次数同步完成
2022-02-12 12:24:30.002 [task-38] INFO  com.novedu.nov.statistics.task.MultiThreadScheduleTask----------------正在同步课程播放次数...
2022-02-12 12:24:32.449 [task-38] INFO  com.novedu.nov.statistics.task.MultiThreadScheduleTask----------------课程播放次数同步完成
2022-02-12 12:25:00.014 [task-39] INFO  com.novedu.nov.statistics.task.MultiThreadScheduleTask----------------正在同步课程播放次数...
2022-02-12 12:25:03.004 [task-39] INFO  com.novedu.nov.statistics.task.MultiThreadScheduleTask----------------课程播放次数同步完成
2022-02-12 12:25:30.009 [task-40] INFO  com.novedu.nov.statistics.task.MultiThreadScheduleTask----------------正在同步课程播放次数...
2022-02-12 12:25:32.404 [task-40] INFO  com.novedu.nov.statistics.task.MultiThreadScheduleTask----------------课程播放次数同步完成
2022-02-12 12:26:00.006 [task-41] INFO  com.novedu.nov.statistics.task.MultiThreadScheduleTask----------------正在同步课程播放次数...
2022-02-12 12:26:02.248 [task-41] INFO  com.novedu.nov.statistics.task.MultiThreadScheduleTask----------------课程播放次数同步完成
2022-02-12 12:26:30.016 [task-42] INFO  com.novedu.nov.statistics.task.MultiThreadScheduleTask----------------正在同步课程播放次数...
2022-02-12 12:26:32.082 [task-42] INFO  com.novedu.nov.statistics.task.MultiThreadScheduleTask----------------课程播放次数同步完成
2022-02-12 12:27:00.016 [task-43] INFO  com.novedu.nov.statistics.task.MultiThreadScheduleTask----------------正在同步课程播放次数...
2022-02-12 12:27:02.462 [task-43] INFO  com.novedu.nov.statistics.task.MultiThreadScheduleTask----------------课程播放次数同步完成
2022-02-12 12:27:30.015 [task-44] INFO  com.novedu.nov.statistics.task.MultiThreadScheduleTask----------------正在同步课程播放次数...
2022-02-12 12:27:32.155 [task-44] INFO  com.novedu.nov.statistics.task.MultiThreadScheduleTask----------------课程播放次数同步完成
2022-02-12 12:28:00.007 [task-45] INFO  com.novedu.nov.statistics.task.MultiThreadScheduleTask----------------正在同步课程播放次数...
2022-02-12 12:28:02.982 [task-45] INFO  com.novedu.nov.statistics.task.MultiThreadScheduleTask----------------课程播放次数同步完成
2022-02-12 12:28:30.005 [task-46] INFO  com.novedu.nov.statistics.task.MultiThreadScheduleTask----------------正在同步课程播放次数...
2022-02-12 12:28:34.018 [task-46] INFO  com.novedu.nov.statistics.task.MultiThreadScheduleTask----------------课程播放次数同步完成
2022-02-12 12:29:00.003 [task-47] INFO  com.novedu.nov.statistics.task.MultiThreadScheduleTask----------------正在同步课程播放次数...
2022-02-12 12:29:02.173 [task-47] INFO  com.novedu.nov.statistics.task.MultiThreadScheduleTask----------------课程播放次数同步完成
2022-02-12 12:29:30.008 [task-48] INFO  com.novedu.nov.statistics.task.MultiThreadScheduleTask----------------正在同步课程播放次数...
2022-02-12 12:29:32.451 [task-48] INFO  com.novedu.nov.statistics.task.MultiThreadScheduleTask----------------课程播放次数同步完成
2022-02-12 12:30:00.007 [task-49] INFO  com.novedu.nov.statistics.task.MultiThreadScheduleTask----------------正在同步课程播放次数...
2022-02-12 12:30:02.976 [task-49] INFO  com.novedu.nov.statistics.task.MultiThreadScheduleTask----------------课程播放次数同步完成
2022-02-12 12:30:30.009 [task-50] INFO  com.novedu.nov.statistics.task.MultiThreadScheduleTask----------------正在同步课程播放次数...
2022-02-12 12:30:32.384 [task-50] INFO  com.novedu.nov.statistics.task.MultiThreadScheduleTask----------------课程播放次数同步完成
2022-02-12 12:31:00.015 [task-51] INFO  com.novedu.nov.statistics.task.MultiThreadScheduleTask----------------正在同步课程播放次数...
2022-02-12 12:31:02.182 [task-51] INFO  com.novedu.nov.statistics.task.MultiThreadScheduleTask----------------课程播放次数同步完成
2022-02-12 12:31:30.003 [task-52] INFO  com.novedu.nov.statistics.task.MultiThreadScheduleTask----------------正在同步课程播放次数...
2022-02-12 12:31:31.977 [task-52] INFO  com.novedu.nov.statistics.task.MultiThreadScheduleTask----------------课程播放次数同步完成
2022-02-12 12:32:00.003 [task-53] INFO  com.novedu.nov.statistics.task.MultiThreadScheduleTask----------------正在同步课程播放次数...
2022-02-12 12:32:02.436 [task-53] INFO  com.novedu.nov.statistics.task.MultiThreadScheduleTask----------------课程播放次数同步完成
2022-02-12 12:32:30.011 [task-54] INFO  com.novedu.nov.statistics.task.MultiThreadScheduleTask----------------正在同步课程播放次数...
2022-02-12 12:32:32.175 [task-54] INFO  com.novedu.nov.statistics.task.MultiThreadScheduleTask----------------课程播放次数同步完成
2022-02-12 12:33:00.007 [task-55] INFO  com.novedu.nov.statistics.task.MultiThreadScheduleTask----------------正在同步课程播放次数...
2022-02-12 12:33:02.955 [task-55] INFO  com.novedu.nov.statistics.task.MultiThreadScheduleTask----------------课程播放次数同步完成
2022-02-12 12:33:30.013 [task-56] INFO  com.novedu.nov.statistics.task.MultiThreadScheduleTask----------------正在同步课程播放次数...
2022-02-12 12:33:34.039 [task-56] INFO  com.novedu.nov.statistics.task.MultiThreadScheduleTask----------------课程播放次数同步完成
2022-02-12 12:34:00.012 [task-57] INFO  com.novedu.nov.statistics.task.MultiThreadScheduleTask----------------正在同步课程播放次数...
2022-02-12 12:34:02.164 [task-57] INFO  com.novedu.nov.statistics.task.MultiThreadScheduleTask----------------课程播放次数同步完成
2022-02-12 12:34:30.007 [task-58] INFO  com.novedu.nov.statistics.task.MultiThreadScheduleTask----------------正在同步课程播放次数...
2022-02-12 12:34:34.013 [task-58] INFO  com.novedu.nov.statistics.task.MultiThreadScheduleTask----------------课程播放次数同步完成
2022-02-12 12:35:00.002 [task-59] INFO  com.novedu.nov.statistics.task.MultiThreadScheduleTask----------------正在同步课程播放次数...
2022-02-12 12:35:02.347 [task-59] INFO  com.novedu.nov.statistics.task.MultiThreadScheduleTask----------------课程播放次数同步完成
2022-02-12 12:35:07.004 [SpringContextShutdownHook] INFO  org.springframework.scheduling.concurrent.ThreadPoolTaskScheduler-Shutting down ExecutorService 'Nacos-Watch-Task-Scheduler'
2022-02-12 12:35:07.007 [SpringContextShutdownHook] INFO  com.alibaba.cloud.nacos.registry.NacosServiceRegistry-De-registering from Nacos Server now...
2022-02-12 12:35:07.009 [SpringContextShutdownHook] INFO  com.alibaba.cloud.nacos.registry.NacosServiceRegistry-De-registration finished.
2022-02-12 12:35:07.350 [SpringContextShutdownHook] INFO  org.springframework.scheduling.concurrent.ThreadPoolTaskExecutor-Shutting down ExecutorService 'applicationTaskExecutor'
2022-02-12 12:35:13.366 [background-preinit] INFO  org.hibernate.validator.internal.util.Version-HV000001: Hibernate Validator 6.1.7.Final
2022-02-12 12:35:13.927 [main] INFO  org.reflections.Reflections-Reflections took 28 ms to scan 1 urls, producing 3 keys and 6 values 
2022-02-12 12:35:13.955 [main] INFO  org.reflections.Reflections-Reflections took 14 ms to scan 1 urls, producing 4 keys and 9 values 
2022-02-12 12:35:13.970 [main] INFO  org.reflections.Reflections-Reflections took 12 ms to scan 1 urls, producing 3 keys and 10 values 
2022-02-12 12:35:14.134 [main] INFO  org.reflections.Reflections-Reflections took 160 ms to scan 197 urls, producing 0 keys and 0 values 
2022-02-12 12:35:14.144 [main] INFO  org.reflections.Reflections-Reflections took 10 ms to scan 1 urls, producing 1 keys and 5 values 
2022-02-12 12:35:14.157 [main] INFO  org.reflections.Reflections-Reflections took 10 ms to scan 1 urls, producing 1 keys and 7 values 
2022-02-12 12:35:14.172 [main] INFO  org.reflections.Reflections-Reflections took 13 ms to scan 1 urls, producing 2 keys and 8 values 
2022-02-12 12:35:14.302 [main] INFO  org.reflections.Reflections-Reflections took 128 ms to scan 197 urls, producing 0 keys and 0 values 
2022-02-12 12:35:15.226 [main] INFO  org.springframework.cloud.bootstrap.config.PropertySourceBootstrapConfiguration-Located property source: [BootstrapPropertySource {name='bootstrapProperties-service-edu-dev.properties,DEFAULT_GROUP'}, BootstrapPropertySource {name='bootstrapProperties-service-edu.properties,DEFAULT_GROUP'}, BootstrapPropertySource {name='bootstrapProperties-service-edu,DEFAULT_GROUP'}]
2022-02-12 12:35:15.230 [main] INFO  com.novedu.nov.EduServiceApplication-The following profiles are active: dev
2022-02-12 12:35:15.868 [main] INFO  org.springframework.data.repository.config.RepositoryConfigurationDelegate-Multiple Spring Data modules found, entering strict repository configuration mode!
2022-02-12 12:35:15.870 [main] INFO  org.springframework.data.repository.config.RepositoryConfigurationDelegate-Bootstrapping Spring Data Redis repositories in DEFAULT mode.
2022-02-12 12:35:15.902 [main] INFO  org.springframework.data.repository.config.RepositoryConfigurationDelegate-Finished Spring Data repository scanning in 21ms. Found 0 Redis repository interfaces.
2022-02-12 12:35:16.085 [main] INFO  org.springframework.cloud.context.scope.GenericScope-BeanFactory id=5067d7e8-92d3-39ad-8a8d-d658936fb445
2022-02-12 12:35:16.534 [main] INFO  org.springframework.boot.web.embedded.tomcat.TomcatWebServer-Tomcat initialized with port(s): 8081 (http)
2022-02-12 12:35:16.541 [main] INFO  org.apache.coyote.http11.Http11NioProtocol-Initializing ProtocolHandler ["http-nio-8081"]
2022-02-12 12:35:16.542 [main] INFO  org.apache.catalina.core.StandardService-Starting service [Tomcat]
2022-02-12 12:35:16.542 [main] INFO  org.apache.catalina.core.StandardEngine-Starting Servlet engine: [Apache Tomcat/9.0.46]
2022-02-12 12:35:16.643 [main] INFO  org.apache.catalina.core.ContainerBase.[Tomcat].[localhost].[/]-Initializing Spring embedded WebApplicationContext
2022-02-12 12:35:16.643 [main] INFO  org.springframework.boot.web.servlet.context.ServletWebServerApplicationContext-Root WebApplicationContext: initialization completed in 1393 ms
2022-02-12 12:35:17.770 [main] INFO  org.springframework.cloud.openfeign.FeignClientFactoryBean-For 'service-order' URL not provided. Will try picking an instance via load-balancing.
2022-02-12 12:35:19.020 [main] INFO  springfox.documentation.spring.web.PropertySourcedRequestMappingHandlerMapping-Mapped URL path [/v2/api-docs] onto method [springfox.documentation.swagger2.web.Swagger2Controller#getDocumentation(String, HttpServletRequest)]
2022-02-12 12:35:19.031 [main] INFO  com.netflix.config.sources.URLConfigurationSource-To enable URLs as dynamic configuration sources, define System property archaius.configurationSource.additionalUrls or make config.properties available on classpath.
2022-02-12 12:35:19.035 [main] INFO  com.netflix.config.sources.URLConfigurationSource-To enable URLs as dynamic configuration sources, define System property archaius.configurationSource.additionalUrls or make config.properties available on classpath.
2022-02-12 12:35:19.153 [main] INFO  org.springframework.scheduling.concurrent.ThreadPoolTaskExecutor-Initializing ExecutorService 'applicationTaskExecutor'
2022-02-12 12:35:19.324 [main] INFO  org.springframework.scheduling.concurrent.ThreadPoolTaskScheduler-Initializing ExecutorService 'Nacos-Watch-Task-Scheduler'
2022-02-12 12:35:19.874 [main] INFO  org.apache.coyote.http11.Http11NioProtocol-Starting ProtocolHandler ["http-nio-8081"]
2022-02-12 12:35:19.886 [main] INFO  org.springframework.boot.web.embedded.tomcat.TomcatWebServer-Tomcat started on port(s): 8081 (http) with context path ''
2022-02-12 12:35:19.894 [main] INFO  com.alibaba.cloud.nacos.registry.NacosServiceRegistry-nacos registry, DEFAULT_GROUP service-edu 192.168.31.136:8081 register finished
2022-02-12 12:35:19.963 [main] INFO  springfox.documentation.spring.web.plugins.DocumentationPluginsBootstrapper-Context refreshed
2022-02-12 12:35:19.974 [main] INFO  springfox.documentation.spring.web.plugins.DocumentationPluginsBootstrapper-Found 1 custom documentation plugin(s)
2022-02-12 12:35:20.003 [main] INFO  springfox.documentation.spring.web.scanners.ApiListingReferenceScanner-Scanning for api listing references
2022-02-12 12:35:20.156 [main] INFO  springfox.documentation.spring.web.readers.operation.CachingOperationNameGenerator-Generating unique operation named: queryCommentPageUsingPOST_1
2022-02-12 12:35:20.188 [main] INFO  springfox.documentation.spring.web.readers.operation.CachingOperationNameGenerator-Generating unique operation named: queryCourseByTeacherIdUsingPOST_1
2022-02-12 12:35:20.204 [main] INFO  springfox.documentation.spring.web.readers.operation.CachingOperationNameGenerator-Generating unique operation named: saveCourseUsingPOST_1
2022-02-12 12:35:20.234 [main] INFO  springfox.documentation.spring.web.readers.operation.CachingOperationNameGenerator-Generating unique operation named: saveCourseUsingPOST_2
2022-02-12 12:35:20.257 [main] INFO  com.novedu.nov.EduServiceApplication-Started EduServiceApplication in 7.367 seconds (JVM running for 8.034)
2022-02-12 12:35:30.012 [task-60] INFO  com.novedu.nov.statistics.task.MultiThreadScheduleTask----------------正在同步课程播放次数...
2022-02-12 12:35:30.062 [http-nio-8081-exec-1] INFO  org.apache.catalina.core.ContainerBase.[Tomcat].[localhost].[/]-Initializing Spring DispatcherServlet 'dispatcherServlet'
2022-02-12 12:35:30.062 [http-nio-8081-exec-1] INFO  org.springframework.web.servlet.DispatcherServlet-Initializing Servlet 'dispatcherServlet'
2022-02-12 12:35:30.069 [http-nio-8081-exec-1] INFO  org.springframework.web.servlet.DispatcherServlet-Completed initialization in 7 ms
2022-02-12 12:35:33.343 [task-60] INFO  com.novedu.nov.statistics.task.MultiThreadScheduleTask----------------课程播放次数同步完成
2022-02-12 12:36:00.006 [task-61] INFO  com.novedu.nov.statistics.task.MultiThreadScheduleTask----------------正在同步课程播放次数...
2022-02-12 12:36:03.136 [task-61] INFO  com.novedu.nov.statistics.task.MultiThreadScheduleTask----------------课程播放次数同步完成
2022-02-12 12:36:30.013 [task-62] INFO  com.novedu.nov.statistics.task.MultiThreadScheduleTask----------------正在同步课程播放次数...
2022-02-12 12:36:32.221 [task-62] INFO  com.novedu.nov.statistics.task.MultiThreadScheduleTask----------------课程播放次数同步完成
2022-02-12 12:37:00.003 [task-63] INFO  com.novedu.nov.statistics.task.MultiThreadScheduleTask----------------正在同步课程播放次数...
2022-02-12 12:37:02.801 [task-63] INFO  com.novedu.nov.statistics.task.MultiThreadScheduleTask----------------课程播放次数同步完成
2022-02-12 12:37:30.001 [task-64] INFO  com.novedu.nov.statistics.task.MultiThreadScheduleTask----------------正在同步课程播放次数...
2022-02-12 12:37:32.242 [task-64] INFO  com.novedu.nov.statistics.task.MultiThreadScheduleTask----------------课程播放次数同步完成
2022-02-12 12:38:00.007 [task-65] INFO  com.novedu.nov.statistics.task.MultiThreadScheduleTask----------------正在同步课程播放次数...
2022-02-12 12:38:02.796 [task-65] INFO  com.novedu.nov.statistics.task.MultiThreadScheduleTask----------------课程播放次数同步完成
2022-02-12 12:38:30.008 [task-66] INFO  com.novedu.nov.statistics.task.MultiThreadScheduleTask----------------正在同步课程播放次数...
2022-02-12 12:38:32.267 [task-66] INFO  com.novedu.nov.statistics.task.MultiThreadScheduleTask----------------课程播放次数同步完成
2022-02-12 12:39:00.008 [task-67] INFO  com.novedu.nov.statistics.task.MultiThreadScheduleTask----------------正在同步课程播放次数...
2022-02-12 12:39:02.805 [task-67] INFO  com.novedu.nov.statistics.task.MultiThreadScheduleTask----------------课程播放次数同步完成
2022-02-12 12:39:30.001 [task-68] INFO  com.novedu.nov.statistics.task.MultiThreadScheduleTask----------------正在同步课程播放次数...
2022-02-12 12:39:32.793 [task-68] INFO  com.novedu.nov.statistics.task.MultiThreadScheduleTask----------------课程播放次数同步完成
2022-02-12 12:40:00.002 [task-69] INFO  com.novedu.nov.statistics.task.MultiThreadScheduleTask----------------正在同步课程播放次数...
2022-02-12 12:40:02.211 [task-69] INFO  com.novedu.nov.statistics.task.MultiThreadScheduleTask----------------课程播放次数同步完成
2022-02-12 12:40:30.010 [task-70] INFO  com.novedu.nov.statistics.task.MultiThreadScheduleTask----------------正在同步课程播放次数...
2022-02-12 12:40:33.147 [task-70] INFO  com.novedu.nov.statistics.task.MultiThreadScheduleTask----------------课程播放次数同步完成
2022-02-12 12:41:00.001 [task-71] INFO  com.novedu.nov.statistics.task.MultiThreadScheduleTask----------------正在同步课程播放次数...
2022-02-12 12:41:02.788 [task-71] INFO  com.novedu.nov.statistics.task.MultiThreadScheduleTask----------------课程播放次数同步完成
2022-02-12 12:41:30.002 [task-72] INFO  com.novedu.nov.statistics.task.MultiThreadScheduleTask----------------正在同步课程播放次数...
2022-02-12 12:41:32.198 [task-72] INFO  com.novedu.nov.statistics.task.MultiThreadScheduleTask----------------课程播放次数同步完成
2022-02-12 12:42:00.008 [task-73] INFO  com.novedu.nov.statistics.task.MultiThreadScheduleTask----------------正在同步课程播放次数...
2022-02-12 12:42:02.270 [task-73] INFO  com.novedu.nov.statistics.task.MultiThreadScheduleTask----------------课程播放次数同步完成
2022-02-12 12:42:30.010 [task-74] INFO  com.novedu.nov.statistics.task.MultiThreadScheduleTask----------------正在同步课程播放次数...
2022-02-12 12:42:32.804 [task-74] INFO  com.novedu.nov.statistics.task.MultiThreadScheduleTask----------------课程播放次数同步完成
2022-02-12 12:43:00.001 [task-75] INFO  com.novedu.nov.statistics.task.MultiThreadScheduleTask----------------正在同步课程播放次数...
2022-02-12 12:43:02.777 [task-75] INFO  com.novedu.nov.statistics.task.MultiThreadScheduleTask----------------课程播放次数同步完成
2022-02-12 12:43:30.007 [task-76] INFO  com.novedu.nov.statistics.task.MultiThreadScheduleTask----------------正在同步课程播放次数...
2022-02-12 12:43:32.262 [task-76] INFO  com.novedu.nov.statistics.task.MultiThreadScheduleTask----------------课程播放次数同步完成
2022-02-12 12:44:00.010 [task-77] INFO  com.novedu.nov.statistics.task.MultiThreadScheduleTask----------------正在同步课程播放次数...
2022-02-12 12:44:02.248 [task-77] INFO  com.novedu.nov.statistics.task.MultiThreadScheduleTask----------------课程播放次数同步完成
2022-02-12 12:44:30.015 [task-78] INFO  com.novedu.nov.statistics.task.MultiThreadScheduleTask----------------正在同步课程播放次数...
2022-02-12 12:44:32.255 [task-78] INFO  com.novedu.nov.statistics.task.MultiThreadScheduleTask----------------课程播放次数同步完成
2022-02-12 12:45:00.004 [task-79] INFO  com.novedu.nov.statistics.task.MultiThreadScheduleTask----------------正在同步课程播放次数...
2022-02-12 12:45:02.789 [task-79] INFO  com.novedu.nov.statistics.task.MultiThreadScheduleTask----------------课程播放次数同步完成
2022-02-12 12:45:30.007 [task-80] INFO  com.novedu.nov.statistics.task.MultiThreadScheduleTask----------------正在同步课程播放次数...
2022-02-12 12:45:32.780 [task-80] INFO  com.novedu.nov.statistics.task.MultiThreadScheduleTask----------------课程播放次数同步完成
2022-02-12 12:46:00.012 [task-81] INFO  com.novedu.nov.statistics.task.MultiThreadScheduleTask----------------正在同步课程播放次数...
2022-02-12 12:46:03.162 [task-81] INFO  com.novedu.nov.statistics.task.MultiThreadScheduleTask----------------课程播放次数同步完成
2022-02-12 12:46:30.014 [task-82] INFO  com.novedu.nov.statistics.task.MultiThreadScheduleTask----------------正在同步课程播放次数...
2022-02-12 12:46:33.159 [task-82] INFO  com.novedu.nov.statistics.task.MultiThreadScheduleTask----------------课程播放次数同步完成
2022-02-12 12:47:00.003 [task-83] INFO  com.novedu.nov.statistics.task.MultiThreadScheduleTask----------------正在同步课程播放次数...
2022-02-12 12:47:03.153 [task-83] INFO  com.novedu.nov.statistics.task.MultiThreadScheduleTask----------------课程播放次数同步完成
2022-02-12 12:47:30.004 [task-84] INFO  com.novedu.nov.statistics.task.MultiThreadScheduleTask----------------正在同步课程播放次数...
2022-02-12 12:47:32.196 [task-84] INFO  com.novedu.nov.statistics.task.MultiThreadScheduleTask----------------课程播放次数同步完成
2022-02-12 12:48:00.008 [task-85] INFO  com.novedu.nov.statistics.task.MultiThreadScheduleTask----------------正在同步课程播放次数...
2022-02-12 12:48:02.786 [task-85] INFO  com.novedu.nov.statistics.task.MultiThreadScheduleTask----------------课程播放次数同步完成
2022-02-12 12:48:30.011 [task-86] INFO  com.novedu.nov.statistics.task.MultiThreadScheduleTask----------------正在同步课程播放次数...
2022-02-12 12:48:32.780 [task-86] INFO  com.novedu.nov.statistics.task.MultiThreadScheduleTask----------------课程播放次数同步完成
2022-02-12 12:49:00.002 [task-87] INFO  com.novedu.nov.statistics.task.MultiThreadScheduleTask----------------正在同步课程播放次数...
2022-02-12 12:49:02.199 [task-87] INFO  com.novedu.nov.statistics.task.MultiThreadScheduleTask----------------课程播放次数同步完成
2022-02-12 12:49:30.002 [task-88] INFO  com.novedu.nov.statistics.task.MultiThreadScheduleTask----------------正在同步课程播放次数...
2022-02-12 12:49:33.134 [task-88] INFO  com.novedu.nov.statistics.task.MultiThreadScheduleTask----------------课程播放次数同步完成
2022-02-12 12:50:00.012 [task-89] INFO  com.novedu.nov.statistics.task.MultiThreadScheduleTask----------------正在同步课程播放次数...
2022-02-12 12:50:02.190 [task-89] INFO  com.novedu.nov.statistics.task.MultiThreadScheduleTask----------------课程播放次数同步完成
2022-02-12 12:50:30.003 [task-90] INFO  com.novedu.nov.statistics.task.MultiThreadScheduleTask----------------正在同步课程播放次数...
2022-02-12 12:50:32.778 [task-90] INFO  com.novedu.nov.statistics.task.MultiThreadScheduleTask----------------课程播放次数同步完成
2022-02-12 12:51:00.005 [task-91] INFO  com.novedu.nov.statistics.task.MultiThreadScheduleTask----------------正在同步课程播放次数...
2022-02-12 12:51:02.783 [task-91] INFO  com.novedu.nov.statistics.task.MultiThreadScheduleTask----------------课程播放次数同步完成
2022-02-12 12:51:30.014 [task-92] INFO  com.novedu.nov.statistics.task.MultiThreadScheduleTask----------------正在同步课程播放次数...
2022-02-12 12:51:32.788 [task-92] INFO  com.novedu.nov.statistics.task.MultiThreadScheduleTask----------------课程播放次数同步完成
2022-02-12 12:52:00.008 [task-93] INFO  com.novedu.nov.statistics.task.MultiThreadScheduleTask----------------正在同步课程播放次数...
2022-02-12 12:52:03.149 [task-93] INFO  com.novedu.nov.statistics.task.MultiThreadScheduleTask----------------课程播放次数同步完成
2022-02-12 12:52:30.008 [task-94] INFO  com.novedu.nov.statistics.task.MultiThreadScheduleTask----------------正在同步课程播放次数...
2022-02-12 12:52:32.205 [task-94] INFO  com.novedu.nov.statistics.task.MultiThreadScheduleTask----------------课程播放次数同步完成
2022-02-12 12:53:00.012 [task-95] INFO  com.novedu.nov.statistics.task.MultiThreadScheduleTask----------------正在同步课程播放次数...
2022-02-12 12:53:02.796 [task-95] INFO  com.novedu.nov.statistics.task.MultiThreadScheduleTask----------------课程播放次数同步完成
2022-02-12 12:53:30.007 [task-96] INFO  com.novedu.nov.statistics.task.MultiThreadScheduleTask----------------正在同步课程播放次数...
2022-02-12 12:53:32.776 [task-96] INFO  com.novedu.nov.statistics.task.MultiThreadScheduleTask----------------课程播放次数同步完成
2022-02-12 12:54:00.002 [task-97] INFO  com.novedu.nov.statistics.task.MultiThreadScheduleTask----------------正在同步课程播放次数...
2022-02-12 12:54:02.194 [task-97] INFO  com.novedu.nov.statistics.task.MultiThreadScheduleTask----------------课程播放次数同步完成
2022-02-12 12:54:30.012 [task-98] INFO  com.novedu.nov.statistics.task.MultiThreadScheduleTask----------------正在同步课程播放次数...
2022-02-12 12:54:33.156 [task-98] INFO  com.novedu.nov.statistics.task.MultiThreadScheduleTask----------------课程播放次数同步完成
2022-02-12 12:55:00.007 [task-99] INFO  com.novedu.nov.statistics.task.MultiThreadScheduleTask----------------正在同步课程播放次数...
2022-02-12 12:55:02.202 [task-99] INFO  com.novedu.nov.statistics.task.MultiThreadScheduleTask----------------课程播放次数同步完成
2022-02-12 12:55:30.010 [task-100] INFO  com.novedu.nov.statistics.task.MultiThreadScheduleTask----------------正在同步课程播放次数...
2022-02-12 12:55:32.791 [task-100] INFO  com.novedu.nov.statistics.task.MultiThreadScheduleTask----------------课程播放次数同步完成
2022-02-12 12:56:00.010 [task-101] INFO  com.novedu.nov.statistics.task.MultiThreadScheduleTask----------------正在同步课程播放次数...
2022-02-12 12:56:02.777 [task-101] INFO  com.novedu.nov.statistics.task.MultiThreadScheduleTask----------------课程播放次数同步完成
2022-02-12 12:56:30.014 [task-102] INFO  com.novedu.nov.statistics.task.MultiThreadScheduleTask----------------正在同步课程播放次数...
2022-02-12 12:56:32.795 [task-102] INFO  com.novedu.nov.statistics.task.MultiThreadScheduleTask----------------课程播放次数同步完成
2022-02-12 12:57:00.014 [task-103] INFO  com.novedu.nov.statistics.task.MultiThreadScheduleTask----------------正在同步课程播放次数...
2022-02-12 12:57:03.157 [task-103] INFO  com.novedu.nov.statistics.task.MultiThreadScheduleTask----------------课程播放次数同步完成
2022-02-12 12:57:30.014 [task-104] INFO  com.novedu.nov.statistics.task.MultiThreadScheduleTask----------------正在同步课程播放次数...
2022-02-12 12:57:32.240 [task-104] INFO  com.novedu.nov.statistics.task.MultiThreadScheduleTask----------------课程播放次数同步完成
2022-02-12 12:58:00.006 [task-105] INFO  com.novedu.nov.statistics.task.MultiThreadScheduleTask----------------正在同步课程播放次数...
2022-02-12 12:58:02.780 [task-105] INFO  com.novedu.nov.statistics.task.MultiThreadScheduleTask----------------课程播放次数同步完成
2022-02-12 12:58:30.007 [task-106] INFO  com.novedu.nov.statistics.task.MultiThreadScheduleTask----------------正在同步课程播放次数...
2022-02-12 12:58:32.779 [task-106] INFO  com.novedu.nov.statistics.task.MultiThreadScheduleTask----------------课程播放次数同步完成
2022-02-12 12:59:00.011 [task-107] INFO  com.novedu.nov.statistics.task.MultiThreadScheduleTask----------------正在同步课程播放次数...
2022-02-12 12:59:02.236 [task-107] INFO  com.novedu.nov.statistics.task.MultiThreadScheduleTask----------------课程播放次数同步完成
2022-02-12 12:59:30.015 [task-108] INFO  com.novedu.nov.statistics.task.MultiThreadScheduleTask----------------正在同步课程播放次数...
2022-02-12 12:59:33.148 [task-108] INFO  com.novedu.nov.statistics.task.MultiThreadScheduleTask----------------课程播放次数同步完成
2022-02-12 13:00:00.001 [task-109] INFO  com.novedu.nov.statistics.task.MultiThreadScheduleTask----------------正在同步课程播放次数...
2022-02-12 13:00:02.206 [task-109] INFO  com.novedu.nov.statistics.task.MultiThreadScheduleTask----------------课程播放次数同步完成
2022-02-12 13:00:30.006 [task-110] INFO  com.novedu.nov.statistics.task.MultiThreadScheduleTask----------------正在同步课程播放次数...
2022-02-12 13:00:32.777 [task-110] INFO  com.novedu.nov.statistics.task.MultiThreadScheduleTask----------------课程播放次数同步完成
2022-02-12 13:01:00.013 [task-111] INFO  com.novedu.nov.statistics.task.MultiThreadScheduleTask----------------正在同步课程播放次数...
2022-02-12 13:01:02.793 [task-111] INFO  com.novedu.nov.statistics.task.MultiThreadScheduleTask----------------课程播放次数同步完成
2022-02-12 13:01:30.006 [task-112] INFO  com.novedu.nov.statistics.task.MultiThreadScheduleTask----------------正在同步课程播放次数...
2022-02-12 13:01:32.775 [task-112] INFO  com.novedu.nov.statistics.task.MultiThreadScheduleTask----------------课程播放次数同步完成
2022-02-12 13:02:00.015 [task-113] INFO  com.novedu.nov.statistics.task.MultiThreadScheduleTask----------------正在同步课程播放次数...
2022-02-12 13:02:03.152 [task-113] INFO  com.novedu.nov.statistics.task.MultiThreadScheduleTask----------------课程播放次数同步完成
2022-02-12 13:02:30.002 [task-114] INFO  com.novedu.nov.statistics.task.MultiThreadScheduleTask----------------正在同步课程播放次数...
2022-02-12 13:02:32.220 [task-114] INFO  com.novedu.nov.statistics.task.MultiThreadScheduleTask----------------课程播放次数同步完成
2022-02-12 13:03:00.005 [task-115] INFO  com.novedu.nov.statistics.task.MultiThreadScheduleTask----------------正在同步课程播放次数...
2022-02-12 13:03:02.796 [task-115] INFO  com.novedu.nov.statistics.task.MultiThreadScheduleTask----------------课程播放次数同步完成
2022-02-12 13:03:30.007 [task-116] INFO  com.novedu.nov.statistics.task.MultiThreadScheduleTask----------------正在同步课程播放次数...
2022-02-12 13:03:32.795 [task-116] INFO  com.novedu.nov.statistics.task.MultiThreadScheduleTask----------------课程播放次数同步完成
2022-02-12 13:04:00.011 [task-117] INFO  com.novedu.nov.statistics.task.MultiThreadScheduleTask----------------正在同步课程播放次数...
2022-02-12 13:04:02.253 [task-117] INFO  com.novedu.nov.statistics.task.MultiThreadScheduleTask----------------课程播放次数同步完成
2022-02-12 13:04:30.015 [task-118] INFO  com.novedu.nov.statistics.task.MultiThreadScheduleTask----------------正在同步课程播放次数...
2022-02-12 13:04:33.144 [task-118] INFO  com.novedu.nov.statistics.task.MultiThreadScheduleTask----------------课程播放次数同步完成
2022-02-12 13:05:00.003 [task-119] INFO  com.novedu.nov.statistics.task.MultiThreadScheduleTask----------------正在同步课程播放次数...
2022-02-12 13:05:02.789 [task-119] INFO  com.novedu.nov.statistics.task.MultiThreadScheduleTask----------------课程播放次数同步完成
2022-02-12 13:05:30.014 [task-120] INFO  com.novedu.nov.statistics.task.MultiThreadScheduleTask----------------正在同步课程播放次数...
2022-02-12 13:05:53.700 [task-120] INFO  com.novedu.nov.statistics.task.MultiThreadScheduleTask----------------课程播放次数同步完成
2022-02-12 13:06:00.006 [task-121] INFO  com.novedu.nov.statistics.task.MultiThreadScheduleTask----------------正在同步课程播放次数...
2022-02-12 13:06:03.675 [task-121] INFO  com.novedu.nov.statistics.task.MultiThreadScheduleTask----------------课程播放次数同步完成
2022-02-12 13:06:30.008 [task-122] INFO  com.novedu.nov.statistics.task.MultiThreadScheduleTask----------------正在同步课程播放次数...
2022-02-12 13:06:33.669 [task-122] INFO  com.novedu.nov.statistics.task.MultiThreadScheduleTask----------------课程播放次数同步完成
2022-02-12 13:07:00.014 [task-123] INFO  com.novedu.nov.statistics.task.MultiThreadScheduleTask----------------正在同步课程播放次数...
2022-02-12 13:07:03.659 [task-123] INFO  com.novedu.nov.statistics.task.MultiThreadScheduleTask----------------课程播放次数同步完成
2022-02-12 13:07:30.015 [task-124] INFO  com.novedu.nov.statistics.task.MultiThreadScheduleTask----------------正在同步课程播放次数...
2022-02-12 13:07:33.661 [task-124] INFO  com.novedu.nov.statistics.task.MultiThreadScheduleTask----------------课程播放次数同步完成
2022-02-12 13:08:00.001 [task-125] INFO  com.novedu.nov.statistics.task.MultiThreadScheduleTask----------------正在同步课程播放次数...
2022-02-12 13:08:02.635 [task-125] INFO  com.novedu.nov.statistics.task.MultiThreadScheduleTask----------------课程播放次数同步完成
2022-02-12 13:08:30.007 [task-126] INFO  com.novedu.nov.statistics.task.MultiThreadScheduleTask----------------正在同步课程播放次数...
2022-02-12 13:08:33.656 [task-126] INFO  com.novedu.nov.statistics.task.MultiThreadScheduleTask----------------课程播放次数同步完成
2022-02-12 13:09:00.014 [task-127] INFO  com.novedu.nov.statistics.task.MultiThreadScheduleTask----------------正在同步课程播放次数...
2022-02-12 13:09:02.653 [task-127] INFO  com.novedu.nov.statistics.task.MultiThreadScheduleTask----------------课程播放次数同步完成
2022-02-12 13:09:30.001 [task-128] INFO  com.novedu.nov.statistics.task.MultiThreadScheduleTask----------------正在同步课程播放次数...
2022-02-12 13:09:31.784 [task-128] INFO  com.novedu.nov.statistics.task.MultiThreadScheduleTask----------------课程播放次数同步完成
2022-02-12 13:10:00.004 [task-129] INFO  com.novedu.nov.statistics.task.MultiThreadScheduleTask----------------正在同步课程播放次数...
2022-02-12 13:10:02.643 [task-129] INFO  com.novedu.nov.statistics.task.MultiThreadScheduleTask----------------课程播放次数同步完成
2022-02-12 13:10:30.008 [task-130] INFO  com.novedu.nov.statistics.task.MultiThreadScheduleTask----------------正在同步课程播放次数...
2022-02-12 13:10:32.629 [task-130] INFO  com.novedu.nov.statistics.task.MultiThreadScheduleTask----------------课程播放次数同步完成
2022-02-12 13:11:00.003 [task-131] INFO  com.novedu.nov.statistics.task.MultiThreadScheduleTask----------------正在同步课程播放次数...
2022-02-12 13:11:01.854 [task-131] INFO  com.novedu.nov.statistics.task.MultiThreadScheduleTask----------------课程播放次数同步完成
2022-02-12 13:11:30.007 [task-132] INFO  com.novedu.nov.statistics.task.MultiThreadScheduleTask----------------正在同步课程播放次数...
2022-02-12 13:11:33.659 [task-132] INFO  com.novedu.nov.statistics.task.MultiThreadScheduleTask----------------课程播放次数同步完成
2022-02-12 13:12:00.004 [task-133] INFO  com.novedu.nov.statistics.task.MultiThreadScheduleTask----------------正在同步课程播放次数...
2022-02-12 13:12:02.635 [task-133] INFO  com.novedu.nov.statistics.task.MultiThreadScheduleTask----------------课程播放次数同步完成
2022-02-12 13:12:30.014 [task-134] INFO  com.novedu.nov.statistics.task.MultiThreadScheduleTask----------------正在同步课程播放次数...
2022-02-12 13:12:31.803 [task-134] INFO  com.novedu.nov.statistics.task.MultiThreadScheduleTask----------------课程播放次数同步完成
2022-02-12 13:13:00.012 [task-135] INFO  com.novedu.nov.statistics.task.MultiThreadScheduleTask----------------正在同步课程播放次数...
2022-02-12 13:13:02.648 [task-135] INFO  com.novedu.nov.statistics.task.MultiThreadScheduleTask----------------课程播放次数同步完成
2022-02-12 13:13:30.001 [task-136] INFO  com.novedu.nov.statistics.task.MultiThreadScheduleTask----------------正在同步课程播放次数...
2022-02-12 13:13:32.631 [task-136] INFO  com.novedu.nov.statistics.task.MultiThreadScheduleTask----------------课程播放次数同步完成
2022-02-12 13:14:00.014 [task-137] INFO  com.novedu.nov.statistics.task.MultiThreadScheduleTask----------------正在同步课程播放次数...
2022-02-12 13:14:01.822 [task-137] INFO  com.novedu.nov.statistics.task.MultiThreadScheduleTask----------------课程播放次数同步完成
2022-02-12 13:14:30.004 [task-138] INFO  com.novedu.nov.statistics.task.MultiThreadScheduleTask----------------正在同步课程播放次数...
2022-02-12 13:14:33.649 [task-138] INFO  com.novedu.nov.statistics.task.MultiThreadScheduleTask----------------课程播放次数同步完成
2022-02-12 13:15:00.012 [task-139] INFO  com.novedu.nov.statistics.task.MultiThreadScheduleTask----------------正在同步课程播放次数...
2022-02-12 13:15:03.669 [task-139] INFO  com.novedu.nov.statistics.task.MultiThreadScheduleTask----------------课程播放次数同步完成
2022-02-12 13:15:30.007 [task-140] INFO  com.novedu.nov.statistics.task.MultiThreadScheduleTask----------------正在同步课程播放次数...
2022-02-12 13:15:31.796 [task-140] INFO  com.novedu.nov.statistics.task.MultiThreadScheduleTask----------------课程播放次数同步完成
2022-02-12 13:16:00.004 [task-141] INFO  com.novedu.nov.statistics.task.MultiThreadScheduleTask----------------正在同步课程播放次数...
2022-02-12 13:16:01.778 [task-141] INFO  com.novedu.nov.statistics.task.MultiThreadScheduleTask----------------课程播放次数同步完成
2022-02-12 13:16:30.015 [task-142] INFO  com.novedu.nov.statistics.task.MultiThreadScheduleTask----------------正在同步课程播放次数...
2022-02-12 13:16:31.828 [task-142] INFO  com.novedu.nov.statistics.task.MultiThreadScheduleTask----------------课程播放次数同步完成
2022-02-12 13:17:00.006 [task-143] INFO  com.novedu.nov.statistics.task.MultiThreadScheduleTask----------------正在同步课程播放次数...
2022-02-12 13:17:02.658 [task-143] INFO  com.novedu.nov.statistics.task.MultiThreadScheduleTask----------------课程播放次数同步完成
2022-02-12 13:17:30.009 [task-144] INFO  com.novedu.nov.statistics.task.MultiThreadScheduleTask----------------正在同步课程播放次数...
2022-02-12 13:17:32.671 [task-144] INFO  com.novedu.nov.statistics.task.MultiThreadScheduleTask----------------课程播放次数同步完成
2022-02-12 13:18:00.005 [task-145] INFO  com.novedu.nov.statistics.task.MultiThreadScheduleTask----------------正在同步课程播放次数...
2022-02-12 13:18:03.670 [task-145] INFO  com.novedu.nov.statistics.task.MultiThreadScheduleTask----------------课程播放次数同步完成
2022-02-12 13:18:30.015 [task-146] INFO  com.novedu.nov.statistics.task.MultiThreadScheduleTask----------------正在同步课程播放次数...
2022-02-12 13:18:31.810 [task-146] INFO  com.novedu.nov.statistics.task.MultiThreadScheduleTask----------------课程播放次数同步完成
2022-02-12 13:19:00.007 [task-147] INFO  com.novedu.nov.statistics.task.MultiThreadScheduleTask----------------正在同步课程播放次数...
2022-02-12 13:19:03.667 [task-147] INFO  com.novedu.nov.statistics.task.MultiThreadScheduleTask----------------课程播放次数同步完成
2022-02-12 13:19:30.008 [task-148] INFO  com.novedu.nov.statistics.task.MultiThreadScheduleTask----------------正在同步课程播放次数...
2022-02-12 13:19:33.661 [task-148] INFO  com.novedu.nov.statistics.task.MultiThreadScheduleTask----------------课程播放次数同步完成
2022-02-12 13:20:00.005 [task-149] INFO  com.novedu.nov.statistics.task.MultiThreadScheduleTask----------------正在同步课程播放次数...
2022-02-12 13:20:01.802 [task-149] INFO  com.novedu.nov.statistics.task.MultiThreadScheduleTask----------------课程播放次数同步完成
2022-02-12 13:20:30.007 [task-150] INFO  com.novedu.nov.statistics.task.MultiThreadScheduleTask----------------正在同步课程播放次数...
2022-02-12 13:20:31.798 [task-150] INFO  com.novedu.nov.statistics.task.MultiThreadScheduleTask----------------课程播放次数同步完成
2022-02-12 13:21:00.008 [task-151] INFO  com.novedu.nov.statistics.task.MultiThreadScheduleTask----------------正在同步课程播放次数...
2022-02-12 13:21:01.804 [task-151] INFO  com.novedu.nov.statistics.task.MultiThreadScheduleTask----------------课程播放次数同步完成
2022-02-12 13:21:30.015 [task-152] INFO  com.novedu.nov.statistics.task.MultiThreadScheduleTask----------------正在同步课程播放次数...
2022-02-12 13:21:32.635 [task-152] INFO  com.novedu.nov.statistics.task.MultiThreadScheduleTask----------------课程播放次数同步完成
2022-02-12 13:22:00.012 [task-153] INFO  com.novedu.nov.statistics.task.MultiThreadScheduleTask----------------正在同步课程播放次数...
2022-02-12 13:22:03.660 [task-153] INFO  com.novedu.nov.statistics.task.MultiThreadScheduleTask----------------课程播放次数同步完成
2022-02-12 13:22:30.012 [task-154] INFO  com.novedu.nov.statistics.task.MultiThreadScheduleTask----------------正在同步课程播放次数...
2022-02-12 13:22:31.808 [task-154] INFO  com.novedu.nov.statistics.task.MultiThreadScheduleTask----------------课程播放次数同步完成
2022-02-12 13:23:00.014 [task-155] INFO  com.novedu.nov.statistics.task.MultiThreadScheduleTask----------------正在同步课程播放次数...
2022-02-12 13:23:02.648 [task-155] INFO  com.novedu.nov.statistics.task.MultiThreadScheduleTask----------------课程播放次数同步完成
2022-02-12 13:23:30.005 [task-156] INFO  com.novedu.nov.statistics.task.MultiThreadScheduleTask----------------正在同步课程播放次数...
2022-02-12 13:23:32.654 [task-156] INFO  com.novedu.nov.statistics.task.MultiThreadScheduleTask----------------课程播放次数同步完成
2022-02-12 13:24:00.007 [task-157] INFO  com.novedu.nov.statistics.task.MultiThreadScheduleTask----------------正在同步课程播放次数...
2022-02-12 13:24:01.796 [task-157] INFO  com.novedu.nov.statistics.task.MultiThreadScheduleTask----------------课程播放次数同步完成
2022-02-12 13:24:30.013 [task-158] INFO  com.novedu.nov.statistics.task.MultiThreadScheduleTask----------------正在同步课程播放次数...
2022-02-12 13:24:33.664 [task-158] INFO  com.novedu.nov.statistics.task.MultiThreadScheduleTask----------------课程播放次数同步完成
2022-02-12 13:25:00.010 [task-159] INFO  com.novedu.nov.statistics.task.MultiThreadScheduleTask----------------正在同步课程播放次数...
2022-02-12 13:25:01.808 [task-159] INFO  com.novedu.nov.statistics.task.MultiThreadScheduleTask----------------课程播放次数同步完成
2022-02-12 13:25:30.010 [task-160] INFO  com.novedu.nov.statistics.task.MultiThreadScheduleTask----------------正在同步课程播放次数...
2022-02-12 13:25:31.882 [task-160] INFO  com.novedu.nov.statistics.task.MultiThreadScheduleTask----------------课程播放次数同步完成
2022-02-12 13:26:00.011 [task-161] INFO  com.novedu.nov.statistics.task.MultiThreadScheduleTask----------------正在同步课程播放次数...
2022-02-12 13:26:01.841 [task-161] INFO  com.novedu.nov.statistics.task.MultiThreadScheduleTask----------------课程播放次数同步完成
2022-02-12 13:26:30.006 [task-162] INFO  com.novedu.nov.statistics.task.MultiThreadScheduleTask----------------正在同步课程播放次数...
2022-02-12 13:26:32.634 [task-162] INFO  com.novedu.nov.statistics.task.MultiThreadScheduleTask----------------课程播放次数同步完成
2022-02-12 13:27:00.011 [task-163] INFO  com.novedu.nov.statistics.task.MultiThreadScheduleTask----------------正在同步课程播放次数...
2022-02-12 13:27:01.812 [task-163] INFO  com.novedu.nov.statistics.task.MultiThreadScheduleTask----------------课程播放次数同步完成
2022-02-12 13:27:30.003 [task-164] INFO  com.novedu.nov.statistics.task.MultiThreadScheduleTask----------------正在同步课程播放次数...
2022-02-12 13:27:31.794 [task-164] INFO  com.novedu.nov.statistics.task.MultiThreadScheduleTask----------------课程播放次数同步完成
2022-02-12 13:28:00.009 [task-165] INFO  com.novedu.nov.statistics.task.MultiThreadScheduleTask----------------正在同步课程播放次数...
2022-02-12 13:28:01.797 [task-165] INFO  com.novedu.nov.statistics.task.MultiThreadScheduleTask----------------课程播放次数同步完成
2022-02-12 13:28:30.004 [task-166] INFO  com.novedu.nov.statistics.task.MultiThreadScheduleTask----------------正在同步课程播放次数...
2022-02-12 13:28:33.657 [task-166] INFO  com.novedu.nov.statistics.task.MultiThreadScheduleTask----------------课程播放次数同步完成
2022-02-12 13:29:00.004 [task-167] INFO  com.novedu.nov.statistics.task.MultiThreadScheduleTask----------------正在同步课程播放次数...
2022-02-12 13:29:02.645 [task-167] INFO  com.novedu.nov.statistics.task.MultiThreadScheduleTask----------------课程播放次数同步完成
2022-02-12 13:29:30.004 [task-168] INFO  com.novedu.nov.statistics.task.MultiThreadScheduleTask----------------正在同步课程播放次数...
2022-02-12 13:29:32.645 [task-168] INFO  com.novedu.nov.statistics.task.MultiThreadScheduleTask----------------课程播放次数同步完成
2022-02-12 13:30:00.014 [task-169] INFO  com.novedu.nov.statistics.task.MultiThreadScheduleTask----------------正在同步课程播放次数...
2022-02-12 13:30:03.667 [task-169] INFO  com.novedu.nov.statistics.task.MultiThreadScheduleTask----------------课程播放次数同步完成
2022-02-12 13:30:30.001 [task-170] INFO  com.novedu.nov.statistics.task.MultiThreadScheduleTask----------------正在同步课程播放次数...
2022-02-12 13:30:32.615 [task-170] INFO  com.novedu.nov.statistics.task.MultiThreadScheduleTask----------------课程播放次数同步完成
2022-02-12 13:31:00.013 [task-171] INFO  com.novedu.nov.statistics.task.MultiThreadScheduleTask----------------正在同步课程播放次数...
2022-02-12 13:31:03.685 [task-171] INFO  com.novedu.nov.statistics.task.MultiThreadScheduleTask----------------课程播放次数同步完成
2022-02-12 13:31:30.009 [task-172] INFO  com.novedu.nov.statistics.task.MultiThreadScheduleTask----------------正在同步课程播放次数...
2022-02-12 13:31:32.631 [task-172] INFO  com.novedu.nov.statistics.task.MultiThreadScheduleTask----------------课程播放次数同步完成
2022-02-12 13:32:00.015 [task-173] INFO  com.novedu.nov.statistics.task.MultiThreadScheduleTask----------------正在同步课程播放次数...
2022-02-12 13:32:01.799 [task-173] INFO  com.novedu.nov.statistics.task.MultiThreadScheduleTask----------------课程播放次数同步完成
2022-02-12 13:32:30.004 [task-174] INFO  com.novedu.nov.statistics.task.MultiThreadScheduleTask----------------正在同步课程播放次数...
2022-02-12 13:32:31.815 [task-174] INFO  com.novedu.nov.statistics.task.MultiThreadScheduleTask----------------课程播放次数同步完成
2022-02-12 13:33:00.002 [task-175] INFO  com.novedu.nov.statistics.task.MultiThreadScheduleTask----------------正在同步课程播放次数...
2022-02-12 13:33:02.643 [task-175] INFO  com.novedu.nov.statistics.task.MultiThreadScheduleTask----------------课程播放次数同步完成
2022-02-12 13:33:30.006 [task-176] INFO  com.novedu.nov.statistics.task.MultiThreadScheduleTask----------------正在同步课程播放次数...
2022-02-12 13:33:31.790 [task-176] INFO  com.novedu.nov.statistics.task.MultiThreadScheduleTask----------------课程播放次数同步完成
2022-02-12 13:34:00.003 [task-177] INFO  com.novedu.nov.statistics.task.MultiThreadScheduleTask----------------正在同步课程播放次数...
2022-02-12 13:34:01.788 [task-177] INFO  com.novedu.nov.statistics.task.MultiThreadScheduleTask----------------课程播放次数同步完成
2022-02-12 13:34:30.008 [task-178] INFO  com.novedu.nov.statistics.task.MultiThreadScheduleTask----------------正在同步课程播放次数...
2022-02-12 13:34:33.678 [task-178] INFO  com.novedu.nov.statistics.task.MultiThreadScheduleTask----------------课程播放次数同步完成
2022-02-12 13:35:00.006 [task-179] INFO  com.novedu.nov.statistics.task.MultiThreadScheduleTask----------------正在同步课程播放次数...
2022-02-12 13:35:22.629 [SpringContextShutdownHook] INFO  org.springframework.scheduling.concurrent.ThreadPoolTaskScheduler-Shutting down ExecutorService 'Nacos-Watch-Task-Scheduler'
2022-02-12 13:35:22.631 [SpringContextShutdownHook] INFO  com.alibaba.cloud.nacos.registry.NacosServiceRegistry-De-registering from Nacos Server now...
2022-02-12 13:35:22.634 [SpringContextShutdownHook] INFO  com.alibaba.cloud.nacos.registry.NacosServiceRegistry-De-registration finished.
2022-02-12 13:35:22.947 [SpringContextShutdownHook] INFO  org.springframework.scheduling.concurrent.ThreadPoolTaskExecutor-Shutting down ExecutorService 'applicationTaskExecutor'
2022-02-12 13:35:28.264 [background-preinit] INFO  org.hibernate.validator.internal.util.Version-HV000001: Hibernate Validator 6.1.7.Final
2022-02-12 13:35:28.827 [main] INFO  org.reflections.Reflections-Reflections took 28 ms to scan 1 urls, producing 3 keys and 6 values 
2022-02-12 13:35:28.855 [main] INFO  org.reflections.Reflections-Reflections took 14 ms to scan 1 urls, producing 4 keys and 9 values 
2022-02-12 13:35:28.869 [main] INFO  org.reflections.Reflections-Reflections took 12 ms to scan 1 urls, producing 3 keys and 10 values 
2022-02-12 13:35:29.032 [main] INFO  org.reflections.Reflections-Reflections took 159 ms to scan 197 urls, producing 0 keys and 0 values 
2022-02-12 13:35:29.042 [main] INFO  org.reflections.Reflections-Reflections took 9 ms to scan 1 urls, producing 1 keys and 5 values 
2022-02-12 13:35:29.055 [main] INFO  org.reflections.Reflections-Reflections took 10 ms to scan 1 urls, producing 1 keys and 7 values 
2022-02-12 13:35:29.070 [main] INFO  org.reflections.Reflections-Reflections took 12 ms to scan 1 urls, producing 2 keys and 8 values 
2022-02-12 13:35:29.206 [main] INFO  org.reflections.Reflections-Reflections took 133 ms to scan 197 urls, producing 0 keys and 0 values 
2022-02-12 13:35:30.005 [task-180] INFO  com.novedu.nov.statistics.task.MultiThreadScheduleTask----------------正在同步课程播放次数...
2022-02-12 13:35:30.104 [main] INFO  org.springframework.cloud.bootstrap.config.PropertySourceBootstrapConfiguration-Located property source: [BootstrapPropertySource {name='bootstrapProperties-service-edu-dev.properties,DEFAULT_GROUP'}, BootstrapPropertySource {name='bootstrapProperties-service-edu.properties,DEFAULT_GROUP'}, BootstrapPropertySource {name='bootstrapProperties-service-edu,DEFAULT_GROUP'}]
2022-02-12 13:35:30.107 [main] INFO  com.novedu.nov.EduServiceApplication-The following profiles are active: dev
2022-02-12 13:35:30.757 [main] INFO  org.springframework.data.repository.config.RepositoryConfigurationDelegate-Multiple Spring Data modules found, entering strict repository configuration mode!
2022-02-12 13:35:30.759 [main] INFO  org.springframework.data.repository.config.RepositoryConfigurationDelegate-Bootstrapping Spring Data Redis repositories in DEFAULT mode.
2022-02-12 13:35:30.791 [main] INFO  org.springframework.data.repository.config.RepositoryConfigurationDelegate-Finished Spring Data repository scanning in 21ms. Found 0 Redis repository interfaces.
2022-02-12 13:35:30.982 [main] INFO  org.springframework.cloud.context.scope.GenericScope-BeanFactory id=5067d7e8-92d3-39ad-8a8d-d658936fb445
2022-02-12 13:35:31.434 [main] INFO  org.springframework.boot.web.embedded.tomcat.TomcatWebServer-Tomcat initialized with port(s): 8081 (http)
2022-02-12 13:35:31.442 [main] INFO  org.apache.coyote.http11.Http11NioProtocol-Initializing ProtocolHandler ["http-nio-8081"]
2022-02-12 13:35:31.443 [main] INFO  org.apache.catalina.core.StandardService-Starting service [Tomcat]
2022-02-12 13:35:31.443 [main] INFO  org.apache.catalina.core.StandardEngine-Starting Servlet engine: [Apache Tomcat/9.0.46]
2022-02-12 13:35:31.547 [main] INFO  org.apache.catalina.core.ContainerBase.[Tomcat].[localhost].[/]-Initializing Spring embedded WebApplicationContext
2022-02-12 13:35:31.547 [main] INFO  org.springframework.boot.web.servlet.context.ServletWebServerApplicationContext-Root WebApplicationContext: initialization completed in 1420 ms
2022-02-12 13:35:32.698 [main] INFO  org.springframework.cloud.openfeign.FeignClientFactoryBean-For 'service-order' URL not provided. Will try picking an instance via load-balancing.
2022-02-12 13:35:33.994 [main] INFO  springfox.documentation.spring.web.PropertySourcedRequestMappingHandlerMapping-Mapped URL path [/v2/api-docs] onto method [springfox.documentation.swagger2.web.Swagger2Controller#getDocumentation(String, HttpServletRequest)]
2022-02-12 13:35:34.006 [main] INFO  com.netflix.config.sources.URLConfigurationSource-To enable URLs as dynamic configuration sources, define System property archaius.configurationSource.additionalUrls or make config.properties available on classpath.
2022-02-12 13:35:34.010 [main] INFO  com.netflix.config.sources.URLConfigurationSource-To enable URLs as dynamic configuration sources, define System property archaius.configurationSource.additionalUrls or make config.properties available on classpath.
2022-02-12 13:35:34.131 [main] INFO  org.springframework.scheduling.concurrent.ThreadPoolTaskExecutor-Initializing ExecutorService 'applicationTaskExecutor'
2022-02-12 13:35:34.306 [main] INFO  org.springframework.scheduling.concurrent.ThreadPoolTaskScheduler-Initializing ExecutorService 'Nacos-Watch-Task-Scheduler'
2022-02-12 13:35:34.852 [main] INFO  org.apache.coyote.http11.Http11NioProtocol-Starting ProtocolHandler ["http-nio-8081"]
2022-02-12 13:35:34.864 [main] INFO  org.springframework.boot.web.embedded.tomcat.TomcatWebServer-Tomcat started on port(s): 8081 (http) with context path ''
2022-02-12 13:35:34.873 [main] INFO  com.alibaba.cloud.nacos.registry.NacosServiceRegistry-nacos registry, DEFAULT_GROUP service-edu 192.168.31.136:8081 register finished
2022-02-12 13:35:34.942 [main] INFO  springfox.documentation.spring.web.plugins.DocumentationPluginsBootstrapper-Context refreshed
2022-02-12 13:35:34.954 [main] INFO  springfox.documentation.spring.web.plugins.DocumentationPluginsBootstrapper-Found 1 custom documentation plugin(s)
2022-02-12 13:35:34.982 [main] INFO  springfox.documentation.spring.web.scanners.ApiListingReferenceScanner-Scanning for api listing references
2022-02-12 13:35:35.132 [main] INFO  springfox.documentation.spring.web.readers.operation.CachingOperationNameGenerator-Generating unique operation named: queryCommentPageUsingPOST_1
2022-02-12 13:35:35.165 [main] INFO  springfox.documentation.spring.web.readers.operation.CachingOperationNameGenerator-Generating unique operation named: queryCourseByTeacherIdUsingPOST_1
2022-02-12 13:35:35.180 [main] INFO  springfox.documentation.spring.web.readers.operation.CachingOperationNameGenerator-Generating unique operation named: saveCourseUsingPOST_1
2022-02-12 13:35:35.209 [main] INFO  springfox.documentation.spring.web.readers.operation.CachingOperationNameGenerator-Generating unique operation named: saveCourseUsingPOST_2
2022-02-12 13:35:35.232 [main] INFO  com.novedu.nov.EduServiceApplication-Started EduServiceApplication in 7.445 seconds (JVM running for 8.089)
2022-02-12 13:35:39.502 [http-nio-8081-exec-4] INFO  org.apache.catalina.core.ContainerBase.[Tomcat].[localhost].[/]-Initializing Spring DispatcherServlet 'dispatcherServlet'
2022-02-12 13:35:39.502 [http-nio-8081-exec-4] INFO  org.springframework.web.servlet.DispatcherServlet-Initializing Servlet 'dispatcherServlet'
2022-02-12 13:35:39.509 [http-nio-8081-exec-4] INFO  org.springframework.web.servlet.DispatcherServlet-Completed initialization in 7 ms
2022-02-12 13:36:00.009 [task-181] INFO  com.novedu.nov.statistics.task.MultiThreadScheduleTask----------------正在同步课程播放次数...
2022-02-12 13:36:30.012 [task-182] INFO  com.novedu.nov.statistics.task.MultiThreadScheduleTask----------------正在同步课程播放次数...
2022-02-12 13:36:33.079 [task-182] INFO  com.novedu.nov.statistics.task.MultiThreadScheduleTask----------------课程播放次数同步完成
2022-02-12 13:37:00.013 [task-183] INFO  com.novedu.nov.statistics.task.MultiThreadScheduleTask----------------正在同步课程播放次数...
2022-02-12 13:37:03.148 [task-183] INFO  com.novedu.nov.statistics.task.MultiThreadScheduleTask----------------课程播放次数同步完成
2022-02-12 13:37:30.014 [task-184] INFO  com.novedu.nov.statistics.task.MultiThreadScheduleTask----------------正在同步课程播放次数...
2022-02-12 13:37:32.987 [task-184] INFO  com.novedu.nov.statistics.task.MultiThreadScheduleTask----------------课程播放次数同步完成
2022-02-12 13:38:00.011 [task-185] INFO  com.novedu.nov.statistics.task.MultiThreadScheduleTask----------------正在同步课程播放次数...
2022-02-12 13:38:02.983 [task-185] INFO  com.novedu.nov.statistics.task.MultiThreadScheduleTask----------------课程播放次数同步完成
2022-02-12 13:38:30.011 [task-186] INFO  com.novedu.nov.statistics.task.MultiThreadScheduleTask----------------正在同步课程播放次数...
2022-02-12 13:38:33.063 [task-186] INFO  com.novedu.nov.statistics.task.MultiThreadScheduleTask----------------课程播放次数同步完成
2022-02-12 13:39:00.009 [task-187] INFO  com.novedu.nov.statistics.task.MultiThreadScheduleTask----------------正在同步课程播放次数...
2022-02-12 13:39:03.137 [task-187] INFO  com.novedu.nov.statistics.task.MultiThreadScheduleTask----------------课程播放次数同步完成
2022-02-12 13:39:30.008 [task-188] INFO  com.novedu.nov.statistics.task.MultiThreadScheduleTask----------------正在同步课程播放次数...
2022-02-12 13:39:33.148 [task-188] INFO  com.novedu.nov.statistics.task.MultiThreadScheduleTask----------------课程播放次数同步完成
2022-02-12 13:40:00.011 [task-189] INFO  com.novedu.nov.statistics.task.MultiThreadScheduleTask----------------正在同步课程播放次数...
2022-02-12 13:40:03.187 [task-189] INFO  com.novedu.nov.statistics.task.MultiThreadScheduleTask----------------课程播放次数同步完成
2022-02-12 13:40:30.007 [task-190] INFO  com.novedu.nov.statistics.task.MultiThreadScheduleTask----------------正在同步课程播放次数...
2022-02-12 13:40:33.152 [task-190] INFO  com.novedu.nov.statistics.task.MultiThreadScheduleTask----------------课程播放次数同步完成
2022-02-12 13:41:00.008 [task-191] INFO  com.novedu.nov.statistics.task.MultiThreadScheduleTask----------------正在同步课程播放次数...
2022-02-12 13:41:03.087 [task-191] INFO  com.novedu.nov.statistics.task.MultiThreadScheduleTask----------------课程播放次数同步完成
2022-02-12 13:41:30.008 [task-192] INFO  com.novedu.nov.statistics.task.MultiThreadScheduleTask----------------正在同步课程播放次数...
2022-02-12 13:41:32.975 [task-192] INFO  com.novedu.nov.statistics.task.MultiThreadScheduleTask----------------课程播放次数同步完成
2022-02-12 13:42:00.004 [task-193] INFO  com.novedu.nov.statistics.task.MultiThreadScheduleTask----------------正在同步课程播放次数...
2022-02-12 13:42:03.220 [task-193] INFO  com.novedu.nov.statistics.task.MultiThreadScheduleTask----------------课程播放次数同步完成
2022-02-12 13:42:30.011 [task-194] INFO  com.novedu.nov.statistics.task.MultiThreadScheduleTask----------------正在同步课程播放次数...
2022-02-12 13:42:32.973 [task-194] INFO  com.novedu.nov.statistics.task.MultiThreadScheduleTask----------------课程播放次数同步完成
2022-02-12 13:43:00.004 [task-195] INFO  com.novedu.nov.statistics.task.MultiThreadScheduleTask----------------正在同步课程播放次数...
2022-02-12 13:43:03.247 [task-195] INFO  com.novedu.nov.statistics.task.MultiThreadScheduleTask----------------课程播放次数同步完成
2022-02-12 13:43:30.013 [task-196] INFO  com.novedu.nov.statistics.task.MultiThreadScheduleTask----------------正在同步课程播放次数...
2022-02-12 13:43:33.211 [task-196] INFO  com.novedu.nov.statistics.task.MultiThreadScheduleTask----------------课程播放次数同步完成
2022-02-12 13:44:00.009 [task-197] INFO  com.novedu.nov.statistics.task.MultiThreadScheduleTask----------------正在同步课程播放次数...
2022-02-12 13:44:03.113 [task-197] INFO  com.novedu.nov.statistics.task.MultiThreadScheduleTask----------------课程播放次数同步完成
2022-02-12 13:44:06.717 [http-nio-8081-exec-8] INFO  com.novedu.nov.common.config.NovMetaObjectHandler-start insert fill ....
2022-02-12 13:44:17.587 [http-nio-8081-exec-2] INFO  com.novedu.nov.common.config.NovMetaObjectHandler-start insert fill ....
2022-02-12 13:44:30.007 [task-198] INFO  com.novedu.nov.statistics.task.MultiThreadScheduleTask----------------正在同步课程播放次数...
2022-02-12 13:44:33.117 [task-198] INFO  com.novedu.nov.statistics.task.MultiThreadScheduleTask----------------课程播放次数同步完成
2022-02-12 13:45:00.005 [task-199] INFO  com.novedu.nov.statistics.task.MultiThreadScheduleTask----------------正在同步课程播放次数...
2022-02-12 13:45:03.021 [task-199] INFO  com.novedu.nov.statistics.task.MultiThreadScheduleTask----------------课程播放次数同步完成
2022-02-12 13:45:30.012 [task-200] INFO  com.novedu.nov.statistics.task.MultiThreadScheduleTask----------------正在同步课程播放次数...
2022-02-12 13:45:33.261 [task-200] INFO  com.novedu.nov.statistics.task.MultiThreadScheduleTask----------------课程播放次数同步完成
2022-02-12 13:46:00.012 [task-201] INFO  com.novedu.nov.statistics.task.MultiThreadScheduleTask----------------正在同步课程播放次数...
2022-02-12 13:46:03.022 [task-201] INFO  com.novedu.nov.statistics.task.MultiThreadScheduleTask----------------课程播放次数同步完成
2022-02-12 13:46:30.013 [task-202] INFO  com.novedu.nov.statistics.task.MultiThreadScheduleTask----------------正在同步课程播放次数...
2022-02-12 13:46:33.191 [task-202] INFO  com.novedu.nov.statistics.task.MultiThreadScheduleTask----------------课程播放次数同步完成
2022-02-12 13:47:00.012 [task-203] INFO  com.novedu.nov.statistics.task.MultiThreadScheduleTask----------------正在同步课程播放次数...
2022-02-12 13:47:02.982 [task-203] INFO  com.novedu.nov.statistics.task.MultiThreadScheduleTask----------------课程播放次数同步完成
2022-02-12 13:47:30.015 [task-204] INFO  com.novedu.nov.statistics.task.MultiThreadScheduleTask----------------正在同步课程播放次数...
2022-02-12 13:47:33.105 [task-204] INFO  com.novedu.nov.statistics.task.MultiThreadScheduleTask----------------课程播放次数同步完成
2022-02-12 13:48:00.014 [task-205] INFO  com.novedu.nov.statistics.task.MultiThreadScheduleTask----------------正在同步课程播放次数...
2022-02-12 13:48:03.189 [task-205] INFO  com.novedu.nov.statistics.task.MultiThreadScheduleTask----------------课程播放次数同步完成
2022-02-12 13:48:05.718 [http-nio-8085-exec-2] INFO  com.novedu.nov.common.config.NovMetaObjectHandler-start insert fill ....
2022-02-12 13:48:23.519 [http-nio-8086-exec-2] INFO  com.novedu.nov.common.config.NovMetaObjectHandler-start insert fill ....
2022-02-12 13:48:25.445 [http-nio-8086-exec-4] INFO  com.novedu.nov.common.config.NovMetaObjectHandler-start update fill ....
2022-02-12 13:48:25.530 [http-nio-8086-exec-4] INFO  com.novedu.nov.order.service.impl.AlipayServiceImpl-同步订单:1492375007848595458成功
2022-02-12 13:48:29.521 [http-nio-8081-exec-6] INFO  com.novedu.nov.common.config.NovMetaObjectHandler-start insert fill ....
2022-02-12 13:48:30.004 [task-206] INFO  com.novedu.nov.statistics.task.MultiThreadScheduleTask----------------正在同步课程播放次数...
2022-02-12 13:48:33.010 [task-206] INFO  com.novedu.nov.statistics.task.MultiThreadScheduleTask----------------课程播放次数同步完成
2022-02-12 13:48:39.429 [http-nio-8086-exec-4] INFO  com.novedu.nov.order.service.impl.AlipayServiceImpl-saveApply fail
2022-02-12 13:48:39.530 [http-nio-8086-exec-4] INFO  com.novedu.nov.order.service.impl.AlipayServiceImpl-同步课程学习人数失败
2022-02-12 13:48:39.649 [http-nio-8086-exec-4] INFO  com.novedu.nov.order.service.impl.AlipayServiceImpl-同步课程购买数失败
2022-02-12 13:49:00.013 [task-207] INFO  com.novedu.nov.statistics.task.MultiThreadScheduleTask----------------正在同步课程播放次数...
2022-02-12 13:49:03.018 [task-207] INFO  com.novedu.nov.statistics.task.MultiThreadScheduleTask----------------课程播放次数同步完成
2022-02-12 13:49:30.012 [task-208] INFO  com.novedu.nov.statistics.task.MultiThreadScheduleTask----------------正在同步课程播放次数...
2022-02-12 13:49:33.022 [task-208] INFO  com.novedu.nov.statistics.task.MultiThreadScheduleTask----------------课程播放次数同步完成
2022-02-12 13:49:38.602 [Thread-39] INFO  com.netflix.loadbalancer.PollingServerListUpdater-Shutting down the Executor Pool for PollingServerListUpdater
2022-02-12 13:49:38.665 [SpringContextShutdownHook] INFO  org.springframework.scheduling.concurrent.ThreadPoolTaskScheduler-Shutting down ExecutorService 'Nacos-Watch-Task-Scheduler'
2022-02-12 13:49:38.667 [SpringContextShutdownHook] INFO  com.alibaba.cloud.nacos.registry.NacosServiceRegistry-De-registering from Nacos Server now...
2022-02-12 13:49:38.668 [SpringContextShutdownHook] INFO  com.alibaba.cloud.nacos.registry.NacosServiceRegistry-De-registration finished.
2022-02-12 13:49:39.004 [SpringContextShutdownHook] INFO  org.springframework.scheduling.concurrent.ThreadPoolTaskExecutor-Shutting down ExecutorService 'applicationTaskExecutor'
2022-02-12 13:49:44.762 [background-preinit] INFO  org.hibernate.validator.internal.util.Version-HV000001: Hibernate Validator 6.1.7.Final
2022-02-12 13:49:45.315 [main] INFO  org.reflections.Reflections-Reflections took 28 ms to scan 1 urls, producing 3 keys and 6 values 
2022-02-12 13:49:45.342 [main] INFO  org.reflections.Reflections-Reflections took 14 ms to scan 1 urls, producing 4 keys and 9 values 
2022-02-12 13:49:45.357 [main] INFO  org.reflections.Reflections-Reflections took 12 ms to scan 1 urls, producing 3 keys and 10 values 
2022-02-12 13:49:45.513 [main] INFO  org.reflections.Reflections-Reflections took 151 ms to scan 197 urls, producing 0 keys and 0 values 
2022-02-12 13:49:45.523 [main] INFO  org.reflections.Reflections-Reflections took 10 ms to scan 1 urls, producing 1 keys and 5 values 
2022-02-12 13:49:45.538 [main] INFO  org.reflections.Reflections-Reflections took 13 ms to scan 1 urls, producing 1 keys and 7 values 
2022-02-12 13:49:45.553 [main] INFO  org.reflections.Reflections-Reflections took 13 ms to scan 1 urls, producing 2 keys and 8 values 
2022-02-12 13:49:45.684 [main] INFO  org.reflections.Reflections-Reflections took 128 ms to scan 197 urls, producing 0 keys and 0 values 
2022-02-12 13:49:46.602 [main] INFO  org.springframework.cloud.bootstrap.config.PropertySourceBootstrapConfiguration-Located property source: [BootstrapPropertySource {name='bootstrapProperties-service-order-dev.properties,DEFAULT_GROUP'}, BootstrapPropertySource {name='bootstrapProperties-service-order.properties,DEFAULT_GROUP'}, BootstrapPropertySource {name='bootstrapProperties-service-order,DEFAULT_GROUP'}]
2022-02-12 13:49:46.606 [main] INFO  com.novedu.nov.order.OrderServiceApplication-The following profiles are active: dev
2022-02-12 13:49:47.196 [main] INFO  org.springframework.data.repository.config.RepositoryConfigurationDelegate-Multiple Spring Data modules found, entering strict repository configuration mode!
2022-02-12 13:49:47.198 [main] INFO  org.springframework.data.repository.config.RepositoryConfigurationDelegate-Bootstrapping Spring Data Redis repositories in DEFAULT mode.
2022-02-12 13:49:47.220 [main] INFO  org.springframework.data.repository.config.RepositoryConfigurationDelegate-Finished Spring Data repository scanning in 11ms. Found 0 Redis repository interfaces.
2022-02-12 13:49:47.396 [main] INFO  org.springframework.cloud.context.scope.GenericScope-BeanFactory id=b4613ab7-10cb-3196-92ad-10c7b5250c80
2022-02-12 13:49:47.797 [main] INFO  org.springframework.boot.web.embedded.tomcat.TomcatWebServer-Tomcat initialized with port(s): 8086 (http)
2022-02-12 13:49:47.805 [main] INFO  org.apache.coyote.http11.Http11NioProtocol-Initializing ProtocolHandler ["http-nio-8086"]
2022-02-12 13:49:47.805 [main] INFO  org.apache.catalina.core.StandardService-Starting service [Tomcat]
2022-02-12 13:49:47.805 [main] INFO  org.apache.catalina.core.StandardEngine-Starting Servlet engine: [Apache Tomcat/9.0.46]
2022-02-12 13:49:47.909 [main] INFO  org.apache.catalina.core.ContainerBase.[Tomcat].[localhost].[/]-Initializing Spring embedded WebApplicationContext
2022-02-12 13:49:47.909 [main] INFO  org.springframework.boot.web.servlet.context.ServletWebServerApplicationContext-Root WebApplicationContext: initialization completed in 1284 ms
2022-02-12 13:49:48.105 [main] INFO  org.springframework.cloud.openfeign.FeignClientFactoryBean-For 'service-edu' URL not provided. Will try picking an instance via load-balancing.
2022-02-12 13:49:48.500 [main] INFO  org.springframework.cloud.openfeign.FeignClientFactoryBean-For 'service-ucenter' URL not provided. Will try picking an instance via load-balancing.
2022-02-12 13:49:51.048 [main] INFO  springfox.documentation.spring.web.PropertySourcedRequestMappingHandlerMapping-Mapped URL path [/v2/api-docs] onto method [springfox.documentation.swagger2.web.Swagger2Controller#getDocumentation(String, HttpServletRequest)]
2022-02-12 13:49:51.057 [main] INFO  com.netflix.config.sources.URLConfigurationSource-To enable URLs as dynamic configuration sources, define System property archaius.configurationSource.additionalUrls or make config.properties available on classpath.
2022-02-12 13:49:51.061 [main] INFO  com.netflix.config.sources.URLConfigurationSource-To enable URLs as dynamic configuration sources, define System property archaius.configurationSource.additionalUrls or make config.properties available on classpath.
2022-02-12 13:49:51.174 [main] INFO  org.springframework.scheduling.concurrent.ThreadPoolTaskExecutor-Initializing ExecutorService 'applicationTaskExecutor'
2022-02-12 13:49:51.343 [main] INFO  org.springframework.scheduling.concurrent.ThreadPoolTaskScheduler-Initializing ExecutorService 'Nacos-Watch-Task-Scheduler'
2022-02-12 13:49:51.878 [main] INFO  org.apache.coyote.http11.Http11NioProtocol-Starting ProtocolHandler ["http-nio-8086"]
2022-02-12 13:49:51.892 [main] INFO  org.springframework.boot.web.embedded.tomcat.TomcatWebServer-Tomcat started on port(s): 8086 (http) with context path ''
2022-02-12 13:49:51.902 [main] INFO  com.alibaba.cloud.nacos.registry.NacosServiceRegistry-nacos registry, DEFAULT_GROUP service-order 192.168.31.136:8086 register finished
2022-02-12 13:49:51.972 [main] INFO  springfox.documentation.spring.web.plugins.DocumentationPluginsBootstrapper-Context refreshed
2022-02-12 13:49:51.985 [main] INFO  springfox.documentation.spring.web.plugins.DocumentationPluginsBootstrapper-Found 1 custom documentation plugin(s)
2022-02-12 13:49:52.013 [main] INFO  springfox.documentation.spring.web.scanners.ApiListingReferenceScanner-Scanning for api listing references
2022-02-12 13:49:52.150 [main] INFO  com.novedu.nov.order.OrderServiceApplication-Started OrderServiceApplication in 7.856 seconds (JVM running for 8.5)
2022-02-12 13:49:56.024 [http-nio-8086-exec-1] INFO  org.apache.catalina.core.ContainerBase.[Tomcat].[localhost].[/]-Initializing Spring DispatcherServlet 'dispatcherServlet'
2022-02-12 13:49:56.024 [http-nio-8086-exec-1] INFO  org.springframework.web.servlet.DispatcherServlet-Initializing Servlet 'dispatcherServlet'
2022-02-12 13:49:56.031 [http-nio-8086-exec-1] INFO  org.springframework.web.servlet.DispatcherServlet-Completed initialization in 6 ms
2022-02-12 13:50:00.004 [task-209] INFO  com.novedu.nov.statistics.task.MultiThreadScheduleTask----------------正在同步课程播放次数...
2022-02-12 13:50:03.088 [task-209] INFO  com.novedu.nov.statistics.task.MultiThreadScheduleTask----------------课程播放次数同步完成
2022-02-12 13:50:05.178 [http-nio-8086-exec-3] INFO  com.netflix.config.ChainedDynamicProperty-Flipping property: service-edu.ribbon.ActiveConnectionsLimit to use NEXT property: niws.loadbalancer.availabilityFilteringRule.activeConnectionsLimit = 2147483647
2022-02-12 13:50:05.192 [http-nio-8086-exec-3] INFO  com.netflix.loadbalancer.BaseLoadBalancer-Client: service-edu instantiated a LoadBalancer: DynamicServerListLoadBalancer:{NFLoadBalancer:name=service-edu,current list of Servers=[],Load balancer stats=Zone stats: {},Server stats: []}ServerList:null
2022-02-12 13:50:05.197 [http-nio-8086-exec-3] INFO  com.netflix.loadbalancer.DynamicServerListLoadBalancer-Using serverListUpdater PollingServerListUpdater
2022-02-12 13:50:05.214 [http-nio-8086-exec-3] INFO  com.netflix.config.ChainedDynamicProperty-Flipping property: service-edu.ribbon.ActiveConnectionsLimit to use NEXT property: niws.loadbalancer.availabilityFilteringRule.activeConnectionsLimit = 2147483647
2022-02-12 13:50:05.215 [http-nio-8086-exec-3] INFO  com.netflix.loadbalancer.DynamicServerListLoadBalancer-DynamicServerListLoadBalancer for client service-edu initialized: DynamicServerListLoadBalancer:{NFLoadBalancer:name=service-edu,current list of Servers=[192.168.31.136:8081],Load balancer stats=Zone stats: {unknown=[Zone:unknown;	Instance count:1;	Active connections count: 0;	Circuit breaker tripped count: 0;	Active connections per server: 0.0;]
},Server stats: [[Server:192.168.31.136:8081;	Zone:UNKNOWN;	Total Requests:0;	Successive connection failure:0;	Total blackout seconds:0;	Last connection made:Thu Jan 01 08:00:00 CST 1970;	First connection made: Thu Jan 01 08:00:00 CST 1970;	Active Connections:0;	total failure count in last (1000) msecs:0;	average resp time:0.0;	90 percentile resp time:0.0;	95 percentile resp time:0.0;	min resp time:0.0;	max resp time:0.0;	stddev resp time:0.0]
]}ServerList:com.alibaba.cloud.nacos.ribbon.NacosServerList@6b50652e
2022-02-12 13:50:06.211 [PollingServerListUpdater-0] INFO  com.netflix.config.ChainedDynamicProperty-Flipping property: service-edu.ribbon.ActiveConnectionsLimit to use NEXT property: niws.loadbalancer.availabilityFilteringRule.activeConnectionsLimit = 2147483647
2022-02-12 13:50:08.763 [http-nio-8086-exec-4] INFO  com.netflix.config.ChainedDynamicProperty-Flipping property: service-ucenter.ribbon.ActiveConnectionsLimit to use NEXT property: niws.loadbalancer.availabilityFilteringRule.activeConnectionsLimit = 2147483647
2022-02-12 13:50:08.764 [http-nio-8086-exec-4] INFO  com.netflix.loadbalancer.BaseLoadBalancer-Client: service-ucenter instantiated a LoadBalancer: DynamicServerListLoadBalancer:{NFLoadBalancer:name=service-ucenter,current list of Servers=[],Load balancer stats=Zone stats: {},Server stats: []}ServerList:null
2022-02-12 13:50:08.765 [http-nio-8086-exec-4] INFO  com.netflix.loadbalancer.DynamicServerListLoadBalancer-Using serverListUpdater PollingServerListUpdater
2022-02-12 13:50:08.770 [http-nio-8086-exec-4] INFO  com.netflix.config.ChainedDynamicProperty-Flipping property: service-ucenter.ribbon.ActiveConnectionsLimit to use NEXT property: niws.loadbalancer.availabilityFilteringRule.activeConnectionsLimit = 2147483647
2022-02-12 13:50:08.770 [http-nio-8086-exec-4] INFO  com.netflix.loadbalancer.DynamicServerListLoadBalancer-DynamicServerListLoadBalancer for client service-ucenter initialized: DynamicServerListLoadBalancer:{NFLoadBalancer:name=service-ucenter,current list of Servers=[192.168.31.136:8085],Load balancer stats=Zone stats: {unknown=[Zone:unknown;	Instance count:1;	Active connections count: 0;	Circuit breaker tripped count: 0;	Active connections per server: 0.0;]
},Server stats: [[Server:192.168.31.136:8085;	Zone:UNKNOWN;	Total Requests:0;	Successive connection failure:0;	Total blackout seconds:0;	Last connection made:Thu Jan 01 08:00:00 CST 1970;	First connection made: Thu Jan 01 08:00:00 CST 1970;	Active Connections:0;	total failure count in last (1000) msecs:0;	average resp time:0.0;	90 percentile resp time:0.0;	95 percentile resp time:0.0;	min resp time:0.0;	max resp time:0.0;	stddev resp time:0.0]
]}ServerList:com.alibaba.cloud.nacos.ribbon.NacosServerList@3d148ad6
2022-02-12 13:50:08.888 [http-nio-8086-exec-4] INFO  com.novedu.nov.common.config.NovMetaObjectHandler-start insert fill ....
2022-02-12 13:50:09.769 [PollingServerListUpdater-0] INFO  com.netflix.config.ChainedDynamicProperty-Flipping property: service-ucenter.ribbon.ActiveConnectionsLimit to use NEXT property: niws.loadbalancer.availabilityFilteringRule.activeConnectionsLimit = 2147483647
2022-02-12 13:50:15.320 [http-nio-8086-exec-7] INFO  com.novedu.nov.common.config.NovMetaObjectHandler-start update fill ....
2022-02-12 13:50:15.417 [http-nio-8086-exec-7] INFO  com.novedu.nov.order.service.impl.AlipayServiceImpl-同步订单:1492375449815068673成功
2022-02-12 13:50:15.421 [http-nio-8081-exec-1] INFO  com.novedu.nov.common.config.NovMetaObjectHandler-start insert fill ....
2022-02-12 13:50:15.618 [http-nio-8086-exec-7] INFO  com.novedu.nov.order.service.impl.AlipayServiceImpl-saveApply success
2022-02-12 13:50:15.728 [http-nio-8086-exec-7] INFO  com.novedu.nov.order.service.impl.AlipayServiceImpl-同步课程学习人数成功
2022-02-12 13:50:15.847 [http-nio-8086-exec-7] INFO  com.novedu.nov.order.service.impl.AlipayServiceImpl-同步课程购买数成功
2022-02-12 13:50:30.015 [task-210] INFO  com.novedu.nov.statistics.task.MultiThreadScheduleTask----------------正在同步课程播放次数...
2022-02-12 13:50:33.301 [task-210] INFO  com.novedu.nov.statistics.task.MultiThreadScheduleTask----------------课程播放次数同步完成
2022-02-12 13:51:00.009 [task-211] INFO  com.novedu.nov.statistics.task.MultiThreadScheduleTask----------------正在同步课程播放次数...
2022-02-12 13:51:03.131 [task-211] INFO  com.novedu.nov.statistics.task.MultiThreadScheduleTask----------------课程播放次数同步完成
2022-02-12 13:51:30.014 [task-212] INFO  com.novedu.nov.statistics.task.MultiThreadScheduleTask----------------正在同步课程播放次数...
2022-02-12 13:51:32.978 [task-212] INFO  com.novedu.nov.statistics.task.MultiThreadScheduleTask----------------课程播放次数同步完成
2022-02-12 13:52:00.004 [task-213] INFO  com.novedu.nov.statistics.task.MultiThreadScheduleTask----------------正在同步课程播放次数...
2022-02-12 13:52:03.159 [task-213] INFO  com.novedu.nov.statistics.task.MultiThreadScheduleTask----------------课程播放次数同步完成
2022-02-12 13:52:30.007 [task-214] INFO  com.novedu.nov.statistics.task.MultiThreadScheduleTask----------------正在同步课程播放次数...
2022-02-12 13:52:33.021 [task-214] INFO  com.novedu.nov.statistics.task.MultiThreadScheduleTask----------------课程播放次数同步完成
2022-02-12 13:53:00.012 [task-215] INFO  com.novedu.nov.statistics.task.MultiThreadScheduleTask----------------正在同步课程播放次数...
2022-02-12 13:53:03.261 [task-215] INFO  com.novedu.nov.statistics.task.MultiThreadScheduleTask----------------课程播放次数同步完成
2022-02-12 13:53:30.008 [task-216] INFO  com.novedu.nov.statistics.task.MultiThreadScheduleTask----------------正在同步课程播放次数...
2022-02-12 13:53:33.130 [task-216] INFO  com.novedu.nov.statistics.task.MultiThreadScheduleTask----------------课程播放次数同步完成
2022-02-12 13:54:00.009 [task-217] INFO  com.novedu.nov.statistics.task.MultiThreadScheduleTask----------------正在同步课程播放次数...
2022-02-12 13:54:03.191 [task-217] INFO  com.novedu.nov.statistics.task.MultiThreadScheduleTask----------------课程播放次数同步完成
2022-02-12 13:54:30.003 [task-218] INFO  com.novedu.nov.statistics.task.MultiThreadScheduleTask----------------正在同步课程播放次数...
2022-02-12 13:54:32.967 [task-218] INFO  com.novedu.nov.statistics.task.MultiThreadScheduleTask----------------课程播放次数同步完成
2022-02-12 13:55:00.004 [task-219] INFO  com.novedu.nov.statistics.task.MultiThreadScheduleTask----------------正在同步课程播放次数...
2022-02-12 13:55:03.221 [task-219] INFO  com.novedu.nov.statistics.task.MultiThreadScheduleTask----------------课程播放次数同步完成
2022-02-12 13:55:30.016 [task-220] INFO  com.novedu.nov.statistics.task.MultiThreadScheduleTask----------------正在同步课程播放次数...
2022-02-12 13:55:33.228 [task-220] INFO  com.novedu.nov.statistics.task.MultiThreadScheduleTask----------------课程播放次数同步完成
2022-02-12 13:56:00.002 [task-221] INFO  com.novedu.nov.statistics.task.MultiThreadScheduleTask----------------正在同步课程播放次数...
2022-02-12 13:56:03.162 [task-221] INFO  com.novedu.nov.statistics.task.MultiThreadScheduleTask----------------课程播放次数同步完成
2022-02-12 13:56:30.008 [task-222] INFO  com.novedu.nov.statistics.task.MultiThreadScheduleTask----------------正在同步课程播放次数...
2022-02-12 13:56:32.955 [task-222] INFO  com.novedu.nov.statistics.task.MultiThreadScheduleTask----------------课程播放次数同步完成
2022-02-12 13:57:00.004 [task-223] INFO  com.novedu.nov.statistics.task.MultiThreadScheduleTask----------------正在同步课程播放次数...
2022-02-12 13:57:03.110 [task-223] INFO  com.novedu.nov.statistics.task.MultiThreadScheduleTask----------------课程播放次数同步完成
2022-02-12 13:57:30.004 [task-224] INFO  com.novedu.nov.statistics.task.MultiThreadScheduleTask----------------正在同步课程播放次数...
2022-02-12 13:57:33.005 [task-224] INFO  com.novedu.nov.statistics.task.MultiThreadScheduleTask----------------课程播放次数同步完成
2022-02-12 13:58:00.002 [task-225] INFO  com.novedu.nov.statistics.task.MultiThreadScheduleTask----------------正在同步课程播放次数...
2022-02-12 13:58:03.261 [task-225] INFO  com.novedu.nov.statistics.task.MultiThreadScheduleTask----------------课程播放次数同步完成
2022-02-12 13:58:30.016 [task-226] INFO  com.novedu.nov.statistics.task.MultiThreadScheduleTask----------------正在同步课程播放次数...
2022-02-12 13:58:33.136 [task-226] INFO  com.novedu.nov.statistics.task.MultiThreadScheduleTask----------------课程播放次数同步完成
2022-02-12 13:59:00.016 [task-227] INFO  com.novedu.nov.statistics.task.MultiThreadScheduleTask----------------正在同步课程播放次数...
2022-02-12 13:59:03.281 [task-227] INFO  com.novedu.nov.statistics.task.MultiThreadScheduleTask----------------课程播放次数同步完成
2022-02-12 13:59:30.011 [task-228] INFO  com.novedu.nov.statistics.task.MultiThreadScheduleTask----------------正在同步课程播放次数...
2022-02-12 13:59:32.973 [task-228] INFO  com.novedu.nov.statistics.task.MultiThreadScheduleTask----------------课程播放次数同步完成
2022-02-12 14:00:00.003 [task-229] INFO  com.novedu.nov.statistics.task.MultiThreadScheduleTask----------------正在同步课程播放次数...
2022-02-12 14:00:03.188 [task-229] INFO  com.novedu.nov.statistics.task.MultiThreadScheduleTask----------------课程播放次数同步完成
2022-02-12 14:00:30.015 [task-230] INFO  com.novedu.nov.statistics.task.MultiThreadScheduleTask----------------正在同步课程播放次数...
2022-02-12 14:00:33.212 [task-230] INFO  com.novedu.nov.statistics.task.MultiThreadScheduleTask----------------课程播放次数同步完成
2022-02-12 14:01:00.013 [task-231] INFO  com.novedu.nov.statistics.task.MultiThreadScheduleTask----------------正在同步课程播放次数...
2022-02-12 14:01:03.148 [task-231] INFO  com.novedu.nov.statistics.task.MultiThreadScheduleTask----------------课程播放次数同步完成
2022-02-12 14:01:30.013 [task-232] INFO  com.novedu.nov.statistics.task.MultiThreadScheduleTask----------------正在同步课程播放次数...
2022-02-12 14:01:32.958 [task-232] INFO  com.novedu.nov.statistics.task.MultiThreadScheduleTask----------------课程播放次数同步完成
2022-02-12 14:02:00.010 [task-233] INFO  com.novedu.nov.statistics.task.MultiThreadScheduleTask----------------正在同步课程播放次数...
2022-02-12 14:02:03.125 [task-233] INFO  com.novedu.nov.statistics.task.MultiThreadScheduleTask----------------课程播放次数同步完成
2022-02-12 14:02:30.012 [task-234] INFO  com.novedu.nov.statistics.task.MultiThreadScheduleTask----------------正在同步课程播放次数...
2022-02-12 14:02:33.026 [task-234] INFO  com.novedu.nov.statistics.task.MultiThreadScheduleTask----------------课程播放次数同步完成
2022-02-12 14:03:00.003 [task-235] INFO  com.novedu.nov.statistics.task.MultiThreadScheduleTask----------------正在同步课程播放次数...
2022-02-12 14:03:03.269 [task-235] INFO  com.novedu.nov.statistics.task.MultiThreadScheduleTask----------------课程播放次数同步完成
2022-02-12 14:03:30.010 [task-236] INFO  com.novedu.nov.statistics.task.MultiThreadScheduleTask----------------正在同步课程播放次数...
2022-02-12 14:03:33.185 [task-236] INFO  com.novedu.nov.statistics.task.MultiThreadScheduleTask----------------课程播放次数同步完成
2022-02-12 14:04:00.016 [task-237] INFO  com.novedu.nov.statistics.task.MultiThreadScheduleTask----------------正在同步课程播放次数...
2022-02-12 14:04:03.226 [task-237] INFO  com.novedu.nov.statistics.task.MultiThreadScheduleTask----------------课程播放次数同步完成
2022-02-12 14:04:30.002 [task-238] INFO  com.novedu.nov.statistics.task.MultiThreadScheduleTask----------------正在同步课程播放次数...
2022-02-12 14:04:32.970 [task-238] INFO  com.novedu.nov.statistics.task.MultiThreadScheduleTask----------------课程播放次数同步完成
2022-02-12 14:05:00.012 [task-239] INFO  com.novedu.nov.statistics.task.MultiThreadScheduleTask----------------正在同步课程播放次数...
2022-02-12 14:05:03.203 [task-239] INFO  com.novedu.nov.statistics.task.MultiThreadScheduleTask----------------课程播放次数同步完成
2022-02-12 14:05:30.013 [task-240] INFO  com.novedu.nov.statistics.task.MultiThreadScheduleTask----------------正在同步课程播放次数...
2022-02-12 14:05:52.868 [task-240] INFO  com.novedu.nov.statistics.task.MultiThreadScheduleTask----------------课程播放次数同步完成
2022-02-12 14:06:00.006 [task-241] INFO  com.novedu.nov.statistics.task.MultiThreadScheduleTask----------------正在同步课程播放次数...
2022-02-12 14:06:02.845 [task-241] INFO  com.novedu.nov.statistics.task.MultiThreadScheduleTask----------------课程播放次数同步完成
2022-02-12 14:06:30.015 [task-242] INFO  com.novedu.nov.statistics.task.MultiThreadScheduleTask----------------正在同步课程播放次数...
2022-02-12 14:06:32.846 [task-242] INFO  com.novedu.nov.statistics.task.MultiThreadScheduleTask----------------课程播放次数同步完成
2022-02-12 14:07:00.004 [task-243] INFO  com.novedu.nov.statistics.task.MultiThreadScheduleTask----------------正在同步课程播放次数...
2022-02-12 14:07:02.834 [task-243] INFO  com.novedu.nov.statistics.task.MultiThreadScheduleTask----------------课程播放次数同步完成
2022-02-12 14:07:04.488 [Thread-39] INFO  com.netflix.loadbalancer.PollingServerListUpdater-Shutting down the Executor Pool for PollingServerListUpdater
2022-02-12 14:07:04.550 [SpringContextShutdownHook] INFO  org.springframework.scheduling.concurrent.ThreadPoolTaskScheduler-Shutting down ExecutorService 'Nacos-Watch-Task-Scheduler'
2022-02-12 14:07:04.553 [SpringContextShutdownHook] INFO  com.alibaba.cloud.nacos.registry.NacosServiceRegistry-De-registering from Nacos Server now...
2022-02-12 14:07:04.554 [SpringContextShutdownHook] INFO  com.alibaba.cloud.nacos.registry.NacosServiceRegistry-De-registration finished.
2022-02-12 14:07:04.865 [SpringContextShutdownHook] INFO  org.springframework.scheduling.concurrent.ThreadPoolTaskExecutor-Shutting down ExecutorService 'applicationTaskExecutor'
2022-02-12 14:07:15.334 [background-preinit] INFO  org.hibernate.validator.internal.util.Version-HV000001: Hibernate Validator 6.1.7.Final
2022-02-12 14:07:15.906 [main] INFO  org.reflections.Reflections-Reflections took 29 ms to scan 1 urls, producing 3 keys and 6 values 
2022-02-12 14:07:15.935 [main] INFO  org.reflections.Reflections-Reflections took 15 ms to scan 1 urls, producing 4 keys and 9 values 
2022-02-12 14:07:15.952 [main] INFO  org.reflections.Reflections-Reflections took 14 ms to scan 1 urls, producing 3 keys and 10 values 
2022-02-12 14:07:16.108 [main] INFO  org.reflections.Reflections-Reflections took 152 ms to scan 200 urls, producing 0 keys and 0 values 
2022-02-12 14:07:16.119 [main] INFO  org.reflections.Reflections-Reflections took 10 ms to scan 1 urls, producing 1 keys and 5 values 
2022-02-12 14:07:16.136 [main] INFO  org.reflections.Reflections-Reflections took 15 ms to scan 1 urls, producing 1 keys and 7 values 
2022-02-12 14:07:16.149 [main] INFO  org.reflections.Reflections-Reflections took 10 ms to scan 1 urls, producing 2 keys and 8 values 
2022-02-12 14:07:16.284 [main] INFO  org.reflections.Reflections-Reflections took 132 ms to scan 200 urls, producing 0 keys and 0 values 
2022-02-12 14:07:17.241 [main] INFO  org.springframework.cloud.bootstrap.config.PropertySourceBootstrapConfiguration-Located property source: [BootstrapPropertySource {name='bootstrapProperties-service-order-dev.properties,DEFAULT_GROUP'}, BootstrapPropertySource {name='bootstrapProperties-service-order.properties,DEFAULT_GROUP'}, BootstrapPropertySource {name='bootstrapProperties-service-order,DEFAULT_GROUP'}]
2022-02-12 14:07:17.245 [main] INFO  com.novedu.nov.order.OrderServiceApplication-The following profiles are active: dev
2022-02-12 14:07:17.882 [main] INFO  org.springframework.data.repository.config.RepositoryConfigurationDelegate-Multiple Spring Data modules found, entering strict repository configuration mode!
2022-02-12 14:07:17.884 [main] INFO  org.springframework.data.repository.config.RepositoryConfigurationDelegate-Bootstrapping Spring Data Redis repositories in DEFAULT mode.
2022-02-12 14:07:17.908 [main] INFO  org.springframework.data.repository.config.RepositoryConfigurationDelegate-Finished Spring Data repository scanning in 12ms. Found 0 Redis repository interfaces.
2022-02-12 14:07:18.105 [main] INFO  org.springframework.cloud.context.scope.GenericScope-BeanFactory id=7a5eb90e-09e1-36de-bc0e-f3cbd71822cc
2022-02-12 14:07:18.522 [main] INFO  org.springframework.boot.web.embedded.tomcat.TomcatWebServer-Tomcat initialized with port(s): 8086 (http)
2022-02-12 14:07:18.530 [main] INFO  org.apache.coyote.http11.Http11NioProtocol-Initializing ProtocolHandler ["http-nio-8086"]
2022-02-12 14:07:18.531 [main] INFO  org.apache.catalina.core.StandardService-Starting service [Tomcat]
2022-02-12 14:07:18.531 [main] INFO  org.apache.catalina.core.StandardEngine-Starting Servlet engine: [Apache Tomcat/9.0.46]
2022-02-12 14:07:18.640 [main] INFO  org.apache.catalina.core.ContainerBase.[Tomcat].[localhost].[/]-Initializing Spring embedded WebApplicationContext
2022-02-12 14:07:18.640 [main] INFO  org.springframework.boot.web.servlet.context.ServletWebServerApplicationContext-Root WebApplicationContext: initialization completed in 1376 ms
2022-02-12 14:07:18.875 [main] INFO  org.springframework.cloud.openfeign.FeignClientFactoryBean-For 'service-edu' URL not provided. Will try picking an instance via load-balancing.
2022-02-12 14:07:18.951 [main] INFO  com.alibaba.druid.spring.boot.autoconfigure.DruidDataSourceAutoConfigure-Init DruidDataSource
2022-02-12 14:07:22.631 [main] INFO  com.alibaba.druid.pool.DruidDataSource-{dataSource-1} inited
2022-02-12 14:07:23.079 [main] INFO  org.springframework.cloud.openfeign.FeignClientFactoryBean-For 'service-ucenter' URL not provided. Will try picking an instance via load-balancing.
2022-02-12 14:07:23.812 [main] INFO  springfox.documentation.spring.web.PropertySourcedRequestMappingHandlerMapping-Mapped URL path [/v2/api-docs] onto method [springfox.documentation.swagger2.web.Swagger2Controller#getDocumentation(String, HttpServletRequest)]
2022-02-12 14:07:23.823 [main] INFO  com.netflix.config.sources.URLConfigurationSource-To enable URLs as dynamic configuration sources, define System property archaius.configurationSource.additionalUrls or make config.properties available on classpath.
2022-02-12 14:07:23.827 [main] INFO  com.netflix.config.sources.URLConfigurationSource-To enable URLs as dynamic configuration sources, define System property archaius.configurationSource.additionalUrls or make config.properties available on classpath.
2022-02-12 14:07:23.953 [main] INFO  org.springframework.scheduling.concurrent.ThreadPoolTaskExecutor-Initializing ExecutorService 'applicationTaskExecutor'
2022-02-12 14:07:24.114 [main] INFO  org.springframework.scheduling.concurrent.ThreadPoolTaskScheduler-Initializing ExecutorService 'Nacos-Watch-Task-Scheduler'
2022-02-12 14:07:24.667 [main] INFO  org.apache.coyote.http11.Http11NioProtocol-Starting ProtocolHandler ["http-nio-8086"]
2022-02-12 14:07:24.680 [main] INFO  org.springframework.boot.web.embedded.tomcat.TomcatWebServer-Tomcat started on port(s): 8086 (http) with context path ''
2022-02-12 14:07:24.689 [main] INFO  com.alibaba.cloud.nacos.registry.NacosServiceRegistry-nacos registry, DEFAULT_GROUP service-order 192.168.31.136:8086 register finished
2022-02-12 14:07:24.757 [main] INFO  springfox.documentation.spring.web.plugins.DocumentationPluginsBootstrapper-Context refreshed
2022-02-12 14:07:24.769 [main] INFO  springfox.documentation.spring.web.plugins.DocumentationPluginsBootstrapper-Found 1 custom documentation plugin(s)
2022-02-12 14:07:24.801 [main] INFO  springfox.documentation.spring.web.scanners.ApiListingReferenceScanner-Scanning for api listing references
2022-02-12 14:07:24.815 [http-nio-8086-exec-1] INFO  org.apache.catalina.core.ContainerBase.[Tomcat].[localhost].[/]-Initializing Spring DispatcherServlet 'dispatcherServlet'
2022-02-12 14:07:24.816 [http-nio-8086-exec-1] INFO  org.springframework.web.servlet.DispatcherServlet-Initializing Servlet 'dispatcherServlet'
2022-02-12 14:07:24.825 [http-nio-8086-exec-1] INFO  org.springframework.web.servlet.DispatcherServlet-Completed initialization in 9 ms
2022-02-12 14:07:24.968 [main] INFO  com.novedu.nov.order.OrderServiceApplication-Started OrderServiceApplication in 10.143 seconds (JVM running for 10.856)
2022-02-12 14:07:30.008 [task-244] INFO  com.novedu.nov.statistics.task.MultiThreadScheduleTask----------------正在同步课程播放次数...
2022-02-12 14:07:32.845 [task-244] INFO  com.novedu.nov.statistics.task.MultiThreadScheduleTask----------------课程播放次数同步完成
2022-02-12 14:08:00.011 [task-245] INFO  com.novedu.nov.statistics.task.MultiThreadScheduleTask----------------正在同步课程播放次数...
2022-02-12 14:08:02.842 [task-245] INFO  com.novedu.nov.statistics.task.MultiThreadScheduleTask----------------课程播放次数同步完成
2022-02-12 14:08:24.248 [SpringContextShutdownHook] INFO  org.springframework.scheduling.concurrent.ThreadPoolTaskScheduler-Shutting down ExecutorService 'Nacos-Watch-Task-Scheduler'
2022-02-12 14:08:24.251 [SpringContextShutdownHook] INFO  com.alibaba.cloud.nacos.registry.NacosServiceRegistry-De-registering from Nacos Server now...
2022-02-12 14:08:24.253 [SpringContextShutdownHook] INFO  com.alibaba.cloud.nacos.registry.NacosServiceRegistry-De-registration finished.
2022-02-12 14:08:24.584 [SpringContextShutdownHook] INFO  org.springframework.scheduling.concurrent.ThreadPoolTaskExecutor-Shutting down ExecutorService 'applicationTaskExecutor'
2022-02-12 14:08:30.001 [task-246] INFO  com.novedu.nov.statistics.task.MultiThreadScheduleTask----------------正在同步课程播放次数...
2022-02-12 14:08:31.858 [background-preinit] INFO  org.hibernate.validator.internal.util.Version-HV000001: Hibernate Validator 6.1.7.Final
2022-02-12 14:08:32.408 [main] INFO  org.reflections.Reflections-Reflections took 28 ms to scan 1 urls, producing 3 keys and 6 values 
2022-02-12 14:08:32.435 [main] INFO  org.reflections.Reflections-Reflections took 14 ms to scan 1 urls, producing 4 keys and 9 values 
2022-02-12 14:08:32.452 [main] INFO  org.reflections.Reflections-Reflections took 13 ms to scan 1 urls, producing 3 keys and 10 values 
2022-02-12 14:08:32.610 [main] INFO  org.reflections.Reflections-Reflections took 155 ms to scan 200 urls, producing 0 keys and 0 values 
2022-02-12 14:08:32.621 [main] INFO  org.reflections.Reflections-Reflections took 9 ms to scan 1 urls, producing 1 keys and 5 values 
2022-02-12 14:08:32.635 [main] INFO  org.reflections.Reflections-Reflections took 12 ms to scan 1 urls, producing 1 keys and 7 values 
2022-02-12 14:08:32.648 [main] INFO  org.reflections.Reflections-Reflections took 10 ms to scan 1 urls, producing 2 keys and 8 values 
2022-02-12 14:08:32.783 [main] INFO  org.reflections.Reflections-Reflections took 133 ms to scan 200 urls, producing 0 keys and 0 values 
2022-02-12 14:08:33.715 [main] INFO  org.springframework.cloud.bootstrap.config.PropertySourceBootstrapConfiguration-Located property source: [BootstrapPropertySource {name='bootstrapProperties-service-edu-dev.properties,DEFAULT_GROUP'}, BootstrapPropertySource {name='bootstrapProperties-service-edu.properties,DEFAULT_GROUP'}, BootstrapPropertySource {name='bootstrapProperties-service-edu,DEFAULT_GROUP'}]
2022-02-12 14:08:33.719 [main] INFO  com.novedu.nov.EduServiceApplication-The following profiles are active: dev
2022-02-12 14:08:34.364 [main] INFO  org.springframework.data.repository.config.RepositoryConfigurationDelegate-Multiple Spring Data modules found, entering strict repository configuration mode!
2022-02-12 14:08:34.366 [main] INFO  org.springframework.data.repository.config.RepositoryConfigurationDelegate-Bootstrapping Spring Data Redis repositories in DEFAULT mode.
2022-02-12 14:08:34.401 [main] INFO  org.springframework.data.repository.config.RepositoryConfigurationDelegate-Finished Spring Data repository scanning in 22ms. Found 0 Redis repository interfaces.
2022-02-12 14:08:34.589 [main] INFO  org.springframework.cloud.context.scope.GenericScope-BeanFactory id=be9c73ee-bdf8-3ecf-8a7d-81f48d93c79f
2022-02-12 14:08:35.019 [main] INFO  org.springframework.boot.web.embedded.tomcat.TomcatWebServer-Tomcat initialized with port(s): 8081 (http)
2022-02-12 14:08:35.027 [main] INFO  org.apache.coyote.http11.Http11NioProtocol-Initializing ProtocolHandler ["http-nio-8081"]
2022-02-12 14:08:35.027 [main] INFO  org.apache.catalina.core.StandardService-Starting service [Tomcat]
2022-02-12 14:08:35.027 [main] INFO  org.apache.catalina.core.StandardEngine-Starting Servlet engine: [Apache Tomcat/9.0.46]
2022-02-12 14:08:35.131 [main] INFO  org.apache.catalina.core.ContainerBase.[Tomcat].[localhost].[/]-Initializing Spring embedded WebApplicationContext
2022-02-12 14:08:35.131 [main] INFO  org.springframework.boot.web.servlet.context.ServletWebServerApplicationContext-Root WebApplicationContext: initialization completed in 1392 ms
2022-02-12 14:08:35.225 [main] INFO  com.alibaba.druid.spring.boot.autoconfigure.DruidDataSourceAutoConfigure-Init DruidDataSource
2022-02-12 14:08:35.304 [main] INFO  com.alibaba.druid.pool.DruidDataSource-{dataSource-1} inited
2022-02-12 14:08:36.436 [main] INFO  org.springframework.cloud.openfeign.FeignClientFactoryBean-For 'service-order' URL not provided. Will try picking an instance via load-balancing.
2022-02-12 14:08:38.752 [main] INFO  springfox.documentation.spring.web.PropertySourcedRequestMappingHandlerMapping-Mapped URL path [/v2/api-docs] onto method [springfox.documentation.swagger2.web.Swagger2Controller#getDocumentation(String, HttpServletRequest)]
2022-02-12 14:08:38.763 [main] INFO  com.netflix.config.sources.URLConfigurationSource-To enable URLs as dynamic configuration sources, define System property archaius.configurationSource.additionalUrls or make config.properties available on classpath.
2022-02-12 14:08:38.766 [main] INFO  com.netflix.config.sources.URLConfigurationSource-To enable URLs as dynamic configuration sources, define System property archaius.configurationSource.additionalUrls or make config.properties available on classpath.
2022-02-12 14:08:38.884 [main] INFO  org.springframework.scheduling.concurrent.ThreadPoolTaskExecutor-Initializing ExecutorService 'applicationTaskExecutor'
2022-02-12 14:08:39.050 [main] INFO  org.springframework.scheduling.concurrent.ThreadPoolTaskScheduler-Initializing ExecutorService 'Nacos-Watch-Task-Scheduler'
2022-02-12 14:08:39.598 [main] INFO  org.apache.coyote.http11.Http11NioProtocol-Starting ProtocolHandler ["http-nio-8081"]
2022-02-12 14:08:39.610 [main] INFO  org.springframework.boot.web.embedded.tomcat.TomcatWebServer-Tomcat started on port(s): 8081 (http) with context path ''
2022-02-12 14:08:39.619 [main] INFO  com.alibaba.cloud.nacos.registry.NacosServiceRegistry-nacos registry, DEFAULT_GROUP service-edu 192.168.31.136:8081 register finished
2022-02-12 14:08:39.686 [main] INFO  springfox.documentation.spring.web.plugins.DocumentationPluginsBootstrapper-Context refreshed
2022-02-12 14:08:39.698 [main] INFO  springfox.documentation.spring.web.plugins.DocumentationPluginsBootstrapper-Found 1 custom documentation plugin(s)
2022-02-12 14:08:39.728 [main] INFO  springfox.documentation.spring.web.scanners.ApiListingReferenceScanner-Scanning for api listing references
2022-02-12 14:08:39.888 [main] INFO  springfox.documentation.spring.web.readers.operation.CachingOperationNameGenerator-Generating unique operation named: queryCommentPageUsingPOST_1
2022-02-12 14:08:39.926 [main] INFO  springfox.documentation.spring.web.readers.operation.CachingOperationNameGenerator-Generating unique operation named: queryCourseByTeacherIdUsingPOST_1
2022-02-12 14:08:39.945 [main] INFO  springfox.documentation.spring.web.readers.operation.CachingOperationNameGenerator-Generating unique operation named: saveCourseUsingPOST_1
2022-02-12 14:08:39.977 [main] INFO  springfox.documentation.spring.web.readers.operation.CachingOperationNameGenerator-Generating unique operation named: saveCourseUsingPOST_2
2022-02-12 14:08:40.000 [main] INFO  com.novedu.nov.EduServiceApplication-Started EduServiceApplication in 8.611 seconds (JVM running for 9.252)
2022-02-12 14:08:45.523 [SpringContextShutdownHook] INFO  org.springframework.scheduling.concurrent.ThreadPoolTaskScheduler-Shutting down ExecutorService 'Nacos-Watch-Task-Scheduler'
2022-02-12 14:08:45.546 [SpringContextShutdownHook] INFO  com.alibaba.cloud.nacos.registry.NacosServiceRegistry-De-registering from Nacos Server now...
2022-02-12 14:08:45.548 [SpringContextShutdownHook] INFO  com.alibaba.cloud.nacos.registry.NacosServiceRegistry-De-registration finished.
2022-02-12 14:08:45.885 [SpringContextShutdownHook] INFO  org.springframework.scheduling.concurrent.ThreadPoolTaskExecutor-Shutting down ExecutorService 'applicationTaskExecutor'
2022-02-12 14:08:51.651 [background-preinit] INFO  org.hibernate.validator.internal.util.Version-HV000001: Hibernate Validator 6.1.7.Final
2022-02-12 14:08:52.209 [main] INFO  org.reflections.Reflections-Reflections took 28 ms to scan 1 urls, producing 3 keys and 6 values 
2022-02-12 14:08:52.237 [main] INFO  org.reflections.Reflections-Reflections took 15 ms to scan 1 urls, producing 4 keys and 9 values 
2022-02-12 14:08:52.253 [main] INFO  org.reflections.Reflections-Reflections took 12 ms to scan 1 urls, producing 3 keys and 10 values 
2022-02-12 14:08:52.413 [main] INFO  org.reflections.Reflections-Reflections took 157 ms to scan 200 urls, producing 0 keys and 0 values 
2022-02-12 14:08:52.424 [main] INFO  org.reflections.Reflections-Reflections took 9 ms to scan 1 urls, producing 1 keys and 5 values 
2022-02-12 14:08:52.439 [main] INFO  org.reflections.Reflections-Reflections took 13 ms to scan 1 urls, producing 1 keys and 7 values 
2022-02-12 14:08:52.454 [main] INFO  org.reflections.Reflections-Reflections took 12 ms to scan 1 urls, producing 2 keys and 8 values 
2022-02-12 14:08:52.482 [http-nio-8081-exec-3] INFO  org.apache.catalina.core.ContainerBase.[Tomcat].[localhost].[/]-Initializing Spring DispatcherServlet 'dispatcherServlet'
2022-02-12 14:08:52.482 [http-nio-8081-exec-3] INFO  org.springframework.web.servlet.DispatcherServlet-Initializing Servlet 'dispatcherServlet'
2022-02-12 14:08:52.489 [http-nio-8081-exec-3] INFO  org.springframework.web.servlet.DispatcherServlet-Completed initialization in 6 ms
2022-02-12 14:08:52.588 [main] INFO  org.reflections.Reflections-Reflections took 130 ms to scan 200 urls, producing 0 keys and 0 values 
2022-02-12 14:08:53.521 [main] INFO  org.springframework.cloud.bootstrap.config.PropertySourceBootstrapConfiguration-Located property source: [BootstrapPropertySource {name='bootstrapProperties-service-ucenter-dev.properties,DEFAULT_GROUP'}, BootstrapPropertySource {name='bootstrapProperties-service-ucenter.properties,DEFAULT_GROUP'}, BootstrapPropertySource {name='bootstrapProperties-service-ucenter,DEFAULT_GROUP'}]
2022-02-12 14:08:53.524 [main] INFO  com.novedu.nov.UCenterServiceApplication-The following profiles are active: dev
2022-02-12 14:08:54.006 [main] INFO  org.springframework.data.repository.config.RepositoryConfigurationDelegate-Multiple Spring Data modules found, entering strict repository configuration mode!
2022-02-12 14:08:54.008 [main] INFO  org.springframework.data.repository.config.RepositoryConfigurationDelegate-Bootstrapping Spring Data Redis repositories in DEFAULT mode.
2022-02-12 14:08:54.034 [main] INFO  org.springframework.data.repository.config.RepositoryConfigurationDelegate-Finished Spring Data repository scanning in 15ms. Found 0 Redis repository interfaces.
2022-02-12 14:08:54.200 [main] INFO  org.springframework.cloud.context.scope.GenericScope-BeanFactory id=8b09e3ae-b9fe-325f-9737-9676993fe415
2022-02-12 14:08:54.574 [main] INFO  org.springframework.boot.web.embedded.tomcat.TomcatWebServer-Tomcat initialized with port(s): 8085 (http)
2022-02-12 14:08:54.582 [main] INFO  org.apache.coyote.http11.Http11NioProtocol-Initializing ProtocolHandler ["http-nio-8085"]
2022-02-12 14:08:54.583 [main] INFO  org.apache.catalina.core.StandardService-Starting service [Tomcat]
2022-02-12 14:08:54.583 [main] INFO  org.apache.catalina.core.StandardEngine-Starting Servlet engine: [Apache Tomcat/9.0.46]
2022-02-12 14:08:54.710 [main] INFO  org.apache.catalina.core.ContainerBase.[Tomcat].[localhost].[/]-Initializing Spring embedded WebApplicationContext
2022-02-12 14:08:54.711 [main] INFO  org.springframework.boot.web.servlet.context.ServletWebServerApplicationContext-Root WebApplicationContext: initialization completed in 1169 ms
2022-02-12 14:08:54.802 [main] INFO  com.alibaba.druid.spring.boot.autoconfigure.DruidDataSourceAutoConfigure-Init DruidDataSource
2022-02-12 14:08:54.876 [main] INFO  com.alibaba.druid.pool.DruidDataSource-{dataSource-1} inited
2022-02-12 14:08:57.004 [main] INFO  com.netflix.config.sources.URLConfigurationSource-To enable URLs as dynamic configuration sources, define System property archaius.configurationSource.additionalUrls or make config.properties available on classpath.
2022-02-12 14:08:57.008 [main] INFO  com.netflix.config.sources.URLConfigurationSource-To enable URLs as dynamic configuration sources, define System property archaius.configurationSource.additionalUrls or make config.properties available on classpath.
2022-02-12 14:08:57.172 [main] INFO  org.springframework.scheduling.concurrent.ThreadPoolTaskExecutor-Initializing ExecutorService 'applicationTaskExecutor'
2022-02-12 14:08:57.365 [main] INFO  org.springframework.scheduling.concurrent.ThreadPoolTaskScheduler-Initializing ExecutorService 'Nacos-Watch-Task-Scheduler'
2022-02-12 14:08:58.158 [main] INFO  org.apache.coyote.http11.Http11NioProtocol-Starting ProtocolHandler ["http-nio-8085"]
2022-02-12 14:08:58.171 [main] INFO  org.springframework.boot.web.embedded.tomcat.TomcatWebServer-Tomcat started on port(s): 8085 (http) with context path ''
2022-02-12 14:08:58.179 [main] INFO  com.alibaba.cloud.nacos.registry.NacosServiceRegistry-nacos registry, DEFAULT_GROUP service-ucenter 192.168.31.136:8085 register finished
2022-02-12 14:08:58.257 [main] INFO  com.novedu.nov.UCenterServiceApplication-Started UCenterServiceApplication in 7.081 seconds (JVM running for 7.746)
2022-02-12 14:09:00.009 [task-247] INFO  com.novedu.nov.statistics.task.MultiThreadScheduleTask----------------正在同步课程播放次数...
2022-02-12 14:09:12.235 [http-nio-8086-exec-6] INFO  com.netflix.config.ChainedDynamicProperty-Flipping property: service-edu.ribbon.ActiveConnectionsLimit to use NEXT property: niws.loadbalancer.availabilityFilteringRule.activeConnectionsLimit = 2147483647
2022-02-12 14:09:12.248 [http-nio-8086-exec-6] INFO  com.netflix.loadbalancer.BaseLoadBalancer-Client: service-edu instantiated a LoadBalancer: DynamicServerListLoadBalancer:{NFLoadBalancer:name=service-edu,current list of Servers=[],Load balancer stats=Zone stats: {},Server stats: []}ServerList:null
2022-02-12 14:09:12.253 [http-nio-8086-exec-6] INFO  com.netflix.loadbalancer.DynamicServerListLoadBalancer-Using serverListUpdater PollingServerListUpdater
2022-02-12 14:09:12.270 [http-nio-8086-exec-6] INFO  com.netflix.config.ChainedDynamicProperty-Flipping property: service-edu.ribbon.ActiveConnectionsLimit to use NEXT property: niws.loadbalancer.availabilityFilteringRule.activeConnectionsLimit = 2147483647
2022-02-12 14:09:12.271 [http-nio-8086-exec-6] INFO  com.netflix.loadbalancer.DynamicServerListLoadBalancer-DynamicServerListLoadBalancer for client service-edu initialized: DynamicServerListLoadBalancer:{NFLoadBalancer:name=service-edu,current list of Servers=[192.168.31.136:8081],Load balancer stats=Zone stats: {unknown=[Zone:unknown;	Instance count:1;	Active connections count: 0;	Circuit breaker tripped count: 0;	Active connections per server: 0.0;]
},Server stats: [[Server:192.168.31.136:8081;	Zone:UNKNOWN;	Total Requests:0;	Successive connection failure:0;	Total blackout seconds:0;	Last connection made:Thu Jan 01 08:00:00 CST 1970;	First connection made: Thu Jan 01 08:00:00 CST 1970;	Active Connections:0;	total failure count in last (1000) msecs:0;	average resp time:0.0;	90 percentile resp time:0.0;	95 percentile resp time:0.0;	min resp time:0.0;	max resp time:0.0;	stddev resp time:0.0]
]}ServerList:com.alibaba.cloud.nacos.ribbon.NacosServerList@29b6e1f
2022-02-12 14:09:13.261 [PollingServerListUpdater-0] INFO  com.netflix.config.ChainedDynamicProperty-Flipping property: service-edu.ribbon.ActiveConnectionsLimit to use NEXT property: niws.loadbalancer.availabilityFilteringRule.activeConnectionsLimit = 2147483647
2022-02-12 14:09:30.002 [task-248] INFO  com.novedu.nov.statistics.task.MultiThreadScheduleTask----------------正在同步课程播放次数...
2022-02-12 14:09:49.242 [task-248] INFO  com.novedu.nov.statistics.task.MultiThreadScheduleTask----------------课程播放次数同步失败
2022-02-12 14:10:00.007 [task-249] INFO  com.novedu.nov.statistics.task.MultiThreadScheduleTask----------------正在同步课程播放次数...
2022-02-12 14:10:03.018 [task-249] INFO  com.novedu.nov.statistics.task.MultiThreadScheduleTask----------------课程播放次数同步完成
2022-02-12 14:10:30.011 [task-250] INFO  com.novedu.nov.statistics.task.MultiThreadScheduleTask----------------正在同步课程播放次数...
2022-02-12 14:10:33.559 [task-250] INFO  com.novedu.nov.statistics.task.MultiThreadScheduleTask----------------课程播放次数同步完成
2022-02-12 14:11:00.007 [task-251] INFO  com.novedu.nov.statistics.task.MultiThreadScheduleTask----------------正在同步课程播放次数...
2022-02-12 14:11:03.488 [task-251] INFO  com.novedu.nov.statistics.task.MultiThreadScheduleTask----------------课程播放次数同步完成
2022-02-12 14:11:30.015 [task-252] INFO  com.novedu.nov.statistics.task.MultiThreadScheduleTask----------------正在同步课程播放次数...
2022-02-12 14:11:33.490 [task-252] INFO  com.novedu.nov.statistics.task.MultiThreadScheduleTask----------------课程播放次数同步完成
2022-02-12 14:11:33.749 [http-nio-8081-exec-3] INFO  com.novedu.nov.common.config.NovMetaObjectHandler-start insert fill ....
2022-02-12 14:12:00.008 [task-253] INFO  com.novedu.nov.statistics.task.MultiThreadScheduleTask----------------正在同步课程播放次数...
2022-02-12 14:12:07.855 [task-253] INFO  com.novedu.nov.statistics.task.MultiThreadScheduleTask----------------课程播放次数同步完成
2022-02-12 14:12:30.014 [task-254] INFO  com.novedu.nov.statistics.task.MultiThreadScheduleTask----------------正在同步课程播放次数...
2022-02-12 14:12:33.538 [task-254] INFO  com.novedu.nov.statistics.task.MultiThreadScheduleTask----------------课程播放次数同步完成
2022-02-12 14:13:00.007 [task-255] INFO  com.novedu.nov.statistics.task.MultiThreadScheduleTask----------------正在同步课程播放次数...
2022-02-12 14:13:02.989 [task-255] INFO  com.novedu.nov.statistics.task.MultiThreadScheduleTask----------------课程播放次数同步完成
2022-02-12 14:13:30.015 [task-256] INFO  com.novedu.nov.statistics.task.MultiThreadScheduleTask----------------正在同步课程播放次数...
2022-02-12 14:13:33.075 [task-256] INFO  com.novedu.nov.statistics.task.MultiThreadScheduleTask----------------课程播放次数同步完成
2022-02-12 14:14:00.003 [task-257] INFO  com.novedu.nov.statistics.task.MultiThreadScheduleTask----------------正在同步课程播放次数...
2022-02-12 14:14:03.429 [task-257] INFO  com.novedu.nov.statistics.task.MultiThreadScheduleTask----------------课程播放次数同步完成
2022-02-12 14:14:30.006 [task-258] INFO  com.novedu.nov.statistics.task.MultiThreadScheduleTask----------------正在同步课程播放次数...
2022-02-12 14:14:33.522 [task-258] INFO  com.novedu.nov.statistics.task.MultiThreadScheduleTask----------------课程播放次数同步完成
2022-02-12 14:15:00.004 [task-259] INFO  com.novedu.nov.statistics.task.MultiThreadScheduleTask----------------正在同步课程播放次数...
2022-02-12 14:15:03.538 [task-259] INFO  com.novedu.nov.statistics.task.MultiThreadScheduleTask----------------课程播放次数同步完成
2022-02-12 14:15:30.015 [task-260] INFO  com.novedu.nov.statistics.task.MultiThreadScheduleTask----------------正在同步课程播放次数...
2022-02-12 14:15:33.508 [task-260] INFO  com.novedu.nov.statistics.task.MultiThreadScheduleTask----------------课程播放次数同步完成
2022-02-12 14:16:00.005 [task-261] INFO  com.novedu.nov.statistics.task.MultiThreadScheduleTask----------------正在同步课程播放次数...
2022-02-12 14:16:03.558 [task-261] INFO  com.novedu.nov.statistics.task.MultiThreadScheduleTask----------------课程播放次数同步完成
2022-02-12 14:16:30.008 [task-262] INFO  com.novedu.nov.statistics.task.MultiThreadScheduleTask----------------正在同步课程播放次数...
2022-02-12 14:16:33.497 [task-262] INFO  com.novedu.nov.statistics.task.MultiThreadScheduleTask----------------课程播放次数同步完成
2022-02-12 14:17:00.009 [task-263] INFO  com.novedu.nov.statistics.task.MultiThreadScheduleTask----------------正在同步课程播放次数...
2022-02-12 14:17:03.579 [task-263] INFO  com.novedu.nov.statistics.task.MultiThreadScheduleTask----------------课程播放次数同步完成
2022-02-12 14:17:23.571 [http-nio-8081-exec-1] INFO  com.novedu.nov.common.config.NovMetaObjectHandler-start insert fill ....
2022-02-12 14:17:30.005 [task-264] INFO  com.novedu.nov.statistics.task.MultiThreadScheduleTask----------------正在同步课程播放次数...
2022-02-12 14:17:32.631 [task-264] INFO  com.novedu.nov.statistics.task.MultiThreadScheduleTask----------------课程播放次数同步完成
2022-02-12 14:18:00.001 [task-265] INFO  com.novedu.nov.statistics.task.MultiThreadScheduleTask----------------正在同步课程播放次数...
2022-02-12 14:18:19.219 [task-265] INFO  com.novedu.nov.statistics.task.MultiThreadScheduleTask----------------课程播放次数同步失败
2022-02-12 14:18:30.016 [task-266] INFO  com.novedu.nov.statistics.task.MultiThreadScheduleTask----------------正在同步课程播放次数...
2022-02-12 14:18:32.605 [task-266] INFO  com.novedu.nov.statistics.task.MultiThreadScheduleTask----------------课程播放次数同步完成
2022-02-12 14:19:00.010 [task-267] INFO  com.novedu.nov.statistics.task.MultiThreadScheduleTask----------------正在同步课程播放次数...
2022-02-12 14:19:02.862 [http-nio-8081-exec-9] INFO  com.novedu.nov.common.config.NovMetaObjectHandler-start insert fill ....
2022-02-12 14:19:03.534 [task-267] INFO  com.novedu.nov.statistics.task.MultiThreadScheduleTask----------------课程播放次数同步完成
2022-02-12 14:19:11.555 [http-nio-8081-exec-6] INFO  com.novedu.nov.common.config.NovMetaObjectHandler-start insert fill ....
2022-02-12 14:19:18.027 [http-nio-8081-exec-5] INFO  com.novedu.nov.common.config.NovMetaObjectHandler-start insert fill ....
2022-02-12 14:19:18.265 [http-nio-8081-exec-2] INFO  com.novedu.nov.common.config.NovMetaObjectHandler-start insert fill ....
2022-02-12 14:19:18.633 [http-nio-8081-exec-7] INFO  com.novedu.nov.common.config.NovMetaObjectHandler-start insert fill ....
2022-02-12 14:19:30.001 [task-268] INFO  com.novedu.nov.statistics.task.MultiThreadScheduleTask----------------正在同步课程播放次数...
2022-02-12 14:19:33.534 [task-268] INFO  com.novedu.nov.statistics.task.MultiThreadScheduleTask----------------课程播放次数同步完成
2022-02-12 14:20:00.003 [task-269] INFO  com.novedu.nov.statistics.task.MultiThreadScheduleTask----------------正在同步课程播放次数...
2022-02-12 14:20:03.922 [task-269] INFO  com.novedu.nov.statistics.task.MultiThreadScheduleTask----------------课程播放次数同步完成
2022-02-12 14:20:05.930 [http-nio-8081-exec-6] INFO  com.novedu.nov.common.config.NovMetaObjectHandler-start insert fill ....
2022-02-12 14:20:30.008 [task-270] INFO  com.novedu.nov.statistics.task.MultiThreadScheduleTask----------------正在同步课程播放次数...
2022-02-12 14:20:32.872 [task-270] INFO  com.novedu.nov.statistics.task.MultiThreadScheduleTask----------------课程播放次数同步完成
2022-02-12 14:20:34.106 [http-nio-8081-exec-2] INFO  com.novedu.nov.common.config.NovMetaObjectHandler-start insert fill ....
2022-02-12 14:21:00.012 [task-271] INFO  com.novedu.nov.statistics.task.MultiThreadScheduleTask----------------正在同步课程播放次数...
2022-02-12 14:21:02.475 [http-nio-8081-exec-2] INFO  com.novedu.nov.common.config.NovMetaObjectHandler-start insert fill ....
2022-02-12 14:21:02.900 [task-271] INFO  com.novedu.nov.statistics.task.MultiThreadScheduleTask----------------课程播放次数同步完成
2022-02-12 14:21:03.443 [http-nio-8081-exec-1] INFO  com.novedu.nov.common.config.NovMetaObjectHandler-start insert fill ....
2022-02-12 14:21:17.219 [http-nio-8081-exec-6] INFO  com.novedu.nov.common.config.NovMetaObjectHandler-start insert fill ....
2022-02-12 14:21:30.008 [task-272] INFO  com.novedu.nov.statistics.task.MultiThreadScheduleTask----------------正在同步课程播放次数...
2022-02-12 14:21:31.004 [http-nio-8081-exec-8] INFO  com.novedu.nov.common.config.NovMetaObjectHandler-start insert fill ....
2022-02-12 14:21:32.877 [task-272] INFO  com.novedu.nov.statistics.task.MultiThreadScheduleTask----------------课程播放次数同步完成
2022-02-12 14:22:00.010 [task-273] INFO  com.novedu.nov.statistics.task.MultiThreadScheduleTask----------------正在同步课程播放次数...
2022-02-12 14:22:02.865 [task-273] INFO  com.novedu.nov.statistics.task.MultiThreadScheduleTask----------------课程播放次数同步完成
2022-02-12 14:22:30.015 [task-274] INFO  com.novedu.nov.statistics.task.MultiThreadScheduleTask----------------正在同步课程播放次数...
2022-02-12 14:22:32.913 [task-274] INFO  com.novedu.nov.statistics.task.MultiThreadScheduleTask----------------课程播放次数同步完成
2022-02-12 14:23:00.001 [task-275] INFO  com.novedu.nov.statistics.task.MultiThreadScheduleTask----------------正在同步课程播放次数...
2022-02-12 14:23:02.839 [task-275] INFO  com.novedu.nov.statistics.task.MultiThreadScheduleTask----------------课程播放次数同步完成
2022-02-12 14:23:30.006 [task-276] INFO  com.novedu.nov.statistics.task.MultiThreadScheduleTask----------------正在同步课程播放次数...
2022-02-12 14:23:32.869 [task-276] INFO  com.novedu.nov.statistics.task.MultiThreadScheduleTask----------------课程播放次数同步完成
2022-02-12 14:24:00.008 [task-277] INFO  com.novedu.nov.statistics.task.MultiThreadScheduleTask----------------正在同步课程播放次数...
2022-02-12 14:24:03.092 [task-277] INFO  com.novedu.nov.statistics.task.MultiThreadScheduleTask----------------课程播放次数同步完成
2022-02-12 14:24:30.014 [task-278] INFO  com.novedu.nov.statistics.task.MultiThreadScheduleTask----------------正在同步课程播放次数...
2022-02-12 14:24:32.869 [task-278] INFO  com.novedu.nov.statistics.task.MultiThreadScheduleTask----------------课程播放次数同步完成
2022-02-12 14:25:00.002 [task-279] INFO  com.novedu.nov.statistics.task.MultiThreadScheduleTask----------------正在同步课程播放次数...
2022-02-12 14:25:02.856 [task-279] INFO  com.novedu.nov.statistics.task.MultiThreadScheduleTask----------------课程播放次数同步完成
2022-02-12 14:25:30.012 [task-280] INFO  com.novedu.nov.statistics.task.MultiThreadScheduleTask----------------正在同步课程播放次数...
2022-02-12 14:25:32.839 [task-280] INFO  com.novedu.nov.statistics.task.MultiThreadScheduleTask----------------课程播放次数同步完成
2022-02-12 14:26:00.008 [task-281] INFO  com.novedu.nov.statistics.task.MultiThreadScheduleTask----------------正在同步课程播放次数...
2022-02-12 14:26:02.886 [task-281] INFO  com.novedu.nov.statistics.task.MultiThreadScheduleTask----------------课程播放次数同步完成
2022-02-12 14:26:30.015 [task-282] INFO  com.novedu.nov.statistics.task.MultiThreadScheduleTask----------------正在同步课程播放次数...
2022-02-12 14:26:32.933 [task-282] INFO  com.novedu.nov.statistics.task.MultiThreadScheduleTask----------------课程播放次数同步完成
2022-02-12 14:27:00.004 [task-283] INFO  com.novedu.nov.statistics.task.MultiThreadScheduleTask----------------正在同步课程播放次数...
2022-02-12 14:27:02.893 [task-283] INFO  com.novedu.nov.statistics.task.MultiThreadScheduleTask----------------课程播放次数同步完成
2022-02-12 14:27:30.001 [task-284] INFO  com.novedu.nov.statistics.task.MultiThreadScheduleTask----------------正在同步课程播放次数...
2022-02-12 14:27:32.900 [task-284] INFO  com.novedu.nov.statistics.task.MultiThreadScheduleTask----------------课程播放次数同步完成
2022-02-12 14:28:00.008 [task-285] INFO  com.novedu.nov.statistics.task.MultiThreadScheduleTask----------------正在同步课程播放次数...
2022-02-12 14:28:02.865 [task-285] INFO  com.novedu.nov.statistics.task.MultiThreadScheduleTask----------------课程播放次数同步完成
2022-02-12 14:28:30.011 [task-286] INFO  com.novedu.nov.statistics.task.MultiThreadScheduleTask----------------正在同步课程播放次数...
2022-02-12 14:28:32.887 [task-286] INFO  com.novedu.nov.statistics.task.MultiThreadScheduleTask----------------课程播放次数同步完成
2022-02-12 14:28:41.785 [SpringContextShutdownHook] INFO  org.springframework.scheduling.concurrent.ThreadPoolTaskScheduler-Shutting down ExecutorService 'Nacos-Watch-Task-Scheduler'
2022-02-12 14:28:41.788 [SpringContextShutdownHook] INFO  com.alibaba.cloud.nacos.registry.NacosServiceRegistry-De-registering from Nacos Server now...
2022-02-12 14:28:41.790 [SpringContextShutdownHook] INFO  com.alibaba.cloud.nacos.registry.NacosServiceRegistry-De-registration finished.
2022-02-12 14:28:42.132 [SpringContextShutdownHook] INFO  org.springframework.scheduling.concurrent.ThreadPoolTaskExecutor-Shutting down ExecutorService 'applicationTaskExecutor'
2022-02-12 14:28:42.259 [SpringContextShutdownHook] INFO  com.alibaba.druid.pool.DruidDataSource-{dataSource-1} closing ...
2022-02-12 14:28:42.263 [SpringContextShutdownHook] INFO  com.alibaba.druid.pool.DruidDataSource-{dataSource-1} closed
2022-02-12 14:28:46.522 [background-preinit] INFO  org.hibernate.validator.internal.util.Version-HV000001: Hibernate Validator 6.1.7.Final
2022-02-12 14:28:47.067 [main] INFO  org.reflections.Reflections-Reflections took 27 ms to scan 1 urls, producing 3 keys and 6 values 
2022-02-12 14:28:47.096 [main] INFO  org.reflections.Reflections-Reflections took 15 ms to scan 1 urls, producing 4 keys and 9 values 
2022-02-12 14:28:47.110 [main] INFO  org.reflections.Reflections-Reflections took 12 ms to scan 1 urls, producing 3 keys and 10 values 
2022-02-12 14:28:47.273 [main] INFO  org.reflections.Reflections-Reflections took 159 ms to scan 200 urls, producing 0 keys and 0 values 
2022-02-12 14:28:47.283 [main] INFO  org.reflections.Reflections-Reflections took 10 ms to scan 1 urls, producing 1 keys and 5 values 
2022-02-12 14:28:47.296 [main] INFO  org.reflections.Reflections-Reflections took 10 ms to scan 1 urls, producing 1 keys and 7 values 
2022-02-12 14:28:47.310 [main] INFO  org.reflections.Reflections-Reflections took 12 ms to scan 1 urls, producing 2 keys and 8 values 
2022-02-12 14:28:47.443 [main] INFO  org.reflections.Reflections-Reflections took 130 ms to scan 200 urls, producing 0 keys and 0 values 
2022-02-12 14:28:48.333 [main] INFO  org.springframework.cloud.bootstrap.config.PropertySourceBootstrapConfiguration-Located property source: [BootstrapPropertySource {name='bootstrapProperties-service-edu-dev.properties,DEFAULT_GROUP'}, BootstrapPropertySource {name='bootstrapProperties-service-edu.properties,DEFAULT_GROUP'}, BootstrapPropertySource {name='bootstrapProperties-service-edu,DEFAULT_GROUP'}]
2022-02-12 14:28:48.337 [main] INFO  com.novedu.nov.EduServiceApplication-The following profiles are active: dev
2022-02-12 14:28:48.971 [main] INFO  org.springframework.data.repository.config.RepositoryConfigurationDelegate-Multiple Spring Data modules found, entering strict repository configuration mode!
2022-02-12 14:28:48.973 [main] INFO  org.springframework.data.repository.config.RepositoryConfigurationDelegate-Bootstrapping Spring Data Redis repositories in DEFAULT mode.
2022-02-12 14:28:49.006 [main] INFO  org.springframework.data.repository.config.RepositoryConfigurationDelegate-Finished Spring Data repository scanning in 21ms. Found 0 Redis repository interfaces.
2022-02-12 14:28:49.193 [main] INFO  org.springframework.cloud.context.scope.GenericScope-BeanFactory id=be9c73ee-bdf8-3ecf-8a7d-81f48d93c79f
2022-02-12 14:28:49.620 [main] INFO  org.springframework.boot.web.embedded.tomcat.TomcatWebServer-Tomcat initialized with port(s): 8081 (http)
2022-02-12 14:28:49.627 [main] INFO  org.apache.coyote.http11.Http11NioProtocol-Initializing ProtocolHandler ["http-nio-8081"]
2022-02-12 14:28:49.628 [main] INFO  org.apache.catalina.core.StandardService-Starting service [Tomcat]
2022-02-12 14:28:49.628 [main] INFO  org.apache.catalina.core.StandardEngine-Starting Servlet engine: [Apache Tomcat/9.0.46]
2022-02-12 14:28:49.728 [main] INFO  org.apache.catalina.core.ContainerBase.[Tomcat].[localhost].[/]-Initializing Spring embedded WebApplicationContext
2022-02-12 14:28:49.728 [main] INFO  org.springframework.boot.web.servlet.context.ServletWebServerApplicationContext-Root WebApplicationContext: initialization completed in 1372 ms
2022-02-12 14:28:49.821 [main] INFO  com.alibaba.druid.spring.boot.autoconfigure.DruidDataSourceAutoConfigure-Init DruidDataSource
2022-02-12 14:28:49.897 [main] INFO  com.alibaba.druid.pool.DruidDataSource-{dataSource-1} inited
2022-02-12 14:28:51.018 [main] INFO  org.springframework.cloud.openfeign.FeignClientFactoryBean-For 'service-order' URL not provided. Will try picking an instance via load-balancing.
2022-02-12 14:28:51.999 [main] INFO  springfox.documentation.spring.web.PropertySourcedRequestMappingHandlerMapping-Mapped URL path [/v2/api-docs] onto method [springfox.documentation.swagger2.web.Swagger2Controller#getDocumentation(String, HttpServletRequest)]
2022-02-12 14:28:52.010 [main] INFO  com.netflix.config.sources.URLConfigurationSource-To enable URLs as dynamic configuration sources, define System property archaius.configurationSource.additionalUrls or make config.properties available on classpath.
2022-02-12 14:28:52.014 [main] INFO  com.netflix.config.sources.URLConfigurationSource-To enable URLs as dynamic configuration sources, define System property archaius.configurationSource.additionalUrls or make config.properties available on classpath.
2022-02-12 14:28:52.132 [main] INFO  org.springframework.scheduling.concurrent.ThreadPoolTaskExecutor-Initializing ExecutorService 'applicationTaskExecutor'
2022-02-12 14:28:52.298 [main] INFO  org.springframework.scheduling.concurrent.ThreadPoolTaskScheduler-Initializing ExecutorService 'Nacos-Watch-Task-Scheduler'
2022-02-12 14:28:52.842 [main] INFO  org.apache.coyote.http11.Http11NioProtocol-Starting ProtocolHandler ["http-nio-8081"]
2022-02-12 14:28:52.854 [main] INFO  org.springframework.boot.web.embedded.tomcat.TomcatWebServer-Tomcat started on port(s): 8081 (http) with context path ''
2022-02-12 14:28:52.862 [main] INFO  com.alibaba.cloud.nacos.registry.NacosServiceRegistry-nacos registry, DEFAULT_GROUP service-edu 192.168.31.136:8081 register finished
2022-02-12 14:28:52.929 [main] INFO  springfox.documentation.spring.web.plugins.DocumentationPluginsBootstrapper-Context refreshed
2022-02-12 14:28:52.940 [main] INFO  springfox.documentation.spring.web.plugins.DocumentationPluginsBootstrapper-Found 1 custom documentation plugin(s)
2022-02-12 14:28:52.969 [main] INFO  springfox.documentation.spring.web.scanners.ApiListingReferenceScanner-Scanning for api listing references
2022-02-12 14:28:53.119 [main] INFO  springfox.documentation.spring.web.readers.operation.CachingOperationNameGenerator-Generating unique operation named: queryCommentPageUsingPOST_1
2022-02-12 14:28:53.154 [main] INFO  springfox.documentation.spring.web.readers.operation.CachingOperationNameGenerator-Generating unique operation named: queryCourseByTeacherIdUsingPOST_1
2022-02-12 14:28:53.169 [main] INFO  springfox.documentation.spring.web.readers.operation.CachingOperationNameGenerator-Generating unique operation named: saveCourseUsingPOST_1
2022-02-12 14:28:53.198 [main] INFO  springfox.documentation.spring.web.readers.operation.CachingOperationNameGenerator-Generating unique operation named: saveCourseUsingPOST_2
2022-02-12 14:28:53.221 [main] INFO  com.novedu.nov.EduServiceApplication-Started EduServiceApplication in 7.163 seconds (JVM running for 7.793)
2022-02-12 14:29:00.004 [task-287] INFO  com.novedu.nov.statistics.task.MultiThreadScheduleTask----------------正在同步课程播放次数...
2022-02-12 14:29:00.055 [http-nio-8081-exec-1] INFO  org.apache.catalina.core.ContainerBase.[Tomcat].[localhost].[/]-Initializing Spring DispatcherServlet 'dispatcherServlet'
2022-02-12 14:29:00.055 [http-nio-8081-exec-1] INFO  org.springframework.web.servlet.DispatcherServlet-Initializing Servlet 'dispatcherServlet'
2022-02-12 14:29:00.061 [http-nio-8081-exec-1] INFO  org.springframework.web.servlet.DispatcherServlet-Completed initialization in 6 ms
2022-02-12 14:29:02.638 [task-287] INFO  com.novedu.nov.statistics.task.MultiThreadScheduleTask----------------课程播放次数同步完成
2022-02-12 14:29:30.003 [task-288] INFO  com.novedu.nov.statistics.task.MultiThreadScheduleTask----------------正在同步课程播放次数...
2022-02-12 14:29:33.784 [task-288] INFO  com.novedu.nov.statistics.task.MultiThreadScheduleTask----------------课程播放次数同步完成
2022-02-12 14:30:00.014 [task-289] INFO  com.novedu.nov.statistics.task.MultiThreadScheduleTask----------------正在同步课程播放次数...
2022-02-12 14:30:03.795 [task-289] INFO  com.novedu.nov.statistics.task.MultiThreadScheduleTask----------------课程播放次数同步完成
2022-02-12 14:30:30.004 [task-290] INFO  com.novedu.nov.statistics.task.MultiThreadScheduleTask----------------正在同步课程播放次数...
2022-02-12 14:30:33.834 [task-290] INFO  com.novedu.nov.statistics.task.MultiThreadScheduleTask----------------课程播放次数同步完成
2022-02-12 14:31:00.001 [task-291] INFO  com.novedu.nov.statistics.task.MultiThreadScheduleTask----------------正在同步课程播放次数...
2022-02-12 14:31:03.760 [task-291] INFO  com.novedu.nov.statistics.task.MultiThreadScheduleTask----------------课程播放次数同步完成
2022-02-12 14:31:30.003 [task-292] INFO  com.novedu.nov.statistics.task.MultiThreadScheduleTask----------------正在同步课程播放次数...
2022-02-12 14:31:33.781 [task-292] INFO  com.novedu.nov.statistics.task.MultiThreadScheduleTask----------------课程播放次数同步完成
2022-02-12 14:32:00.012 [task-293] INFO  com.novedu.nov.statistics.task.MultiThreadScheduleTask----------------正在同步课程播放次数...
2022-02-12 14:32:03.796 [task-293] INFO  com.novedu.nov.statistics.task.MultiThreadScheduleTask----------------课程播放次数同步完成
2022-02-12 14:32:30.011 [task-294] INFO  com.novedu.nov.statistics.task.MultiThreadScheduleTask----------------正在同步课程播放次数...
2022-02-12 14:32:33.768 [task-294] INFO  com.novedu.nov.statistics.task.MultiThreadScheduleTask----------------课程播放次数同步完成
2022-02-12 14:33:00.012 [task-295] INFO  com.novedu.nov.statistics.task.MultiThreadScheduleTask----------------正在同步课程播放次数...
2022-02-12 14:33:03.797 [task-295] INFO  com.novedu.nov.statistics.task.MultiThreadScheduleTask----------------课程播放次数同步完成
2022-02-12 14:33:30.000 [task-296] INFO  com.novedu.nov.statistics.task.MultiThreadScheduleTask----------------正在同步课程播放次数...
2022-02-12 14:33:33.770 [task-296] INFO  com.novedu.nov.statistics.task.MultiThreadScheduleTask----------------课程播放次数同步完成
2022-02-12 14:33:33.819 [SpringContextShutdownHook] INFO  org.springframework.scheduling.concurrent.ThreadPoolTaskScheduler-Shutting down ExecutorService 'Nacos-Watch-Task-Scheduler'
2022-02-12 14:33:33.822 [SpringContextShutdownHook] INFO  com.alibaba.cloud.nacos.registry.NacosServiceRegistry-De-registering from Nacos Server now...
2022-02-12 14:33:33.824 [SpringContextShutdownHook] INFO  com.alibaba.cloud.nacos.registry.NacosServiceRegistry-De-registration finished.
2022-02-12 14:33:34.159 [SpringContextShutdownHook] INFO  org.springframework.scheduling.concurrent.ThreadPoolTaskExecutor-Shutting down ExecutorService 'applicationTaskExecutor'
2022-02-12 14:33:34.287 [SpringContextShutdownHook] INFO  com.alibaba.druid.pool.DruidDataSource-{dataSource-1} closing ...
2022-02-12 14:33:34.291 [SpringContextShutdownHook] INFO  com.alibaba.druid.pool.DruidDataSource-{dataSource-1} closed
2022-02-12 14:33:38.525 [background-preinit] INFO  org.hibernate.validator.internal.util.Version-HV000001: Hibernate Validator 6.1.7.Final
2022-02-12 14:33:39.075 [main] INFO  org.reflections.Reflections-Reflections took 28 ms to scan 1 urls, producing 3 keys and 6 values 
2022-02-12 14:33:39.103 [main] INFO  org.reflections.Reflections-Reflections took 14 ms to scan 1 urls, producing 4 keys and 9 values 
2022-02-12 14:33:39.119 [main] INFO  org.reflections.Reflections-Reflections took 14 ms to scan 1 urls, producing 3 keys and 10 values 
2022-02-12 14:33:39.282 [main] INFO  org.reflections.Reflections-Reflections took 160 ms to scan 200 urls, producing 0 keys and 0 values 
2022-02-12 14:33:39.292 [main] INFO  org.reflections.Reflections-Reflections took 9 ms to scan 1 urls, producing 1 keys and 5 values 
2022-02-12 14:33:39.305 [main] INFO  org.reflections.Reflections-Reflections took 10 ms to scan 1 urls, producing 1 keys and 7 values 
2022-02-12 14:33:39.320 [main] INFO  org.reflections.Reflections-Reflections took 12 ms to scan 1 urls, producing 2 keys and 8 values 
2022-02-12 14:33:39.453 [main] INFO  org.reflections.Reflections-Reflections took 131 ms to scan 200 urls, producing 0 keys and 0 values 
2022-02-12 14:33:40.362 [main] INFO  org.springframework.cloud.bootstrap.config.PropertySourceBootstrapConfiguration-Located property source: [BootstrapPropertySource {name='bootstrapProperties-service-edu-dev.properties,DEFAULT_GROUP'}, BootstrapPropertySource {name='bootstrapProperties-service-edu.properties,DEFAULT_GROUP'}, BootstrapPropertySource {name='bootstrapProperties-service-edu,DEFAULT_GROUP'}]
2022-02-12 14:33:40.365 [main] INFO  com.novedu.nov.EduServiceApplication-The following profiles are active: dev
2022-02-12 14:33:41.004 [main] INFO  org.springframework.data.repository.config.RepositoryConfigurationDelegate-Multiple Spring Data modules found, entering strict repository configuration mode!
2022-02-12 14:33:41.006 [main] INFO  org.springframework.data.repository.config.RepositoryConfigurationDelegate-Bootstrapping Spring Data Redis repositories in DEFAULT mode.
2022-02-12 14:33:41.040 [main] INFO  org.springframework.data.repository.config.RepositoryConfigurationDelegate-Finished Spring Data repository scanning in 21ms. Found 0 Redis repository interfaces.
2022-02-12 14:33:41.230 [main] INFO  org.springframework.cloud.context.scope.GenericScope-BeanFactory id=be9c73ee-bdf8-3ecf-8a7d-81f48d93c79f
2022-02-12 14:33:41.658 [main] INFO  org.springframework.boot.web.embedded.tomcat.TomcatWebServer-Tomcat initialized with port(s): 8081 (http)
2022-02-12 14:33:41.665 [main] INFO  org.apache.coyote.http11.Http11NioProtocol-Initializing ProtocolHandler ["http-nio-8081"]
2022-02-12 14:33:41.666 [main] INFO  org.apache.catalina.core.StandardService-Starting service [Tomcat]
2022-02-12 14:33:41.666 [main] INFO  org.apache.catalina.core.StandardEngine-Starting Servlet engine: [Apache Tomcat/9.0.46]
2022-02-12 14:33:41.767 [main] INFO  org.apache.catalina.core.ContainerBase.[Tomcat].[localhost].[/]-Initializing Spring embedded WebApplicationContext
2022-02-12 14:33:41.768 [main] INFO  org.springframework.boot.web.servlet.context.ServletWebServerApplicationContext-Root WebApplicationContext: initialization completed in 1383 ms
2022-02-12 14:33:41.861 [main] INFO  com.alibaba.druid.spring.boot.autoconfigure.DruidDataSourceAutoConfigure-Init DruidDataSource
2022-02-12 14:33:41.940 [main] INFO  com.alibaba.druid.pool.DruidDataSource-{dataSource-1} inited
2022-02-12 14:33:43.078 [main] INFO  org.springframework.cloud.openfeign.FeignClientFactoryBean-For 'service-order' URL not provided. Will try picking an instance via load-balancing.
2022-02-12 14:33:44.169 [main] INFO  springfox.documentation.spring.web.PropertySourcedRequestMappingHandlerMapping-Mapped URL path [/v2/api-docs] onto method [springfox.documentation.swagger2.web.Swagger2Controller#getDocumentation(String, HttpServletRequest)]
2022-02-12 14:33:44.180 [main] INFO  com.netflix.config.sources.URLConfigurationSource-To enable URLs as dynamic configuration sources, define System property archaius.configurationSource.additionalUrls or make config.properties available on classpath.
2022-02-12 14:33:44.183 [main] INFO  com.netflix.config.sources.URLConfigurationSource-To enable URLs as dynamic configuration sources, define System property archaius.configurationSource.additionalUrls or make config.properties available on classpath.
2022-02-12 14:33:44.300 [main] INFO  org.springframework.scheduling.concurrent.ThreadPoolTaskExecutor-Initializing ExecutorService 'applicationTaskExecutor'
2022-02-12 14:33:44.467 [main] INFO  org.springframework.scheduling.concurrent.ThreadPoolTaskScheduler-Initializing ExecutorService 'Nacos-Watch-Task-Scheduler'
2022-02-12 14:33:45.019 [main] INFO  org.apache.coyote.http11.Http11NioProtocol-Starting ProtocolHandler ["http-nio-8081"]
2022-02-12 14:33:45.032 [main] INFO  org.springframework.boot.web.embedded.tomcat.TomcatWebServer-Tomcat started on port(s): 8081 (http) with context path ''
2022-02-12 14:33:45.040 [main] INFO  com.alibaba.cloud.nacos.registry.NacosServiceRegistry-nacos registry, DEFAULT_GROUP service-edu 192.168.31.136:8081 register finished
2022-02-12 14:33:45.107 [main] INFO  springfox.documentation.spring.web.plugins.DocumentationPluginsBootstrapper-Context refreshed
2022-02-12 14:33:45.118 [main] INFO  springfox.documentation.spring.web.plugins.DocumentationPluginsBootstrapper-Found 1 custom documentation plugin(s)
2022-02-12 14:33:45.147 [main] INFO  springfox.documentation.spring.web.scanners.ApiListingReferenceScanner-Scanning for api listing references
2022-02-12 14:33:45.298 [main] INFO  springfox.documentation.spring.web.readers.operation.CachingOperationNameGenerator-Generating unique operation named: queryCommentPageUsingPOST_1
2022-02-12 14:33:45.331 [main] INFO  springfox.documentation.spring.web.readers.operation.CachingOperationNameGenerator-Generating unique operation named: queryCourseByTeacherIdUsingPOST_1
2022-02-12 14:33:45.347 [main] INFO  springfox.documentation.spring.web.readers.operation.CachingOperationNameGenerator-Generating unique operation named: saveCourseUsingPOST_1
2022-02-12 14:33:45.376 [main] INFO  springfox.documentation.spring.web.readers.operation.CachingOperationNameGenerator-Generating unique operation named: saveCourseUsingPOST_2
2022-02-12 14:33:45.399 [main] INFO  com.novedu.nov.EduServiceApplication-Started EduServiceApplication in 7.346 seconds (JVM running for 7.978)
2022-02-12 14:34:00.010 [task-297] INFO  com.novedu.nov.statistics.task.MultiThreadScheduleTask----------------正在同步课程播放次数...
2022-02-12 14:34:00.057 [http-nio-8081-exec-1] INFO  org.apache.catalina.core.ContainerBase.[Tomcat].[localhost].[/]-Initializing Spring DispatcherServlet 'dispatcherServlet'
2022-02-12 14:34:00.057 [http-nio-8081-exec-1] INFO  org.springframework.web.servlet.DispatcherServlet-Initializing Servlet 'dispatcherServlet'
2022-02-12 14:34:00.063 [http-nio-8081-exec-1] INFO  org.springframework.web.servlet.DispatcherServlet-Completed initialization in 6 ms
2022-02-12 14:34:03.251 [task-297] INFO  com.novedu.nov.statistics.task.MultiThreadScheduleTask----------------课程播放次数同步完成
2022-02-12 14:34:30.012 [task-298] INFO  com.novedu.nov.statistics.task.MultiThreadScheduleTask----------------正在同步课程播放次数...
2022-02-12 14:34:32.762 [task-298] INFO  com.novedu.nov.statistics.task.MultiThreadScheduleTask----------------课程播放次数同步完成
2022-02-12 14:35:00.012 [task-299] INFO  com.novedu.nov.statistics.task.MultiThreadScheduleTask----------------正在同步课程播放次数...
2022-02-12 14:35:03.205 [task-299] INFO  com.novedu.nov.statistics.task.MultiThreadScheduleTask----------------课程播放次数同步完成
2022-02-12 14:35:15.325 [Druid-ConnectionPool-Create-838733029] INFO  com.alibaba.druid.pool.DruidAbstractDataSource-{dataSource-1} failContinuous is true
2022-02-12 14:35:17.145 [Druid-ConnectionPool-Create-838733029] INFO  com.alibaba.druid.pool.DruidAbstractDataSource-{dataSource-1} failContinuous is false
2022-02-12 14:35:30.015 [task-300] INFO  com.novedu.nov.statistics.task.MultiThreadScheduleTask----------------正在同步课程播放次数...
2022-02-12 14:35:33.455 [task-300] INFO  com.novedu.nov.statistics.task.MultiThreadScheduleTask----------------课程播放次数同步完成
2022-02-12 14:35:56.245 [http-nio-8081-exec-5] INFO  com.novedu.nov.common.config.NovMetaObjectHandler-start insert fill ....
2022-02-12 14:36:00.006 [task-301] INFO  com.novedu.nov.statistics.task.MultiThreadScheduleTask----------------正在同步课程播放次数...
2022-02-12 14:36:03.815 [task-301] INFO  com.novedu.nov.statistics.task.MultiThreadScheduleTask----------------课程播放次数同步完成
2022-02-12 14:36:30.002 [task-302] INFO  com.novedu.nov.statistics.task.MultiThreadScheduleTask----------------正在同步课程播放次数...
2022-02-12 14:36:49.226 [task-302] INFO  com.novedu.nov.statistics.task.MultiThreadScheduleTask----------------课程播放次数同步失败
2022-02-12 14:37:00.006 [task-303] INFO  com.novedu.nov.statistics.task.MultiThreadScheduleTask----------------正在同步课程播放次数...
2022-02-12 14:37:02.151 [task-303] INFO  com.novedu.nov.statistics.task.MultiThreadScheduleTask----------------课程播放次数同步完成
2022-02-12 14:37:24.675 [http-nio-8085-exec-1] INFO  org.apache.catalina.core.ContainerBase.[Tomcat].[localhost].[/]-Initializing Spring DispatcherServlet 'dispatcherServlet'
2022-02-12 14:37:24.675 [http-nio-8085-exec-1] INFO  org.springframework.web.servlet.DispatcherServlet-Initializing Servlet 'dispatcherServlet'
2022-02-12 14:37:24.681 [http-nio-8085-exec-1] INFO  org.springframework.web.servlet.DispatcherServlet-Completed initialization in 6 ms
2022-02-12 14:37:27.403 [http-nio-8085-exec-1] INFO  com.novedu.nov.common.config.NovMetaObjectHandler-start insert fill ....
2022-02-12 14:37:30.006 [task-304] INFO  com.novedu.nov.statistics.task.MultiThreadScheduleTask----------------正在同步课程播放次数...
2022-02-12 14:37:32.743 [task-304] INFO  com.novedu.nov.statistics.task.MultiThreadScheduleTask----------------课程播放次数同步完成
2022-02-12 14:37:34.207 [http-nio-8081-exec-3] INFO  com.novedu.nov.common.config.NovMetaObjectHandler-start insert fill ....
2022-02-12 14:37:48.565 [Druid-ConnectionPool-Create-838733029] INFO  com.alibaba.druid.pool.DruidAbstractDataSource-{dataSource-1} failContinuous is true
2022-02-12 14:37:52.655 [Druid-ConnectionPool-Create-838733029] INFO  com.alibaba.druid.pool.DruidAbstractDataSource-{dataSource-1} failContinuous is false
2022-02-12 14:38:00.003 [task-305] INFO  com.novedu.nov.statistics.task.MultiThreadScheduleTask----------------正在同步课程播放次数...
2022-02-12 14:38:02.236 [task-305] INFO  com.novedu.nov.statistics.task.MultiThreadScheduleTask----------------课程播放次数同步完成
2022-02-12 14:38:30.016 [task-306] INFO  com.novedu.nov.statistics.task.MultiThreadScheduleTask----------------正在同步课程播放次数...
2022-02-12 14:38:49.220 [task-306] INFO  com.novedu.nov.statistics.task.MultiThreadScheduleTask----------------课程播放次数同步失败
2022-02-12 14:38:49.251 [Druid-ConnectionPool-Create-838733029] INFO  com.alibaba.druid.pool.DruidAbstractDataSource-{dataSource-1} failContinuous is true
2022-02-12 14:38:51.620 [Druid-ConnectionPool-Create-838733029] INFO  com.alibaba.druid.pool.DruidAbstractDataSource-{dataSource-1} failContinuous is false
2022-02-12 14:39:00.011 [task-307] INFO  com.novedu.nov.statistics.task.MultiThreadScheduleTask----------------正在同步课程播放次数...
2022-02-12 14:39:02.490 [task-307] INFO  com.novedu.nov.statistics.task.MultiThreadScheduleTask----------------课程播放次数同步完成
2022-02-12 14:39:30.007 [task-308] INFO  com.novedu.nov.statistics.task.MultiThreadScheduleTask----------------正在同步课程播放次数...
2022-02-12 14:39:33.188 [task-308] INFO  com.novedu.nov.statistics.task.MultiThreadScheduleTask----------------课程播放次数同步完成
2022-02-12 14:39:33.238 [http-nio-8081-exec-9] INFO  com.novedu.nov.common.config.NovMetaObjectHandler-start insert fill ....
2022-02-12 14:40:00.003 [task-309] INFO  com.novedu.nov.statistics.task.MultiThreadScheduleTask----------------正在同步课程播放次数...
2022-02-12 14:40:03.252 [task-309] INFO  com.novedu.nov.statistics.task.MultiThreadScheduleTask----------------课程播放次数同步完成
2022-02-12 14:40:11.169 [http-nio-8081-exec-3] INFO  com.novedu.nov.common.config.NovMetaObjectHandler-start insert fill ....
2022-02-12 14:40:30.005 [task-310] INFO  com.novedu.nov.statistics.task.MultiThreadScheduleTask----------------正在同步课程播放次数...
2022-02-12 14:40:32.780 [task-310] INFO  com.novedu.nov.statistics.task.MultiThreadScheduleTask----------------课程播放次数同步完成
2022-02-12 14:41:00.018 [task-311] INFO  com.novedu.nov.statistics.task.MultiThreadScheduleTask----------------正在同步课程播放次数...
2022-02-12 14:41:02.275 [task-311] INFO  com.novedu.nov.statistics.task.MultiThreadScheduleTask----------------课程播放次数同步完成
2022-02-12 14:41:30.007 [task-312] INFO  com.novedu.nov.statistics.task.MultiThreadScheduleTask----------------正在同步课程播放次数...
2022-02-12 14:41:32.790 [task-312] INFO  com.novedu.nov.statistics.task.MultiThreadScheduleTask----------------课程播放次数同步完成
2022-02-12 14:42:00.009 [task-313] INFO  com.novedu.nov.statistics.task.MultiThreadScheduleTask----------------正在同步课程播放次数...
2022-02-12 14:42:02.846 [task-313] INFO  com.novedu.nov.statistics.task.MultiThreadScheduleTask----------------课程播放次数同步完成
2022-02-12 14:42:24.646 [SpringContextShutdownHook] INFO  org.springframework.scheduling.concurrent.ThreadPoolTaskScheduler-Shutting down ExecutorService 'Nacos-Watch-Task-Scheduler'
2022-02-12 14:42:24.649 [SpringContextShutdownHook] INFO  com.alibaba.cloud.nacos.registry.NacosServiceRegistry-De-registering from Nacos Server now...
2022-02-12 14:42:24.652 [SpringContextShutdownHook] INFO  com.alibaba.cloud.nacos.registry.NacosServiceRegistry-De-registration finished.
2022-02-12 14:42:24.986 [SpringContextShutdownHook] INFO  org.springframework.scheduling.concurrent.ThreadPoolTaskExecutor-Shutting down ExecutorService 'applicationTaskExecutor'
2022-02-12 14:42:25.124 [SpringContextShutdownHook] INFO  com.alibaba.druid.pool.DruidDataSource-{dataSource-1} closing ...
2022-02-12 14:42:25.128 [SpringContextShutdownHook] INFO  com.alibaba.druid.pool.DruidDataSource-{dataSource-1} closed
2022-02-12 14:42:29.502 [background-preinit] INFO  org.hibernate.validator.internal.util.Version-HV000001: Hibernate Validator 6.1.7.Final
2022-02-12 14:42:30.006 [task-314] INFO  com.novedu.nov.statistics.task.MultiThreadScheduleTask----------------正在同步课程播放次数...
2022-02-12 14:42:30.066 [main] INFO  org.reflections.Reflections-Reflections took 28 ms to scan 1 urls, producing 3 keys and 6 values 
2022-02-12 14:42:30.093 [main] INFO  org.reflections.Reflections-Reflections took 13 ms to scan 1 urls, producing 4 keys and 9 values 
2022-02-12 14:42:30.109 [main] INFO  org.reflections.Reflections-Reflections took 13 ms to scan 1 urls, producing 3 keys and 10 values 
2022-02-12 14:42:30.271 [main] INFO  org.reflections.Reflections-Reflections took 159 ms to scan 200 urls, producing 0 keys and 0 values 
2022-02-12 14:42:30.282 [main] INFO  org.reflections.Reflections-Reflections took 9 ms to scan 1 urls, producing 1 keys and 5 values 
2022-02-12 14:42:30.294 [main] INFO  org.reflections.Reflections-Reflections took 10 ms to scan 1 urls, producing 1 keys and 7 values 
2022-02-12 14:42:30.308 [main] INFO  org.reflections.Reflections-Reflections took 12 ms to scan 1 urls, producing 2 keys and 8 values 
2022-02-12 14:42:30.442 [main] INFO  org.reflections.Reflections-Reflections took 131 ms to scan 200 urls, producing 0 keys and 0 values 
2022-02-12 14:42:31.362 [main] INFO  org.springframework.cloud.bootstrap.config.PropertySourceBootstrapConfiguration-Located property source: [BootstrapPropertySource {name='bootstrapProperties-service-edu-dev.properties,DEFAULT_GROUP'}, BootstrapPropertySource {name='bootstrapProperties-service-edu.properties,DEFAULT_GROUP'}, BootstrapPropertySource {name='bootstrapProperties-service-edu,DEFAULT_GROUP'}]
2022-02-12 14:42:31.365 [main] INFO  com.novedu.nov.EduServiceApplication-The following profiles are active: dev
2022-02-12 14:42:32.014 [main] INFO  org.springframework.data.repository.config.RepositoryConfigurationDelegate-Multiple Spring Data modules found, entering strict repository configuration mode!
2022-02-12 14:42:32.017 [main] INFO  org.springframework.data.repository.config.RepositoryConfigurationDelegate-Bootstrapping Spring Data Redis repositories in DEFAULT mode.
2022-02-12 14:42:32.050 [main] INFO  org.springframework.data.repository.config.RepositoryConfigurationDelegate-Finished Spring Data repository scanning in 22ms. Found 0 Redis repository interfaces.
2022-02-12 14:42:32.241 [main] INFO  org.springframework.cloud.context.scope.GenericScope-BeanFactory id=be9c73ee-bdf8-3ecf-8a7d-81f48d93c79f
2022-02-12 14:42:32.675 [main] INFO  org.springframework.boot.web.embedded.tomcat.TomcatWebServer-Tomcat initialized with port(s): 8081 (http)
2022-02-12 14:42:32.682 [main] INFO  org.apache.coyote.http11.Http11NioProtocol-Initializing ProtocolHandler ["http-nio-8081"]
2022-02-12 14:42:32.682 [main] INFO  org.apache.catalina.core.StandardService-Starting service [Tomcat]
2022-02-12 14:42:32.683 [main] INFO  org.apache.catalina.core.StandardEngine-Starting Servlet engine: [Apache Tomcat/9.0.46]
2022-02-12 14:42:32.785 [main] INFO  org.apache.catalina.core.ContainerBase.[Tomcat].[localhost].[/]-Initializing Spring embedded WebApplicationContext
2022-02-12 14:42:32.785 [main] INFO  org.springframework.boot.web.servlet.context.ServletWebServerApplicationContext-Root WebApplicationContext: initialization completed in 1401 ms
2022-02-12 14:42:32.880 [main] INFO  com.alibaba.druid.spring.boot.autoconfigure.DruidDataSourceAutoConfigure-Init DruidDataSource
2022-02-12 14:42:32.963 [main] INFO  com.alibaba.druid.pool.DruidDataSource-{dataSource-1} inited
2022-02-12 14:42:34.120 [main] INFO  org.springframework.cloud.openfeign.FeignClientFactoryBean-For 'service-order' URL not provided. Will try picking an instance via load-balancing.
2022-02-12 14:42:36.370 [main] INFO  springfox.documentation.spring.web.PropertySourcedRequestMappingHandlerMapping-Mapped URL path [/v2/api-docs] onto method [springfox.documentation.swagger2.web.Swagger2Controller#getDocumentation(String, HttpServletRequest)]
2022-02-12 14:42:36.382 [main] INFO  com.netflix.config.sources.URLConfigurationSource-To enable URLs as dynamic configuration sources, define System property archaius.configurationSource.additionalUrls or make config.properties available on classpath.
2022-02-12 14:42:36.386 [main] INFO  com.netflix.config.sources.URLConfigurationSource-To enable URLs as dynamic configuration sources, define System property archaius.configurationSource.additionalUrls or make config.properties available on classpath.
2022-02-12 14:42:36.503 [main] INFO  org.springframework.scheduling.concurrent.ThreadPoolTaskExecutor-Initializing ExecutorService 'applicationTaskExecutor'
2022-02-12 14:42:36.672 [main] INFO  org.springframework.scheduling.concurrent.ThreadPoolTaskScheduler-Initializing ExecutorService 'Nacos-Watch-Task-Scheduler'
2022-02-12 14:42:37.231 [main] INFO  org.apache.coyote.http11.Http11NioProtocol-Starting ProtocolHandler ["http-nio-8081"]
2022-02-12 14:42:37.243 [main] INFO  org.springframework.boot.web.embedded.tomcat.TomcatWebServer-Tomcat started on port(s): 8081 (http) with context path ''
2022-02-12 14:42:37.251 [main] INFO  com.alibaba.cloud.nacos.registry.NacosServiceRegistry-nacos registry, DEFAULT_GROUP service-edu 192.168.31.136:8081 register finished
2022-02-12 14:42:37.320 [main] INFO  springfox.documentation.spring.web.plugins.DocumentationPluginsBootstrapper-Context refreshed
2022-02-12 14:42:37.332 [main] INFO  springfox.documentation.spring.web.plugins.DocumentationPluginsBootstrapper-Found 1 custom documentation plugin(s)
2022-02-12 14:42:37.361 [main] INFO  springfox.documentation.spring.web.scanners.ApiListingReferenceScanner-Scanning for api listing references
2022-02-12 14:42:37.512 [main] INFO  springfox.documentation.spring.web.readers.operation.CachingOperationNameGenerator-Generating unique operation named: queryCommentPageUsingPOST_1
2022-02-12 14:42:37.547 [main] INFO  springfox.documentation.spring.web.readers.operation.CachingOperationNameGenerator-Generating unique operation named: queryCourseByTeacherIdUsingPOST_1
2022-02-12 14:42:37.562 [main] INFO  springfox.documentation.spring.web.readers.operation.CachingOperationNameGenerator-Generating unique operation named: saveCourseUsingPOST_1
2022-02-12 14:42:37.592 [main] INFO  springfox.documentation.spring.web.readers.operation.CachingOperationNameGenerator-Generating unique operation named: saveCourseUsingPOST_2
2022-02-12 14:42:37.615 [main] INFO  com.novedu.nov.EduServiceApplication-Started EduServiceApplication in 8.598 seconds (JVM running for 9.25)
2022-02-12 14:42:40.072 [http-nio-8081-exec-4] INFO  org.apache.catalina.core.ContainerBase.[Tomcat].[localhost].[/]-Initializing Spring DispatcherServlet 'dispatcherServlet'
2022-02-12 14:42:40.072 [http-nio-8081-exec-4] INFO  org.springframework.web.servlet.DispatcherServlet-Initializing Servlet 'dispatcherServlet'
2022-02-12 14:42:40.078 [http-nio-8081-exec-4] INFO  org.springframework.web.servlet.DispatcherServlet-Completed initialization in 6 ms
2022-02-12 14:43:00.001 [task-315] INFO  com.novedu.nov.statistics.task.MultiThreadScheduleTask----------------正在同步课程播放次数...
2022-02-12 14:43:00.677 [http-nio-8085-exec-4] INFO  com.novedu.nov.common.config.NovMetaObjectHandler-start insert fill ....
2022-02-12 14:43:08.567 [http-nio-8081-exec-4] INFO  com.novedu.nov.common.config.NovMetaObjectHandler-start insert fill ....
2022-02-12 14:43:08.764 [http-nio-8081-exec-4] INFO  com.novedu.nov.edu.service.impl.EduCourseApplyServiceImpl-同步课程学习人数成功
2022-02-12 14:43:30.001 [task-316] INFO  com.novedu.nov.statistics.task.MultiThreadScheduleTask----------------正在同步课程播放次数...
2022-02-12 14:43:32.543 [task-316] INFO  com.novedu.nov.statistics.task.MultiThreadScheduleTask----------------课程播放次数同步完成
2022-02-12 14:44:00.001 [task-317] INFO  com.novedu.nov.statistics.task.MultiThreadScheduleTask----------------正在同步课程播放次数...
2022-02-12 14:44:03.419 [task-317] INFO  com.novedu.nov.statistics.task.MultiThreadScheduleTask----------------课程播放次数同步完成
2022-02-12 14:44:30.008 [task-318] INFO  com.novedu.nov.statistics.task.MultiThreadScheduleTask----------------正在同步课程播放次数...
2022-02-12 14:44:33.607 [task-318] INFO  com.novedu.nov.statistics.task.MultiThreadScheduleTask----------------课程播放次数同步完成
2022-02-12 14:44:36.929 [http-nio-8081-exec-6] INFO  com.novedu.nov.common.config.NovMetaObjectHandler-start insert fill ....
2022-02-12 14:44:37.124 [http-nio-8081-exec-6] INFO  com.novedu.nov.edu.service.impl.EduCourseApplyServiceImpl-同步课程学习人数成功
2022-02-12 14:44:47.175 [http-nio-8081-exec-5] INFO  com.novedu.nov.common.config.NovMetaObjectHandler-start insert fill ....
2022-02-12 14:44:47.382 [http-nio-8081-exec-5] INFO  com.novedu.nov.edu.service.impl.EduCourseApplyServiceImpl-同步课程学习人数成功
2022-02-12 14:45:00.012 [task-319] INFO  com.novedu.nov.statistics.task.MultiThreadScheduleTask----------------正在同步课程播放次数...
2022-02-12 14:45:03.628 [task-319] INFO  com.novedu.nov.statistics.task.MultiThreadScheduleTask----------------课程播放次数同步完成
2022-02-12 14:45:21.098 [http-nio-8086-exec-3] INFO  com.netflix.config.ChainedDynamicProperty-Flipping property: service-ucenter.ribbon.ActiveConnectionsLimit to use NEXT property: niws.loadbalancer.availabilityFilteringRule.activeConnectionsLimit = 2147483647
2022-02-12 14:45:21.099 [http-nio-8086-exec-3] INFO  com.netflix.loadbalancer.BaseLoadBalancer-Client: service-ucenter instantiated a LoadBalancer: DynamicServerListLoadBalancer:{NFLoadBalancer:name=service-ucenter,current list of Servers=[],Load balancer stats=Zone stats: {},Server stats: []}ServerList:null
2022-02-12 14:45:21.100 [http-nio-8086-exec-3] INFO  com.netflix.loadbalancer.DynamicServerListLoadBalancer-Using serverListUpdater PollingServerListUpdater
2022-02-12 14:45:21.104 [http-nio-8086-exec-3] INFO  com.netflix.config.ChainedDynamicProperty-Flipping property: service-ucenter.ribbon.ActiveConnectionsLimit to use NEXT property: niws.loadbalancer.availabilityFilteringRule.activeConnectionsLimit = 2147483647
2022-02-12 14:45:21.104 [http-nio-8086-exec-3] INFO  com.netflix.loadbalancer.DynamicServerListLoadBalancer-DynamicServerListLoadBalancer for client service-ucenter initialized: DynamicServerListLoadBalancer:{NFLoadBalancer:name=service-ucenter,current list of Servers=[192.168.31.136:8085],Load balancer stats=Zone stats: {unknown=[Zone:unknown;	Instance count:1;	Active connections count: 0;	Circuit breaker tripped count: 0;	Active connections per server: 0.0;]
},Server stats: [[Server:192.168.31.136:8085;	Zone:UNKNOWN;	Total Requests:0;	Successive connection failure:0;	Total blackout seconds:0;	Last connection made:Thu Jan 01 08:00:00 CST 1970;	First connection made: Thu Jan 01 08:00:00 CST 1970;	Active Connections:0;	total failure count in last (1000) msecs:0;	average resp time:0.0;	90 percentile resp time:0.0;	95 percentile resp time:0.0;	min resp time:0.0;	max resp time:0.0;	stddev resp time:0.0]
]}ServerList:com.alibaba.cloud.nacos.ribbon.NacosServerList@20bcbc59
2022-02-12 14:45:21.622 [http-nio-8086-exec-3] INFO  com.novedu.nov.common.config.NovMetaObjectHandler-start insert fill ....
2022-02-12 14:45:22.112 [PollingServerListUpdater-0] INFO  com.netflix.config.ChainedDynamicProperty-Flipping property: service-ucenter.ribbon.ActiveConnectionsLimit to use NEXT property: niws.loadbalancer.availabilityFilteringRule.activeConnectionsLimit = 2147483647
2022-02-12 14:45:24.290 [http-nio-8086-exec-7] INFO  com.novedu.nov.common.config.NovMetaObjectHandler-start update fill ....
2022-02-12 14:45:24.394 [http-nio-8086-exec-7] INFO  com.novedu.nov.order.service.impl.AlipayServiceImpl-同步订单:1492389344432721922成功
2022-02-12 14:45:24.453 [http-nio-8081-exec-5] INFO  com.novedu.nov.common.config.NovMetaObjectHandler-start insert fill ....
2022-02-12 14:45:24.643 [http-nio-8081-exec-5] INFO  com.novedu.nov.edu.service.impl.EduCourseApplyServiceImpl-同步课程学习人数成功
2022-02-12 14:45:24.645 [http-nio-8086-exec-7] INFO  com.novedu.nov.order.service.impl.AlipayServiceImpl-saveApply success
2022-02-12 14:45:24.732 [http-nio-8086-exec-7] INFO  com.novedu.nov.order.service.impl.AlipayServiceImpl-同步课程学习人数成功
2022-02-12 14:45:24.831 [http-nio-8086-exec-7] INFO  com.novedu.nov.order.service.impl.AlipayServiceImpl-同步课程购买数成功
2022-02-12 14:45:30.014 [task-320] INFO  com.novedu.nov.statistics.task.MultiThreadScheduleTask----------------正在同步课程播放次数...
2022-02-12 14:45:33.645 [task-320] INFO  com.novedu.nov.statistics.task.MultiThreadScheduleTask----------------课程播放次数同步完成
2022-02-12 14:45:56.570 [http-nio-8086-exec-4] INFO  com.novedu.nov.common.config.NovMetaObjectHandler-start insert fill ....
2022-02-12 14:46:00.014 [task-321] INFO  com.novedu.nov.statistics.task.MultiThreadScheduleTask----------------正在同步课程播放次数...
2022-02-12 14:46:03.740 [task-321] INFO  com.novedu.nov.statistics.task.MultiThreadScheduleTask----------------课程播放次数同步完成
2022-02-12 14:46:30.013 [task-322] INFO  com.novedu.nov.statistics.task.MultiThreadScheduleTask----------------正在同步课程播放次数...
2022-02-12 14:46:33.628 [task-322] INFO  com.novedu.nov.statistics.task.MultiThreadScheduleTask----------------课程播放次数同步完成
2022-02-12 14:47:00.013 [task-323] INFO  com.novedu.nov.statistics.task.MultiThreadScheduleTask----------------正在同步课程播放次数...
2022-02-12 14:47:03.622 [task-323] INFO  com.novedu.nov.statistics.task.MultiThreadScheduleTask----------------课程播放次数同步完成
2022-02-12 14:47:30.002 [task-324] INFO  com.novedu.nov.statistics.task.MultiThreadScheduleTask----------------正在同步课程播放次数...
2022-02-12 14:47:33.595 [task-324] INFO  com.novedu.nov.statistics.task.MultiThreadScheduleTask----------------课程播放次数同步完成
2022-02-12 14:48:00.006 [task-325] INFO  com.novedu.nov.statistics.task.MultiThreadScheduleTask----------------正在同步课程播放次数...
2022-02-12 14:48:03.617 [task-325] INFO  com.novedu.nov.statistics.task.MultiThreadScheduleTask----------------课程播放次数同步完成
2022-02-12 14:48:30.007 [task-326] INFO  com.novedu.nov.statistics.task.MultiThreadScheduleTask----------------正在同步课程播放次数...
2022-02-12 14:48:33.607 [task-326] INFO  com.novedu.nov.statistics.task.MultiThreadScheduleTask----------------课程播放次数同步完成
2022-02-12 14:48:42.824 [http-nio-8086-exec-2] INFO  com.novedu.nov.common.config.NovMetaObjectHandler-start update fill ....
2022-02-12 14:48:42.927 [http-nio-8086-exec-2] INFO  com.novedu.nov.order.service.impl.AlipayServiceImpl-同步订单:1492389490998480897成功
2022-02-12 14:48:42.982 [http-nio-8081-exec-4] INFO  com.novedu.nov.common.config.NovMetaObjectHandler-start insert fill ....
2022-02-12 14:48:43.175 [http-nio-8081-exec-4] INFO  com.novedu.nov.edu.service.impl.EduCourseApplyServiceImpl-同步课程学习人数成功
2022-02-12 14:48:43.176 [http-nio-8086-exec-2] INFO  com.novedu.nov.order.service.impl.AlipayServiceImpl-saveApply success
2022-02-12 14:48:43.264 [http-nio-8086-exec-2] INFO  com.novedu.nov.order.service.impl.AlipayServiceImpl-同步课程学习人数成功
2022-02-12 14:48:43.361 [http-nio-8086-exec-2] INFO  com.novedu.nov.order.service.impl.AlipayServiceImpl-同步课程购买数成功
2022-02-12 14:49:00.008 [task-327] INFO  com.novedu.nov.statistics.task.MultiThreadScheduleTask----------------正在同步课程播放次数...
2022-02-12 14:49:03.611 [task-327] INFO  com.novedu.nov.statistics.task.MultiThreadScheduleTask----------------课程播放次数同步完成
2022-02-12 14:49:30.014 [task-328] INFO  com.novedu.nov.statistics.task.MultiThreadScheduleTask----------------正在同步课程播放次数...
2022-02-12 14:49:33.615 [task-328] INFO  com.novedu.nov.statistics.task.MultiThreadScheduleTask----------------课程播放次数同步完成
2022-02-12 14:50:00.005 [task-329] INFO  com.novedu.nov.statistics.task.MultiThreadScheduleTask----------------正在同步课程播放次数...
2022-02-12 14:50:03.612 [task-329] INFO  com.novedu.nov.statistics.task.MultiThreadScheduleTask----------------课程播放次数同步完成
2022-02-12 14:50:30.004 [task-330] INFO  com.novedu.nov.statistics.task.MultiThreadScheduleTask----------------正在同步课程播放次数...
2022-02-12 14:50:33.608 [task-330] INFO  com.novedu.nov.statistics.task.MultiThreadScheduleTask----------------课程播放次数同步完成
2022-02-12 14:51:00.004 [task-331] INFO  com.novedu.nov.statistics.task.MultiThreadScheduleTask----------------正在同步课程播放次数...
2022-02-12 14:51:02.444 [task-331] INFO  com.novedu.nov.statistics.task.MultiThreadScheduleTask----------------课程播放次数同步完成
2022-02-12 14:51:10.363 [http-nio-8086-exec-2] INFO  com.novedu.nov.common.config.NovMetaObjectHandler-start insert fill ....
2022-02-12 14:51:11.770 [http-nio-8086-exec-5] INFO  com.novedu.nov.common.config.NovMetaObjectHandler-start update fill ....
2022-02-12 14:51:11.871 [http-nio-8086-exec-5] INFO  com.novedu.nov.order.service.impl.AlipayServiceImpl-同步订单:1492390807103967234成功
2022-02-12 14:51:11.929 [http-nio-8081-exec-5] INFO  com.novedu.nov.common.config.NovMetaObjectHandler-start insert fill ....
2022-02-12 14:51:12.131 [http-nio-8081-exec-5] INFO  com.novedu.nov.edu.service.impl.EduCourseApplyServiceImpl-同步课程学习人数成功
2022-02-12 14:51:12.133 [http-nio-8086-exec-5] INFO  com.novedu.nov.order.service.impl.AlipayServiceImpl-saveApply success
2022-02-12 14:51:12.222 [http-nio-8086-exec-5] INFO  com.novedu.nov.order.service.impl.AlipayServiceImpl-同步课程学习人数成功
2022-02-12 14:51:12.323 [http-nio-8086-exec-5] INFO  com.novedu.nov.order.service.impl.AlipayServiceImpl-同步课程购买数成功
2022-02-12 14:51:30.003 [task-332] INFO  com.novedu.nov.statistics.task.MultiThreadScheduleTask----------------正在同步课程播放次数...
2022-02-12 14:51:33.771 [task-332] INFO  com.novedu.nov.statistics.task.MultiThreadScheduleTask----------------课程播放次数同步完成
2022-02-12 14:51:47.566 [http-nio-8086-exec-8] INFO  com.novedu.nov.common.config.NovMetaObjectHandler-start insert fill ....
2022-02-12 14:51:48.737 [http-nio-8086-exec-2] INFO  com.novedu.nov.common.config.NovMetaObjectHandler-start update fill ....
2022-02-12 14:51:48.839 [http-nio-8086-exec-2] INFO  com.novedu.nov.order.service.impl.AlipayServiceImpl-同步订单:1492390963186601986成功
2022-02-12 14:51:48.887 [http-nio-8081-exec-5] INFO  com.novedu.nov.common.config.NovMetaObjectHandler-start insert fill ....
2022-02-12 14:51:49.075 [http-nio-8081-exec-5] INFO  com.novedu.nov.edu.service.impl.EduCourseApplyServiceImpl-同步课程学习人数成功
2022-02-12 14:51:49.076 [http-nio-8086-exec-2] INFO  com.novedu.nov.order.service.impl.AlipayServiceImpl-saveApply success
2022-02-12 14:51:49.176 [http-nio-8086-exec-2] INFO  com.novedu.nov.order.service.impl.AlipayServiceImpl-同步课程学习人数成功
2022-02-12 14:51:49.287 [http-nio-8086-exec-2] INFO  com.novedu.nov.order.service.impl.AlipayServiceImpl-同步课程购买数成功
2022-02-12 14:52:00.003 [task-333] INFO  com.novedu.nov.statistics.task.MultiThreadScheduleTask----------------正在同步课程播放次数...
2022-02-12 14:52:03.770 [task-333] INFO  com.novedu.nov.statistics.task.MultiThreadScheduleTask----------------课程播放次数同步完成
2022-02-12 14:52:30.013 [task-334] INFO  com.novedu.nov.statistics.task.MultiThreadScheduleTask----------------正在同步课程播放次数...
2022-02-12 14:52:33.774 [task-334] INFO  com.novedu.nov.statistics.task.MultiThreadScheduleTask----------------课程播放次数同步完成
2022-02-12 14:53:00.007 [task-335] INFO  com.novedu.nov.statistics.task.MultiThreadScheduleTask----------------正在同步课程播放次数...
2022-02-12 14:53:02.441 [task-335] INFO  com.novedu.nov.statistics.task.MultiThreadScheduleTask----------------课程播放次数同步完成
2022-02-12 14:53:30.007 [task-336] INFO  com.novedu.nov.statistics.task.MultiThreadScheduleTask----------------正在同步课程播放次数...
2022-02-12 14:53:34.735 [task-336] INFO  com.novedu.nov.statistics.task.MultiThreadScheduleTask----------------课程播放次数同步完成
2022-02-12 14:54:00.004 [task-337] INFO  com.novedu.nov.statistics.task.MultiThreadScheduleTask----------------正在同步课程播放次数...
2022-02-12 14:54:03.823 [task-337] INFO  com.novedu.nov.statistics.task.MultiThreadScheduleTask----------------课程播放次数同步完成
2022-02-12 14:54:30.015 [task-338] INFO  com.novedu.nov.statistics.task.MultiThreadScheduleTask----------------正在同步课程播放次数...
2022-02-12 14:54:33.842 [task-338] INFO  com.novedu.nov.statistics.task.MultiThreadScheduleTask----------------课程播放次数同步完成
2022-02-12 14:55:00.005 [task-339] INFO  com.novedu.nov.statistics.task.MultiThreadScheduleTask----------------正在同步课程播放次数...
2022-02-12 14:55:03.833 [task-339] INFO  com.novedu.nov.statistics.task.MultiThreadScheduleTask----------------课程播放次数同步完成
2022-02-12 14:55:30.008 [task-340] INFO  com.novedu.nov.statistics.task.MultiThreadScheduleTask----------------正在同步课程播放次数...
2022-02-12 14:55:33.856 [task-340] INFO  com.novedu.nov.statistics.task.MultiThreadScheduleTask----------------课程播放次数同步完成
2022-02-12 14:56:00.005 [task-341] INFO  com.novedu.nov.statistics.task.MultiThreadScheduleTask----------------正在同步课程播放次数...
2022-02-12 14:56:03.814 [task-341] INFO  com.novedu.nov.statistics.task.MultiThreadScheduleTask----------------课程播放次数同步完成
2022-02-12 14:56:04.582 [http-nio-8081-exec-4] INFO  com.novedu.nov.common.config.NovMetaObjectHandler-start update fill ....
2022-02-12 14:56:30.008 [task-342] INFO  com.novedu.nov.statistics.task.MultiThreadScheduleTask----------------正在同步课程播放次数...
2022-02-12 14:56:33.812 [task-342] INFO  com.novedu.nov.statistics.task.MultiThreadScheduleTask----------------课程播放次数同步完成
2022-02-12 14:56:41.092 [http-nio-8081-exec-9] INFO  com.novedu.nov.common.config.NovMetaObjectHandler-start update fill ....
2022-02-12 14:57:00.007 [task-343] INFO  com.novedu.nov.statistics.task.MultiThreadScheduleTask----------------正在同步课程播放次数...
2022-02-12 14:57:02.588 [task-343] INFO  com.novedu.nov.statistics.task.MultiThreadScheduleTask----------------课程播放次数同步完成
2022-02-12 14:57:30.002 [task-344] INFO  com.novedu.nov.statistics.task.MultiThreadScheduleTask----------------正在同步课程播放次数...
2022-02-12 14:57:33.262 [task-344] INFO  com.novedu.nov.statistics.task.MultiThreadScheduleTask----------------课程播放次数同步完成
2022-02-12 14:58:00.008 [task-345] INFO  com.novedu.nov.statistics.task.MultiThreadScheduleTask----------------正在同步课程播放次数...
2022-02-12 14:58:03.017 [task-345] INFO  com.novedu.nov.statistics.task.MultiThreadScheduleTask----------------课程播放次数同步完成
2022-02-12 14:58:30.008 [task-346] INFO  com.novedu.nov.statistics.task.MultiThreadScheduleTask----------------正在同步课程播放次数...
2022-02-12 14:58:32.980 [task-346] INFO  com.novedu.nov.statistics.task.MultiThreadScheduleTask----------------课程播放次数同步完成
2022-02-12 14:59:00.007 [task-347] INFO  com.novedu.nov.statistics.task.MultiThreadScheduleTask----------------正在同步课程播放次数...
2022-02-12 14:59:19.212 [task-347] INFO  com.novedu.nov.statistics.task.MultiThreadScheduleTask----------------课程播放次数同步失败
2022-02-12 14:59:30.001 [task-348] INFO  com.novedu.nov.statistics.task.MultiThreadScheduleTask----------------正在同步课程播放次数...
2022-02-12 14:59:33.465 [task-348] INFO  com.novedu.nov.statistics.task.MultiThreadScheduleTask----------------课程播放次数同步完成
2022-02-12 15:00:00.007 [task-349] INFO  com.novedu.nov.statistics.task.MultiThreadScheduleTask----------------正在同步课程播放次数...
2022-02-12 15:00:19.250 [task-349] INFO  com.novedu.nov.statistics.task.MultiThreadScheduleTask----------------课程播放次数同步失败
2022-02-12 15:00:30.004 [task-350] INFO  com.novedu.nov.statistics.task.MultiThreadScheduleTask----------------正在同步课程播放次数...
2022-02-12 15:00:32.244 [task-350] INFO  com.novedu.nov.statistics.task.MultiThreadScheduleTask----------------课程播放次数同步完成
2022-02-12 15:01:00.013 [task-351] INFO  com.novedu.nov.statistics.task.MultiThreadScheduleTask----------------正在同步课程播放次数...
2022-02-12 15:01:19.189 [task-351] INFO  com.novedu.nov.statistics.task.MultiThreadScheduleTask----------------课程播放次数同步失败
2022-02-12 15:01:30.015 [task-352] INFO  com.novedu.nov.statistics.task.MultiThreadScheduleTask----------------正在同步课程播放次数...
2022-02-12 15:01:31.956 [task-352] INFO  com.novedu.nov.statistics.task.MultiThreadScheduleTask----------------课程播放次数同步完成
2022-02-12 15:02:00.014 [task-353] INFO  com.novedu.nov.statistics.task.MultiThreadScheduleTask----------------正在同步课程播放次数...
2022-02-12 15:02:02.235 [task-353] INFO  com.novedu.nov.statistics.task.MultiThreadScheduleTask----------------课程播放次数同步完成
2022-02-12 15:02:30.009 [task-354] INFO  com.novedu.nov.statistics.task.MultiThreadScheduleTask----------------正在同步课程播放次数...
2022-02-12 15:02:32.247 [task-354] INFO  com.novedu.nov.statistics.task.MultiThreadScheduleTask----------------课程播放次数同步完成
2022-02-12 15:03:00.008 [task-355] INFO  com.novedu.nov.statistics.task.MultiThreadScheduleTask----------------正在同步课程播放次数...
2022-02-12 15:03:02.243 [task-355] INFO  com.novedu.nov.statistics.task.MultiThreadScheduleTask----------------课程播放次数同步完成
2022-02-12 15:03:30.004 [task-356] INFO  com.novedu.nov.statistics.task.MultiThreadScheduleTask----------------正在同步课程播放次数...
2022-02-12 15:03:32.226 [task-356] INFO  com.novedu.nov.statistics.task.MultiThreadScheduleTask----------------课程播放次数同步完成
2022-02-12 15:04:00.001 [task-357] INFO  com.novedu.nov.statistics.task.MultiThreadScheduleTask----------------正在同步课程播放次数...
2022-02-12 15:04:02.225 [task-357] INFO  com.novedu.nov.statistics.task.MultiThreadScheduleTask----------------课程播放次数同步完成
2022-02-12 15:04:30.005 [task-358] INFO  com.novedu.nov.statistics.task.MultiThreadScheduleTask----------------正在同步课程播放次数...
2022-02-12 15:04:32.228 [task-358] INFO  com.novedu.nov.statistics.task.MultiThreadScheduleTask----------------课程播放次数同步完成
2022-02-12 15:05:00.001 [task-359] INFO  com.novedu.nov.statistics.task.MultiThreadScheduleTask----------------正在同步课程播放次数...
2022-02-12 15:05:02.229 [task-359] INFO  com.novedu.nov.statistics.task.MultiThreadScheduleTask----------------课程播放次数同步完成
2022-02-12 15:05:30.013 [task-360] INFO  com.novedu.nov.statistics.task.MultiThreadScheduleTask----------------正在同步课程播放次数...
2022-02-12 15:05:32.239 [task-360] INFO  com.novedu.nov.statistics.task.MultiThreadScheduleTask----------------课程播放次数同步完成
2022-02-12 15:06:00.013 [task-361] INFO  com.novedu.nov.statistics.task.MultiThreadScheduleTask----------------正在同步课程播放次数...
2022-02-12 15:06:02.255 [task-361] INFO  com.novedu.nov.statistics.task.MultiThreadScheduleTask----------------课程播放次数同步完成
2022-02-12 15:06:30.011 [task-362] INFO  com.novedu.nov.statistics.task.MultiThreadScheduleTask----------------正在同步课程播放次数...
2022-02-12 15:06:32.269 [task-362] INFO  com.novedu.nov.statistics.task.MultiThreadScheduleTask----------------课程播放次数同步完成
2022-02-12 15:07:00.005 [task-363] INFO  com.novedu.nov.statistics.task.MultiThreadScheduleTask----------------正在同步课程播放次数...
2022-02-12 15:07:02.280 [task-363] INFO  com.novedu.nov.statistics.task.MultiThreadScheduleTask----------------课程播放次数同步完成
2022-02-12 15:07:30.006 [task-364] INFO  com.novedu.nov.statistics.task.MultiThreadScheduleTask----------------正在同步课程播放次数...
2022-02-12 15:07:32.244 [task-364] INFO  com.novedu.nov.statistics.task.MultiThreadScheduleTask----------------课程播放次数同步完成
2022-02-12 15:08:00.003 [task-365] INFO  com.novedu.nov.statistics.task.MultiThreadScheduleTask----------------正在同步课程播放次数...
2022-02-12 15:08:03.930 [task-365] INFO  com.novedu.nov.statistics.task.MultiThreadScheduleTask----------------课程播放次数同步完成
2022-02-12 15:08:30.001 [task-366] INFO  com.novedu.nov.statistics.task.MultiThreadScheduleTask----------------正在同步课程播放次数...
2022-02-12 15:08:33.933 [task-366] INFO  com.novedu.nov.statistics.task.MultiThreadScheduleTask----------------课程播放次数同步完成
2022-02-12 15:09:00.014 [task-367] INFO  com.novedu.nov.statistics.task.MultiThreadScheduleTask----------------正在同步课程播放次数...
2022-02-12 15:09:03.950 [task-367] INFO  com.novedu.nov.statistics.task.MultiThreadScheduleTask----------------课程播放次数同步完成
2022-02-12 15:09:30.008 [task-368] INFO  com.novedu.nov.statistics.task.MultiThreadScheduleTask----------------正在同步课程播放次数...
2022-02-12 15:09:49.220 [task-368] INFO  com.novedu.nov.statistics.task.MultiThreadScheduleTask----------------课程播放次数同步失败
2022-02-12 15:10:00.008 [task-369] INFO  com.novedu.nov.statistics.task.MultiThreadScheduleTask----------------正在同步课程播放次数...
2022-02-12 15:10:02.477 [task-369] INFO  com.novedu.nov.statistics.task.MultiThreadScheduleTask----------------课程播放次数同步完成
2022-02-12 15:10:30.013 [task-370] INFO  com.novedu.nov.statistics.task.MultiThreadScheduleTask----------------正在同步课程播放次数...
2022-02-12 15:10:49.216 [task-370] INFO  com.novedu.nov.statistics.task.MultiThreadScheduleTask----------------课程播放次数同步失败
2022-02-12 15:10:55.797 [http-nio-8888-exec-1] INFO  org.apache.catalina.core.ContainerBase.[Tomcat].[localhost].[/]-Initializing Spring DispatcherServlet 'dispatcherServlet'
2022-02-12 15:10:55.797 [http-nio-8888-exec-1] INFO  org.springframework.web.servlet.DispatcherServlet-Initializing Servlet 'dispatcherServlet'
2022-02-12 15:10:55.804 [http-nio-8888-exec-1] INFO  org.springframework.web.servlet.DispatcherServlet-Completed initialization in 7 ms
2022-02-12 15:10:56.188 [http-nio-8888-exec-2] INFO  com.novedu.nov.common.util.HttpUtils-==========Remote return============
2022-02-12 15:10:56.188 [http-nio-8888-exec-2] INFO  com.novedu.nov.common.util.HttpUtils-{"code":200,"msg":"success","data":{"path":"/img/2022/02/12/1603795551403511812.jpg"}}
2022-02-12 15:10:56.188 [http-nio-8888-exec-2] INFO  com.novedu.nov.common.util.HttpUtils-===================================
2022-02-12 15:10:56.739 [http-nio-8081-exec-2] INFO  com.novedu.nov.common.config.NovMetaObjectHandler-start insert fill ....
2022-02-12 15:11:00.004 [task-371] INFO  com.novedu.nov.statistics.task.MultiThreadScheduleTask----------------正在同步课程播放次数...
2022-02-12 15:11:02.685 [task-371] INFO  com.novedu.nov.statistics.task.MultiThreadScheduleTask----------------课程播放次数同步完成
2022-02-12 15:11:13.148 [http-nio-8081-exec-10] INFO  com.novedu.nov.common.config.NovMetaObjectHandler-start insert fill ....
2022-02-12 15:11:30.007 [task-372] INFO  com.novedu.nov.statistics.task.MultiThreadScheduleTask----------------正在同步课程播放次数...
2022-02-12 15:11:32.606 [task-372] INFO  com.novedu.nov.statistics.task.MultiThreadScheduleTask----------------课程播放次数同步完成
2022-02-12 15:12:00.009 [task-373] INFO  com.novedu.nov.statistics.task.MultiThreadScheduleTask----------------正在同步课程播放次数...
2022-02-12 15:12:02.996 [task-373] INFO  com.novedu.nov.statistics.task.MultiThreadScheduleTask----------------课程播放次数同步完成
2022-02-12 15:12:30.013 [task-374] INFO  com.novedu.nov.statistics.task.MultiThreadScheduleTask----------------正在同步课程播放次数...
2022-02-12 15:12:32.964 [task-374] INFO  com.novedu.nov.statistics.task.MultiThreadScheduleTask----------------课程播放次数同步完成
2022-02-12 15:13:00.007 [task-375] INFO  com.novedu.nov.statistics.task.MultiThreadScheduleTask----------------正在同步课程播放次数...
2022-02-12 15:13:02.983 [task-375] INFO  com.novedu.nov.statistics.task.MultiThreadScheduleTask----------------课程播放次数同步完成
2022-02-12 15:13:30.015 [task-376] INFO  com.novedu.nov.statistics.task.MultiThreadScheduleTask----------------正在同步课程播放次数...
2022-02-12 15:13:32.956 [task-376] INFO  com.novedu.nov.statistics.task.MultiThreadScheduleTask----------------课程播放次数同步完成
2022-02-12 15:14:00.014 [task-377] INFO  com.novedu.nov.statistics.task.MultiThreadScheduleTask----------------正在同步课程播放次数...
2022-02-12 15:14:03.003 [task-377] INFO  com.novedu.nov.statistics.task.MultiThreadScheduleTask----------------课程播放次数同步完成
2022-02-12 15:14:30.004 [task-378] INFO  com.novedu.nov.statistics.task.MultiThreadScheduleTask----------------正在同步课程播放次数...
2022-02-12 15:14:32.989 [task-378] INFO  com.novedu.nov.statistics.task.MultiThreadScheduleTask----------------课程播放次数同步完成
2022-02-12 15:15:00.002 [task-379] INFO  com.novedu.nov.statistics.task.MultiThreadScheduleTask----------------正在同步课程播放次数...
2022-02-12 15:15:02.971 [task-379] INFO  com.novedu.nov.statistics.task.MultiThreadScheduleTask----------------课程播放次数同步完成
2022-02-12 15:15:18.916 [http-nio-8888-exec-3] INFO  com.novedu.nov.common.util.HttpUtils-==========Remote return============
2022-02-12 15:15:18.916 [http-nio-8888-exec-3] INFO  com.novedu.nov.common.util.HttpUtils-{"code":200,"msg":"success","data":{"path":"/img/2022/02/12/1603796653448499204.jpg"}}
2022-02-12 15:15:18.916 [http-nio-8888-exec-3] INFO  com.novedu.nov.common.util.HttpUtils-===================================
2022-02-12 15:15:19.706 [http-nio-8081-exec-7] INFO  com.novedu.nov.common.config.NovMetaObjectHandler-start insert fill ....
2022-02-12 15:15:27.271 [http-nio-8081-exec-3] INFO  com.novedu.nov.common.config.NovMetaObjectHandler-start insert fill ....
2022-02-12 15:15:30.002 [task-380] INFO  com.novedu.nov.statistics.task.MultiThreadScheduleTask----------------正在同步课程播放次数...
2022-02-12 15:15:32.957 [task-380] INFO  com.novedu.nov.statistics.task.MultiThreadScheduleTask----------------课程播放次数同步完成
2022-02-12 15:16:00.002 [task-381] INFO  com.novedu.nov.statistics.task.MultiThreadScheduleTask----------------正在同步课程播放次数...
2022-02-12 15:16:02.964 [task-381] INFO  com.novedu.nov.statistics.task.MultiThreadScheduleTask----------------课程播放次数同步完成
2022-02-12 15:16:03.255 [http-nio-8888-exec-4] INFO  com.novedu.nov.common.util.HttpUtils-==========Remote return============
2022-02-12 15:16:03.255 [http-nio-8888-exec-4] INFO  com.novedu.nov.common.util.HttpUtils-{"code":200,"msg":"success","data":{"path":"/img/2022/02/12/1603796839444910082.jpg"}}
2022-02-12 15:16:03.255 [http-nio-8888-exec-4] INFO  com.novedu.nov.common.util.HttpUtils-===================================
2022-02-12 15:16:04.045 [http-nio-8081-exec-8] INFO  com.novedu.nov.common.config.NovMetaObjectHandler-start insert fill ....
2022-02-12 15:16:11.056 [http-nio-8081-exec-10] INFO  com.novedu.nov.common.config.NovMetaObjectHandler-start insert fill ....
2022-02-12 15:16:30.005 [task-382] INFO  com.novedu.nov.statistics.task.MultiThreadScheduleTask----------------正在同步课程播放次数...
2022-02-12 15:16:32.939 [task-382] INFO  com.novedu.nov.statistics.task.MultiThreadScheduleTask----------------课程播放次数同步完成
2022-02-12 15:17:00.007 [task-383] INFO  com.novedu.nov.statistics.task.MultiThreadScheduleTask----------------正在同步课程播放次数...
2022-02-12 15:17:02.962 [task-383] INFO  com.novedu.nov.statistics.task.MultiThreadScheduleTask----------------课程播放次数同步完成
2022-02-12 15:17:14.386 [http-nio-8888-exec-5] INFO  com.novedu.nov.common.util.HttpUtils-==========Remote return============
2022-02-12 15:17:14.386 [http-nio-8888-exec-5] INFO  com.novedu.nov.common.util.HttpUtils-{"code":200,"msg":"success","data":{"path":"/img/2022/02/12/1603797137760587785.jpg"}}
2022-02-12 15:17:14.386 [http-nio-8888-exec-5] INFO  com.novedu.nov.common.util.HttpUtils-===================================
2022-02-12 15:17:14.840 [http-nio-8081-exec-5] INFO  com.novedu.nov.common.config.NovMetaObjectHandler-start insert fill ....
2022-02-12 15:17:21.078 [http-nio-8081-exec-9] INFO  com.novedu.nov.common.config.NovMetaObjectHandler-start insert fill ....
2022-02-12 15:17:30.004 [task-384] INFO  com.novedu.nov.statistics.task.MultiThreadScheduleTask----------------正在同步课程播放次数...
2022-02-12 15:17:32.955 [task-384] INFO  com.novedu.nov.statistics.task.MultiThreadScheduleTask----------------课程播放次数同步完成
2022-02-12 15:18:00.012 [task-385] INFO  com.novedu.nov.statistics.task.MultiThreadScheduleTask----------------正在同步课程播放次数...
2022-02-12 15:18:02.981 [task-385] INFO  com.novedu.nov.statistics.task.MultiThreadScheduleTask----------------课程播放次数同步完成
2022-02-12 15:18:30.012 [task-386] INFO  com.novedu.nov.statistics.task.MultiThreadScheduleTask----------------正在同步课程播放次数...
2022-02-12 15:18:32.958 [task-386] INFO  com.novedu.nov.statistics.task.MultiThreadScheduleTask----------------课程播放次数同步完成
2022-02-12 15:19:00.011 [task-387] INFO  com.novedu.nov.statistics.task.MultiThreadScheduleTask----------------正在同步课程播放次数...
2022-02-12 15:19:02.955 [task-387] INFO  com.novedu.nov.statistics.task.MultiThreadScheduleTask----------------课程播放次数同步完成
2022-02-12 15:19:30.002 [task-388] INFO  com.novedu.nov.statistics.task.MultiThreadScheduleTask----------------正在同步课程播放次数...
2022-02-12 15:19:32.953 [task-388] INFO  com.novedu.nov.statistics.task.MultiThreadScheduleTask----------------课程播放次数同步完成
2022-02-12 15:20:00.015 [task-389] INFO  com.novedu.nov.statistics.task.MultiThreadScheduleTask----------------正在同步课程播放次数...
2022-02-12 15:20:02.968 [task-389] INFO  com.novedu.nov.statistics.task.MultiThreadScheduleTask----------------课程播放次数同步完成
2022-02-12 15:20:30.012 [task-390] INFO  com.novedu.nov.statistics.task.MultiThreadScheduleTask----------------正在同步课程播放次数...
2022-02-12 15:20:32.979 [task-390] INFO  com.novedu.nov.statistics.task.MultiThreadScheduleTask----------------课程播放次数同步完成
2022-02-12 15:20:43.259 [http-nio-8888-exec-6] INFO  com.novedu.nov.common.util.HttpUtils-==========Remote return============
2022-02-12 15:20:43.260 [http-nio-8888-exec-6] INFO  com.novedu.nov.common.util.HttpUtils-{"code":200,"msg":"success","data":{"path":"/img/2022/02/12/1603798013808087048.jpg"}}
2022-02-12 15:20:43.260 [http-nio-8888-exec-6] INFO  com.novedu.nov.common.util.HttpUtils-===================================
2022-02-12 15:20:44.101 [http-nio-8081-exec-9] INFO  com.novedu.nov.common.config.NovMetaObjectHandler-start update fill ....
2022-02-12 15:21:00.012 [task-391] INFO  com.novedu.nov.statistics.task.MultiThreadScheduleTask----------------正在同步课程播放次数...
2022-02-12 15:21:01.937 [task-391] INFO  com.novedu.nov.statistics.task.MultiThreadScheduleTask----------------课程播放次数同步完成
2022-02-12 15:21:30.004 [task-392] INFO  com.novedu.nov.statistics.task.MultiThreadScheduleTask----------------正在同步课程播放次数...
2022-02-12 15:21:32.972 [task-392] INFO  com.novedu.nov.statistics.task.MultiThreadScheduleTask----------------课程播放次数同步完成
2022-02-12 15:22:00.013 [task-393] INFO  com.novedu.nov.statistics.task.MultiThreadScheduleTask----------------正在同步课程播放次数...
2022-02-12 15:22:02.962 [task-393] INFO  com.novedu.nov.statistics.task.MultiThreadScheduleTask----------------课程播放次数同步完成
2022-02-12 15:22:30.009 [task-394] INFO  com.novedu.nov.statistics.task.MultiThreadScheduleTask----------------正在同步课程播放次数...
2022-02-12 15:22:32.964 [task-394] INFO  com.novedu.nov.statistics.task.MultiThreadScheduleTask----------------课程播放次数同步完成
2022-02-12 15:22:58.073 [http-nio-8888-exec-7] INFO  com.novedu.nov.common.util.HttpUtils-==========Remote return============
2022-02-12 15:22:58.073 [http-nio-8888-exec-7] INFO  com.novedu.nov.common.util.HttpUtils-{"code":200,"msg":"success","data":{"path":"/img/2022/02/12/1603798579355455488.jpg"}}
2022-02-12 15:22:58.073 [http-nio-8888-exec-7] INFO  com.novedu.nov.common.util.HttpUtils-===================================
2022-02-12 15:22:58.722 [http-nio-8081-exec-10] INFO  com.novedu.nov.common.config.NovMetaObjectHandler-start insert fill ....
2022-02-12 15:23:00.001 [task-395] INFO  com.novedu.nov.statistics.task.MultiThreadScheduleTask----------------正在同步课程播放次数...
2022-02-12 15:23:02.964 [task-395] INFO  com.novedu.nov.statistics.task.MultiThreadScheduleTask----------------课程播放次数同步完成
2022-02-12 15:23:06.010 [http-nio-8081-exec-1] INFO  com.novedu.nov.common.config.NovMetaObjectHandler-start insert fill ....
2022-02-12 15:23:30.007 [task-396] INFO  com.novedu.nov.statistics.task.MultiThreadScheduleTask----------------正在同步课程播放次数...
2022-02-12 15:23:32.936 [task-396] INFO  com.novedu.nov.statistics.task.MultiThreadScheduleTask----------------课程播放次数同步完成
2022-02-12 15:24:00.002 [task-397] INFO  com.novedu.nov.statistics.task.MultiThreadScheduleTask----------------正在同步课程播放次数...
2022-02-12 15:24:02.901 [task-397] INFO  com.novedu.nov.statistics.task.MultiThreadScheduleTask----------------课程播放次数同步完成
2022-02-12 15:24:16.187 [http-nio-8081-exec-6] INFO  com.novedu.nov.common.config.NovMetaObjectHandler-start update fill ....
2022-02-12 15:24:30.007 [task-398] INFO  com.novedu.nov.statistics.task.MultiThreadScheduleTask----------------正在同步课程播放次数...
2022-02-12 15:24:32.901 [task-398] INFO  com.novedu.nov.statistics.task.MultiThreadScheduleTask----------------课程播放次数同步完成
2022-02-12 15:24:43.082 [http-nio-8081-exec-9] INFO  com.novedu.nov.common.config.NovMetaObjectHandler-start update fill ....
2022-02-12 15:25:00.009 [task-399] INFO  com.novedu.nov.statistics.task.MultiThreadScheduleTask----------------正在同步课程播放次数...
2022-02-12 15:25:02.911 [task-399] INFO  com.novedu.nov.statistics.task.MultiThreadScheduleTask----------------课程播放次数同步完成
2022-02-12 15:25:30.000 [task-400] INFO  com.novedu.nov.statistics.task.MultiThreadScheduleTask----------------正在同步课程播放次数...
2022-02-12 15:25:32.891 [task-400] INFO  com.novedu.nov.statistics.task.MultiThreadScheduleTask----------------课程播放次数同步完成
2022-02-12 15:26:00.012 [task-401] INFO  com.novedu.nov.statistics.task.MultiThreadScheduleTask----------------正在同步课程播放次数...
2022-02-12 15:26:02.901 [task-401] INFO  com.novedu.nov.statistics.task.MultiThreadScheduleTask----------------课程播放次数同步完成
2022-02-12 15:26:30.009 [task-402] INFO  com.novedu.nov.statistics.task.MultiThreadScheduleTask----------------正在同步课程播放次数...
2022-02-12 15:26:32.992 [task-402] INFO  com.novedu.nov.statistics.task.MultiThreadScheduleTask----------------课程播放次数同步完成
2022-02-12 15:27:00.003 [task-403] INFO  com.novedu.nov.statistics.task.MultiThreadScheduleTask----------------正在同步课程播放次数...
2022-02-12 15:27:02.904 [task-403] INFO  com.novedu.nov.statistics.task.MultiThreadScheduleTask----------------课程播放次数同步完成
2022-02-12 15:27:30.016 [task-404] INFO  com.novedu.nov.statistics.task.MultiThreadScheduleTask----------------正在同步课程播放次数...
2022-02-12 15:27:32.926 [task-404] INFO  com.novedu.nov.statistics.task.MultiThreadScheduleTask----------------课程播放次数同步完成
2022-02-12 15:28:00.013 [task-405] INFO  com.novedu.nov.statistics.task.MultiThreadScheduleTask----------------正在同步课程播放次数...
2022-02-12 15:28:02.930 [task-405] INFO  com.novedu.nov.statistics.task.MultiThreadScheduleTask----------------课程播放次数同步完成
2022-02-12 15:28:14.929 [http-nio-8081-exec-8] INFO  com.novedu.nov.common.config.NovMetaObjectHandler-start update fill ....
2022-02-12 15:28:24.097 [http-nio-8081-exec-6] INFO  com.novedu.nov.common.config.NovMetaObjectHandler-start update fill ....
2022-02-12 15:28:30.012 [task-406] INFO  com.novedu.nov.statistics.task.MultiThreadScheduleTask----------------正在同步课程播放次数...
2022-02-12 15:28:32.912 [task-406] INFO  com.novedu.nov.statistics.task.MultiThreadScheduleTask----------------课程播放次数同步完成
2022-02-12 15:29:00.011 [task-407] INFO  com.novedu.nov.statistics.task.MultiThreadScheduleTask----------------正在同步课程播放次数...
2022-02-12 15:29:02.906 [task-407] INFO  com.novedu.nov.statistics.task.MultiThreadScheduleTask----------------课程播放次数同步完成
2022-02-12 15:29:30.014 [task-408] INFO  com.novedu.nov.statistics.task.MultiThreadScheduleTask----------------正在同步课程播放次数...
2022-02-12 15:29:32.940 [task-408] INFO  com.novedu.nov.statistics.task.MultiThreadScheduleTask----------------课程播放次数同步完成
2022-02-12 15:30:00.004 [task-409] INFO  com.novedu.nov.statistics.task.MultiThreadScheduleTask----------------正在同步课程播放次数...
2022-02-12 15:30:02.938 [task-409] INFO  com.novedu.nov.statistics.task.MultiThreadScheduleTask----------------课程播放次数同步完成
2022-02-12 15:30:30.006 [task-410] INFO  com.novedu.nov.statistics.task.MultiThreadScheduleTask----------------正在同步课程播放次数...
2022-02-12 15:30:32.936 [task-410] INFO  com.novedu.nov.statistics.task.MultiThreadScheduleTask----------------课程播放次数同步完成
2022-02-12 15:30:38.479 [http-nio-8081-exec-10] INFO  com.novedu.nov.common.config.NovMetaObjectHandler-start update fill ....
2022-02-12 15:31:00.015 [task-411] INFO  com.novedu.nov.statistics.task.MultiThreadScheduleTask----------------正在同步课程播放次数...
2022-02-12 15:31:03.034 [task-411] INFO  com.novedu.nov.statistics.task.MultiThreadScheduleTask----------------课程播放次数同步完成
2022-02-12 15:31:30.009 [task-412] INFO  com.novedu.nov.statistics.task.MultiThreadScheduleTask----------------正在同步课程播放次数...
2022-02-12 15:31:49.235 [task-412] INFO  com.novedu.nov.statistics.task.MultiThreadScheduleTask----------------课程播放次数同步失败
2022-02-12 15:32:00.012 [task-413] INFO  com.novedu.nov.statistics.task.MultiThreadScheduleTask----------------正在同步课程播放次数...
2022-02-12 15:32:03.081 [task-413] INFO  com.novedu.nov.statistics.task.MultiThreadScheduleTask----------------课程播放次数同步完成
2022-02-12 15:32:30.010 [task-414] INFO  com.novedu.nov.statistics.task.MultiThreadScheduleTask----------------正在同步课程播放次数...
2022-02-12 15:32:33.085 [task-414] INFO  com.novedu.nov.statistics.task.MultiThreadScheduleTask----------------课程播放次数同步完成
2022-02-12 15:33:00.010 [task-415] INFO  com.novedu.nov.statistics.task.MultiThreadScheduleTask----------------正在同步课程播放次数...
2022-02-12 15:33:03.177 [task-415] INFO  com.novedu.nov.statistics.task.MultiThreadScheduleTask----------------课程播放次数同步完成
2022-02-12 15:33:30.002 [task-416] INFO  com.novedu.nov.statistics.task.MultiThreadScheduleTask----------------正在同步课程播放次数...
2022-02-12 15:33:33.128 [task-416] INFO  com.novedu.nov.statistics.task.MultiThreadScheduleTask----------------课程播放次数同步完成
2022-02-12 15:34:00.011 [task-417] INFO  com.novedu.nov.statistics.task.MultiThreadScheduleTask----------------正在同步课程播放次数...
2022-02-12 15:34:03.179 [task-417] INFO  com.novedu.nov.statistics.task.MultiThreadScheduleTask----------------课程播放次数同步完成
2022-02-12 15:34:30.002 [task-418] INFO  com.novedu.nov.statistics.task.MultiThreadScheduleTask----------------正在同步课程播放次数...
2022-02-12 15:34:33.180 [task-418] INFO  com.novedu.nov.statistics.task.MultiThreadScheduleTask----------------课程播放次数同步完成
2022-02-12 15:35:00.011 [task-419] INFO  com.novedu.nov.statistics.task.MultiThreadScheduleTask----------------正在同步课程播放次数...
2022-02-12 15:35:03.180 [task-419] INFO  com.novedu.nov.statistics.task.MultiThreadScheduleTask----------------课程播放次数同步完成
2022-02-12 15:35:30.003 [task-420] INFO  com.novedu.nov.statistics.task.MultiThreadScheduleTask----------------正在同步课程播放次数...
2022-02-12 15:35:33.183 [task-420] INFO  com.novedu.nov.statistics.task.MultiThreadScheduleTask----------------课程播放次数同步完成
2022-02-12 15:36:00.005 [task-421] INFO  com.novedu.nov.statistics.task.MultiThreadScheduleTask----------------正在同步课程播放次数...
2022-02-12 15:36:03.255 [task-421] INFO  com.novedu.nov.statistics.task.MultiThreadScheduleTask----------------课程播放次数同步完成
2022-02-12 15:36:30.013 [task-422] INFO  com.novedu.nov.statistics.task.MultiThreadScheduleTask----------------正在同步课程播放次数...
2022-02-12 15:36:49.228 [task-422] INFO  com.novedu.nov.statistics.task.MultiThreadScheduleTask----------------课程播放次数同步失败
2022-02-12 15:37:00.014 [task-423] INFO  com.novedu.nov.statistics.task.MultiThreadScheduleTask----------------正在同步课程播放次数...
2022-02-12 15:37:02.492 [task-423] INFO  com.novedu.nov.statistics.task.MultiThreadScheduleTask----------------课程播放次数同步完成
2022-02-12 15:37:30.014 [task-424] INFO  com.novedu.nov.statistics.task.MultiThreadScheduleTask----------------正在同步课程播放次数...
2022-02-12 15:37:32.544 [task-424] INFO  com.novedu.nov.statistics.task.MultiThreadScheduleTask----------------课程播放次数同步完成
2022-02-12 15:38:00.009 [task-425] INFO  com.novedu.nov.statistics.task.MultiThreadScheduleTask----------------正在同步课程播放次数...
2022-02-12 15:38:19.237 [task-425] INFO  com.novedu.nov.statistics.task.MultiThreadScheduleTask----------------课程播放次数同步失败
2022-02-12 15:38:30.001 [task-426] INFO  com.novedu.nov.statistics.task.MultiThreadScheduleTask----------------正在同步课程播放次数...
2022-02-12 15:38:32.443 [task-426] INFO  com.novedu.nov.statistics.task.MultiThreadScheduleTask----------------课程播放次数同步完成
2022-02-12 15:39:00.000 [task-427] INFO  com.novedu.nov.statistics.task.MultiThreadScheduleTask----------------正在同步课程播放次数...
2022-02-12 15:39:02.588 [task-427] INFO  com.novedu.nov.statistics.task.MultiThreadScheduleTask----------------课程播放次数同步完成
2022-02-12 15:39:30.005 [task-428] INFO  com.novedu.nov.statistics.task.MultiThreadScheduleTask----------------正在同步课程播放次数...
2022-02-12 15:39:32.633 [task-428] INFO  com.novedu.nov.statistics.task.MultiThreadScheduleTask----------------课程播放次数同步完成
2022-02-12 15:40:00.011 [task-429] INFO  com.novedu.nov.statistics.task.MultiThreadScheduleTask----------------正在同步课程播放次数...
2022-02-12 15:40:02.621 [task-429] INFO  com.novedu.nov.statistics.task.MultiThreadScheduleTask----------------课程播放次数同步完成
2022-02-12 15:40:30.016 [task-430] INFO  com.novedu.nov.statistics.task.MultiThreadScheduleTask----------------正在同步课程播放次数...
2022-02-12 15:40:32.651 [task-430] INFO  com.novedu.nov.statistics.task.MultiThreadScheduleTask----------------课程播放次数同步完成
2022-02-12 15:41:00.012 [task-431] INFO  com.novedu.nov.statistics.task.MultiThreadScheduleTask----------------正在同步课程播放次数...
2022-02-12 15:41:02.650 [task-431] INFO  com.novedu.nov.statistics.task.MultiThreadScheduleTask----------------课程播放次数同步完成
2022-02-12 15:41:30.007 [task-432] INFO  com.novedu.nov.statistics.task.MultiThreadScheduleTask----------------正在同步课程播放次数...
2022-02-12 15:41:32.613 [task-432] INFO  com.novedu.nov.statistics.task.MultiThreadScheduleTask----------------课程播放次数同步完成
2022-02-12 15:42:00.007 [task-433] INFO  com.novedu.nov.statistics.task.MultiThreadScheduleTask----------------正在同步课程播放次数...
2022-02-12 15:42:02.613 [task-433] INFO  com.novedu.nov.statistics.task.MultiThreadScheduleTask----------------课程播放次数同步完成
2022-02-12 15:42:30.007 [task-434] INFO  com.novedu.nov.statistics.task.MultiThreadScheduleTask----------------正在同步课程播放次数...
2022-02-12 15:42:32.604 [task-434] INFO  com.novedu.nov.statistics.task.MultiThreadScheduleTask----------------课程播放次数同步完成
2022-02-12 15:43:00.013 [task-435] INFO  com.novedu.nov.statistics.task.MultiThreadScheduleTask----------------正在同步课程播放次数...
2022-02-12 15:43:02.634 [task-435] INFO  com.novedu.nov.statistics.task.MultiThreadScheduleTask----------------课程播放次数同步完成
2022-02-12 15:43:30.004 [task-436] INFO  com.novedu.nov.statistics.task.MultiThreadScheduleTask----------------正在同步课程播放次数...
2022-02-12 15:43:49.216 [task-436] INFO  com.novedu.nov.statistics.task.MultiThreadScheduleTask----------------课程播放次数同步失败
2022-02-12 15:44:00.001 [task-437] INFO  com.novedu.nov.statistics.task.MultiThreadScheduleTask----------------正在同步课程播放次数...
2022-02-12 15:44:02.572 [task-437] INFO  com.novedu.nov.statistics.task.MultiThreadScheduleTask----------------课程播放次数同步完成
2022-02-12 15:44:30.010 [task-438] INFO  com.novedu.nov.statistics.task.MultiThreadScheduleTask----------------正在同步课程播放次数...
2022-02-12 15:44:49.233 [task-438] INFO  com.novedu.nov.statistics.task.MultiThreadScheduleTask----------------课程播放次数同步失败
2022-02-12 15:45:00.012 [task-439] INFO  com.novedu.nov.statistics.task.MultiThreadScheduleTask----------------正在同步课程播放次数...
2022-02-12 15:45:02.432 [task-439] INFO  com.novedu.nov.statistics.task.MultiThreadScheduleTask----------------课程播放次数同步完成
2022-02-12 15:45:30.009 [task-440] INFO  com.novedu.nov.statistics.task.MultiThreadScheduleTask----------------正在同步课程播放次数...
2022-02-12 15:45:32.406 [task-440] INFO  com.novedu.nov.statistics.task.MultiThreadScheduleTask----------------课程播放次数同步完成
2022-02-12 15:46:00.007 [task-441] INFO  com.novedu.nov.statistics.task.MultiThreadScheduleTask----------------正在同步课程播放次数...
2022-02-12 15:46:03.138 [task-441] INFO  com.novedu.nov.statistics.task.MultiThreadScheduleTask----------------课程播放次数同步完成
2022-02-12 15:46:30.002 [task-442] INFO  com.novedu.nov.statistics.task.MultiThreadScheduleTask----------------正在同步课程播放次数...
2022-02-12 15:46:33.111 [task-442] INFO  com.novedu.nov.statistics.task.MultiThreadScheduleTask----------------课程播放次数同步完成
2022-02-12 15:47:00.010 [task-443] INFO  com.novedu.nov.statistics.task.MultiThreadScheduleTask----------------正在同步课程播放次数...
2022-02-12 15:47:03.128 [task-443] INFO  com.novedu.nov.statistics.task.MultiThreadScheduleTask----------------课程播放次数同步完成
2022-02-12 15:47:30.011 [task-444] INFO  com.novedu.nov.statistics.task.MultiThreadScheduleTask----------------正在同步课程播放次数...
2022-02-12 15:47:33.148 [task-444] INFO  com.novedu.nov.statistics.task.MultiThreadScheduleTask----------------课程播放次数同步完成
2022-02-12 15:48:00.001 [task-445] INFO  com.novedu.nov.statistics.task.MultiThreadScheduleTask----------------正在同步课程播放次数...
2022-02-12 15:48:19.221 [task-445] INFO  com.novedu.nov.statistics.task.MultiThreadScheduleTask----------------课程播放次数同步失败
2022-02-12 15:48:30.011 [task-446] INFO  com.novedu.nov.statistics.task.MultiThreadScheduleTask----------------正在同步课程播放次数...
2022-02-12 15:48:32.932 [task-446] INFO  com.novedu.nov.statistics.task.MultiThreadScheduleTask----------------课程播放次数同步完成
2022-02-12 15:49:00.007 [task-447] INFO  com.novedu.nov.statistics.task.MultiThreadScheduleTask----------------正在同步课程播放次数...
2022-02-12 15:49:02.667 [task-447] INFO  com.novedu.nov.statistics.task.MultiThreadScheduleTask----------------课程播放次数同步完成
2022-02-12 15:49:30.015 [task-448] INFO  com.novedu.nov.statistics.task.MultiThreadScheduleTask----------------正在同步课程播放次数...
2022-02-12 15:49:33.109 [task-448] INFO  com.novedu.nov.statistics.task.MultiThreadScheduleTask----------------课程播放次数同步完成
2022-02-12 15:50:00.011 [task-449] INFO  com.novedu.nov.statistics.task.MultiThreadScheduleTask----------------正在同步课程播放次数...
2022-02-12 15:50:02.578 [task-449] INFO  com.novedu.nov.statistics.task.MultiThreadScheduleTask----------------课程播放次数同步完成
2022-02-12 15:50:30.012 [task-450] INFO  com.novedu.nov.statistics.task.MultiThreadScheduleTask----------------正在同步课程播放次数...
2022-02-12 15:50:32.615 [task-450] INFO  com.novedu.nov.statistics.task.MultiThreadScheduleTask----------------课程播放次数同步完成
2022-02-12 15:51:00.014 [task-451] INFO  com.novedu.nov.statistics.task.MultiThreadScheduleTask----------------正在同步课程播放次数...
2022-02-12 15:51:02.656 [task-451] INFO  com.novedu.nov.statistics.task.MultiThreadScheduleTask----------------课程播放次数同步完成
2022-02-12 15:51:30.003 [task-452] INFO  com.novedu.nov.statistics.task.MultiThreadScheduleTask----------------正在同步课程播放次数...
2022-02-12 15:51:32.796 [task-452] INFO  com.novedu.nov.statistics.task.MultiThreadScheduleTask----------------课程播放次数同步完成
2022-02-12 15:52:00.007 [task-453] INFO  com.novedu.nov.statistics.task.MultiThreadScheduleTask----------------正在同步课程播放次数...
2022-02-12 15:52:03.124 [task-453] INFO  com.novedu.nov.statistics.task.MultiThreadScheduleTask----------------课程播放次数同步完成
2022-02-12 15:52:30.013 [task-454] INFO  com.novedu.nov.statistics.task.MultiThreadScheduleTask----------------正在同步课程播放次数...
2022-02-12 15:52:33.119 [task-454] INFO  com.novedu.nov.statistics.task.MultiThreadScheduleTask----------------课程播放次数同步完成
2022-02-12 15:53:00.012 [task-455] INFO  com.novedu.nov.statistics.task.MultiThreadScheduleTask----------------正在同步课程播放次数...
2022-02-12 15:53:02.272 [task-455] INFO  com.novedu.nov.statistics.task.MultiThreadScheduleTask----------------课程播放次数同步完成
2022-02-12 15:53:30.012 [task-456] INFO  com.novedu.nov.statistics.task.MultiThreadScheduleTask----------------正在同步课程播放次数...
2022-02-12 15:53:32.269 [task-456] INFO  com.novedu.nov.statistics.task.MultiThreadScheduleTask----------------课程播放次数同步完成
2022-02-12 15:54:00.011 [task-457] INFO  com.novedu.nov.statistics.task.MultiThreadScheduleTask----------------正在同步课程播放次数...
2022-02-12 15:54:03.248 [task-457] INFO  com.novedu.nov.statistics.task.MultiThreadScheduleTask----------------课程播放次数同步完成
2022-02-12 15:54:30.009 [task-458] INFO  com.novedu.nov.statistics.task.MultiThreadScheduleTask----------------正在同步课程播放次数...
2022-02-12 15:54:33.247 [task-458] INFO  com.novedu.nov.statistics.task.MultiThreadScheduleTask----------------课程播放次数同步完成
2022-02-12 15:55:00.006 [task-459] INFO  com.novedu.nov.statistics.task.MultiThreadScheduleTask----------------正在同步课程播放次数...
2022-02-12 15:55:02.571 [task-459] INFO  com.novedu.nov.statistics.task.MultiThreadScheduleTask----------------课程播放次数同步完成
2022-02-12 15:55:30.002 [task-460] INFO  com.novedu.nov.statistics.task.MultiThreadScheduleTask----------------正在同步课程播放次数...
2022-02-12 15:55:32.638 [task-460] INFO  com.novedu.nov.statistics.task.MultiThreadScheduleTask----------------课程播放次数同步完成
2022-02-12 15:56:00.001 [task-461] INFO  com.novedu.nov.statistics.task.MultiThreadScheduleTask----------------正在同步课程播放次数...
2022-02-12 15:56:02.669 [task-461] INFO  com.novedu.nov.statistics.task.MultiThreadScheduleTask----------------课程播放次数同步完成
2022-02-12 15:56:30.004 [task-462] INFO  com.novedu.nov.statistics.task.MultiThreadScheduleTask----------------正在同步课程播放次数...
2022-02-12 15:56:32.616 [task-462] INFO  com.novedu.nov.statistics.task.MultiThreadScheduleTask----------------课程播放次数同步完成
2022-02-12 15:57:00.010 [task-463] INFO  com.novedu.nov.statistics.task.MultiThreadScheduleTask----------------正在同步课程播放次数...
2022-02-12 15:57:02.621 [task-463] INFO  com.novedu.nov.statistics.task.MultiThreadScheduleTask----------------课程播放次数同步完成
2022-02-12 15:57:30.011 [task-464] INFO  com.novedu.nov.statistics.task.MultiThreadScheduleTask----------------正在同步课程播放次数...
2022-02-12 15:57:32.621 [task-464] INFO  com.novedu.nov.statistics.task.MultiThreadScheduleTask----------------课程播放次数同步完成
2022-02-12 15:58:00.009 [task-465] INFO  com.novedu.nov.statistics.task.MultiThreadScheduleTask----------------正在同步课程播放次数...
2022-02-12 15:58:02.616 [task-465] INFO  com.novedu.nov.statistics.task.MultiThreadScheduleTask----------------课程播放次数同步完成
2022-02-12 15:58:30.002 [task-466] INFO  com.novedu.nov.statistics.task.MultiThreadScheduleTask----------------正在同步课程播放次数...
2022-02-12 15:58:32.627 [task-466] INFO  com.novedu.nov.statistics.task.MultiThreadScheduleTask----------------课程播放次数同步完成
2022-02-12 15:59:00.014 [task-467] INFO  com.novedu.nov.statistics.task.MultiThreadScheduleTask----------------正在同步课程播放次数...
2022-02-12 15:59:02.430 [task-467] INFO  com.novedu.nov.statistics.task.MultiThreadScheduleTask----------------课程播放次数同步完成
2022-02-12 15:59:30.009 [task-468] INFO  com.novedu.nov.statistics.task.MultiThreadScheduleTask----------------正在同步课程播放次数...
2022-02-12 15:59:32.417 [task-468] INFO  com.novedu.nov.statistics.task.MultiThreadScheduleTask----------------课程播放次数同步完成
2022-02-12 16:00:00.005 [task-469] INFO  com.novedu.nov.statistics.task.MultiThreadScheduleTask----------------正在同步课程播放次数...
2022-02-12 16:00:03.271 [task-469] INFO  com.novedu.nov.statistics.task.MultiThreadScheduleTask----------------课程播放次数同步完成
2022-02-12 16:00:30.009 [task-470] INFO  com.novedu.nov.statistics.task.MultiThreadScheduleTask----------------正在同步课程播放次数...
2022-02-12 16:00:32.559 [task-470] INFO  com.novedu.nov.statistics.task.MultiThreadScheduleTask----------------课程播放次数同步完成
2022-02-12 16:01:00.006 [task-471] INFO  com.novedu.nov.statistics.task.MultiThreadScheduleTask----------------正在同步课程播放次数...
2022-02-12 16:01:03.206 [task-471] INFO  com.novedu.nov.statistics.task.MultiThreadScheduleTask----------------课程播放次数同步完成
2022-02-12 16:01:30.008 [task-472] INFO  com.novedu.nov.statistics.task.MultiThreadScheduleTask----------------正在同步课程播放次数...
2022-02-12 16:01:33.295 [task-472] INFO  com.novedu.nov.statistics.task.MultiThreadScheduleTask----------------课程播放次数同步完成
2022-02-12 16:02:00.014 [task-473] INFO  com.novedu.nov.statistics.task.MultiThreadScheduleTask----------------正在同步课程播放次数...
2022-02-12 16:02:02.619 [task-473] INFO  com.novedu.nov.statistics.task.MultiThreadScheduleTask----------------课程播放次数同步完成
2022-02-12 16:02:30.012 [task-474] INFO  com.novedu.nov.statistics.task.MultiThreadScheduleTask----------------正在同步课程播放次数...
2022-02-12 16:02:32.628 [task-474] INFO  com.novedu.nov.statistics.task.MultiThreadScheduleTask----------------课程播放次数同步完成
2022-02-12 16:03:00.007 [task-475] INFO  com.novedu.nov.statistics.task.MultiThreadScheduleTask----------------正在同步课程播放次数...
2022-02-12 16:03:03.212 [task-475] INFO  com.novedu.nov.statistics.task.MultiThreadScheduleTask----------------课程播放次数同步完成
2022-02-12 16:03:30.012 [task-476] INFO  com.novedu.nov.statistics.task.MultiThreadScheduleTask----------------正在同步课程播放次数...
2022-02-12 16:03:33.359 [task-476] INFO  com.novedu.nov.statistics.task.MultiThreadScheduleTask----------------课程播放次数同步完成
2022-02-12 16:04:00.002 [task-477] INFO  com.novedu.nov.statistics.task.MultiThreadScheduleTask----------------正在同步课程播放次数...
2022-02-12 16:04:02.627 [task-477] INFO  com.novedu.nov.statistics.task.MultiThreadScheduleTask----------------课程播放次数同步完成
2022-02-12 16:04:30.012 [task-478] INFO  com.novedu.nov.statistics.task.MultiThreadScheduleTask----------------正在同步课程播放次数...
2022-02-12 16:04:32.655 [task-478] INFO  com.novedu.nov.statistics.task.MultiThreadScheduleTask----------------课程播放次数同步完成
2022-02-12 16:05:00.000 [task-479] INFO  com.novedu.nov.statistics.task.MultiThreadScheduleTask----------------正在同步课程播放次数...
2022-02-12 16:05:03.211 [task-479] INFO  com.novedu.nov.statistics.task.MultiThreadScheduleTask----------------课程播放次数同步完成
2022-02-12 16:05:30.009 [task-480] INFO  com.novedu.nov.statistics.task.MultiThreadScheduleTask----------------正在同步课程播放次数...
2022-02-12 16:05:32.245 [task-480] INFO  com.novedu.nov.statistics.task.MultiThreadScheduleTask----------------课程播放次数同步完成
2022-02-12 16:06:00.012 [task-481] INFO  com.novedu.nov.statistics.task.MultiThreadScheduleTask----------------正在同步课程播放次数...
2022-02-12 16:06:01.751 [task-481] INFO  com.novedu.nov.statistics.task.MultiThreadScheduleTask----------------课程播放次数同步完成
2022-02-12 16:06:30.003 [task-482] INFO  com.novedu.nov.statistics.task.MultiThreadScheduleTask----------------正在同步课程播放次数...
2022-02-12 16:06:32.623 [task-482] INFO  com.novedu.nov.statistics.task.MultiThreadScheduleTask----------------课程播放次数同步完成
2022-02-12 16:07:00.008 [task-483] INFO  com.novedu.nov.statistics.task.MultiThreadScheduleTask----------------正在同步课程播放次数...
2022-02-12 16:07:02.633 [task-483] INFO  com.novedu.nov.statistics.task.MultiThreadScheduleTask----------------课程播放次数同步完成
2022-02-12 16:07:30.012 [task-484] INFO  com.novedu.nov.statistics.task.MultiThreadScheduleTask----------------正在同步课程播放次数...
2022-02-12 16:07:32.645 [task-484] INFO  com.novedu.nov.statistics.task.MultiThreadScheduleTask----------------课程播放次数同步完成
2022-02-12 16:08:00.004 [task-485] INFO  com.novedu.nov.statistics.task.MultiThreadScheduleTask----------------正在同步课程播放次数...
2022-02-12 16:08:03.309 [task-485] INFO  com.novedu.nov.statistics.task.MultiThreadScheduleTask----------------课程播放次数同步完成
2022-02-12 16:08:30.009 [task-486] INFO  com.novedu.nov.statistics.task.MultiThreadScheduleTask----------------正在同步课程播放次数...
2022-02-12 16:08:32.948 [task-486] INFO  com.novedu.nov.statistics.task.MultiThreadScheduleTask----------------课程播放次数同步完成
2022-02-12 16:09:00.005 [task-487] INFO  com.novedu.nov.statistics.task.MultiThreadScheduleTask----------------正在同步课程播放次数...
2022-02-12 16:09:03.252 [task-487] INFO  com.novedu.nov.statistics.task.MultiThreadScheduleTask----------------课程播放次数同步完成
2022-02-12 16:09:30.007 [task-488] INFO  com.novedu.nov.statistics.task.MultiThreadScheduleTask----------------正在同步课程播放次数...
2022-02-12 16:09:33.291 [task-488] INFO  com.novedu.nov.statistics.task.MultiThreadScheduleTask----------------课程播放次数同步完成
2022-02-12 16:10:00.007 [task-489] INFO  com.novedu.nov.statistics.task.MultiThreadScheduleTask----------------正在同步课程播放次数...
2022-02-12 16:10:01.924 [task-489] INFO  com.novedu.nov.statistics.task.MultiThreadScheduleTask----------------课程播放次数同步完成
2022-02-12 16:10:30.010 [task-490] INFO  com.novedu.nov.statistics.task.MultiThreadScheduleTask----------------正在同步课程播放次数...
2022-02-12 16:10:33.257 [task-490] INFO  com.novedu.nov.statistics.task.MultiThreadScheduleTask----------------课程播放次数同步完成
2022-02-12 16:11:00.007 [task-491] INFO  com.novedu.nov.statistics.task.MultiThreadScheduleTask----------------正在同步课程播放次数...
2022-02-12 16:11:19.207 [task-491] INFO  com.novedu.nov.statistics.task.MultiThreadScheduleTask----------------课程播放次数同步失败
2022-02-12 16:11:30.004 [task-492] INFO  com.novedu.nov.statistics.task.MultiThreadScheduleTask----------------正在同步课程播放次数...
2022-02-12 16:11:32.075 [task-492] INFO  com.novedu.nov.statistics.task.MultiThreadScheduleTask----------------课程播放次数同步完成
2022-02-12 16:12:00.013 [task-493] INFO  com.novedu.nov.statistics.task.MultiThreadScheduleTask----------------正在同步课程播放次数...
2022-02-12 16:12:02.410 [task-493] INFO  com.novedu.nov.statistics.task.MultiThreadScheduleTask----------------课程播放次数同步完成
2022-02-12 16:12:30.012 [task-494] INFO  com.novedu.nov.statistics.task.MultiThreadScheduleTask----------------正在同步课程播放次数...
2022-02-12 16:12:32.066 [task-494] INFO  com.novedu.nov.statistics.task.MultiThreadScheduleTask----------------课程播放次数同步完成
2022-02-12 16:13:00.004 [task-495] INFO  com.novedu.nov.statistics.task.MultiThreadScheduleTask----------------正在同步课程播放次数...
2022-02-12 16:13:02.060 [task-495] INFO  com.novedu.nov.statistics.task.MultiThreadScheduleTask----------------课程播放次数同步完成
2022-02-12 16:13:30.005 [task-496] INFO  com.novedu.nov.statistics.task.MultiThreadScheduleTask----------------正在同步课程播放次数...
2022-02-12 16:13:32.070 [task-496] INFO  com.novedu.nov.statistics.task.MultiThreadScheduleTask----------------课程播放次数同步完成
2022-02-12 16:14:00.009 [task-497] INFO  com.novedu.nov.statistics.task.MultiThreadScheduleTask----------------正在同步课程播放次数...
2022-02-12 16:14:02.919 [task-497] INFO  com.novedu.nov.statistics.task.MultiThreadScheduleTask----------------课程播放次数同步完成
2022-02-12 16:14:30.007 [task-498] INFO  com.novedu.nov.statistics.task.MultiThreadScheduleTask----------------正在同步课程播放次数...
2022-02-12 16:14:32.933 [task-498] INFO  com.novedu.nov.statistics.task.MultiThreadScheduleTask----------------课程播放次数同步完成
2022-02-12 16:15:00.015 [task-499] INFO  com.novedu.nov.statistics.task.MultiThreadScheduleTask----------------正在同步课程播放次数...
2022-02-12 16:15:02.587 [task-499] INFO  com.novedu.nov.statistics.task.MultiThreadScheduleTask----------------课程播放次数同步完成
2022-02-12 16:15:30.009 [task-500] INFO  com.novedu.nov.statistics.task.MultiThreadScheduleTask----------------正在同步课程播放次数...
2022-02-12 16:15:49.228 [task-500] INFO  com.novedu.nov.statistics.task.MultiThreadScheduleTask----------------课程播放次数同步失败
2022-02-12 16:16:00.012 [task-501] INFO  com.novedu.nov.statistics.task.MultiThreadScheduleTask----------------正在同步课程播放次数...
2022-02-12 16:16:02.070 [task-501] INFO  com.novedu.nov.statistics.task.MultiThreadScheduleTask----------------课程播放次数同步完成
2022-02-12 16:16:30.012 [task-502] INFO  com.novedu.nov.statistics.task.MultiThreadScheduleTask----------------正在同步课程播放次数...
2022-02-12 16:16:32.081 [task-502] INFO  com.novedu.nov.statistics.task.MultiThreadScheduleTask----------------课程播放次数同步完成
2022-02-12 16:17:00.012 [task-503] INFO  com.novedu.nov.statistics.task.MultiThreadScheduleTask----------------正在同步课程播放次数...
2022-02-12 16:17:03.249 [task-503] INFO  com.novedu.nov.statistics.task.MultiThreadScheduleTask----------------课程播放次数同步完成
2022-02-12 16:17:30.006 [task-504] INFO  com.novedu.nov.statistics.task.MultiThreadScheduleTask----------------正在同步课程播放次数...
2022-02-12 16:17:32.939 [task-504] INFO  com.novedu.nov.statistics.task.MultiThreadScheduleTask----------------课程播放次数同步完成
2022-02-12 16:18:00.005 [task-505] INFO  com.novedu.nov.statistics.task.MultiThreadScheduleTask----------------正在同步课程播放次数...
2022-02-12 16:18:03.201 [task-505] INFO  com.novedu.nov.statistics.task.MultiThreadScheduleTask----------------课程播放次数同步完成
2022-02-12 16:18:30.010 [task-506] INFO  com.novedu.nov.statistics.task.MultiThreadScheduleTask----------------正在同步课程播放次数...
2022-02-12 16:18:32.741 [task-506] INFO  com.novedu.nov.statistics.task.MultiThreadScheduleTask----------------课程播放次数同步完成
2022-02-12 16:19:00.006 [task-507] INFO  com.novedu.nov.statistics.task.MultiThreadScheduleTask----------------正在同步课程播放次数...
2022-02-12 16:19:03.105 [task-507] INFO  com.novedu.nov.statistics.task.MultiThreadScheduleTask----------------课程播放次数同步完成
2022-02-12 16:19:30.003 [task-508] INFO  com.novedu.nov.statistics.task.MultiThreadScheduleTask----------------正在同步课程播放次数...
2022-02-12 16:19:33.133 [task-508] INFO  com.novedu.nov.statistics.task.MultiThreadScheduleTask----------------课程播放次数同步完成
2022-02-12 16:20:00.001 [task-509] INFO  com.novedu.nov.statistics.task.MultiThreadScheduleTask----------------正在同步课程播放次数...
2022-02-12 16:20:03.141 [task-509] INFO  com.novedu.nov.statistics.task.MultiThreadScheduleTask----------------课程播放次数同步完成
2022-02-12 16:20:30.001 [task-510] INFO  com.novedu.nov.statistics.task.MultiThreadScheduleTask----------------正在同步课程播放次数...
2022-02-12 16:20:33.136 [task-510] INFO  com.novedu.nov.statistics.task.MultiThreadScheduleTask----------------课程播放次数同步完成
2022-02-12 16:21:00.015 [task-511] INFO  com.novedu.nov.statistics.task.MultiThreadScheduleTask----------------正在同步课程播放次数...
2022-02-12 16:21:03.152 [task-511] INFO  com.novedu.nov.statistics.task.MultiThreadScheduleTask----------------课程播放次数同步完成
2022-02-12 16:21:30.001 [task-512] INFO  com.novedu.nov.statistics.task.MultiThreadScheduleTask----------------正在同步课程播放次数...
2022-02-12 16:21:33.153 [task-512] INFO  com.novedu.nov.statistics.task.MultiThreadScheduleTask----------------课程播放次数同步完成
2022-02-12 16:22:00.006 [task-513] INFO  com.novedu.nov.statistics.task.MultiThreadScheduleTask----------------正在同步课程播放次数...
2022-02-12 16:22:03.211 [task-513] INFO  com.novedu.nov.statistics.task.MultiThreadScheduleTask----------------课程播放次数同步完成
2022-02-12 16:22:30.015 [task-514] INFO  com.novedu.nov.statistics.task.MultiThreadScheduleTask----------------正在同步课程播放次数...
2022-02-12 16:22:33.143 [task-514] INFO  com.novedu.nov.statistics.task.MultiThreadScheduleTask----------------课程播放次数同步完成
2022-02-12 16:23:00.002 [task-515] INFO  com.novedu.nov.statistics.task.MultiThreadScheduleTask----------------正在同步课程播放次数...
2022-02-12 16:23:02.615 [task-515] INFO  com.novedu.nov.statistics.task.MultiThreadScheduleTask----------------课程播放次数同步完成
2022-02-12 16:23:30.012 [task-516] INFO  com.novedu.nov.statistics.task.MultiThreadScheduleTask----------------正在同步课程播放次数...
2022-02-12 16:23:32.639 [task-516] INFO  com.novedu.nov.statistics.task.MultiThreadScheduleTask----------------课程播放次数同步完成
2022-02-12 16:24:00.006 [task-517] INFO  com.novedu.nov.statistics.task.MultiThreadScheduleTask----------------正在同步课程播放次数...
2022-02-12 16:24:02.642 [task-517] INFO  com.novedu.nov.statistics.task.MultiThreadScheduleTask----------------课程播放次数同步完成
2022-02-12 16:24:30.008 [task-518] INFO  com.novedu.nov.statistics.task.MultiThreadScheduleTask----------------正在同步课程播放次数...
2022-02-12 16:24:32.615 [task-518] INFO  com.novedu.nov.statistics.task.MultiThreadScheduleTask----------------课程播放次数同步完成
2022-02-12 16:25:00.014 [task-519] INFO  com.novedu.nov.statistics.task.MultiThreadScheduleTask----------------正在同步课程播放次数...
2022-02-12 16:25:02.695 [task-519] INFO  com.novedu.nov.statistics.task.MultiThreadScheduleTask----------------课程播放次数同步完成
2022-02-12 16:25:30.001 [task-520] INFO  com.novedu.nov.statistics.task.MultiThreadScheduleTask----------------正在同步课程播放次数...
2022-02-12 16:25:32.618 [task-520] INFO  com.novedu.nov.statistics.task.MultiThreadScheduleTask----------------课程播放次数同步完成
2022-02-12 16:26:00.003 [task-521] INFO  com.novedu.nov.statistics.task.MultiThreadScheduleTask----------------正在同步课程播放次数...
2022-02-12 16:26:02.638 [task-521] INFO  com.novedu.nov.statistics.task.MultiThreadScheduleTask----------------课程播放次数同步完成
2022-02-12 16:26:30.008 [task-522] INFO  com.novedu.nov.statistics.task.MultiThreadScheduleTask----------------正在同步课程播放次数...
2022-02-12 16:26:32.626 [task-522] INFO  com.novedu.nov.statistics.task.MultiThreadScheduleTask----------------课程播放次数同步完成
2022-02-12 16:27:00.010 [task-523] INFO  com.novedu.nov.statistics.task.MultiThreadScheduleTask----------------正在同步课程播放次数...
2022-02-12 16:27:02.623 [task-523] INFO  com.novedu.nov.statistics.task.MultiThreadScheduleTask----------------课程播放次数同步完成
2022-02-12 16:27:30.011 [task-524] INFO  com.novedu.nov.statistics.task.MultiThreadScheduleTask----------------正在同步课程播放次数...
2022-02-12 16:27:33.296 [task-524] INFO  com.novedu.nov.statistics.task.MultiThreadScheduleTask----------------课程播放次数同步完成
2022-02-12 16:28:00.011 [task-525] INFO  com.novedu.nov.statistics.task.MultiThreadScheduleTask----------------正在同步课程播放次数...
2022-02-12 16:28:02.626 [task-525] INFO  com.novedu.nov.statistics.task.MultiThreadScheduleTask----------------课程播放次数同步完成
2022-02-12 16:28:30.012 [task-526] INFO  com.novedu.nov.statistics.task.MultiThreadScheduleTask----------------正在同步课程播放次数...
2022-02-12 16:28:32.703 [task-526] INFO  com.novedu.nov.statistics.task.MultiThreadScheduleTask----------------课程播放次数同步完成
2022-02-12 16:29:00.014 [task-527] INFO  com.novedu.nov.statistics.task.MultiThreadScheduleTask----------------正在同步课程播放次数...
2022-02-12 16:29:02.637 [task-527] INFO  com.novedu.nov.statistics.task.MultiThreadScheduleTask----------------课程播放次数同步完成
2022-02-12 16:29:30.014 [task-528] INFO  com.novedu.nov.statistics.task.MultiThreadScheduleTask----------------正在同步课程播放次数...
2022-02-12 16:29:32.631 [task-528] INFO  com.novedu.nov.statistics.task.MultiThreadScheduleTask----------------课程播放次数同步完成
2022-02-12 16:30:00.002 [task-529] INFO  com.novedu.nov.statistics.task.MultiThreadScheduleTask----------------正在同步课程播放次数...
2022-02-12 16:30:02.613 [task-529] INFO  com.novedu.nov.statistics.task.MultiThreadScheduleTask----------------课程播放次数同步完成
2022-02-12 16:30:30.001 [task-530] INFO  com.novedu.nov.statistics.task.MultiThreadScheduleTask----------------正在同步课程播放次数...
2022-02-12 16:30:32.615 [task-530] INFO  com.novedu.nov.statistics.task.MultiThreadScheduleTask----------------课程播放次数同步完成
2022-02-12 16:31:00.009 [task-531] INFO  com.novedu.nov.statistics.task.MultiThreadScheduleTask----------------正在同步课程播放次数...
2022-02-12 16:31:02.641 [task-531] INFO  com.novedu.nov.statistics.task.MultiThreadScheduleTask----------------课程播放次数同步完成
2022-02-12 16:31:30.016 [task-532] INFO  com.novedu.nov.statistics.task.MultiThreadScheduleTask----------------正在同步课程播放次数...
2022-02-12 16:31:32.641 [task-532] INFO  com.novedu.nov.statistics.task.MultiThreadScheduleTask----------------课程播放次数同步完成
2022-02-12 16:32:00.009 [task-533] INFO  com.novedu.nov.statistics.task.MultiThreadScheduleTask----------------正在同步课程播放次数...
2022-02-12 16:32:02.622 [task-533] INFO  com.novedu.nov.statistics.task.MultiThreadScheduleTask----------------课程播放次数同步完成
2022-02-12 16:32:30.008 [task-534] INFO  com.novedu.nov.statistics.task.MultiThreadScheduleTask----------------正在同步课程播放次数...
2022-02-12 16:32:32.622 [task-534] INFO  com.novedu.nov.statistics.task.MultiThreadScheduleTask----------------课程播放次数同步完成
2022-02-12 16:33:00.009 [task-535] INFO  com.novedu.nov.statistics.task.MultiThreadScheduleTask----------------正在同步课程播放次数...
2022-02-12 16:33:02.636 [task-535] INFO  com.novedu.nov.statistics.task.MultiThreadScheduleTask----------------课程播放次数同步完成
2022-02-12 16:33:30.010 [task-536] INFO  com.novedu.nov.statistics.task.MultiThreadScheduleTask----------------正在同步课程播放次数...
2022-02-12 16:33:32.611 [task-536] INFO  com.novedu.nov.statistics.task.MultiThreadScheduleTask----------------课程播放次数同步完成
2022-02-12 16:34:00.015 [task-537] INFO  com.novedu.nov.statistics.task.MultiThreadScheduleTask----------------正在同步课程播放次数...
2022-02-12 16:34:02.656 [task-537] INFO  com.novedu.nov.statistics.task.MultiThreadScheduleTask----------------课程播放次数同步完成
2022-02-12 16:34:30.003 [task-538] INFO  com.novedu.nov.statistics.task.MultiThreadScheduleTask----------------正在同步课程播放次数...
2022-02-12 16:34:32.610 [task-538] INFO  com.novedu.nov.statistics.task.MultiThreadScheduleTask----------------课程播放次数同步完成
2022-02-12 16:35:00.006 [task-539] INFO  com.novedu.nov.statistics.task.MultiThreadScheduleTask----------------正在同步课程播放次数...
2022-02-12 16:35:02.611 [task-539] INFO  com.novedu.nov.statistics.task.MultiThreadScheduleTask----------------课程播放次数同步完成
2022-02-12 16:35:30.009 [task-540] INFO  com.novedu.nov.statistics.task.MultiThreadScheduleTask----------------正在同步课程播放次数...
2022-02-12 16:35:32.637 [task-540] INFO  com.novedu.nov.statistics.task.MultiThreadScheduleTask----------------课程播放次数同步完成
2022-02-12 16:36:00.006 [task-541] INFO  com.novedu.nov.statistics.task.MultiThreadScheduleTask----------------正在同步课程播放次数...
2022-02-12 16:36:02.144 [task-541] INFO  com.novedu.nov.statistics.task.MultiThreadScheduleTask----------------课程播放次数同步完成
2022-02-12 16:36:30.006 [task-542] INFO  com.novedu.nov.statistics.task.MultiThreadScheduleTask----------------正在同步课程播放次数...
2022-02-12 16:36:32.665 [task-542] INFO  com.novedu.nov.statistics.task.MultiThreadScheduleTask----------------课程播放次数同步完成
2022-02-12 16:37:00.014 [task-543] INFO  com.novedu.nov.statistics.task.MultiThreadScheduleTask----------------正在同步课程播放次数...
2022-02-12 16:37:02.702 [task-543] INFO  com.novedu.nov.statistics.task.MultiThreadScheduleTask----------------课程播放次数同步完成
2022-02-12 16:37:30.007 [task-544] INFO  com.novedu.nov.statistics.task.MultiThreadScheduleTask----------------正在同步课程播放次数...
2022-02-12 16:37:32.638 [task-544] INFO  com.novedu.nov.statistics.task.MultiThreadScheduleTask----------------课程播放次数同步完成
2022-02-12 16:38:00.004 [task-545] INFO  com.novedu.nov.statistics.task.MultiThreadScheduleTask----------------正在同步课程播放次数...
2022-02-12 16:38:19.215 [task-545] INFO  com.novedu.nov.statistics.task.MultiThreadScheduleTask----------------课程播放次数同步失败
2022-02-12 16:38:30.005 [task-546] INFO  com.novedu.nov.statistics.task.MultiThreadScheduleTask----------------正在同步课程播放次数...
2022-02-12 16:38:32.646 [task-546] INFO  com.novedu.nov.statistics.task.MultiThreadScheduleTask----------------课程播放次数同步完成
2022-02-12 16:39:00.003 [task-547] INFO  com.novedu.nov.statistics.task.MultiThreadScheduleTask----------------正在同步课程播放次数...
2022-02-12 16:39:19.211 [task-547] INFO  com.novedu.nov.statistics.task.MultiThreadScheduleTask----------------课程播放次数同步失败
2022-02-12 16:39:30.007 [task-548] INFO  com.novedu.nov.statistics.task.MultiThreadScheduleTask----------------正在同步课程播放次数...
2022-02-12 16:39:33.235 [task-548] INFO  com.novedu.nov.statistics.task.MultiThreadScheduleTask----------------课程播放次数同步完成
2022-02-12 16:40:00.011 [task-549] INFO  com.novedu.nov.statistics.task.MultiThreadScheduleTask----------------正在同步课程播放次数...
2022-02-12 16:40:03.081 [task-549] INFO  com.novedu.nov.statistics.task.MultiThreadScheduleTask----------------课程播放次数同步完成
2022-02-12 16:40:30.005 [task-550] INFO  com.novedu.nov.statistics.task.MultiThreadScheduleTask----------------正在同步课程播放次数...
2022-02-12 16:40:33.067 [task-550] INFO  com.novedu.nov.statistics.task.MultiThreadScheduleTask----------------课程播放次数同步完成
2022-02-12 16:41:00.007 [task-551] INFO  com.novedu.nov.statistics.task.MultiThreadScheduleTask----------------正在同步课程播放次数...
2022-02-12 16:41:03.073 [task-551] INFO  com.novedu.nov.statistics.task.MultiThreadScheduleTask----------------课程播放次数同步完成
2022-02-12 16:41:30.014 [task-552] INFO  com.novedu.nov.statistics.task.MultiThreadScheduleTask----------------正在同步课程播放次数...
2022-02-12 16:41:33.086 [task-552] INFO  com.novedu.nov.statistics.task.MultiThreadScheduleTask----------------课程播放次数同步完成
2022-02-12 16:42:00.010 [task-553] INFO  com.novedu.nov.statistics.task.MultiThreadScheduleTask----------------正在同步课程播放次数...
2022-02-12 16:42:03.073 [task-553] INFO  com.novedu.nov.statistics.task.MultiThreadScheduleTask----------------课程播放次数同步完成
2022-02-12 16:42:30.010 [task-554] INFO  com.novedu.nov.statistics.task.MultiThreadScheduleTask----------------正在同步课程播放次数...
2022-02-12 16:42:39.642 [task-554] INFO  com.novedu.nov.statistics.task.MultiThreadScheduleTask----------------课程播放次数同步完成
2022-02-12 16:43:00.009 [task-555] INFO  com.novedu.nov.statistics.task.MultiThreadScheduleTask----------------正在同步课程播放次数...
2022-02-12 16:43:03.588 [task-555] INFO  com.novedu.nov.statistics.task.MultiThreadScheduleTask----------------课程播放次数同步完成
2022-02-12 16:43:30.007 [task-556] INFO  com.novedu.nov.statistics.task.MultiThreadScheduleTask----------------正在同步课程播放次数...
2022-02-12 16:43:33.084 [task-556] INFO  com.novedu.nov.statistics.task.MultiThreadScheduleTask----------------课程播放次数同步完成
2022-02-12 16:44:00.009 [task-557] INFO  com.novedu.nov.statistics.task.MultiThreadScheduleTask----------------正在同步课程播放次数...
2022-02-12 16:44:03.073 [task-557] INFO  com.novedu.nov.statistics.task.MultiThreadScheduleTask----------------课程播放次数同步完成
2022-02-12 16:44:30.003 [task-558] INFO  com.novedu.nov.statistics.task.MultiThreadScheduleTask----------------正在同步课程播放次数...
2022-02-12 16:44:33.060 [task-558] INFO  com.novedu.nov.statistics.task.MultiThreadScheduleTask----------------课程播放次数同步完成
2022-02-12 16:45:00.009 [task-559] INFO  com.novedu.nov.statistics.task.MultiThreadScheduleTask----------------正在同步课程播放次数...
2022-02-12 16:45:03.065 [task-559] INFO  com.novedu.nov.statistics.task.MultiThreadScheduleTask----------------课程播放次数同步完成
2022-02-12 16:45:30.011 [task-560] INFO  com.novedu.nov.statistics.task.MultiThreadScheduleTask----------------正在同步课程播放次数...
2022-02-12 16:45:33.065 [task-560] INFO  com.novedu.nov.statistics.task.MultiThreadScheduleTask----------------课程播放次数同步完成
2022-02-12 16:46:00.016 [task-561] INFO  com.novedu.nov.statistics.task.MultiThreadScheduleTask----------------正在同步课程播放次数...
2022-02-12 16:46:03.093 [task-561] INFO  com.novedu.nov.statistics.task.MultiThreadScheduleTask----------------课程播放次数同步完成
2022-02-12 16:46:30.009 [task-562] INFO  com.novedu.nov.statistics.task.MultiThreadScheduleTask----------------正在同步课程播放次数...
2022-02-12 16:46:33.081 [task-562] INFO  com.novedu.nov.statistics.task.MultiThreadScheduleTask----------------课程播放次数同步完成
2022-02-12 16:47:00.012 [task-563] INFO  com.novedu.nov.statistics.task.MultiThreadScheduleTask----------------正在同步课程播放次数...
2022-02-12 16:47:03.065 [task-563] INFO  com.novedu.nov.statistics.task.MultiThreadScheduleTask----------------课程播放次数同步完成
2022-02-12 16:47:30.002 [task-564] INFO  com.novedu.nov.statistics.task.MultiThreadScheduleTask----------------正在同步课程播放次数...
2022-02-12 16:47:33.061 [task-564] INFO  com.novedu.nov.statistics.task.MultiThreadScheduleTask----------------课程播放次数同步完成
2022-02-12 16:48:00.008 [task-565] INFO  com.novedu.nov.statistics.task.MultiThreadScheduleTask----------------正在同步课程播放次数...
2022-02-12 16:48:03.073 [task-565] INFO  com.novedu.nov.statistics.task.MultiThreadScheduleTask----------------课程播放次数同步完成
2022-02-12 16:48:30.010 [task-566] INFO  com.novedu.nov.statistics.task.MultiThreadScheduleTask----------------正在同步课程播放次数...
2022-02-12 16:48:33.089 [task-566] INFO  com.novedu.nov.statistics.task.MultiThreadScheduleTask----------------课程播放次数同步完成
2022-02-12 16:49:00.008 [task-567] INFO  com.novedu.nov.statistics.task.MultiThreadScheduleTask----------------正在同步课程播放次数...
2022-02-12 16:49:03.073 [task-567] INFO  com.novedu.nov.statistics.task.MultiThreadScheduleTask----------------课程播放次数同步完成
2022-02-12 16:49:30.010 [task-568] INFO  com.novedu.nov.statistics.task.MultiThreadScheduleTask----------------正在同步课程播放次数...
2022-02-12 16:49:33.046 [task-568] INFO  com.novedu.nov.statistics.task.MultiThreadScheduleTask----------------课程播放次数同步完成
2022-02-12 16:50:00.002 [task-569] INFO  com.novedu.nov.statistics.task.MultiThreadScheduleTask----------------正在同步课程播放次数...
2022-02-12 16:50:03.085 [task-569] INFO  com.novedu.nov.statistics.task.MultiThreadScheduleTask----------------课程播放次数同步完成
2022-02-12 16:50:30.001 [task-570] INFO  com.novedu.nov.statistics.task.MultiThreadScheduleTask----------------正在同步课程播放次数...
2022-02-12 16:50:33.066 [task-570] INFO  com.novedu.nov.statistics.task.MultiThreadScheduleTask----------------课程播放次数同步完成
2022-02-12 16:51:00.013 [task-571] INFO  com.novedu.nov.statistics.task.MultiThreadScheduleTask----------------正在同步课程播放次数...
2022-02-12 16:51:03.081 [task-571] INFO  com.novedu.nov.statistics.task.MultiThreadScheduleTask----------------课程播放次数同步完成
2022-02-12 16:51:30.011 [task-572] INFO  com.novedu.nov.statistics.task.MultiThreadScheduleTask----------------正在同步课程播放次数...
2022-02-12 16:51:33.067 [task-572] INFO  com.novedu.nov.statistics.task.MultiThreadScheduleTask----------------课程播放次数同步完成
2022-02-12 16:52:00.013 [task-573] INFO  com.novedu.nov.statistics.task.MultiThreadScheduleTask----------------正在同步课程播放次数...
2022-02-12 16:52:03.061 [task-573] INFO  com.novedu.nov.statistics.task.MultiThreadScheduleTask----------------课程播放次数同步完成
2022-02-12 16:52:30.006 [task-574] INFO  com.novedu.nov.statistics.task.MultiThreadScheduleTask----------------正在同步课程播放次数...
2022-02-12 16:52:33.081 [task-574] INFO  com.novedu.nov.statistics.task.MultiThreadScheduleTask----------------课程播放次数同步完成
2022-02-12 16:53:00.007 [task-575] INFO  com.novedu.nov.statistics.task.MultiThreadScheduleTask----------------正在同步课程播放次数...
2022-02-12 16:53:03.076 [task-575] INFO  com.novedu.nov.statistics.task.MultiThreadScheduleTask----------------课程播放次数同步完成
2022-02-12 16:53:30.010 [task-576] INFO  com.novedu.nov.statistics.task.MultiThreadScheduleTask----------------正在同步课程播放次数...
2022-02-12 16:53:33.061 [task-576] INFO  com.novedu.nov.statistics.task.MultiThreadScheduleTask----------------课程播放次数同步完成
2022-02-12 16:54:00.000 [task-577] INFO  com.novedu.nov.statistics.task.MultiThreadScheduleTask----------------正在同步课程播放次数...
2022-02-12 16:54:03.076 [task-577] INFO  com.novedu.nov.statistics.task.MultiThreadScheduleTask----------------课程播放次数同步完成
2022-02-12 16:54:30.002 [task-578] INFO  com.novedu.nov.statistics.task.MultiThreadScheduleTask----------------正在同步课程播放次数...
2022-02-12 16:54:33.070 [task-578] INFO  com.novedu.nov.statistics.task.MultiThreadScheduleTask----------------课程播放次数同步完成
2022-02-12 16:55:00.005 [task-579] INFO  com.novedu.nov.statistics.task.MultiThreadScheduleTask----------------正在同步课程播放次数...
2022-02-12 16:55:03.062 [task-579] INFO  com.novedu.nov.statistics.task.MultiThreadScheduleTask----------------课程播放次数同步完成
2022-02-12 16:55:30.007 [task-580] INFO  com.novedu.nov.statistics.task.MultiThreadScheduleTask----------------正在同步课程播放次数...
2022-02-12 16:55:33.070 [task-580] INFO  com.novedu.nov.statistics.task.MultiThreadScheduleTask----------------课程播放次数同步完成
2022-02-12 16:56:00.003 [task-581] INFO  com.novedu.nov.statistics.task.MultiThreadScheduleTask----------------正在同步课程播放次数...
2022-02-12 16:56:03.068 [task-581] INFO  com.novedu.nov.statistics.task.MultiThreadScheduleTask----------------课程播放次数同步完成
2022-02-12 16:56:30.011 [task-582] INFO  com.novedu.nov.statistics.task.MultiThreadScheduleTask----------------正在同步课程播放次数...
2022-02-12 16:56:33.075 [task-582] INFO  com.novedu.nov.statistics.task.MultiThreadScheduleTask----------------课程播放次数同步完成
2022-02-12 16:57:00.006 [task-583] INFO  com.novedu.nov.statistics.task.MultiThreadScheduleTask----------------正在同步课程播放次数...
2022-02-12 16:57:03.082 [task-583] INFO  com.novedu.nov.statistics.task.MultiThreadScheduleTask----------------课程播放次数同步完成
2022-02-12 16:57:30.006 [task-584] INFO  com.novedu.nov.statistics.task.MultiThreadScheduleTask----------------正在同步课程播放次数...
2022-02-12 16:57:33.059 [task-584] INFO  com.novedu.nov.statistics.task.MultiThreadScheduleTask----------------课程播放次数同步完成
2022-02-12 16:58:00.004 [task-585] INFO  com.novedu.nov.statistics.task.MultiThreadScheduleTask----------------正在同步课程播放次数...
2022-02-12 16:58:03.071 [task-585] INFO  com.novedu.nov.statistics.task.MultiThreadScheduleTask----------------课程播放次数同步完成
2022-02-12 16:58:30.015 [task-586] INFO  com.novedu.nov.statistics.task.MultiThreadScheduleTask----------------正在同步课程播放次数...
2022-02-12 16:58:33.081 [task-586] INFO  com.novedu.nov.statistics.task.MultiThreadScheduleTask----------------课程播放次数同步完成
2022-02-12 16:59:00.001 [task-587] INFO  com.novedu.nov.statistics.task.MultiThreadScheduleTask----------------正在同步课程播放次数...
2022-02-12 16:59:03.059 [task-587] INFO  com.novedu.nov.statistics.task.MultiThreadScheduleTask----------------课程播放次数同步完成
2022-02-12 16:59:30.004 [task-588] INFO  com.novedu.nov.statistics.task.MultiThreadScheduleTask----------------正在同步课程播放次数...
2022-02-12 16:59:33.063 [task-588] INFO  com.novedu.nov.statistics.task.MultiThreadScheduleTask----------------课程播放次数同步完成
2022-02-12 17:00:00.011 [task-589] INFO  com.novedu.nov.statistics.task.MultiThreadScheduleTask----------------正在同步课程播放次数...
2022-02-12 17:00:03.064 [task-589] INFO  com.novedu.nov.statistics.task.MultiThreadScheduleTask----------------课程播放次数同步完成
2022-02-12 17:00:30.014 [task-590] INFO  com.novedu.nov.statistics.task.MultiThreadScheduleTask----------------正在同步课程播放次数...
2022-02-12 17:00:33.076 [task-590] INFO  com.novedu.nov.statistics.task.MultiThreadScheduleTask----------------课程播放次数同步完成
2022-02-12 17:01:00.013 [task-591] INFO  com.novedu.nov.statistics.task.MultiThreadScheduleTask----------------正在同步课程播放次数...
2022-02-12 17:01:03.090 [task-591] INFO  com.novedu.nov.statistics.task.MultiThreadScheduleTask----------------课程播放次数同步完成
2022-02-12 17:01:30.001 [task-592] INFO  com.novedu.nov.statistics.task.MultiThreadScheduleTask----------------正在同步课程播放次数...
2022-02-12 17:01:33.059 [task-592] INFO  com.novedu.nov.statistics.task.MultiThreadScheduleTask----------------课程播放次数同步完成
2022-02-12 17:02:00.013 [task-593] INFO  com.novedu.nov.statistics.task.MultiThreadScheduleTask----------------正在同步课程播放次数...
2022-02-12 17:02:03.096 [task-593] INFO  com.novedu.nov.statistics.task.MultiThreadScheduleTask----------------课程播放次数同步完成
2022-02-12 17:02:30.008 [task-594] INFO  com.novedu.nov.statistics.task.MultiThreadScheduleTask----------------正在同步课程播放次数...
2022-02-12 17:02:33.086 [task-594] INFO  com.novedu.nov.statistics.task.MultiThreadScheduleTask----------------课程播放次数同步完成
2022-02-12 17:03:00.013 [task-595] INFO  com.novedu.nov.statistics.task.MultiThreadScheduleTask----------------正在同步课程播放次数...
2022-02-12 17:03:03.070 [task-595] INFO  com.novedu.nov.statistics.task.MultiThreadScheduleTask----------------课程播放次数同步完成
2022-02-12 17:03:30.007 [task-596] INFO  com.novedu.nov.statistics.task.MultiThreadScheduleTask----------------正在同步课程播放次数...
2022-02-12 17:03:33.074 [task-596] INFO  com.novedu.nov.statistics.task.MultiThreadScheduleTask----------------课程播放次数同步完成
2022-02-12 17:04:00.007 [task-597] INFO  com.novedu.nov.statistics.task.MultiThreadScheduleTask----------------正在同步课程播放次数...
2022-02-12 17:04:03.078 [task-597] INFO  com.novedu.nov.statistics.task.MultiThreadScheduleTask----------------课程播放次数同步完成
2022-02-12 17:04:30.003 [task-598] INFO  com.novedu.nov.statistics.task.MultiThreadScheduleTask----------------正在同步课程播放次数...
2022-02-12 17:04:33.061 [task-598] INFO  com.novedu.nov.statistics.task.MultiThreadScheduleTask----------------课程播放次数同步完成
2022-02-12 17:05:00.010 [task-599] INFO  com.novedu.nov.statistics.task.MultiThreadScheduleTask----------------正在同步课程播放次数...
2022-02-12 17:05:03.075 [task-599] INFO  com.novedu.nov.statistics.task.MultiThreadScheduleTask----------------课程播放次数同步完成
2022-02-12 17:05:30.014 [task-600] INFO  com.novedu.nov.statistics.task.MultiThreadScheduleTask----------------正在同步课程播放次数...
2022-02-12 17:05:33.071 [task-600] INFO  com.novedu.nov.statistics.task.MultiThreadScheduleTask----------------课程播放次数同步完成
2022-02-12 17:06:00.007 [task-601] INFO  com.novedu.nov.statistics.task.MultiThreadScheduleTask----------------正在同步课程播放次数...
2022-02-12 17:06:03.070 [task-601] INFO  com.novedu.nov.statistics.task.MultiThreadScheduleTask----------------课程播放次数同步完成
2022-02-12 17:06:30.009 [task-602] INFO  com.novedu.nov.statistics.task.MultiThreadScheduleTask----------------正在同步课程播放次数...
2022-02-12 17:06:33.062 [task-602] INFO  com.novedu.nov.statistics.task.MultiThreadScheduleTask----------------课程播放次数同步完成
2022-02-12 17:07:00.014 [task-603] INFO  com.novedu.nov.statistics.task.MultiThreadScheduleTask----------------正在同步课程播放次数...
2022-02-12 17:07:03.069 [task-603] INFO  com.novedu.nov.statistics.task.MultiThreadScheduleTask----------------课程播放次数同步完成
2022-02-12 17:07:30.008 [task-604] INFO  com.novedu.nov.statistics.task.MultiThreadScheduleTask----------------正在同步课程播放次数...
2022-02-12 17:07:33.065 [task-604] INFO  com.novedu.nov.statistics.task.MultiThreadScheduleTask----------------课程播放次数同步完成
2022-02-12 17:08:00.007 [task-605] INFO  com.novedu.nov.statistics.task.MultiThreadScheduleTask----------------正在同步课程播放次数...
2022-02-12 17:08:03.068 [task-605] INFO  com.novedu.nov.statistics.task.MultiThreadScheduleTask----------------课程播放次数同步完成
2022-02-12 17:08:30.013 [task-606] INFO  com.novedu.nov.statistics.task.MultiThreadScheduleTask----------------正在同步课程播放次数...
2022-02-12 17:08:33.071 [task-606] INFO  com.novedu.nov.statistics.task.MultiThreadScheduleTask----------------课程播放次数同步完成
2022-02-12 17:09:00.015 [task-607] INFO  com.novedu.nov.statistics.task.MultiThreadScheduleTask----------------正在同步课程播放次数...
2022-02-12 17:09:03.081 [task-607] INFO  com.novedu.nov.statistics.task.MultiThreadScheduleTask----------------课程播放次数同步完成
2022-02-12 17:09:30.011 [task-608] INFO  com.novedu.nov.statistics.task.MultiThreadScheduleTask----------------正在同步课程播放次数...
2022-02-12 17:09:33.069 [task-608] INFO  com.novedu.nov.statistics.task.MultiThreadScheduleTask----------------课程播放次数同步完成
2022-02-12 17:10:00.004 [task-609] INFO  com.novedu.nov.statistics.task.MultiThreadScheduleTask----------------正在同步课程播放次数...
2022-02-12 17:10:03.073 [task-609] INFO  com.novedu.nov.statistics.task.MultiThreadScheduleTask----------------课程播放次数同步完成
2022-02-12 17:10:30.004 [task-610] INFO  com.novedu.nov.statistics.task.MultiThreadScheduleTask----------------正在同步课程播放次数...
2022-02-12 17:10:33.069 [task-610] INFO  com.novedu.nov.statistics.task.MultiThreadScheduleTask----------------课程播放次数同步完成
2022-02-12 17:11:00.007 [task-611] INFO  com.novedu.nov.statistics.task.MultiThreadScheduleTask----------------正在同步课程播放次数...
2022-02-12 17:11:03.060 [task-611] INFO  com.novedu.nov.statistics.task.MultiThreadScheduleTask----------------课程播放次数同步完成
2022-02-12 17:11:30.012 [task-612] INFO  com.novedu.nov.statistics.task.MultiThreadScheduleTask----------------正在同步课程播放次数...
2022-02-12 17:11:33.070 [task-612] INFO  com.novedu.nov.statistics.task.MultiThreadScheduleTask----------------课程播放次数同步完成
2022-02-12 17:12:00.015 [task-613] INFO  com.novedu.nov.statistics.task.MultiThreadScheduleTask----------------正在同步课程播放次数...
2022-02-12 17:12:03.071 [task-613] INFO  com.novedu.nov.statistics.task.MultiThreadScheduleTask----------------课程播放次数同步完成
2022-02-12 17:12:30.005 [task-614] INFO  com.novedu.nov.statistics.task.MultiThreadScheduleTask----------------正在同步课程播放次数...
2022-02-12 17:12:33.064 [task-614] INFO  com.novedu.nov.statistics.task.MultiThreadScheduleTask----------------课程播放次数同步完成
2022-02-12 17:13:00.010 [task-615] INFO  com.novedu.nov.statistics.task.MultiThreadScheduleTask----------------正在同步课程播放次数...
2022-02-12 17:13:03.064 [task-615] INFO  com.novedu.nov.statistics.task.MultiThreadScheduleTask----------------课程播放次数同步完成
2022-02-12 17:13:30.009 [task-616] INFO  com.novedu.nov.statistics.task.MultiThreadScheduleTask----------------正在同步课程播放次数...
2022-02-12 17:13:33.077 [task-616] INFO  com.novedu.nov.statistics.task.MultiThreadScheduleTask----------------课程播放次数同步完成
2022-02-12 17:14:00.001 [task-617] INFO  com.novedu.nov.statistics.task.MultiThreadScheduleTask----------------正在同步课程播放次数...
2022-02-12 17:14:03.066 [task-617] INFO  com.novedu.nov.statistics.task.MultiThreadScheduleTask----------------课程播放次数同步完成
2022-02-12 17:14:30.012 [task-618] INFO  com.novedu.nov.statistics.task.MultiThreadScheduleTask----------------正在同步课程播放次数...
2022-02-12 17:14:33.067 [task-618] INFO  com.novedu.nov.statistics.task.MultiThreadScheduleTask----------------课程播放次数同步完成
2022-02-12 17:15:00.011 [task-619] INFO  com.novedu.nov.statistics.task.MultiThreadScheduleTask----------------正在同步课程播放次数...
2022-02-12 17:15:03.080 [task-619] INFO  com.novedu.nov.statistics.task.MultiThreadScheduleTask----------------课程播放次数同步完成
2022-02-12 17:15:30.010 [task-620] INFO  com.novedu.nov.statistics.task.MultiThreadScheduleTask----------------正在同步课程播放次数...
2022-02-12 17:15:33.069 [task-620] INFO  com.novedu.nov.statistics.task.MultiThreadScheduleTask----------------课程播放次数同步完成
2022-02-12 17:16:00.004 [task-621] INFO  com.novedu.nov.statistics.task.MultiThreadScheduleTask----------------正在同步课程播放次数...
2022-02-12 17:16:03.062 [task-621] INFO  com.novedu.nov.statistics.task.MultiThreadScheduleTask----------------课程播放次数同步完成
2022-02-12 17:16:30.001 [task-622] INFO  com.novedu.nov.statistics.task.MultiThreadScheduleTask----------------正在同步课程播放次数...
2022-02-12 17:16:33.065 [task-622] INFO  com.novedu.nov.statistics.task.MultiThreadScheduleTask----------------课程播放次数同步完成
2022-02-12 17:17:00.003 [task-623] INFO  com.novedu.nov.statistics.task.MultiThreadScheduleTask----------------正在同步课程播放次数...
2022-02-12 17:17:03.070 [task-623] INFO  com.novedu.nov.statistics.task.MultiThreadScheduleTask----------------课程播放次数同步完成
2022-02-12 17:17:30.010 [task-624] INFO  com.novedu.nov.statistics.task.MultiThreadScheduleTask----------------正在同步课程播放次数...
2022-02-12 17:17:33.068 [task-624] INFO  com.novedu.nov.statistics.task.MultiThreadScheduleTask----------------课程播放次数同步完成
2022-02-12 17:18:00.015 [task-625] INFO  com.novedu.nov.statistics.task.MultiThreadScheduleTask----------------正在同步课程播放次数...
2022-02-12 17:18:03.072 [task-625] INFO  com.novedu.nov.statistics.task.MultiThreadScheduleTask----------------课程播放次数同步完成
2022-02-12 17:18:30.011 [task-626] INFO  com.novedu.nov.statistics.task.MultiThreadScheduleTask----------------正在同步课程播放次数...
2022-02-12 17:18:49.225 [task-626] INFO  com.novedu.nov.statistics.task.MultiThreadScheduleTask----------------课程播放次数同步失败
2022-02-12 17:19:00.007 [task-627] INFO  com.novedu.nov.statistics.task.MultiThreadScheduleTask----------------正在同步课程播放次数...
2022-02-12 17:19:03.789 [task-627] INFO  com.novedu.nov.statistics.task.MultiThreadScheduleTask----------------课程播放次数同步完成
2022-02-12 17:19:30.008 [task-628] INFO  com.novedu.nov.statistics.task.MultiThreadScheduleTask----------------正在同步课程播放次数...
2022-02-12 17:19:33.780 [task-628] INFO  com.novedu.nov.statistics.task.MultiThreadScheduleTask----------------课程播放次数同步完成
2022-02-12 17:20:00.002 [task-629] INFO  com.novedu.nov.statistics.task.MultiThreadScheduleTask----------------正在同步课程播放次数...
2022-02-12 17:20:02.118 [task-629] INFO  com.novedu.nov.statistics.task.MultiThreadScheduleTask----------------课程播放次数同步完成
2022-02-12 17:20:30.003 [task-630] INFO  com.novedu.nov.statistics.task.MultiThreadScheduleTask----------------正在同步课程播放次数...
2022-02-12 17:20:32.107 [task-630] INFO  com.novedu.nov.statistics.task.MultiThreadScheduleTask----------------课程播放次数同步完成
2022-02-12 17:21:00.005 [task-631] INFO  com.novedu.nov.statistics.task.MultiThreadScheduleTask----------------正在同步课程播放次数...
2022-02-12 17:21:02.133 [task-631] INFO  com.novedu.nov.statistics.task.MultiThreadScheduleTask----------------课程播放次数同步完成
2022-02-12 17:21:30.011 [task-632] INFO  com.novedu.nov.statistics.task.MultiThreadScheduleTask----------------正在同步课程播放次数...
2022-02-12 17:21:33.078 [task-632] INFO  com.novedu.nov.statistics.task.MultiThreadScheduleTask----------------课程播放次数同步完成
2022-02-12 17:22:00.005 [task-633] INFO  com.novedu.nov.statistics.task.MultiThreadScheduleTask----------------正在同步课程播放次数...
2022-02-12 17:22:03.082 [task-633] INFO  com.novedu.nov.statistics.task.MultiThreadScheduleTask----------------课程播放次数同步完成
2022-02-12 17:22:30.013 [task-634] INFO  com.novedu.nov.statistics.task.MultiThreadScheduleTask----------------正在同步课程播放次数...
2022-02-12 17:22:33.088 [task-634] INFO  com.novedu.nov.statistics.task.MultiThreadScheduleTask----------------课程播放次数同步完成
2022-02-12 17:23:00.000 [task-635] INFO  com.novedu.nov.statistics.task.MultiThreadScheduleTask----------------正在同步课程播放次数...
2022-02-12 17:23:03.078 [task-635] INFO  com.novedu.nov.statistics.task.MultiThreadScheduleTask----------------课程播放次数同步完成
2022-02-12 17:23:30.005 [task-636] INFO  com.novedu.nov.statistics.task.MultiThreadScheduleTask----------------正在同步课程播放次数...
2022-02-12 17:23:33.082 [task-636] INFO  com.novedu.nov.statistics.task.MultiThreadScheduleTask----------------课程播放次数同步完成
2022-02-12 17:24:00.007 [task-637] INFO  com.novedu.nov.statistics.task.MultiThreadScheduleTask----------------正在同步课程播放次数...
2022-02-12 17:24:03.072 [task-637] INFO  com.novedu.nov.statistics.task.MultiThreadScheduleTask----------------课程播放次数同步完成
2022-02-12 17:24:30.015 [task-638] INFO  com.novedu.nov.statistics.task.MultiThreadScheduleTask----------------正在同步课程播放次数...
2022-02-12 17:24:33.076 [task-638] INFO  com.novedu.nov.statistics.task.MultiThreadScheduleTask----------------课程播放次数同步完成
2022-02-12 17:25:00.001 [task-639] INFO  com.novedu.nov.statistics.task.MultiThreadScheduleTask----------------正在同步课程播放次数...
2022-02-12 17:25:03.097 [task-639] INFO  com.novedu.nov.statistics.task.MultiThreadScheduleTask----------------课程播放次数同步完成
2022-02-12 17:25:30.015 [task-640] INFO  com.novedu.nov.statistics.task.MultiThreadScheduleTask----------------正在同步课程播放次数...
2022-02-12 17:25:33.092 [task-640] INFO  com.novedu.nov.statistics.task.MultiThreadScheduleTask----------------课程播放次数同步完成
2022-02-12 17:26:00.008 [task-641] INFO  com.novedu.nov.statistics.task.MultiThreadScheduleTask----------------正在同步课程播放次数...
2022-02-12 17:26:19.254 [task-641] INFO  com.novedu.nov.statistics.task.MultiThreadScheduleTask----------------课程播放次数同步失败
2022-02-12 17:26:30.007 [task-642] INFO  com.novedu.nov.statistics.task.MultiThreadScheduleTask----------------正在同步课程播放次数...
2022-02-12 17:26:32.587 [task-642] INFO  com.novedu.nov.statistics.task.MultiThreadScheduleTask----------------课程播放次数同步完成
2022-02-12 17:27:00.014 [task-643] INFO  com.novedu.nov.statistics.task.MultiThreadScheduleTask----------------正在同步课程播放次数...
2022-02-12 17:27:02.597 [task-643] INFO  com.novedu.nov.statistics.task.MultiThreadScheduleTask----------------课程播放次数同步完成
2022-02-12 17:27:30.016 [task-644] INFO  com.novedu.nov.statistics.task.MultiThreadScheduleTask----------------正在同步课程播放次数...
2022-02-12 17:27:32.576 [task-644] INFO  com.novedu.nov.statistics.task.MultiThreadScheduleTask----------------课程播放次数同步完成
2022-02-12 17:28:00.014 [task-645] INFO  com.novedu.nov.statistics.task.MultiThreadScheduleTask----------------正在同步课程播放次数...
2022-02-12 17:28:02.580 [task-645] INFO  com.novedu.nov.statistics.task.MultiThreadScheduleTask----------------课程播放次数同步完成
2022-02-12 17:28:30.009 [task-646] INFO  com.novedu.nov.statistics.task.MultiThreadScheduleTask----------------正在同步课程播放次数...
2022-02-12 17:28:32.574 [task-646] INFO  com.novedu.nov.statistics.task.MultiThreadScheduleTask----------------课程播放次数同步完成
2022-02-12 17:29:00.016 [task-647] INFO  com.novedu.nov.statistics.task.MultiThreadScheduleTask----------------正在同步课程播放次数...
2022-02-12 17:29:02.572 [task-647] INFO  com.novedu.nov.statistics.task.MultiThreadScheduleTask----------------课程播放次数同步完成
2022-02-12 17:29:30.012 [task-648] INFO  com.novedu.nov.statistics.task.MultiThreadScheduleTask----------------正在同步课程播放次数...
2022-02-12 17:29:32.570 [task-648] INFO  com.novedu.nov.statistics.task.MultiThreadScheduleTask----------------课程播放次数同步完成
2022-02-12 17:30:00.003 [task-649] INFO  com.novedu.nov.statistics.task.MultiThreadScheduleTask----------------正在同步课程播放次数...
2022-02-12 17:30:02.574 [task-649] INFO  com.novedu.nov.statistics.task.MultiThreadScheduleTask----------------课程播放次数同步完成
2022-02-12 17:30:30.014 [task-650] INFO  com.novedu.nov.statistics.task.MultiThreadScheduleTask----------------正在同步课程播放次数...
2022-02-12 17:30:32.584 [task-650] INFO  com.novedu.nov.statistics.task.MultiThreadScheduleTask----------------课程播放次数同步完成
2022-02-12 17:31:00.015 [task-651] INFO  com.novedu.nov.statistics.task.MultiThreadScheduleTask----------------正在同步课程播放次数...
2022-02-12 17:31:02.586 [task-651] INFO  com.novedu.nov.statistics.task.MultiThreadScheduleTask----------------课程播放次数同步完成
2022-02-12 17:31:30.014 [task-652] INFO  com.novedu.nov.statistics.task.MultiThreadScheduleTask----------------正在同步课程播放次数...
2022-02-12 17:31:32.575 [task-652] INFO  com.novedu.nov.statistics.task.MultiThreadScheduleTask----------------课程播放次数同步完成
2022-02-12 17:32:00.002 [task-653] INFO  com.novedu.nov.statistics.task.MultiThreadScheduleTask----------------正在同步课程播放次数...
2022-02-12 17:32:02.555 [task-653] INFO  com.novedu.nov.statistics.task.MultiThreadScheduleTask----------------课程播放次数同步完成
2022-02-12 17:32:30.004 [task-654] INFO  com.novedu.nov.statistics.task.MultiThreadScheduleTask----------------正在同步课程播放次数...
2022-02-12 17:32:32.553 [task-654] INFO  com.novedu.nov.statistics.task.MultiThreadScheduleTask----------------课程播放次数同步完成
2022-02-12 17:33:00.012 [task-655] INFO  com.novedu.nov.statistics.task.MultiThreadScheduleTask----------------正在同步课程播放次数...
2022-02-12 17:33:02.577 [task-655] INFO  com.novedu.nov.statistics.task.MultiThreadScheduleTask----------------课程播放次数同步完成
2022-02-12 17:33:30.005 [task-656] INFO  com.novedu.nov.statistics.task.MultiThreadScheduleTask----------------正在同步课程播放次数...
2022-02-12 17:33:32.558 [task-656] INFO  com.novedu.nov.statistics.task.MultiThreadScheduleTask----------------课程播放次数同步完成
2022-02-12 17:34:00.006 [task-657] INFO  com.novedu.nov.statistics.task.MultiThreadScheduleTask----------------正在同步课程播放次数...
2022-02-12 17:34:02.553 [task-657] INFO  com.novedu.nov.statistics.task.MultiThreadScheduleTask----------------课程播放次数同步完成
2022-02-12 17:34:30.004 [task-658] INFO  com.novedu.nov.statistics.task.MultiThreadScheduleTask----------------正在同步课程播放次数...
2022-02-12 17:34:32.561 [task-658] INFO  com.novedu.nov.statistics.task.MultiThreadScheduleTask----------------课程播放次数同步完成
2022-02-12 17:35:00.001 [task-659] INFO  com.novedu.nov.statistics.task.MultiThreadScheduleTask----------------正在同步课程播放次数...
2022-02-12 17:35:02.564 [task-659] INFO  com.novedu.nov.statistics.task.MultiThreadScheduleTask----------------课程播放次数同步完成
2022-02-12 17:35:30.015 [task-660] INFO  com.novedu.nov.statistics.task.MultiThreadScheduleTask----------------正在同步课程播放次数...
2022-02-12 17:35:32.587 [task-660] INFO  com.novedu.nov.statistics.task.MultiThreadScheduleTask----------------课程播放次数同步完成
2022-02-12 17:36:00.005 [task-661] INFO  com.novedu.nov.statistics.task.MultiThreadScheduleTask----------------正在同步课程播放次数...
2022-02-12 17:36:02.564 [task-661] INFO  com.novedu.nov.statistics.task.MultiThreadScheduleTask----------------课程播放次数同步完成
2022-02-12 17:36:30.012 [task-662] INFO  com.novedu.nov.statistics.task.MultiThreadScheduleTask----------------正在同步课程播放次数...
2022-02-12 17:36:32.573 [task-662] INFO  com.novedu.nov.statistics.task.MultiThreadScheduleTask----------------课程播放次数同步完成
2022-02-12 17:37:00.005 [task-663] INFO  com.novedu.nov.statistics.task.MultiThreadScheduleTask----------------正在同步课程播放次数...
2022-02-12 17:37:02.581 [task-663] INFO  com.novedu.nov.statistics.task.MultiThreadScheduleTask----------------课程播放次数同步完成
2022-02-12 17:37:30.004 [task-664] INFO  com.novedu.nov.statistics.task.MultiThreadScheduleTask----------------正在同步课程播放次数...
2022-02-12 17:37:32.574 [task-664] INFO  com.novedu.nov.statistics.task.MultiThreadScheduleTask----------------课程播放次数同步完成
2022-02-12 17:38:00.012 [task-665] INFO  com.novedu.nov.statistics.task.MultiThreadScheduleTask----------------正在同步课程播放次数...
2022-02-12 17:38:02.580 [task-665] INFO  com.novedu.nov.statistics.task.MultiThreadScheduleTask----------------课程播放次数同步完成
2022-02-12 17:38:30.011 [task-666] INFO  com.novedu.nov.statistics.task.MultiThreadScheduleTask----------------正在同步课程播放次数...
2022-02-12 17:38:32.684 [task-666] INFO  com.novedu.nov.statistics.task.MultiThreadScheduleTask----------------课程播放次数同步完成
2022-02-12 17:39:00.009 [task-667] INFO  com.novedu.nov.statistics.task.MultiThreadScheduleTask----------------正在同步课程播放次数...
2022-02-12 17:39:02.578 [task-667] INFO  com.novedu.nov.statistics.task.MultiThreadScheduleTask----------------课程播放次数同步完成
2022-02-12 17:39:30.010 [task-668] INFO  com.novedu.nov.statistics.task.MultiThreadScheduleTask----------------正在同步课程播放次数...
2022-02-12 17:39:32.568 [task-668] INFO  com.novedu.nov.statistics.task.MultiThreadScheduleTask----------------课程播放次数同步完成
2022-02-12 17:40:00.001 [task-669] INFO  com.novedu.nov.statistics.task.MultiThreadScheduleTask----------------正在同步课程播放次数...
2022-02-12 17:40:02.570 [task-669] INFO  com.novedu.nov.statistics.task.MultiThreadScheduleTask----------------课程播放次数同步完成
2022-02-12 17:40:30.011 [task-670] INFO  com.novedu.nov.statistics.task.MultiThreadScheduleTask----------------正在同步课程播放次数...
2022-02-12 17:40:32.572 [task-670] INFO  com.novedu.nov.statistics.task.MultiThreadScheduleTask----------------课程播放次数同步完成
2022-02-12 17:41:00.012 [task-671] INFO  com.novedu.nov.statistics.task.MultiThreadScheduleTask----------------正在同步课程播放次数...
2022-02-12 17:41:02.592 [task-671] INFO  com.novedu.nov.statistics.task.MultiThreadScheduleTask----------------课程播放次数同步完成
2022-02-12 17:41:30.008 [task-672] INFO  com.novedu.nov.statistics.task.MultiThreadScheduleTask----------------正在同步课程播放次数...
2022-02-12 17:41:32.568 [task-672] INFO  com.novedu.nov.statistics.task.MultiThreadScheduleTask----------------课程播放次数同步完成
2022-02-12 17:42:00.009 [task-673] INFO  com.novedu.nov.statistics.task.MultiThreadScheduleTask----------------正在同步课程播放次数...
2022-02-12 17:42:02.575 [task-673] INFO  com.novedu.nov.statistics.task.MultiThreadScheduleTask----------------课程播放次数同步完成
2022-02-12 17:42:30.008 [task-674] INFO  com.novedu.nov.statistics.task.MultiThreadScheduleTask----------------正在同步课程播放次数...
2022-02-12 17:42:32.571 [task-674] INFO  com.novedu.nov.statistics.task.MultiThreadScheduleTask----------------课程播放次数同步完成
2022-02-12 17:43:00.009 [task-675] INFO  com.novedu.nov.statistics.task.MultiThreadScheduleTask----------------正在同步课程播放次数...
2022-02-12 17:43:02.575 [task-675] INFO  com.novedu.nov.statistics.task.MultiThreadScheduleTask----------------课程播放次数同步完成
2022-02-12 17:43:30.007 [task-676] INFO  com.novedu.nov.statistics.task.MultiThreadScheduleTask----------------正在同步课程播放次数...
2022-02-12 17:43:32.579 [task-676] INFO  com.novedu.nov.statistics.task.MultiThreadScheduleTask----------------课程播放次数同步完成
2022-02-12 17:44:00.001 [task-677] INFO  com.novedu.nov.statistics.task.MultiThreadScheduleTask----------------正在同步课程播放次数...
2022-02-12 17:44:02.566 [task-677] INFO  com.novedu.nov.statistics.task.MultiThreadScheduleTask----------------课程播放次数同步完成
2022-02-12 17:44:30.015 [task-678] INFO  com.novedu.nov.statistics.task.MultiThreadScheduleTask----------------正在同步课程播放次数...
2022-02-12 17:44:32.569 [task-678] INFO  com.novedu.nov.statistics.task.MultiThreadScheduleTask----------------课程播放次数同步完成
2022-02-12 17:45:00.001 [task-679] INFO  com.novedu.nov.statistics.task.MultiThreadScheduleTask----------------正在同步课程播放次数...
2022-02-12 17:45:02.574 [task-679] INFO  com.novedu.nov.statistics.task.MultiThreadScheduleTask----------------课程播放次数同步完成
2022-02-12 17:45:30.014 [task-680] INFO  com.novedu.nov.statistics.task.MultiThreadScheduleTask----------------正在同步课程播放次数...
2022-02-12 17:45:32.577 [task-680] INFO  com.novedu.nov.statistics.task.MultiThreadScheduleTask----------------课程播放次数同步完成
2022-02-12 17:46:00.012 [task-681] INFO  com.novedu.nov.statistics.task.MultiThreadScheduleTask----------------正在同步课程播放次数...
2022-02-12 17:46:02.570 [task-681] INFO  com.novedu.nov.statistics.task.MultiThreadScheduleTask----------------课程播放次数同步完成
2022-02-12 17:46:30.014 [task-682] INFO  com.novedu.nov.statistics.task.MultiThreadScheduleTask----------------正在同步课程播放次数...
2022-02-12 17:46:32.572 [task-682] INFO  com.novedu.nov.statistics.task.MultiThreadScheduleTask----------------课程播放次数同步完成
2022-02-12 17:47:00.007 [task-683] INFO  com.novedu.nov.statistics.task.MultiThreadScheduleTask----------------正在同步课程播放次数...
2022-02-12 17:47:02.576 [task-683] INFO  com.novedu.nov.statistics.task.MultiThreadScheduleTask----------------课程播放次数同步完成
2022-02-12 17:47:30.005 [task-684] INFO  com.novedu.nov.statistics.task.MultiThreadScheduleTask----------------正在同步课程播放次数...
2022-02-12 17:47:32.642 [task-684] INFO  com.novedu.nov.statistics.task.MultiThreadScheduleTask----------------课程播放次数同步完成
2022-02-12 17:48:00.010 [task-685] INFO  com.novedu.nov.statistics.task.MultiThreadScheduleTask----------------正在同步课程播放次数...
2022-02-12 17:48:02.611 [task-685] INFO  com.novedu.nov.statistics.task.MultiThreadScheduleTask----------------课程播放次数同步完成
2022-02-12 17:48:30.010 [task-686] INFO  com.novedu.nov.statistics.task.MultiThreadScheduleTask----------------正在同步课程播放次数...
2022-02-12 17:48:32.575 [task-686] INFO  com.novedu.nov.statistics.task.MultiThreadScheduleTask----------------课程播放次数同步完成
2022-02-12 17:49:00.003 [task-687] INFO  com.novedu.nov.statistics.task.MultiThreadScheduleTask----------------正在同步课程播放次数...
2022-02-12 17:49:02.586 [task-687] INFO  com.novedu.nov.statistics.task.MultiThreadScheduleTask----------------课程播放次数同步完成
2022-02-12 17:49:30.014 [task-688] INFO  com.novedu.nov.statistics.task.MultiThreadScheduleTask----------------正在同步课程播放次数...
2022-02-12 17:49:32.581 [task-688] INFO  com.novedu.nov.statistics.task.MultiThreadScheduleTask----------------课程播放次数同步完成
2022-02-12 17:50:00.008 [task-689] INFO  com.novedu.nov.statistics.task.MultiThreadScheduleTask----------------正在同步课程播放次数...
2022-02-12 17:50:02.580 [task-689] INFO  com.novedu.nov.statistics.task.MultiThreadScheduleTask----------------课程播放次数同步完成
2022-02-12 17:50:30.014 [task-690] INFO  com.novedu.nov.statistics.task.MultiThreadScheduleTask----------------正在同步课程播放次数...
2022-02-12 17:50:32.594 [task-690] INFO  com.novedu.nov.statistics.task.MultiThreadScheduleTask----------------课程播放次数同步完成
2022-02-12 17:51:00.015 [task-691] INFO  com.novedu.nov.statistics.task.MultiThreadScheduleTask----------------正在同步课程播放次数...
2022-02-12 17:51:02.579 [task-691] INFO  com.novedu.nov.statistics.task.MultiThreadScheduleTask----------------课程播放次数同步完成
2022-02-12 17:51:30.008 [task-692] INFO  com.novedu.nov.statistics.task.MultiThreadScheduleTask----------------正在同步课程播放次数...
2022-02-12 17:51:32.571 [task-692] INFO  com.novedu.nov.statistics.task.MultiThreadScheduleTask----------------课程播放次数同步完成
2022-02-12 17:52:00.010 [task-693] INFO  com.novedu.nov.statistics.task.MultiThreadScheduleTask----------------正在同步课程播放次数...
2022-02-12 17:52:02.573 [task-693] INFO  com.novedu.nov.statistics.task.MultiThreadScheduleTask----------------课程播放次数同步完成
2022-02-12 17:52:30.002 [task-694] INFO  com.novedu.nov.statistics.task.MultiThreadScheduleTask----------------正在同步课程播放次数...
2022-02-12 17:52:32.574 [task-694] INFO  com.novedu.nov.statistics.task.MultiThreadScheduleTask----------------课程播放次数同步完成
2022-02-12 17:53:00.008 [task-695] INFO  com.novedu.nov.statistics.task.MultiThreadScheduleTask----------------正在同步课程播放次数...
2022-02-12 17:53:02.584 [task-695] INFO  com.novedu.nov.statistics.task.MultiThreadScheduleTask----------------课程播放次数同步完成
2022-02-12 17:53:30.007 [task-696] INFO  com.novedu.nov.statistics.task.MultiThreadScheduleTask----------------正在同步课程播放次数...
2022-02-12 17:53:32.598 [task-696] INFO  com.novedu.nov.statistics.task.MultiThreadScheduleTask----------------课程播放次数同步完成
2022-02-12 17:54:00.002 [task-697] INFO  com.novedu.nov.statistics.task.MultiThreadScheduleTask----------------正在同步课程播放次数...
2022-02-12 17:54:02.579 [task-697] INFO  com.novedu.nov.statistics.task.MultiThreadScheduleTask----------------课程播放次数同步完成
2022-02-12 17:54:30.002 [task-698] INFO  com.novedu.nov.statistics.task.MultiThreadScheduleTask----------------正在同步课程播放次数...
2022-02-12 17:54:32.629 [task-698] INFO  com.novedu.nov.statistics.task.MultiThreadScheduleTask----------------课程播放次数同步完成
2022-02-12 17:55:00.006 [task-699] INFO  com.novedu.nov.statistics.task.MultiThreadScheduleTask----------------正在同步课程播放次数...
2022-02-12 17:55:02.563 [task-699] INFO  com.novedu.nov.statistics.task.MultiThreadScheduleTask----------------课程播放次数同步完成
2022-02-12 17:55:30.010 [task-700] INFO  com.novedu.nov.statistics.task.MultiThreadScheduleTask----------------正在同步课程播放次数...
2022-02-12 17:55:32.584 [task-700] INFO  com.novedu.nov.statistics.task.MultiThreadScheduleTask----------------课程播放次数同步完成
2022-02-12 17:56:00.002 [task-701] INFO  com.novedu.nov.statistics.task.MultiThreadScheduleTask----------------正在同步课程播放次数...
2022-02-12 17:56:02.568 [task-701] INFO  com.novedu.nov.statistics.task.MultiThreadScheduleTask----------------课程播放次数同步完成
2022-02-12 17:56:30.010 [task-702] INFO  com.novedu.nov.statistics.task.MultiThreadScheduleTask----------------正在同步课程播放次数...
2022-02-12 17:56:32.580 [task-702] INFO  com.novedu.nov.statistics.task.MultiThreadScheduleTask----------------课程播放次数同步完成
2022-02-12 17:57:00.009 [task-703] INFO  com.novedu.nov.statistics.task.MultiThreadScheduleTask----------------正在同步课程播放次数...
2022-02-12 17:57:02.572 [task-703] INFO  com.novedu.nov.statistics.task.MultiThreadScheduleTask----------------课程播放次数同步完成
2022-02-12 17:57:30.008 [task-704] INFO  com.novedu.nov.statistics.task.MultiThreadScheduleTask----------------正在同步课程播放次数...
2022-02-12 17:57:32.577 [task-704] INFO  com.novedu.nov.statistics.task.MultiThreadScheduleTask----------------课程播放次数同步完成
2022-02-12 17:58:00.005 [task-705] INFO  com.novedu.nov.statistics.task.MultiThreadScheduleTask----------------正在同步课程播放次数...
2022-02-12 17:58:02.588 [task-705] INFO  com.novedu.nov.statistics.task.MultiThreadScheduleTask----------------课程播放次数同步完成
2022-02-12 17:58:30.003 [task-706] INFO  com.novedu.nov.statistics.task.MultiThreadScheduleTask----------------正在同步课程播放次数...
2022-02-12 17:58:32.570 [task-706] INFO  com.novedu.nov.statistics.task.MultiThreadScheduleTask----------------课程播放次数同步完成
2022-02-12 17:59:00.005 [task-707] INFO  com.novedu.nov.statistics.task.MultiThreadScheduleTask----------------正在同步课程播放次数...
2022-02-12 17:59:02.574 [task-707] INFO  com.novedu.nov.statistics.task.MultiThreadScheduleTask----------------课程播放次数同步完成
2022-02-12 17:59:30.007 [task-708] INFO  com.novedu.nov.statistics.task.MultiThreadScheduleTask----------------正在同步课程播放次数...
2022-02-12 17:59:32.577 [task-708] INFO  com.novedu.nov.statistics.task.MultiThreadScheduleTask----------------课程播放次数同步完成
2022-02-12 18:00:00.007 [task-709] INFO  com.novedu.nov.statistics.task.MultiThreadScheduleTask----------------正在同步课程播放次数...
2022-02-12 18:00:02.595 [task-709] INFO  com.novedu.nov.statistics.task.MultiThreadScheduleTask----------------课程播放次数同步完成
2022-02-12 18:00:30.003 [task-710] INFO  com.novedu.nov.statistics.task.MultiThreadScheduleTask----------------正在同步课程播放次数...
2022-02-12 18:00:32.567 [task-710] INFO  com.novedu.nov.statistics.task.MultiThreadScheduleTask----------------课程播放次数同步完成
2022-02-12 18:01:00.006 [task-711] INFO  com.novedu.nov.statistics.task.MultiThreadScheduleTask----------------正在同步课程播放次数...
2022-02-12 18:01:02.573 [task-711] INFO  com.novedu.nov.statistics.task.MultiThreadScheduleTask----------------课程播放次数同步完成
2022-02-12 18:01:30.012 [task-712] INFO  com.novedu.nov.statistics.task.MultiThreadScheduleTask----------------正在同步课程播放次数...
2022-02-12 18:01:32.622 [task-712] INFO  com.novedu.nov.statistics.task.MultiThreadScheduleTask----------------课程播放次数同步完成
2022-02-12 18:02:00.006 [task-713] INFO  com.novedu.nov.statistics.task.MultiThreadScheduleTask----------------正在同步课程播放次数...
2022-02-12 18:02:02.597 [task-713] INFO  com.novedu.nov.statistics.task.MultiThreadScheduleTask----------------课程播放次数同步完成
2022-02-12 18:02:30.012 [task-714] INFO  com.novedu.nov.statistics.task.MultiThreadScheduleTask----------------正在同步课程播放次数...
2022-02-12 18:02:32.580 [task-714] INFO  com.novedu.nov.statistics.task.MultiThreadScheduleTask----------------课程播放次数同步完成
2022-02-12 18:03:00.012 [task-715] INFO  com.novedu.nov.statistics.task.MultiThreadScheduleTask----------------正在同步课程播放次数...
2022-02-12 18:03:02.580 [task-715] INFO  com.novedu.nov.statistics.task.MultiThreadScheduleTask----------------课程播放次数同步完成
2022-02-12 18:03:30.011 [task-716] INFO  com.novedu.nov.statistics.task.MultiThreadScheduleTask----------------正在同步课程播放次数...
2022-02-12 18:03:32.675 [task-716] INFO  com.novedu.nov.statistics.task.MultiThreadScheduleTask----------------课程播放次数同步完成
2022-02-12 18:04:00.007 [task-717] INFO  com.novedu.nov.statistics.task.MultiThreadScheduleTask----------------正在同步课程播放次数...
2022-02-12 18:04:02.571 [task-717] INFO  com.novedu.nov.statistics.task.MultiThreadScheduleTask----------------课程播放次数同步完成
2022-02-12 18:04:30.005 [task-718] INFO  com.novedu.nov.statistics.task.MultiThreadScheduleTask----------------正在同步课程播放次数...
2022-02-12 18:04:32.574 [task-718] INFO  com.novedu.nov.statistics.task.MultiThreadScheduleTask----------------课程播放次数同步完成
2022-02-12 18:05:00.001 [task-719] INFO  com.novedu.nov.statistics.task.MultiThreadScheduleTask----------------正在同步课程播放次数...
2022-02-12 18:05:02.594 [task-719] INFO  com.novedu.nov.statistics.task.MultiThreadScheduleTask----------------课程播放次数同步完成
2022-02-12 18:05:30.003 [task-720] INFO  com.novedu.nov.statistics.task.MultiThreadScheduleTask----------------正在同步课程播放次数...
2022-02-12 18:05:32.575 [task-720] INFO  com.novedu.nov.statistics.task.MultiThreadScheduleTask----------------课程播放次数同步完成
2022-02-12 18:06:00.008 [task-721] INFO  com.novedu.nov.statistics.task.MultiThreadScheduleTask----------------正在同步课程播放次数...
2022-02-12 18:06:02.596 [task-721] INFO  com.novedu.nov.statistics.task.MultiThreadScheduleTask----------------课程播放次数同步完成
2022-02-12 18:06:30.007 [task-722] INFO  com.novedu.nov.statistics.task.MultiThreadScheduleTask----------------正在同步课程播放次数...
2022-02-12 18:06:32.573 [task-722] INFO  com.novedu.nov.statistics.task.MultiThreadScheduleTask----------------课程播放次数同步完成
2022-02-12 18:07:00.011 [task-723] INFO  com.novedu.nov.statistics.task.MultiThreadScheduleTask----------------正在同步课程播放次数...
2022-02-12 18:07:02.648 [task-723] INFO  com.novedu.nov.statistics.task.MultiThreadScheduleTask----------------课程播放次数同步完成
2022-02-12 18:07:30.007 [task-724] INFO  com.novedu.nov.statistics.task.MultiThreadScheduleTask----------------正在同步课程播放次数...
2022-02-12 18:07:32.576 [task-724] INFO  com.novedu.nov.statistics.task.MultiThreadScheduleTask----------------课程播放次数同步完成
2022-02-12 18:08:00.014 [task-725] INFO  com.novedu.nov.statistics.task.MultiThreadScheduleTask----------------正在同步课程播放次数...
2022-02-12 18:08:02.597 [task-725] INFO  com.novedu.nov.statistics.task.MultiThreadScheduleTask----------------课程播放次数同步完成
2022-02-12 18:08:30.014 [task-726] INFO  com.novedu.nov.statistics.task.MultiThreadScheduleTask----------------正在同步课程播放次数...
2022-02-12 18:08:32.588 [task-726] INFO  com.novedu.nov.statistics.task.MultiThreadScheduleTask----------------课程播放次数同步完成
2022-02-12 18:09:00.003 [task-727] INFO  com.novedu.nov.statistics.task.MultiThreadScheduleTask----------------正在同步课程播放次数...
2022-02-12 18:09:02.565 [task-727] INFO  com.novedu.nov.statistics.task.MultiThreadScheduleTask----------------课程播放次数同步完成
2022-02-12 18:09:30.004 [task-728] INFO  com.novedu.nov.statistics.task.MultiThreadScheduleTask----------------正在同步课程播放次数...
2022-02-12 18:09:32.570 [task-728] INFO  com.novedu.nov.statistics.task.MultiThreadScheduleTask----------------课程播放次数同步完成
2022-02-12 18:10:00.001 [task-729] INFO  com.novedu.nov.statistics.task.MultiThreadScheduleTask----------------正在同步课程播放次数...
2022-02-12 18:10:02.594 [task-729] INFO  com.novedu.nov.statistics.task.MultiThreadScheduleTask----------------课程播放次数同步完成
2022-02-12 18:10:30.003 [task-730] INFO  com.novedu.nov.statistics.task.MultiThreadScheduleTask----------------正在同步课程播放次数...
2022-02-12 18:10:32.569 [task-730] INFO  com.novedu.nov.statistics.task.MultiThreadScheduleTask----------------课程播放次数同步完成
2022-02-12 18:11:00.015 [task-731] INFO  com.novedu.nov.statistics.task.MultiThreadScheduleTask----------------正在同步课程播放次数...
2022-02-12 18:11:02.608 [task-731] INFO  com.novedu.nov.statistics.task.MultiThreadScheduleTask----------------课程播放次数同步完成
2022-02-12 18:11:30.009 [task-732] INFO  com.novedu.nov.statistics.task.MultiThreadScheduleTask----------------正在同步课程播放次数...
2022-02-12 18:11:32.575 [task-732] INFO  com.novedu.nov.statistics.task.MultiThreadScheduleTask----------------课程播放次数同步完成
2022-02-12 18:12:00.013 [task-733] INFO  com.novedu.nov.statistics.task.MultiThreadScheduleTask----------------正在同步课程播放次数...
2022-02-12 18:12:02.589 [task-733] INFO  com.novedu.nov.statistics.task.MultiThreadScheduleTask----------------课程播放次数同步完成
2022-02-12 18:12:30.013 [task-734] INFO  com.novedu.nov.statistics.task.MultiThreadScheduleTask----------------正在同步课程播放次数...
2022-02-12 18:12:32.589 [task-734] INFO  com.novedu.nov.statistics.task.MultiThreadScheduleTask----------------课程播放次数同步完成
2022-02-12 18:13:00.011 [task-735] INFO  com.novedu.nov.statistics.task.MultiThreadScheduleTask----------------正在同步课程播放次数...
2022-02-12 18:13:02.582 [task-735] INFO  com.novedu.nov.statistics.task.MultiThreadScheduleTask----------------课程播放次数同步完成
2022-02-12 18:13:30.012 [task-736] INFO  com.novedu.nov.statistics.task.MultiThreadScheduleTask----------------正在同步课程播放次数...
2022-02-12 18:13:32.586 [task-736] INFO  com.novedu.nov.statistics.task.MultiThreadScheduleTask----------------课程播放次数同步完成
2022-02-12 18:14:00.009 [task-737] INFO  com.novedu.nov.statistics.task.MultiThreadScheduleTask----------------正在同步课程播放次数...
2022-02-12 18:14:02.677 [task-737] INFO  com.novedu.nov.statistics.task.MultiThreadScheduleTask----------------课程播放次数同步完成
2022-02-12 18:14:30.014 [task-738] INFO  com.novedu.nov.statistics.task.MultiThreadScheduleTask----------------正在同步课程播放次数...
2022-02-12 18:14:32.603 [task-738] INFO  com.novedu.nov.statistics.task.MultiThreadScheduleTask----------------课程播放次数同步完成
2022-02-12 18:15:00.005 [task-739] INFO  com.novedu.nov.statistics.task.MultiThreadScheduleTask----------------正在同步课程播放次数...
2022-02-12 18:15:02.566 [task-739] INFO  com.novedu.nov.statistics.task.MultiThreadScheduleTask----------------课程播放次数同步完成
2022-02-12 18:15:30.009 [task-740] INFO  com.novedu.nov.statistics.task.MultiThreadScheduleTask----------------正在同步课程播放次数...
2022-02-12 18:15:32.571 [task-740] INFO  com.novedu.nov.statistics.task.MultiThreadScheduleTask----------------课程播放次数同步完成
2022-02-12 18:16:00.006 [task-741] INFO  com.novedu.nov.statistics.task.MultiThreadScheduleTask----------------正在同步课程播放次数...
2022-02-12 18:16:02.573 [task-741] INFO  com.novedu.nov.statistics.task.MultiThreadScheduleTask----------------课程播放次数同步完成
2022-02-12 18:16:30.007 [task-742] INFO  com.novedu.nov.statistics.task.MultiThreadScheduleTask----------------正在同步课程播放次数...
2022-02-12 18:16:32.569 [task-742] INFO  com.novedu.nov.statistics.task.MultiThreadScheduleTask----------------课程播放次数同步完成
2022-02-12 18:17:00.013 [task-743] INFO  com.novedu.nov.statistics.task.MultiThreadScheduleTask----------------正在同步课程播放次数...
2022-02-12 18:17:02.584 [task-743] INFO  com.novedu.nov.statistics.task.MultiThreadScheduleTask----------------课程播放次数同步完成
2022-02-12 18:17:30.001 [task-744] INFO  com.novedu.nov.statistics.task.MultiThreadScheduleTask----------------正在同步课程播放次数...
2022-02-12 18:17:32.579 [task-744] INFO  com.novedu.nov.statistics.task.MultiThreadScheduleTask----------------课程播放次数同步完成
2022-02-12 18:18:00.001 [task-745] INFO  com.novedu.nov.statistics.task.MultiThreadScheduleTask----------------正在同步课程播放次数...
2022-02-12 18:18:02.573 [task-745] INFO  com.novedu.nov.statistics.task.MultiThreadScheduleTask----------------课程播放次数同步完成
2022-02-12 18:18:30.002 [task-746] INFO  com.novedu.nov.statistics.task.MultiThreadScheduleTask----------------正在同步课程播放次数...
2022-02-12 18:18:32.560 [task-746] INFO  com.novedu.nov.statistics.task.MultiThreadScheduleTask----------------课程播放次数同步完成
2022-02-12 18:19:00.004 [task-747] INFO  com.novedu.nov.statistics.task.MultiThreadScheduleTask----------------正在同步课程播放次数...
2022-02-12 18:19:02.558 [task-747] INFO  com.novedu.nov.statistics.task.MultiThreadScheduleTask----------------课程播放次数同步完成
2022-02-12 18:19:30.008 [task-748] INFO  com.novedu.nov.statistics.task.MultiThreadScheduleTask----------------正在同步课程播放次数...
2022-02-12 18:19:32.595 [task-748] INFO  com.novedu.nov.statistics.task.MultiThreadScheduleTask----------------课程播放次数同步完成
2022-02-12 18:20:00.003 [task-749] INFO  com.novedu.nov.statistics.task.MultiThreadScheduleTask----------------正在同步课程播放次数...
2022-02-12 18:20:02.580 [task-749] INFO  com.novedu.nov.statistics.task.MultiThreadScheduleTask----------------课程播放次数同步完成
2022-02-12 18:20:30.001 [task-750] INFO  com.novedu.nov.statistics.task.MultiThreadScheduleTask----------------正在同步课程播放次数...
2022-02-12 18:20:32.570 [task-750] INFO  com.novedu.nov.statistics.task.MultiThreadScheduleTask----------------课程播放次数同步完成
2022-02-12 18:21:00.012 [task-751] INFO  com.novedu.nov.statistics.task.MultiThreadScheduleTask----------------正在同步课程播放次数...
2022-02-12 18:21:02.597 [task-751] INFO  com.novedu.nov.statistics.task.MultiThreadScheduleTask----------------课程播放次数同步完成
2022-02-12 18:21:30.003 [task-752] INFO  com.novedu.nov.statistics.task.MultiThreadScheduleTask----------------正在同步课程播放次数...
2022-02-12 18:21:32.566 [task-752] INFO  com.novedu.nov.statistics.task.MultiThreadScheduleTask----------------课程播放次数同步完成
2022-02-12 18:22:00.014 [task-753] INFO  com.novedu.nov.statistics.task.MultiThreadScheduleTask----------------正在同步课程播放次数...
2022-02-12 18:22:02.599 [task-753] INFO  com.novedu.nov.statistics.task.MultiThreadScheduleTask----------------课程播放次数同步完成
2022-02-12 18:22:30.014 [task-754] INFO  com.novedu.nov.statistics.task.MultiThreadScheduleTask----------------正在同步课程播放次数...
2022-02-12 18:22:32.578 [task-754] INFO  com.novedu.nov.statistics.task.MultiThreadScheduleTask----------------课程播放次数同步完成
2022-02-12 18:23:00.007 [task-755] INFO  com.novedu.nov.statistics.task.MultiThreadScheduleTask----------------正在同步课程播放次数...
2022-02-12 18:23:03.912 [task-755] INFO  com.novedu.nov.statistics.task.MultiThreadScheduleTask----------------课程播放次数同步完成
2022-02-12 18:23:30.015 [task-756] INFO  com.novedu.nov.statistics.task.MultiThreadScheduleTask----------------正在同步课程播放次数...
2022-02-12 18:23:32.436 [task-756] INFO  com.novedu.nov.statistics.task.MultiThreadScheduleTask----------------课程播放次数同步完成
2022-02-12 18:24:00.002 [task-757] INFO  com.novedu.nov.statistics.task.MultiThreadScheduleTask----------------正在同步课程播放次数...
2022-02-12 18:24:02.556 [task-757] INFO  com.novedu.nov.statistics.task.MultiThreadScheduleTask----------------课程播放次数同步完成
2022-02-12 18:24:30.010 [task-758] INFO  com.novedu.nov.statistics.task.MultiThreadScheduleTask----------------正在同步课程播放次数...
2022-02-12 18:24:32.572 [task-758] INFO  com.novedu.nov.statistics.task.MultiThreadScheduleTask----------------课程播放次数同步完成
2022-02-12 18:25:00.008 [task-759] INFO  com.novedu.nov.statistics.task.MultiThreadScheduleTask----------------正在同步课程播放次数...
2022-02-12 18:25:02.579 [task-759] INFO  com.novedu.nov.statistics.task.MultiThreadScheduleTask----------------课程播放次数同步完成
2022-02-12 18:25:30.006 [task-760] INFO  com.novedu.nov.statistics.task.MultiThreadScheduleTask----------------正在同步课程播放次数...
2022-02-12 18:25:32.558 [task-760] INFO  com.novedu.nov.statistics.task.MultiThreadScheduleTask----------------课程播放次数同步完成
2022-02-12 18:26:00.001 [task-761] INFO  com.novedu.nov.statistics.task.MultiThreadScheduleTask----------------正在同步课程播放次数...
2022-02-12 18:26:02.562 [task-761] INFO  com.novedu.nov.statistics.task.MultiThreadScheduleTask----------------课程播放次数同步完成
2022-02-12 18:26:30.010 [task-762] INFO  com.novedu.nov.statistics.task.MultiThreadScheduleTask----------------正在同步课程播放次数...
2022-02-12 18:26:32.564 [task-762] INFO  com.novedu.nov.statistics.task.MultiThreadScheduleTask----------------课程播放次数同步完成
2022-02-12 18:27:00.005 [task-763] INFO  com.novedu.nov.statistics.task.MultiThreadScheduleTask----------------正在同步课程播放次数...
2022-02-12 18:27:02.562 [task-763] INFO  com.novedu.nov.statistics.task.MultiThreadScheduleTask----------------课程播放次数同步完成
2022-02-12 18:27:30.002 [task-764] INFO  com.novedu.nov.statistics.task.MultiThreadScheduleTask----------------正在同步课程播放次数...
2022-02-12 18:27:32.569 [task-764] INFO  com.novedu.nov.statistics.task.MultiThreadScheduleTask----------------课程播放次数同步完成
2022-02-12 18:28:00.002 [task-765] INFO  com.novedu.nov.statistics.task.MultiThreadScheduleTask----------------正在同步课程播放次数...
2022-02-12 18:28:02.588 [task-765] INFO  com.novedu.nov.statistics.task.MultiThreadScheduleTask----------------课程播放次数同步完成
2022-02-12 18:28:30.002 [task-766] INFO  com.novedu.nov.statistics.task.MultiThreadScheduleTask----------------正在同步课程播放次数...
2022-02-12 18:28:32.562 [task-766] INFO  com.novedu.nov.statistics.task.MultiThreadScheduleTask----------------课程播放次数同步完成
2022-02-12 18:29:00.010 [task-767] INFO  com.novedu.nov.statistics.task.MultiThreadScheduleTask----------------正在同步课程播放次数...
2022-02-12 18:29:02.589 [task-767] INFO  com.novedu.nov.statistics.task.MultiThreadScheduleTask----------------课程播放次数同步完成
2022-02-12 18:29:30.010 [task-768] INFO  com.novedu.nov.statistics.task.MultiThreadScheduleTask----------------正在同步课程播放次数...
2022-02-12 18:29:32.630 [task-768] INFO  com.novedu.nov.statistics.task.MultiThreadScheduleTask----------------课程播放次数同步完成
2022-02-12 18:30:00.004 [task-769] INFO  com.novedu.nov.statistics.task.MultiThreadScheduleTask----------------正在同步课程播放次数...
2022-02-12 18:30:03.742 [task-769] INFO  com.novedu.nov.statistics.task.MultiThreadScheduleTask----------------课程播放次数同步完成
2022-02-12 18:30:30.008 [task-770] INFO  com.novedu.nov.statistics.task.MultiThreadScheduleTask----------------正在同步课程播放次数...
2022-02-12 18:30:33.770 [task-770] INFO  com.novedu.nov.statistics.task.MultiThreadScheduleTask----------------课程播放次数同步完成
2022-02-12 18:31:00.004 [task-771] INFO  com.novedu.nov.statistics.task.MultiThreadScheduleTask----------------正在同步课程播放次数...
2022-02-12 18:31:03.755 [task-771] INFO  com.novedu.nov.statistics.task.MultiThreadScheduleTask----------------课程播放次数同步完成
2022-02-12 18:31:30.000 [task-772] INFO  com.novedu.nov.statistics.task.MultiThreadScheduleTask----------------正在同步课程播放次数...
2022-02-12 18:31:33.758 [task-772] INFO  com.novedu.nov.statistics.task.MultiThreadScheduleTask----------------课程播放次数同步完成
2022-02-12 18:32:00.004 [task-773] INFO  com.novedu.nov.statistics.task.MultiThreadScheduleTask----------------正在同步课程播放次数...
2022-02-12 18:32:03.788 [task-773] INFO  com.novedu.nov.statistics.task.MultiThreadScheduleTask----------------课程播放次数同步完成
2022-02-12 18:32:30.014 [task-774] INFO  com.novedu.nov.statistics.task.MultiThreadScheduleTask----------------正在同步课程播放次数...
2022-02-12 18:32:33.761 [task-774] INFO  com.novedu.nov.statistics.task.MultiThreadScheduleTask----------------课程播放次数同步完成
2022-02-12 18:33:00.003 [task-775] INFO  com.novedu.nov.statistics.task.MultiThreadScheduleTask----------------正在同步课程播放次数...
2022-02-12 18:33:03.769 [task-775] INFO  com.novedu.nov.statistics.task.MultiThreadScheduleTask----------------课程播放次数同步完成
2022-02-12 18:33:30.003 [task-776] INFO  com.novedu.nov.statistics.task.MultiThreadScheduleTask----------------正在同步课程播放次数...
2022-02-12 18:33:33.516 [task-776] INFO  com.novedu.nov.statistics.task.MultiThreadScheduleTask----------------课程播放次数同步完成
2022-02-12 18:34:00.007 [task-777] INFO  com.novedu.nov.statistics.task.MultiThreadScheduleTask----------------正在同步课程播放次数...
2022-02-12 18:34:03.529 [task-777] INFO  com.novedu.nov.statistics.task.MultiThreadScheduleTask----------------课程播放次数同步完成
2022-02-12 18:34:30.011 [task-778] INFO  com.novedu.nov.statistics.task.MultiThreadScheduleTask----------------正在同步课程播放次数...
2022-02-12 18:34:33.506 [task-778] INFO  com.novedu.nov.statistics.task.MultiThreadScheduleTask----------------课程播放次数同步完成
2022-02-12 18:35:00.002 [task-779] INFO  com.novedu.nov.statistics.task.MultiThreadScheduleTask----------------正在同步课程播放次数...
2022-02-12 18:35:03.533 [task-779] INFO  com.novedu.nov.statistics.task.MultiThreadScheduleTask----------------课程播放次数同步完成
2022-02-12 18:35:30.001 [task-780] INFO  com.novedu.nov.statistics.task.MultiThreadScheduleTask----------------正在同步课程播放次数...
2022-02-12 18:35:33.531 [task-780] INFO  com.novedu.nov.statistics.task.MultiThreadScheduleTask----------------课程播放次数同步完成
2022-02-12 18:36:00.013 [task-781] INFO  com.novedu.nov.statistics.task.MultiThreadScheduleTask----------------正在同步课程播放次数...
2022-02-12 18:36:03.527 [task-781] INFO  com.novedu.nov.statistics.task.MultiThreadScheduleTask----------------课程播放次数同步完成
2022-02-12 18:36:30.014 [task-782] INFO  com.novedu.nov.statistics.task.MultiThreadScheduleTask----------------正在同步课程播放次数...
2022-02-12 18:36:33.599 [task-782] INFO  com.novedu.nov.statistics.task.MultiThreadScheduleTask----------------课程播放次数同步完成
2022-02-12 18:37:00.004 [task-783] INFO  com.novedu.nov.statistics.task.MultiThreadScheduleTask----------------正在同步课程播放次数...
2022-02-12 18:37:03.080 [task-783] INFO  com.novedu.nov.statistics.task.MultiThreadScheduleTask----------------课程播放次数同步完成
2022-02-12 18:37:30.004 [task-784] INFO  com.novedu.nov.statistics.task.MultiThreadScheduleTask----------------正在同步课程播放次数...
2022-02-12 18:37:33.065 [task-784] INFO  com.novedu.nov.statistics.task.MultiThreadScheduleTask----------------课程播放次数同步完成
2022-02-12 18:38:00.008 [task-785] INFO  com.novedu.nov.statistics.task.MultiThreadScheduleTask----------------正在同步课程播放次数...
2022-02-12 18:38:03.168 [task-785] INFO  com.novedu.nov.statistics.task.MultiThreadScheduleTask----------------课程播放次数同步完成
2022-02-12 18:38:30.007 [task-786] INFO  com.novedu.nov.statistics.task.MultiThreadScheduleTask----------------正在同步课程播放次数...
2022-02-12 18:38:33.078 [task-786] INFO  com.novedu.nov.statistics.task.MultiThreadScheduleTask----------------课程播放次数同步完成
2022-02-12 18:39:00.002 [task-787] INFO  com.novedu.nov.statistics.task.MultiThreadScheduleTask----------------正在同步课程播放次数...
2022-02-12 18:39:03.068 [task-787] INFO  com.novedu.nov.statistics.task.MultiThreadScheduleTask----------------课程播放次数同步完成
2022-02-12 18:39:30.013 [task-788] INFO  com.novedu.nov.statistics.task.MultiThreadScheduleTask----------------正在同步课程播放次数...
2022-02-12 18:39:33.224 [task-788] INFO  com.novedu.nov.statistics.task.MultiThreadScheduleTask----------------课程播放次数同步完成
2022-02-12 18:40:00.003 [task-789] INFO  com.novedu.nov.statistics.task.MultiThreadScheduleTask----------------正在同步课程播放次数...
2022-02-12 18:40:02.785 [task-789] INFO  com.novedu.nov.statistics.task.MultiThreadScheduleTask----------------课程播放次数同步完成
2022-02-12 18:40:30.003 [task-790] INFO  com.novedu.nov.statistics.task.MultiThreadScheduleTask----------------正在同步课程播放次数...
2022-02-12 18:40:33.632 [task-790] INFO  com.novedu.nov.statistics.task.MultiThreadScheduleTask----------------课程播放次数同步完成
2022-02-12 18:41:00.007 [task-791] INFO  com.novedu.nov.statistics.task.MultiThreadScheduleTask----------------正在同步课程播放次数...
2022-02-12 18:41:03.648 [task-791] INFO  com.novedu.nov.statistics.task.MultiThreadScheduleTask----------------课程播放次数同步完成
2022-02-12 18:41:30.014 [task-792] INFO  com.novedu.nov.statistics.task.MultiThreadScheduleTask----------------正在同步课程播放次数...
2022-02-12 18:41:33.638 [task-792] INFO  com.novedu.nov.statistics.task.MultiThreadScheduleTask----------------课程播放次数同步完成
2022-02-12 18:42:00.013 [task-793] INFO  com.novedu.nov.statistics.task.MultiThreadScheduleTask----------------正在同步课程播放次数...
2022-02-12 18:42:02.010 [task-793] INFO  com.novedu.nov.statistics.task.MultiThreadScheduleTask----------------课程播放次数同步完成
2022-02-12 18:42:30.011 [task-794] INFO  com.novedu.nov.statistics.task.MultiThreadScheduleTask----------------正在同步课程播放次数...
2022-02-12 18:42:32.778 [task-794] INFO  com.novedu.nov.statistics.task.MultiThreadScheduleTask----------------课程播放次数同步完成
2022-02-12 18:43:00.007 [task-795] INFO  com.novedu.nov.statistics.task.MultiThreadScheduleTask----------------正在同步课程播放次数...
2022-02-12 18:43:03.065 [task-795] INFO  com.novedu.nov.statistics.task.MultiThreadScheduleTask----------------课程播放次数同步完成
2022-02-12 18:43:30.007 [task-796] INFO  com.novedu.nov.statistics.task.MultiThreadScheduleTask----------------正在同步课程播放次数...
2022-02-12 18:43:33.076 [task-796] INFO  com.novedu.nov.statistics.task.MultiThreadScheduleTask----------------课程播放次数同步完成
2022-02-12 18:44:00.015 [task-797] INFO  com.novedu.nov.statistics.task.MultiThreadScheduleTask----------------正在同步课程播放次数...
2022-02-12 18:44:03.088 [task-797] INFO  com.novedu.nov.statistics.task.MultiThreadScheduleTask----------------课程播放次数同步完成
2022-02-12 18:44:30.004 [task-798] INFO  com.novedu.nov.statistics.task.MultiThreadScheduleTask----------------正在同步课程播放次数...
2022-02-12 18:44:33.091 [task-798] INFO  com.novedu.nov.statistics.task.MultiThreadScheduleTask----------------课程播放次数同步完成
2022-02-12 18:45:00.011 [task-799] INFO  com.novedu.nov.statistics.task.MultiThreadScheduleTask----------------正在同步课程播放次数...
2022-02-12 18:45:03.076 [task-799] INFO  com.novedu.nov.statistics.task.MultiThreadScheduleTask----------------课程播放次数同步完成
2022-02-12 18:45:30.004 [task-800] INFO  com.novedu.nov.statistics.task.MultiThreadScheduleTask----------------正在同步课程播放次数...
2022-02-12 18:45:33.612 [task-800] INFO  com.novedu.nov.statistics.task.MultiThreadScheduleTask----------------课程播放次数同步完成
2022-02-12 18:46:00.009 [task-801] INFO  com.novedu.nov.statistics.task.MultiThreadScheduleTask----------------正在同步课程播放次数...
2022-02-12 18:46:03.727 [task-801] INFO  com.novedu.nov.statistics.task.MultiThreadScheduleTask----------------课程播放次数同步完成
2022-02-12 18:46:30.001 [task-802] INFO  com.novedu.nov.statistics.task.MultiThreadScheduleTask----------------正在同步课程播放次数...
2022-02-12 18:46:33.589 [task-802] INFO  com.novedu.nov.statistics.task.MultiThreadScheduleTask----------------课程播放次数同步完成
2022-02-12 18:47:00.016 [task-803] INFO  com.novedu.nov.statistics.task.MultiThreadScheduleTask----------------正在同步课程播放次数...
2022-02-12 18:47:02.910 [task-803] INFO  com.novedu.nov.statistics.task.MultiThreadScheduleTask----------------课程播放次数同步完成
2022-02-12 18:47:30.008 [task-804] INFO  com.novedu.nov.statistics.task.MultiThreadScheduleTask----------------正在同步课程播放次数...
2022-02-12 18:47:33.633 [task-804] INFO  com.novedu.nov.statistics.task.MultiThreadScheduleTask----------------课程播放次数同步完成
2022-02-12 18:48:00.006 [task-805] INFO  com.novedu.nov.statistics.task.MultiThreadScheduleTask----------------正在同步课程播放次数...
2022-02-12 18:48:03.623 [task-805] INFO  com.novedu.nov.statistics.task.MultiThreadScheduleTask----------------课程播放次数同步完成
2022-02-12 18:48:30.008 [task-806] INFO  com.novedu.nov.statistics.task.MultiThreadScheduleTask----------------正在同步课程播放次数...
2022-02-12 18:48:33.611 [task-806] INFO  com.novedu.nov.statistics.task.MultiThreadScheduleTask----------------课程播放次数同步完成
2022-02-12 18:49:00.008 [task-807] INFO  com.novedu.nov.statistics.task.MultiThreadScheduleTask----------------正在同步课程播放次数...
2022-02-12 18:49:03.631 [task-807] INFO  com.novedu.nov.statistics.task.MultiThreadScheduleTask----------------课程播放次数同步完成
2022-02-12 18:49:30.007 [task-808] INFO  com.novedu.nov.statistics.task.MultiThreadScheduleTask----------------正在同步课程播放次数...
2022-02-12 18:49:32.769 [task-808] INFO  com.novedu.nov.statistics.task.MultiThreadScheduleTask----------------课程播放次数同步完成
2022-02-12 18:50:00.005 [task-809] INFO  com.novedu.nov.statistics.task.MultiThreadScheduleTask----------------正在同步课程播放次数...
2022-02-12 18:50:03.625 [task-809] INFO  com.novedu.nov.statistics.task.MultiThreadScheduleTask----------------课程播放次数同步完成
2022-02-12 18:50:30.010 [task-810] INFO  com.novedu.nov.statistics.task.MultiThreadScheduleTask----------------正在同步课程播放次数...
2022-02-12 18:50:49.220 [task-810] INFO  com.novedu.nov.statistics.task.MultiThreadScheduleTask----------------课程播放次数同步失败
2022-02-12 18:51:00.011 [task-811] INFO  com.novedu.nov.statistics.task.MultiThreadScheduleTask----------------正在同步课程播放次数...
2022-02-12 18:51:01.925 [task-811] INFO  com.novedu.nov.statistics.task.MultiThreadScheduleTask----------------课程播放次数同步完成
2022-02-12 18:51:30.001 [task-812] INFO  com.novedu.nov.statistics.task.MultiThreadScheduleTask----------------正在同步课程播放次数...
2022-02-12 18:51:33.239 [task-812] INFO  com.novedu.nov.statistics.task.MultiThreadScheduleTask----------------课程播放次数同步完成
2022-02-12 18:52:00.009 [task-813] INFO  com.novedu.nov.statistics.task.MultiThreadScheduleTask----------------正在同步课程播放次数...
2022-02-12 18:52:03.284 [task-813] INFO  com.novedu.nov.statistics.task.MultiThreadScheduleTask----------------课程播放次数同步完成
2022-02-12 18:52:30.010 [task-814] INFO  com.novedu.nov.statistics.task.MultiThreadScheduleTask----------------正在同步课程播放次数...
2022-02-12 18:52:33.280 [task-814] INFO  com.novedu.nov.statistics.task.MultiThreadScheduleTask----------------课程播放次数同步完成
2022-02-12 18:53:00.007 [task-815] INFO  com.novedu.nov.statistics.task.MultiThreadScheduleTask----------------正在同步课程播放次数...
2022-02-12 18:53:03.316 [task-815] INFO  com.novedu.nov.statistics.task.MultiThreadScheduleTask----------------课程播放次数同步完成
2022-02-12 18:53:30.003 [task-816] INFO  com.novedu.nov.statistics.task.MultiThreadScheduleTask----------------正在同步课程播放次数...
2022-02-12 18:53:33.268 [task-816] INFO  com.novedu.nov.statistics.task.MultiThreadScheduleTask----------------课程播放次数同步完成
2022-02-12 18:54:00.016 [task-817] INFO  com.novedu.nov.statistics.task.MultiThreadScheduleTask----------------正在同步课程播放次数...
2022-02-12 18:54:03.360 [task-817] INFO  com.novedu.nov.statistics.task.MultiThreadScheduleTask----------------课程播放次数同步完成
2022-02-12 18:54:30.003 [task-818] INFO  com.novedu.nov.statistics.task.MultiThreadScheduleTask----------------正在同步课程播放次数...
2022-02-12 18:54:33.274 [task-818] INFO  com.novedu.nov.statistics.task.MultiThreadScheduleTask----------------课程播放次数同步完成
2022-02-12 18:55:00.013 [task-819] INFO  com.novedu.nov.statistics.task.MultiThreadScheduleTask----------------正在同步课程播放次数...
2022-02-12 18:55:03.265 [task-819] INFO  com.novedu.nov.statistics.task.MultiThreadScheduleTask----------------课程播放次数同步完成
2022-02-12 18:55:30.008 [task-820] INFO  com.novedu.nov.statistics.task.MultiThreadScheduleTask----------------正在同步课程播放次数...
2022-02-12 18:55:33.267 [task-820] INFO  com.novedu.nov.statistics.task.MultiThreadScheduleTask----------------课程播放次数同步完成
2022-02-12 18:56:00.006 [task-821] INFO  com.novedu.nov.statistics.task.MultiThreadScheduleTask----------------正在同步课程播放次数...
2022-02-12 18:56:03.263 [task-821] INFO  com.novedu.nov.statistics.task.MultiThreadScheduleTask----------------课程播放次数同步完成
2022-02-12 18:56:30.002 [task-822] INFO  com.novedu.nov.statistics.task.MultiThreadScheduleTask----------------正在同步课程播放次数...
2022-02-12 18:56:33.293 [task-822] INFO  com.novedu.nov.statistics.task.MultiThreadScheduleTask----------------课程播放次数同步完成
2022-02-12 18:57:00.008 [task-823] INFO  com.novedu.nov.statistics.task.MultiThreadScheduleTask----------------正在同步课程播放次数...
2022-02-12 18:57:03.277 [task-823] INFO  com.novedu.nov.statistics.task.MultiThreadScheduleTask----------------课程播放次数同步完成
2022-02-12 18:57:30.009 [task-824] INFO  com.novedu.nov.statistics.task.MultiThreadScheduleTask----------------正在同步课程播放次数...
2022-02-12 18:57:33.286 [task-824] INFO  com.novedu.nov.statistics.task.MultiThreadScheduleTask----------------课程播放次数同步完成
2022-02-12 18:58:00.014 [task-825] INFO  com.novedu.nov.statistics.task.MultiThreadScheduleTask----------------正在同步课程播放次数...
2022-02-12 18:58:03.352 [task-825] INFO  com.novedu.nov.statistics.task.MultiThreadScheduleTask----------------课程播放次数同步完成
2022-02-12 18:58:30.004 [task-826] INFO  com.novedu.nov.statistics.task.MultiThreadScheduleTask----------------正在同步课程播放次数...
2022-02-12 18:58:33.280 [task-826] INFO  com.novedu.nov.statistics.task.MultiThreadScheduleTask----------------课程播放次数同步完成
2022-02-12 18:59:00.009 [task-827] INFO  com.novedu.nov.statistics.task.MultiThreadScheduleTask----------------正在同步课程播放次数...
2022-02-12 18:59:03.288 [task-827] INFO  com.novedu.nov.statistics.task.MultiThreadScheduleTask----------------课程播放次数同步完成
2022-02-12 18:59:30.011 [task-828] INFO  com.novedu.nov.statistics.task.MultiThreadScheduleTask----------------正在同步课程播放次数...
2022-02-12 18:59:33.300 [task-828] INFO  com.novedu.nov.statistics.task.MultiThreadScheduleTask----------------课程播放次数同步完成
2022-02-12 19:00:00.009 [task-829] INFO  com.novedu.nov.statistics.task.MultiThreadScheduleTask----------------正在同步课程播放次数...
2022-02-12 19:00:03.329 [task-829] INFO  com.novedu.nov.statistics.task.MultiThreadScheduleTask----------------课程播放次数同步完成
2022-02-12 19:00:30.005 [task-830] INFO  com.novedu.nov.statistics.task.MultiThreadScheduleTask----------------正在同步课程播放次数...
2022-02-12 19:00:49.214 [task-830] INFO  com.novedu.nov.statistics.task.MultiThreadScheduleTask----------------课程播放次数同步失败
2022-02-12 19:01:00.003 [task-831] INFO  com.novedu.nov.statistics.task.MultiThreadScheduleTask----------------正在同步课程播放次数...
2022-02-12 19:01:02.405 [task-831] INFO  com.novedu.nov.statistics.task.MultiThreadScheduleTask----------------课程播放次数同步完成
2022-02-12 19:01:30.006 [task-832] INFO  com.novedu.nov.statistics.task.MultiThreadScheduleTask----------------正在同步课程播放次数...
2022-02-12 19:01:32.910 [task-832] INFO  com.novedu.nov.statistics.task.MultiThreadScheduleTask----------------课程播放次数同步完成
2022-02-12 19:02:00.014 [task-833] INFO  com.novedu.nov.statistics.task.MultiThreadScheduleTask----------------正在同步课程播放次数...
2022-02-12 19:02:02.643 [task-833] INFO  com.novedu.nov.statistics.task.MultiThreadScheduleTask----------------课程播放次数同步完成
2022-02-12 19:02:30.006 [task-834] INFO  com.novedu.nov.statistics.task.MultiThreadScheduleTask----------------正在同步课程播放次数...
2022-02-12 19:02:32.638 [task-834] INFO  com.novedu.nov.statistics.task.MultiThreadScheduleTask----------------课程播放次数同步完成
2022-02-12 19:03:00.014 [task-835] INFO  com.novedu.nov.statistics.task.MultiThreadScheduleTask----------------正在同步课程播放次数...
2022-02-12 19:03:02.727 [task-835] INFO  com.novedu.nov.statistics.task.MultiThreadScheduleTask----------------课程播放次数同步完成
2022-02-12 19:03:30.001 [task-836] INFO  com.novedu.nov.statistics.task.MultiThreadScheduleTask----------------正在同步课程播放次数...
2022-02-12 19:03:33.241 [task-836] INFO  com.novedu.nov.statistics.task.MultiThreadScheduleTask----------------课程播放次数同步完成
2022-02-12 19:04:00.006 [task-837] INFO  com.novedu.nov.statistics.task.MultiThreadScheduleTask----------------正在同步课程播放次数...
2022-02-12 19:04:03.249 [task-837] INFO  com.novedu.nov.statistics.task.MultiThreadScheduleTask----------------课程播放次数同步完成
2022-02-12 19:04:30.004 [task-838] INFO  com.novedu.nov.statistics.task.MultiThreadScheduleTask----------------正在同步课程播放次数...
2022-02-12 19:04:32.655 [task-838] INFO  com.novedu.nov.statistics.task.MultiThreadScheduleTask----------------课程播放次数同步完成
2022-02-12 19:05:00.008 [task-839] INFO  com.novedu.nov.statistics.task.MultiThreadScheduleTask----------------正在同步课程播放次数...
2022-02-12 19:05:19.243 [task-839] INFO  com.novedu.nov.statistics.task.MultiThreadScheduleTask----------------课程播放次数同步失败
2022-02-12 19:05:30.007 [task-840] INFO  com.novedu.nov.statistics.task.MultiThreadScheduleTask----------------正在同步课程播放次数...
2022-02-12 19:05:32.447 [task-840] INFO  com.novedu.nov.statistics.task.MultiThreadScheduleTask----------------课程播放次数同步完成
2022-02-12 19:06:00.000 [task-841] INFO  com.novedu.nov.statistics.task.MultiThreadScheduleTask----------------正在同步课程播放次数...
2022-02-12 19:06:03.250 [task-841] INFO  com.novedu.nov.statistics.task.MultiThreadScheduleTask----------------课程播放次数同步完成
2022-02-12 19:06:30.008 [task-842] INFO  com.novedu.nov.statistics.task.MultiThreadScheduleTask----------------正在同步课程播放次数...
2022-02-12 19:06:33.299 [task-842] INFO  com.novedu.nov.statistics.task.MultiThreadScheduleTask----------------课程播放次数同步完成
2022-02-12 19:07:00.012 [task-843] INFO  com.novedu.nov.statistics.task.MultiThreadScheduleTask----------------正在同步课程播放次数...
2022-02-12 19:07:03.246 [task-843] INFO  com.novedu.nov.statistics.task.MultiThreadScheduleTask----------------课程播放次数同步完成
2022-02-12 19:07:30.001 [task-844] INFO  com.novedu.nov.statistics.task.MultiThreadScheduleTask----------------正在同步课程播放次数...
2022-02-12 19:07:32.696 [task-844] INFO  com.novedu.nov.statistics.task.MultiThreadScheduleTask----------------课程播放次数同步完成
2022-02-12 19:08:00.011 [task-845] INFO  com.novedu.nov.statistics.task.MultiThreadScheduleTask----------------正在同步课程播放次数...
2022-02-12 19:08:03.260 [task-845] INFO  com.novedu.nov.statistics.task.MultiThreadScheduleTask----------------课程播放次数同步完成
2022-02-12 19:08:30.015 [task-846] INFO  com.novedu.nov.statistics.task.MultiThreadScheduleTask----------------正在同步课程播放次数...
2022-02-12 19:08:33.246 [task-846] INFO  com.novedu.nov.statistics.task.MultiThreadScheduleTask----------------课程播放次数同步完成
2022-02-12 19:09:00.009 [task-847] INFO  com.novedu.nov.statistics.task.MultiThreadScheduleTask----------------正在同步课程播放次数...
2022-02-12 19:09:03.249 [task-847] INFO  com.novedu.nov.statistics.task.MultiThreadScheduleTask----------------课程播放次数同步完成
2022-02-12 19:09:30.012 [task-848] INFO  com.novedu.nov.statistics.task.MultiThreadScheduleTask----------------正在同步课程播放次数...
2022-02-12 19:09:33.500 [task-848] INFO  com.novedu.nov.statistics.task.MultiThreadScheduleTask----------------课程播放次数同步完成
2022-02-12 19:10:00.009 [task-849] INFO  com.novedu.nov.statistics.task.MultiThreadScheduleTask----------------正在同步课程播放次数...
2022-02-12 19:10:19.238 [task-849] INFO  com.novedu.nov.statistics.task.MultiThreadScheduleTask----------------课程播放次数同步失败
2022-02-12 19:10:30.001 [task-850] INFO  com.novedu.nov.statistics.task.MultiThreadScheduleTask----------------正在同步课程播放次数...
2022-02-12 19:10:32.096 [task-850] INFO  com.novedu.nov.statistics.task.MultiThreadScheduleTask----------------课程播放次数同步完成
2022-02-12 19:11:00.008 [task-851] INFO  com.novedu.nov.statistics.task.MultiThreadScheduleTask----------------正在同步课程播放次数...
2022-02-12 19:11:02.940 [task-851] INFO  com.novedu.nov.statistics.task.MultiThreadScheduleTask----------------课程播放次数同步完成
2022-02-12 19:11:30.016 [task-852] INFO  com.novedu.nov.statistics.task.MultiThreadScheduleTask----------------正在同步课程播放次数...
2022-02-12 19:11:32.432 [task-852] INFO  com.novedu.nov.statistics.task.MultiThreadScheduleTask----------------课程播放次数同步完成
2022-02-12 19:12:00.003 [task-853] INFO  com.novedu.nov.statistics.task.MultiThreadScheduleTask----------------正在同步课程播放次数...
2022-02-12 19:12:02.426 [task-853] INFO  com.novedu.nov.statistics.task.MultiThreadScheduleTask----------------课程播放次数同步完成
2022-02-12 19:12:30.010 [task-854] INFO  com.novedu.nov.statistics.task.MultiThreadScheduleTask----------------正在同步课程播放次数...
2022-02-12 19:12:32.427 [task-854] INFO  com.novedu.nov.statistics.task.MultiThreadScheduleTask----------------课程播放次数同步完成
2022-02-12 19:13:00.015 [task-855] INFO  com.novedu.nov.statistics.task.MultiThreadScheduleTask----------------正在同步课程播放次数...
2022-02-12 19:13:02.475 [task-855] INFO  com.novedu.nov.statistics.task.MultiThreadScheduleTask----------------课程播放次数同步完成
2022-02-12 19:13:30.014 [task-856] INFO  com.novedu.nov.statistics.task.MultiThreadScheduleTask----------------正在同步课程播放次数...
2022-02-12 19:13:32.425 [task-856] INFO  com.novedu.nov.statistics.task.MultiThreadScheduleTask----------------课程播放次数同步完成
2022-02-12 19:14:00.004 [task-857] INFO  com.novedu.nov.statistics.task.MultiThreadScheduleTask----------------正在同步课程播放次数...
2022-02-12 19:14:02.426 [task-857] INFO  com.novedu.nov.statistics.task.MultiThreadScheduleTask----------------课程播放次数同步完成
2022-02-12 19:14:30.009 [task-858] INFO  com.novedu.nov.statistics.task.MultiThreadScheduleTask----------------正在同步课程播放次数...
2022-02-12 19:14:32.417 [task-858] INFO  com.novedu.nov.statistics.task.MultiThreadScheduleTask----------------课程播放次数同步完成
2022-02-12 19:15:00.013 [task-859] INFO  com.novedu.nov.statistics.task.MultiThreadScheduleTask----------------正在同步课程播放次数...
2022-02-12 19:15:02.581 [task-859] INFO  com.novedu.nov.statistics.task.MultiThreadScheduleTask----------------课程播放次数同步完成
2022-02-12 19:15:30.000 [task-860] INFO  com.novedu.nov.statistics.task.MultiThreadScheduleTask----------------正在同步课程播放次数...
2022-02-12 19:15:49.224 [task-860] INFO  com.novedu.nov.statistics.task.MultiThreadScheduleTask----------------课程播放次数同步失败
2022-02-12 19:16:00.007 [task-861] INFO  com.novedu.nov.statistics.task.MultiThreadScheduleTask----------------正在同步课程播放次数...
2022-02-12 19:16:02.768 [task-861] INFO  com.novedu.nov.statistics.task.MultiThreadScheduleTask----------------课程播放次数同步完成
2022-02-12 19:16:30.009 [task-862] INFO  com.novedu.nov.statistics.task.MultiThreadScheduleTask----------------正在同步课程播放次数...
2022-02-12 19:16:30.303 [http-nio-8081-exec-7] INFO  com.novedu.nov.common.config.NovMetaObjectHandler-start insert fill ....
2022-02-12 19:16:30.453 [http-nio-8081-exec-7] INFO  com.novedu.nov.edu.service.impl.EduCourseApplyServiceImpl-同步课程学习人数成功
2022-02-12 19:16:32.744 [task-862] INFO  com.novedu.nov.statistics.task.MultiThreadScheduleTask----------------课程播放次数同步完成
2022-02-12 19:17:00.009 [task-863] INFO  com.novedu.nov.statistics.task.MultiThreadScheduleTask----------------正在同步课程播放次数...
2022-02-12 19:17:02.750 [task-863] INFO  com.novedu.nov.statistics.task.MultiThreadScheduleTask----------------课程播放次数同步完成
2022-02-12 19:17:30.001 [task-864] INFO  com.novedu.nov.statistics.task.MultiThreadScheduleTask----------------正在同步课程播放次数...
2022-02-12 19:17:32.734 [task-864] INFO  com.novedu.nov.statistics.task.MultiThreadScheduleTask----------------课程播放次数同步完成
2022-02-12 19:18:00.009 [task-865] INFO  com.novedu.nov.statistics.task.MultiThreadScheduleTask----------------正在同步课程播放次数...
2022-02-12 19:18:03.300 [task-865] INFO  com.novedu.nov.statistics.task.MultiThreadScheduleTask----------------课程播放次数同步完成
2022-02-12 19:18:30.008 [task-866] INFO  com.novedu.nov.statistics.task.MultiThreadScheduleTask----------------正在同步课程播放次数...
2022-02-12 19:18:32.937 [task-866] INFO  com.novedu.nov.statistics.task.MultiThreadScheduleTask----------------课程播放次数同步完成
2022-02-12 19:19:00.015 [task-867] INFO  com.novedu.nov.statistics.task.MultiThreadScheduleTask----------------正在同步课程播放次数...
2022-02-12 19:19:03.031 [task-867] INFO  com.novedu.nov.statistics.task.MultiThreadScheduleTask----------------课程播放次数同步完成
2022-02-12 19:19:30.005 [task-868] INFO  com.novedu.nov.statistics.task.MultiThreadScheduleTask----------------正在同步课程播放次数...
2022-02-12 19:19:33.561 [task-868] INFO  com.novedu.nov.statistics.task.MultiThreadScheduleTask----------------课程播放次数同步完成
2022-02-12 19:20:00.011 [task-869] INFO  com.novedu.nov.statistics.task.MultiThreadScheduleTask----------------正在同步课程播放次数...
2022-02-12 19:20:03.070 [task-869] INFO  com.novedu.nov.statistics.task.MultiThreadScheduleTask----------------课程播放次数同步完成
2022-02-12 19:20:30.012 [task-870] INFO  com.novedu.nov.statistics.task.MultiThreadScheduleTask----------------正在同步课程播放次数...
2022-02-12 19:20:33.591 [task-870] INFO  com.novedu.nov.statistics.task.MultiThreadScheduleTask----------------课程播放次数同步完成
2022-02-12 19:21:00.001 [task-871] INFO  com.novedu.nov.statistics.task.MultiThreadScheduleTask----------------正在同步课程播放次数...
2022-02-12 19:21:02.730 [task-871] INFO  com.novedu.nov.statistics.task.MultiThreadScheduleTask----------------课程播放次数同步完成
2022-02-12 19:21:11.944 [http-nio-8085-exec-8] INFO  com.novedu.nov.common.config.NovMetaObjectHandler-start insert fill ....
2022-02-12 19:21:30.003 [task-872] INFO  com.novedu.nov.statistics.task.MultiThreadScheduleTask----------------正在同步课程播放次数...
2022-02-12 19:21:33.017 [task-872] INFO  com.novedu.nov.statistics.task.MultiThreadScheduleTask----------------课程播放次数同步完成
2022-02-12 19:21:41.672 [http-nio-8086-exec-7] INFO  com.novedu.nov.common.config.NovMetaObjectHandler-start insert fill ....
2022-02-12 19:21:45.214 [http-nio-8086-exec-1] INFO  com.novedu.nov.common.config.NovMetaObjectHandler-start update fill ....
2022-02-12 19:21:45.316 [http-nio-8086-exec-1] INFO  com.novedu.nov.order.service.impl.AlipayServiceImpl-同步订单:1492458886202757122成功
2022-02-12 19:21:45.357 [http-nio-8081-exec-5] INFO  com.novedu.nov.common.config.NovMetaObjectHandler-start insert fill ....
2022-02-12 19:21:45.528 [http-nio-8081-exec-5] INFO  com.novedu.nov.edu.service.impl.EduCourseApplyServiceImpl-同步课程学习人数成功
2022-02-12 19:21:45.530 [http-nio-8086-exec-1] INFO  com.novedu.nov.order.service.impl.AlipayServiceImpl-saveApply success
2022-02-12 19:21:45.603 [http-nio-8086-exec-1] INFO  com.novedu.nov.order.service.impl.AlipayServiceImpl-同步课程学习人数成功
2022-02-12 19:21:45.685 [http-nio-8086-exec-1] INFO  com.novedu.nov.order.service.impl.AlipayServiceImpl-同步课程购买数成功
2022-02-12 19:22:00.003 [task-873] INFO  com.novedu.nov.statistics.task.MultiThreadScheduleTask----------------正在同步课程播放次数...
2022-02-12 19:22:02.558 [http-nio-8086-exec-7] INFO  com.novedu.nov.common.config.NovMetaObjectHandler-start insert fill ....
2022-02-12 19:22:02.741 [task-873] INFO  com.novedu.nov.statistics.task.MultiThreadScheduleTask----------------课程播放次数同步完成
2022-02-12 19:22:04.239 [http-nio-8086-exec-1] INFO  com.novedu.nov.common.config.NovMetaObjectHandler-start update fill ....
2022-02-12 19:22:04.342 [http-nio-8086-exec-1] INFO  com.novedu.nov.order.service.impl.AlipayServiceImpl-同步订单:1492458973750464514成功
2022-02-12 19:22:04.384 [http-nio-8081-exec-8] INFO  com.novedu.nov.common.config.NovMetaObjectHandler-start insert fill ....
2022-02-12 19:22:04.531 [http-nio-8081-exec-8] INFO  com.novedu.nov.edu.service.impl.EduCourseApplyServiceImpl-同步课程学习人数成功
2022-02-12 19:22:04.533 [http-nio-8086-exec-1] INFO  com.novedu.nov.order.service.impl.AlipayServiceImpl-saveApply success
2022-02-12 19:22:04.596 [http-nio-8086-exec-1] INFO  com.novedu.nov.order.service.impl.AlipayServiceImpl-同步课程学习人数成功
2022-02-12 19:22:04.674 [http-nio-8086-exec-1] INFO  com.novedu.nov.order.service.impl.AlipayServiceImpl-同步课程购买数成功
2022-02-12 19:22:30.011 [task-874] INFO  com.novedu.nov.statistics.task.MultiThreadScheduleTask----------------正在同步课程播放次数...
2022-02-12 19:22:32.756 [task-874] INFO  com.novedu.nov.statistics.task.MultiThreadScheduleTask----------------课程播放次数同步完成
2022-02-12 19:23:00.004 [task-875] INFO  com.novedu.nov.statistics.task.MultiThreadScheduleTask----------------正在同步课程播放次数...
2022-02-12 19:23:03.045 [task-875] INFO  com.novedu.nov.statistics.task.MultiThreadScheduleTask----------------课程播放次数同步完成
2022-02-12 19:23:30.015 [task-876] INFO  com.novedu.nov.statistics.task.MultiThreadScheduleTask----------------正在同步课程播放次数...
2022-02-12 19:23:33.007 [task-876] INFO  com.novedu.nov.statistics.task.MultiThreadScheduleTask----------------课程播放次数同步完成
2022-02-12 19:24:00.002 [task-877] INFO  com.novedu.nov.statistics.task.MultiThreadScheduleTask----------------正在同步课程播放次数...
2022-02-12 19:24:03.029 [task-877] INFO  com.novedu.nov.statistics.task.MultiThreadScheduleTask----------------课程播放次数同步完成
2022-02-12 19:24:30.007 [task-878] INFO  com.novedu.nov.statistics.task.MultiThreadScheduleTask----------------正在同步课程播放次数...
2022-02-12 19:24:33.055 [task-878] INFO  com.novedu.nov.statistics.task.MultiThreadScheduleTask----------------课程播放次数同步完成
2022-02-12 19:25:00.004 [task-879] INFO  com.novedu.nov.statistics.task.MultiThreadScheduleTask----------------正在同步课程播放次数...
2022-02-12 19:25:03.001 [task-879] INFO  com.novedu.nov.statistics.task.MultiThreadScheduleTask----------------课程播放次数同步完成
2022-02-12 19:25:30.005 [task-880] INFO  com.novedu.nov.statistics.task.MultiThreadScheduleTask----------------正在同步课程播放次数...
2022-02-12 19:25:33.024 [task-880] INFO  com.novedu.nov.statistics.task.MultiThreadScheduleTask----------------课程播放次数同步完成
2022-02-12 19:26:00.006 [task-881] INFO  com.novedu.nov.statistics.task.MultiThreadScheduleTask----------------正在同步课程播放次数...
2022-02-12 19:26:02.938 [task-881] INFO  com.novedu.nov.statistics.task.MultiThreadScheduleTask----------------课程播放次数同步完成
2022-02-12 19:26:30.014 [task-882] INFO  com.novedu.nov.statistics.task.MultiThreadScheduleTask----------------正在同步课程播放次数...
2022-02-12 19:26:32.409 [task-882] INFO  com.novedu.nov.statistics.task.MultiThreadScheduleTask----------------课程播放次数同步完成
2022-02-12 19:27:00.006 [task-883] INFO  com.novedu.nov.statistics.task.MultiThreadScheduleTask----------------正在同步课程播放次数...
2022-02-12 19:27:02.431 [task-883] INFO  com.novedu.nov.statistics.task.MultiThreadScheduleTask----------------课程播放次数同步完成
2022-02-12 19:27:30.005 [task-884] INFO  com.novedu.nov.statistics.task.MultiThreadScheduleTask----------------正在同步课程播放次数...
2022-02-12 19:27:32.205 [task-884] INFO  com.novedu.nov.statistics.task.MultiThreadScheduleTask----------------课程播放次数同步完成
2022-02-12 19:28:00.011 [task-885] INFO  com.novedu.nov.statistics.task.MultiThreadScheduleTask----------------正在同步课程播放次数...
2022-02-12 19:28:02.227 [task-885] INFO  com.novedu.nov.statistics.task.MultiThreadScheduleTask----------------课程播放次数同步完成
2022-02-12 19:28:30.002 [task-886] INFO  com.novedu.nov.statistics.task.MultiThreadScheduleTask----------------正在同步课程播放次数...
2022-02-12 19:28:32.232 [task-886] INFO  com.novedu.nov.statistics.task.MultiThreadScheduleTask----------------课程播放次数同步完成
2022-02-12 19:29:00.001 [task-887] INFO  com.novedu.nov.statistics.task.MultiThreadScheduleTask----------------正在同步课程播放次数...
2022-02-12 19:29:02.217 [task-887] INFO  com.novedu.nov.statistics.task.MultiThreadScheduleTask----------------课程播放次数同步完成
2022-02-12 19:29:30.012 [task-888] INFO  com.novedu.nov.statistics.task.MultiThreadScheduleTask----------------正在同步课程播放次数...
2022-02-12 19:29:32.249 [task-888] INFO  com.novedu.nov.statistics.task.MultiThreadScheduleTask----------------课程播放次数同步完成
2022-02-12 19:30:00.011 [task-889] INFO  com.novedu.nov.statistics.task.MultiThreadScheduleTask----------------正在同步课程播放次数...
2022-02-12 19:30:02.228 [task-889] INFO  com.novedu.nov.statistics.task.MultiThreadScheduleTask----------------课程播放次数同步完成
2022-02-12 19:30:30.015 [task-890] INFO  com.novedu.nov.statistics.task.MultiThreadScheduleTask----------------正在同步课程播放次数...
2022-02-12 19:30:31.932 [task-890] INFO  com.novedu.nov.statistics.task.MultiThreadScheduleTask----------------课程播放次数同步完成
2022-02-12 19:31:00.010 [task-891] INFO  com.novedu.nov.statistics.task.MultiThreadScheduleTask----------------正在同步课程播放次数...
2022-02-12 19:31:01.927 [task-891] INFO  com.novedu.nov.statistics.task.MultiThreadScheduleTask----------------课程播放次数同步完成
2022-02-12 19:31:30.012 [task-892] INFO  com.novedu.nov.statistics.task.MultiThreadScheduleTask----------------正在同步课程播放次数...
2022-02-12 19:31:32.066 [task-892] INFO  com.novedu.nov.statistics.task.MultiThreadScheduleTask----------------课程播放次数同步完成
2022-02-12 19:32:00.012 [task-893] INFO  com.novedu.nov.statistics.task.MultiThreadScheduleTask----------------正在同步课程播放次数...
2022-02-12 19:32:01.934 [task-893] INFO  com.novedu.nov.statistics.task.MultiThreadScheduleTask----------------课程播放次数同步完成
2022-02-12 19:32:30.008 [task-894] INFO  com.novedu.nov.statistics.task.MultiThreadScheduleTask----------------正在同步课程播放次数...
2022-02-12 19:32:31.944 [task-894] INFO  com.novedu.nov.statistics.task.MultiThreadScheduleTask----------------课程播放次数同步完成
2022-02-12 19:33:00.001 [task-895] INFO  com.novedu.nov.statistics.task.MultiThreadScheduleTask----------------正在同步课程播放次数...
2022-02-12 19:33:01.931 [task-895] INFO  com.novedu.nov.statistics.task.MultiThreadScheduleTask----------------课程播放次数同步完成
2022-02-12 19:33:30.004 [task-896] INFO  com.novedu.nov.statistics.task.MultiThreadScheduleTask----------------正在同步课程播放次数...
2022-02-12 19:33:31.948 [task-896] INFO  com.novedu.nov.statistics.task.MultiThreadScheduleTask----------------课程播放次数同步完成
2022-02-12 19:34:00.004 [task-897] INFO  com.novedu.nov.statistics.task.MultiThreadScheduleTask----------------正在同步课程播放次数...
2022-02-12 19:34:01.925 [task-897] INFO  com.novedu.nov.statistics.task.MultiThreadScheduleTask----------------课程播放次数同步完成
2022-02-12 19:34:30.014 [task-898] INFO  com.novedu.nov.statistics.task.MultiThreadScheduleTask----------------正在同步课程播放次数...
2022-02-12 19:34:31.959 [task-898] INFO  com.novedu.nov.statistics.task.MultiThreadScheduleTask----------------课程播放次数同步完成
2022-02-12 19:35:00.014 [task-899] INFO  com.novedu.nov.statistics.task.MultiThreadScheduleTask----------------正在同步课程播放次数...
2022-02-12 19:35:01.945 [task-899] INFO  com.novedu.nov.statistics.task.MultiThreadScheduleTask----------------课程播放次数同步完成
2022-02-12 19:35:30.007 [task-900] INFO  com.novedu.nov.statistics.task.MultiThreadScheduleTask----------------正在同步课程播放次数...
2022-02-12 19:35:31.944 [task-900] INFO  com.novedu.nov.statistics.task.MultiThreadScheduleTask----------------课程播放次数同步完成
2022-02-12 19:36:00.004 [task-901] INFO  com.novedu.nov.statistics.task.MultiThreadScheduleTask----------------正在同步课程播放次数...
2022-02-12 19:36:01.925 [task-901] INFO  com.novedu.nov.statistics.task.MultiThreadScheduleTask----------------课程播放次数同步完成
2022-02-12 19:36:30.015 [task-902] INFO  com.novedu.nov.statistics.task.MultiThreadScheduleTask----------------正在同步课程播放次数...
2022-02-12 19:36:31.949 [task-902] INFO  com.novedu.nov.statistics.task.MultiThreadScheduleTask----------------课程播放次数同步完成
2022-02-12 19:37:00.013 [task-903] INFO  com.novedu.nov.statistics.task.MultiThreadScheduleTask----------------正在同步课程播放次数...
2022-02-12 19:37:01.947 [task-903] INFO  com.novedu.nov.statistics.task.MultiThreadScheduleTask----------------课程播放次数同步完成
2022-02-12 19:37:30.003 [task-904] INFO  com.novedu.nov.statistics.task.MultiThreadScheduleTask----------------正在同步课程播放次数...
2022-02-12 19:37:32.746 [task-904] INFO  com.novedu.nov.statistics.task.MultiThreadScheduleTask----------------课程播放次数同步完成
2022-02-12 19:38:00.007 [task-905] INFO  com.novedu.nov.statistics.task.MultiThreadScheduleTask----------------正在同步课程播放次数...
2022-02-12 19:38:02.749 [task-905] INFO  com.novedu.nov.statistics.task.MultiThreadScheduleTask----------------课程播放次数同步完成
2022-02-12 19:38:30.015 [task-906] INFO  com.novedu.nov.statistics.task.MultiThreadScheduleTask----------------正在同步课程播放次数...
2022-02-12 19:38:32.747 [task-906] INFO  com.novedu.nov.statistics.task.MultiThreadScheduleTask----------------课程播放次数同步完成
2022-02-12 19:39:00.002 [task-907] INFO  com.novedu.nov.statistics.task.MultiThreadScheduleTask----------------正在同步课程播放次数...
2022-02-12 19:39:02.746 [task-907] INFO  com.novedu.nov.statistics.task.MultiThreadScheduleTask----------------课程播放次数同步完成
2022-02-12 19:39:30.002 [task-908] INFO  com.novedu.nov.statistics.task.MultiThreadScheduleTask----------------正在同步课程播放次数...
2022-02-12 19:39:32.736 [task-908] INFO  com.novedu.nov.statistics.task.MultiThreadScheduleTask----------------课程播放次数同步完成
2022-02-12 19:40:00.009 [task-909] INFO  com.novedu.nov.statistics.task.MultiThreadScheduleTask----------------正在同步课程播放次数...
2022-02-12 19:40:02.752 [task-909] INFO  com.novedu.nov.statistics.task.MultiThreadScheduleTask----------------课程播放次数同步完成
2022-02-12 19:40:30.010 [task-910] INFO  com.novedu.nov.statistics.task.MultiThreadScheduleTask----------------正在同步课程播放次数...
2022-02-12 19:40:32.770 [task-910] INFO  com.novedu.nov.statistics.task.MultiThreadScheduleTask----------------课程播放次数同步完成
2022-02-12 19:41:00.011 [task-911] INFO  com.novedu.nov.statistics.task.MultiThreadScheduleTask----------------正在同步课程播放次数...
2022-02-12 19:41:02.760 [task-911] INFO  com.novedu.nov.statistics.task.MultiThreadScheduleTask----------------课程播放次数同步完成
2022-02-12 19:41:30.014 [task-912] INFO  com.novedu.nov.statistics.task.MultiThreadScheduleTask----------------正在同步课程播放次数...
2022-02-12 19:41:32.780 [task-912] INFO  com.novedu.nov.statistics.task.MultiThreadScheduleTask----------------课程播放次数同步完成
2022-02-12 19:42:00.004 [task-913] INFO  com.novedu.nov.statistics.task.MultiThreadScheduleTask----------------正在同步课程播放次数...
2022-02-12 19:42:02.915 [task-913] INFO  com.novedu.nov.statistics.task.MultiThreadScheduleTask----------------课程播放次数同步完成
2022-02-12 19:42:30.006 [task-914] INFO  com.novedu.nov.statistics.task.MultiThreadScheduleTask----------------正在同步课程播放次数...
2022-02-12 19:42:32.747 [task-914] INFO  com.novedu.nov.statistics.task.MultiThreadScheduleTask----------------课程播放次数同步完成
2022-02-12 19:42:41.617 [http-nio-8081-exec-4] INFO  com.novedu.nov.common.config.NovMetaObjectHandler-start insert fill ....
2022-02-12 19:42:41.735 [http-nio-8081-exec-4] INFO  com.novedu.nov.edu.service.impl.EduCourseApplyServiceImpl-同步课程学习人数成功
2022-02-12 19:43:00.010 [task-915] INFO  com.novedu.nov.statistics.task.MultiThreadScheduleTask----------------正在同步课程播放次数...
2022-02-12 19:43:02.602 [task-915] INFO  com.novedu.nov.statistics.task.MultiThreadScheduleTask----------------课程播放次数同步完成
2022-02-12 19:43:30.002 [task-916] INFO  com.novedu.nov.statistics.task.MultiThreadScheduleTask----------------正在同步课程播放次数...
2022-02-12 19:43:49.191 [task-916] INFO  com.novedu.nov.statistics.task.MultiThreadScheduleTask----------------课程播放次数同步失败
2022-02-12 19:44:00.013 [task-917] INFO  com.novedu.nov.statistics.task.MultiThreadScheduleTask----------------正在同步课程播放次数...
2022-02-12 19:44:02.784 [task-917] INFO  com.novedu.nov.statistics.task.MultiThreadScheduleTask----------------课程播放次数同步完成
2022-02-12 19:44:30.014 [task-918] INFO  com.novedu.nov.statistics.task.MultiThreadScheduleTask----------------正在同步课程播放次数...
2022-02-12 19:44:33.965 [task-918] INFO  com.novedu.nov.statistics.task.MultiThreadScheduleTask----------------课程播放次数同步完成
2022-02-12 19:45:00.001 [task-919] INFO  com.novedu.nov.statistics.task.MultiThreadScheduleTask----------------正在同步课程播放次数...
2022-02-12 19:45:02.276 [task-919] INFO  com.novedu.nov.statistics.task.MultiThreadScheduleTask----------------课程播放次数同步完成
2022-02-12 19:45:30.008 [task-920] INFO  com.novedu.nov.statistics.task.MultiThreadScheduleTask----------------正在同步课程播放次数...
2022-02-12 19:45:32.262 [task-920] INFO  com.novedu.nov.statistics.task.MultiThreadScheduleTask----------------课程播放次数同步完成
2022-02-12 19:46:00.002 [task-921] INFO  com.novedu.nov.statistics.task.MultiThreadScheduleTask----------------正在同步课程播放次数...
2022-02-12 19:46:02.443 [http-nio-8081-exec-2] INFO  com.novedu.nov.common.config.NovMetaObjectHandler-start update fill ....
2022-02-12 19:46:02.901 [task-921] INFO  com.novedu.nov.statistics.task.MultiThreadScheduleTask----------------课程播放次数同步完成
2022-02-12 19:46:13.135 [http-nio-8081-exec-10] INFO  com.novedu.nov.common.config.NovMetaObjectHandler-start update fill ....
2022-02-12 19:46:30.007 [task-922] INFO  com.novedu.nov.statistics.task.MultiThreadScheduleTask----------------正在同步课程播放次数...
2022-02-12 19:46:49.233 [task-922] INFO  com.novedu.nov.statistics.task.MultiThreadScheduleTask----------------课程播放次数同步失败
2022-02-12 19:47:00.003 [task-923] INFO  com.novedu.nov.statistics.task.MultiThreadScheduleTask----------------正在同步课程播放次数...
2022-02-12 19:47:01.945 [task-923] INFO  com.novedu.nov.statistics.task.MultiThreadScheduleTask----------------课程播放次数同步完成
2022-02-12 19:47:30.001 [task-924] INFO  com.novedu.nov.statistics.task.MultiThreadScheduleTask----------------正在同步课程播放次数...
2022-02-12 19:47:31.963 [task-924] INFO  com.novedu.nov.statistics.task.MultiThreadScheduleTask----------------课程播放次数同步完成
2022-02-12 19:48:00.014 [task-925] INFO  com.novedu.nov.statistics.task.MultiThreadScheduleTask----------------正在同步课程播放次数...
2022-02-12 19:48:03.448 [task-925] INFO  com.novedu.nov.statistics.task.MultiThreadScheduleTask----------------课程播放次数同步完成
2022-02-12 19:48:30.005 [task-926] INFO  com.novedu.nov.statistics.task.MultiThreadScheduleTask----------------正在同步课程播放次数...
2022-02-12 19:48:33.432 [task-926] INFO  com.novedu.nov.statistics.task.MultiThreadScheduleTask----------------课程播放次数同步完成
2022-02-12 19:49:00.014 [task-927] INFO  com.novedu.nov.statistics.task.MultiThreadScheduleTask----------------正在同步课程播放次数...
2022-02-12 19:49:03.487 [task-927] INFO  com.novedu.nov.statistics.task.MultiThreadScheduleTask----------------课程播放次数同步完成
2022-02-12 19:49:30.008 [task-928] INFO  com.novedu.nov.statistics.task.MultiThreadScheduleTask----------------正在同步课程播放次数...
2022-02-12 19:49:33.433 [task-928] INFO  com.novedu.nov.statistics.task.MultiThreadScheduleTask----------------课程播放次数同步完成
2022-02-12 19:50:00.005 [task-929] INFO  com.novedu.nov.statistics.task.MultiThreadScheduleTask----------------正在同步课程播放次数...
2022-02-12 19:50:03.457 [task-929] INFO  com.novedu.nov.statistics.task.MultiThreadScheduleTask----------------课程播放次数同步完成
2022-02-12 19:50:30.008 [task-930] INFO  com.novedu.nov.statistics.task.MultiThreadScheduleTask----------------正在同步课程播放次数...
2022-02-12 19:50:33.434 [task-930] INFO  com.novedu.nov.statistics.task.MultiThreadScheduleTask----------------课程播放次数同步完成
2022-02-12 19:51:00.007 [task-931] INFO  com.novedu.nov.statistics.task.MultiThreadScheduleTask----------------正在同步课程播放次数...
2022-02-12 19:51:03.452 [task-931] INFO  com.novedu.nov.statistics.task.MultiThreadScheduleTask----------------课程播放次数同步完成
2022-02-12 19:51:30.009 [task-932] INFO  com.novedu.nov.statistics.task.MultiThreadScheduleTask----------------正在同步课程播放次数...
2022-02-12 19:51:33.446 [task-932] INFO  com.novedu.nov.statistics.task.MultiThreadScheduleTask----------------课程播放次数同步完成
2022-02-12 19:51:42.025 [http-nio-8081-exec-4] INFO  com.novedu.nov.common.config.NovMetaObjectHandler-start update fill ....
2022-02-12 19:51:44.839 [http-nio-8081-exec-8] INFO  com.novedu.nov.common.config.NovMetaObjectHandler-start update fill ....
2022-02-12 19:51:47.648 [http-nio-8081-exec-7] INFO  com.novedu.nov.common.config.NovMetaObjectHandler-start update fill ....
2022-02-12 19:51:51.445 [http-nio-8081-exec-10] INFO  com.novedu.nov.common.config.NovMetaObjectHandler-start update fill ....
2022-02-12 19:52:00.001 [task-933] INFO  com.novedu.nov.statistics.task.MultiThreadScheduleTask----------------正在同步课程播放次数...
2022-02-12 19:52:02.938 [task-933] INFO  com.novedu.nov.statistics.task.MultiThreadScheduleTask----------------课程播放次数同步完成
2022-02-12 19:52:30.013 [task-934] INFO  com.novedu.nov.statistics.task.MultiThreadScheduleTask----------------正在同步课程播放次数...
2022-02-12 19:52:32.977 [task-934] INFO  com.novedu.nov.statistics.task.MultiThreadScheduleTask----------------课程播放次数同步完成
2022-02-12 19:53:00.012 [task-935] INFO  com.novedu.nov.statistics.task.MultiThreadScheduleTask----------------正在同步课程播放次数...
2022-02-12 19:53:03.820 [task-935] INFO  com.novedu.nov.statistics.task.MultiThreadScheduleTask----------------课程播放次数同步完成
2022-02-12 19:53:30.013 [task-936] INFO  com.novedu.nov.statistics.task.MultiThreadScheduleTask----------------正在同步课程播放次数...
2022-02-12 19:53:33.272 [task-936] INFO  com.novedu.nov.statistics.task.MultiThreadScheduleTask----------------课程播放次数同步完成
2022-02-12 19:54:00.007 [task-937] INFO  com.novedu.nov.statistics.task.MultiThreadScheduleTask----------------正在同步课程播放次数...
2022-02-12 19:54:03.253 [task-937] INFO  com.novedu.nov.statistics.task.MultiThreadScheduleTask----------------课程播放次数同步完成
2022-02-12 19:54:30.005 [task-938] INFO  com.novedu.nov.statistics.task.MultiThreadScheduleTask----------------正在同步课程播放次数...
2022-02-12 19:54:33.246 [task-938] INFO  com.novedu.nov.statistics.task.MultiThreadScheduleTask----------------课程播放次数同步完成
2022-02-12 19:54:33.317 [SpringContextShutdownHook] INFO  org.springframework.scheduling.concurrent.ThreadPoolTaskScheduler-Shutting down ExecutorService 'Nacos-Watch-Task-Scheduler'
2022-02-12 19:54:33.321 [SpringContextShutdownHook] INFO  com.alibaba.cloud.nacos.registry.NacosServiceRegistry-De-registering from Nacos Server now...
2022-02-12 19:54:33.323 [SpringContextShutdownHook] INFO  com.alibaba.cloud.nacos.registry.NacosServiceRegistry-De-registration finished.
2022-02-12 19:54:33.655 [SpringContextShutdownHook] INFO  org.springframework.scheduling.concurrent.ThreadPoolTaskExecutor-Shutting down ExecutorService 'applicationTaskExecutor'
2022-02-12 19:54:33.793 [SpringContextShutdownHook] INFO  com.alibaba.druid.pool.DruidDataSource-{dataSource-1} closing ...
2022-02-12 19:54:33.797 [SpringContextShutdownHook] INFO  com.alibaba.druid.pool.DruidDataSource-{dataSource-1} closed
2022-02-12 19:54:38.636 [background-preinit] INFO  org.hibernate.validator.internal.util.Version-HV000001: Hibernate Validator 6.1.7.Final
2022-02-12 19:54:39.211 [main] INFO  org.reflections.Reflections-Reflections took 29 ms to scan 1 urls, producing 3 keys and 6 values 
2022-02-12 19:54:39.239 [main] INFO  org.reflections.Reflections-Reflections took 14 ms to scan 1 urls, producing 4 keys and 9 values 
2022-02-12 19:54:39.255 [main] INFO  org.reflections.Reflections-Reflections took 13 ms to scan 1 urls, producing 3 keys and 10 values 
2022-02-12 19:54:39.421 [main] INFO  org.reflections.Reflections-Reflections took 162 ms to scan 200 urls, producing 0 keys and 0 values 
2022-02-12 19:54:39.431 [main] INFO  org.reflections.Reflections-Reflections took 9 ms to scan 1 urls, producing 1 keys and 5 values 
2022-02-12 19:54:39.446 [main] INFO  org.reflections.Reflections-Reflections took 12 ms to scan 1 urls, producing 1 keys and 7 values 
2022-02-12 19:54:39.458 [main] INFO  org.reflections.Reflections-Reflections took 9 ms to scan 1 urls, producing 2 keys and 8 values 
2022-02-12 19:54:39.593 [main] INFO  org.reflections.Reflections-Reflections took 132 ms to scan 200 urls, producing 0 keys and 0 values 
2022-02-12 19:54:40.525 [main] INFO  org.springframework.cloud.bootstrap.config.PropertySourceBootstrapConfiguration-Located property source: [BootstrapPropertySource {name='bootstrapProperties-service-edu-dev.properties,DEFAULT_GROUP'}, BootstrapPropertySource {name='bootstrapProperties-service-edu.properties,DEFAULT_GROUP'}, BootstrapPropertySource {name='bootstrapProperties-service-edu,DEFAULT_GROUP'}]
2022-02-12 19:54:40.529 [main] INFO  com.novedu.nov.EduServiceApplication-The following profiles are active: dev
2022-02-12 19:54:41.215 [main] INFO  org.springframework.data.repository.config.RepositoryConfigurationDelegate-Multiple Spring Data modules found, entering strict repository configuration mode!
2022-02-12 19:54:41.217 [main] INFO  org.springframework.data.repository.config.RepositoryConfigurationDelegate-Bootstrapping Spring Data Redis repositories in DEFAULT mode.
2022-02-12 19:54:41.253 [main] INFO  org.springframework.data.repository.config.RepositoryConfigurationDelegate-Finished Spring Data repository scanning in 24ms. Found 0 Redis repository interfaces.
2022-02-12 19:54:41.454 [main] INFO  org.springframework.cloud.context.scope.GenericScope-BeanFactory id=be9c73ee-bdf8-3ecf-8a7d-81f48d93c79f
2022-02-12 19:54:41.911 [main] INFO  org.springframework.boot.web.embedded.tomcat.TomcatWebServer-Tomcat initialized with port(s): 8081 (http)
2022-02-12 19:54:41.919 [main] INFO  org.apache.coyote.http11.Http11NioProtocol-Initializing ProtocolHandler ["http-nio-8081"]
2022-02-12 19:54:41.920 [main] INFO  org.apache.catalina.core.StandardService-Starting service [Tomcat]
2022-02-12 19:54:41.920 [main] INFO  org.apache.catalina.core.StandardEngine-Starting Servlet engine: [Apache Tomcat/9.0.46]
2022-02-12 19:54:42.035 [main] INFO  org.apache.catalina.core.ContainerBase.[Tomcat].[localhost].[/]-Initializing Spring embedded WebApplicationContext
2022-02-12 19:54:42.035 [main] INFO  org.springframework.boot.web.servlet.context.ServletWebServerApplicationContext-Root WebApplicationContext: initialization completed in 1486 ms
2022-02-12 19:54:42.135 [main] INFO  com.alibaba.druid.spring.boot.autoconfigure.DruidDataSourceAutoConfigure-Init DruidDataSource
2022-02-12 19:54:42.216 [main] INFO  com.alibaba.druid.pool.DruidDataSource-{dataSource-1} inited
2022-02-12 19:54:43.425 [main] INFO  org.springframework.cloud.openfeign.FeignClientFactoryBean-For 'service-order' URL not provided. Will try picking an instance via load-balancing.
2022-02-12 19:54:44.630 [main] INFO  springfox.documentation.spring.web.PropertySourcedRequestMappingHandlerMapping-Mapped URL path [/v2/api-docs] onto method [springfox.documentation.swagger2.web.Swagger2Controller#getDocumentation(String, HttpServletRequest)]
2022-02-12 19:54:44.642 [main] INFO  com.netflix.config.sources.URLConfigurationSource-To enable URLs as dynamic configuration sources, define System property archaius.configurationSource.additionalUrls or make config.properties available on classpath.
2022-02-12 19:54:44.646 [main] INFO  com.netflix.config.sources.URLConfigurationSource-To enable URLs as dynamic configuration sources, define System property archaius.configurationSource.additionalUrls or make config.properties available on classpath.
2022-02-12 19:54:44.771 [main] INFO  org.springframework.scheduling.concurrent.ThreadPoolTaskExecutor-Initializing ExecutorService 'applicationTaskExecutor'
2022-02-12 19:54:44.948 [main] INFO  org.springframework.scheduling.concurrent.ThreadPoolTaskScheduler-Initializing ExecutorService 'Nacos-Watch-Task-Scheduler'
2022-02-12 19:54:45.528 [main] INFO  org.apache.coyote.http11.Http11NioProtocol-Starting ProtocolHandler ["http-nio-8081"]
2022-02-12 19:54:45.541 [main] INFO  org.springframework.boot.web.embedded.tomcat.TomcatWebServer-Tomcat started on port(s): 8081 (http) with context path ''
2022-02-12 19:54:45.550 [main] INFO  com.alibaba.cloud.nacos.registry.NacosServiceRegistry-nacos registry, DEFAULT_GROUP service-edu 192.168.31.136:8081 register finished
2022-02-12 19:54:45.619 [main] INFO  springfox.documentation.spring.web.plugins.DocumentationPluginsBootstrapper-Context refreshed
2022-02-12 19:54:45.632 [main] INFO  springfox.documentation.spring.web.plugins.DocumentationPluginsBootstrapper-Found 1 custom documentation plugin(s)
2022-02-12 19:54:45.663 [main] INFO  springfox.documentation.spring.web.scanners.ApiListingReferenceScanner-Scanning for api listing references
2022-02-12 19:54:45.824 [main] INFO  springfox.documentation.spring.web.readers.operation.CachingOperationNameGenerator-Generating unique operation named: queryCommentPageUsingPOST_1
2022-02-12 19:54:45.860 [main] INFO  springfox.documentation.spring.web.readers.operation.CachingOperationNameGenerator-Generating unique operation named: queryCourseByTeacherIdUsingPOST_1
2022-02-12 19:54:45.875 [main] INFO  springfox.documentation.spring.web.readers.operation.CachingOperationNameGenerator-Generating unique operation named: saveCourseUsingPOST_1
2022-02-12 19:54:45.906 [main] INFO  springfox.documentation.spring.web.readers.operation.CachingOperationNameGenerator-Generating unique operation named: saveCourseUsingPOST_2
2022-02-12 19:54:45.930 [main] INFO  com.novedu.nov.EduServiceApplication-Started EduServiceApplication in 7.786 seconds (JVM running for 8.466)
2022-02-12 19:55:00.008 [task-939] INFO  com.novedu.nov.statistics.task.MultiThreadScheduleTask----------------正在同步课程播放次数...
2022-02-12 19:55:30.014 [task-940] INFO  com.novedu.nov.statistics.task.MultiThreadScheduleTask----------------正在同步课程播放次数...
2022-02-12 19:55:30.066 [http-nio-8081-exec-1] INFO  org.apache.catalina.core.ContainerBase.[Tomcat].[localhost].[/]-Initializing Spring DispatcherServlet 'dispatcherServlet'
2022-02-12 19:55:30.067 [http-nio-8081-exec-1] INFO  org.springframework.web.servlet.DispatcherServlet-Initializing Servlet 'dispatcherServlet'
2022-02-12 19:55:30.073 [http-nio-8081-exec-1] INFO  org.springframework.web.servlet.DispatcherServlet-Completed initialization in 6 ms
2022-02-12 19:55:33.730 [task-940] INFO  com.novedu.nov.statistics.task.MultiThreadScheduleTask----------------课程播放次数同步完成
2022-02-12 19:56:00.011 [task-941] INFO  com.novedu.nov.statistics.task.MultiThreadScheduleTask----------------正在同步课程播放次数...
2022-02-12 19:56:03.216 [task-941] INFO  com.novedu.nov.statistics.task.MultiThreadScheduleTask----------------课程播放次数同步完成
2022-02-12 19:56:30.012 [task-942] INFO  com.novedu.nov.statistics.task.MultiThreadScheduleTask----------------正在同步课程播放次数...
2022-02-12 19:56:33.211 [task-942] INFO  com.novedu.nov.statistics.task.MultiThreadScheduleTask----------------课程播放次数同步完成
2022-02-12 19:57:00.006 [task-943] INFO  com.novedu.nov.statistics.task.MultiThreadScheduleTask----------------正在同步课程播放次数...
2022-02-12 19:57:03.182 [task-943] INFO  com.novedu.nov.statistics.task.MultiThreadScheduleTask----------------课程播放次数同步完成
2022-02-12 19:57:30.011 [task-944] INFO  com.novedu.nov.statistics.task.MultiThreadScheduleTask----------------正在同步课程播放次数...
2022-02-12 19:57:33.147 [task-944] INFO  com.novedu.nov.statistics.task.MultiThreadScheduleTask----------------课程播放次数同步完成
2022-02-12 19:58:00.011 [task-945] INFO  com.novedu.nov.statistics.task.MultiThreadScheduleTask----------------正在同步课程播放次数...
2022-02-12 19:58:03.150 [task-945] INFO  com.novedu.nov.statistics.task.MultiThreadScheduleTask----------------课程播放次数同步完成
2022-02-12 19:58:30.012 [task-946] INFO  com.novedu.nov.statistics.task.MultiThreadScheduleTask----------------正在同步课程播放次数...
2022-02-12 19:58:33.135 [task-946] INFO  com.novedu.nov.statistics.task.MultiThreadScheduleTask----------------课程播放次数同步完成
2022-02-12 19:59:00.002 [task-947] INFO  com.novedu.nov.statistics.task.MultiThreadScheduleTask----------------正在同步课程播放次数...
2022-02-12 19:59:03.098 [task-947] INFO  com.novedu.nov.statistics.task.MultiThreadScheduleTask----------------课程播放次数同步完成
2022-02-12 19:59:30.013 [task-948] INFO  com.novedu.nov.statistics.task.MultiThreadScheduleTask----------------正在同步课程播放次数...
2022-02-12 19:59:33.204 [task-948] INFO  com.novedu.nov.statistics.task.MultiThreadScheduleTask----------------课程播放次数同步完成
2022-02-12 20:00:00.012 [task-949] INFO  com.novedu.nov.statistics.task.MultiThreadScheduleTask----------------正在同步课程播放次数...
2022-02-12 20:00:03.169 [task-949] INFO  com.novedu.nov.statistics.task.MultiThreadScheduleTask----------------课程播放次数同步完成
2022-02-12 20:00:30.013 [task-950] INFO  com.novedu.nov.statistics.task.MultiThreadScheduleTask----------------正在同步课程播放次数...
2022-02-12 20:00:30.862 [http-nio-8081-exec-2] INFO  com.novedu.nov.common.config.NovMetaObjectHandler-start update fill ....
2022-02-12 20:00:33.139 [task-950] INFO  com.novedu.nov.statistics.task.MultiThreadScheduleTask----------------课程播放次数同步完成
2022-02-12 20:00:33.683 [http-nio-8081-exec-5] INFO  com.novedu.nov.common.config.NovMetaObjectHandler-start update fill ....
2022-02-12 20:01:00.010 [task-951] INFO  com.novedu.nov.statistics.task.MultiThreadScheduleTask----------------正在同步课程播放次数...
2022-02-12 20:01:03.141 [task-951] INFO  com.novedu.nov.statistics.task.MultiThreadScheduleTask----------------课程播放次数同步完成
2022-02-12 20:01:30.003 [task-952] INFO  com.novedu.nov.statistics.task.MultiThreadScheduleTask----------------正在同步课程播放次数...
2022-02-12 20:01:33.111 [task-952] INFO  com.novedu.nov.statistics.task.MultiThreadScheduleTask----------------课程播放次数同步完成
2022-02-12 20:02:00.010 [task-953] INFO  com.novedu.nov.statistics.task.MultiThreadScheduleTask----------------正在同步课程播放次数...
2022-02-12 20:02:03.141 [task-953] INFO  com.novedu.nov.statistics.task.MultiThreadScheduleTask----------------课程播放次数同步完成
2022-02-12 20:02:30.005 [task-954] INFO  com.novedu.nov.statistics.task.MultiThreadScheduleTask----------------正在同步课程播放次数...
2022-02-12 20:02:33.125 [task-954] INFO  com.novedu.nov.statistics.task.MultiThreadScheduleTask----------------课程播放次数同步完成
2022-02-12 20:03:00.001 [task-955] INFO  com.novedu.nov.statistics.task.MultiThreadScheduleTask----------------正在同步课程播放次数...
2022-02-12 20:03:03.244 [task-955] INFO  com.novedu.nov.statistics.task.MultiThreadScheduleTask----------------课程播放次数同步完成
2022-02-12 20:03:30.002 [task-956] INFO  com.novedu.nov.statistics.task.MultiThreadScheduleTask----------------正在同步课程播放次数...
2022-02-12 20:03:33.147 [task-956] INFO  com.novedu.nov.statistics.task.MultiThreadScheduleTask----------------课程播放次数同步完成
2022-02-12 20:04:00.005 [task-957] INFO  com.novedu.nov.statistics.task.MultiThreadScheduleTask----------------正在同步课程播放次数...
2022-02-12 20:04:03.125 [task-957] INFO  com.novedu.nov.statistics.task.MultiThreadScheduleTask----------------课程播放次数同步完成
2022-02-12 20:04:30.002 [task-958] INFO  com.novedu.nov.statistics.task.MultiThreadScheduleTask----------------正在同步课程播放次数...
2022-02-12 20:04:33.118 [task-958] INFO  com.novedu.nov.statistics.task.MultiThreadScheduleTask----------------课程播放次数同步完成
2022-02-12 20:04:34.391 [http-nio-8081-exec-4] INFO  com.novedu.nov.common.config.NovMetaObjectHandler-start update fill ....
2022-02-12 20:04:41.145 [http-nio-8081-exec-9] INFO  com.novedu.nov.common.config.NovMetaObjectHandler-start update fill ....
2022-02-12 20:05:00.008 [task-959] INFO  com.novedu.nov.statistics.task.MultiThreadScheduleTask----------------正在同步课程播放次数...
2022-02-12 20:05:02.564 [task-959] INFO  com.novedu.nov.statistics.task.MultiThreadScheduleTask----------------课程播放次数同步完成
2022-02-12 20:05:04.334 [http-nio-8081-exec-8] INFO  com.novedu.nov.common.config.NovMetaObjectHandler-start update fill ....
2022-02-12 20:05:30.011 [task-960] INFO  com.novedu.nov.statistics.task.MultiThreadScheduleTask----------------正在同步课程播放次数...
2022-02-12 20:05:33.935 [task-960] INFO  com.novedu.nov.statistics.task.MultiThreadScheduleTask----------------课程播放次数同步完成
2022-02-12 20:06:00.007 [task-961] INFO  com.novedu.nov.statistics.task.MultiThreadScheduleTask----------------正在同步课程播放次数...
2022-02-12 20:06:03.905 [task-961] INFO  com.novedu.nov.statistics.task.MultiThreadScheduleTask----------------课程播放次数同步完成
2022-02-12 20:06:30.003 [task-962] INFO  com.novedu.nov.statistics.task.MultiThreadScheduleTask----------------正在同步课程播放次数...
2022-02-12 20:06:33.916 [task-962] INFO  com.novedu.nov.statistics.task.MultiThreadScheduleTask----------------课程播放次数同步完成
2022-02-12 20:07:00.012 [task-963] INFO  com.novedu.nov.statistics.task.MultiThreadScheduleTask----------------正在同步课程播放次数...
2022-02-12 20:07:03.916 [task-963] INFO  com.novedu.nov.statistics.task.MultiThreadScheduleTask----------------课程播放次数同步完成
2022-02-12 20:07:30.012 [task-964] INFO  com.novedu.nov.statistics.task.MultiThreadScheduleTask----------------正在同步课程播放次数...
2022-02-12 20:07:31.765 [task-964] INFO  com.novedu.nov.statistics.task.MultiThreadScheduleTask----------------课程播放次数同步完成
2022-02-12 20:08:00.008 [task-965] INFO  com.novedu.nov.statistics.task.MultiThreadScheduleTask----------------正在同步课程播放次数...
2022-02-12 20:08:03.910 [task-965] INFO  com.novedu.nov.statistics.task.MultiThreadScheduleTask----------------课程播放次数同步完成
2022-02-12 20:08:30.016 [task-966] INFO  com.novedu.nov.statistics.task.MultiThreadScheduleTask----------------正在同步课程播放次数...
2022-02-12 20:08:49.238 [task-966] INFO  com.novedu.nov.statistics.task.MultiThreadScheduleTask----------------课程播放次数同步失败
2022-02-12 20:09:00.002 [task-967] INFO  com.novedu.nov.statistics.task.MultiThreadScheduleTask----------------正在同步课程播放次数...
2022-02-12 20:09:03.412 [task-967] INFO  com.novedu.nov.statistics.task.MultiThreadScheduleTask----------------课程播放次数同步完成
2022-02-12 20:09:12.973 [http-nio-8085-exec-5] INFO  com.novedu.nov.common.config.NovMetaObjectHandler-start insert fill ....
2022-02-12 20:09:30.011 [task-968] INFO  com.novedu.nov.statistics.task.MultiThreadScheduleTask----------------正在同步课程播放次数...
2022-02-12 20:09:33.436 [task-968] INFO  com.novedu.nov.statistics.task.MultiThreadScheduleTask----------------课程播放次数同步完成
2022-02-12 20:10:00.011 [task-969] INFO  com.novedu.nov.statistics.task.MultiThreadScheduleTask----------------正在同步课程播放次数...
2022-02-12 20:10:02.228 [task-969] INFO  com.novedu.nov.statistics.task.MultiThreadScheduleTask----------------课程播放次数同步完成
2022-02-12 20:10:30.012 [task-970] INFO  com.novedu.nov.statistics.task.MultiThreadScheduleTask----------------正在同步课程播放次数...
2022-02-12 20:10:32.224 [task-970] INFO  com.novedu.nov.statistics.task.MultiThreadScheduleTask----------------课程播放次数同步完成
2022-02-12 20:11:00.009 [task-971] INFO  com.novedu.nov.statistics.task.MultiThreadScheduleTask----------------正在同步课程播放次数...
2022-02-12 20:11:02.261 [task-971] INFO  com.novedu.nov.statistics.task.MultiThreadScheduleTask----------------课程播放次数同步完成
2022-02-12 20:11:30.002 [task-972] INFO  com.novedu.nov.statistics.task.MultiThreadScheduleTask----------------正在同步课程播放次数...
2022-02-12 20:11:32.218 [task-972] INFO  com.novedu.nov.statistics.task.MultiThreadScheduleTask----------------课程播放次数同步完成
2022-02-12 20:12:00.005 [task-973] INFO  com.novedu.nov.statistics.task.MultiThreadScheduleTask----------------正在同步课程播放次数...
2022-02-12 20:12:02.226 [task-973] INFO  com.novedu.nov.statistics.task.MultiThreadScheduleTask----------------课程播放次数同步完成
2022-02-12 20:12:30.002 [task-974] INFO  com.novedu.nov.statistics.task.MultiThreadScheduleTask----------------正在同步课程播放次数...
2022-02-12 20:12:32.217 [task-974] INFO  com.novedu.nov.statistics.task.MultiThreadScheduleTask----------------课程播放次数同步完成
2022-02-12 20:13:00.002 [task-975] INFO  com.novedu.nov.statistics.task.MultiThreadScheduleTask----------------正在同步课程播放次数...
2022-02-12 20:13:02.213 [task-975] INFO  com.novedu.nov.statistics.task.MultiThreadScheduleTask----------------课程播放次数同步完成
2022-02-12 20:13:30.003 [task-976] INFO  com.novedu.nov.statistics.task.MultiThreadScheduleTask----------------正在同步课程播放次数...
2022-02-12 20:13:32.249 [task-976] INFO  com.novedu.nov.statistics.task.MultiThreadScheduleTask----------------课程播放次数同步完成
2022-02-12 20:14:00.011 [task-977] INFO  com.novedu.nov.statistics.task.MultiThreadScheduleTask----------------正在同步课程播放次数...
2022-02-12 20:14:02.224 [task-977] INFO  com.novedu.nov.statistics.task.MultiThreadScheduleTask----------------课程播放次数同步完成
2022-02-12 20:14:30.006 [task-978] INFO  com.novedu.nov.statistics.task.MultiThreadScheduleTask----------------正在同步课程播放次数...
2022-02-12 20:14:32.221 [task-978] INFO  com.novedu.nov.statistics.task.MultiThreadScheduleTask----------------课程播放次数同步完成
2022-02-12 20:15:00.016 [task-979] INFO  com.novedu.nov.statistics.task.MultiThreadScheduleTask----------------正在同步课程播放次数...
2022-02-12 20:15:02.239 [task-979] INFO  com.novedu.nov.statistics.task.MultiThreadScheduleTask----------------课程播放次数同步完成
2022-02-12 20:15:30.007 [task-980] INFO  com.novedu.nov.statistics.task.MultiThreadScheduleTask----------------正在同步课程播放次数...
2022-02-12 20:15:32.227 [task-980] INFO  com.novedu.nov.statistics.task.MultiThreadScheduleTask----------------课程播放次数同步完成
2022-02-12 20:16:00.013 [task-981] INFO  com.novedu.nov.statistics.task.MultiThreadScheduleTask----------------正在同步课程播放次数...
2022-02-12 20:16:02.224 [task-981] INFO  com.novedu.nov.statistics.task.MultiThreadScheduleTask----------------课程播放次数同步完成
2022-02-12 20:16:30.010 [task-982] INFO  com.novedu.nov.statistics.task.MultiThreadScheduleTask----------------正在同步课程播放次数...
2022-02-12 20:16:32.226 [task-982] INFO  com.novedu.nov.statistics.task.MultiThreadScheduleTask----------------课程播放次数同步完成
2022-02-12 20:17:00.001 [task-983] INFO  com.novedu.nov.statistics.task.MultiThreadScheduleTask----------------正在同步课程播放次数...
2022-02-12 20:17:02.228 [task-983] INFO  com.novedu.nov.statistics.task.MultiThreadScheduleTask----------------课程播放次数同步完成
2022-02-12 20:17:30.003 [task-984] INFO  com.novedu.nov.statistics.task.MultiThreadScheduleTask----------------正在同步课程播放次数...
2022-02-12 20:17:32.224 [task-984] INFO  com.novedu.nov.statistics.task.MultiThreadScheduleTask----------------课程播放次数同步完成
2022-02-12 20:18:00.012 [task-985] INFO  com.novedu.nov.statistics.task.MultiThreadScheduleTask----------------正在同步课程播放次数...
2022-02-12 20:18:02.228 [task-985] INFO  com.novedu.nov.statistics.task.MultiThreadScheduleTask----------------课程播放次数同步完成
2022-02-12 20:18:30.001 [task-986] INFO  com.novedu.nov.statistics.task.MultiThreadScheduleTask----------------正在同步课程播放次数...
2022-02-12 20:18:32.226 [task-986] INFO  com.novedu.nov.statistics.task.MultiThreadScheduleTask----------------课程播放次数同步完成
2022-02-12 20:19:00.004 [task-987] INFO  com.novedu.nov.statistics.task.MultiThreadScheduleTask----------------正在同步课程播放次数...
2022-02-12 20:19:02.215 [task-987] INFO  com.novedu.nov.statistics.task.MultiThreadScheduleTask----------------课程播放次数同步完成
2022-02-12 20:19:30.004 [task-988] INFO  com.novedu.nov.statistics.task.MultiThreadScheduleTask----------------正在同步课程播放次数...
2022-02-12 20:19:32.227 [task-988] INFO  com.novedu.nov.statistics.task.MultiThreadScheduleTask----------------课程播放次数同步完成
2022-02-12 20:20:00.014 [task-989] INFO  com.novedu.nov.statistics.task.MultiThreadScheduleTask----------------正在同步课程播放次数...
2022-02-12 20:20:02.227 [task-989] INFO  com.novedu.nov.statistics.task.MultiThreadScheduleTask----------------课程播放次数同步完成
2022-02-12 20:20:30.003 [task-990] INFO  com.novedu.nov.statistics.task.MultiThreadScheduleTask----------------正在同步课程播放次数...
2022-02-12 20:20:32.239 [task-990] INFO  com.novedu.nov.statistics.task.MultiThreadScheduleTask----------------课程播放次数同步完成
2022-02-12 20:21:00.014 [task-991] INFO  com.novedu.nov.statistics.task.MultiThreadScheduleTask----------------正在同步课程播放次数...
2022-02-12 20:21:02.234 [task-991] INFO  com.novedu.nov.statistics.task.MultiThreadScheduleTask----------------课程播放次数同步完成
2022-02-12 20:21:30.001 [task-992] INFO  com.novedu.nov.statistics.task.MultiThreadScheduleTask----------------正在同步课程播放次数...
2022-02-12 20:21:32.216 [task-992] INFO  com.novedu.nov.statistics.task.MultiThreadScheduleTask----------------课程播放次数同步完成
2022-02-12 20:22:00.005 [task-993] INFO  com.novedu.nov.statistics.task.MultiThreadScheduleTask----------------正在同步课程播放次数...
2022-02-12 20:22:02.216 [task-993] INFO  com.novedu.nov.statistics.task.MultiThreadScheduleTask----------------课程播放次数同步完成
2022-02-12 20:22:30.007 [task-994] INFO  com.novedu.nov.statistics.task.MultiThreadScheduleTask----------------正在同步课程播放次数...
2022-02-12 20:22:32.228 [task-994] INFO  com.novedu.nov.statistics.task.MultiThreadScheduleTask----------------课程播放次数同步完成
2022-02-12 20:23:00.006 [task-995] INFO  com.novedu.nov.statistics.task.MultiThreadScheduleTask----------------正在同步课程播放次数...
2022-02-12 20:23:02.218 [task-995] INFO  com.novedu.nov.statistics.task.MultiThreadScheduleTask----------------课程播放次数同步完成
2022-02-12 20:23:30.007 [task-996] INFO  com.novedu.nov.statistics.task.MultiThreadScheduleTask----------------正在同步课程播放次数...
2022-02-12 20:23:32.215 [task-996] INFO  com.novedu.nov.statistics.task.MultiThreadScheduleTask----------------课程播放次数同步完成
2022-02-12 20:24:00.014 [task-997] INFO  com.novedu.nov.statistics.task.MultiThreadScheduleTask----------------正在同步课程播放次数...
2022-02-12 20:24:02.245 [task-997] INFO  com.novedu.nov.statistics.task.MultiThreadScheduleTask----------------课程播放次数同步完成
2022-02-12 20:24:30.004 [task-998] INFO  com.novedu.nov.statistics.task.MultiThreadScheduleTask----------------正在同步课程播放次数...
2022-02-12 20:24:32.219 [task-998] INFO  com.novedu.nov.statistics.task.MultiThreadScheduleTask----------------课程播放次数同步完成
2022-02-12 20:25:00.013 [task-999] INFO  com.novedu.nov.statistics.task.MultiThreadScheduleTask----------------正在同步课程播放次数...
2022-02-12 20:25:02.247 [task-999] INFO  com.novedu.nov.statistics.task.MultiThreadScheduleTask----------------课程播放次数同步完成
2022-02-12 20:25:30.009 [task-1000] INFO  com.novedu.nov.statistics.task.MultiThreadScheduleTask----------------正在同步课程播放次数...
2022-02-12 20:25:32.215 [task-1000] INFO  com.novedu.nov.statistics.task.MultiThreadScheduleTask----------------课程播放次数同步完成
2022-02-12 20:26:00.003 [task-1001] INFO  com.novedu.nov.statistics.task.MultiThreadScheduleTask----------------正在同步课程播放次数...
2022-02-12 20:26:02.218 [task-1001] INFO  com.novedu.nov.statistics.task.MultiThreadScheduleTask----------------课程播放次数同步完成
2022-02-12 20:26:30.004 [task-1002] INFO  com.novedu.nov.statistics.task.MultiThreadScheduleTask----------------正在同步课程播放次数...
2022-02-12 20:26:32.219 [task-1002] INFO  com.novedu.nov.statistics.task.MultiThreadScheduleTask----------------课程播放次数同步完成
2022-02-12 20:27:00.011 [task-1003] INFO  com.novedu.nov.statistics.task.MultiThreadScheduleTask----------------正在同步课程播放次数...
2022-02-12 20:27:02.231 [task-1003] INFO  com.novedu.nov.statistics.task.MultiThreadScheduleTask----------------课程播放次数同步完成
2022-02-12 20:27:30.003 [task-1004] INFO  com.novedu.nov.statistics.task.MultiThreadScheduleTask----------------正在同步课程播放次数...
2022-02-12 20:27:32.227 [task-1004] INFO  com.novedu.nov.statistics.task.MultiThreadScheduleTask----------------课程播放次数同步完成
2022-02-12 20:27:38.413 [Thread-44] INFO  com.netflix.loadbalancer.PollingServerListUpdater-Shutting down the Executor Pool for PollingServerListUpdater
2022-02-12 20:27:38.494 [SpringContextShutdownHook] INFO  org.springframework.scheduling.concurrent.ThreadPoolTaskScheduler-Shutting down ExecutorService 'Nacos-Watch-Task-Scheduler'
2022-02-12 20:27:38.499 [SpringContextShutdownHook] INFO  com.alibaba.cloud.nacos.registry.NacosServiceRegistry-De-registering from Nacos Server now...
2022-02-12 20:27:38.500 [SpringContextShutdownHook] INFO  com.alibaba.cloud.nacos.registry.NacosServiceRegistry-De-registration finished.
2022-02-12 20:27:38.844 [SpringContextShutdownHook] INFO  org.springframework.scheduling.concurrent.ThreadPoolTaskExecutor-Shutting down ExecutorService 'applicationTaskExecutor'
2022-02-12 20:27:39.085 [SpringContextShutdownHook] INFO  com.alibaba.druid.pool.DruidDataSource-{dataSource-1} closing ...
2022-02-12 20:27:39.087 [SpringContextShutdownHook] INFO  com.alibaba.druid.pool.DruidDataSource-{dataSource-1} closed
2022-02-12 20:27:45.365 [background-preinit] INFO  org.hibernate.validator.internal.util.Version-HV000001: Hibernate Validator 6.1.7.Final
2022-02-12 20:27:45.937 [main] INFO  org.reflections.Reflections-Reflections took 28 ms to scan 1 urls, producing 3 keys and 6 values 
2022-02-12 20:27:45.964 [main] INFO  org.reflections.Reflections-Reflections took 14 ms to scan 1 urls, producing 4 keys and 9 values 
2022-02-12 20:27:45.980 [main] INFO  org.reflections.Reflections-Reflections took 13 ms to scan 1 urls, producing 3 keys and 10 values 
2022-02-12 20:27:46.138 [main] INFO  org.reflections.Reflections-Reflections took 155 ms to scan 200 urls, producing 0 keys and 0 values 
2022-02-12 20:27:46.148 [main] INFO  org.reflections.Reflections-Reflections took 10 ms to scan 1 urls, producing 1 keys and 5 values 
2022-02-12 20:27:46.161 [main] INFO  org.reflections.Reflections-Reflections took 10 ms to scan 1 urls, producing 1 keys and 7 values 
2022-02-12 20:27:46.176 [main] INFO  org.reflections.Reflections-Reflections took 12 ms to scan 1 urls, producing 2 keys and 8 values 
2022-02-12 20:27:46.311 [main] INFO  org.reflections.Reflections-Reflections took 132 ms to scan 200 urls, producing 0 keys and 0 values 
2022-02-12 20:27:47.264 [main] INFO  org.springframework.cloud.bootstrap.config.PropertySourceBootstrapConfiguration-Located property source: [BootstrapPropertySource {name='bootstrapProperties-service-order-dev.properties,DEFAULT_GROUP'}, BootstrapPropertySource {name='bootstrapProperties-service-order.properties,DEFAULT_GROUP'}, BootstrapPropertySource {name='bootstrapProperties-service-order,DEFAULT_GROUP'}]
2022-02-12 20:27:47.268 [main] INFO  com.novedu.nov.order.OrderServiceApplication-The following profiles are active: dev
2022-02-12 20:27:47.894 [main] INFO  org.springframework.data.repository.config.RepositoryConfigurationDelegate-Multiple Spring Data modules found, entering strict repository configuration mode!
2022-02-12 20:27:47.896 [main] INFO  org.springframework.data.repository.config.RepositoryConfigurationDelegate-Bootstrapping Spring Data Redis repositories in DEFAULT mode.
2022-02-12 20:27:47.919 [main] INFO  org.springframework.data.repository.config.RepositoryConfigurationDelegate-Finished Spring Data repository scanning in 11ms. Found 0 Redis repository interfaces.
2022-02-12 20:27:48.108 [main] INFO  org.springframework.cloud.context.scope.GenericScope-BeanFactory id=7a5eb90e-09e1-36de-bc0e-f3cbd71822cc
2022-02-12 20:27:48.517 [main] INFO  org.springframework.boot.web.embedded.tomcat.TomcatWebServer-Tomcat initialized with port(s): 8086 (http)
2022-02-12 20:27:48.525 [main] INFO  org.apache.coyote.http11.Http11NioProtocol-Initializing ProtocolHandler ["http-nio-8086"]
2022-02-12 20:27:48.525 [main] INFO  org.apache.catalina.core.StandardService-Starting service [Tomcat]
2022-02-12 20:27:48.525 [main] INFO  org.apache.catalina.core.StandardEngine-Starting Servlet engine: [Apache Tomcat/9.0.46]
2022-02-12 20:27:48.634 [main] INFO  org.apache.catalina.core.ContainerBase.[Tomcat].[localhost].[/]-Initializing Spring embedded WebApplicationContext
2022-02-12 20:27:48.634 [main] INFO  org.springframework.boot.web.servlet.context.ServletWebServerApplicationContext-Root WebApplicationContext: initialization completed in 1347 ms
2022-02-12 20:27:48.859 [main] INFO  org.springframework.cloud.openfeign.FeignClientFactoryBean-For 'service-edu' URL not provided. Will try picking an instance via load-balancing.
2022-02-12 20:27:48.934 [main] INFO  com.alibaba.druid.spring.boot.autoconfigure.DruidDataSourceAutoConfigure-Init DruidDataSource
2022-02-12 20:27:51.240 [main] INFO  com.alibaba.druid.pool.DruidDataSource-{dataSource-1} inited
2022-02-12 20:27:51.687 [main] INFO  org.springframework.cloud.openfeign.FeignClientFactoryBean-For 'service-ucenter' URL not provided. Will try picking an instance via load-balancing.
2022-02-12 20:27:52.357 [main] INFO  springfox.documentation.spring.web.PropertySourcedRequestMappingHandlerMapping-Mapped URL path [/v2/api-docs] onto method [springfox.documentation.swagger2.web.Swagger2Controller#getDocumentation(String, HttpServletRequest)]
2022-02-12 20:27:52.367 [main] INFO  com.netflix.config.sources.URLConfigurationSource-To enable URLs as dynamic configuration sources, define System property archaius.configurationSource.additionalUrls or make config.properties available on classpath.
2022-02-12 20:27:52.371 [main] INFO  com.netflix.config.sources.URLConfigurationSource-To enable URLs as dynamic configuration sources, define System property archaius.configurationSource.additionalUrls or make config.properties available on classpath.
2022-02-12 20:27:52.489 [main] INFO  org.springframework.scheduling.concurrent.ThreadPoolTaskExecutor-Initializing ExecutorService 'applicationTaskExecutor'
2022-02-12 20:27:52.650 [main] INFO  org.springframework.scheduling.concurrent.ThreadPoolTaskScheduler-Initializing ExecutorService 'Nacos-Watch-Task-Scheduler'
2022-02-12 20:27:53.177 [main] INFO  org.apache.coyote.http11.Http11NioProtocol-Starting ProtocolHandler ["http-nio-8086"]
2022-02-12 20:27:53.189 [main] INFO  org.springframework.boot.web.embedded.tomcat.TomcatWebServer-Tomcat started on port(s): 8086 (http) with context path ''
2022-02-12 20:27:53.198 [main] INFO  com.alibaba.cloud.nacos.registry.NacosServiceRegistry-nacos registry, DEFAULT_GROUP service-order 192.168.31.136:8086 register finished
2022-02-12 20:27:53.267 [main] INFO  springfox.documentation.spring.web.plugins.DocumentationPluginsBootstrapper-Context refreshed
2022-02-12 20:27:53.279 [main] INFO  springfox.documentation.spring.web.plugins.DocumentationPluginsBootstrapper-Found 1 custom documentation plugin(s)
2022-02-12 20:27:53.307 [main] INFO  springfox.documentation.spring.web.scanners.ApiListingReferenceScanner-Scanning for api listing references
2022-02-12 20:27:53.461 [main] INFO  com.novedu.nov.order.OrderServiceApplication-Started OrderServiceApplication in 8.591 seconds (JVM running for 9.301)
2022-02-12 20:28:00.002 [task-1005] INFO  com.novedu.nov.statistics.task.MultiThreadScheduleTask----------------正在同步课程播放次数...
2022-02-12 20:28:02.220 [task-1005] INFO  com.novedu.nov.statistics.task.MultiThreadScheduleTask----------------课程播放次数同步完成
2022-02-12 20:28:12.870 [http-nio-8086-exec-1] INFO  org.apache.catalina.core.ContainerBase.[Tomcat].[localhost].[/]-Initializing Spring DispatcherServlet 'dispatcherServlet'
2022-02-12 20:28:12.870 [http-nio-8086-exec-1] INFO  org.springframework.web.servlet.DispatcherServlet-Initializing Servlet 'dispatcherServlet'
2022-02-12 20:28:12.877 [http-nio-8086-exec-1] INFO  org.springframework.web.servlet.DispatcherServlet-Completed initialization in 7 ms
2022-02-12 20:28:14.283 [http-nio-8086-exec-3] INFO  com.netflix.config.ChainedDynamicProperty-Flipping property: service-edu.ribbon.ActiveConnectionsLimit to use NEXT property: niws.loadbalancer.availabilityFilteringRule.activeConnectionsLimit = 2147483647
2022-02-12 20:28:14.297 [http-nio-8086-exec-3] INFO  com.netflix.loadbalancer.BaseLoadBalancer-Client: service-edu instantiated a LoadBalancer: DynamicServerListLoadBalancer:{NFLoadBalancer:name=service-edu,current list of Servers=[],Load balancer stats=Zone stats: {},Server stats: []}ServerList:null
2022-02-12 20:28:14.302 [http-nio-8086-exec-3] INFO  com.netflix.loadbalancer.DynamicServerListLoadBalancer-Using serverListUpdater PollingServerListUpdater
2022-02-12 20:28:14.316 [http-nio-8086-exec-3] INFO  com.netflix.config.ChainedDynamicProperty-Flipping property: service-edu.ribbon.ActiveConnectionsLimit to use NEXT property: niws.loadbalancer.availabilityFilteringRule.activeConnectionsLimit = 2147483647
2022-02-12 20:28:14.317 [http-nio-8086-exec-3] INFO  com.netflix.loadbalancer.DynamicServerListLoadBalancer-DynamicServerListLoadBalancer for client service-edu initialized: DynamicServerListLoadBalancer:{NFLoadBalancer:name=service-edu,current list of Servers=[192.168.31.136:8081],Load balancer stats=Zone stats: {unknown=[Zone:unknown;	Instance count:1;	Active connections count: 0;	Circuit breaker tripped count: 0;	Active connections per server: 0.0;]
},Server stats: [[Server:192.168.31.136:8081;	Zone:UNKNOWN;	Total Requests:0;	Successive connection failure:0;	Total blackout seconds:0;	Last connection made:Thu Jan 01 08:00:00 CST 1970;	First connection made: Thu Jan 01 08:00:00 CST 1970;	Active Connections:0;	total failure count in last (1000) msecs:0;	average resp time:0.0;	90 percentile resp time:0.0;	95 percentile resp time:0.0;	min resp time:0.0;	max resp time:0.0;	stddev resp time:0.0]
]}ServerList:com.alibaba.cloud.nacos.ribbon.NacosServerList@a724271
2022-02-12 20:28:15.318 [PollingServerListUpdater-0] INFO  com.netflix.config.ChainedDynamicProperty-Flipping property: service-edu.ribbon.ActiveConnectionsLimit to use NEXT property: niws.loadbalancer.availabilityFilteringRule.activeConnectionsLimit = 2147483647
2022-02-12 20:28:17.537 [http-nio-8086-exec-8] INFO  com.netflix.config.ChainedDynamicProperty-Flipping property: service-ucenter.ribbon.ActiveConnectionsLimit to use NEXT property: niws.loadbalancer.availabilityFilteringRule.activeConnectionsLimit = 2147483647
2022-02-12 20:28:17.539 [http-nio-8086-exec-8] INFO  com.netflix.loadbalancer.BaseLoadBalancer-Client: service-ucenter instantiated a LoadBalancer: DynamicServerListLoadBalancer:{NFLoadBalancer:name=service-ucenter,current list of Servers=[],Load balancer stats=Zone stats: {},Server stats: []}ServerList:null
2022-02-12 20:28:17.541 [http-nio-8086-exec-8] INFO  com.netflix.loadbalancer.DynamicServerListLoadBalancer-Using serverListUpdater PollingServerListUpdater
2022-02-12 20:28:17.546 [http-nio-8086-exec-8] INFO  com.netflix.config.ChainedDynamicProperty-Flipping property: service-ucenter.ribbon.ActiveConnectionsLimit to use NEXT property: niws.loadbalancer.availabilityFilteringRule.activeConnectionsLimit = 2147483647
2022-02-12 20:28:17.547 [http-nio-8086-exec-8] INFO  com.netflix.loadbalancer.DynamicServerListLoadBalancer-DynamicServerListLoadBalancer for client service-ucenter initialized: DynamicServerListLoadBalancer:{NFLoadBalancer:name=service-ucenter,current list of Servers=[192.168.31.136:8085],Load balancer stats=Zone stats: {unknown=[Zone:unknown;	Instance count:1;	Active connections count: 0;	Circuit breaker tripped count: 0;	Active connections per server: 0.0;]
},Server stats: [[Server:192.168.31.136:8085;	Zone:UNKNOWN;	Total Requests:0;	Successive connection failure:0;	Total blackout seconds:0;	Last connection made:Thu Jan 01 08:00:00 CST 1970;	First connection made: Thu Jan 01 08:00:00 CST 1970;	Active Connections:0;	total failure count in last (1000) msecs:0;	average resp time:0.0;	90 percentile resp time:0.0;	95 percentile resp time:0.0;	min resp time:0.0;	max resp time:0.0;	stddev resp time:0.0]
]}ServerList:com.alibaba.cloud.nacos.ribbon.NacosServerList@47dd3f7a
2022-02-12 20:28:18.548 [PollingServerListUpdater-0] INFO  com.netflix.config.ChainedDynamicProperty-Flipping property: service-ucenter.ribbon.ActiveConnectionsLimit to use NEXT property: niws.loadbalancer.availabilityFilteringRule.activeConnectionsLimit = 2147483647
2022-02-12 20:28:19.617 [http-nio-8086-exec-8] INFO  com.novedu.nov.common.config.NovMetaObjectHandler-start insert fill ....
2022-02-12 20:28:21.493 [http-nio-8086-exec-6] INFO  com.novedu.nov.common.config.NovMetaObjectHandler-start update fill ....
2022-02-12 20:28:21.604 [http-nio-8086-exec-6] INFO  com.novedu.nov.order.service.impl.AlipayServiceImpl-同步订单:1492475654795198465成功
2022-02-12 20:28:21.659 [http-nio-8081-exec-4] INFO  com.novedu.nov.common.config.NovMetaObjectHandler-start insert fill ....
2022-02-12 20:28:21.846 [http-nio-8081-exec-4] INFO  com.novedu.nov.edu.service.impl.EduCourseApplyServiceImpl-同步课程学习人数成功
2022-02-12 20:28:21.848 [http-nio-8086-exec-6] INFO  com.novedu.nov.order.service.impl.AlipayServiceImpl-saveApply success
2022-02-12 20:28:21.924 [http-nio-8086-exec-6] INFO  com.novedu.nov.order.service.impl.AlipayServiceImpl-同步课程学习人数成功
2022-02-12 20:28:22.025 [http-nio-8086-exec-6] INFO  com.novedu.nov.order.service.impl.AlipayServiceImpl-同步课程购买数成功
2022-02-12 20:28:30.002 [task-1006] INFO  com.novedu.nov.statistics.task.MultiThreadScheduleTask----------------正在同步课程播放次数...
2022-02-12 20:28:34.113 [task-1006] INFO  com.novedu.nov.statistics.task.MultiThreadScheduleTask----------------课程播放次数同步完成
2022-02-12 20:28:47.555 [http-nio-8086-exec-2] INFO  com.novedu.nov.common.config.NovMetaObjectHandler-start insert fill ....
2022-02-12 20:28:49.407 [http-nio-8086-exec-8] INFO  com.novedu.nov.common.config.NovMetaObjectHandler-start update fill ....
2022-02-12 20:28:49.508 [http-nio-8086-exec-8] INFO  com.novedu.nov.order.service.impl.AlipayServiceImpl-同步订单:1492475771971469313成功
2022-02-12 20:28:49.548 [http-nio-8081-exec-4] INFO  com.novedu.nov.common.config.NovMetaObjectHandler-start insert fill ....
2022-02-12 20:28:49.719 [http-nio-8081-exec-4] INFO  com.novedu.nov.edu.service.impl.EduCourseApplyServiceImpl-同步课程学习人数成功
2022-02-12 20:28:49.720 [http-nio-8086-exec-8] INFO  com.novedu.nov.order.service.impl.AlipayServiceImpl-saveApply success
2022-02-12 20:28:49.795 [http-nio-8086-exec-8] INFO  com.novedu.nov.order.service.impl.AlipayServiceImpl-同步课程学习人数成功
2022-02-12 20:28:49.880 [http-nio-8086-exec-8] INFO  com.novedu.nov.order.service.impl.AlipayServiceImpl-同步课程购买数成功
2022-02-12 20:29:00.003 [task-1007] INFO  com.novedu.nov.statistics.task.MultiThreadScheduleTask----------------正在同步课程播放次数...
2022-02-12 20:29:02.198 [task-1007] INFO  com.novedu.nov.statistics.task.MultiThreadScheduleTask----------------课程播放次数同步完成
2022-02-12 20:29:30.007 [task-1008] INFO  com.novedu.nov.statistics.task.MultiThreadScheduleTask----------------正在同步课程播放次数...
2022-02-12 20:29:32.226 [task-1008] INFO  com.novedu.nov.statistics.task.MultiThreadScheduleTask----------------课程播放次数同步完成
2022-02-12 20:30:00.003 [task-1009] INFO  com.novedu.nov.statistics.task.MultiThreadScheduleTask----------------正在同步课程播放次数...
2022-02-12 20:30:02.221 [task-1009] INFO  com.novedu.nov.statistics.task.MultiThreadScheduleTask----------------课程播放次数同步完成
2022-02-12 20:30:30.015 [task-1010] INFO  com.novedu.nov.statistics.task.MultiThreadScheduleTask----------------正在同步课程播放次数...
2022-02-12 20:30:33.039 [task-1010] INFO  com.novedu.nov.statistics.task.MultiThreadScheduleTask----------------课程播放次数同步完成
2022-02-12 20:31:00.001 [task-1011] INFO  com.novedu.nov.statistics.task.MultiThreadScheduleTask----------------正在同步课程播放次数...
2022-02-12 20:31:02.904 [task-1011] INFO  com.novedu.nov.statistics.task.MultiThreadScheduleTask----------------课程播放次数同步完成
2022-02-12 20:31:30.004 [task-1012] INFO  com.novedu.nov.statistics.task.MultiThreadScheduleTask----------------正在同步课程播放次数...
2022-02-12 20:31:32.910 [task-1012] INFO  com.novedu.nov.statistics.task.MultiThreadScheduleTask----------------课程播放次数同步完成
2022-02-12 20:32:00.010 [task-1013] INFO  com.novedu.nov.statistics.task.MultiThreadScheduleTask----------------正在同步课程播放次数...
2022-02-12 20:32:02.917 [task-1013] INFO  com.novedu.nov.statistics.task.MultiThreadScheduleTask----------------课程播放次数同步完成
2022-02-12 20:32:30.009 [task-1014] INFO  com.novedu.nov.statistics.task.MultiThreadScheduleTask----------------正在同步课程播放次数...
2022-02-12 20:32:32.912 [task-1014] INFO  com.novedu.nov.statistics.task.MultiThreadScheduleTask----------------课程播放次数同步完成
2022-02-12 20:33:00.008 [task-1015] INFO  com.novedu.nov.statistics.task.MultiThreadScheduleTask----------------正在同步课程播放次数...
2022-02-12 20:33:02.924 [task-1015] INFO  com.novedu.nov.statistics.task.MultiThreadScheduleTask----------------课程播放次数同步完成
2022-02-12 20:33:30.005 [task-1016] INFO  com.novedu.nov.statistics.task.MultiThreadScheduleTask----------------正在同步课程播放次数...
2022-02-12 20:33:32.915 [task-1016] INFO  com.novedu.nov.statistics.task.MultiThreadScheduleTask----------------课程播放次数同步完成
2022-02-12 20:34:00.013 [task-1017] INFO  com.novedu.nov.statistics.task.MultiThreadScheduleTask----------------正在同步课程播放次数...
2022-02-12 20:34:02.912 [task-1017] INFO  com.novedu.nov.statistics.task.MultiThreadScheduleTask----------------课程播放次数同步完成
2022-02-12 20:34:30.016 [task-1018] INFO  com.novedu.nov.statistics.task.MultiThreadScheduleTask----------------正在同步课程播放次数...
2022-02-12 20:34:32.930 [task-1018] INFO  com.novedu.nov.statistics.task.MultiThreadScheduleTask----------------课程播放次数同步完成
2022-02-12 20:35:00.005 [task-1019] INFO  com.novedu.nov.statistics.task.MultiThreadScheduleTask----------------正在同步课程播放次数...
2022-02-12 20:35:02.900 [task-1019] INFO  com.novedu.nov.statistics.task.MultiThreadScheduleTask----------------课程播放次数同步完成
2022-02-12 20:35:30.013 [task-1020] INFO  com.novedu.nov.statistics.task.MultiThreadScheduleTask----------------正在同步课程播放次数...
2022-02-12 20:35:32.904 [task-1020] INFO  com.novedu.nov.statistics.task.MultiThreadScheduleTask----------------课程播放次数同步完成
2022-02-12 20:36:00.008 [task-1021] INFO  com.novedu.nov.statistics.task.MultiThreadScheduleTask----------------正在同步课程播放次数...
2022-02-12 20:36:02.904 [task-1021] INFO  com.novedu.nov.statistics.task.MultiThreadScheduleTask----------------课程播放次数同步完成
2022-02-12 20:36:30.002 [task-1022] INFO  com.novedu.nov.statistics.task.MultiThreadScheduleTask----------------正在同步课程播放次数...
2022-02-12 20:36:32.899 [task-1022] INFO  com.novedu.nov.statistics.task.MultiThreadScheduleTask----------------课程播放次数同步完成
2022-02-12 20:37:00.002 [task-1023] INFO  com.novedu.nov.statistics.task.MultiThreadScheduleTask----------------正在同步课程播放次数...
2022-02-12 20:37:02.903 [task-1023] INFO  com.novedu.nov.statistics.task.MultiThreadScheduleTask----------------课程播放次数同步完成
2022-02-12 20:37:30.011 [task-1024] INFO  com.novedu.nov.statistics.task.MultiThreadScheduleTask----------------正在同步课程播放次数...
2022-02-12 20:37:32.930 [task-1024] INFO  com.novedu.nov.statistics.task.MultiThreadScheduleTask----------------课程播放次数同步完成
2022-02-12 20:38:00.006 [task-1025] INFO  com.novedu.nov.statistics.task.MultiThreadScheduleTask----------------正在同步课程播放次数...
2022-02-12 20:38:02.910 [task-1025] INFO  com.novedu.nov.statistics.task.MultiThreadScheduleTask----------------课程播放次数同步完成
2022-02-12 20:38:30.005 [task-1026] INFO  com.novedu.nov.statistics.task.MultiThreadScheduleTask----------------正在同步课程播放次数...
2022-02-12 20:38:32.903 [task-1026] INFO  com.novedu.nov.statistics.task.MultiThreadScheduleTask----------------课程播放次数同步完成
2022-02-12 20:39:00.013 [task-1027] INFO  com.novedu.nov.statistics.task.MultiThreadScheduleTask----------------正在同步课程播放次数...
2022-02-12 20:39:02.913 [task-1027] INFO  com.novedu.nov.statistics.task.MultiThreadScheduleTask----------------课程播放次数同步完成
2022-02-12 20:39:30.005 [task-1028] INFO  com.novedu.nov.statistics.task.MultiThreadScheduleTask----------------正在同步课程播放次数...
2022-02-12 20:39:32.910 [task-1028] INFO  com.novedu.nov.statistics.task.MultiThreadScheduleTask----------------课程播放次数同步完成
2022-02-12 20:40:00.003 [task-1029] INFO  com.novedu.nov.statistics.task.MultiThreadScheduleTask----------------正在同步课程播放次数...
2022-02-12 20:40:02.903 [task-1029] INFO  com.novedu.nov.statistics.task.MultiThreadScheduleTask----------------课程播放次数同步完成
2022-02-12 20:40:30.018 [task-1030] INFO  com.novedu.nov.statistics.task.MultiThreadScheduleTask----------------正在同步课程播放次数...
2022-02-12 20:40:32.916 [task-1030] INFO  com.novedu.nov.statistics.task.MultiThreadScheduleTask----------------课程播放次数同步完成
2022-02-12 20:41:00.022 [task-1031] INFO  com.novedu.nov.statistics.task.MultiThreadScheduleTask----------------正在同步课程播放次数...
2022-02-12 20:41:02.925 [task-1031] INFO  com.novedu.nov.statistics.task.MultiThreadScheduleTask----------------课程播放次数同步完成
2022-02-12 20:41:30.017 [task-1032] INFO  com.novedu.nov.statistics.task.MultiThreadScheduleTask----------------正在同步课程播放次数...
2022-02-12 20:41:32.922 [task-1032] INFO  com.novedu.nov.statistics.task.MultiThreadScheduleTask----------------课程播放次数同步完成
2022-02-12 20:42:00.018 [task-1033] INFO  com.novedu.nov.statistics.task.MultiThreadScheduleTask----------------正在同步课程播放次数...
2022-02-12 20:42:02.921 [task-1033] INFO  com.novedu.nov.statistics.task.MultiThreadScheduleTask----------------课程播放次数同步完成
2022-02-12 20:42:30.022 [task-1034] INFO  com.novedu.nov.statistics.task.MultiThreadScheduleTask----------------正在同步课程播放次数...
2022-02-12 20:42:32.932 [task-1034] INFO  com.novedu.nov.statistics.task.MultiThreadScheduleTask----------------课程播放次数同步完成
2022-02-12 20:43:00.012 [task-1035] INFO  com.novedu.nov.statistics.task.MultiThreadScheduleTask----------------正在同步课程播放次数...
2022-02-12 20:43:02.920 [task-1035] INFO  com.novedu.nov.statistics.task.MultiThreadScheduleTask----------------课程播放次数同步完成
2022-02-12 20:43:30.010 [task-1036] INFO  com.novedu.nov.statistics.task.MultiThreadScheduleTask----------------正在同步课程播放次数...
2022-02-12 20:43:32.913 [task-1036] INFO  com.novedu.nov.statistics.task.MultiThreadScheduleTask----------------课程播放次数同步完成
2022-02-12 20:44:00.008 [task-1037] INFO  com.novedu.nov.statistics.task.MultiThreadScheduleTask----------------正在同步课程播放次数...
2022-02-12 20:44:02.907 [task-1037] INFO  com.novedu.nov.statistics.task.MultiThreadScheduleTask----------------课程播放次数同步完成
2022-02-12 20:44:30.015 [task-1038] INFO  com.novedu.nov.statistics.task.MultiThreadScheduleTask----------------正在同步课程播放次数...
2022-02-12 20:44:32.921 [task-1038] INFO  com.novedu.nov.statistics.task.MultiThreadScheduleTask----------------课程播放次数同步完成
2022-02-12 20:45:00.019 [task-1039] INFO  com.novedu.nov.statistics.task.MultiThreadScheduleTask----------------正在同步课程播放次数...
2022-02-12 20:45:02.923 [task-1039] INFO  com.novedu.nov.statistics.task.MultiThreadScheduleTask----------------课程播放次数同步完成
2022-02-12 20:45:30.011 [task-1040] INFO  com.novedu.nov.statistics.task.MultiThreadScheduleTask----------------正在同步课程播放次数...
2022-02-12 20:45:32.918 [task-1040] INFO  com.novedu.nov.statistics.task.MultiThreadScheduleTask----------------课程播放次数同步完成
2022-02-12 20:46:00.023 [task-1041] INFO  com.novedu.nov.statistics.task.MultiThreadScheduleTask----------------正在同步课程播放次数...
2022-02-12 20:46:02.919 [task-1041] INFO  com.novedu.nov.statistics.task.MultiThreadScheduleTask----------------课程播放次数同步完成
2022-02-12 20:46:30.017 [task-1042] INFO  com.novedu.nov.statistics.task.MultiThreadScheduleTask----------------正在同步课程播放次数...
2022-02-12 20:46:32.922 [task-1042] INFO  com.novedu.nov.statistics.task.MultiThreadScheduleTask----------------课程播放次数同步完成
2022-02-12 20:47:00.016 [task-1043] INFO  com.novedu.nov.statistics.task.MultiThreadScheduleTask----------------正在同步课程播放次数...
2022-02-12 20:47:02.919 [task-1043] INFO  com.novedu.nov.statistics.task.MultiThreadScheduleTask----------------课程播放次数同步完成
2022-02-12 20:47:30.018 [task-1044] INFO  com.novedu.nov.statistics.task.MultiThreadScheduleTask----------------正在同步课程播放次数...
2022-02-12 20:47:32.928 [task-1044] INFO  com.novedu.nov.statistics.task.MultiThreadScheduleTask----------------课程播放次数同步完成
2022-02-12 20:48:00.009 [task-1045] INFO  com.novedu.nov.statistics.task.MultiThreadScheduleTask----------------正在同步课程播放次数...
2022-02-12 20:48:02.903 [task-1045] INFO  com.novedu.nov.statistics.task.MultiThreadScheduleTask----------------课程播放次数同步完成
2022-02-12 20:48:30.021 [task-1046] INFO  com.novedu.nov.statistics.task.MultiThreadScheduleTask----------------正在同步课程播放次数...
2022-02-12 20:48:32.938 [task-1046] INFO  com.novedu.nov.statistics.task.MultiThreadScheduleTask----------------课程播放次数同步完成
2022-02-12 20:49:00.022 [task-1047] INFO  com.novedu.nov.statistics.task.MultiThreadScheduleTask----------------正在同步课程播放次数...
2022-02-12 20:49:02.919 [task-1047] INFO  com.novedu.nov.statistics.task.MultiThreadScheduleTask----------------课程播放次数同步完成
2022-02-12 20:49:30.013 [task-1048] INFO  com.novedu.nov.statistics.task.MultiThreadScheduleTask----------------正在同步课程播放次数...
2022-02-12 20:49:32.920 [task-1048] INFO  com.novedu.nov.statistics.task.MultiThreadScheduleTask----------------课程播放次数同步完成
2022-02-12 20:50:00.008 [task-1049] INFO  com.novedu.nov.statistics.task.MultiThreadScheduleTask----------------正在同步课程播放次数...
2022-02-12 20:50:02.919 [task-1049] INFO  com.novedu.nov.statistics.task.MultiThreadScheduleTask----------------课程播放次数同步完成
2022-02-12 20:50:30.014 [task-1050] INFO  com.novedu.nov.statistics.task.MultiThreadScheduleTask----------------正在同步课程播放次数...
2022-02-12 20:50:32.925 [task-1050] INFO  com.novedu.nov.statistics.task.MultiThreadScheduleTask----------------课程播放次数同步完成
2022-02-12 20:51:00.020 [task-1051] INFO  com.novedu.nov.statistics.task.MultiThreadScheduleTask----------------正在同步课程播放次数...
2022-02-12 20:51:02.937 [task-1051] INFO  com.novedu.nov.statistics.task.MultiThreadScheduleTask----------------课程播放次数同步完成
2022-02-12 20:51:30.008 [task-1052] INFO  com.novedu.nov.statistics.task.MultiThreadScheduleTask----------------正在同步课程播放次数...
2022-02-12 20:51:32.908 [task-1052] INFO  com.novedu.nov.statistics.task.MultiThreadScheduleTask----------------课程播放次数同步完成
2022-02-12 20:52:00.014 [task-1053] INFO  com.novedu.nov.statistics.task.MultiThreadScheduleTask----------------正在同步课程播放次数...
2022-02-12 20:52:02.919 [task-1053] INFO  com.novedu.nov.statistics.task.MultiThreadScheduleTask----------------课程播放次数同步完成
2022-02-12 20:52:30.014 [task-1054] INFO  com.novedu.nov.statistics.task.MultiThreadScheduleTask----------------正在同步课程播放次数...
2022-02-12 20:52:32.926 [task-1054] INFO  com.novedu.nov.statistics.task.MultiThreadScheduleTask----------------课程播放次数同步完成
2022-02-12 20:53:00.021 [task-1055] INFO  com.novedu.nov.statistics.task.MultiThreadScheduleTask----------------正在同步课程播放次数...
2022-02-12 20:53:02.916 [task-1055] INFO  com.novedu.nov.statistics.task.MultiThreadScheduleTask----------------课程播放次数同步完成
2022-02-12 20:53:30.018 [task-1056] INFO  com.novedu.nov.statistics.task.MultiThreadScheduleTask----------------正在同步课程播放次数...
2022-02-12 20:53:32.924 [task-1056] INFO  com.novedu.nov.statistics.task.MultiThreadScheduleTask----------------课程播放次数同步完成
2022-02-12 20:54:00.018 [task-1057] INFO  com.novedu.nov.statistics.task.MultiThreadScheduleTask----------------正在同步课程播放次数...
2022-02-12 20:54:02.921 [task-1057] INFO  com.novedu.nov.statistics.task.MultiThreadScheduleTask----------------课程播放次数同步完成
2022-02-12 20:54:30.011 [task-1058] INFO  com.novedu.nov.statistics.task.MultiThreadScheduleTask----------------正在同步课程播放次数...
2022-02-12 20:54:32.918 [task-1058] INFO  com.novedu.nov.statistics.task.MultiThreadScheduleTask----------------课程播放次数同步完成
2022-02-12 20:55:00.014 [task-1059] INFO  com.novedu.nov.statistics.task.MultiThreadScheduleTask----------------正在同步课程播放次数...
2022-02-12 20:55:02.923 [task-1059] INFO  com.novedu.nov.statistics.task.MultiThreadScheduleTask----------------课程播放次数同步完成
2022-02-12 20:55:30.017 [task-1060] INFO  com.novedu.nov.statistics.task.MultiThreadScheduleTask----------------正在同步课程播放次数...
2022-02-12 20:55:32.916 [task-1060] INFO  com.novedu.nov.statistics.task.MultiThreadScheduleTask----------------课程播放次数同步完成
2022-02-12 20:56:00.008 [task-1061] INFO  com.novedu.nov.statistics.task.MultiThreadScheduleTask----------------正在同步课程播放次数...
2022-02-12 20:56:02.921 [task-1061] INFO  com.novedu.nov.statistics.task.MultiThreadScheduleTask----------------课程播放次数同步完成
2022-02-12 20:56:30.018 [task-1062] INFO  com.novedu.nov.statistics.task.MultiThreadScheduleTask----------------正在同步课程播放次数...
2022-02-12 20:56:32.928 [task-1062] INFO  com.novedu.nov.statistics.task.MultiThreadScheduleTask----------------课程播放次数同步完成
2022-02-12 20:57:00.019 [task-1063] INFO  com.novedu.nov.statistics.task.MultiThreadScheduleTask----------------正在同步课程播放次数...
2022-02-12 20:57:02.929 [task-1063] INFO  com.novedu.nov.statistics.task.MultiThreadScheduleTask----------------课程播放次数同步完成
2022-02-12 20:57:30.014 [task-1064] INFO  com.novedu.nov.statistics.task.MultiThreadScheduleTask----------------正在同步课程播放次数...
2022-02-12 20:57:32.942 [task-1064] INFO  com.novedu.nov.statistics.task.MultiThreadScheduleTask----------------课程播放次数同步完成
2022-02-12 20:58:00.007 [task-1065] INFO  com.novedu.nov.statistics.task.MultiThreadScheduleTask----------------正在同步课程播放次数...
2022-02-12 20:58:02.918 [task-1065] INFO  com.novedu.nov.statistics.task.MultiThreadScheduleTask----------------课程播放次数同步完成
2022-02-12 20:58:30.017 [task-1066] INFO  com.novedu.nov.statistics.task.MultiThreadScheduleTask----------------正在同步课程播放次数...
2022-02-12 20:58:32.916 [task-1066] INFO  com.novedu.nov.statistics.task.MultiThreadScheduleTask----------------课程播放次数同步完成
2022-02-12 20:59:00.014 [task-1067] INFO  com.novedu.nov.statistics.task.MultiThreadScheduleTask----------------正在同步课程播放次数...
2022-02-12 20:59:02.918 [task-1067] INFO  com.novedu.nov.statistics.task.MultiThreadScheduleTask----------------课程播放次数同步完成
2022-02-12 20:59:30.011 [task-1068] INFO  com.novedu.nov.statistics.task.MultiThreadScheduleTask----------------正在同步课程播放次数...
2022-02-12 20:59:32.912 [task-1068] INFO  com.novedu.nov.statistics.task.MultiThreadScheduleTask----------------课程播放次数同步完成
2022-02-12 21:00:00.015 [task-1069] INFO  com.novedu.nov.statistics.task.MultiThreadScheduleTask----------------正在同步课程播放次数...
2022-02-12 21:00:02.917 [task-1069] INFO  com.novedu.nov.statistics.task.MultiThreadScheduleTask----------------课程播放次数同步完成
2022-02-12 21:00:30.009 [task-1070] INFO  com.novedu.nov.statistics.task.MultiThreadScheduleTask----------------正在同步课程播放次数...
2022-02-12 21:00:32.902 [task-1070] INFO  com.novedu.nov.statistics.task.MultiThreadScheduleTask----------------课程播放次数同步完成
2022-02-12 21:01:00.006 [task-1071] INFO  com.novedu.nov.statistics.task.MultiThreadScheduleTask----------------正在同步课程播放次数...
2022-02-12 21:01:02.914 [task-1071] INFO  com.novedu.nov.statistics.task.MultiThreadScheduleTask----------------课程播放次数同步完成
2022-02-12 21:01:30.005 [task-1072] INFO  com.novedu.nov.statistics.task.MultiThreadScheduleTask----------------正在同步课程播放次数...
2022-02-12 21:01:32.900 [task-1072] INFO  com.novedu.nov.statistics.task.MultiThreadScheduleTask----------------课程播放次数同步完成
2022-02-12 21:02:00.010 [task-1073] INFO  com.novedu.nov.statistics.task.MultiThreadScheduleTask----------------正在同步课程播放次数...
2022-02-12 21:02:02.909 [task-1073] INFO  com.novedu.nov.statistics.task.MultiThreadScheduleTask----------------课程播放次数同步完成
2022-02-12 21:02:30.006 [task-1074] INFO  com.novedu.nov.statistics.task.MultiThreadScheduleTask----------------正在同步课程播放次数...
2022-02-12 21:02:32.910 [task-1074] INFO  com.novedu.nov.statistics.task.MultiThreadScheduleTask----------------课程播放次数同步完成
2022-02-12 21:03:00.012 [task-1075] INFO  com.novedu.nov.statistics.task.MultiThreadScheduleTask----------------正在同步课程播放次数...
2022-02-12 21:03:02.921 [task-1075] INFO  com.novedu.nov.statistics.task.MultiThreadScheduleTask----------------课程播放次数同步完成
2022-02-12 21:03:30.020 [task-1076] INFO  com.novedu.nov.statistics.task.MultiThreadScheduleTask----------------正在同步课程播放次数...
2022-02-12 21:03:32.939 [task-1076] INFO  com.novedu.nov.statistics.task.MultiThreadScheduleTask----------------课程播放次数同步完成
2022-02-12 21:04:00.010 [task-1077] INFO  com.novedu.nov.statistics.task.MultiThreadScheduleTask----------------正在同步课程播放次数...
2022-02-12 21:04:02.921 [task-1077] INFO  com.novedu.nov.statistics.task.MultiThreadScheduleTask----------------课程播放次数同步完成
2022-02-12 21:04:30.010 [task-1078] INFO  com.novedu.nov.statistics.task.MultiThreadScheduleTask----------------正在同步课程播放次数...
2022-02-12 21:04:32.909 [task-1078] INFO  com.novedu.nov.statistics.task.MultiThreadScheduleTask----------------课程播放次数同步完成
2022-02-12 21:05:00.014 [task-1079] INFO  com.novedu.nov.statistics.task.MultiThreadScheduleTask----------------正在同步课程播放次数...
2022-02-12 21:05:02.918 [task-1079] INFO  com.novedu.nov.statistics.task.MultiThreadScheduleTask----------------课程播放次数同步完成
2022-02-12 21:05:30.018 [task-1080] INFO  com.novedu.nov.statistics.task.MultiThreadScheduleTask----------------正在同步课程播放次数...
2022-02-12 21:05:32.921 [task-1080] INFO  com.novedu.nov.statistics.task.MultiThreadScheduleTask----------------课程播放次数同步完成
2022-02-12 21:06:00.021 [task-1081] INFO  com.novedu.nov.statistics.task.MultiThreadScheduleTask----------------正在同步课程播放次数...
2022-02-12 21:06:02.918 [task-1081] INFO  com.novedu.nov.statistics.task.MultiThreadScheduleTask----------------课程播放次数同步完成
2022-02-12 21:06:24.075 [http-nio-8081-exec-2] INFO  com.novedu.nov.common.config.NovMetaObjectHandler-start insert fill ....
2022-02-12 21:06:30.013 [task-1082] INFO  com.novedu.nov.statistics.task.MultiThreadScheduleTask----------------正在同步课程播放次数...
2022-02-12 21:06:32.912 [task-1082] INFO  com.novedu.nov.statistics.task.MultiThreadScheduleTask----------------课程播放次数同步完成
2022-02-12 21:07:00.010 [task-1083] INFO  com.novedu.nov.statistics.task.MultiThreadScheduleTask----------------正在同步课程播放次数...
2022-02-12 21:07:19.231 [task-1083] INFO  com.novedu.nov.statistics.task.MultiThreadScheduleTask----------------课程播放次数同步失败
2022-02-12 21:07:30.015 [task-1084] INFO  com.novedu.nov.statistics.task.MultiThreadScheduleTask----------------正在同步课程播放次数...
2022-02-12 21:07:33.096 [task-1084] INFO  com.novedu.nov.statistics.task.MultiThreadScheduleTask----------------课程播放次数同步完成
2022-02-12 21:08:00.016 [task-1085] INFO  com.novedu.nov.statistics.task.MultiThreadScheduleTask----------------正在同步课程播放次数...
2022-02-12 21:08:02.565 [task-1085] INFO  com.novedu.nov.statistics.task.MultiThreadScheduleTask----------------课程播放次数同步完成
2022-02-12 21:08:30.017 [task-1086] INFO  com.novedu.nov.statistics.task.MultiThreadScheduleTask----------------正在同步课程播放次数...
2022-02-12 21:08:32.566 [task-1086] INFO  com.novedu.nov.statistics.task.MultiThreadScheduleTask----------------课程播放次数同步完成
2022-02-12 21:09:00.015 [task-1087] INFO  com.novedu.nov.statistics.task.MultiThreadScheduleTask----------------正在同步课程播放次数...
2022-02-12 21:09:02.569 [task-1087] INFO  com.novedu.nov.statistics.task.MultiThreadScheduleTask----------------课程播放次数同步完成
2022-02-12 21:09:30.008 [task-1088] INFO  com.novedu.nov.statistics.task.MultiThreadScheduleTask----------------正在同步课程播放次数...
2022-02-12 21:09:32.591 [task-1088] INFO  com.novedu.nov.statistics.task.MultiThreadScheduleTask----------------课程播放次数同步完成
2022-02-12 21:10:00.009 [task-1089] INFO  com.novedu.nov.statistics.task.MultiThreadScheduleTask----------------正在同步课程播放次数...
2022-02-12 21:10:02.589 [task-1089] INFO  com.novedu.nov.statistics.task.MultiThreadScheduleTask----------------课程播放次数同步完成
2022-02-12 21:10:30.007 [task-1090] INFO  com.novedu.nov.statistics.task.MultiThreadScheduleTask----------------正在同步课程播放次数...
2022-02-12 21:10:33.101 [task-1090] INFO  com.novedu.nov.statistics.task.MultiThreadScheduleTask----------------课程播放次数同步完成
2022-02-12 21:11:00.016 [task-1091] INFO  com.novedu.nov.statistics.task.MultiThreadScheduleTask----------------正在同步课程播放次数...
2022-02-12 21:11:02.656 [task-1091] INFO  com.novedu.nov.statistics.task.MultiThreadScheduleTask----------------课程播放次数同步完成
2022-02-12 21:11:30.018 [task-1092] INFO  com.novedu.nov.statistics.task.MultiThreadScheduleTask----------------正在同步课程播放次数...
2022-02-12 21:11:32.582 [task-1092] INFO  com.novedu.nov.statistics.task.MultiThreadScheduleTask----------------课程播放次数同步完成
2022-02-12 21:12:00.019 [task-1093] INFO  com.novedu.nov.statistics.task.MultiThreadScheduleTask----------------正在同步课程播放次数...
2022-02-12 21:12:02.592 [task-1093] INFO  com.novedu.nov.statistics.task.MultiThreadScheduleTask----------------课程播放次数同步完成
2022-02-12 21:12:30.013 [task-1094] INFO  com.novedu.nov.statistics.task.MultiThreadScheduleTask----------------正在同步课程播放次数...
2022-02-12 21:12:32.587 [task-1094] INFO  com.novedu.nov.statistics.task.MultiThreadScheduleTask----------------课程播放次数同步完成
2022-02-12 21:13:00.008 [task-1095] INFO  com.novedu.nov.statistics.task.MultiThreadScheduleTask----------------正在同步课程播放次数...
2022-02-12 21:13:02.628 [task-1095] INFO  com.novedu.nov.statistics.task.MultiThreadScheduleTask----------------课程播放次数同步完成
2022-02-12 21:13:30.009 [task-1096] INFO  com.novedu.nov.statistics.task.MultiThreadScheduleTask----------------正在同步课程播放次数...
2022-02-12 21:13:32.619 [task-1096] INFO  com.novedu.nov.statistics.task.MultiThreadScheduleTask----------------课程播放次数同步完成
2022-02-12 21:14:00.007 [task-1097] INFO  com.novedu.nov.statistics.task.MultiThreadScheduleTask----------------正在同步课程播放次数...
2022-02-12 21:14:02.568 [task-1097] INFO  com.novedu.nov.statistics.task.MultiThreadScheduleTask----------------课程播放次数同步完成
2022-02-12 21:14:10.164 [SpringContextShutdownHook] INFO  org.springframework.scheduling.concurrent.ThreadPoolTaskScheduler-Shutting down ExecutorService 'Nacos-Watch-Task-Scheduler'
2022-02-12 21:14:10.167 [SpringContextShutdownHook] INFO  com.alibaba.cloud.nacos.registry.NacosServiceRegistry-De-registering from Nacos Server now...
2022-02-12 21:14:10.168 [SpringContextShutdownHook] INFO  com.alibaba.cloud.nacos.registry.NacosServiceRegistry-De-registration finished.
2022-02-12 21:14:10.515 [SpringContextShutdownHook] INFO  org.springframework.scheduling.concurrent.ThreadPoolTaskExecutor-Shutting down ExecutorService 'applicationTaskExecutor'
2022-02-12 21:14:10.745 [SpringContextShutdownHook] INFO  com.alibaba.druid.pool.DruidDataSource-{dataSource-1} closing ...
2022-02-12 21:14:10.749 [SpringContextShutdownHook] INFO  com.alibaba.druid.pool.DruidDataSource-{dataSource-1} closed
2022-02-12 21:14:16.452 [background-preinit] INFO  org.hibernate.validator.internal.util.Version-HV000001: Hibernate Validator 6.1.7.Final
2022-02-12 21:14:17.024 [main] INFO  org.reflections.Reflections-Reflections took 28 ms to scan 1 urls, producing 3 keys and 6 values 
2022-02-12 21:14:17.054 [main] INFO  org.reflections.Reflections-Reflections took 14 ms to scan 1 urls, producing 4 keys and 9 values 
2022-02-12 21:14:17.070 [main] INFO  org.reflections.Reflections-Reflections took 14 ms to scan 1 urls, producing 3 keys and 10 values 
2022-02-12 21:14:17.238 [main] INFO  org.reflections.Reflections-Reflections took 165 ms to scan 200 urls, producing 0 keys and 0 values 
2022-02-12 21:14:17.249 [main] INFO  org.reflections.Reflections-Reflections took 9 ms to scan 1 urls, producing 1 keys and 5 values 
2022-02-12 21:14:17.261 [main] INFO  org.reflections.Reflections-Reflections took 10 ms to scan 1 urls, producing 1 keys and 7 values 
2022-02-12 21:14:17.276 [main] INFO  org.reflections.Reflections-Reflections took 12 ms to scan 1 urls, producing 2 keys and 8 values 
2022-02-12 21:14:17.414 [main] INFO  org.reflections.Reflections-Reflections took 136 ms to scan 200 urls, producing 0 keys and 0 values 
2022-02-12 21:14:18.360 [main] INFO  org.springframework.cloud.bootstrap.config.PropertySourceBootstrapConfiguration-Located property source: [BootstrapPropertySource {name='bootstrapProperties-service-edu-dev.properties,DEFAULT_GROUP'}, BootstrapPropertySource {name='bootstrapProperties-service-edu.properties,DEFAULT_GROUP'}, BootstrapPropertySource {name='bootstrapProperties-service-edu,DEFAULT_GROUP'}]
2022-02-12 21:14:18.364 [main] INFO  com.novedu.nov.EduServiceApplication-The following profiles are active: dev
2022-02-12 21:14:19.071 [main] INFO  org.springframework.data.repository.config.RepositoryConfigurationDelegate-Multiple Spring Data modules found, entering strict repository configuration mode!
2022-02-12 21:14:19.073 [main] INFO  org.springframework.data.repository.config.RepositoryConfigurationDelegate-Bootstrapping Spring Data Redis repositories in DEFAULT mode.
2022-02-12 21:14:19.111 [main] INFO  org.springframework.data.repository.config.RepositoryConfigurationDelegate-Finished Spring Data repository scanning in 24ms. Found 0 Redis repository interfaces.
2022-02-12 21:14:19.321 [main] INFO  org.springframework.cloud.context.scope.GenericScope-BeanFactory id=be9c73ee-bdf8-3ecf-8a7d-81f48d93c79f
2022-02-12 21:14:19.808 [main] INFO  org.springframework.boot.web.embedded.tomcat.TomcatWebServer-Tomcat initialized with port(s): 8081 (http)
2022-02-12 21:14:19.816 [main] INFO  org.apache.coyote.http11.Http11NioProtocol-Initializing ProtocolHandler ["http-nio-8081"]
2022-02-12 21:14:19.817 [main] INFO  org.apache.catalina.core.StandardService-Starting service [Tomcat]
2022-02-12 21:14:19.817 [main] INFO  org.apache.catalina.core.StandardEngine-Starting Servlet engine: [Apache Tomcat/9.0.46]
2022-02-12 21:14:19.944 [main] INFO  org.apache.catalina.core.ContainerBase.[Tomcat].[localhost].[/]-Initializing Spring embedded WebApplicationContext
2022-02-12 21:14:19.944 [main] INFO  org.springframework.boot.web.servlet.context.ServletWebServerApplicationContext-Root WebApplicationContext: initialization completed in 1556 ms
2022-02-12 21:14:20.052 [main] INFO  com.alibaba.druid.spring.boot.autoconfigure.DruidDataSourceAutoConfigure-Init DruidDataSource
2022-02-12 21:14:20.138 [main] INFO  com.alibaba.druid.pool.DruidDataSource-{dataSource-1} inited
2022-02-12 21:14:21.320 [main] INFO  org.springframework.cloud.openfeign.FeignClientFactoryBean-For 'service-order' URL not provided. Will try picking an instance via load-balancing.
2022-02-12 21:14:22.363 [main] INFO  springfox.documentation.spring.web.PropertySourcedRequestMappingHandlerMapping-Mapped URL path [/v2/api-docs] onto method [springfox.documentation.swagger2.web.Swagger2Controller#getDocumentation(String, HttpServletRequest)]
2022-02-12 21:14:22.374 [main] INFO  com.netflix.config.sources.URLConfigurationSource-To enable URLs as dynamic configuration sources, define System property archaius.configurationSource.additionalUrls or make config.properties available on classpath.
2022-02-12 21:14:22.378 [main] INFO  com.netflix.config.sources.URLConfigurationSource-To enable URLs as dynamic configuration sources, define System property archaius.configurationSource.additionalUrls or make config.properties available on classpath.
2022-02-12 21:14:22.501 [main] INFO  org.springframework.scheduling.concurrent.ThreadPoolTaskExecutor-Initializing ExecutorService 'applicationTaskExecutor'
2022-02-12 21:14:22.676 [main] INFO  org.springframework.scheduling.concurrent.ThreadPoolTaskScheduler-Initializing ExecutorService 'Nacos-Watch-Task-Scheduler'
2022-02-12 21:14:23.236 [main] INFO  org.apache.coyote.http11.Http11NioProtocol-Starting ProtocolHandler ["http-nio-8081"]
2022-02-12 21:14:23.249 [main] INFO  org.springframework.boot.web.embedded.tomcat.TomcatWebServer-Tomcat started on port(s): 8081 (http) with context path ''
2022-02-12 21:14:23.257 [main] INFO  com.alibaba.cloud.nacos.registry.NacosServiceRegistry-nacos registry, DEFAULT_GROUP service-edu 192.168.31.136:8081 register finished
2022-02-12 21:14:23.326 [main] INFO  springfox.documentation.spring.web.plugins.DocumentationPluginsBootstrapper-Context refreshed
2022-02-12 21:14:23.338 [main] INFO  springfox.documentation.spring.web.plugins.DocumentationPluginsBootstrapper-Found 1 custom documentation plugin(s)
2022-02-12 21:14:23.367 [main] INFO  springfox.documentation.spring.web.scanners.ApiListingReferenceScanner-Scanning for api listing references
2022-02-12 21:14:23.522 [main] INFO  springfox.documentation.spring.web.readers.operation.CachingOperationNameGenerator-Generating unique operation named: queryCommentPageUsingPOST_1
2022-02-12 21:14:23.558 [main] INFO  springfox.documentation.spring.web.readers.operation.CachingOperationNameGenerator-Generating unique operation named: queryCourseByTeacherIdUsingPOST_1
2022-02-12 21:14:23.574 [main] INFO  springfox.documentation.spring.web.readers.operation.CachingOperationNameGenerator-Generating unique operation named: saveCourseUsingPOST_1
2022-02-12 21:14:23.604 [main] INFO  springfox.documentation.spring.web.readers.operation.CachingOperationNameGenerator-Generating unique operation named: saveCourseUsingPOST_2
2022-02-12 21:14:23.628 [main] INFO  com.novedu.nov.EduServiceApplication-Started EduServiceApplication in 7.655 seconds (JVM running for 8.334)
2022-02-12 21:14:25.690 [SpringContextShutdownHook] INFO  org.springframework.scheduling.concurrent.ThreadPoolTaskScheduler-Shutting down ExecutorService 'Nacos-Watch-Task-Scheduler'
2022-02-12 21:14:25.694 [SpringContextShutdownHook] INFO  com.alibaba.cloud.nacos.registry.NacosServiceRegistry-De-registering from Nacos Server now...
2022-02-12 21:14:25.697 [SpringContextShutdownHook] INFO  com.alibaba.cloud.nacos.registry.NacosServiceRegistry-De-registration finished.
2022-02-12 21:14:26.386 [SpringContextShutdownHook] INFO  org.springframework.scheduling.concurrent.ThreadPoolTaskExecutor-Shutting down ExecutorService 'applicationTaskExecutor'
2022-02-12 21:14:26.412 [SpringContextShutdownHook] INFO  com.alibaba.druid.pool.DruidDataSource-{dataSource-1} closing ...
2022-02-12 21:14:26.415 [SpringContextShutdownHook] INFO  com.alibaba.druid.pool.DruidDataSource-{dataSource-1} closed
2022-02-12 21:14:30.012 [task-1098] INFO  com.novedu.nov.statistics.task.MultiThreadScheduleTask----------------正在同步课程播放次数...
2022-02-12 21:14:30.764 [background-preinit] INFO  org.hibernate.validator.internal.util.Version-HV000001: Hibernate Validator 6.1.7.Final
2022-02-12 21:14:31.323 [main] INFO  org.reflections.Reflections-Reflections took 28 ms to scan 1 urls, producing 3 keys and 6 values 
2022-02-12 21:14:31.350 [main] INFO  org.reflections.Reflections-Reflections took 13 ms to scan 1 urls, producing 4 keys and 9 values 
2022-02-12 21:14:31.365 [main] INFO  org.reflections.Reflections-Reflections took 13 ms to scan 1 urls, producing 3 keys and 10 values 
2022-02-12 21:14:31.529 [main] INFO  org.reflections.Reflections-Reflections took 160 ms to scan 200 urls, producing 0 keys and 0 values 
2022-02-12 21:14:31.539 [main] INFO  org.reflections.Reflections-Reflections took 10 ms to scan 1 urls, producing 1 keys and 5 values 
2022-02-12 21:14:31.551 [main] INFO  org.reflections.Reflections-Reflections took 10 ms to scan 1 urls, producing 1 keys and 7 values 
2022-02-12 21:14:31.566 [main] INFO  org.reflections.Reflections-Reflections took 12 ms to scan 1 urls, producing 2 keys and 8 values 
2022-02-12 21:14:31.700 [main] INFO  org.reflections.Reflections-Reflections took 131 ms to scan 200 urls, producing 0 keys and 0 values 
2022-02-12 21:14:32.624 [main] INFO  org.springframework.cloud.bootstrap.config.PropertySourceBootstrapConfiguration-Located property source: [BootstrapPropertySource {name='bootstrapProperties-service-edu-dev.properties,DEFAULT_GROUP'}, BootstrapPropertySource {name='bootstrapProperties-service-edu.properties,DEFAULT_GROUP'}, BootstrapPropertySource {name='bootstrapProperties-service-edu,DEFAULT_GROUP'}]
2022-02-12 21:14:32.627 [main] INFO  com.novedu.nov.EduServiceApplication-The following profiles are active: dev
2022-02-12 21:14:33.286 [main] INFO  org.springframework.data.repository.config.RepositoryConfigurationDelegate-Multiple Spring Data modules found, entering strict repository configuration mode!
2022-02-12 21:14:33.288 [main] INFO  org.springframework.data.repository.config.RepositoryConfigurationDelegate-Bootstrapping Spring Data Redis repositories in DEFAULT mode.
2022-02-12 21:14:33.324 [main] INFO  org.springframework.data.repository.config.RepositoryConfigurationDelegate-Finished Spring Data repository scanning in 23ms. Found 0 Redis repository interfaces.
2022-02-12 21:14:33.512 [main] INFO  org.springframework.cloud.context.scope.GenericScope-BeanFactory id=be9c73ee-bdf8-3ecf-8a7d-81f48d93c79f
2022-02-12 21:14:33.941 [main] INFO  org.springframework.boot.web.embedded.tomcat.TomcatWebServer-Tomcat initialized with port(s): 8081 (http)
2022-02-12 21:14:33.948 [main] INFO  org.apache.coyote.http11.Http11NioProtocol-Initializing ProtocolHandler ["http-nio-8081"]
2022-02-12 21:14:33.949 [main] INFO  org.apache.catalina.core.StandardService-Starting service [Tomcat]
2022-02-12 21:14:33.949 [main] INFO  org.apache.catalina.core.StandardEngine-Starting Servlet engine: [Apache Tomcat/9.0.46]
2022-02-12 21:14:34.054 [main] INFO  org.apache.catalina.core.ContainerBase.[Tomcat].[localhost].[/]-Initializing Spring embedded WebApplicationContext
2022-02-12 21:14:34.054 [main] INFO  org.springframework.boot.web.servlet.context.ServletWebServerApplicationContext-Root WebApplicationContext: initialization completed in 1407 ms
2022-02-12 21:14:34.149 [main] INFO  com.alibaba.druid.spring.boot.autoconfigure.DruidDataSourceAutoConfigure-Init DruidDataSource
2022-02-12 21:14:34.229 [main] INFO  com.alibaba.druid.pool.DruidDataSource-{dataSource-1} inited
2022-02-12 21:14:35.381 [main] INFO  org.springframework.cloud.openfeign.FeignClientFactoryBean-For 'service-order' URL not provided. Will try picking an instance via load-balancing.
2022-02-12 21:14:36.643 [main] INFO  springfox.documentation.spring.web.PropertySourcedRequestMappingHandlerMapping-Mapped URL path [/v2/api-docs] onto method [springfox.documentation.swagger2.web.Swagger2Controller#getDocumentation(String, HttpServletRequest)]
2022-02-12 21:14:36.656 [main] INFO  com.netflix.config.sources.URLConfigurationSource-To enable URLs as dynamic configuration sources, define System property archaius.configurationSource.additionalUrls or make config.properties available on classpath.
2022-02-12 21:14:36.660 [main] INFO  com.netflix.config.sources.URLConfigurationSource-To enable URLs as dynamic configuration sources, define System property archaius.configurationSource.additionalUrls or make config.properties available on classpath.
2022-02-12 21:14:36.780 [main] INFO  org.springframework.scheduling.concurrent.ThreadPoolTaskExecutor-Initializing ExecutorService 'applicationTaskExecutor'
2022-02-12 21:14:36.951 [main] INFO  org.springframework.scheduling.concurrent.ThreadPoolTaskScheduler-Initializing ExecutorService 'Nacos-Watch-Task-Scheduler'
2022-02-12 21:14:37.511 [main] INFO  org.apache.coyote.http11.Http11NioProtocol-Starting ProtocolHandler ["http-nio-8081"]
2022-02-12 21:14:37.523 [main] INFO  org.springframework.boot.web.embedded.tomcat.TomcatWebServer-Tomcat started on port(s): 8081 (http) with context path ''
2022-02-12 21:14:37.531 [main] INFO  com.alibaba.cloud.nacos.registry.NacosServiceRegistry-nacos registry, DEFAULT_GROUP service-edu 192.168.31.136:8081 register finished
2022-02-12 21:14:37.600 [main] INFO  springfox.documentation.spring.web.plugins.DocumentationPluginsBootstrapper-Context refreshed
2022-02-12 21:14:37.611 [main] INFO  springfox.documentation.spring.web.plugins.DocumentationPluginsBootstrapper-Found 1 custom documentation plugin(s)
2022-02-12 21:14:37.639 [main] INFO  springfox.documentation.spring.web.scanners.ApiListingReferenceScanner-Scanning for api listing references
2022-02-12 21:14:37.789 [main] INFO  springfox.documentation.spring.web.readers.operation.CachingOperationNameGenerator-Generating unique operation named: queryCommentPageUsingPOST_1
2022-02-12 21:14:37.825 [main] INFO  springfox.documentation.spring.web.readers.operation.CachingOperationNameGenerator-Generating unique operation named: queryCourseByTeacherIdUsingPOST_1
2022-02-12 21:14:37.841 [main] INFO  springfox.documentation.spring.web.readers.operation.CachingOperationNameGenerator-Generating unique operation named: saveCourseUsingPOST_1
2022-02-12 21:14:37.870 [main] INFO  springfox.documentation.spring.web.readers.operation.CachingOperationNameGenerator-Generating unique operation named: saveCourseUsingPOST_2
2022-02-12 21:14:37.894 [main] INFO  com.novedu.nov.EduServiceApplication-Started EduServiceApplication in 7.6 seconds (JVM running for 8.291)
2022-02-12 21:15:00.008 [task-1099] INFO  com.novedu.nov.statistics.task.MultiThreadScheduleTask----------------正在同步课程播放次数...
2022-02-12 21:15:00.056 [http-nio-8081-exec-1] INFO  org.apache.catalina.core.ContainerBase.[Tomcat].[localhost].[/]-Initializing Spring DispatcherServlet 'dispatcherServlet'
2022-02-12 21:15:00.056 [http-nio-8081-exec-1] INFO  org.springframework.web.servlet.DispatcherServlet-Initializing Servlet 'dispatcherServlet'
2022-02-12 21:15:00.062 [http-nio-8081-exec-1] INFO  org.springframework.web.servlet.DispatcherServlet-Completed initialization in 6 ms
2022-02-12 21:15:04.244 [task-1099] INFO  com.novedu.nov.statistics.task.MultiThreadScheduleTask----------------课程播放次数同步完成
2022-02-12 21:15:22.043 [http-nio-8081-exec-2] INFO  com.novedu.nov.common.config.NovMetaObjectHandler-start insert fill ....
2022-02-12 21:15:30.016 [task-1100] INFO  com.novedu.nov.statistics.task.MultiThreadScheduleTask----------------正在同步课程播放次数...
2022-02-12 21:15:33.728 [task-1100] INFO  com.novedu.nov.statistics.task.MultiThreadScheduleTask----------------课程播放次数同步完成
2022-02-12 21:15:59.203 [SpringContextShutdownHook] INFO  org.springframework.scheduling.concurrent.ThreadPoolTaskScheduler-Shutting down ExecutorService 'Nacos-Watch-Task-Scheduler'
2022-02-12 21:15:59.208 [SpringContextShutdownHook] INFO  com.alibaba.cloud.nacos.registry.NacosServiceRegistry-De-registering from Nacos Server now...
2022-02-12 21:15:59.210 [SpringContextShutdownHook] INFO  com.alibaba.cloud.nacos.registry.NacosServiceRegistry-De-registration finished.
2022-02-12 21:15:59.548 [SpringContextShutdownHook] INFO  org.springframework.scheduling.concurrent.ThreadPoolTaskExecutor-Shutting down ExecutorService 'applicationTaskExecutor'
2022-02-12 21:15:59.679 [SpringContextShutdownHook] INFO  com.alibaba.druid.pool.DruidDataSource-{dataSource-1} closing ...
2022-02-12 21:15:59.682 [SpringContextShutdownHook] INFO  com.alibaba.druid.pool.DruidDataSource-{dataSource-1} closed
2022-02-12 21:16:00.016 [task-1101] INFO  com.novedu.nov.statistics.task.MultiThreadScheduleTask----------------正在同步课程播放次数...
2022-02-12 21:16:04.306 [background-preinit] INFO  org.hibernate.validator.internal.util.Version-HV000001: Hibernate Validator 6.1.7.Final
2022-02-12 21:16:04.875 [main] INFO  org.reflections.Reflections-Reflections took 28 ms to scan 1 urls, producing 3 keys and 6 values 
2022-02-12 21:16:04.903 [main] INFO  org.reflections.Reflections-Reflections took 14 ms to scan 1 urls, producing 4 keys and 9 values 
2022-02-12 21:16:04.920 [main] INFO  org.reflections.Reflections-Reflections took 13 ms to scan 1 urls, producing 3 keys and 10 values 
2022-02-12 21:16:05.087 [main] INFO  org.reflections.Reflections-Reflections took 164 ms to scan 200 urls, producing 0 keys and 0 values 
2022-02-12 21:16:05.098 [main] INFO  org.reflections.Reflections-Reflections took 10 ms to scan 1 urls, producing 1 keys and 5 values 
2022-02-12 21:16:05.113 [main] INFO  org.reflections.Reflections-Reflections took 13 ms to scan 1 urls, producing 1 keys and 7 values 
2022-02-12 21:16:05.126 [main] INFO  org.reflections.Reflections-Reflections took 10 ms to scan 1 urls, producing 2 keys and 8 values 
2022-02-12 21:16:05.265 [main] INFO  org.reflections.Reflections-Reflections took 137 ms to scan 200 urls, producing 0 keys and 0 values 
2022-02-12 21:16:06.224 [main] INFO  org.springframework.cloud.bootstrap.config.PropertySourceBootstrapConfiguration-Located property source: [BootstrapPropertySource {name='bootstrapProperties-service-edu-dev.properties,DEFAULT_GROUP'}, BootstrapPropertySource {name='bootstrapProperties-service-edu.properties,DEFAULT_GROUP'}, BootstrapPropertySource {name='bootstrapProperties-service-edu,DEFAULT_GROUP'}]
2022-02-12 21:16:06.229 [main] INFO  com.novedu.nov.EduServiceApplication-The following profiles are active: dev
2022-02-12 21:16:06.927 [main] INFO  org.springframework.data.repository.config.RepositoryConfigurationDelegate-Multiple Spring Data modules found, entering strict repository configuration mode!
2022-02-12 21:16:06.929 [main] INFO  org.springframework.data.repository.config.RepositoryConfigurationDelegate-Bootstrapping Spring Data Redis repositories in DEFAULT mode.
2022-02-12 21:16:06.966 [main] INFO  org.springframework.data.repository.config.RepositoryConfigurationDelegate-Finished Spring Data repository scanning in 23ms. Found 0 Redis repository interfaces.
2022-02-12 21:16:07.166 [main] INFO  org.springframework.cloud.context.scope.GenericScope-BeanFactory id=be9c73ee-bdf8-3ecf-8a7d-81f48d93c79f
2022-02-12 21:16:07.612 [main] INFO  org.springframework.boot.web.embedded.tomcat.TomcatWebServer-Tomcat initialized with port(s): 8081 (http)
2022-02-12 21:16:07.622 [main] INFO  org.apache.coyote.http11.Http11NioProtocol-Initializing ProtocolHandler ["http-nio-8081"]
2022-02-12 21:16:07.622 [main] INFO  org.apache.catalina.core.StandardService-Starting service [Tomcat]
2022-02-12 21:16:07.622 [main] INFO  org.apache.catalina.core.StandardEngine-Starting Servlet engine: [Apache Tomcat/9.0.46]
2022-02-12 21:16:07.735 [main] INFO  org.apache.catalina.core.ContainerBase.[Tomcat].[localhost].[/]-Initializing Spring embedded WebApplicationContext
2022-02-12 21:16:07.736 [main] INFO  org.springframework.boot.web.servlet.context.ServletWebServerApplicationContext-Root WebApplicationContext: initialization completed in 1487 ms
2022-02-12 21:16:07.837 [main] INFO  com.alibaba.druid.spring.boot.autoconfigure.DruidDataSourceAutoConfigure-Init DruidDataSource
2022-02-12 21:16:07.917 [main] INFO  com.alibaba.druid.pool.DruidDataSource-{dataSource-1} inited
2022-02-12 21:16:09.113 [main] INFO  org.springframework.cloud.openfeign.FeignClientFactoryBean-For 'service-order' URL not provided. Will try picking an instance via load-balancing.
2022-02-12 21:16:10.186 [main] INFO  springfox.documentation.spring.web.PropertySourcedRequestMappingHandlerMapping-Mapped URL path [/v2/api-docs] onto method [springfox.documentation.swagger2.web.Swagger2Controller#getDocumentation(String, HttpServletRequest)]
2022-02-12 21:16:10.199 [main] INFO  com.netflix.config.sources.URLConfigurationSource-To enable URLs as dynamic configuration sources, define System property archaius.configurationSource.additionalUrls or make config.properties available on classpath.
2022-02-12 21:16:10.203 [main] INFO  com.netflix.config.sources.URLConfigurationSource-To enable URLs as dynamic configuration sources, define System property archaius.configurationSource.additionalUrls or make config.properties available on classpath.
2022-02-12 21:16:10.331 [main] INFO  org.springframework.scheduling.concurrent.ThreadPoolTaskExecutor-Initializing ExecutorService 'applicationTaskExecutor'
2022-02-12 21:16:10.510 [main] INFO  org.springframework.scheduling.concurrent.ThreadPoolTaskScheduler-Initializing ExecutorService 'Nacos-Watch-Task-Scheduler'
2022-02-12 21:16:11.085 [main] INFO  org.apache.coyote.http11.Http11NioProtocol-Starting ProtocolHandler ["http-nio-8081"]
2022-02-12 21:16:11.098 [main] INFO  org.springframework.boot.web.embedded.tomcat.TomcatWebServer-Tomcat started on port(s): 8081 (http) with context path ''
2022-02-12 21:16:11.108 [main] INFO  com.alibaba.cloud.nacos.registry.NacosServiceRegistry-nacos registry, DEFAULT_GROUP service-edu 192.168.31.136:8081 register finished
2022-02-12 21:16:11.177 [main] INFO  springfox.documentation.spring.web.plugins.DocumentationPluginsBootstrapper-Context refreshed
2022-02-12 21:16:11.188 [main] INFO  springfox.documentation.spring.web.plugins.DocumentationPluginsBootstrapper-Found 1 custom documentation plugin(s)
2022-02-12 21:16:11.219 [main] INFO  springfox.documentation.spring.web.scanners.ApiListingReferenceScanner-Scanning for api listing references
2022-02-12 21:16:11.378 [main] INFO  springfox.documentation.spring.web.readers.operation.CachingOperationNameGenerator-Generating unique operation named: queryCommentPageUsingPOST_1
2022-02-12 21:16:11.415 [main] INFO  springfox.documentation.spring.web.readers.operation.CachingOperationNameGenerator-Generating unique operation named: queryCourseByTeacherIdUsingPOST_1
2022-02-12 21:16:11.430 [main] INFO  springfox.documentation.spring.web.readers.operation.CachingOperationNameGenerator-Generating unique operation named: saveCourseUsingPOST_1
2022-02-12 21:16:11.462 [main] INFO  springfox.documentation.spring.web.readers.operation.CachingOperationNameGenerator-Generating unique operation named: saveCourseUsingPOST_2
2022-02-12 21:16:11.485 [main] INFO  com.novedu.nov.EduServiceApplication-Started EduServiceApplication in 7.665 seconds (JVM running for 8.344)
2022-02-12 21:16:30.014 [task-1102] INFO  com.novedu.nov.statistics.task.MultiThreadScheduleTask----------------正在同步课程播放次数...
2022-02-12 21:16:42.724 [http-nio-8085-exec-2] INFO  com.novedu.nov.common.config.NovMetaObjectHandler-start insert fill ....
2022-02-12 21:16:45.256 [http-nio-8081-exec-1] INFO  org.apache.catalina.core.ContainerBase.[Tomcat].[localhost].[/]-Initializing Spring DispatcherServlet 'dispatcherServlet'
2022-02-12 21:16:45.256 [http-nio-8081-exec-1] INFO  org.springframework.web.servlet.DispatcherServlet-Initializing Servlet 'dispatcherServlet'
2022-02-12 21:16:45.263 [http-nio-8081-exec-1] INFO  org.springframework.web.servlet.DispatcherServlet-Completed initialization in 7 ms
2022-02-12 21:16:54.175 [http-nio-8081-exec-5] INFO  com.novedu.nov.common.config.NovMetaObjectHandler-start insert fill ....
2022-02-12 21:17:00.004 [task-1103] INFO  com.novedu.nov.statistics.task.MultiThreadScheduleTask----------------正在同步课程播放次数...
2022-02-12 21:17:02.247 [task-1103] INFO  com.novedu.nov.statistics.task.MultiThreadScheduleTask----------------课程播放次数同步完成
2022-02-12 21:17:30.006 [task-1104] INFO  com.novedu.nov.statistics.task.MultiThreadScheduleTask----------------正在同步课程播放次数...
2022-02-12 21:17:32.268 [task-1104] INFO  com.novedu.nov.statistics.task.MultiThreadScheduleTask----------------课程播放次数同步完成
2022-02-12 21:18:00.006 [task-1105] INFO  com.novedu.nov.statistics.task.MultiThreadScheduleTask----------------正在同步课程播放次数...
2022-02-12 21:18:02.285 [task-1105] INFO  com.novedu.nov.statistics.task.MultiThreadScheduleTask----------------课程播放次数同步完成
2022-02-12 21:18:30.017 [task-1106] INFO  com.novedu.nov.statistics.task.MultiThreadScheduleTask----------------正在同步课程播放次数...
2022-02-12 21:18:32.306 [task-1106] INFO  com.novedu.nov.statistics.task.MultiThreadScheduleTask----------------课程播放次数同步完成
2022-02-12 21:19:00.011 [task-1107] INFO  com.novedu.nov.statistics.task.MultiThreadScheduleTask----------------正在同步课程播放次数...
2022-02-12 21:19:02.275 [task-1107] INFO  com.novedu.nov.statistics.task.MultiThreadScheduleTask----------------课程播放次数同步完成
2022-02-12 21:19:30.015 [task-1108] INFO  com.novedu.nov.statistics.task.MultiThreadScheduleTask----------------正在同步课程播放次数...
2022-02-12 21:19:32.239 [task-1108] INFO  com.novedu.nov.statistics.task.MultiThreadScheduleTask----------------课程播放次数同步完成
2022-02-12 21:20:00.014 [task-1109] INFO  com.novedu.nov.statistics.task.MultiThreadScheduleTask----------------正在同步课程播放次数...
2022-02-12 21:20:02.262 [task-1109] INFO  com.novedu.nov.statistics.task.MultiThreadScheduleTask----------------课程播放次数同步完成
2022-02-12 21:20:30.006 [task-1110] INFO  com.novedu.nov.statistics.task.MultiThreadScheduleTask----------------正在同步课程播放次数...
2022-02-12 21:20:32.324 [task-1110] INFO  com.novedu.nov.statistics.task.MultiThreadScheduleTask----------------课程播放次数同步完成
2022-02-12 21:21:00.005 [task-1111] INFO  com.novedu.nov.statistics.task.MultiThreadScheduleTask----------------正在同步课程播放次数...
2022-02-12 21:21:02.238 [task-1111] INFO  com.novedu.nov.statistics.task.MultiThreadScheduleTask----------------课程播放次数同步完成
2022-02-12 21:21:30.013 [task-1112] INFO  com.novedu.nov.statistics.task.MultiThreadScheduleTask----------------正在同步课程播放次数...
2022-02-12 21:21:32.236 [task-1112] INFO  com.novedu.nov.statistics.task.MultiThreadScheduleTask----------------课程播放次数同步完成
2022-02-12 21:22:00.020 [task-1113] INFO  com.novedu.nov.statistics.task.MultiThreadScheduleTask----------------正在同步课程播放次数...
2022-02-12 21:22:02.253 [task-1113] INFO  com.novedu.nov.statistics.task.MultiThreadScheduleTask----------------课程播放次数同步完成
2022-02-12 21:22:30.004 [task-1114] INFO  com.novedu.nov.statistics.task.MultiThreadScheduleTask----------------正在同步课程播放次数...
2022-02-12 21:22:32.257 [task-1114] INFO  com.novedu.nov.statistics.task.MultiThreadScheduleTask----------------课程播放次数同步完成
2022-02-12 21:23:00.018 [task-1115] INFO  com.novedu.nov.statistics.task.MultiThreadScheduleTask----------------正在同步课程播放次数...
2022-02-12 21:23:02.235 [task-1115] INFO  com.novedu.nov.statistics.task.MultiThreadScheduleTask----------------课程播放次数同步完成
2022-02-12 21:23:30.013 [task-1116] INFO  com.novedu.nov.statistics.task.MultiThreadScheduleTask----------------正在同步课程播放次数...
2022-02-12 21:23:32.241 [task-1116] INFO  com.novedu.nov.statistics.task.MultiThreadScheduleTask----------------课程播放次数同步完成
2022-02-12 21:24:00.013 [task-1117] INFO  com.novedu.nov.statistics.task.MultiThreadScheduleTask----------------正在同步课程播放次数...
2022-02-12 21:24:02.258 [task-1117] INFO  com.novedu.nov.statistics.task.MultiThreadScheduleTask----------------课程播放次数同步完成
2022-02-12 21:24:30.006 [task-1118] INFO  com.novedu.nov.statistics.task.MultiThreadScheduleTask----------------正在同步课程播放次数...
2022-02-12 21:24:32.237 [task-1118] INFO  com.novedu.nov.statistics.task.MultiThreadScheduleTask----------------课程播放次数同步完成
2022-02-12 21:25:00.014 [task-1119] INFO  com.novedu.nov.statistics.task.MultiThreadScheduleTask----------------正在同步课程播放次数...
2022-02-12 21:25:02.236 [task-1119] INFO  com.novedu.nov.statistics.task.MultiThreadScheduleTask----------------课程播放次数同步完成
2022-02-12 21:25:30.017 [task-1120] INFO  com.novedu.nov.statistics.task.MultiThreadScheduleTask----------------正在同步课程播放次数...
2022-02-12 21:25:32.270 [task-1120] INFO  com.novedu.nov.statistics.task.MultiThreadScheduleTask----------------课程播放次数同步完成
2022-02-12 21:26:00.012 [task-1121] INFO  com.novedu.nov.statistics.task.MultiThreadScheduleTask----------------正在同步课程播放次数...
2022-02-12 21:26:02.242 [task-1121] INFO  com.novedu.nov.statistics.task.MultiThreadScheduleTask----------------课程播放次数同步完成
2022-02-12 21:26:14.055 [SpringContextShutdownHook] INFO  org.springframework.scheduling.concurrent.ThreadPoolTaskScheduler-Shutting down ExecutorService 'Nacos-Watch-Task-Scheduler'
2022-02-12 21:26:14.059 [SpringContextShutdownHook] INFO  com.alibaba.cloud.nacos.registry.NacosServiceRegistry-De-registering from Nacos Server now...
2022-02-12 21:26:14.061 [SpringContextShutdownHook] INFO  com.alibaba.cloud.nacos.registry.NacosServiceRegistry-De-registration finished.
2022-02-12 21:26:14.396 [SpringContextShutdownHook] INFO  org.springframework.scheduling.concurrent.ThreadPoolTaskExecutor-Shutting down ExecutorService 'applicationTaskExecutor'
2022-02-12 21:26:14.536 [SpringContextShutdownHook] INFO  com.alibaba.druid.pool.DruidDataSource-{dataSource-1} closing ...
2022-02-12 21:26:14.540 [SpringContextShutdownHook] INFO  com.alibaba.druid.pool.DruidDataSource-{dataSource-1} closed
2022-02-12 21:26:18.959 [background-preinit] INFO  org.hibernate.validator.internal.util.Version-HV000001: Hibernate Validator 6.1.7.Final
2022-02-12 21:26:19.538 [main] INFO  org.reflections.Reflections-Reflections took 29 ms to scan 1 urls, producing 3 keys and 6 values 
2022-02-12 21:26:19.567 [main] INFO  org.reflections.Reflections-Reflections took 15 ms to scan 1 urls, producing 4 keys and 9 values 
2022-02-12 21:26:19.583 [main] INFO  org.reflections.Reflections-Reflections took 13 ms to scan 1 urls, producing 3 keys and 10 values 
2022-02-12 21:26:19.766 [main] INFO  org.reflections.Reflections-Reflections took 180 ms to scan 200 urls, producing 0 keys and 0 values 
2022-02-12 21:26:19.779 [main] INFO  org.reflections.Reflections-Reflections took 12 ms to scan 1 urls, producing 1 keys and 5 values 
2022-02-12 21:26:19.798 [main] INFO  org.reflections.Reflections-Reflections took 17 ms to scan 1 urls, producing 1 keys and 7 values 
2022-02-12 21:26:19.810 [main] INFO  org.reflections.Reflections-Reflections took 9 ms to scan 1 urls, producing 2 keys and 8 values 
2022-02-12 21:26:19.945 [main] INFO  org.reflections.Reflections-Reflections took 132 ms to scan 200 urls, producing 0 keys and 0 values 
2022-02-12 21:26:20.818 [main] INFO  org.springframework.cloud.bootstrap.config.PropertySourceBootstrapConfiguration-Located property source: [BootstrapPropertySource {name='bootstrapProperties-service-edu-dev.properties,DEFAULT_GROUP'}, BootstrapPropertySource {name='bootstrapProperties-service-edu.properties,DEFAULT_GROUP'}, BootstrapPropertySource {name='bootstrapProperties-service-edu,DEFAULT_GROUP'}]
2022-02-12 21:26:20.822 [main] INFO  com.novedu.nov.EduServiceApplication-The following profiles are active: dev
2022-02-12 21:26:21.537 [main] INFO  org.springframework.data.repository.config.RepositoryConfigurationDelegate-Multiple Spring Data modules found, entering strict repository configuration mode!
2022-02-12 21:26:21.539 [main] INFO  org.springframework.data.repository.config.RepositoryConfigurationDelegate-Bootstrapping Spring Data Redis repositories in DEFAULT mode.
2022-02-12 21:26:21.571 [main] INFO  org.springframework.data.repository.config.RepositoryConfigurationDelegate-Finished Spring Data repository scanning in 21ms. Found 0 Redis repository interfaces.
2022-02-12 21:26:21.750 [main] INFO  org.springframework.cloud.context.scope.GenericScope-BeanFactory id=be9c73ee-bdf8-3ecf-8a7d-81f48d93c79f
2022-02-12 21:26:22.176 [main] INFO  org.springframework.boot.web.embedded.tomcat.TomcatWebServer-Tomcat initialized with port(s): 8081 (http)
2022-02-12 21:26:22.184 [main] INFO  org.apache.coyote.http11.Http11NioProtocol-Initializing ProtocolHandler ["http-nio-8081"]
2022-02-12 21:26:22.185 [main] INFO  org.apache.catalina.core.StandardService-Starting service [Tomcat]
2022-02-12 21:26:22.185 [main] INFO  org.apache.catalina.core.StandardEngine-Starting Servlet engine: [Apache Tomcat/9.0.46]
2022-02-12 21:26:22.307 [main] INFO  org.apache.catalina.core.ContainerBase.[Tomcat].[localhost].[/]-Initializing Spring embedded WebApplicationContext
2022-02-12 21:26:22.307 [main] INFO  org.springframework.boot.web.servlet.context.ServletWebServerApplicationContext-Root WebApplicationContext: initialization completed in 1466 ms
2022-02-12 21:26:22.413 [main] INFO  com.alibaba.druid.spring.boot.autoconfigure.DruidDataSourceAutoConfigure-Init DruidDataSource
2022-02-12 21:26:22.496 [main] INFO  com.alibaba.druid.pool.DruidDataSource-{dataSource-1} inited
2022-02-12 21:26:23.601 [main] INFO  org.springframework.cloud.openfeign.FeignClientFactoryBean-For 'service-order' URL not provided. Will try picking an instance via load-balancing.
2022-02-12 21:26:24.793 [main] INFO  springfox.documentation.spring.web.PropertySourcedRequestMappingHandlerMapping-Mapped URL path [/v2/api-docs] onto method [springfox.documentation.swagger2.web.Swagger2Controller#getDocumentation(String, HttpServletRequest)]
2022-02-12 21:26:24.804 [main] INFO  com.netflix.config.sources.URLConfigurationSource-To enable URLs as dynamic configuration sources, define System property archaius.configurationSource.additionalUrls or make config.properties available on classpath.
2022-02-12 21:26:24.808 [main] INFO  com.netflix.config.sources.URLConfigurationSource-To enable URLs as dynamic configuration sources, define System property archaius.configurationSource.additionalUrls or make config.properties available on classpath.
2022-02-12 21:26:24.926 [main] INFO  org.springframework.scheduling.concurrent.ThreadPoolTaskExecutor-Initializing ExecutorService 'applicationTaskExecutor'
2022-02-12 21:26:25.098 [main] INFO  org.springframework.scheduling.concurrent.ThreadPoolTaskScheduler-Initializing ExecutorService 'Nacos-Watch-Task-Scheduler'
2022-02-12 21:26:25.650 [main] INFO  org.apache.coyote.http11.Http11NioProtocol-Starting ProtocolHandler ["http-nio-8081"]
2022-02-12 21:26:25.662 [main] INFO  org.springframework.boot.web.embedded.tomcat.TomcatWebServer-Tomcat started on port(s): 8081 (http) with context path ''
2022-02-12 21:26:25.671 [main] INFO  com.alibaba.cloud.nacos.registry.NacosServiceRegistry-nacos registry, DEFAULT_GROUP service-edu 192.168.31.136:8081 register finished
2022-02-12 21:26:25.738 [main] INFO  springfox.documentation.spring.web.plugins.DocumentationPluginsBootstrapper-Context refreshed
2022-02-12 21:26:25.750 [main] INFO  springfox.documentation.spring.web.plugins.DocumentationPluginsBootstrapper-Found 1 custom documentation plugin(s)
2022-02-12 21:26:25.777 [main] INFO  springfox.documentation.spring.web.scanners.ApiListingReferenceScanner-Scanning for api listing references
2022-02-12 21:26:25.923 [main] INFO  springfox.documentation.spring.web.readers.operation.CachingOperationNameGenerator-Generating unique operation named: queryCommentPageUsingPOST_1
2022-02-12 21:26:25.955 [main] INFO  springfox.documentation.spring.web.readers.operation.CachingOperationNameGenerator-Generating unique operation named: queryCourseByTeacherIdUsingPOST_1
2022-02-12 21:26:25.971 [main] INFO  springfox.documentation.spring.web.readers.operation.CachingOperationNameGenerator-Generating unique operation named: saveCourseUsingPOST_1
2022-02-12 21:26:26.000 [main] INFO  springfox.documentation.spring.web.readers.operation.CachingOperationNameGenerator-Generating unique operation named: saveCourseUsingPOST_2
2022-02-12 21:26:26.024 [main] INFO  com.novedu.nov.EduServiceApplication-Started EduServiceApplication in 7.538 seconds (JVM running for 8.204)
2022-02-12 21:26:30.005 [task-1122] INFO  com.novedu.nov.statistics.task.MultiThreadScheduleTask----------------正在同步课程播放次数...
2022-02-12 21:26:30.053 [http-nio-8081-exec-1] INFO  org.apache.catalina.core.ContainerBase.[Tomcat].[localhost].[/]-Initializing Spring DispatcherServlet 'dispatcherServlet'
2022-02-12 21:26:30.053 [http-nio-8081-exec-1] INFO  org.springframework.web.servlet.DispatcherServlet-Initializing Servlet 'dispatcherServlet'
2022-02-12 21:26:30.060 [http-nio-8081-exec-1] INFO  org.springframework.web.servlet.DispatcherServlet-Completed initialization in 7 ms
2022-02-12 21:26:33.141 [task-1122] INFO  com.novedu.nov.statistics.task.MultiThreadScheduleTask----------------课程播放次数同步完成
2022-02-12 21:27:00.011 [task-1123] INFO  com.novedu.nov.statistics.task.MultiThreadScheduleTask----------------正在同步课程播放次数...
2022-02-12 21:27:02.617 [task-1123] INFO  com.novedu.nov.statistics.task.MultiThreadScheduleTask----------------课程播放次数同步完成
2022-02-12 21:27:26.532 [http-nio-8081-exec-2] INFO  com.novedu.nov.common.config.NovMetaObjectHandler-start insert fill ....
2022-02-12 21:27:26.743 [http-nio-8081-exec-2] INFO  com.novedu.nov.edu.service.impl.EduCourseApplyServiceImpl-同步课程学习人数成功
2022-02-12 21:27:28.558 [http-nio-8081-exec-4] INFO  com.novedu.nov.common.config.NovMetaObjectHandler-start insert fill ....
2022-02-12 21:27:30.008 [task-1124] INFO  com.novedu.nov.statistics.task.MultiThreadScheduleTask----------------正在同步课程播放次数...
2022-02-12 21:27:33.617 [task-1124] INFO  com.novedu.nov.statistics.task.MultiThreadScheduleTask----------------课程播放次数同步完成
2022-02-12 21:27:39.125 [http-nio-8081-exec-10] INFO  com.novedu.nov.common.config.NovMetaObjectHandler-start insert fill ....
2022-02-12 21:27:42.594 [http-nio-8081-exec-8] INFO  com.novedu.nov.common.config.NovMetaObjectHandler-start insert fill ....
2022-02-12 21:28:00.013 [task-1125] INFO  com.novedu.nov.statistics.task.MultiThreadScheduleTask----------------正在同步课程播放次数...
2022-02-12 21:28:03.628 [task-1125] INFO  com.novedu.nov.statistics.task.MultiThreadScheduleTask----------------课程播放次数同步完成
2022-02-12 21:28:30.017 [task-1126] INFO  com.novedu.nov.statistics.task.MultiThreadScheduleTask----------------正在同步课程播放次数...
2022-02-12 21:28:34.808 [task-1126] INFO  com.novedu.nov.statistics.task.MultiThreadScheduleTask----------------课程播放次数同步完成
2022-02-12 21:29:00.006 [task-1127] INFO  com.novedu.nov.statistics.task.MultiThreadScheduleTask----------------正在同步课程播放次数...
2022-02-12 21:29:03.616 [task-1127] INFO  com.novedu.nov.statistics.task.MultiThreadScheduleTask----------------课程播放次数同步完成
2022-02-12 21:29:30.016 [task-1128] INFO  com.novedu.nov.statistics.task.MultiThreadScheduleTask----------------正在同步课程播放次数...
2022-02-12 21:29:33.634 [task-1128] INFO  com.novedu.nov.statistics.task.MultiThreadScheduleTask----------------课程播放次数同步完成
2022-02-12 21:30:00.006 [task-1129] INFO  com.novedu.nov.statistics.task.MultiThreadScheduleTask----------------正在同步课程播放次数...
2022-02-12 21:30:03.656 [task-1129] INFO  com.novedu.nov.statistics.task.MultiThreadScheduleTask----------------课程播放次数同步完成
2022-02-12 21:30:30.016 [task-1130] INFO  com.novedu.nov.statistics.task.MultiThreadScheduleTask----------------正在同步课程播放次数...
2022-02-12 21:30:33.692 [task-1130] INFO  com.novedu.nov.statistics.task.MultiThreadScheduleTask----------------课程播放次数同步完成
2022-02-12 21:31:00.012 [task-1131] INFO  com.novedu.nov.statistics.task.MultiThreadScheduleTask----------------正在同步课程播放次数...
2022-02-12 21:31:03.676 [task-1131] INFO  com.novedu.nov.statistics.task.MultiThreadScheduleTask----------------课程播放次数同步完成
2022-02-12 21:31:30.016 [task-1132] INFO  com.novedu.nov.statistics.task.MultiThreadScheduleTask----------------正在同步课程播放次数...
2022-02-12 21:31:33.640 [task-1132] INFO  com.novedu.nov.statistics.task.MultiThreadScheduleTask----------------课程播放次数同步完成
2022-02-12 21:31:44.642 [SpringContextShutdownHook] INFO  org.springframework.scheduling.concurrent.ThreadPoolTaskScheduler-Shutting down ExecutorService 'Nacos-Watch-Task-Scheduler'
2022-02-12 21:31:44.646 [SpringContextShutdownHook] INFO  com.alibaba.cloud.nacos.registry.NacosServiceRegistry-De-registering from Nacos Server now...
2022-02-12 21:31:44.647 [SpringContextShutdownHook] INFO  com.alibaba.cloud.nacos.registry.NacosServiceRegistry-De-registration finished.
2022-02-12 21:31:44.985 [SpringContextShutdownHook] INFO  org.springframework.scheduling.concurrent.ThreadPoolTaskExecutor-Shutting down ExecutorService 'applicationTaskExecutor'
2022-02-12 21:31:45.112 [SpringContextShutdownHook] INFO  com.alibaba.druid.pool.DruidDataSource-{dataSource-1} closing ...
2022-02-12 21:31:45.117 [SpringContextShutdownHook] INFO  com.alibaba.druid.pool.DruidDataSource-{dataSource-1} closed
2022-02-12 21:31:49.681 [background-preinit] INFO  org.hibernate.validator.internal.util.Version-HV000001: Hibernate Validator 6.1.7.Final
2022-02-12 21:31:50.242 [main] INFO  org.reflections.Reflections-Reflections took 28 ms to scan 1 urls, producing 3 keys and 6 values 
2022-02-12 21:31:50.270 [main] INFO  org.reflections.Reflections-Reflections took 14 ms to scan 1 urls, producing 4 keys and 9 values 
2022-02-12 21:31:50.286 [main] INFO  org.reflections.Reflections-Reflections took 14 ms to scan 1 urls, producing 3 keys and 10 values 
2022-02-12 21:31:50.452 [main] INFO  org.reflections.Reflections-Reflections took 163 ms to scan 200 urls, producing 0 keys and 0 values 
2022-02-12 21:31:50.464 [main] INFO  org.reflections.Reflections-Reflections took 11 ms to scan 1 urls, producing 1 keys and 5 values 
2022-02-12 21:31:50.476 [main] INFO  org.reflections.Reflections-Reflections took 10 ms to scan 1 urls, producing 1 keys and 7 values 
2022-02-12 21:31:50.491 [main] INFO  org.reflections.Reflections-Reflections took 12 ms to scan 1 urls, producing 2 keys and 8 values 
2022-02-12 21:31:50.628 [main] INFO  org.reflections.Reflections-Reflections took 134 ms to scan 200 urls, producing 0 keys and 0 values 
2022-02-12 21:31:51.561 [main] INFO  org.springframework.cloud.bootstrap.config.PropertySourceBootstrapConfiguration-Located property source: [BootstrapPropertySource {name='bootstrapProperties-service-edu-dev.properties,DEFAULT_GROUP'}, BootstrapPropertySource {name='bootstrapProperties-service-edu.properties,DEFAULT_GROUP'}, BootstrapPropertySource {name='bootstrapProperties-service-edu,DEFAULT_GROUP'}]
2022-02-12 21:31:51.565 [main] INFO  com.novedu.nov.EduServiceApplication-The following profiles are active: dev
2022-02-12 21:31:52.247 [main] INFO  org.springframework.data.repository.config.RepositoryConfigurationDelegate-Multiple Spring Data modules found, entering strict repository configuration mode!
2022-02-12 21:31:52.249 [main] INFO  org.springframework.data.repository.config.RepositoryConfigurationDelegate-Bootstrapping Spring Data Redis repositories in DEFAULT mode.
2022-02-12 21:31:52.286 [main] INFO  org.springframework.data.repository.config.RepositoryConfigurationDelegate-Finished Spring Data repository scanning in 23ms. Found 0 Redis repository interfaces.
2022-02-12 21:31:52.481 [main] INFO  org.springframework.cloud.context.scope.GenericScope-BeanFactory id=be9c73ee-bdf8-3ecf-8a7d-81f48d93c79f
2022-02-12 21:31:52.925 [main] INFO  org.springframework.boot.web.embedded.tomcat.TomcatWebServer-Tomcat initialized with port(s): 8081 (http)
2022-02-12 21:31:52.932 [main] INFO  org.apache.coyote.http11.Http11NioProtocol-Initializing ProtocolHandler ["http-nio-8081"]
2022-02-12 21:31:52.933 [main] INFO  org.apache.catalina.core.StandardService-Starting service [Tomcat]
2022-02-12 21:31:52.933 [main] INFO  org.apache.catalina.core.StandardEngine-Starting Servlet engine: [Apache Tomcat/9.0.46]
2022-02-12 21:31:53.040 [main] INFO  org.apache.catalina.core.ContainerBase.[Tomcat].[localhost].[/]-Initializing Spring embedded WebApplicationContext
2022-02-12 21:31:53.041 [main] INFO  org.springframework.boot.web.servlet.context.ServletWebServerApplicationContext-Root WebApplicationContext: initialization completed in 1456 ms
2022-02-12 21:31:53.139 [main] INFO  com.alibaba.druid.spring.boot.autoconfigure.DruidDataSourceAutoConfigure-Init DruidDataSource
2022-02-12 21:31:53.217 [main] INFO  com.alibaba.druid.pool.DruidDataSource-{dataSource-1} inited
2022-02-12 21:31:54.418 [main] INFO  org.springframework.cloud.openfeign.FeignClientFactoryBean-For 'service-order' URL not provided. Will try picking an instance via load-balancing.
2022-02-12 21:31:55.558 [main] INFO  springfox.documentation.spring.web.PropertySourcedRequestMappingHandlerMapping-Mapped URL path [/v2/api-docs] onto method [springfox.documentation.swagger2.web.Swagger2Controller#getDocumentation(String, HttpServletRequest)]
2022-02-12 21:31:55.570 [main] INFO  com.netflix.config.sources.URLConfigurationSource-To enable URLs as dynamic configuration sources, define System property archaius.configurationSource.additionalUrls or make config.properties available on classpath.
2022-02-12 21:31:55.574 [main] INFO  com.netflix.config.sources.URLConfigurationSource-To enable URLs as dynamic configuration sources, define System property archaius.configurationSource.additionalUrls or make config.properties available on classpath.
2022-02-12 21:31:55.694 [main] INFO  org.springframework.scheduling.concurrent.ThreadPoolTaskExecutor-Initializing ExecutorService 'applicationTaskExecutor'
2022-02-12 21:31:55.865 [main] INFO  org.springframework.scheduling.concurrent.ThreadPoolTaskScheduler-Initializing ExecutorService 'Nacos-Watch-Task-Scheduler'
2022-02-12 21:31:56.449 [main] INFO  org.apache.coyote.http11.Http11NioProtocol-Starting ProtocolHandler ["http-nio-8081"]
2022-02-12 21:31:56.461 [main] INFO  org.springframework.boot.web.embedded.tomcat.TomcatWebServer-Tomcat started on port(s): 8081 (http) with context path ''
2022-02-12 21:31:56.470 [main] INFO  com.alibaba.cloud.nacos.registry.NacosServiceRegistry-nacos registry, DEFAULT_GROUP service-edu 192.168.31.136:8081 register finished
2022-02-12 21:31:56.538 [main] INFO  springfox.documentation.spring.web.plugins.DocumentationPluginsBootstrapper-Context refreshed
2022-02-12 21:31:56.550 [main] INFO  springfox.documentation.spring.web.plugins.DocumentationPluginsBootstrapper-Found 1 custom documentation plugin(s)
2022-02-12 21:31:56.579 [main] INFO  springfox.documentation.spring.web.scanners.ApiListingReferenceScanner-Scanning for api listing references
2022-02-12 21:31:56.737 [main] INFO  springfox.documentation.spring.web.readers.operation.CachingOperationNameGenerator-Generating unique operation named: queryCommentPageUsingPOST_1
2022-02-12 21:31:56.772 [main] INFO  springfox.documentation.spring.web.readers.operation.CachingOperationNameGenerator-Generating unique operation named: queryCourseByTeacherIdUsingPOST_1
2022-02-12 21:31:56.790 [main] INFO  springfox.documentation.spring.web.readers.operation.CachingOperationNameGenerator-Generating unique operation named: saveCourseUsingPOST_1
2022-02-12 21:31:56.820 [main] INFO  springfox.documentation.spring.web.readers.operation.CachingOperationNameGenerator-Generating unique operation named: saveCourseUsingPOST_2
2022-02-12 21:31:56.843 [main] INFO  com.novedu.nov.EduServiceApplication-Started EduServiceApplication in 7.641 seconds (JVM running for 8.331)
2022-02-12 21:32:00.019 [task-1133] INFO  com.novedu.nov.statistics.task.MultiThreadScheduleTask----------------正在同步课程播放次数...
2022-02-12 21:32:00.069 [http-nio-8081-exec-1] INFO  org.apache.catalina.core.ContainerBase.[Tomcat].[localhost].[/]-Initializing Spring DispatcherServlet 'dispatcherServlet'
2022-02-12 21:32:00.069 [http-nio-8081-exec-1] INFO  org.springframework.web.servlet.DispatcherServlet-Initializing Servlet 'dispatcherServlet'
2022-02-12 21:32:00.076 [http-nio-8081-exec-1] INFO  org.springframework.web.servlet.DispatcherServlet-Completed initialization in 7 ms
2022-02-12 21:32:03.617 [task-1133] INFO  com.novedu.nov.statistics.task.MultiThreadScheduleTask----------------课程播放次数同步完成
2022-02-12 21:32:30.004 [task-1134] INFO  com.novedu.nov.statistics.task.MultiThreadScheduleTask----------------正在同步课程播放次数...
2022-02-12 21:32:32.749 [task-1134] INFO  com.novedu.nov.statistics.task.MultiThreadScheduleTask----------------课程播放次数同步完成
2022-02-12 21:32:45.373 [http-nio-8085-exec-8] INFO  com.novedu.nov.common.config.NovMetaObjectHandler-start insert fill ....
2022-02-12 21:33:00.012 [task-1135] INFO  com.novedu.nov.statistics.task.MultiThreadScheduleTask----------------正在同步课程播放次数...
2022-02-12 21:33:01.640 [SpringContextShutdownHook] INFO  org.springframework.scheduling.concurrent.ThreadPoolTaskScheduler-Shutting down ExecutorService 'Nacos-Watch-Task-Scheduler'
2022-02-12 21:33:01.671 [SpringContextShutdownHook] INFO  com.alibaba.cloud.nacos.registry.NacosServiceRegistry-De-registering from Nacos Server now...
2022-02-12 21:33:01.672 [SpringContextShutdownHook] INFO  com.alibaba.cloud.nacos.registry.NacosServiceRegistry-De-registration finished.
2022-02-12 21:33:02.005 [SpringContextShutdownHook] INFO  org.springframework.scheduling.concurrent.ThreadPoolTaskExecutor-Shutting down ExecutorService 'applicationTaskExecutor'
2022-02-12 21:33:02.008 [SpringContextShutdownHook] INFO  com.alibaba.druid.pool.DruidDataSource-{dataSource-1} closing ...
2022-02-12 21:33:02.012 [SpringContextShutdownHook] INFO  com.alibaba.druid.pool.DruidDataSource-{dataSource-1} closed
2022-02-12 21:33:02.786 [task-1135] INFO  com.novedu.nov.statistics.task.MultiThreadScheduleTask----------------课程播放次数同步完成
2022-02-12 21:33:06.555 [background-preinit] INFO  org.hibernate.validator.internal.util.Version-HV000001: Hibernate Validator 6.1.7.Final
2022-02-12 21:33:07.136 [main] INFO  org.reflections.Reflections-Reflections took 29 ms to scan 1 urls, producing 3 keys and 6 values 
2022-02-12 21:33:07.164 [main] INFO  org.reflections.Reflections-Reflections took 14 ms to scan 1 urls, producing 4 keys and 9 values 
2022-02-12 21:33:07.181 [main] INFO  org.reflections.Reflections-Reflections took 14 ms to scan 1 urls, producing 3 keys and 10 values 
2022-02-12 21:33:07.342 [main] INFO  org.reflections.Reflections-Reflections took 157 ms to scan 200 urls, producing 0 keys and 0 values 
2022-02-12 21:33:07.352 [main] INFO  org.reflections.Reflections-Reflections took 9 ms to scan 1 urls, producing 1 keys and 5 values 
2022-02-12 21:33:07.365 [main] INFO  org.reflections.Reflections-Reflections took 10 ms to scan 1 urls, producing 1 keys and 7 values 
2022-02-12 21:33:07.380 [main] INFO  org.reflections.Reflections-Reflections took 10 ms to scan 1 urls, producing 2 keys and 8 values 
2022-02-12 21:33:07.514 [main] INFO  org.reflections.Reflections-Reflections took 131 ms to scan 200 urls, producing 0 keys and 0 values 
2022-02-12 21:33:08.448 [main] INFO  org.springframework.cloud.bootstrap.config.PropertySourceBootstrapConfiguration-Located property source: [BootstrapPropertySource {name='bootstrapProperties-service-ucenter-dev.properties,DEFAULT_GROUP'}, BootstrapPropertySource {name='bootstrapProperties-service-ucenter.properties,DEFAULT_GROUP'}, BootstrapPropertySource {name='bootstrapProperties-service-ucenter,DEFAULT_GROUP'}]
2022-02-12 21:33:08.452 [main] INFO  com.novedu.nov.UCenterServiceApplication-The following profiles are active: dev
2022-02-12 21:33:08.941 [main] INFO  org.springframework.data.repository.config.RepositoryConfigurationDelegate-Multiple Spring Data modules found, entering strict repository configuration mode!
2022-02-12 21:33:08.943 [main] INFO  org.springframework.data.repository.config.RepositoryConfigurationDelegate-Bootstrapping Spring Data Redis repositories in DEFAULT mode.
2022-02-12 21:33:08.970 [main] INFO  org.springframework.data.repository.config.RepositoryConfigurationDelegate-Finished Spring Data repository scanning in 16ms. Found 0 Redis repository interfaces.
2022-02-12 21:33:09.148 [main] INFO  org.springframework.cloud.context.scope.GenericScope-BeanFactory id=8b09e3ae-b9fe-325f-9737-9676993fe415
2022-02-12 21:33:09.546 [main] INFO  org.springframework.boot.web.embedded.tomcat.TomcatWebServer-Tomcat initialized with port(s): 8085 (http)
2022-02-12 21:33:09.555 [main] INFO  org.apache.coyote.http11.Http11NioProtocol-Initializing ProtocolHandler ["http-nio-8085"]
2022-02-12 21:33:09.556 [main] INFO  org.apache.catalina.core.StandardService-Starting service [Tomcat]
2022-02-12 21:33:09.556 [main] INFO  org.apache.catalina.core.StandardEngine-Starting Servlet engine: [Apache Tomcat/9.0.46]
2022-02-12 21:33:09.683 [main] INFO  org.apache.catalina.core.ContainerBase.[Tomcat].[localhost].[/]-Initializing Spring embedded WebApplicationContext
2022-02-12 21:33:09.683 [main] INFO  org.springframework.boot.web.servlet.context.ServletWebServerApplicationContext-Root WebApplicationContext: initialization completed in 1213 ms
2022-02-12 21:33:09.800 [main] INFO  com.alibaba.druid.spring.boot.autoconfigure.DruidDataSourceAutoConfigure-Init DruidDataSource
2022-02-12 21:33:09.892 [main] INFO  com.alibaba.druid.pool.DruidDataSource-{dataSource-1} inited
2022-02-12 21:33:11.216 [main] INFO  com.netflix.config.sources.URLConfigurationSource-To enable URLs as dynamic configuration sources, define System property archaius.configurationSource.additionalUrls or make config.properties available on classpath.
2022-02-12 21:33:11.220 [main] INFO  com.netflix.config.sources.URLConfigurationSource-To enable URLs as dynamic configuration sources, define System property archaius.configurationSource.additionalUrls or make config.properties available on classpath.
2022-02-12 21:33:11.393 [main] INFO  org.springframework.scheduling.concurrent.ThreadPoolTaskExecutor-Initializing ExecutorService 'applicationTaskExecutor'
2022-02-12 21:33:11.595 [main] INFO  org.springframework.scheduling.concurrent.ThreadPoolTaskScheduler-Initializing ExecutorService 'Nacos-Watch-Task-Scheduler'
2022-02-12 21:33:12.404 [main] INFO  org.apache.coyote.http11.Http11NioProtocol-Starting ProtocolHandler ["http-nio-8085"]
2022-02-12 21:33:12.416 [main] INFO  org.springframework.boot.web.embedded.tomcat.TomcatWebServer-Tomcat started on port(s): 8085 (http) with context path ''
2022-02-12 21:33:12.424 [main] INFO  com.alibaba.cloud.nacos.registry.NacosServiceRegistry-nacos registry, DEFAULT_GROUP service-ucenter 192.168.31.136:8085 register finished
2022-02-12 21:33:12.501 [main] INFO  com.novedu.nov.UCenterServiceApplication-Started UCenterServiceApplication in 6.435 seconds (JVM running for 7.121)
2022-02-12 21:33:15.193 [http-nio-8085-exec-1] INFO  org.apache.catalina.core.ContainerBase.[Tomcat].[localhost].[/]-Initializing Spring DispatcherServlet 'dispatcherServlet'
2022-02-12 21:33:15.194 [http-nio-8085-exec-1] INFO  org.springframework.web.servlet.DispatcherServlet-Initializing Servlet 'dispatcherServlet'
2022-02-12 21:33:15.199 [http-nio-8085-exec-1] INFO  org.springframework.web.servlet.DispatcherServlet-Completed initialization in 5 ms
2022-02-12 21:33:22.988 [http-nio-8085-exec-4] INFO  com.novedu.nov.common.config.NovMetaObjectHandler-start insert fill ....
2022-02-12 21:33:30.018 [task-1136] INFO  com.novedu.nov.statistics.task.MultiThreadScheduleTask----------------正在同步课程播放次数...
2022-02-12 21:33:32.726 [task-1136] INFO  com.novedu.nov.statistics.task.MultiThreadScheduleTask----------------课程播放次数同步完成
2022-02-12 21:33:45.419 [http-nio-8086-exec-7] INFO  com.novedu.nov.common.config.NovMetaObjectHandler-start insert fill ....
2022-02-12 21:33:49.470 [http-nio-8086-exec-10] INFO  com.novedu.nov.common.config.NovMetaObjectHandler-start update fill ....
2022-02-12 21:33:49.557 [http-nio-8086-exec-10] INFO  com.novedu.nov.order.service.impl.AlipayServiceImpl-同步订单:1492492120751898626成功
2022-02-12 21:33:49.604 [http-nio-8081-exec-6] INFO  com.novedu.nov.common.config.NovMetaObjectHandler-start insert fill ....
2022-02-12 21:33:49.746 [http-nio-8081-exec-6] INFO  com.novedu.nov.edu.service.impl.EduCourseApplyServiceImpl-同步课程学习人数成功
2022-02-12 21:33:49.748 [http-nio-8086-exec-10] INFO  com.novedu.nov.order.service.impl.AlipayServiceImpl-saveApply success
2022-02-12 21:33:49.808 [http-nio-8086-exec-10] INFO  com.novedu.nov.order.service.impl.AlipayServiceImpl-同步课程学习人数成功
2022-02-12 21:33:49.880 [http-nio-8086-exec-10] INFO  com.novedu.nov.order.service.impl.AlipayServiceImpl-同步课程购买数成功
2022-02-12 21:33:59.232 [http-nio-8081-exec-2] INFO  com.novedu.nov.common.config.NovMetaObjectHandler-start insert fill ....
2022-02-12 21:34:00.007 [task-1137] INFO  com.novedu.nov.statistics.task.MultiThreadScheduleTask----------------正在同步课程播放次数...
2022-02-12 21:34:02.510 [task-1137] INFO  com.novedu.nov.statistics.task.MultiThreadScheduleTask----------------课程播放次数同步完成
2022-02-12 21:34:30.013 [task-1138] INFO  com.novedu.nov.statistics.task.MultiThreadScheduleTask----------------正在同步课程播放次数...
2022-02-12 21:34:32.111 [task-1138] INFO  com.novedu.nov.statistics.task.MultiThreadScheduleTask----------------课程播放次数同步完成
2022-02-12 21:35:00.007 [task-1139] INFO  com.novedu.nov.statistics.task.MultiThreadScheduleTask----------------正在同步课程播放次数...
2022-02-12 21:35:02.486 [task-1139] INFO  com.novedu.nov.statistics.task.MultiThreadScheduleTask----------------课程播放次数同步完成
2022-02-12 21:35:23.353 [http-nio-8081-exec-8] INFO  com.novedu.nov.common.config.NovMetaObjectHandler-start update fill ....
2022-02-12 21:35:23.900 [http-nio-8081-exec-4] INFO  com.novedu.nov.common.config.NovMetaObjectHandler-start update fill ....
2022-02-12 21:35:24.456 [http-nio-8081-exec-5] INFO  com.novedu.nov.common.config.NovMetaObjectHandler-start update fill ....
2022-02-12 21:35:25.144 [http-nio-8081-exec-10] INFO  com.novedu.nov.common.config.NovMetaObjectHandler-start update fill ....
2022-02-12 21:35:25.972 [http-nio-8081-exec-3] INFO  com.novedu.nov.common.config.NovMetaObjectHandler-start update fill ....
2022-02-12 21:35:28.139 [http-nio-8081-exec-7] INFO  com.novedu.nov.common.config.NovMetaObjectHandler-start update fill ....
2022-02-12 21:35:30.017 [task-1140] INFO  com.novedu.nov.statistics.task.MultiThreadScheduleTask----------------正在同步课程播放次数...
2022-02-12 21:35:32.472 [task-1140] INFO  com.novedu.nov.statistics.task.MultiThreadScheduleTask----------------课程播放次数同步完成
2022-02-12 21:36:00.020 [task-1141] INFO  com.novedu.nov.statistics.task.MultiThreadScheduleTask----------------正在同步课程播放次数...
2022-02-12 21:36:02.478 [task-1141] INFO  com.novedu.nov.statistics.task.MultiThreadScheduleTask----------------课程播放次数同步完成
2022-02-12 21:36:30.012 [task-1142] INFO  com.novedu.nov.statistics.task.MultiThreadScheduleTask----------------正在同步课程播放次数...
2022-02-12 21:36:32.507 [task-1142] INFO  com.novedu.nov.statistics.task.MultiThreadScheduleTask----------------课程播放次数同步完成
2022-02-12 21:37:00.016 [task-1143] INFO  com.novedu.nov.statistics.task.MultiThreadScheduleTask----------------正在同步课程播放次数...
2022-02-12 21:37:02.558 [task-1143] INFO  com.novedu.nov.statistics.task.MultiThreadScheduleTask----------------课程播放次数同步完成
2022-02-12 21:37:30.006 [task-1144] INFO  com.novedu.nov.statistics.task.MultiThreadScheduleTask----------------正在同步课程播放次数...
2022-02-12 21:37:32.568 [task-1144] INFO  com.novedu.nov.statistics.task.MultiThreadScheduleTask----------------课程播放次数同步完成
2022-02-12 21:38:00.007 [task-1145] INFO  com.novedu.nov.statistics.task.MultiThreadScheduleTask----------------正在同步课程播放次数...
2022-02-12 21:38:02.542 [task-1145] INFO  com.novedu.nov.statistics.task.MultiThreadScheduleTask----------------课程播放次数同步完成
2022-02-12 21:38:16.867 [SpringContextShutdownHook] INFO  org.springframework.scheduling.concurrent.ThreadPoolTaskScheduler-Shutting down ExecutorService 'Nacos-Watch-Task-Scheduler'
2022-02-12 21:38:16.871 [SpringContextShutdownHook] INFO  com.alibaba.cloud.nacos.registry.NacosServiceRegistry-De-registering from Nacos Server now...
2022-02-12 21:38:16.872 [SpringContextShutdownHook] INFO  com.alibaba.cloud.nacos.registry.NacosServiceRegistry-De-registration finished.
2022-02-12 21:38:17.199 [SpringContextShutdownHook] INFO  org.springframework.scheduling.concurrent.ThreadPoolTaskExecutor-Shutting down ExecutorService 'applicationTaskExecutor'
2022-02-12 21:38:17.335 [SpringContextShutdownHook] INFO  com.alibaba.druid.pool.DruidDataSource-{dataSource-1} closing ...
2022-02-12 21:38:17.338 [SpringContextShutdownHook] INFO  com.alibaba.druid.pool.DruidDataSource-{dataSource-1} closed
2022-02-12 21:38:21.823 [background-preinit] INFO  org.hibernate.validator.internal.util.Version-HV000001: Hibernate Validator 6.1.7.Final
2022-02-12 21:38:22.399 [main] INFO  org.reflections.Reflections-Reflections took 29 ms to scan 1 urls, producing 3 keys and 6 values 
2022-02-12 21:38:22.427 [main] INFO  org.reflections.Reflections-Reflections took 14 ms to scan 1 urls, producing 4 keys and 9 values 
2022-02-12 21:38:22.443 [main] INFO  org.reflections.Reflections-Reflections took 13 ms to scan 1 urls, producing 3 keys and 10 values 
2022-02-12 21:38:22.608 [main] INFO  org.reflections.Reflections-Reflections took 161 ms to scan 200 urls, producing 0 keys and 0 values 
2022-02-12 21:38:22.618 [main] INFO  org.reflections.Reflections-Reflections took 10 ms to scan 1 urls, producing 1 keys and 5 values 
2022-02-12 21:38:22.630 [main] INFO  org.reflections.Reflections-Reflections took 10 ms to scan 1 urls, producing 1 keys and 7 values 
2022-02-12 21:38:22.646 [main] INFO  org.reflections.Reflections-Reflections took 12 ms to scan 1 urls, producing 2 keys and 8 values 
2022-02-12 21:38:22.779 [main] INFO  org.reflections.Reflections-Reflections took 131 ms to scan 200 urls, producing 0 keys and 0 values 
2022-02-12 21:38:23.724 [main] INFO  org.springframework.cloud.bootstrap.config.PropertySourceBootstrapConfiguration-Located property source: [BootstrapPropertySource {name='bootstrapProperties-service-edu-dev.properties,DEFAULT_GROUP'}, BootstrapPropertySource {name='bootstrapProperties-service-edu.properties,DEFAULT_GROUP'}, BootstrapPropertySource {name='bootstrapProperties-service-edu,DEFAULT_GROUP'}]
2022-02-12 21:38:23.728 [main] INFO  com.novedu.nov.EduServiceApplication-The following profiles are active: dev
2022-02-12 21:38:24.412 [main] INFO  org.springframework.data.repository.config.RepositoryConfigurationDelegate-Multiple Spring Data modules found, entering strict repository configuration mode!
2022-02-12 21:38:24.415 [main] INFO  org.springframework.data.repository.config.RepositoryConfigurationDelegate-Bootstrapping Spring Data Redis repositories in DEFAULT mode.
2022-02-12 21:38:24.452 [main] INFO  org.springframework.data.repository.config.RepositoryConfigurationDelegate-Finished Spring Data repository scanning in 24ms. Found 0 Redis repository interfaces.
2022-02-12 21:38:24.644 [main] INFO  org.springframework.cloud.context.scope.GenericScope-BeanFactory id=be9c73ee-bdf8-3ecf-8a7d-81f48d93c79f
2022-02-12 21:38:25.086 [main] INFO  org.springframework.boot.web.embedded.tomcat.TomcatWebServer-Tomcat initialized with port(s): 8081 (http)
2022-02-12 21:38:25.094 [main] INFO  org.apache.coyote.http11.Http11NioProtocol-Initializing ProtocolHandler ["http-nio-8081"]
2022-02-12 21:38:25.094 [main] INFO  org.apache.catalina.core.StandardService-Starting service [Tomcat]
2022-02-12 21:38:25.094 [main] INFO  org.apache.catalina.core.StandardEngine-Starting Servlet engine: [Apache Tomcat/9.0.46]
2022-02-12 21:38:25.202 [main] INFO  org.apache.catalina.core.ContainerBase.[Tomcat].[localhost].[/]-Initializing Spring embedded WebApplicationContext
2022-02-12 21:38:25.202 [main] INFO  org.springframework.boot.web.servlet.context.ServletWebServerApplicationContext-Root WebApplicationContext: initialization completed in 1454 ms
2022-02-12 21:38:25.301 [main] INFO  com.alibaba.druid.spring.boot.autoconfigure.DruidDataSourceAutoConfigure-Init DruidDataSource
2022-02-12 21:38:25.380 [main] INFO  com.alibaba.druid.pool.DruidDataSource-{dataSource-1} inited
2022-02-12 21:38:26.556 [main] INFO  org.springframework.cloud.openfeign.FeignClientFactoryBean-For 'service-order' URL not provided. Will try picking an instance via load-balancing.
2022-02-12 21:38:28.649 [main] INFO  springfox.documentation.spring.web.PropertySourcedRequestMappingHandlerMapping-Mapped URL path [/v2/api-docs] onto method [springfox.documentation.swagger2.web.Swagger2Controller#getDocumentation(String, HttpServletRequest)]
2022-02-12 21:38:28.660 [main] INFO  com.netflix.config.sources.URLConfigurationSource-To enable URLs as dynamic configuration sources, define System property archaius.configurationSource.additionalUrls or make config.properties available on classpath.
2022-02-12 21:38:28.664 [main] INFO  com.netflix.config.sources.URLConfigurationSource-To enable URLs as dynamic configuration sources, define System property archaius.configurationSource.additionalUrls or make config.properties available on classpath.
2022-02-12 21:38:28.788 [main] INFO  org.springframework.scheduling.concurrent.ThreadPoolTaskExecutor-Initializing ExecutorService 'applicationTaskExecutor'
2022-02-12 21:38:28.973 [main] INFO  org.springframework.scheduling.concurrent.ThreadPoolTaskScheduler-Initializing ExecutorService 'Nacos-Watch-Task-Scheduler'
2022-02-12 21:38:29.528 [main] INFO  org.apache.coyote.http11.Http11NioProtocol-Starting ProtocolHandler ["http-nio-8081"]
2022-02-12 21:38:29.540 [main] INFO  org.springframework.boot.web.embedded.tomcat.TomcatWebServer-Tomcat started on port(s): 8081 (http) with context path ''
2022-02-12 21:38:29.549 [main] INFO  com.alibaba.cloud.nacos.registry.NacosServiceRegistry-nacos registry, DEFAULT_GROUP service-edu 192.168.31.136:8081 register finished
2022-02-12 21:38:29.617 [main] INFO  springfox.documentation.spring.web.plugins.DocumentationPluginsBootstrapper-Context refreshed
2022-02-12 21:38:29.628 [main] INFO  springfox.documentation.spring.web.plugins.DocumentationPluginsBootstrapper-Found 1 custom documentation plugin(s)
2022-02-12 21:38:29.656 [main] INFO  springfox.documentation.spring.web.scanners.ApiListingReferenceScanner-Scanning for api listing references
2022-02-12 21:38:29.807 [main] INFO  springfox.documentation.spring.web.readers.operation.CachingOperationNameGenerator-Generating unique operation named: queryCommentPageUsingPOST_1
2022-02-12 21:38:29.841 [main] INFO  springfox.documentation.spring.web.readers.operation.CachingOperationNameGenerator-Generating unique operation named: queryCourseByTeacherIdUsingPOST_1
2022-02-12 21:38:29.858 [main] INFO  springfox.documentation.spring.web.readers.operation.CachingOperationNameGenerator-Generating unique operation named: saveCourseUsingPOST_1
2022-02-12 21:38:29.889 [main] INFO  springfox.documentation.spring.web.readers.operation.CachingOperationNameGenerator-Generating unique operation named: saveCourseUsingPOST_2
2022-02-12 21:38:29.913 [main] INFO  com.novedu.nov.EduServiceApplication-Started EduServiceApplication in 8.576 seconds (JVM running for 9.272)
2022-02-12 21:38:30.011 [task-1146] INFO  com.novedu.nov.statistics.task.MultiThreadScheduleTask----------------正在同步课程播放次数...
2022-02-12 21:38:30.063 [http-nio-8081-exec-1] INFO  org.apache.catalina.core.ContainerBase.[Tomcat].[localhost].[/]-Initializing Spring DispatcherServlet 'dispatcherServlet'
2022-02-12 21:38:30.063 [http-nio-8081-exec-1] INFO  org.springframework.web.servlet.DispatcherServlet-Initializing Servlet 'dispatcherServlet'
2022-02-12 21:38:30.070 [http-nio-8081-exec-1] INFO  org.springframework.web.servlet.DispatcherServlet-Completed initialization in 7 ms
2022-02-12 21:38:33.412 [task-1146] INFO  com.novedu.nov.statistics.task.MultiThreadScheduleTask----------------课程播放次数同步完成
2022-02-12 21:38:44.348 [http-nio-8081-exec-6] INFO  com.novedu.nov.common.config.NovMetaObjectHandler-start update fill ....
2022-02-12 21:39:00.016 [task-1147] INFO  com.novedu.nov.statistics.task.MultiThreadScheduleTask----------------正在同步课程播放次数...
2022-02-12 21:39:03.367 [task-1147] INFO  com.novedu.nov.statistics.task.MultiThreadScheduleTask----------------课程播放次数同步完成
2022-02-12 21:39:30.014 [task-1148] INFO  com.novedu.nov.statistics.task.MultiThreadScheduleTask----------------正在同步课程播放次数...
2022-02-12 21:39:32.953 [task-1148] INFO  com.novedu.nov.statistics.task.MultiThreadScheduleTask----------------课程播放次数同步完成
2022-02-12 21:40:00.005 [task-1149] INFO  com.novedu.nov.statistics.task.MultiThreadScheduleTask----------------正在同步课程播放次数...
2022-02-12 21:40:02.954 [task-1149] INFO  com.novedu.nov.statistics.task.MultiThreadScheduleTask----------------课程播放次数同步完成
2022-02-12 21:40:30.007 [task-1150] INFO  com.novedu.nov.statistics.task.MultiThreadScheduleTask----------------正在同步课程播放次数...
2022-02-12 21:40:33.151 [task-1150] INFO  com.novedu.nov.statistics.task.MultiThreadScheduleTask----------------课程播放次数同步完成
2022-02-12 21:41:00.009 [task-1151] INFO  com.novedu.nov.statistics.task.MultiThreadScheduleTask----------------正在同步课程播放次数...
2022-02-12 21:41:03.322 [task-1151] INFO  com.novedu.nov.statistics.task.MultiThreadScheduleTask----------------课程播放次数同步完成
2022-02-12 21:41:30.006 [task-1152] INFO  com.novedu.nov.statistics.task.MultiThreadScheduleTask----------------正在同步课程播放次数...
2022-02-12 21:41:32.492 [task-1152] INFO  com.novedu.nov.statistics.task.MultiThreadScheduleTask----------------课程播放次数同步完成
2022-02-12 21:42:00.018 [task-1153] INFO  com.novedu.nov.statistics.task.MultiThreadScheduleTask----------------正在同步课程播放次数...
2022-02-12 21:42:03.167 [task-1153] INFO  com.novedu.nov.statistics.task.MultiThreadScheduleTask----------------课程播放次数同步完成
2022-02-12 21:42:30.010 [task-1154] INFO  com.novedu.nov.statistics.task.MultiThreadScheduleTask----------------正在同步课程播放次数...
2022-02-12 21:42:33.152 [task-1154] INFO  com.novedu.nov.statistics.task.MultiThreadScheduleTask----------------课程播放次数同步完成
2022-02-12 21:43:00.011 [task-1155] INFO  com.novedu.nov.statistics.task.MultiThreadScheduleTask----------------正在同步课程播放次数...
2022-02-12 21:43:03.146 [task-1155] INFO  com.novedu.nov.statistics.task.MultiThreadScheduleTask----------------课程播放次数同步完成
2022-02-12 21:43:30.014 [task-1156] INFO  com.novedu.nov.statistics.task.MultiThreadScheduleTask----------------正在同步课程播放次数...
2022-02-12 21:43:33.156 [task-1156] INFO  com.novedu.nov.statistics.task.MultiThreadScheduleTask----------------课程播放次数同步完成
2022-02-12 21:44:00.016 [task-1157] INFO  com.novedu.nov.statistics.task.MultiThreadScheduleTask----------------正在同步课程播放次数...
2022-02-12 21:44:03.119 [task-1157] INFO  com.novedu.nov.statistics.task.MultiThreadScheduleTask----------------课程播放次数同步完成
2022-02-12 21:44:30.011 [task-1158] INFO  com.novedu.nov.statistics.task.MultiThreadScheduleTask----------------正在同步课程播放次数...
2022-02-12 21:44:33.114 [task-1158] INFO  com.novedu.nov.statistics.task.MultiThreadScheduleTask----------------课程播放次数同步完成
2022-02-12 21:45:00.016 [task-1159] INFO  com.novedu.nov.statistics.task.MultiThreadScheduleTask----------------正在同步课程播放次数...
2022-02-12 21:45:03.126 [task-1159] INFO  com.novedu.nov.statistics.task.MultiThreadScheduleTask----------------课程播放次数同步完成
2022-02-12 21:45:30.008 [task-1160] INFO  com.novedu.nov.statistics.task.MultiThreadScheduleTask----------------正在同步课程播放次数...
2022-02-12 21:45:33.122 [task-1160] INFO  com.novedu.nov.statistics.task.MultiThreadScheduleTask----------------课程播放次数同步完成
2022-02-12 21:46:00.013 [task-1161] INFO  com.novedu.nov.statistics.task.MultiThreadScheduleTask----------------正在同步课程播放次数...
2022-02-12 21:46:03.113 [task-1161] INFO  com.novedu.nov.statistics.task.MultiThreadScheduleTask----------------课程播放次数同步完成
2022-02-12 21:46:30.008 [task-1162] INFO  com.novedu.nov.statistics.task.MultiThreadScheduleTask----------------正在同步课程播放次数...
2022-02-12 21:46:32.943 [task-1162] INFO  com.novedu.nov.statistics.task.MultiThreadScheduleTask----------------课程播放次数同步完成
2022-02-12 21:47:00.018 [task-1163] INFO  com.novedu.nov.statistics.task.MultiThreadScheduleTask----------------正在同步课程播放次数...
2022-02-12 21:47:19.242 [task-1163] INFO  com.novedu.nov.statistics.task.MultiThreadScheduleTask----------------课程播放次数同步失败
2022-02-12 21:47:30.005 [task-1164] INFO  com.novedu.nov.statistics.task.MultiThreadScheduleTask----------------正在同步课程播放次数...
2022-02-12 21:47:32.453 [task-1164] INFO  com.novedu.nov.statistics.task.MultiThreadScheduleTask----------------课程播放次数同步完成
2022-02-12 21:48:00.019 [task-1165] INFO  com.novedu.nov.statistics.task.MultiThreadScheduleTask----------------正在同步课程播放次数...
2022-02-12 21:48:02.482 [task-1165] INFO  com.novedu.nov.statistics.task.MultiThreadScheduleTask----------------课程播放次数同步完成
2022-02-12 21:48:30.013 [task-1166] INFO  com.novedu.nov.statistics.task.MultiThreadScheduleTask----------------正在同步课程播放次数...
2022-02-12 21:48:32.467 [task-1166] INFO  com.novedu.nov.statistics.task.MultiThreadScheduleTask----------------课程播放次数同步完成
2022-02-12 21:49:00.010 [task-1167] INFO  com.novedu.nov.statistics.task.MultiThreadScheduleTask----------------正在同步课程播放次数...
2022-02-12 21:49:02.462 [task-1167] INFO  com.novedu.nov.statistics.task.MultiThreadScheduleTask----------------课程播放次数同步完成
2022-02-12 21:49:30.009 [task-1168] INFO  com.novedu.nov.statistics.task.MultiThreadScheduleTask----------------正在同步课程播放次数...
2022-02-12 21:49:32.462 [task-1168] INFO  com.novedu.nov.statistics.task.MultiThreadScheduleTask----------------课程播放次数同步完成
2022-02-12 21:50:00.007 [task-1169] INFO  com.novedu.nov.statistics.task.MultiThreadScheduleTask----------------正在同步课程播放次数...
2022-02-12 21:50:02.528 [task-1169] INFO  com.novedu.nov.statistics.task.MultiThreadScheduleTask----------------课程播放次数同步完成
2022-02-12 21:50:30.013 [task-1170] INFO  com.novedu.nov.statistics.task.MultiThreadScheduleTask----------------正在同步课程播放次数...
2022-02-12 21:50:32.475 [task-1170] INFO  com.novedu.nov.statistics.task.MultiThreadScheduleTask----------------课程播放次数同步完成
2022-02-12 21:51:00.007 [task-1171] INFO  com.novedu.nov.statistics.task.MultiThreadScheduleTask----------------正在同步课程播放次数...
2022-02-12 21:51:02.455 [task-1171] INFO  com.novedu.nov.statistics.task.MultiThreadScheduleTask----------------课程播放次数同步完成
2022-02-12 21:51:30.017 [task-1172] INFO  com.novedu.nov.statistics.task.MultiThreadScheduleTask----------------正在同步课程播放次数...
2022-02-12 21:51:32.468 [task-1172] INFO  com.novedu.nov.statistics.task.MultiThreadScheduleTask----------------课程播放次数同步完成
2022-02-12 21:52:00.005 [task-1173] INFO  com.novedu.nov.statistics.task.MultiThreadScheduleTask----------------正在同步课程播放次数...
2022-02-12 21:52:02.479 [task-1173] INFO  com.novedu.nov.statistics.task.MultiThreadScheduleTask----------------课程播放次数同步完成
2022-02-12 21:52:30.011 [task-1174] INFO  com.novedu.nov.statistics.task.MultiThreadScheduleTask----------------正在同步课程播放次数...
2022-02-12 21:52:32.470 [task-1174] INFO  com.novedu.nov.statistics.task.MultiThreadScheduleTask----------------课程播放次数同步完成
2022-02-12 21:53:00.011 [task-1175] INFO  com.novedu.nov.statistics.task.MultiThreadScheduleTask----------------正在同步课程播放次数...
2022-02-12 21:53:02.946 [task-1175] INFO  com.novedu.nov.statistics.task.MultiThreadScheduleTask----------------课程播放次数同步完成
2022-02-12 21:53:30.004 [task-1176] INFO  com.novedu.nov.statistics.task.MultiThreadScheduleTask----------------正在同步课程播放次数...
2022-02-12 21:53:32.473 [task-1176] INFO  com.novedu.nov.statistics.task.MultiThreadScheduleTask----------------课程播放次数同步完成
2022-02-12 21:54:00.015 [task-1177] INFO  com.novedu.nov.statistics.task.MultiThreadScheduleTask----------------正在同步课程播放次数...
2022-02-12 21:54:02.466 [task-1177] INFO  com.novedu.nov.statistics.task.MultiThreadScheduleTask----------------课程播放次数同步完成
2022-02-12 21:54:30.006 [task-1178] INFO  com.novedu.nov.statistics.task.MultiThreadScheduleTask----------------正在同步课程播放次数...
2022-02-12 21:54:32.465 [task-1178] INFO  com.novedu.nov.statistics.task.MultiThreadScheduleTask----------------课程播放次数同步完成
2022-02-12 21:55:00.013 [task-1179] INFO  com.novedu.nov.statistics.task.MultiThreadScheduleTask----------------正在同步课程播放次数...
2022-02-12 21:55:03.550 [task-1179] INFO  com.novedu.nov.statistics.task.MultiThreadScheduleTask----------------课程播放次数同步完成
2022-02-12 21:55:30.013 [task-1180] INFO  com.novedu.nov.statistics.task.MultiThreadScheduleTask----------------正在同步课程播放次数...
2022-02-12 21:55:32.587 [task-1180] INFO  com.novedu.nov.statistics.task.MultiThreadScheduleTask----------------课程播放次数同步完成
2022-02-12 21:56:00.003 [task-1181] INFO  com.novedu.nov.statistics.task.MultiThreadScheduleTask----------------正在同步课程播放次数...
2022-02-12 21:56:03.814 [task-1181] INFO  com.novedu.nov.statistics.task.MultiThreadScheduleTask----------------课程播放次数同步完成
2022-02-12 21:56:30.002 [task-1182] INFO  com.novedu.nov.statistics.task.MultiThreadScheduleTask----------------正在同步课程播放次数...
2022-02-12 21:56:33.696 [task-1182] INFO  com.novedu.nov.statistics.task.MultiThreadScheduleTask----------------课程播放次数同步完成
2022-02-12 21:57:00.012 [task-1183] INFO  com.novedu.nov.statistics.task.MultiThreadScheduleTask----------------正在同步课程播放次数...
2022-02-12 21:57:03.672 [task-1183] INFO  com.novedu.nov.statistics.task.MultiThreadScheduleTask----------------课程播放次数同步完成
2022-02-12 21:57:30.002 [task-1184] INFO  com.novedu.nov.statistics.task.MultiThreadScheduleTask----------------正在同步课程播放次数...
2022-02-12 21:57:33.673 [task-1184] INFO  com.novedu.nov.statistics.task.MultiThreadScheduleTask----------------课程播放次数同步完成
2022-02-12 21:58:00.007 [task-1185] INFO  com.novedu.nov.statistics.task.MultiThreadScheduleTask----------------正在同步课程播放次数...
2022-02-12 21:58:03.653 [task-1185] INFO  com.novedu.nov.statistics.task.MultiThreadScheduleTask----------------课程播放次数同步完成
2022-02-12 21:58:30.007 [task-1186] INFO  com.novedu.nov.statistics.task.MultiThreadScheduleTask----------------正在同步课程播放次数...
2022-02-12 21:58:33.655 [task-1186] INFO  com.novedu.nov.statistics.task.MultiThreadScheduleTask----------------课程播放次数同步完成
2022-02-12 21:59:00.008 [task-1187] INFO  com.novedu.nov.statistics.task.MultiThreadScheduleTask----------------正在同步课程播放次数...
2022-02-12 21:59:03.682 [task-1187] INFO  com.novedu.nov.statistics.task.MultiThreadScheduleTask----------------课程播放次数同步完成
2022-02-12 21:59:30.005 [task-1188] INFO  com.novedu.nov.statistics.task.MultiThreadScheduleTask----------------正在同步课程播放次数...
2022-02-12 21:59:33.643 [task-1188] INFO  com.novedu.nov.statistics.task.MultiThreadScheduleTask----------------课程播放次数同步完成
2022-02-12 22:00:00.003 [task-1189] INFO  com.novedu.nov.statistics.task.MultiThreadScheduleTask----------------正在同步课程播放次数...
2022-02-12 22:00:03.654 [task-1189] INFO  com.novedu.nov.statistics.task.MultiThreadScheduleTask----------------课程播放次数同步完成
2022-02-12 22:00:30.006 [task-1190] INFO  com.novedu.nov.statistics.task.MultiThreadScheduleTask----------------正在同步课程播放次数...
2022-02-12 22:00:33.714 [task-1190] INFO  com.novedu.nov.statistics.task.MultiThreadScheduleTask----------------课程播放次数同步完成
2022-02-12 22:01:00.008 [task-1191] INFO  com.novedu.nov.statistics.task.MultiThreadScheduleTask----------------正在同步课程播放次数...
2022-02-12 22:01:03.671 [task-1191] INFO  com.novedu.nov.statistics.task.MultiThreadScheduleTask----------------课程播放次数同步完成
2022-02-12 22:01:30.009 [task-1192] INFO  com.novedu.nov.statistics.task.MultiThreadScheduleTask----------------正在同步课程播放次数...
2022-02-12 22:01:33.671 [task-1192] INFO  com.novedu.nov.statistics.task.MultiThreadScheduleTask----------------课程播放次数同步完成
2022-02-12 22:02:00.009 [task-1193] INFO  com.novedu.nov.statistics.task.MultiThreadScheduleTask----------------正在同步课程播放次数...
2022-02-12 22:02:03.681 [task-1193] INFO  com.novedu.nov.statistics.task.MultiThreadScheduleTask----------------课程播放次数同步完成
2022-02-12 22:02:30.008 [task-1194] INFO  com.novedu.nov.statistics.task.MultiThreadScheduleTask----------------正在同步课程播放次数...
2022-02-12 22:02:33.654 [task-1194] INFO  com.novedu.nov.statistics.task.MultiThreadScheduleTask----------------课程播放次数同步完成
2022-02-12 22:03:00.007 [task-1195] INFO  com.novedu.nov.statistics.task.MultiThreadScheduleTask----------------正在同步课程播放次数...
2022-02-12 22:03:03.653 [task-1195] INFO  com.novedu.nov.statistics.task.MultiThreadScheduleTask----------------课程播放次数同步完成
2022-02-12 22:03:30.014 [task-1196] INFO  com.novedu.nov.statistics.task.MultiThreadScheduleTask----------------正在同步课程播放次数...
2022-02-12 22:03:33.691 [task-1196] INFO  com.novedu.nov.statistics.task.MultiThreadScheduleTask----------------课程播放次数同步完成
2022-02-12 22:04:00.008 [task-1197] INFO  com.novedu.nov.statistics.task.MultiThreadScheduleTask----------------正在同步课程播放次数...
2022-02-12 22:04:03.664 [task-1197] INFO  com.novedu.nov.statistics.task.MultiThreadScheduleTask----------------课程播放次数同步完成
2022-02-12 22:04:30.009 [task-1198] INFO  com.novedu.nov.statistics.task.MultiThreadScheduleTask----------------正在同步课程播放次数...
2022-02-12 22:04:33.687 [task-1198] INFO  com.novedu.nov.statistics.task.MultiThreadScheduleTask----------------课程播放次数同步完成
2022-02-12 22:05:00.009 [task-1199] INFO  com.novedu.nov.statistics.task.MultiThreadScheduleTask----------------正在同步课程播放次数...
2022-02-12 22:05:03.659 [task-1199] INFO  com.novedu.nov.statistics.task.MultiThreadScheduleTask----------------课程播放次数同步完成
2022-02-12 22:05:30.003 [task-1200] INFO  com.novedu.nov.statistics.task.MultiThreadScheduleTask----------------正在同步课程播放次数...
2022-02-12 22:05:33.683 [task-1200] INFO  com.novedu.nov.statistics.task.MultiThreadScheduleTask----------------课程播放次数同步完成
2022-02-12 22:06:00.006 [task-1201] INFO  com.novedu.nov.statistics.task.MultiThreadScheduleTask----------------正在同步课程播放次数...
2022-02-12 22:06:03.672 [task-1201] INFO  com.novedu.nov.statistics.task.MultiThreadScheduleTask----------------课程播放次数同步完成
2022-02-12 22:06:30.005 [task-1202] INFO  com.novedu.nov.statistics.task.MultiThreadScheduleTask----------------正在同步课程播放次数...
2022-02-12 22:06:33.672 [task-1202] INFO  com.novedu.nov.statistics.task.MultiThreadScheduleTask----------------课程播放次数同步完成
2022-02-12 22:07:00.006 [task-1203] INFO  com.novedu.nov.statistics.task.MultiThreadScheduleTask----------------正在同步课程播放次数...
2022-02-12 22:07:03.705 [task-1203] INFO  com.novedu.nov.statistics.task.MultiThreadScheduleTask----------------课程播放次数同步完成
2022-02-12 22:07:30.015 [task-1204] INFO  com.novedu.nov.statistics.task.MultiThreadScheduleTask----------------正在同步课程播放次数...
2022-02-12 22:07:33.677 [task-1204] INFO  com.novedu.nov.statistics.task.MultiThreadScheduleTask----------------课程播放次数同步完成
2022-02-12 22:08:00.003 [task-1205] INFO  com.novedu.nov.statistics.task.MultiThreadScheduleTask----------------正在同步课程播放次数...
2022-02-12 22:08:03.661 [task-1205] INFO  com.novedu.nov.statistics.task.MultiThreadScheduleTask----------------课程播放次数同步完成
2022-02-12 22:08:30.008 [task-1206] INFO  com.novedu.nov.statistics.task.MultiThreadScheduleTask----------------正在同步课程播放次数...
2022-02-12 22:08:33.662 [task-1206] INFO  com.novedu.nov.statistics.task.MultiThreadScheduleTask----------------课程播放次数同步完成
2022-02-12 22:09:00.003 [task-1207] INFO  com.novedu.nov.statistics.task.MultiThreadScheduleTask----------------正在同步课程播放次数...
2022-02-12 22:09:03.687 [task-1207] INFO  com.novedu.nov.statistics.task.MultiThreadScheduleTask----------------课程播放次数同步完成
2022-02-12 22:09:30.003 [task-1208] INFO  com.novedu.nov.statistics.task.MultiThreadScheduleTask----------------正在同步课程播放次数...
2022-02-12 22:09:33.662 [task-1208] INFO  com.novedu.nov.statistics.task.MultiThreadScheduleTask----------------课程播放次数同步完成
2022-02-12 22:10:00.015 [task-1209] INFO  com.novedu.nov.statistics.task.MultiThreadScheduleTask----------------正在同步课程播放次数...
2022-02-12 22:10:03.689 [task-1209] INFO  com.novedu.nov.statistics.task.MultiThreadScheduleTask----------------课程播放次数同步完成
2022-02-12 22:10:30.011 [task-1210] INFO  com.novedu.nov.statistics.task.MultiThreadScheduleTask----------------正在同步课程播放次数...
2022-02-12 22:10:33.655 [task-1210] INFO  com.novedu.nov.statistics.task.MultiThreadScheduleTask----------------课程播放次数同步完成
2022-02-12 22:11:00.003 [task-1211] INFO  com.novedu.nov.statistics.task.MultiThreadScheduleTask----------------正在同步课程播放次数...
2022-02-12 22:11:03.643 [task-1211] INFO  com.novedu.nov.statistics.task.MultiThreadScheduleTask----------------课程播放次数同步完成
2022-02-12 22:11:30.015 [task-1212] INFO  com.novedu.nov.statistics.task.MultiThreadScheduleTask----------------正在同步课程播放次数...
2022-02-12 22:11:33.662 [task-1212] INFO  com.novedu.nov.statistics.task.MultiThreadScheduleTask----------------课程播放次数同步完成
2022-02-12 22:12:00.028 [task-1213] INFO  com.novedu.nov.statistics.task.MultiThreadScheduleTask----------------正在同步课程播放次数...
2022-02-12 22:12:03.667 [task-1213] INFO  com.novedu.nov.statistics.task.MultiThreadScheduleTask----------------课程播放次数同步完成
