2022-02-13 12:51:36.340 [background-preinit] INFO  org.hibernate.validator.internal.util.Version-HV000001: Hibernate Validator 6.1.7.Final
2022-02-13 12:51:36.975 [main] INFO  org.reflections.Reflections-Reflections took 33 ms to scan 1 urls, producing 3 keys and 6 values 
2022-02-13 12:51:37.008 [main] INFO  org.reflections.Reflections-Reflections took 16 ms to scan 1 urls, producing 4 keys and 9 values 
2022-02-13 12:51:37.024 [main] INFO  org.reflections.Reflections-Reflections took 13 ms to scan 1 urls, producing 3 keys and 10 values 
2022-02-13 12:51:37.241 [main] INFO  org.reflections.Reflections-Reflections took 214 ms to scan 200 urls, producing 0 keys and 0 values 
2022-02-13 12:51:37.251 [main] INFO  org.reflections.Reflections-Reflections took 10 ms to scan 1 urls, producing 1 keys and 5 values 
2022-02-13 12:51:37.267 [main] INFO  org.reflections.Reflections-Reflections took 13 ms to scan 1 urls, producing 1 keys and 7 values 
2022-02-13 12:51:37.281 [main] INFO  org.reflections.Reflections-Reflections took 11 ms to scan 1 urls, producing 2 keys and 8 values 
2022-02-13 12:51:37.420 [main] INFO  org.reflections.Reflections-Reflections took 136 ms to scan 200 urls, producing 0 keys and 0 values 
2022-02-13 12:51:45.911 [main] INFO  org.springframework.cloud.bootstrap.config.PropertySourceBootstrapConfiguration-Located property source: [BootstrapPropertySource {name='bootstrapProperties-service-edu-dev.properties,DEFAULT_GROUP'}, BootstrapPropertySource {name='bootstrapProperties-service-edu.properties,DEFAULT_GROUP'}, BootstrapPropertySource {name='bootstrapProperties-service-edu,DEFAULT_GROUP'}]
2022-02-13 12:51:45.916 [main] INFO  com.novedu.nov.EduServiceApplication-The following profiles are active: dev
2022-02-13 12:51:47.012 [main] INFO  org.springframework.data.repository.config.RepositoryConfigurationDelegate-Multiple Spring Data modules found, entering strict repository configuration mode!
2022-02-13 12:51:47.014 [main] INFO  org.springframework.data.repository.config.RepositoryConfigurationDelegate-Bootstrapping Spring Data Redis repositories in DEFAULT mode.
2022-02-13 12:51:47.052 [main] INFO  org.springframework.data.repository.config.RepositoryConfigurationDelegate-Finished Spring Data repository scanning in 24ms. Found 0 Redis repository interfaces.
2022-02-13 12:51:47.267 [main] INFO  org.springframework.cloud.context.scope.GenericScope-BeanFactory id=be9c73ee-bdf8-3ecf-8a7d-81f48d93c79f
2022-02-13 12:51:47.731 [main] INFO  org.springframework.boot.web.embedded.tomcat.TomcatWebServer-Tomcat initialized with port(s): 8081 (http)
2022-02-13 12:51:47.740 [main] INFO  org.apache.coyote.http11.Http11NioProtocol-Initializing ProtocolHandler ["http-nio-8081"]
2022-02-13 12:51:47.740 [main] INFO  org.apache.catalina.core.StandardService-Starting service [Tomcat]
2022-02-13 12:51:47.741 [main] INFO  org.apache.catalina.core.StandardEngine-Starting Servlet engine: [Apache Tomcat/9.0.46]
2022-02-13 12:51:47.849 [main] INFO  org.apache.catalina.core.ContainerBase.[Tomcat].[localhost].[/]-Initializing Spring embedded WebApplicationContext
2022-02-13 12:51:47.849 [main] INFO  org.springframework.boot.web.servlet.context.ServletWebServerApplicationContext-Root WebApplicationContext: initialization completed in 1910 ms
2022-02-13 12:51:47.955 [main] INFO  com.alibaba.druid.spring.boot.autoconfigure.DruidDataSourceAutoConfigure-Init DruidDataSource
2022-02-13 12:51:48.053 [main] INFO  com.alibaba.druid.pool.DruidDataSource-{dataSource-1} inited
2022-02-13 12:51:49.349 [main] INFO  org.springframework.cloud.openfeign.FeignClientFactoryBean-For 'service-order' URL not provided. Will try picking an instance via load-balancing.
2022-02-13 12:51:50.619 [main] INFO  springfox.documentation.spring.web.PropertySourcedRequestMappingHandlerMapping-Mapped URL path [/v2/api-docs] onto method [springfox.documentation.swagger2.web.Swagger2Controller#getDocumentation(String, HttpServletRequest)]
2022-02-13 12:51:50.633 [main] INFO  com.netflix.config.sources.URLConfigurationSource-To enable URLs as dynamic configuration sources, define System property archaius.configurationSource.additionalUrls or make config.properties available on classpath.
2022-02-13 12:51:50.637 [main] INFO  com.netflix.config.sources.URLConfigurationSource-To enable URLs as dynamic configuration sources, define System property archaius.configurationSource.additionalUrls or make config.properties available on classpath.
2022-02-13 12:51:50.769 [main] INFO  org.springframework.scheduling.concurrent.ThreadPoolTaskExecutor-Initializing ExecutorService 'applicationTaskExecutor'
2022-02-13 12:51:50.960 [main] INFO  org.springframework.scheduling.concurrent.ThreadPoolTaskScheduler-Initializing ExecutorService 'Nacos-Watch-Task-Scheduler'
2022-02-13 12:51:51.577 [main] INFO  org.apache.coyote.http11.Http11NioProtocol-Starting ProtocolHandler ["http-nio-8081"]
2022-02-13 12:51:51.591 [main] INFO  org.springframework.boot.web.embedded.tomcat.TomcatWebServer-Tomcat started on port(s): 8081 (http) with context path ''
2022-02-13 12:51:51.606 [main] INFO  com.alibaba.cloud.nacos.registry.NacosServiceRegistry-nacos registry, DEFAULT_GROUP service-edu 192.168.31.136:8081 register finished
2022-02-13 12:51:51.675 [main] INFO  springfox.documentation.spring.web.plugins.DocumentationPluginsBootstrapper-Context refreshed
2022-02-13 12:51:51.689 [main] INFO  springfox.documentation.spring.web.plugins.DocumentationPluginsBootstrapper-Found 1 custom documentation plugin(s)
2022-02-13 12:51:51.718 [main] INFO  springfox.documentation.spring.web.scanners.ApiListingReferenceScanner-Scanning for api listing references
2022-02-13 12:51:51.873 [main] INFO  springfox.documentation.spring.web.readers.operation.CachingOperationNameGenerator-Generating unique operation named: queryCommentPageUsingPOST_1
2022-02-13 12:51:51.907 [main] INFO  springfox.documentation.spring.web.readers.operation.CachingOperationNameGenerator-Generating unique operation named: queryCourseByTeacherIdUsingPOST_1
2022-02-13 12:51:51.921 [main] INFO  springfox.documentation.spring.web.readers.operation.CachingOperationNameGenerator-Generating unique operation named: saveCourseUsingPOST_1
2022-02-13 12:51:51.953 [main] INFO  springfox.documentation.spring.web.readers.operation.CachingOperationNameGenerator-Generating unique operation named: saveCourseUsingPOST_2
2022-02-13 12:51:51.978 [main] INFO  com.novedu.nov.EduServiceApplication-Started EduServiceApplication in 16.187 seconds (JVM running for 17.497)
2022-02-13 12:52:05.745 [background-preinit] INFO  org.hibernate.validator.internal.util.Version-HV000001: Hibernate Validator 6.1.7.Final
2022-02-13 12:52:06.334 [main] INFO  org.reflections.Reflections-Reflections took 30 ms to scan 1 urls, producing 3 keys and 6 values 
2022-02-13 12:52:06.365 [main] INFO  org.reflections.Reflections-Reflections took 17 ms to scan 1 urls, producing 4 keys and 9 values 
2022-02-13 12:52:06.382 [main] INFO  org.reflections.Reflections-Reflections took 14 ms to scan 1 urls, producing 3 keys and 10 values 
2022-02-13 12:52:06.541 [main] INFO  org.reflections.Reflections-Reflections took 154 ms to scan 200 urls, producing 0 keys and 0 values 
2022-02-13 12:52:06.552 [main] INFO  org.reflections.Reflections-Reflections took 11 ms to scan 1 urls, producing 1 keys and 5 values 
2022-02-13 12:52:06.569 [main] INFO  org.reflections.Reflections-Reflections took 13 ms to scan 1 urls, producing 1 keys and 7 values 
2022-02-13 12:52:06.583 [main] INFO  org.reflections.Reflections-Reflections took 12 ms to scan 1 urls, producing 2 keys and 8 values 
2022-02-13 12:52:06.720 [main] INFO  org.reflections.Reflections-Reflections took 133 ms to scan 200 urls, producing 0 keys and 0 values 
2022-02-13 12:52:07.717 [main] INFO  org.springframework.cloud.bootstrap.config.PropertySourceBootstrapConfiguration-Located property source: [BootstrapPropertySource {name='bootstrapProperties-service-order-dev.properties,DEFAULT_GROUP'}, BootstrapPropertySource {name='bootstrapProperties-service-order.properties,DEFAULT_GROUP'}, BootstrapPropertySource {name='bootstrapProperties-service-order,DEFAULT_GROUP'}]
2022-02-13 12:52:07.722 [main] INFO  com.novedu.nov.order.OrderServiceApplication-The following profiles are active: dev
2022-02-13 12:52:08.387 [main] INFO  org.springframework.data.repository.config.RepositoryConfigurationDelegate-Multiple Spring Data modules found, entering strict repository configuration mode!
2022-02-13 12:52:08.389 [main] INFO  org.springframework.data.repository.config.RepositoryConfigurationDelegate-Bootstrapping Spring Data Redis repositories in DEFAULT mode.
2022-02-13 12:52:08.413 [main] INFO  org.springframework.data.repository.config.RepositoryConfigurationDelegate-Finished Spring Data repository scanning in 12ms. Found 0 Redis repository interfaces.
2022-02-13 12:52:08.604 [main] INFO  org.springframework.cloud.context.scope.GenericScope-BeanFactory id=7a5eb90e-09e1-36de-bc0e-f3cbd71822cc
2022-02-13 12:52:09.018 [main] INFO  org.springframework.boot.web.embedded.tomcat.TomcatWebServer-Tomcat initialized with port(s): 8086 (http)
2022-02-13 12:52:09.026 [main] INFO  org.apache.coyote.http11.Http11NioProtocol-Initializing ProtocolHandler ["http-nio-8086"]
2022-02-13 12:52:09.026 [main] INFO  org.apache.catalina.core.StandardService-Starting service [Tomcat]
2022-02-13 12:52:09.026 [main] INFO  org.apache.catalina.core.StandardEngine-Starting Servlet engine: [Apache Tomcat/9.0.46]
2022-02-13 12:52:09.138 [main] INFO  org.apache.catalina.core.ContainerBase.[Tomcat].[localhost].[/]-Initializing Spring embedded WebApplicationContext
2022-02-13 12:52:09.138 [main] INFO  org.springframework.boot.web.servlet.context.ServletWebServerApplicationContext-Root WebApplicationContext: initialization completed in 1396 ms
2022-02-13 12:52:09.364 [main] INFO  org.springframework.cloud.openfeign.FeignClientFactoryBean-For 'service-edu' URL not provided. Will try picking an instance via load-balancing.
2022-02-13 12:52:09.440 [main] INFO  com.alibaba.druid.spring.boot.autoconfigure.DruidDataSourceAutoConfigure-Init DruidDataSource
2022-02-13 12:52:10.727 [background-preinit] INFO  org.hibernate.validator.internal.util.Version-HV000001: Hibernate Validator 6.1.7.Final
2022-02-13 12:52:11.290 [main] INFO  org.reflections.Reflections-Reflections took 28 ms to scan 1 urls, producing 3 keys and 6 values 
2022-02-13 12:52:11.317 [main] INFO  org.reflections.Reflections-Reflections took 14 ms to scan 1 urls, producing 4 keys and 9 values 
2022-02-13 12:52:11.334 [main] INFO  org.reflections.Reflections-Reflections took 13 ms to scan 1 urls, producing 3 keys and 10 values 
2022-02-13 12:52:11.492 [main] INFO  org.reflections.Reflections-Reflections took 155 ms to scan 200 urls, producing 0 keys and 0 values 
2022-02-13 12:52:11.502 [main] INFO  org.reflections.Reflections-Reflections took 9 ms to scan 1 urls, producing 1 keys and 5 values 
2022-02-13 12:52:11.518 [main] INFO  org.reflections.Reflections-Reflections took 13 ms to scan 1 urls, producing 1 keys and 7 values 
2022-02-13 12:52:11.531 [main] INFO  org.reflections.Reflections-Reflections took 10 ms to scan 1 urls, producing 2 keys and 8 values 
2022-02-13 12:52:11.668 [main] INFO  org.reflections.Reflections-Reflections took 133 ms to scan 200 urls, producing 0 keys and 0 values 
2022-02-13 12:52:11.795 [main] INFO  com.alibaba.druid.pool.DruidDataSource-{dataSource-1} inited
2022-02-13 12:52:12.259 [main] INFO  org.springframework.cloud.openfeign.FeignClientFactoryBean-For 'service-ucenter' URL not provided. Will try picking an instance via load-balancing.
2022-02-13 12:52:12.697 [main] INFO  org.springframework.cloud.bootstrap.config.PropertySourceBootstrapConfiguration-Located property source: [BootstrapPropertySource {name='bootstrapProperties-service-statistics-dev.properties,DEFAULT_GROUP'}, BootstrapPropertySource {name='bootstrapProperties-service-statistics.properties,DEFAULT_GROUP'}, BootstrapPropertySource {name='bootstrapProperties-service-statistics,DEFAULT_GROUP'}]
2022-02-13 12:52:12.701 [main] INFO  com.novedu.nov.StatisticsServiceApplication-The following profiles are active: dev
2022-02-13 12:52:13.012 [main] INFO  springfox.documentation.spring.web.PropertySourcedRequestMappingHandlerMapping-Mapped URL path [/v2/api-docs] onto method [springfox.documentation.swagger2.web.Swagger2Controller#getDocumentation(String, HttpServletRequest)]
2022-02-13 12:52:13.023 [main] INFO  com.netflix.config.sources.URLConfigurationSource-To enable URLs as dynamic configuration sources, define System property archaius.configurationSource.additionalUrls or make config.properties available on classpath.
2022-02-13 12:52:13.027 [main] INFO  com.netflix.config.sources.URLConfigurationSource-To enable URLs as dynamic configuration sources, define System property archaius.configurationSource.additionalUrls or make config.properties available on classpath.
2022-02-13 12:52:13.164 [main] INFO  org.springframework.scheduling.concurrent.ThreadPoolTaskExecutor-Initializing ExecutorService 'applicationTaskExecutor'
2022-02-13 12:52:13.346 [main] INFO  org.springframework.scheduling.concurrent.ThreadPoolTaskScheduler-Initializing ExecutorService 'Nacos-Watch-Task-Scheduler'
2022-02-13 12:52:13.423 [main] INFO  org.springframework.data.repository.config.RepositoryConfigurationDelegate-Multiple Spring Data modules found, entering strict repository configuration mode!
2022-02-13 12:52:13.426 [main] INFO  org.springframework.data.repository.config.RepositoryConfigurationDelegate-Bootstrapping Spring Data Redis repositories in DEFAULT mode.
2022-02-13 12:52:13.461 [main] INFO  org.springframework.data.repository.config.RepositoryConfigurationDelegate-Finished Spring Data repository scanning in 21ms. Found 0 Redis repository interfaces.
2022-02-13 12:52:13.668 [main] INFO  org.springframework.cloud.context.scope.GenericScope-BeanFactory id=4e79a20f-e4a7-3bea-be04-7792697a78c6
2022-02-13 12:52:13.823 [background-preinit] INFO  org.hibernate.validator.internal.util.Version-HV000001: Hibernate Validator 6.1.7.Final
2022-02-13 12:52:13.931 [main] INFO  org.apache.coyote.http11.Http11NioProtocol-Starting ProtocolHandler ["http-nio-8086"]
2022-02-13 12:52:13.945 [main] INFO  org.springframework.boot.web.embedded.tomcat.TomcatWebServer-Tomcat started on port(s): 8086 (http) with context path ''
2022-02-13 12:52:13.956 [main] INFO  com.alibaba.cloud.nacos.registry.NacosServiceRegistry-nacos registry, DEFAULT_GROUP service-order 192.168.31.136:8086 register finished
2022-02-13 12:52:14.029 [main] INFO  springfox.documentation.spring.web.plugins.DocumentationPluginsBootstrapper-Context refreshed
2022-02-13 12:52:14.043 [main] INFO  springfox.documentation.spring.web.plugins.DocumentationPluginsBootstrapper-Found 1 custom documentation plugin(s)
2022-02-13 12:52:14.074 [main] INFO  springfox.documentation.spring.web.scanners.ApiListingReferenceScanner-Scanning for api listing references
2022-02-13 12:52:14.160 [main] INFO  org.springframework.boot.web.embedded.tomcat.TomcatWebServer-Tomcat initialized with port(s): 8087 (http)
2022-02-13 12:52:14.168 [main] INFO  org.apache.coyote.http11.Http11NioProtocol-Initializing ProtocolHandler ["http-nio-8087"]
2022-02-13 12:52:14.169 [main] INFO  org.apache.catalina.core.StandardService-Starting service [Tomcat]
2022-02-13 12:52:14.169 [main] INFO  org.apache.catalina.core.StandardEngine-Starting Servlet engine: [Apache Tomcat/9.0.46]
2022-02-13 12:52:14.230 [main] INFO  com.novedu.nov.order.OrderServiceApplication-Started OrderServiceApplication in 8.983 seconds (JVM running for 9.647)
2022-02-13 12:52:14.280 [main] INFO  org.apache.catalina.core.ContainerBase.[Tomcat].[localhost].[/]-Initializing Spring embedded WebApplicationContext
2022-02-13 12:52:14.280 [main] INFO  org.springframework.boot.web.servlet.context.ServletWebServerApplicationContext-Root WebApplicationContext: initialization completed in 1558 ms
2022-02-13 12:52:14.383 [main] INFO  com.alibaba.druid.spring.boot.autoconfigure.DruidDataSourceAutoConfigure-Init DruidDataSource
2022-02-13 12:52:14.423 [main] INFO  org.reflections.Reflections-Reflections took 29 ms to scan 1 urls, producing 3 keys and 6 values 
2022-02-13 12:52:14.452 [main] INFO  org.reflections.Reflections-Reflections took 14 ms to scan 1 urls, producing 4 keys and 9 values 
2022-02-13 12:52:14.466 [main] INFO  com.alibaba.druid.pool.DruidDataSource-{dataSource-1} inited
2022-02-13 12:52:14.469 [main] INFO  org.reflections.Reflections-Reflections took 14 ms to scan 1 urls, producing 3 keys and 10 values 
2022-02-13 12:52:14.642 [main] INFO  org.reflections.Reflections-Reflections took 170 ms to scan 200 urls, producing 0 keys and 0 values 
2022-02-13 12:52:14.652 [main] INFO  org.reflections.Reflections-Reflections took 10 ms to scan 1 urls, producing 1 keys and 5 values 
2022-02-13 12:52:14.667 [main] INFO  org.reflections.Reflections-Reflections took 13 ms to scan 1 urls, producing 1 keys and 7 values 
2022-02-13 12:52:14.679 [main] INFO  org.reflections.Reflections-Reflections took 9 ms to scan 1 urls, producing 2 keys and 8 values 
2022-02-13 12:52:14.827 [main] INFO  org.reflections.Reflections-Reflections took 145 ms to scan 200 urls, producing 0 keys and 0 values 
2022-02-13 12:52:14.963 [main] INFO  org.springframework.cloud.openfeign.FeignClientFactoryBean-For 'service-edu' URL not provided. Will try picking an instance via load-balancing.
2022-02-13 12:52:15.887 [main] INFO  org.springframework.cloud.bootstrap.config.PropertySourceBootstrapConfiguration-Located property source: [BootstrapPropertySource {name='bootstrapProperties-service-ucenter-dev.properties,DEFAULT_GROUP'}, BootstrapPropertySource {name='bootstrapProperties-service-ucenter.properties,DEFAULT_GROUP'}, BootstrapPropertySource {name='bootstrapProperties-service-ucenter,DEFAULT_GROUP'}]
2022-02-13 12:52:15.890 [main] INFO  com.novedu.nov.UCenterServiceApplication-The following profiles are active: dev
2022-02-13 12:52:16.374 [main] INFO  springfox.documentation.spring.web.PropertySourcedRequestMappingHandlerMapping-Mapped URL path [/v2/api-docs] onto method [springfox.documentation.swagger2.web.Swagger2Controller#getDocumentation(String, HttpServletRequest)]
2022-02-13 12:52:16.388 [main] INFO  com.netflix.config.sources.URLConfigurationSource-To enable URLs as dynamic configuration sources, define System property archaius.configurationSource.additionalUrls or make config.properties available on classpath.
2022-02-13 12:52:16.392 [main] INFO  com.netflix.config.sources.URLConfigurationSource-To enable URLs as dynamic configuration sources, define System property archaius.configurationSource.additionalUrls or make config.properties available on classpath.
2022-02-13 12:52:16.533 [main] INFO  org.springframework.scheduling.concurrent.ThreadPoolTaskExecutor-Initializing ExecutorService 'applicationTaskExecutor'
2022-02-13 12:52:16.545 [main] INFO  org.springframework.data.repository.config.RepositoryConfigurationDelegate-Multiple Spring Data modules found, entering strict repository configuration mode!
2022-02-13 12:52:16.547 [main] INFO  org.springframework.data.repository.config.RepositoryConfigurationDelegate-Bootstrapping Spring Data Redis repositories in DEFAULT mode.
2022-02-13 12:52:16.578 [main] INFO  org.springframework.data.repository.config.RepositoryConfigurationDelegate-Finished Spring Data repository scanning in 16ms. Found 0 Redis repository interfaces.
2022-02-13 12:52:16.737 [main] INFO  org.springframework.scheduling.concurrent.ThreadPoolTaskScheduler-Initializing ExecutorService 'Nacos-Watch-Task-Scheduler'
2022-02-13 12:52:16.767 [main] INFO  org.springframework.cloud.context.scope.GenericScope-BeanFactory id=8b09e3ae-b9fe-325f-9737-9676993fe415
2022-02-13 12:52:17.249 [main] INFO  org.springframework.boot.web.embedded.tomcat.TomcatWebServer-Tomcat initialized with port(s): 8085 (http)
2022-02-13 12:52:17.262 [main] INFO  org.apache.coyote.http11.Http11NioProtocol-Initializing ProtocolHandler ["http-nio-8085"]
2022-02-13 12:52:17.262 [main] INFO  org.apache.catalina.core.StandardService-Starting service [Tomcat]
2022-02-13 12:52:17.262 [main] INFO  org.apache.catalina.core.StandardEngine-Starting Servlet engine: [Apache Tomcat/9.0.46]
2022-02-13 12:52:17.267 [main] INFO  org.springframework.scheduling.concurrent.ThreadPoolTaskScheduler-Initializing ExecutorService 'taskScheduler'
2022-02-13 12:52:17.417 [main] INFO  org.apache.catalina.core.ContainerBase.[Tomcat].[localhost].[/]-Initializing Spring embedded WebApplicationContext
2022-02-13 12:52:17.417 [main] INFO  org.springframework.boot.web.servlet.context.ServletWebServerApplicationContext-Root WebApplicationContext: initialization completed in 1509 ms
2022-02-13 12:52:17.564 [main] INFO  com.alibaba.druid.spring.boot.autoconfigure.DruidDataSourceAutoConfigure-Init DruidDataSource
2022-02-13 12:52:17.663 [main] INFO  com.alibaba.druid.pool.DruidDataSource-{dataSource-1} inited
2022-02-13 12:52:17.720 [main] INFO  org.apache.coyote.http11.Http11NioProtocol-Starting ProtocolHandler ["http-nio-8087"]
2022-02-13 12:52:17.736 [main] INFO  org.springframework.boot.web.embedded.tomcat.TomcatWebServer-Tomcat started on port(s): 8087 (http) with context path ''
2022-02-13 12:52:17.747 [main] INFO  com.alibaba.cloud.nacos.registry.NacosServiceRegistry-nacos registry, DEFAULT_GROUP service-statistics 192.168.31.136:8087 register finished
2022-02-13 12:52:17.832 [main] INFO  springfox.documentation.spring.web.plugins.DocumentationPluginsBootstrapper-Context refreshed
2022-02-13 12:52:17.848 [main] INFO  springfox.documentation.spring.web.plugins.DocumentationPluginsBootstrapper-Found 1 custom documentation plugin(s)
2022-02-13 12:52:17.883 [main] INFO  springfox.documentation.spring.web.scanners.ApiListingReferenceScanner-Scanning for api listing references
2022-02-13 12:52:18.021 [main] INFO  com.novedu.nov.StatisticsServiceApplication-Started StatisticsServiceApplication in 7.773 seconds (JVM running for 8.472)
2022-02-13 12:52:19.039 [main] INFO  com.netflix.config.sources.URLConfigurationSource-To enable URLs as dynamic configuration sources, define System property archaius.configurationSource.additionalUrls or make config.properties available on classpath.
2022-02-13 12:52:19.043 [main] INFO  com.netflix.config.sources.URLConfigurationSource-To enable URLs as dynamic configuration sources, define System property archaius.configurationSource.additionalUrls or make config.properties available on classpath.
2022-02-13 12:52:19.238 [main] INFO  org.springframework.scheduling.concurrent.ThreadPoolTaskExecutor-Initializing ExecutorService 'applicationTaskExecutor'
2022-02-13 12:52:19.446 [main] INFO  org.springframework.scheduling.concurrent.ThreadPoolTaskScheduler-Initializing ExecutorService 'Nacos-Watch-Task-Scheduler'
2022-02-13 12:52:20.383 [main] INFO  org.apache.coyote.http11.Http11NioProtocol-Starting ProtocolHandler ["http-nio-8085"]
2022-02-13 12:52:20.397 [main] INFO  org.springframework.boot.web.embedded.tomcat.TomcatWebServer-Tomcat started on port(s): 8085 (http) with context path ''
2022-02-13 12:52:20.407 [main] INFO  com.alibaba.cloud.nacos.registry.NacosServiceRegistry-nacos registry, DEFAULT_GROUP service-ucenter 192.168.31.136:8085 register finished
2022-02-13 12:52:20.484 [main] INFO  com.novedu.nov.UCenterServiceApplication-Started UCenterServiceApplication in 7.163 seconds (JVM running for 7.937)
2022-02-13 12:52:20.647 [background-preinit] INFO  org.hibernate.validator.internal.util.Version-HV000001: Hibernate Validator 6.1.7.Final
2022-02-13 12:52:21.191 [main] INFO  org.reflections.Reflections-Reflections took 30 ms to scan 1 urls, producing 3 keys and 6 values 
2022-02-13 12:52:21.220 [main] INFO  org.reflections.Reflections-Reflections took 15 ms to scan 1 urls, producing 4 keys and 9 values 
2022-02-13 12:52:21.235 [main] INFO  org.reflections.Reflections-Reflections took 13 ms to scan 1 urls, producing 3 keys and 10 values 
2022-02-13 12:52:21.400 [main] INFO  org.reflections.Reflections-Reflections took 161 ms to scan 200 urls, producing 0 keys and 0 values 
2022-02-13 12:52:21.411 [main] INFO  org.reflections.Reflections-Reflections took 10 ms to scan 1 urls, producing 1 keys and 5 values 
2022-02-13 12:52:21.427 [main] INFO  org.reflections.Reflections-Reflections took 13 ms to scan 1 urls, producing 1 keys and 7 values 
2022-02-13 12:52:21.440 [main] INFO  org.reflections.Reflections-Reflections took 10 ms to scan 1 urls, producing 2 keys and 8 values 
2022-02-13 12:52:21.576 [main] INFO  org.reflections.Reflections-Reflections took 133 ms to scan 200 urls, producing 0 keys and 0 values 
2022-02-13 12:52:22.534 [main] INFO  org.springframework.cloud.bootstrap.config.PropertySourceBootstrapConfiguration-Located property source: [BootstrapPropertySource {name='bootstrapProperties-service-upload.properties,DEFAULT_GROUP'}, BootstrapPropertySource {name='bootstrapProperties-service-upload,DEFAULT_GROUP'}]
2022-02-13 12:52:22.538 [main] INFO  com.novedu.nov.upload.UploadServiceApplication-No active profile set, falling back to default profiles: default
2022-02-13 12:52:23.029 [main] INFO  org.springframework.data.repository.config.RepositoryConfigurationDelegate-Multiple Spring Data modules found, entering strict repository configuration mode!
2022-02-13 12:52:23.031 [main] INFO  org.springframework.data.repository.config.RepositoryConfigurationDelegate-Bootstrapping Spring Data Redis repositories in DEFAULT mode.
2022-02-13 12:52:23.052 [main] INFO  org.springframework.data.repository.config.RepositoryConfigurationDelegate-Finished Spring Data repository scanning in 10ms. Found 0 Redis repository interfaces.
2022-02-13 12:52:23.229 [main] INFO  org.springframework.cloud.context.scope.GenericScope-BeanFactory id=ad38946d-e83d-377b-8513-04e1c5ff733e
2022-02-13 12:52:23.625 [main] INFO  org.springframework.boot.web.embedded.tomcat.TomcatWebServer-Tomcat initialized with port(s): 8888 (http)
2022-02-13 12:52:23.634 [main] INFO  org.apache.coyote.http11.Http11NioProtocol-Initializing ProtocolHandler ["http-nio-8888"]
2022-02-13 12:52:23.634 [main] INFO  org.apache.catalina.core.StandardService-Starting service [Tomcat]
2022-02-13 12:52:23.634 [main] INFO  org.apache.catalina.core.StandardEngine-Starting Servlet engine: [Apache Tomcat/9.0.46]
2022-02-13 12:52:23.768 [main] INFO  org.apache.catalina.core.ContainerBase.[Tomcat].[localhost].[/]-Initializing Spring embedded WebApplicationContext
2022-02-13 12:52:23.768 [main] INFO  org.springframework.boot.web.servlet.context.ServletWebServerApplicationContext-Root WebApplicationContext: initialization completed in 1214 ms
2022-02-13 12:52:23.895 [main] INFO  com.alibaba.druid.spring.boot.autoconfigure.DruidDataSourceAutoConfigure-Init DruidDataSource
2022-02-13 12:52:23.975 [main] INFO  com.alibaba.druid.pool.DruidDataSource-{dataSource-1} inited
2022-02-13 12:52:25.053 [main] INFO  com.netflix.config.sources.URLConfigurationSource-To enable URLs as dynamic configuration sources, define System property archaius.configurationSource.additionalUrls or make config.properties available on classpath.
2022-02-13 12:52:25.057 [main] INFO  com.netflix.config.sources.URLConfigurationSource-To enable URLs as dynamic configuration sources, define System property archaius.configurationSource.additionalUrls or make config.properties available on classpath.
2022-02-13 12:52:25.243 [main] INFO  org.springframework.scheduling.concurrent.ThreadPoolTaskExecutor-Initializing ExecutorService 'applicationTaskExecutor'
2022-02-13 12:52:25.460 [main] INFO  org.springframework.scheduling.concurrent.ThreadPoolTaskScheduler-Initializing ExecutorService 'Nacos-Watch-Task-Scheduler'
2022-02-13 12:52:26.592 [main] INFO  org.apache.coyote.http11.Http11NioProtocol-Starting ProtocolHandler ["http-nio-8888"]
2022-02-13 12:52:26.605 [main] INFO  org.springframework.boot.web.embedded.tomcat.TomcatWebServer-Tomcat started on port(s): 8888 (http) with context path ''
2022-02-13 12:52:26.618 [main] INFO  com.alibaba.cloud.nacos.registry.NacosServiceRegistry-nacos registry, DEFAULT_GROUP service-upload 192.168.31.136:8888 register finished
2022-02-13 12:52:26.699 [main] INFO  com.novedu.nov.upload.UploadServiceApplication-Started UploadServiceApplication in 6.589 seconds (JVM running for 7.278)
2022-02-13 12:52:30.018 [task-1] INFO  com.novedu.nov.statistics.task.MultiThreadScheduleTask----------------正在同步课程播放次数...
2022-02-13 12:52:30.223 [task-1] INFO  com.netflix.config.ChainedDynamicProperty-Flipping property: service-edu.ribbon.ActiveConnectionsLimit to use NEXT property: niws.loadbalancer.availabilityFilteringRule.activeConnectionsLimit = 2147483647
2022-02-13 12:52:30.237 [task-1] INFO  com.netflix.loadbalancer.BaseLoadBalancer-Client: service-edu instantiated a LoadBalancer: DynamicServerListLoadBalancer:{NFLoadBalancer:name=service-edu,current list of Servers=[],Load balancer stats=Zone stats: {},Server stats: []}ServerList:null
2022-02-13 12:52:30.242 [task-1] INFO  com.netflix.loadbalancer.DynamicServerListLoadBalancer-Using serverListUpdater PollingServerListUpdater
2022-02-13 12:52:30.260 [task-1] INFO  com.netflix.config.ChainedDynamicProperty-Flipping property: service-edu.ribbon.ActiveConnectionsLimit to use NEXT property: niws.loadbalancer.availabilityFilteringRule.activeConnectionsLimit = 2147483647
2022-02-13 12:52:30.262 [task-1] INFO  com.netflix.loadbalancer.DynamicServerListLoadBalancer-DynamicServerListLoadBalancer for client service-edu initialized: DynamicServerListLoadBalancer:{NFLoadBalancer:name=service-edu,current list of Servers=[192.168.31.136:8081],Load balancer stats=Zone stats: {unknown=[Zone:unknown;	Instance count:1;	Active connections count: 0;	Circuit breaker tripped count: 0;	Active connections per server: 0.0;]
},Server stats: [[Server:192.168.31.136:8081;	Zone:UNKNOWN;	Total Requests:0;	Successive connection failure:0;	Total blackout seconds:0;	Last connection made:Thu Jan 01 08:00:00 CST 1970;	First connection made: Thu Jan 01 08:00:00 CST 1970;	Active Connections:0;	total failure count in last (1000) msecs:0;	average resp time:0.0;	90 percentile resp time:0.0;	95 percentile resp time:0.0;	min resp time:0.0;	max resp time:0.0;	stddev resp time:0.0]
]}ServerList:com.alibaba.cloud.nacos.ribbon.NacosServerList@636353e7
2022-02-13 12:52:30.369 [http-nio-8081-exec-1] INFO  org.apache.catalina.core.ContainerBase.[Tomcat].[localhost].[/]-Initializing Spring DispatcherServlet 'dispatcherServlet'
2022-02-13 12:52:30.369 [http-nio-8081-exec-1] INFO  org.springframework.web.servlet.DispatcherServlet-Initializing Servlet 'dispatcherServlet'
2022-02-13 12:52:30.377 [http-nio-8081-exec-1] INFO  org.springframework.web.servlet.DispatcherServlet-Completed initialization in 7 ms
2022-02-13 12:52:31.249 [PollingServerListUpdater-0] INFO  com.netflix.config.ChainedDynamicProperty-Flipping property: service-edu.ribbon.ActiveConnectionsLimit to use NEXT property: niws.loadbalancer.availabilityFilteringRule.activeConnectionsLimit = 2147483647
2022-02-13 12:52:34.266 [task-1] INFO  com.novedu.nov.statistics.task.MultiThreadScheduleTask----------------课程播放次数同步完成
2022-02-13 12:53:00.010 [task-2] INFO  com.novedu.nov.statistics.task.MultiThreadScheduleTask----------------正在同步课程播放次数...
2022-02-13 12:53:03.418 [task-2] INFO  com.novedu.nov.statistics.task.MultiThreadScheduleTask----------------课程播放次数同步完成
2022-02-13 12:53:30.002 [task-3] INFO  com.novedu.nov.statistics.task.MultiThreadScheduleTask----------------正在同步课程播放次数...
2022-02-13 12:53:31.469 [http-nio-8086-exec-1] INFO  org.apache.catalina.core.ContainerBase.[Tomcat].[localhost].[/]-Initializing Spring DispatcherServlet 'dispatcherServlet'
2022-02-13 12:53:31.470 [http-nio-8086-exec-1] INFO  org.springframework.web.servlet.DispatcherServlet-Initializing Servlet 'dispatcherServlet'
2022-02-13 12:53:31.477 [http-nio-8086-exec-1] INFO  org.springframework.web.servlet.DispatcherServlet-Completed initialization in 7 ms
2022-02-13 12:53:33.118 [task-3] INFO  com.novedu.nov.statistics.task.MultiThreadScheduleTask----------------课程播放次数同步完成
2022-02-13 12:53:55.390 [http-nio-8085-exec-1] INFO  org.apache.catalina.core.ContainerBase.[Tomcat].[localhost].[/]-Initializing Spring DispatcherServlet 'dispatcherServlet'
2022-02-13 12:53:55.391 [http-nio-8085-exec-1] INFO  org.springframework.web.servlet.DispatcherServlet-Initializing Servlet 'dispatcherServlet'
2022-02-13 12:53:55.397 [http-nio-8085-exec-1] INFO  org.springframework.web.servlet.DispatcherServlet-Completed initialization in 6 ms
2022-02-13 12:53:57.479 [http-nio-8086-exec-2] INFO  com.netflix.config.ChainedDynamicProperty-Flipping property: service-edu.ribbon.ActiveConnectionsLimit to use NEXT property: niws.loadbalancer.availabilityFilteringRule.activeConnectionsLimit = 2147483647
2022-02-13 12:53:57.491 [http-nio-8086-exec-2] INFO  com.netflix.loadbalancer.BaseLoadBalancer-Client: service-edu instantiated a LoadBalancer: DynamicServerListLoadBalancer:{NFLoadBalancer:name=service-edu,current list of Servers=[],Load balancer stats=Zone stats: {},Server stats: []}ServerList:null
2022-02-13 12:53:57.496 [http-nio-8086-exec-2] INFO  com.netflix.loadbalancer.DynamicServerListLoadBalancer-Using serverListUpdater PollingServerListUpdater
2022-02-13 12:53:57.515 [http-nio-8086-exec-2] INFO  com.netflix.config.ChainedDynamicProperty-Flipping property: service-edu.ribbon.ActiveConnectionsLimit to use NEXT property: niws.loadbalancer.availabilityFilteringRule.activeConnectionsLimit = 2147483647
2022-02-13 12:53:57.517 [http-nio-8086-exec-2] INFO  com.netflix.loadbalancer.DynamicServerListLoadBalancer-DynamicServerListLoadBalancer for client service-edu initialized: DynamicServerListLoadBalancer:{NFLoadBalancer:name=service-edu,current list of Servers=[192.168.31.136:8081],Load balancer stats=Zone stats: {unknown=[Zone:unknown;	Instance count:1;	Active connections count: 0;	Circuit breaker tripped count: 0;	Active connections per server: 0.0;]
},Server stats: [[Server:192.168.31.136:8081;	Zone:UNKNOWN;	Total Requests:0;	Successive connection failure:0;	Total blackout seconds:0;	Last connection made:Thu Jan 01 08:00:00 CST 1970;	First connection made: Thu Jan 01 08:00:00 CST 1970;	Active Connections:0;	total failure count in last (1000) msecs:0;	average resp time:0.0;	90 percentile resp time:0.0;	95 percentile resp time:0.0;	min resp time:0.0;	max resp time:0.0;	stddev resp time:0.0]
]}ServerList:com.alibaba.cloud.nacos.ribbon.NacosServerList@4bb094d8
2022-02-13 12:53:58.505 [PollingServerListUpdater-0] INFO  com.netflix.config.ChainedDynamicProperty-Flipping property: service-edu.ribbon.ActiveConnectionsLimit to use NEXT property: niws.loadbalancer.availabilityFilteringRule.activeConnectionsLimit = 2147483647
2022-02-13 12:54:00.009 [task-4] INFO  com.novedu.nov.statistics.task.MultiThreadScheduleTask----------------正在同步课程播放次数...
2022-02-13 12:54:03.037 [task-4] INFO  com.novedu.nov.statistics.task.MultiThreadScheduleTask----------------课程播放次数同步完成
2022-02-13 12:54:30.012 [task-5] INFO  com.novedu.nov.statistics.task.MultiThreadScheduleTask----------------正在同步课程播放次数...
2022-02-13 12:54:32.557 [task-5] INFO  com.novedu.nov.statistics.task.MultiThreadScheduleTask----------------课程播放次数同步完成
2022-02-13 12:55:00.002 [task-6] INFO  com.novedu.nov.statistics.task.MultiThreadScheduleTask----------------正在同步课程播放次数...
2022-02-13 12:55:02.539 [task-6] INFO  com.novedu.nov.statistics.task.MultiThreadScheduleTask----------------课程播放次数同步完成
2022-02-13 12:55:30.002 [task-7] INFO  com.novedu.nov.statistics.task.MultiThreadScheduleTask----------------正在同步课程播放次数...
2022-02-13 12:55:32.551 [task-7] INFO  com.novedu.nov.statistics.task.MultiThreadScheduleTask----------------课程播放次数同步完成
2022-02-13 12:56:00.003 [task-8] INFO  com.novedu.nov.statistics.task.MultiThreadScheduleTask----------------正在同步课程播放次数...
2022-02-13 12:56:02.564 [task-8] INFO  com.novedu.nov.statistics.task.MultiThreadScheduleTask----------------课程播放次数同步完成
2022-02-13 12:56:30.016 [task-9] INFO  com.novedu.nov.statistics.task.MultiThreadScheduleTask----------------正在同步课程播放次数...
2022-02-13 12:56:32.496 [task-9] INFO  com.novedu.nov.statistics.task.MultiThreadScheduleTask----------------课程播放次数同步完成
2022-02-13 12:57:00.002 [task-10] INFO  com.novedu.nov.statistics.task.MultiThreadScheduleTask----------------正在同步课程播放次数...
2022-02-13 12:57:02.607 [task-10] INFO  com.novedu.nov.statistics.task.MultiThreadScheduleTask----------------课程播放次数同步完成
2022-02-13 12:57:30.015 [task-11] INFO  com.novedu.nov.statistics.task.MultiThreadScheduleTask----------------正在同步课程播放次数...
2022-02-13 12:57:32.520 [task-11] INFO  com.novedu.nov.statistics.task.MultiThreadScheduleTask----------------课程播放次数同步完成
2022-02-13 12:58:00.012 [task-12] INFO  com.novedu.nov.statistics.task.MultiThreadScheduleTask----------------正在同步课程播放次数...
2022-02-13 12:58:02.550 [task-12] INFO  com.novedu.nov.statistics.task.MultiThreadScheduleTask----------------课程播放次数同步完成
2022-02-13 12:58:30.005 [task-13] INFO  com.novedu.nov.statistics.task.MultiThreadScheduleTask----------------正在同步课程播放次数...
2022-02-13 12:58:32.543 [task-13] INFO  com.novedu.nov.statistics.task.MultiThreadScheduleTask----------------课程播放次数同步完成
2022-02-13 12:59:00.004 [task-14] INFO  com.novedu.nov.statistics.task.MultiThreadScheduleTask----------------正在同步课程播放次数...
2022-02-13 12:59:02.547 [task-14] INFO  com.novedu.nov.statistics.task.MultiThreadScheduleTask----------------课程播放次数同步完成
2022-02-13 12:59:30.002 [task-15] INFO  com.novedu.nov.statistics.task.MultiThreadScheduleTask----------------正在同步课程播放次数...
2022-02-13 12:59:32.522 [task-15] INFO  com.novedu.nov.statistics.task.MultiThreadScheduleTask----------------课程播放次数同步完成
2022-02-13 13:00:00.014 [task-16] INFO  com.novedu.nov.statistics.task.MultiThreadScheduleTask----------------正在同步课程播放次数...
2022-02-13 13:00:02.693 [task-16] INFO  com.novedu.nov.statistics.task.MultiThreadScheduleTask----------------课程播放次数同步完成
2022-02-13 13:00:30.010 [task-17] INFO  com.novedu.nov.statistics.task.MultiThreadScheduleTask----------------正在同步课程播放次数...
2022-02-13 13:00:32.489 [task-17] INFO  com.novedu.nov.statistics.task.MultiThreadScheduleTask----------------课程播放次数同步完成
2022-02-13 13:01:00.014 [task-18] INFO  com.novedu.nov.statistics.task.MultiThreadScheduleTask----------------正在同步课程播放次数...
2022-02-13 13:01:02.544 [task-18] INFO  com.novedu.nov.statistics.task.MultiThreadScheduleTask----------------课程播放次数同步完成
2022-02-13 13:01:30.004 [task-19] INFO  com.novedu.nov.statistics.task.MultiThreadScheduleTask----------------正在同步课程播放次数...
2022-02-13 13:01:32.460 [task-19] INFO  com.novedu.nov.statistics.task.MultiThreadScheduleTask----------------课程播放次数同步完成
2022-02-13 13:02:00.013 [task-20] INFO  com.novedu.nov.statistics.task.MultiThreadScheduleTask----------------正在同步课程播放次数...
2022-02-13 13:02:02.558 [task-20] INFO  com.novedu.nov.statistics.task.MultiThreadScheduleTask----------------课程播放次数同步完成
2022-02-13 13:02:30.007 [task-21] INFO  com.novedu.nov.statistics.task.MultiThreadScheduleTask----------------正在同步课程播放次数...
2022-02-13 13:02:32.465 [task-21] INFO  com.novedu.nov.statistics.task.MultiThreadScheduleTask----------------课程播放次数同步完成
2022-02-13 13:03:00.006 [task-22] INFO  com.novedu.nov.statistics.task.MultiThreadScheduleTask----------------正在同步课程播放次数...
2022-02-13 13:03:02.567 [task-22] INFO  com.novedu.nov.statistics.task.MultiThreadScheduleTask----------------课程播放次数同步完成
2022-02-13 13:03:30.009 [task-23] INFO  com.novedu.nov.statistics.task.MultiThreadScheduleTask----------------正在同步课程播放次数...
2022-02-13 13:03:32.508 [task-23] INFO  com.novedu.nov.statistics.task.MultiThreadScheduleTask----------------课程播放次数同步完成
2022-02-13 13:04:00.003 [task-24] INFO  com.novedu.nov.statistics.task.MultiThreadScheduleTask----------------正在同步课程播放次数...
2022-02-13 13:04:02.499 [task-24] INFO  com.novedu.nov.statistics.task.MultiThreadScheduleTask----------------课程播放次数同步完成
2022-02-13 13:04:30.004 [task-25] INFO  com.novedu.nov.statistics.task.MultiThreadScheduleTask----------------正在同步课程播放次数...
2022-02-13 13:04:32.485 [task-25] INFO  com.novedu.nov.statistics.task.MultiThreadScheduleTask----------------课程播放次数同步完成
2022-02-13 13:05:00.003 [task-26] INFO  com.novedu.nov.statistics.task.MultiThreadScheduleTask----------------正在同步课程播放次数...
2022-02-13 13:05:02.471 [task-26] INFO  com.novedu.nov.statistics.task.MultiThreadScheduleTask----------------课程播放次数同步完成
2022-02-13 13:05:30.003 [task-27] INFO  com.novedu.nov.statistics.task.MultiThreadScheduleTask----------------正在同步课程播放次数...
2022-02-13 13:05:32.495 [task-27] INFO  com.novedu.nov.statistics.task.MultiThreadScheduleTask----------------课程播放次数同步完成
2022-02-13 13:06:00.016 [task-28] INFO  com.novedu.nov.statistics.task.MultiThreadScheduleTask----------------正在同步课程播放次数...
2022-02-13 13:06:02.548 [task-28] INFO  com.novedu.nov.statistics.task.MultiThreadScheduleTask----------------课程播放次数同步完成
2022-02-13 13:06:30.013 [task-29] INFO  com.novedu.nov.statistics.task.MultiThreadScheduleTask----------------正在同步课程播放次数...
2022-02-13 13:06:32.506 [task-29] INFO  com.novedu.nov.statistics.task.MultiThreadScheduleTask----------------课程播放次数同步完成
2022-02-13 13:07:00.008 [task-30] INFO  com.novedu.nov.statistics.task.MultiThreadScheduleTask----------------正在同步课程播放次数...
2022-02-13 13:07:02.498 [task-30] INFO  com.novedu.nov.statistics.task.MultiThreadScheduleTask----------------课程播放次数同步完成
2022-02-13 13:07:30.006 [task-31] INFO  com.novedu.nov.statistics.task.MultiThreadScheduleTask----------------正在同步课程播放次数...
2022-02-13 13:07:32.486 [task-31] INFO  com.novedu.nov.statistics.task.MultiThreadScheduleTask----------------课程播放次数同步完成
2022-02-13 13:08:00.003 [task-32] INFO  com.novedu.nov.statistics.task.MultiThreadScheduleTask----------------正在同步课程播放次数...
2022-02-13 13:08:02.504 [task-32] INFO  com.novedu.nov.statistics.task.MultiThreadScheduleTask----------------课程播放次数同步完成
2022-02-13 13:08:30.005 [task-33] INFO  com.novedu.nov.statistics.task.MultiThreadScheduleTask----------------正在同步课程播放次数...
2022-02-13 13:08:32.604 [task-33] INFO  com.novedu.nov.statistics.task.MultiThreadScheduleTask----------------课程播放次数同步完成
2022-02-13 13:09:00.005 [task-34] INFO  com.novedu.nov.statistics.task.MultiThreadScheduleTask----------------正在同步课程播放次数...
2022-02-13 13:09:02.606 [task-34] INFO  com.novedu.nov.statistics.task.MultiThreadScheduleTask----------------课程播放次数同步完成
2022-02-13 13:09:30.005 [task-35] INFO  com.novedu.nov.statistics.task.MultiThreadScheduleTask----------------正在同步课程播放次数...
2022-02-13 13:09:32.502 [task-35] INFO  com.novedu.nov.statistics.task.MultiThreadScheduleTask----------------课程播放次数同步完成
2022-02-13 13:10:00.001 [task-36] INFO  com.novedu.nov.statistics.task.MultiThreadScheduleTask----------------正在同步课程播放次数...
2022-02-13 13:10:02.494 [task-36] INFO  com.novedu.nov.statistics.task.MultiThreadScheduleTask----------------课程播放次数同步完成
2022-02-13 13:10:30.001 [task-37] INFO  com.novedu.nov.statistics.task.MultiThreadScheduleTask----------------正在同步课程播放次数...
2022-02-13 13:10:32.578 [task-37] INFO  com.novedu.nov.statistics.task.MultiThreadScheduleTask----------------课程播放次数同步完成
2022-02-13 13:11:00.006 [task-38] INFO  com.novedu.nov.statistics.task.MultiThreadScheduleTask----------------正在同步课程播放次数...
2022-02-13 13:11:02.546 [task-38] INFO  com.novedu.nov.statistics.task.MultiThreadScheduleTask----------------课程播放次数同步完成
2022-02-13 13:11:30.014 [task-39] INFO  com.novedu.nov.statistics.task.MultiThreadScheduleTask----------------正在同步课程播放次数...
2022-02-13 13:11:32.479 [task-39] INFO  com.novedu.nov.statistics.task.MultiThreadScheduleTask----------------课程播放次数同步完成
2022-02-13 13:12:00.013 [task-40] INFO  com.novedu.nov.statistics.task.MultiThreadScheduleTask----------------正在同步课程播放次数...
2022-02-13 13:12:02.601 [task-40] INFO  com.novedu.nov.statistics.task.MultiThreadScheduleTask----------------课程播放次数同步完成
2022-02-13 13:12:30.010 [task-41] INFO  com.novedu.nov.statistics.task.MultiThreadScheduleTask----------------正在同步课程播放次数...
2022-02-13 13:12:32.493 [task-41] INFO  com.novedu.nov.statistics.task.MultiThreadScheduleTask----------------课程播放次数同步完成
2022-02-13 13:13:00.004 [task-42] INFO  com.novedu.nov.statistics.task.MultiThreadScheduleTask----------------正在同步课程播放次数...
2022-02-13 13:13:02.528 [task-42] INFO  com.novedu.nov.statistics.task.MultiThreadScheduleTask----------------课程播放次数同步完成
2022-02-13 13:13:30.013 [task-43] INFO  com.novedu.nov.statistics.task.MultiThreadScheduleTask----------------正在同步课程播放次数...
2022-02-13 13:13:32.513 [task-43] INFO  com.novedu.nov.statistics.task.MultiThreadScheduleTask----------------课程播放次数同步完成
2022-02-13 13:14:00.014 [task-44] INFO  com.novedu.nov.statistics.task.MultiThreadScheduleTask----------------正在同步课程播放次数...
2022-02-13 13:14:02.537 [task-44] INFO  com.novedu.nov.statistics.task.MultiThreadScheduleTask----------------课程播放次数同步完成
2022-02-13 13:14:30.004 [task-45] INFO  com.novedu.nov.statistics.task.MultiThreadScheduleTask----------------正在同步课程播放次数...
2022-02-13 13:14:32.501 [task-45] INFO  com.novedu.nov.statistics.task.MultiThreadScheduleTask----------------课程播放次数同步完成
2022-02-13 13:15:00.010 [task-46] INFO  com.novedu.nov.statistics.task.MultiThreadScheduleTask----------------正在同步课程播放次数...
2022-02-13 13:15:02.613 [task-46] INFO  com.novedu.nov.statistics.task.MultiThreadScheduleTask----------------课程播放次数同步完成
2022-02-13 13:15:30.006 [task-47] INFO  com.novedu.nov.statistics.task.MultiThreadScheduleTask----------------正在同步课程播放次数...
2022-02-13 13:15:32.520 [task-47] INFO  com.novedu.nov.statistics.task.MultiThreadScheduleTask----------------课程播放次数同步完成
2022-02-13 13:16:00.005 [task-48] INFO  com.novedu.nov.statistics.task.MultiThreadScheduleTask----------------正在同步课程播放次数...
2022-02-13 13:16:02.564 [task-48] INFO  com.novedu.nov.statistics.task.MultiThreadScheduleTask----------------课程播放次数同步完成
2022-02-13 13:16:30.013 [task-49] INFO  com.novedu.nov.statistics.task.MultiThreadScheduleTask----------------正在同步课程播放次数...
2022-02-13 13:16:32.464 [task-49] INFO  com.novedu.nov.statistics.task.MultiThreadScheduleTask----------------课程播放次数同步完成
2022-02-13 13:17:00.014 [task-50] INFO  com.novedu.nov.statistics.task.MultiThreadScheduleTask----------------正在同步课程播放次数...
2022-02-13 13:17:02.512 [task-50] INFO  com.novedu.nov.statistics.task.MultiThreadScheduleTask----------------课程播放次数同步完成
2022-02-13 13:17:30.010 [task-51] INFO  com.novedu.nov.statistics.task.MultiThreadScheduleTask----------------正在同步课程播放次数...
2022-02-13 13:17:32.500 [task-51] INFO  com.novedu.nov.statistics.task.MultiThreadScheduleTask----------------课程播放次数同步完成
2022-02-13 13:18:00.004 [task-52] INFO  com.novedu.nov.statistics.task.MultiThreadScheduleTask----------------正在同步课程播放次数...
2022-02-13 13:18:02.532 [task-52] INFO  com.novedu.nov.statistics.task.MultiThreadScheduleTask----------------课程播放次数同步完成
2022-02-13 13:18:30.001 [task-53] INFO  com.novedu.nov.statistics.task.MultiThreadScheduleTask----------------正在同步课程播放次数...
2022-02-13 13:18:32.535 [task-53] INFO  com.novedu.nov.statistics.task.MultiThreadScheduleTask----------------课程播放次数同步完成
2022-02-13 13:19:00.015 [task-54] INFO  com.novedu.nov.statistics.task.MultiThreadScheduleTask----------------正在同步课程播放次数...
2022-02-13 13:19:02.476 [task-54] INFO  com.novedu.nov.statistics.task.MultiThreadScheduleTask----------------课程播放次数同步完成
2022-02-13 13:19:30.015 [task-55] INFO  com.novedu.nov.statistics.task.MultiThreadScheduleTask----------------正在同步课程播放次数...
2022-02-13 13:19:32.475 [task-55] INFO  com.novedu.nov.statistics.task.MultiThreadScheduleTask----------------课程播放次数同步完成
2022-02-13 13:20:00.014 [task-56] INFO  com.novedu.nov.statistics.task.MultiThreadScheduleTask----------------正在同步课程播放次数...
2022-02-13 13:20:02.519 [task-56] INFO  com.novedu.nov.statistics.task.MultiThreadScheduleTask----------------课程播放次数同步完成
2022-02-13 13:20:30.004 [task-57] INFO  com.novedu.nov.statistics.task.MultiThreadScheduleTask----------------正在同步课程播放次数...
2022-02-13 13:20:32.516 [task-57] INFO  com.novedu.nov.statistics.task.MultiThreadScheduleTask----------------课程播放次数同步完成
2022-02-13 13:21:00.015 [task-58] INFO  com.novedu.nov.statistics.task.MultiThreadScheduleTask----------------正在同步课程播放次数...
2022-02-13 13:21:02.503 [task-58] INFO  com.novedu.nov.statistics.task.MultiThreadScheduleTask----------------课程播放次数同步完成
2022-02-13 13:21:30.002 [task-59] INFO  com.novedu.nov.statistics.task.MultiThreadScheduleTask----------------正在同步课程播放次数...
2022-02-13 13:21:32.485 [task-59] INFO  com.novedu.nov.statistics.task.MultiThreadScheduleTask----------------课程播放次数同步完成
2022-02-13 13:22:00.002 [task-60] INFO  com.novedu.nov.statistics.task.MultiThreadScheduleTask----------------正在同步课程播放次数...
2022-02-13 13:22:02.533 [task-60] INFO  com.novedu.nov.statistics.task.MultiThreadScheduleTask----------------课程播放次数同步完成
2022-02-13 13:22:30.016 [task-61] INFO  com.novedu.nov.statistics.task.MultiThreadScheduleTask----------------正在同步课程播放次数...
2022-02-13 13:22:32.503 [task-61] INFO  com.novedu.nov.statistics.task.MultiThreadScheduleTask----------------课程播放次数同步完成
2022-02-13 13:23:00.005 [task-62] INFO  com.novedu.nov.statistics.task.MultiThreadScheduleTask----------------正在同步课程播放次数...
2022-02-13 13:23:02.558 [task-62] INFO  com.novedu.nov.statistics.task.MultiThreadScheduleTask----------------课程播放次数同步完成
2022-02-13 13:23:30.002 [task-63] INFO  com.novedu.nov.statistics.task.MultiThreadScheduleTask----------------正在同步课程播放次数...
2022-02-13 13:23:32.527 [task-63] INFO  com.novedu.nov.statistics.task.MultiThreadScheduleTask----------------课程播放次数同步完成
2022-02-13 13:24:00.012 [task-64] INFO  com.novedu.nov.statistics.task.MultiThreadScheduleTask----------------正在同步课程播放次数...
2022-02-13 13:24:02.585 [task-64] INFO  com.novedu.nov.statistics.task.MultiThreadScheduleTask----------------课程播放次数同步完成
2022-02-13 13:24:30.002 [task-65] INFO  com.novedu.nov.statistics.task.MultiThreadScheduleTask----------------正在同步课程播放次数...
2022-02-13 13:24:32.510 [task-65] INFO  com.novedu.nov.statistics.task.MultiThreadScheduleTask----------------课程播放次数同步完成
2022-02-13 13:25:00.009 [task-66] INFO  com.novedu.nov.statistics.task.MultiThreadScheduleTask----------------正在同步课程播放次数...
2022-02-13 13:25:02.560 [task-66] INFO  com.novedu.nov.statistics.task.MultiThreadScheduleTask----------------课程播放次数同步完成
2022-02-13 13:25:30.001 [task-67] INFO  com.novedu.nov.statistics.task.MultiThreadScheduleTask----------------正在同步课程播放次数...
2022-02-13 13:25:32.548 [task-67] INFO  com.novedu.nov.statistics.task.MultiThreadScheduleTask----------------课程播放次数同步完成
2022-02-13 13:26:00.008 [task-68] INFO  com.novedu.nov.statistics.task.MultiThreadScheduleTask----------------正在同步课程播放次数...
2022-02-13 13:26:02.498 [task-68] INFO  com.novedu.nov.statistics.task.MultiThreadScheduleTask----------------课程播放次数同步完成
2022-02-13 13:26:30.004 [task-69] INFO  com.novedu.nov.statistics.task.MultiThreadScheduleTask----------------正在同步课程播放次数...
2022-02-13 13:26:32.515 [task-69] INFO  com.novedu.nov.statistics.task.MultiThreadScheduleTask----------------课程播放次数同步完成
2022-02-13 13:27:00.010 [task-70] INFO  com.novedu.nov.statistics.task.MultiThreadScheduleTask----------------正在同步课程播放次数...
2022-02-13 13:27:02.506 [task-70] INFO  com.novedu.nov.statistics.task.MultiThreadScheduleTask----------------课程播放次数同步完成
2022-02-13 13:27:30.014 [task-71] INFO  com.novedu.nov.statistics.task.MultiThreadScheduleTask----------------正在同步课程播放次数...
2022-02-13 13:27:32.487 [task-71] INFO  com.novedu.nov.statistics.task.MultiThreadScheduleTask----------------课程播放次数同步完成
2022-02-13 13:28:00.012 [task-72] INFO  com.novedu.nov.statistics.task.MultiThreadScheduleTask----------------正在同步课程播放次数...
2022-02-13 13:28:02.564 [task-72] INFO  com.novedu.nov.statistics.task.MultiThreadScheduleTask----------------课程播放次数同步完成
2022-02-13 13:28:30.014 [task-73] INFO  com.novedu.nov.statistics.task.MultiThreadScheduleTask----------------正在同步课程播放次数...
2022-02-13 13:28:32.553 [task-73] INFO  com.novedu.nov.statistics.task.MultiThreadScheduleTask----------------课程播放次数同步完成
2022-02-13 13:29:00.009 [task-74] INFO  com.novedu.nov.statistics.task.MultiThreadScheduleTask----------------正在同步课程播放次数...
2022-02-13 13:29:02.537 [task-74] INFO  com.novedu.nov.statistics.task.MultiThreadScheduleTask----------------课程播放次数同步完成
2022-02-13 13:29:30.001 [task-75] INFO  com.novedu.nov.statistics.task.MultiThreadScheduleTask----------------正在同步课程播放次数...
2022-02-13 13:29:32.529 [task-75] INFO  com.novedu.nov.statistics.task.MultiThreadScheduleTask----------------课程播放次数同步完成
2022-02-13 13:30:00.005 [task-76] INFO  com.novedu.nov.statistics.task.MultiThreadScheduleTask----------------正在同步课程播放次数...
2022-02-13 13:30:02.515 [task-76] INFO  com.novedu.nov.statistics.task.MultiThreadScheduleTask----------------课程播放次数同步完成
2022-02-13 13:30:30.012 [task-77] INFO  com.novedu.nov.statistics.task.MultiThreadScheduleTask----------------正在同步课程播放次数...
2022-02-13 13:30:32.540 [task-77] INFO  com.novedu.nov.statistics.task.MultiThreadScheduleTask----------------课程播放次数同步完成
2022-02-13 13:31:00.011 [task-78] INFO  com.novedu.nov.statistics.task.MultiThreadScheduleTask----------------正在同步课程播放次数...
2022-02-13 13:31:02.510 [task-78] INFO  com.novedu.nov.statistics.task.MultiThreadScheduleTask----------------课程播放次数同步完成
2022-02-13 13:31:30.001 [task-79] INFO  com.novedu.nov.statistics.task.MultiThreadScheduleTask----------------正在同步课程播放次数...
2022-02-13 13:31:32.505 [task-79] INFO  com.novedu.nov.statistics.task.MultiThreadScheduleTask----------------课程播放次数同步完成
2022-02-13 13:32:00.001 [task-80] INFO  com.novedu.nov.statistics.task.MultiThreadScheduleTask----------------正在同步课程播放次数...
2022-02-13 13:32:02.638 [task-80] INFO  com.novedu.nov.statistics.task.MultiThreadScheduleTask----------------课程播放次数同步完成
2022-02-13 13:32:30.012 [task-81] INFO  com.novedu.nov.statistics.task.MultiThreadScheduleTask----------------正在同步课程播放次数...
2022-02-13 13:32:32.490 [task-81] INFO  com.novedu.nov.statistics.task.MultiThreadScheduleTask----------------课程播放次数同步完成
2022-02-13 13:33:00.013 [task-82] INFO  com.novedu.nov.statistics.task.MultiThreadScheduleTask----------------正在同步课程播放次数...
2022-02-13 13:33:02.528 [task-82] INFO  com.novedu.nov.statistics.task.MultiThreadScheduleTask----------------课程播放次数同步完成
2022-02-13 13:33:30.001 [task-83] INFO  com.novedu.nov.statistics.task.MultiThreadScheduleTask----------------正在同步课程播放次数...
2022-02-13 13:33:32.464 [task-83] INFO  com.novedu.nov.statistics.task.MultiThreadScheduleTask----------------课程播放次数同步完成
2022-02-13 13:34:00.014 [task-84] INFO  com.novedu.nov.statistics.task.MultiThreadScheduleTask----------------正在同步课程播放次数...
2022-02-13 13:34:02.565 [task-84] INFO  com.novedu.nov.statistics.task.MultiThreadScheduleTask----------------课程播放次数同步完成
2022-02-13 13:34:30.002 [task-85] INFO  com.novedu.nov.statistics.task.MultiThreadScheduleTask----------------正在同步课程播放次数...
2022-02-13 13:34:32.523 [task-85] INFO  com.novedu.nov.statistics.task.MultiThreadScheduleTask----------------课程播放次数同步完成
2022-02-13 13:35:00.004 [task-86] INFO  com.novedu.nov.statistics.task.MultiThreadScheduleTask----------------正在同步课程播放次数...
2022-02-13 13:35:02.493 [task-86] INFO  com.novedu.nov.statistics.task.MultiThreadScheduleTask----------------课程播放次数同步完成
2022-02-13 13:35:30.014 [task-87] INFO  com.novedu.nov.statistics.task.MultiThreadScheduleTask----------------正在同步课程播放次数...
2022-02-13 13:35:32.506 [task-87] INFO  com.novedu.nov.statistics.task.MultiThreadScheduleTask----------------课程播放次数同步完成
2022-02-13 13:36:00.010 [task-88] INFO  com.novedu.nov.statistics.task.MultiThreadScheduleTask----------------正在同步课程播放次数...
2022-02-13 13:36:02.471 [task-88] INFO  com.novedu.nov.statistics.task.MultiThreadScheduleTask----------------课程播放次数同步完成
2022-02-13 13:36:30.005 [task-89] INFO  com.novedu.nov.statistics.task.MultiThreadScheduleTask----------------正在同步课程播放次数...
2022-02-13 13:36:32.462 [task-89] INFO  com.novedu.nov.statistics.task.MultiThreadScheduleTask----------------课程播放次数同步完成
2022-02-13 13:37:00.003 [task-90] INFO  com.novedu.nov.statistics.task.MultiThreadScheduleTask----------------正在同步课程播放次数...
2022-02-13 13:37:02.545 [task-90] INFO  com.novedu.nov.statistics.task.MultiThreadScheduleTask----------------课程播放次数同步完成
2022-02-13 13:37:30.003 [task-91] INFO  com.novedu.nov.statistics.task.MultiThreadScheduleTask----------------正在同步课程播放次数...
2022-02-13 13:37:32.481 [task-91] INFO  com.novedu.nov.statistics.task.MultiThreadScheduleTask----------------课程播放次数同步完成
2022-02-13 13:38:00.014 [task-92] INFO  com.novedu.nov.statistics.task.MultiThreadScheduleTask----------------正在同步课程播放次数...
2022-02-13 13:38:02.495 [task-92] INFO  com.novedu.nov.statistics.task.MultiThreadScheduleTask----------------课程播放次数同步完成
2022-02-13 13:38:30.001 [task-93] INFO  com.novedu.nov.statistics.task.MultiThreadScheduleTask----------------正在同步课程播放次数...
2022-02-13 13:38:32.483 [task-93] INFO  com.novedu.nov.statistics.task.MultiThreadScheduleTask----------------课程播放次数同步完成
2022-02-13 13:39:00.012 [task-94] INFO  com.novedu.nov.statistics.task.MultiThreadScheduleTask----------------正在同步课程播放次数...
2022-02-13 13:39:02.498 [task-94] INFO  com.novedu.nov.statistics.task.MultiThreadScheduleTask----------------课程播放次数同步完成
2022-02-13 13:39:30.003 [task-95] INFO  com.novedu.nov.statistics.task.MultiThreadScheduleTask----------------正在同步课程播放次数...
2022-02-13 13:39:32.532 [task-95] INFO  com.novedu.nov.statistics.task.MultiThreadScheduleTask----------------课程播放次数同步完成
2022-02-13 13:40:00.014 [task-96] INFO  com.novedu.nov.statistics.task.MultiThreadScheduleTask----------------正在同步课程播放次数...
2022-02-13 13:40:02.483 [task-96] INFO  com.novedu.nov.statistics.task.MultiThreadScheduleTask----------------课程播放次数同步完成
2022-02-13 13:40:30.008 [task-97] INFO  com.novedu.nov.statistics.task.MultiThreadScheduleTask----------------正在同步课程播放次数...
2022-02-13 13:40:32.528 [task-97] INFO  com.novedu.nov.statistics.task.MultiThreadScheduleTask----------------课程播放次数同步完成
2022-02-13 13:41:00.007 [task-98] INFO  com.novedu.nov.statistics.task.MultiThreadScheduleTask----------------正在同步课程播放次数...
2022-02-13 13:41:02.491 [task-98] INFO  com.novedu.nov.statistics.task.MultiThreadScheduleTask----------------课程播放次数同步完成
2022-02-13 13:41:30.003 [task-99] INFO  com.novedu.nov.statistics.task.MultiThreadScheduleTask----------------正在同步课程播放次数...
2022-02-13 13:41:32.472 [task-99] INFO  com.novedu.nov.statistics.task.MultiThreadScheduleTask----------------课程播放次数同步完成
2022-02-13 13:42:00.014 [task-100] INFO  com.novedu.nov.statistics.task.MultiThreadScheduleTask----------------正在同步课程播放次数...
2022-02-13 13:42:02.560 [task-100] INFO  com.novedu.nov.statistics.task.MultiThreadScheduleTask----------------课程播放次数同步完成
2022-02-13 13:42:30.003 [task-101] INFO  com.novedu.nov.statistics.task.MultiThreadScheduleTask----------------正在同步课程播放次数...
2022-02-13 13:42:32.466 [task-101] INFO  com.novedu.nov.statistics.task.MultiThreadScheduleTask----------------课程播放次数同步完成
2022-02-13 13:43:00.002 [task-102] INFO  com.novedu.nov.statistics.task.MultiThreadScheduleTask----------------正在同步课程播放次数...
2022-02-13 13:43:02.512 [task-102] INFO  com.novedu.nov.statistics.task.MultiThreadScheduleTask----------------课程播放次数同步完成
2022-02-13 13:43:30.002 [task-103] INFO  com.novedu.nov.statistics.task.MultiThreadScheduleTask----------------正在同步课程播放次数...
2022-02-13 13:43:32.481 [task-103] INFO  com.novedu.nov.statistics.task.MultiThreadScheduleTask----------------课程播放次数同步完成
2022-02-13 13:44:00.008 [task-104] INFO  com.novedu.nov.statistics.task.MultiThreadScheduleTask----------------正在同步课程播放次数...
2022-02-13 13:44:02.499 [task-104] INFO  com.novedu.nov.statistics.task.MultiThreadScheduleTask----------------课程播放次数同步完成
2022-02-13 13:44:30.012 [task-105] INFO  com.novedu.nov.statistics.task.MultiThreadScheduleTask----------------正在同步课程播放次数...
2022-02-13 13:44:32.556 [task-105] INFO  com.novedu.nov.statistics.task.MultiThreadScheduleTask----------------课程播放次数同步完成
2022-02-13 13:45:00.006 [task-106] INFO  com.novedu.nov.statistics.task.MultiThreadScheduleTask----------------正在同步课程播放次数...
2022-02-13 13:45:02.463 [task-106] INFO  com.novedu.nov.statistics.task.MultiThreadScheduleTask----------------课程播放次数同步完成
2022-02-13 13:45:30.007 [task-107] INFO  com.novedu.nov.statistics.task.MultiThreadScheduleTask----------------正在同步课程播放次数...
2022-02-13 13:45:32.498 [task-107] INFO  com.novedu.nov.statistics.task.MultiThreadScheduleTask----------------课程播放次数同步完成
2022-02-13 13:46:00.014 [task-108] INFO  com.novedu.nov.statistics.task.MultiThreadScheduleTask----------------正在同步课程播放次数...
2022-02-13 13:46:02.524 [task-108] INFO  com.novedu.nov.statistics.task.MultiThreadScheduleTask----------------课程播放次数同步完成
2022-02-13 13:46:30.014 [task-109] INFO  com.novedu.nov.statistics.task.MultiThreadScheduleTask----------------正在同步课程播放次数...
2022-02-13 13:46:32.463 [task-109] INFO  com.novedu.nov.statistics.task.MultiThreadScheduleTask----------------课程播放次数同步完成
2022-02-13 13:47:00.002 [task-110] INFO  com.novedu.nov.statistics.task.MultiThreadScheduleTask----------------正在同步课程播放次数...
2022-02-13 13:47:02.503 [task-110] INFO  com.novedu.nov.statistics.task.MultiThreadScheduleTask----------------课程播放次数同步完成
2022-02-13 13:47:30.003 [task-111] INFO  com.novedu.nov.statistics.task.MultiThreadScheduleTask----------------正在同步课程播放次数...
2022-02-13 13:47:32.453 [task-111] INFO  com.novedu.nov.statistics.task.MultiThreadScheduleTask----------------课程播放次数同步完成
2022-02-13 13:48:00.014 [task-112] INFO  com.novedu.nov.statistics.task.MultiThreadScheduleTask----------------正在同步课程播放次数...
2022-02-13 13:48:02.540 [task-112] INFO  com.novedu.nov.statistics.task.MultiThreadScheduleTask----------------课程播放次数同步完成
2022-02-13 13:48:30.005 [task-113] INFO  com.novedu.nov.statistics.task.MultiThreadScheduleTask----------------正在同步课程播放次数...
2022-02-13 13:48:32.558 [task-113] INFO  com.novedu.nov.statistics.task.MultiThreadScheduleTask----------------课程播放次数同步完成
2022-02-13 13:49:00.014 [task-114] INFO  com.novedu.nov.statistics.task.MultiThreadScheduleTask----------------正在同步课程播放次数...
2022-02-13 13:49:02.542 [task-114] INFO  com.novedu.nov.statistics.task.MultiThreadScheduleTask----------------课程播放次数同步完成
2022-02-13 13:49:30.010 [task-115] INFO  com.novedu.nov.statistics.task.MultiThreadScheduleTask----------------正在同步课程播放次数...
2022-02-13 13:49:32.576 [task-115] INFO  com.novedu.nov.statistics.task.MultiThreadScheduleTask----------------课程播放次数同步完成
2022-02-13 13:50:00.008 [task-116] INFO  com.novedu.nov.statistics.task.MultiThreadScheduleTask----------------正在同步课程播放次数...
2022-02-13 13:50:02.510 [task-116] INFO  com.novedu.nov.statistics.task.MultiThreadScheduleTask----------------课程播放次数同步完成
2022-02-13 13:50:30.005 [task-117] INFO  com.novedu.nov.statistics.task.MultiThreadScheduleTask----------------正在同步课程播放次数...
2022-02-13 13:50:32.531 [task-117] INFO  com.novedu.nov.statistics.task.MultiThreadScheduleTask----------------课程播放次数同步完成
2022-02-13 13:51:00.011 [task-118] INFO  com.novedu.nov.statistics.task.MultiThreadScheduleTask----------------正在同步课程播放次数...
2022-02-13 13:51:02.571 [task-118] INFO  com.novedu.nov.statistics.task.MultiThreadScheduleTask----------------课程播放次数同步完成
2022-02-13 13:51:30.003 [task-119] INFO  com.novedu.nov.statistics.task.MultiThreadScheduleTask----------------正在同步课程播放次数...
2022-02-13 13:51:32.470 [task-119] INFO  com.novedu.nov.statistics.task.MultiThreadScheduleTask----------------课程播放次数同步完成
2022-02-13 13:52:00.007 [task-120] INFO  com.novedu.nov.statistics.task.MultiThreadScheduleTask----------------正在同步课程播放次数...
2022-02-13 13:52:02.517 [task-120] INFO  com.novedu.nov.statistics.task.MultiThreadScheduleTask----------------课程播放次数同步完成
2022-02-13 13:52:30.014 [task-121] INFO  com.novedu.nov.statistics.task.MultiThreadScheduleTask----------------正在同步课程播放次数...
2022-02-13 13:52:32.509 [task-121] INFO  com.novedu.nov.statistics.task.MultiThreadScheduleTask----------------课程播放次数同步完成
2022-02-13 13:53:00.007 [task-122] INFO  com.novedu.nov.statistics.task.MultiThreadScheduleTask----------------正在同步课程播放次数...
2022-02-13 13:53:02.482 [task-122] INFO  com.novedu.nov.statistics.task.MultiThreadScheduleTask----------------课程播放次数同步完成
2022-02-13 13:53:30.003 [task-123] INFO  com.novedu.nov.statistics.task.MultiThreadScheduleTask----------------正在同步课程播放次数...
2022-02-13 13:53:32.633 [task-123] INFO  com.novedu.nov.statistics.task.MultiThreadScheduleTask----------------课程播放次数同步完成
2022-02-13 13:54:00.008 [task-124] INFO  com.novedu.nov.statistics.task.MultiThreadScheduleTask----------------正在同步课程播放次数...
2022-02-13 13:54:02.465 [task-124] INFO  com.novedu.nov.statistics.task.MultiThreadScheduleTask----------------课程播放次数同步完成
2022-02-13 13:54:30.006 [task-125] INFO  com.novedu.nov.statistics.task.MultiThreadScheduleTask----------------正在同步课程播放次数...
2022-02-13 13:54:32.508 [task-125] INFO  com.novedu.nov.statistics.task.MultiThreadScheduleTask----------------课程播放次数同步完成
2022-02-13 13:55:00.008 [task-126] INFO  com.novedu.nov.statistics.task.MultiThreadScheduleTask----------------正在同步课程播放次数...
2022-02-13 13:55:02.477 [task-126] INFO  com.novedu.nov.statistics.task.MultiThreadScheduleTask----------------课程播放次数同步完成
2022-02-13 13:55:30.010 [task-127] INFO  com.novedu.nov.statistics.task.MultiThreadScheduleTask----------------正在同步课程播放次数...
2022-02-13 13:55:32.467 [task-127] INFO  com.novedu.nov.statistics.task.MultiThreadScheduleTask----------------课程播放次数同步完成
2022-02-13 13:56:00.007 [task-128] INFO  com.novedu.nov.statistics.task.MultiThreadScheduleTask----------------正在同步课程播放次数...
2022-02-13 13:56:02.510 [task-128] INFO  com.novedu.nov.statistics.task.MultiThreadScheduleTask----------------课程播放次数同步完成
2022-02-13 13:56:30.014 [task-129] INFO  com.novedu.nov.statistics.task.MultiThreadScheduleTask----------------正在同步课程播放次数...
2022-02-13 13:56:32.489 [task-129] INFO  com.novedu.nov.statistics.task.MultiThreadScheduleTask----------------课程播放次数同步完成
2022-02-13 13:57:00.001 [task-130] INFO  com.novedu.nov.statistics.task.MultiThreadScheduleTask----------------正在同步课程播放次数...
2022-02-13 13:57:02.498 [task-130] INFO  com.novedu.nov.statistics.task.MultiThreadScheduleTask----------------课程播放次数同步完成
2022-02-13 13:57:30.001 [task-131] INFO  com.novedu.nov.statistics.task.MultiThreadScheduleTask----------------正在同步课程播放次数...
2022-02-13 13:57:32.490 [task-131] INFO  com.novedu.nov.statistics.task.MultiThreadScheduleTask----------------课程播放次数同步完成
2022-02-13 13:58:00.015 [task-132] INFO  com.novedu.nov.statistics.task.MultiThreadScheduleTask----------------正在同步课程播放次数...
2022-02-13 13:58:02.488 [task-132] INFO  com.novedu.nov.statistics.task.MultiThreadScheduleTask----------------课程播放次数同步完成
2022-02-13 13:58:30.015 [task-133] INFO  com.novedu.nov.statistics.task.MultiThreadScheduleTask----------------正在同步课程播放次数...
2022-02-13 13:58:32.552 [task-133] INFO  com.novedu.nov.statistics.task.MultiThreadScheduleTask----------------课程播放次数同步完成
2022-02-13 13:59:00.014 [task-134] INFO  com.novedu.nov.statistics.task.MultiThreadScheduleTask----------------正在同步课程播放次数...
2022-02-13 13:59:02.506 [task-134] INFO  com.novedu.nov.statistics.task.MultiThreadScheduleTask----------------课程播放次数同步完成
2022-02-13 13:59:30.007 [task-135] INFO  com.novedu.nov.statistics.task.MultiThreadScheduleTask----------------正在同步课程播放次数...
2022-02-13 13:59:32.558 [task-135] INFO  com.novedu.nov.statistics.task.MultiThreadScheduleTask----------------课程播放次数同步完成
2022-02-13 14:00:00.003 [task-136] INFO  com.novedu.nov.statistics.task.MultiThreadScheduleTask----------------正在同步课程播放次数...
2022-02-13 14:00:02.614 [task-136] INFO  com.novedu.nov.statistics.task.MultiThreadScheduleTask----------------课程播放次数同步完成
2022-02-13 14:00:30.004 [task-137] INFO  com.novedu.nov.statistics.task.MultiThreadScheduleTask----------------正在同步课程播放次数...
2022-02-13 14:00:32.675 [task-137] INFO  com.novedu.nov.statistics.task.MultiThreadScheduleTask----------------课程播放次数同步完成
2022-02-13 14:01:00.001 [task-138] INFO  com.novedu.nov.statistics.task.MultiThreadScheduleTask----------------正在同步课程播放次数...
2022-02-13 14:01:02.574 [task-138] INFO  com.novedu.nov.statistics.task.MultiThreadScheduleTask----------------课程播放次数同步完成
2022-02-13 14:01:30.001 [task-139] INFO  com.novedu.nov.statistics.task.MultiThreadScheduleTask----------------正在同步课程播放次数...
2022-02-13 14:01:32.586 [task-139] INFO  com.novedu.nov.statistics.task.MultiThreadScheduleTask----------------课程播放次数同步完成
2022-02-13 14:02:00.010 [task-140] INFO  com.novedu.nov.statistics.task.MultiThreadScheduleTask----------------正在同步课程播放次数...
2022-02-13 14:02:02.542 [task-140] INFO  com.novedu.nov.statistics.task.MultiThreadScheduleTask----------------课程播放次数同步完成
2022-02-13 14:02:30.014 [task-141] INFO  com.novedu.nov.statistics.task.MultiThreadScheduleTask----------------正在同步课程播放次数...
2022-02-13 14:02:32.630 [task-141] INFO  com.novedu.nov.statistics.task.MultiThreadScheduleTask----------------课程播放次数同步完成
2022-02-13 14:03:00.005 [task-142] INFO  com.novedu.nov.statistics.task.MultiThreadScheduleTask----------------正在同步课程播放次数...
2022-02-13 14:03:02.525 [task-142] INFO  com.novedu.nov.statistics.task.MultiThreadScheduleTask----------------课程播放次数同步完成
2022-02-13 14:03:30.015 [task-143] INFO  com.novedu.nov.statistics.task.MultiThreadScheduleTask----------------正在同步课程播放次数...
2022-02-13 14:03:32.632 [task-143] INFO  com.novedu.nov.statistics.task.MultiThreadScheduleTask----------------课程播放次数同步完成
2022-02-13 14:04:00.003 [task-144] INFO  com.novedu.nov.statistics.task.MultiThreadScheduleTask----------------正在同步课程播放次数...
2022-02-13 14:04:02.650 [task-144] INFO  com.novedu.nov.statistics.task.MultiThreadScheduleTask----------------课程播放次数同步完成
2022-02-13 14:04:30.013 [task-145] INFO  com.novedu.nov.statistics.task.MultiThreadScheduleTask----------------正在同步课程播放次数...
2022-02-13 14:04:32.550 [task-145] INFO  com.novedu.nov.statistics.task.MultiThreadScheduleTask----------------课程播放次数同步完成
2022-02-13 14:05:00.002 [task-146] INFO  com.novedu.nov.statistics.task.MultiThreadScheduleTask----------------正在同步课程播放次数...
2022-02-13 14:05:02.598 [task-146] INFO  com.novedu.nov.statistics.task.MultiThreadScheduleTask----------------课程播放次数同步完成
2022-02-13 14:05:30.012 [task-147] INFO  com.novedu.nov.statistics.task.MultiThreadScheduleTask----------------正在同步课程播放次数...
2022-02-13 14:05:32.498 [task-147] INFO  com.novedu.nov.statistics.task.MultiThreadScheduleTask----------------课程播放次数同步完成
2022-02-13 14:06:00.010 [task-148] INFO  com.novedu.nov.statistics.task.MultiThreadScheduleTask----------------正在同步课程播放次数...
2022-02-13 14:06:02.520 [task-148] INFO  com.novedu.nov.statistics.task.MultiThreadScheduleTask----------------课程播放次数同步完成
2022-02-13 14:06:30.013 [task-149] INFO  com.novedu.nov.statistics.task.MultiThreadScheduleTask----------------正在同步课程播放次数...
2022-02-13 14:06:32.512 [task-149] INFO  com.novedu.nov.statistics.task.MultiThreadScheduleTask----------------课程播放次数同步完成
2022-02-13 14:07:00.001 [task-150] INFO  com.novedu.nov.statistics.task.MultiThreadScheduleTask----------------正在同步课程播放次数...
2022-02-13 14:07:02.558 [task-150] INFO  com.novedu.nov.statistics.task.MultiThreadScheduleTask----------------课程播放次数同步完成
2022-02-13 14:07:30.003 [task-151] INFO  com.novedu.nov.statistics.task.MultiThreadScheduleTask----------------正在同步课程播放次数...
2022-02-13 14:07:32.530 [task-151] INFO  com.novedu.nov.statistics.task.MultiThreadScheduleTask----------------课程播放次数同步完成
2022-02-13 14:08:00.013 [task-152] INFO  com.novedu.nov.statistics.task.MultiThreadScheduleTask----------------正在同步课程播放次数...
2022-02-13 14:08:02.509 [task-152] INFO  com.novedu.nov.statistics.task.MultiThreadScheduleTask----------------课程播放次数同步完成
2022-02-13 14:08:26.220 [Thread-41] INFO  com.netflix.loadbalancer.PollingServerListUpdater-Shutting down the Executor Pool for PollingServerListUpdater
2022-02-13 14:08:26.285 [SpringContextShutdownHook] INFO  org.springframework.scheduling.concurrent.ThreadPoolTaskScheduler-Shutting down ExecutorService 'Nacos-Watch-Task-Scheduler'
2022-02-13 14:08:26.289 [SpringContextShutdownHook] INFO  com.alibaba.cloud.nacos.registry.NacosServiceRegistry-De-registering from Nacos Server now...
2022-02-13 14:08:26.291 [SpringContextShutdownHook] INFO  com.alibaba.cloud.nacos.registry.NacosServiceRegistry-De-registration finished.
2022-02-13 14:08:26.632 [SpringContextShutdownHook] INFO  org.springframework.scheduling.concurrent.ThreadPoolTaskExecutor-Shutting down ExecutorService 'applicationTaskExecutor'
2022-02-13 14:08:26.655 [SpringContextShutdownHook] INFO  com.alibaba.druid.pool.DruidDataSource-{dataSource-1} closing ...
2022-02-13 14:08:26.661 [SpringContextShutdownHook] INFO  com.alibaba.druid.pool.DruidDataSource-{dataSource-1} closed
2022-02-13 14:08:30.010 [task-153] INFO  com.novedu.nov.statistics.task.MultiThreadScheduleTask----------------正在同步课程播放次数...
2022-02-13 14:08:32.679 [task-153] INFO  com.novedu.nov.statistics.task.MultiThreadScheduleTask----------------课程播放次数同步完成
2022-02-13 14:08:32.884 [background-preinit] INFO  org.hibernate.validator.internal.util.Version-HV000001: Hibernate Validator 6.1.7.Final
2022-02-13 14:08:33.475 [main] INFO  org.reflections.Reflections-Reflections took 29 ms to scan 1 urls, producing 3 keys and 6 values 
2022-02-13 14:08:33.504 [main] INFO  org.reflections.Reflections-Reflections took 15 ms to scan 1 urls, producing 4 keys and 9 values 
2022-02-13 14:08:33.519 [main] INFO  org.reflections.Reflections-Reflections took 13 ms to scan 1 urls, producing 3 keys and 10 values 
2022-02-13 14:08:33.677 [main] INFO  org.reflections.Reflections-Reflections took 154 ms to scan 208 urls, producing 0 keys and 0 values 
2022-02-13 14:08:33.688 [main] INFO  org.reflections.Reflections-Reflections took 9 ms to scan 1 urls, producing 1 keys and 5 values 
2022-02-13 14:08:33.702 [main] INFO  org.reflections.Reflections-Reflections took 12 ms to scan 1 urls, producing 1 keys and 7 values 
2022-02-13 14:08:33.719 [main] INFO  org.reflections.Reflections-Reflections took 14 ms to scan 1 urls, producing 2 keys and 8 values 
2022-02-13 14:08:33.855 [main] INFO  org.reflections.Reflections-Reflections took 133 ms to scan 208 urls, producing 0 keys and 0 values 
2022-02-13 14:08:34.832 [main] INFO  org.springframework.cloud.bootstrap.config.PropertySourceBootstrapConfiguration-Located property source: [BootstrapPropertySource {name='bootstrapProperties-service-order-dev.properties,DEFAULT_GROUP'}, BootstrapPropertySource {name='bootstrapProperties-service-order.properties,DEFAULT_GROUP'}, BootstrapPropertySource {name='bootstrapProperties-service-order,DEFAULT_GROUP'}]
2022-02-13 14:08:34.836 [main] INFO  com.novedu.nov.order.OrderServiceApplication-The following profiles are active: dev
2022-02-13 14:08:35.487 [main] INFO  org.springframework.data.repository.config.RepositoryConfigurationDelegate-Multiple Spring Data modules found, entering strict repository configuration mode!
2022-02-13 14:08:35.489 [main] INFO  org.springframework.data.repository.config.RepositoryConfigurationDelegate-Bootstrapping Spring Data Redis repositories in DEFAULT mode.
2022-02-13 14:08:35.514 [main] INFO  org.springframework.data.repository.config.RepositoryConfigurationDelegate-Finished Spring Data repository scanning in 13ms. Found 0 Redis repository interfaces.
2022-02-13 14:08:35.710 [main] INFO  org.springframework.cloud.context.scope.GenericScope-BeanFactory id=8bffcab3-3fb9-3f14-b0f2-2666d919d14e
2022-02-13 14:08:36.118 [main] INFO  org.springframework.boot.web.embedded.tomcat.TomcatWebServer-Tomcat initialized with port(s): 8086 (http)
2022-02-13 14:08:36.126 [main] INFO  org.apache.coyote.http11.Http11NioProtocol-Initializing ProtocolHandler ["http-nio-8086"]
2022-02-13 14:08:36.126 [main] INFO  org.apache.catalina.core.StandardService-Starting service [Tomcat]
2022-02-13 14:08:36.126 [main] INFO  org.apache.catalina.core.StandardEngine-Starting Servlet engine: [Apache Tomcat/9.0.46]
2022-02-13 14:08:36.242 [main] INFO  org.apache.catalina.core.ContainerBase.[Tomcat].[localhost].[/]-Initializing Spring embedded WebApplicationContext
2022-02-13 14:08:36.243 [main] INFO  org.springframework.boot.web.servlet.context.ServletWebServerApplicationContext-Root WebApplicationContext: initialization completed in 1388 ms
2022-02-13 14:08:36.477 [main] INFO  org.springframework.cloud.openfeign.FeignClientFactoryBean-For 'service-edu' URL not provided. Will try picking an instance via load-balancing.
2022-02-13 14:08:36.500 [main] INFO  org.apache.catalina.core.StandardService-Stopping service [Tomcat]
2022-02-13 14:08:36.516 [main] INFO  org.springframework.boot.autoconfigure.logging.ConditionEvaluationReportLoggingListener-

Error starting ApplicationContext. To display the conditions report re-run your application with 'debug' enabled.
2022-02-13 14:09:00.001 [task-154] INFO  com.novedu.nov.statistics.task.MultiThreadScheduleTask----------------正在同步课程播放次数...
2022-02-13 14:09:02.527 [task-154] INFO  com.novedu.nov.statistics.task.MultiThreadScheduleTask----------------课程播放次数同步完成
2022-02-13 14:09:20.807 [background-preinit] INFO  org.hibernate.validator.internal.util.Version-HV000001: Hibernate Validator 6.1.7.Final
2022-02-13 14:09:21.388 [main] INFO  org.reflections.Reflections-Reflections took 29 ms to scan 1 urls, producing 3 keys and 6 values 
2022-02-13 14:09:21.416 [main] INFO  org.reflections.Reflections-Reflections took 14 ms to scan 1 urls, producing 4 keys and 9 values 
2022-02-13 14:09:21.432 [main] INFO  org.reflections.Reflections-Reflections took 13 ms to scan 1 urls, producing 3 keys and 10 values 
2022-02-13 14:09:21.598 [main] INFO  org.reflections.Reflections-Reflections took 162 ms to scan 208 urls, producing 0 keys and 0 values 
2022-02-13 14:09:21.609 [main] INFO  org.reflections.Reflections-Reflections took 10 ms to scan 1 urls, producing 1 keys and 5 values 
2022-02-13 14:09:21.626 [main] INFO  org.reflections.Reflections-Reflections took 15 ms to scan 1 urls, producing 1 keys and 7 values 
2022-02-13 14:09:21.639 [main] INFO  org.reflections.Reflections-Reflections took 10 ms to scan 1 urls, producing 2 keys and 8 values 
2022-02-13 14:09:21.777 [main] INFO  org.reflections.Reflections-Reflections took 135 ms to scan 208 urls, producing 0 keys and 0 values 
2022-02-13 14:09:22.735 [main] INFO  org.springframework.cloud.bootstrap.config.PropertySourceBootstrapConfiguration-Located property source: [BootstrapPropertySource {name='bootstrapProperties-service-order-dev.properties,DEFAULT_GROUP'}, BootstrapPropertySource {name='bootstrapProperties-service-order.properties,DEFAULT_GROUP'}, BootstrapPropertySource {name='bootstrapProperties-service-order,DEFAULT_GROUP'}]
2022-02-13 14:09:22.738 [main] INFO  com.novedu.nov.order.OrderServiceApplication-The following profiles are active: dev
2022-02-13 14:09:23.383 [main] INFO  org.springframework.data.repository.config.RepositoryConfigurationDelegate-Multiple Spring Data modules found, entering strict repository configuration mode!
2022-02-13 14:09:23.385 [main] INFO  org.springframework.data.repository.config.RepositoryConfigurationDelegate-Bootstrapping Spring Data Redis repositories in DEFAULT mode.
2022-02-13 14:09:23.409 [main] INFO  org.springframework.data.repository.config.RepositoryConfigurationDelegate-Finished Spring Data repository scanning in 12ms. Found 0 Redis repository interfaces.
2022-02-13 14:09:23.614 [main] INFO  org.springframework.cloud.context.scope.GenericScope-BeanFactory id=8a981f1f-adbf-37ba-bf65-5d00c36f2920
2022-02-13 14:09:24.036 [main] INFO  org.springframework.boot.web.embedded.tomcat.TomcatWebServer-Tomcat initialized with port(s): 8086 (http)
2022-02-13 14:09:24.045 [main] INFO  org.apache.coyote.http11.Http11NioProtocol-Initializing ProtocolHandler ["http-nio-8086"]
2022-02-13 14:09:24.045 [main] INFO  org.apache.catalina.core.StandardService-Starting service [Tomcat]
2022-02-13 14:09:24.046 [main] INFO  org.apache.catalina.core.StandardEngine-Starting Servlet engine: [Apache Tomcat/9.0.46]
2022-02-13 14:09:24.156 [main] INFO  org.apache.catalina.core.ContainerBase.[Tomcat].[localhost].[/]-Initializing Spring embedded WebApplicationContext
2022-02-13 14:09:24.156 [main] INFO  org.springframework.boot.web.servlet.context.ServletWebServerApplicationContext-Root WebApplicationContext: initialization completed in 1398 ms
2022-02-13 14:09:24.398 [main] INFO  org.springframework.cloud.openfeign.FeignClientFactoryBean-For 'service-edu' URL not provided. Will try picking an instance via load-balancing.
2022-02-13 14:09:24.484 [main] INFO  com.alibaba.druid.spring.boot.autoconfigure.DruidDataSourceAutoConfigure-Init DruidDataSource
2022-02-13 14:09:26.938 [main] INFO  com.alibaba.druid.pool.DruidDataSource-{dataSource-1} inited
2022-02-13 14:09:27.392 [main] INFO  org.springframework.cloud.openfeign.FeignClientFactoryBean-For 'service-ucenter' URL not provided. Will try picking an instance via load-balancing.
2022-02-13 14:09:28.064 [main] INFO  springfox.documentation.spring.web.PropertySourcedRequestMappingHandlerMapping-Mapped URL path [/v2/api-docs] onto method [springfox.documentation.swagger2.web.Swagger2Controller#getDocumentation(String, HttpServletRequest)]
2022-02-13 14:09:28.074 [main] INFO  com.netflix.config.sources.URLConfigurationSource-To enable URLs as dynamic configuration sources, define System property archaius.configurationSource.additionalUrls or make config.properties available on classpath.
2022-02-13 14:09:28.078 [main] INFO  com.netflix.config.sources.URLConfigurationSource-To enable URLs as dynamic configuration sources, define System property archaius.configurationSource.additionalUrls or make config.properties available on classpath.
2022-02-13 14:09:28.196 [main] INFO  org.springframework.scheduling.concurrent.ThreadPoolTaskExecutor-Initializing ExecutorService 'applicationTaskExecutor'
2022-02-13 14:09:28.361 [main] INFO  org.springframework.scheduling.concurrent.ThreadPoolTaskScheduler-Initializing ExecutorService 'Nacos-Watch-Task-Scheduler'
2022-02-13 14:09:28.900 [main] INFO  org.apache.coyote.http11.Http11NioProtocol-Starting ProtocolHandler ["http-nio-8086"]
2022-02-13 14:09:28.913 [main] INFO  org.springframework.boot.web.embedded.tomcat.TomcatWebServer-Tomcat started on port(s): 8086 (http) with context path ''
2022-02-13 14:09:28.922 [main] INFO  com.alibaba.cloud.nacos.registry.NacosServiceRegistry-nacos registry, DEFAULT_GROUP service-order 192.168.31.136:8086 register finished
2022-02-13 14:09:28.990 [main] INFO  springfox.documentation.spring.web.plugins.DocumentationPluginsBootstrapper-Context refreshed
2022-02-13 14:09:29.002 [main] INFO  springfox.documentation.spring.web.plugins.DocumentationPluginsBootstrapper-Found 1 custom documentation plugin(s)
2022-02-13 14:09:29.033 [main] INFO  springfox.documentation.spring.web.scanners.ApiListingReferenceScanner-Scanning for api listing references
2022-02-13 14:09:29.186 [main] INFO  com.novedu.nov.order.OrderServiceApplication-Started OrderServiceApplication in 8.887 seconds (JVM running for 9.629)
2022-02-13 14:09:30.004 [task-155] INFO  com.novedu.nov.statistics.task.MultiThreadScheduleTask----------------正在同步课程播放次数...
2022-02-13 14:09:32.489 [task-155] INFO  com.novedu.nov.statistics.task.MultiThreadScheduleTask----------------课程播放次数同步完成
2022-02-13 14:10:00.011 [task-156] INFO  com.novedu.nov.statistics.task.MultiThreadScheduleTask----------------正在同步课程播放次数...
2022-02-13 14:10:02.560 [task-156] INFO  com.novedu.nov.statistics.task.MultiThreadScheduleTask----------------课程播放次数同步完成
2022-02-13 14:10:08.610 [http-nio-8086-exec-1] INFO  org.apache.catalina.core.ContainerBase.[Tomcat].[localhost].[/]-Initializing Spring DispatcherServlet 'dispatcherServlet'
2022-02-13 14:10:08.610 [http-nio-8086-exec-1] INFO  org.springframework.web.servlet.DispatcherServlet-Initializing Servlet 'dispatcherServlet'
2022-02-13 14:10:08.618 [http-nio-8086-exec-1] INFO  org.springframework.web.servlet.DispatcherServlet-Completed initialization in 8 ms
2022-02-13 14:10:09.397 [hystrix-service-edu-1] INFO  com.netflix.config.ChainedDynamicProperty-Flipping property: service-edu.ribbon.ActiveConnectionsLimit to use NEXT property: niws.loadbalancer.availabilityFilteringRule.activeConnectionsLimit = 2147483647
2022-02-13 14:10:09.410 [hystrix-service-edu-1] INFO  com.netflix.loadbalancer.BaseLoadBalancer-Client: service-edu instantiated a LoadBalancer: DynamicServerListLoadBalancer:{NFLoadBalancer:name=service-edu,current list of Servers=[],Load balancer stats=Zone stats: {},Server stats: []}ServerList:null
2022-02-13 14:10:09.415 [hystrix-service-edu-1] INFO  com.netflix.loadbalancer.DynamicServerListLoadBalancer-Using serverListUpdater PollingServerListUpdater
2022-02-13 14:10:09.430 [hystrix-service-edu-1] INFO  com.netflix.config.ChainedDynamicProperty-Flipping property: service-edu.ribbon.ActiveConnectionsLimit to use NEXT property: niws.loadbalancer.availabilityFilteringRule.activeConnectionsLimit = 2147483647
2022-02-13 14:10:09.431 [hystrix-service-edu-1] INFO  com.netflix.loadbalancer.DynamicServerListLoadBalancer-DynamicServerListLoadBalancer for client service-edu initialized: DynamicServerListLoadBalancer:{NFLoadBalancer:name=service-edu,current list of Servers=[192.168.31.136:8081],Load balancer stats=Zone stats: {unknown=[Zone:unknown;	Instance count:1;	Active connections count: 0;	Circuit breaker tripped count: 0;	Active connections per server: 0.0;]
},Server stats: [[Server:192.168.31.136:8081;	Zone:UNKNOWN;	Total Requests:0;	Successive connection failure:0;	Total blackout seconds:0;	Last connection made:Thu Jan 01 08:00:00 CST 1970;	First connection made: Thu Jan 01 08:00:00 CST 1970;	Active Connections:0;	total failure count in last (1000) msecs:0;	average resp time:0.0;	90 percentile resp time:0.0;	95 percentile resp time:0.0;	min resp time:0.0;	max resp time:0.0;	stddev resp time:0.0]
]}ServerList:com.alibaba.cloud.nacos.ribbon.NacosServerList@53a8975e
2022-02-13 14:10:10.427 [PollingServerListUpdater-0] INFO  com.netflix.config.ChainedDynamicProperty-Flipping property: service-edu.ribbon.ActiveConnectionsLimit to use NEXT property: niws.loadbalancer.availabilityFilteringRule.activeConnectionsLimit = 2147483647
2022-02-13 14:10:30.001 [task-157] INFO  com.novedu.nov.statistics.task.MultiThreadScheduleTask----------------正在同步课程播放次数...
2022-02-13 14:10:33.735 [task-157] INFO  com.novedu.nov.statistics.task.MultiThreadScheduleTask----------------课程播放次数同步完成
2022-02-13 14:10:35.386 [http-nio-8085-exec-2] INFO  com.novedu.nov.sys.config.NovMetaObjectHandler-start insert fill ....
2022-02-13 14:10:51.168 [SpringContextShutdownHook] INFO  org.springframework.scheduling.concurrent.ThreadPoolTaskScheduler-Shutting down ExecutorService 'Nacos-Watch-Task-Scheduler'
2022-02-13 14:10:51.171 [SpringContextShutdownHook] INFO  com.alibaba.cloud.nacos.registry.NacosServiceRegistry-De-registering from Nacos Server now...
2022-02-13 14:10:51.173 [SpringContextShutdownHook] INFO  com.alibaba.cloud.nacos.registry.NacosServiceRegistry-De-registration finished.
2022-02-13 14:10:51.517 [SpringContextShutdownHook] INFO  org.springframework.scheduling.concurrent.ThreadPoolTaskExecutor-Shutting down ExecutorService 'applicationTaskExecutor'
2022-02-13 14:10:51.653 [SpringContextShutdownHook] INFO  com.alibaba.druid.pool.DruidDataSource-{dataSource-1} closing ...
2022-02-13 14:10:51.658 [SpringContextShutdownHook] INFO  com.alibaba.druid.pool.DruidDataSource-{dataSource-1} closed
2022-02-13 14:11:00.003 [task-158] INFO  com.novedu.nov.statistics.task.MultiThreadScheduleTask----------------正在同步课程播放次数...
2022-02-13 14:11:02.364 [HystrixTimer-3] INFO  com.novedu.nov.order.client.EduClientImpl-查询课程信息失败
2022-02-13 14:11:14.288 [background-preinit] INFO  org.hibernate.validator.internal.util.Version-HV000001: Hibernate Validator 6.1.7.Final
2022-02-13 14:11:14.860 [main] INFO  org.reflections.Reflections-Reflections took 30 ms to scan 1 urls, producing 3 keys and 6 values 
2022-02-13 14:11:14.887 [main] INFO  org.reflections.Reflections-Reflections took 14 ms to scan 1 urls, producing 4 keys and 9 values 
2022-02-13 14:11:14.902 [main] INFO  org.reflections.Reflections-Reflections took 12 ms to scan 1 urls, producing 3 keys and 10 values 
2022-02-13 14:11:15.072 [main] INFO  org.reflections.Reflections-Reflections took 166 ms to scan 208 urls, producing 0 keys and 0 values 
2022-02-13 14:11:15.082 [main] INFO  org.reflections.Reflections-Reflections took 10 ms to scan 1 urls, producing 1 keys and 5 values 
2022-02-13 14:11:15.095 [main] INFO  org.reflections.Reflections-Reflections took 10 ms to scan 1 urls, producing 1 keys and 7 values 
2022-02-13 14:11:15.110 [main] INFO  org.reflections.Reflections-Reflections took 13 ms to scan 1 urls, producing 2 keys and 8 values 
2022-02-13 14:11:15.249 [main] INFO  org.reflections.Reflections-Reflections took 136 ms to scan 208 urls, producing 0 keys and 0 values 
2022-02-13 14:11:16.198 [main] INFO  org.springframework.cloud.bootstrap.config.PropertySourceBootstrapConfiguration-Located property source: [BootstrapPropertySource {name='bootstrapProperties-service-edu-dev.properties,DEFAULT_GROUP'}, BootstrapPropertySource {name='bootstrapProperties-service-edu.properties,DEFAULT_GROUP'}, BootstrapPropertySource {name='bootstrapProperties-service-edu,DEFAULT_GROUP'}]
2022-02-13 14:11:16.202 [main] INFO  com.novedu.nov.EduServiceApplication-The following profiles are active: dev
2022-02-13 14:11:16.882 [main] INFO  org.springframework.data.repository.config.RepositoryConfigurationDelegate-Multiple Spring Data modules found, entering strict repository configuration mode!
2022-02-13 14:11:16.885 [main] INFO  org.springframework.data.repository.config.RepositoryConfigurationDelegate-Bootstrapping Spring Data Redis repositories in DEFAULT mode.
2022-02-13 14:11:16.918 [main] INFO  org.springframework.data.repository.config.RepositoryConfigurationDelegate-Finished Spring Data repository scanning in 21ms. Found 0 Redis repository interfaces.
2022-02-13 14:11:17.118 [main] INFO  org.springframework.cloud.context.scope.GenericScope-BeanFactory id=e472dcd6-c0d0-31dd-96b5-87000ad36a10
2022-02-13 14:11:17.563 [main] INFO  org.springframework.boot.web.embedded.tomcat.TomcatWebServer-Tomcat initialized with port(s): 8081 (http)
2022-02-13 14:11:17.571 [main] INFO  org.apache.coyote.http11.Http11NioProtocol-Initializing ProtocolHandler ["http-nio-8081"]
2022-02-13 14:11:17.571 [main] INFO  org.apache.catalina.core.StandardService-Starting service [Tomcat]
2022-02-13 14:11:17.572 [main] INFO  org.apache.catalina.core.StandardEngine-Starting Servlet engine: [Apache Tomcat/9.0.46]
2022-02-13 14:11:17.682 [main] INFO  org.apache.catalina.core.ContainerBase.[Tomcat].[localhost].[/]-Initializing Spring embedded WebApplicationContext
2022-02-13 14:11:17.682 [main] INFO  org.springframework.boot.web.servlet.context.ServletWebServerApplicationContext-Root WebApplicationContext: initialization completed in 1461 ms
2022-02-13 14:11:17.781 [main] INFO  com.alibaba.druid.spring.boot.autoconfigure.DruidDataSourceAutoConfigure-Init DruidDataSource
2022-02-13 14:11:17.860 [main] INFO  com.alibaba.druid.pool.DruidDataSource-{dataSource-1} inited
2022-02-13 14:11:19.067 [main] INFO  org.springframework.cloud.openfeign.FeignClientFactoryBean-For 'service-order' URL not provided. Will try picking an instance via load-balancing.
2022-02-13 14:11:20.254 [main] INFO  springfox.documentation.spring.web.PropertySourcedRequestMappingHandlerMapping-Mapped URL path [/v2/api-docs] onto method [springfox.documentation.swagger2.web.Swagger2Controller#getDocumentation(String, HttpServletRequest)]
2022-02-13 14:11:20.267 [main] INFO  com.netflix.config.sources.URLConfigurationSource-To enable URLs as dynamic configuration sources, define System property archaius.configurationSource.additionalUrls or make config.properties available on classpath.
2022-02-13 14:11:20.271 [main] INFO  com.netflix.config.sources.URLConfigurationSource-To enable URLs as dynamic configuration sources, define System property archaius.configurationSource.additionalUrls or make config.properties available on classpath.
2022-02-13 14:11:20.396 [main] INFO  org.springframework.scheduling.concurrent.ThreadPoolTaskExecutor-Initializing ExecutorService 'applicationTaskExecutor'
2022-02-13 14:11:20.573 [main] INFO  org.springframework.scheduling.concurrent.ThreadPoolTaskScheduler-Initializing ExecutorService 'Nacos-Watch-Task-Scheduler'
2022-02-13 14:11:21.149 [main] INFO  org.apache.coyote.http11.Http11NioProtocol-Starting ProtocolHandler ["http-nio-8081"]
2022-02-13 14:11:21.161 [main] INFO  org.springframework.boot.web.embedded.tomcat.TomcatWebServer-Tomcat started on port(s): 8081 (http) with context path ''
2022-02-13 14:11:21.170 [main] INFO  com.alibaba.cloud.nacos.registry.NacosServiceRegistry-nacos registry, DEFAULT_GROUP service-edu 192.168.31.136:8081 register finished
2022-02-13 14:11:21.240 [main] INFO  springfox.documentation.spring.web.plugins.DocumentationPluginsBootstrapper-Context refreshed
2022-02-13 14:11:21.251 [main] INFO  springfox.documentation.spring.web.plugins.DocumentationPluginsBootstrapper-Found 1 custom documentation plugin(s)
2022-02-13 14:11:21.281 [main] INFO  springfox.documentation.spring.web.scanners.ApiListingReferenceScanner-Scanning for api listing references
2022-02-13 14:11:21.440 [main] INFO  springfox.documentation.spring.web.readers.operation.CachingOperationNameGenerator-Generating unique operation named: queryCommentPageUsingPOST_1
2022-02-13 14:11:21.477 [main] INFO  springfox.documentation.spring.web.readers.operation.CachingOperationNameGenerator-Generating unique operation named: queryCourseByTeacherIdUsingPOST_1
2022-02-13 14:11:21.495 [main] INFO  springfox.documentation.spring.web.readers.operation.CachingOperationNameGenerator-Generating unique operation named: saveCourseUsingPOST_1
2022-02-13 14:11:21.526 [main] INFO  springfox.documentation.spring.web.readers.operation.CachingOperationNameGenerator-Generating unique operation named: saveCourseUsingPOST_2
2022-02-13 14:11:21.550 [main] INFO  com.novedu.nov.EduServiceApplication-Started EduServiceApplication in 7.763 seconds (JVM running for 8.471)
2022-02-13 14:11:29.010 [http-nio-8081-exec-2] INFO  org.apache.catalina.core.ContainerBase.[Tomcat].[localhost].[/]-Initializing Spring DispatcherServlet 'dispatcherServlet'
2022-02-13 14:11:29.011 [http-nio-8081-exec-2] INFO  org.springframework.web.servlet.DispatcherServlet-Initializing Servlet 'dispatcherServlet'
2022-02-13 14:11:29.017 [http-nio-8081-exec-2] INFO  org.springframework.web.servlet.DispatcherServlet-Completed initialization in 6 ms
2022-02-13 14:11:29.452 [hystrix-service-edu-5] INFO  com.novedu.nov.order.client.EduClientImpl-同步课程购买数失败
2022-02-13 14:11:30.002 [task-159] INFO  com.novedu.nov.statistics.task.MultiThreadScheduleTask----------------正在同步课程播放次数...
2022-02-13 14:11:31.706 [hystrix-service-edu-6] INFO  com.novedu.nov.order.client.EduClientImpl-查询课程信息失败
2022-02-13 14:11:36.167 [hystrix-service-edu-7] INFO  com.novedu.nov.order.client.EduClientImpl-同步课程购买数失败
2022-02-13 14:11:38.657 [hystrix-service-edu-8] INFO  com.novedu.nov.order.client.EduClientImpl-查询课程信息失败
2022-02-13 14:12:00.006 [task-160] INFO  com.novedu.nov.statistics.task.MultiThreadScheduleTask----------------正在同步课程播放次数...
2022-02-13 14:12:03.285 [task-160] INFO  com.novedu.nov.statistics.task.MultiThreadScheduleTask----------------课程播放次数同步完成
2022-02-13 14:12:30.007 [task-161] INFO  com.novedu.nov.statistics.task.MultiThreadScheduleTask----------------正在同步课程播放次数...
2022-02-13 14:12:33.270 [task-161] INFO  com.novedu.nov.statistics.task.MultiThreadScheduleTask----------------课程播放次数同步完成
2022-02-13 14:13:00.015 [task-162] INFO  com.novedu.nov.statistics.task.MultiThreadScheduleTask----------------正在同步课程播放次数...
2022-02-13 14:13:02.111 [task-162] INFO  com.novedu.nov.statistics.task.MultiThreadScheduleTask----------------课程播放次数同步完成
2022-02-13 14:13:04.107 [hystrix-service-ucenter-1] INFO  com.netflix.config.ChainedDynamicProperty-Flipping property: service-ucenter.ribbon.ActiveConnectionsLimit to use NEXT property: niws.loadbalancer.availabilityFilteringRule.activeConnectionsLimit = 2147483647
2022-02-13 14:13:04.108 [hystrix-service-ucenter-1] INFO  com.netflix.loadbalancer.BaseLoadBalancer-Client: service-ucenter instantiated a LoadBalancer: DynamicServerListLoadBalancer:{NFLoadBalancer:name=service-ucenter,current list of Servers=[],Load balancer stats=Zone stats: {},Server stats: []}ServerList:null
2022-02-13 14:13:04.111 [hystrix-service-ucenter-1] INFO  com.netflix.loadbalancer.DynamicServerListLoadBalancer-Using serverListUpdater PollingServerListUpdater
2022-02-13 14:13:04.115 [hystrix-service-ucenter-1] INFO  com.netflix.config.ChainedDynamicProperty-Flipping property: service-ucenter.ribbon.ActiveConnectionsLimit to use NEXT property: niws.loadbalancer.availabilityFilteringRule.activeConnectionsLimit = 2147483647
2022-02-13 14:13:04.116 [hystrix-service-ucenter-1] INFO  com.netflix.loadbalancer.DynamicServerListLoadBalancer-DynamicServerListLoadBalancer for client service-ucenter initialized: DynamicServerListLoadBalancer:{NFLoadBalancer:name=service-ucenter,current list of Servers=[192.168.31.136:8085],Load balancer stats=Zone stats: {unknown=[Zone:unknown;	Instance count:1;	Active connections count: 0;	Circuit breaker tripped count: 0;	Active connections per server: 0.0;]
},Server stats: [[Server:192.168.31.136:8085;	Zone:UNKNOWN;	Total Requests:0;	Successive connection failure:0;	Total blackout seconds:0;	Last connection made:Thu Jan 01 08:00:00 CST 1970;	First connection made: Thu Jan 01 08:00:00 CST 1970;	Active Connections:0;	total failure count in last (1000) msecs:0;	average resp time:0.0;	90 percentile resp time:0.0;	95 percentile resp time:0.0;	min resp time:0.0;	max resp time:0.0;	stddev resp time:0.0]
]}ServerList:com.alibaba.cloud.nacos.ribbon.NacosServerList@1607111d
2022-02-13 14:13:04.467 [http-nio-8086-exec-10] INFO  com.novedu.nov.sys.config.NovMetaObjectHandler-start insert fill ....
2022-02-13 14:13:05.118 [PollingServerListUpdater-0] INFO  com.netflix.config.ChainedDynamicProperty-Flipping property: service-ucenter.ribbon.ActiveConnectionsLimit to use NEXT property: niws.loadbalancer.availabilityFilteringRule.activeConnectionsLimit = 2147483647
2022-02-13 14:13:11.289 [Thread-39] INFO  com.netflix.loadbalancer.PollingServerListUpdater-Shutting down the Executor Pool for PollingServerListUpdater
2022-02-13 14:13:11.352 [SpringContextShutdownHook] INFO  org.springframework.scheduling.concurrent.ThreadPoolTaskScheduler-Shutting down ExecutorService 'Nacos-Watch-Task-Scheduler'
2022-02-13 14:13:11.355 [SpringContextShutdownHook] INFO  org.springframework.scheduling.concurrent.ThreadPoolTaskScheduler-Shutting down ExecutorService 'taskScheduler'
2022-02-13 14:13:11.373 [SpringContextShutdownHook] INFO  com.alibaba.cloud.nacos.registry.NacosServiceRegistry-De-registering from Nacos Server now...
2022-02-13 14:13:11.375 [SpringContextShutdownHook] INFO  com.alibaba.cloud.nacos.registry.NacosServiceRegistry-De-registration finished.
2022-02-13 14:13:11.706 [SpringContextShutdownHook] INFO  org.springframework.scheduling.concurrent.ThreadPoolTaskExecutor-Shutting down ExecutorService 'applicationTaskExecutor'
2022-02-13 14:13:11.716 [SpringContextShutdownHook] INFO  com.alibaba.druid.pool.DruidDataSource-{dataSource-1} closing ...
2022-02-13 14:13:11.716 [SpringContextShutdownHook] INFO  com.alibaba.druid.pool.DruidDataSource-{dataSource-1} closed
2022-02-13 14:13:35.968 [background-preinit] INFO  org.hibernate.validator.internal.util.Version-HV000001: Hibernate Validator 6.1.7.Final
2022-02-13 14:13:36.519 [main] INFO  org.reflections.Reflections-Reflections took 28 ms to scan 1 urls, producing 3 keys and 6 values 
2022-02-13 14:13:36.546 [main] INFO  org.reflections.Reflections-Reflections took 14 ms to scan 1 urls, producing 4 keys and 9 values 
2022-02-13 14:13:36.561 [main] INFO  org.reflections.Reflections-Reflections took 12 ms to scan 1 urls, producing 3 keys and 10 values 
2022-02-13 14:13:36.723 [main] INFO  org.reflections.Reflections-Reflections took 159 ms to scan 208 urls, producing 0 keys and 0 values 
2022-02-13 14:13:36.733 [main] INFO  org.reflections.Reflections-Reflections took 10 ms to scan 1 urls, producing 1 keys and 5 values 
2022-02-13 14:13:36.748 [main] INFO  org.reflections.Reflections-Reflections took 13 ms to scan 1 urls, producing 1 keys and 7 values 
2022-02-13 14:13:36.760 [main] INFO  org.reflections.Reflections-Reflections took 9 ms to scan 1 urls, producing 2 keys and 8 values 
2022-02-13 14:13:36.895 [main] INFO  org.reflections.Reflections-Reflections took 132 ms to scan 208 urls, producing 0 keys and 0 values 
2022-02-13 14:13:37.842 [main] INFO  org.springframework.cloud.bootstrap.config.PropertySourceBootstrapConfiguration-Located property source: [BootstrapPropertySource {name='bootstrapProperties-service-statistics-dev.properties,DEFAULT_GROUP'}, BootstrapPropertySource {name='bootstrapProperties-service-statistics.properties,DEFAULT_GROUP'}, BootstrapPropertySource {name='bootstrapProperties-service-statistics,DEFAULT_GROUP'}]
2022-02-13 14:13:37.846 [main] INFO  com.novedu.nov.StatisticsServiceApplication-The following profiles are active: dev
2022-02-13 14:13:38.466 [main] INFO  org.springframework.data.repository.config.RepositoryConfigurationDelegate-Multiple Spring Data modules found, entering strict repository configuration mode!
2022-02-13 14:13:38.468 [main] INFO  org.springframework.data.repository.config.RepositoryConfigurationDelegate-Bootstrapping Spring Data Redis repositories in DEFAULT mode.
2022-02-13 14:13:38.496 [main] INFO  org.springframework.data.repository.config.RepositoryConfigurationDelegate-Finished Spring Data repository scanning in 16ms. Found 0 Redis repository interfaces.
2022-02-13 14:13:38.703 [main] INFO  org.springframework.cloud.context.scope.GenericScope-BeanFactory id=71f6b3d1-88b1-3752-9c21-93d45ba033e8
2022-02-13 14:13:39.143 [main] INFO  org.springframework.boot.web.embedded.tomcat.TomcatWebServer-Tomcat initialized with port(s): 8087 (http)
2022-02-13 14:13:39.151 [main] INFO  org.apache.coyote.http11.Http11NioProtocol-Initializing ProtocolHandler ["http-nio-8087"]
2022-02-13 14:13:39.152 [main] INFO  org.apache.catalina.core.StandardService-Starting service [Tomcat]
2022-02-13 14:13:39.152 [main] INFO  org.apache.catalina.core.StandardEngine-Starting Servlet engine: [Apache Tomcat/9.0.46]
2022-02-13 14:13:39.257 [main] INFO  org.apache.catalina.core.ContainerBase.[Tomcat].[localhost].[/]-Initializing Spring embedded WebApplicationContext
2022-02-13 14:13:39.257 [main] INFO  org.springframework.boot.web.servlet.context.ServletWebServerApplicationContext-Root WebApplicationContext: initialization completed in 1392 ms
2022-02-13 14:13:39.352 [main] INFO  com.alibaba.druid.spring.boot.autoconfigure.DruidDataSourceAutoConfigure-Init DruidDataSource
2022-02-13 14:13:39.433 [main] INFO  com.alibaba.druid.pool.DruidDataSource-{dataSource-1} inited
2022-02-13 14:13:39.899 [main] INFO  org.springframework.cloud.openfeign.FeignClientFactoryBean-For 'service-edu' URL not provided. Will try picking an instance via load-balancing.
2022-02-13 14:13:40.968 [main] INFO  springfox.documentation.spring.web.PropertySourcedRequestMappingHandlerMapping-Mapped URL path [/v2/api-docs] onto method [springfox.documentation.swagger2.web.Swagger2Controller#getDocumentation(String, HttpServletRequest)]
2022-02-13 14:13:40.980 [main] INFO  com.netflix.config.sources.URLConfigurationSource-To enable URLs as dynamic configuration sources, define System property archaius.configurationSource.additionalUrls or make config.properties available on classpath.
2022-02-13 14:13:40.983 [main] INFO  com.netflix.config.sources.URLConfigurationSource-To enable URLs as dynamic configuration sources, define System property archaius.configurationSource.additionalUrls or make config.properties available on classpath.
2022-02-13 14:13:41.104 [main] INFO  org.springframework.scheduling.concurrent.ThreadPoolTaskExecutor-Initializing ExecutorService 'applicationTaskExecutor'
2022-02-13 14:13:41.276 [main] INFO  org.springframework.scheduling.concurrent.ThreadPoolTaskScheduler-Initializing ExecutorService 'Nacos-Watch-Task-Scheduler'
2022-02-13 14:13:41.716 [main] INFO  org.springframework.scheduling.concurrent.ThreadPoolTaskScheduler-Initializing ExecutorService 'taskScheduler'
2022-02-13 14:13:42.071 [main] INFO  org.apache.coyote.http11.Http11NioProtocol-Starting ProtocolHandler ["http-nio-8087"]
2022-02-13 14:13:42.083 [main] INFO  org.springframework.boot.web.embedded.tomcat.TomcatWebServer-Tomcat started on port(s): 8087 (http) with context path ''
2022-02-13 14:13:42.093 [main] INFO  com.alibaba.cloud.nacos.registry.NacosServiceRegistry-nacos registry, DEFAULT_GROUP service-statistics 192.168.31.136:8087 register finished
2022-02-13 14:13:42.164 [main] INFO  springfox.documentation.spring.web.plugins.DocumentationPluginsBootstrapper-Context refreshed
2022-02-13 14:13:42.176 [main] INFO  springfox.documentation.spring.web.plugins.DocumentationPluginsBootstrapper-Found 1 custom documentation plugin(s)
2022-02-13 14:13:42.204 [main] INFO  springfox.documentation.spring.web.scanners.ApiListingReferenceScanner-Scanning for api listing references
2022-02-13 14:13:42.327 [main] INFO  com.novedu.nov.StatisticsServiceApplication-Started StatisticsServiceApplication in 6.841 seconds (JVM running for 7.842)
2022-02-13 14:13:43.197 [SpringContextShutdownHook] INFO  org.springframework.scheduling.concurrent.ThreadPoolTaskScheduler-Shutting down ExecutorService 'Nacos-Watch-Task-Scheduler'
2022-02-13 14:13:43.201 [SpringContextShutdownHook] INFO  com.alibaba.cloud.nacos.registry.NacosServiceRegistry-De-registering from Nacos Server now...
2022-02-13 14:13:43.203 [SpringContextShutdownHook] INFO  com.alibaba.cloud.nacos.registry.NacosServiceRegistry-De-registration finished.
2022-02-13 14:13:43.540 [SpringContextShutdownHook] INFO  org.springframework.scheduling.concurrent.ThreadPoolTaskExecutor-Shutting down ExecutorService 'applicationTaskExecutor'
2022-02-13 14:13:43.667 [SpringContextShutdownHook] INFO  com.alibaba.druid.pool.DruidDataSource-{dataSource-1} closing ...
2022-02-13 14:13:43.670 [SpringContextShutdownHook] INFO  com.alibaba.druid.pool.DruidDataSource-{dataSource-1} closed
2022-02-13 14:13:55.545 [HystrixTimer-7] INFO  com.novedu.nov.order.client.EduClientImpl-查询课程信息失败
2022-02-13 14:14:00.006 [task-1] INFO  com.novedu.nov.statistics.task.MultiThreadScheduleTask----------------正在同步课程播放次数...
2022-02-13 14:14:00.185 [task-1] INFO  com.netflix.config.ChainedDynamicProperty-Flipping property: service-edu.ribbon.ActiveConnectionsLimit to use NEXT property: niws.loadbalancer.availabilityFilteringRule.activeConnectionsLimit = 2147483647
2022-02-13 14:14:00.199 [task-1] INFO  com.netflix.loadbalancer.BaseLoadBalancer-Client: service-edu instantiated a LoadBalancer: DynamicServerListLoadBalancer:{NFLoadBalancer:name=service-edu,current list of Servers=[],Load balancer stats=Zone stats: {},Server stats: []}ServerList:null
2022-02-13 14:14:00.203 [task-1] INFO  com.netflix.loadbalancer.DynamicServerListLoadBalancer-Using serverListUpdater PollingServerListUpdater
2022-02-13 14:14:00.210 [task-1] INFO  com.netflix.loadbalancer.DynamicServerListLoadBalancer-DynamicServerListLoadBalancer for client service-edu initialized: DynamicServerListLoadBalancer:{NFLoadBalancer:name=service-edu,current list of Servers=[],Load balancer stats=Zone stats: {},Server stats: []}ServerList:com.alibaba.cloud.nacos.ribbon.NacosServerList@389c9588
2022-02-13 14:14:30.008 [task-2] INFO  com.novedu.nov.statistics.task.MultiThreadScheduleTask----------------正在同步课程播放次数...
2022-02-13 14:15:00.006 [task-3] INFO  com.novedu.nov.statistics.task.MultiThreadScheduleTask----------------正在同步课程播放次数...
2022-02-13 14:15:30.015 [task-4] INFO  com.novedu.nov.statistics.task.MultiThreadScheduleTask----------------正在同步课程播放次数...
2022-02-13 14:16:00.007 [task-5] INFO  com.novedu.nov.statistics.task.MultiThreadScheduleTask----------------正在同步课程播放次数...
2022-02-13 14:16:30.016 [task-6] INFO  com.novedu.nov.statistics.task.MultiThreadScheduleTask----------------正在同步课程播放次数...
2022-02-13 14:17:00.012 [task-7] INFO  com.novedu.nov.statistics.task.MultiThreadScheduleTask----------------正在同步课程播放次数...
2022-02-13 14:17:30.009 [task-8] INFO  com.novedu.nov.statistics.task.MultiThreadScheduleTask----------------正在同步课程播放次数...
2022-02-13 14:18:00.004 [task-9] INFO  com.novedu.nov.statistics.task.MultiThreadScheduleTask----------------正在同步课程播放次数...
2022-02-13 14:18:30.010 [task-10] INFO  com.novedu.nov.statistics.task.MultiThreadScheduleTask----------------正在同步课程播放次数...
2022-02-13 14:19:00.014 [task-11] INFO  com.novedu.nov.statistics.task.MultiThreadScheduleTask----------------正在同步课程播放次数...
2022-02-13 14:19:10.798 [Thread-41] INFO  com.netflix.loadbalancer.PollingServerListUpdater-Shutting down the Executor Pool for PollingServerListUpdater
2022-02-13 14:19:10.871 [SpringContextShutdownHook] INFO  org.springframework.scheduling.concurrent.ThreadPoolTaskScheduler-Shutting down ExecutorService 'Nacos-Watch-Task-Scheduler'
2022-02-13 14:19:10.875 [SpringContextShutdownHook] INFO  com.alibaba.cloud.nacos.registry.NacosServiceRegistry-De-registering from Nacos Server now...
2022-02-13 14:19:10.877 [SpringContextShutdownHook] INFO  com.alibaba.cloud.nacos.registry.NacosServiceRegistry-De-registration finished.
2022-02-13 14:19:11.213 [SpringContextShutdownHook] INFO  org.springframework.scheduling.concurrent.ThreadPoolTaskExecutor-Shutting down ExecutorService 'applicationTaskExecutor'
2022-02-13 14:19:11.449 [SpringContextShutdownHook] INFO  com.alibaba.druid.pool.DruidDataSource-{dataSource-1} closing ...
2022-02-13 14:19:11.451 [SpringContextShutdownHook] INFO  com.alibaba.druid.pool.DruidDataSource-{dataSource-1} closed
2022-02-13 14:19:16.055 [background-preinit] INFO  org.hibernate.validator.internal.util.Version-HV000001: Hibernate Validator 6.1.7.Final
2022-02-13 14:19:16.632 [main] INFO  org.reflections.Reflections-Reflections took 31 ms to scan 1 urls, producing 3 keys and 6 values 
2022-02-13 14:19:16.660 [main] INFO  org.reflections.Reflections-Reflections took 14 ms to scan 1 urls, producing 4 keys and 9 values 
2022-02-13 14:19:16.676 [main] INFO  org.reflections.Reflections-Reflections took 13 ms to scan 1 urls, producing 3 keys and 10 values 
2022-02-13 14:19:16.837 [main] INFO  org.reflections.Reflections-Reflections took 158 ms to scan 208 urls, producing 0 keys and 0 values 
2022-02-13 14:19:16.848 [main] INFO  org.reflections.Reflections-Reflections took 9 ms to scan 1 urls, producing 1 keys and 5 values 
2022-02-13 14:19:16.862 [main] INFO  org.reflections.Reflections-Reflections took 12 ms to scan 1 urls, producing 1 keys and 7 values 
2022-02-13 14:19:16.878 [main] INFO  org.reflections.Reflections-Reflections took 10 ms to scan 1 urls, producing 2 keys and 8 values 
2022-02-13 14:19:17.014 [main] INFO  org.reflections.Reflections-Reflections took 134 ms to scan 208 urls, producing 0 keys and 0 values 
2022-02-13 14:19:17.968 [main] INFO  org.springframework.cloud.bootstrap.config.PropertySourceBootstrapConfiguration-Located property source: [BootstrapPropertySource {name='bootstrapProperties-service-order-dev.properties,DEFAULT_GROUP'}, BootstrapPropertySource {name='bootstrapProperties-service-order.properties,DEFAULT_GROUP'}, BootstrapPropertySource {name='bootstrapProperties-service-order,DEFAULT_GROUP'}]
2022-02-13 14:19:17.972 [main] INFO  com.novedu.nov.order.OrderServiceApplication-The following profiles are active: dev
2022-02-13 14:19:18.600 [main] INFO  org.springframework.data.repository.config.RepositoryConfigurationDelegate-Multiple Spring Data modules found, entering strict repository configuration mode!
2022-02-13 14:19:18.602 [main] INFO  org.springframework.data.repository.config.RepositoryConfigurationDelegate-Bootstrapping Spring Data Redis repositories in DEFAULT mode.
2022-02-13 14:19:18.626 [main] INFO  org.springframework.data.repository.config.RepositoryConfigurationDelegate-Finished Spring Data repository scanning in 12ms. Found 0 Redis repository interfaces.
2022-02-13 14:19:18.823 [main] INFO  org.springframework.cloud.context.scope.GenericScope-BeanFactory id=8a981f1f-adbf-37ba-bf65-5d00c36f2920
2022-02-13 14:19:19.233 [main] INFO  org.springframework.boot.web.embedded.tomcat.TomcatWebServer-Tomcat initialized with port(s): 8086 (http)
2022-02-13 14:19:19.241 [main] INFO  org.apache.coyote.http11.Http11NioProtocol-Initializing ProtocolHandler ["http-nio-8086"]
2022-02-13 14:19:19.242 [main] INFO  org.apache.catalina.core.StandardService-Starting service [Tomcat]
2022-02-13 14:19:19.242 [main] INFO  org.apache.catalina.core.StandardEngine-Starting Servlet engine: [Apache Tomcat/9.0.46]
2022-02-13 14:19:19.349 [main] INFO  org.apache.catalina.core.ContainerBase.[Tomcat].[localhost].[/]-Initializing Spring embedded WebApplicationContext
2022-02-13 14:19:19.349 [main] INFO  org.springframework.boot.web.servlet.context.ServletWebServerApplicationContext-Root WebApplicationContext: initialization completed in 1358 ms
2022-02-13 14:19:19.581 [main] INFO  org.springframework.cloud.openfeign.FeignClientFactoryBean-For 'service-edu' URL not provided. Will try picking an instance via load-balancing.
2022-02-13 14:19:19.659 [main] INFO  com.alibaba.druid.spring.boot.autoconfigure.DruidDataSourceAutoConfigure-Init DruidDataSource
2022-02-13 14:19:22.195 [main] INFO  com.alibaba.druid.pool.DruidDataSource-{dataSource-1} inited
2022-02-13 14:19:22.632 [main] INFO  org.springframework.cloud.openfeign.FeignClientFactoryBean-For 'service-ucenter' URL not provided. Will try picking an instance via load-balancing.
2022-02-13 14:19:23.332 [main] INFO  springfox.documentation.spring.web.PropertySourcedRequestMappingHandlerMapping-Mapped URL path [/v2/api-docs] onto method [springfox.documentation.swagger2.web.Swagger2Controller#getDocumentation(String, HttpServletRequest)]
2022-02-13 14:19:23.342 [main] INFO  com.netflix.config.sources.URLConfigurationSource-To enable URLs as dynamic configuration sources, define System property archaius.configurationSource.additionalUrls or make config.properties available on classpath.
2022-02-13 14:19:23.346 [main] INFO  com.netflix.config.sources.URLConfigurationSource-To enable URLs as dynamic configuration sources, define System property archaius.configurationSource.additionalUrls or make config.properties available on classpath.
2022-02-13 14:19:23.462 [main] INFO  org.springframework.scheduling.concurrent.ThreadPoolTaskExecutor-Initializing ExecutorService 'applicationTaskExecutor'
2022-02-13 14:19:23.626 [main] INFO  org.springframework.scheduling.concurrent.ThreadPoolTaskScheduler-Initializing ExecutorService 'Nacos-Watch-Task-Scheduler'
2022-02-13 14:19:24.171 [main] INFO  org.apache.coyote.http11.Http11NioProtocol-Starting ProtocolHandler ["http-nio-8086"]
2022-02-13 14:19:24.185 [main] INFO  org.springframework.boot.web.embedded.tomcat.TomcatWebServer-Tomcat started on port(s): 8086 (http) with context path ''
2022-02-13 14:19:24.194 [main] INFO  com.alibaba.cloud.nacos.registry.NacosServiceRegistry-nacos registry, DEFAULT_GROUP service-order 192.168.31.136:8086 register finished
2022-02-13 14:19:24.262 [main] INFO  springfox.documentation.spring.web.plugins.DocumentationPluginsBootstrapper-Context refreshed
2022-02-13 14:19:24.274 [main] INFO  springfox.documentation.spring.web.plugins.DocumentationPluginsBootstrapper-Found 1 custom documentation plugin(s)
2022-02-13 14:19:24.304 [main] INFO  springfox.documentation.spring.web.scanners.ApiListingReferenceScanner-Scanning for api listing references
2022-02-13 14:19:24.452 [main] INFO  com.novedu.nov.order.OrderServiceApplication-Started OrderServiceApplication in 8.881 seconds (JVM running for 9.561)
2022-02-13 14:19:30.005 [task-12] INFO  com.novedu.nov.statistics.task.MultiThreadScheduleTask----------------正在同步课程播放次数...
2022-02-13 14:19:30.387 [http-nio-8086-exec-1] INFO  org.apache.catalina.core.ContainerBase.[Tomcat].[localhost].[/]-Initializing Spring DispatcherServlet 'dispatcherServlet'
2022-02-13 14:19:30.387 [http-nio-8086-exec-1] INFO  org.springframework.web.servlet.DispatcherServlet-Initializing Servlet 'dispatcherServlet'
2022-02-13 14:19:30.393 [http-nio-8086-exec-1] INFO  org.springframework.web.servlet.DispatcherServlet-Completed initialization in 6 ms
2022-02-13 14:19:34.717 [hystrix-service-edu-1] INFO  com.netflix.config.ChainedDynamicProperty-Flipping property: service-edu.ribbon.ActiveConnectionsLimit to use NEXT property: niws.loadbalancer.availabilityFilteringRule.activeConnectionsLimit = 2147483647
2022-02-13 14:19:34.729 [hystrix-service-edu-1] INFO  com.netflix.loadbalancer.BaseLoadBalancer-Client: service-edu instantiated a LoadBalancer: DynamicServerListLoadBalancer:{NFLoadBalancer:name=service-edu,current list of Servers=[],Load balancer stats=Zone stats: {},Server stats: []}ServerList:null
2022-02-13 14:19:34.733 [hystrix-service-edu-1] INFO  com.netflix.loadbalancer.DynamicServerListLoadBalancer-Using serverListUpdater PollingServerListUpdater
2022-02-13 14:19:34.740 [hystrix-service-edu-1] INFO  com.netflix.loadbalancer.DynamicServerListLoadBalancer-DynamicServerListLoadBalancer for client service-edu initialized: DynamicServerListLoadBalancer:{NFLoadBalancer:name=service-edu,current list of Servers=[],Load balancer stats=Zone stats: {},Server stats: []}ServerList:com.alibaba.cloud.nacos.ribbon.NacosServerList@27196048
2022-02-13 14:20:00.004 [task-13] INFO  com.novedu.nov.statistics.task.MultiThreadScheduleTask----------------正在同步课程播放次数...
2022-02-13 14:20:30.008 [task-14] INFO  com.novedu.nov.statistics.task.MultiThreadScheduleTask----------------正在同步课程播放次数...
2022-02-13 14:21:00.003 [task-15] INFO  com.novedu.nov.statistics.task.MultiThreadScheduleTask----------------正在同步课程播放次数...
2022-02-13 14:21:30.012 [task-16] INFO  com.novedu.nov.statistics.task.MultiThreadScheduleTask----------------正在同步课程播放次数...
2022-02-13 14:22:00.003 [task-17] INFO  com.novedu.nov.statistics.task.MultiThreadScheduleTask----------------正在同步课程播放次数...
2022-02-13 14:22:30.011 [task-18] INFO  com.novedu.nov.statistics.task.MultiThreadScheduleTask----------------正在同步课程播放次数...
2022-02-13 14:23:00.003 [task-19] INFO  com.novedu.nov.statistics.task.MultiThreadScheduleTask----------------正在同步课程播放次数...
2022-02-13 14:23:30.007 [task-20] INFO  com.novedu.nov.statistics.task.MultiThreadScheduleTask----------------正在同步课程播放次数...
2022-02-13 14:24:00.008 [task-21] INFO  com.novedu.nov.statistics.task.MultiThreadScheduleTask----------------正在同步课程播放次数...
2022-02-13 14:24:30.003 [task-22] INFO  com.novedu.nov.statistics.task.MultiThreadScheduleTask----------------正在同步课程播放次数...
2022-02-13 14:25:00.005 [task-23] INFO  com.novedu.nov.statistics.task.MultiThreadScheduleTask----------------正在同步课程播放次数...
2022-02-13 14:25:30.002 [task-24] INFO  com.novedu.nov.statistics.task.MultiThreadScheduleTask----------------正在同步课程播放次数...
2022-02-13 14:26:00.014 [task-25] INFO  com.novedu.nov.statistics.task.MultiThreadScheduleTask----------------正在同步课程播放次数...
2022-02-13 14:26:30.014 [task-26] INFO  com.novedu.nov.statistics.task.MultiThreadScheduleTask----------------正在同步课程播放次数...
2022-02-13 14:27:00.015 [task-27] INFO  com.novedu.nov.statistics.task.MultiThreadScheduleTask----------------正在同步课程播放次数...
2022-02-13 14:27:30.016 [task-28] INFO  com.novedu.nov.statistics.task.MultiThreadScheduleTask----------------正在同步课程播放次数...
2022-02-13 14:28:00.002 [task-29] INFO  com.novedu.nov.statistics.task.MultiThreadScheduleTask----------------正在同步课程播放次数...
2022-02-13 14:28:30.014 [task-30] INFO  com.novedu.nov.statistics.task.MultiThreadScheduleTask----------------正在同步课程播放次数...
2022-02-13 14:29:00.010 [task-31] INFO  com.novedu.nov.statistics.task.MultiThreadScheduleTask----------------正在同步课程播放次数...
2022-02-13 14:29:30.013 [task-32] INFO  com.novedu.nov.statistics.task.MultiThreadScheduleTask----------------正在同步课程播放次数...
2022-02-13 14:30:00.008 [task-33] INFO  com.novedu.nov.statistics.task.MultiThreadScheduleTask----------------正在同步课程播放次数...
2022-02-13 14:30:30.016 [task-34] INFO  com.novedu.nov.statistics.task.MultiThreadScheduleTask----------------正在同步课程播放次数...
2022-02-13 14:31:00.002 [task-35] INFO  com.novedu.nov.statistics.task.MultiThreadScheduleTask----------------正在同步课程播放次数...
2022-02-13 14:31:30.015 [task-36] INFO  com.novedu.nov.statistics.task.MultiThreadScheduleTask----------------正在同步课程播放次数...
2022-02-13 14:32:00.006 [task-37] INFO  com.novedu.nov.statistics.task.MultiThreadScheduleTask----------------正在同步课程播放次数...
2022-02-13 14:32:30.001 [task-38] INFO  com.novedu.nov.statistics.task.MultiThreadScheduleTask----------------正在同步课程播放次数...
2022-02-13 14:33:00.012 [task-39] INFO  com.novedu.nov.statistics.task.MultiThreadScheduleTask----------------正在同步课程播放次数...
2022-02-13 14:33:30.002 [task-40] INFO  com.novedu.nov.statistics.task.MultiThreadScheduleTask----------------正在同步课程播放次数...
2022-02-13 14:34:00.005 [task-41] INFO  com.novedu.nov.statistics.task.MultiThreadScheduleTask----------------正在同步课程播放次数...
2022-02-13 14:34:30.013 [task-42] INFO  com.novedu.nov.statistics.task.MultiThreadScheduleTask----------------正在同步课程播放次数...
2022-02-13 14:35:00.003 [task-43] INFO  com.novedu.nov.statistics.task.MultiThreadScheduleTask----------------正在同步课程播放次数...
2022-02-13 14:35:30.015 [task-44] INFO  com.novedu.nov.statistics.task.MultiThreadScheduleTask----------------正在同步课程播放次数...
2022-02-13 14:36:00.006 [task-45] INFO  com.novedu.nov.statistics.task.MultiThreadScheduleTask----------------正在同步课程播放次数...
2022-02-13 14:36:30.004 [task-46] INFO  com.novedu.nov.statistics.task.MultiThreadScheduleTask----------------正在同步课程播放次数...
2022-02-13 14:37:00.012 [task-47] INFO  com.novedu.nov.statistics.task.MultiThreadScheduleTask----------------正在同步课程播放次数...
2022-02-13 14:37:30.003 [task-48] INFO  com.novedu.nov.statistics.task.MultiThreadScheduleTask----------------正在同步课程播放次数...
2022-02-13 14:38:00.016 [task-49] INFO  com.novedu.nov.statistics.task.MultiThreadScheduleTask----------------正在同步课程播放次数...
2022-02-13 14:38:30.002 [task-50] INFO  com.novedu.nov.statistics.task.MultiThreadScheduleTask----------------正在同步课程播放次数...
2022-02-13 14:39:00.009 [task-51] INFO  com.novedu.nov.statistics.task.MultiThreadScheduleTask----------------正在同步课程播放次数...
2022-02-13 14:39:30.004 [task-52] INFO  com.novedu.nov.statistics.task.MultiThreadScheduleTask----------------正在同步课程播放次数...
2022-02-13 14:40:00.005 [task-53] INFO  com.novedu.nov.statistics.task.MultiThreadScheduleTask----------------正在同步课程播放次数...
2022-02-13 14:40:30.005 [task-54] INFO  com.novedu.nov.statistics.task.MultiThreadScheduleTask----------------正在同步课程播放次数...
2022-02-13 14:41:00.003 [task-55] INFO  com.novedu.nov.statistics.task.MultiThreadScheduleTask----------------正在同步课程播放次数...
2022-02-13 14:41:30.005 [task-56] INFO  com.novedu.nov.statistics.task.MultiThreadScheduleTask----------------正在同步课程播放次数...
2022-02-13 14:42:00.004 [task-57] INFO  com.novedu.nov.statistics.task.MultiThreadScheduleTask----------------正在同步课程播放次数...
2022-02-13 14:42:30.011 [task-58] INFO  com.novedu.nov.statistics.task.MultiThreadScheduleTask----------------正在同步课程播放次数...
2022-02-13 14:43:00.011 [task-59] INFO  com.novedu.nov.statistics.task.MultiThreadScheduleTask----------------正在同步课程播放次数...
2022-02-13 14:43:30.001 [task-60] INFO  com.novedu.nov.statistics.task.MultiThreadScheduleTask----------------正在同步课程播放次数...
2022-02-13 14:44:00.006 [task-61] INFO  com.novedu.nov.statistics.task.MultiThreadScheduleTask----------------正在同步课程播放次数...
2022-02-13 14:44:30.004 [task-62] INFO  com.novedu.nov.statistics.task.MultiThreadScheduleTask----------------正在同步课程播放次数...
2022-02-13 14:45:00.001 [task-63] INFO  com.novedu.nov.statistics.task.MultiThreadScheduleTask----------------正在同步课程播放次数...
2022-02-13 14:45:30.016 [task-64] INFO  com.novedu.nov.statistics.task.MultiThreadScheduleTask----------------正在同步课程播放次数...
2022-02-13 14:46:00.014 [task-65] INFO  com.novedu.nov.statistics.task.MultiThreadScheduleTask----------------正在同步课程播放次数...
2022-02-13 14:46:30.014 [task-66] INFO  com.novedu.nov.statistics.task.MultiThreadScheduleTask----------------正在同步课程播放次数...
2022-02-13 14:47:00.009 [task-67] INFO  com.novedu.nov.statistics.task.MultiThreadScheduleTask----------------正在同步课程播放次数...
2022-02-13 14:47:30.011 [task-68] INFO  com.novedu.nov.statistics.task.MultiThreadScheduleTask----------------正在同步课程播放次数...
2022-02-13 14:48:00.009 [task-69] INFO  com.novedu.nov.statistics.task.MultiThreadScheduleTask----------------正在同步课程播放次数...
2022-02-13 14:48:30.011 [task-70] INFO  com.novedu.nov.statistics.task.MultiThreadScheduleTask----------------正在同步课程播放次数...
2022-02-13 14:49:00.005 [task-71] INFO  com.novedu.nov.statistics.task.MultiThreadScheduleTask----------------正在同步课程播放次数...
2022-02-13 14:49:30.001 [task-72] INFO  com.novedu.nov.statistics.task.MultiThreadScheduleTask----------------正在同步课程播放次数...
2022-02-13 14:50:00.016 [task-73] INFO  com.novedu.nov.statistics.task.MultiThreadScheduleTask----------------正在同步课程播放次数...
2022-02-13 14:50:30.007 [task-74] INFO  com.novedu.nov.statistics.task.MultiThreadScheduleTask----------------正在同步课程播放次数...
2022-02-13 14:51:00.009 [task-75] INFO  com.novedu.nov.statistics.task.MultiThreadScheduleTask----------------正在同步课程播放次数...
2022-02-13 14:51:30.017 [task-76] INFO  com.novedu.nov.statistics.task.MultiThreadScheduleTask----------------正在同步课程播放次数...
2022-02-13 14:51:32.375 [Thread-40] INFO  com.netflix.loadbalancer.PollingServerListUpdater-Shutting down the Executor Pool for PollingServerListUpdater
2022-02-13 14:51:32.439 [SpringContextShutdownHook] INFO  org.springframework.scheduling.concurrent.ThreadPoolTaskScheduler-Shutting down ExecutorService 'Nacos-Watch-Task-Scheduler'
2022-02-13 14:51:32.441 [SpringContextShutdownHook] INFO  com.alibaba.cloud.nacos.registry.NacosServiceRegistry-De-registering from Nacos Server now...
2022-02-13 14:51:32.444 [SpringContextShutdownHook] INFO  com.alibaba.cloud.nacos.registry.NacosServiceRegistry-De-registration finished.
2022-02-13 14:51:32.774 [SpringContextShutdownHook] INFO  org.springframework.scheduling.concurrent.ThreadPoolTaskExecutor-Shutting down ExecutorService 'applicationTaskExecutor'
2022-02-13 14:51:32.795 [SpringContextShutdownHook] INFO  com.alibaba.druid.pool.DruidDataSource-{dataSource-1} closing ...
2022-02-13 14:51:32.800 [SpringContextShutdownHook] INFO  com.alibaba.druid.pool.DruidDataSource-{dataSource-1} closed
2022-02-13 14:51:38.566 [background-preinit] INFO  org.hibernate.validator.internal.util.Version-HV000001: Hibernate Validator 6.1.7.Final
2022-02-13 14:51:39.146 [main] INFO  org.reflections.Reflections-Reflections took 29 ms to scan 1 urls, producing 3 keys and 6 values 
2022-02-13 14:51:39.175 [main] INFO  org.reflections.Reflections-Reflections took 16 ms to scan 1 urls, producing 4 keys and 9 values 
2022-02-13 14:51:39.191 [main] INFO  org.reflections.Reflections-Reflections took 13 ms to scan 1 urls, producing 3 keys and 10 values 
2022-02-13 14:51:39.352 [main] INFO  org.reflections.Reflections-Reflections took 157 ms to scan 208 urls, producing 0 keys and 0 values 
2022-02-13 14:51:39.362 [main] INFO  org.reflections.Reflections-Reflections took 10 ms to scan 1 urls, producing 1 keys and 5 values 
2022-02-13 14:51:39.379 [main] INFO  org.reflections.Reflections-Reflections took 15 ms to scan 1 urls, producing 1 keys and 7 values 
2022-02-13 14:51:39.392 [main] INFO  org.reflections.Reflections-Reflections took 10 ms to scan 1 urls, producing 2 keys and 8 values 
2022-02-13 14:51:39.525 [main] INFO  org.reflections.Reflections-Reflections took 130 ms to scan 208 urls, producing 0 keys and 0 values 
2022-02-13 14:51:40.485 [main] INFO  org.springframework.cloud.bootstrap.config.PropertySourceBootstrapConfiguration-Located property source: [BootstrapPropertySource {name='bootstrapProperties-service-order-dev.properties,DEFAULT_GROUP'}, BootstrapPropertySource {name='bootstrapProperties-service-order.properties,DEFAULT_GROUP'}, BootstrapPropertySource {name='bootstrapProperties-service-order,DEFAULT_GROUP'}]
2022-02-13 14:51:40.488 [main] INFO  com.novedu.nov.order.OrderServiceApplication-The following profiles are active: dev
2022-02-13 14:51:41.134 [main] INFO  org.springframework.data.repository.config.RepositoryConfigurationDelegate-Multiple Spring Data modules found, entering strict repository configuration mode!
2022-02-13 14:51:41.137 [main] INFO  org.springframework.data.repository.config.RepositoryConfigurationDelegate-Bootstrapping Spring Data Redis repositories in DEFAULT mode.
2022-02-13 14:51:41.164 [main] INFO  org.springframework.data.repository.config.RepositoryConfigurationDelegate-Finished Spring Data repository scanning in 15ms. Found 0 Redis repository interfaces.
2022-02-13 14:51:41.362 [main] INFO  org.springframework.cloud.context.scope.GenericScope-BeanFactory id=8a981f1f-adbf-37ba-bf65-5d00c36f2920
2022-02-13 14:51:41.779 [main] INFO  org.springframework.boot.web.embedded.tomcat.TomcatWebServer-Tomcat initialized with port(s): 8086 (http)
2022-02-13 14:51:41.787 [main] INFO  org.apache.coyote.http11.Http11NioProtocol-Initializing ProtocolHandler ["http-nio-8086"]
2022-02-13 14:51:41.788 [main] INFO  org.apache.catalina.core.StandardService-Starting service [Tomcat]
2022-02-13 14:51:41.788 [main] INFO  org.apache.catalina.core.StandardEngine-Starting Servlet engine: [Apache Tomcat/9.0.46]
2022-02-13 14:51:41.901 [main] INFO  org.apache.catalina.core.ContainerBase.[Tomcat].[localhost].[/]-Initializing Spring embedded WebApplicationContext
2022-02-13 14:51:41.901 [main] INFO  org.springframework.boot.web.servlet.context.ServletWebServerApplicationContext-Root WebApplicationContext: initialization completed in 1393 ms
2022-02-13 14:51:42.144 [main] INFO  org.springframework.cloud.openfeign.FeignClientFactoryBean-For 'service-edu' URL not provided. Will try picking an instance via load-balancing.
2022-02-13 14:51:42.227 [main] INFO  com.alibaba.druid.spring.boot.autoconfigure.DruidDataSourceAutoConfigure-Init DruidDataSource
2022-02-13 14:51:44.333 [main] INFO  com.alibaba.druid.pool.DruidDataSource-{dataSource-1} inited
2022-02-13 14:51:44.780 [main] INFO  org.springframework.cloud.openfeign.FeignClientFactoryBean-For 'service-ucenter' URL not provided. Will try picking an instance via load-balancing.
2022-02-13 14:51:45.539 [main] INFO  springfox.documentation.spring.web.PropertySourcedRequestMappingHandlerMapping-Mapped URL path [/v2/api-docs] onto method [springfox.documentation.swagger2.web.Swagger2Controller#getDocumentation(String, HttpServletRequest)]
2022-02-13 14:51:45.550 [main] INFO  com.netflix.config.sources.URLConfigurationSource-To enable URLs as dynamic configuration sources, define System property archaius.configurationSource.additionalUrls or make config.properties available on classpath.
2022-02-13 14:51:45.554 [main] INFO  com.netflix.config.sources.URLConfigurationSource-To enable URLs as dynamic configuration sources, define System property archaius.configurationSource.additionalUrls or make config.properties available on classpath.
2022-02-13 14:51:45.684 [main] INFO  org.springframework.scheduling.concurrent.ThreadPoolTaskExecutor-Initializing ExecutorService 'applicationTaskExecutor'
2022-02-13 14:51:45.884 [main] INFO  org.springframework.scheduling.concurrent.ThreadPoolTaskScheduler-Initializing ExecutorService 'Nacos-Watch-Task-Scheduler'
2022-02-13 14:51:46.483 [main] INFO  org.apache.coyote.http11.Http11NioProtocol-Starting ProtocolHandler ["http-nio-8086"]
2022-02-13 14:51:46.496 [main] INFO  org.springframework.boot.web.embedded.tomcat.TomcatWebServer-Tomcat started on port(s): 8086 (http) with context path ''
2022-02-13 14:51:46.505 [main] INFO  com.alibaba.cloud.nacos.registry.NacosServiceRegistry-nacos registry, DEFAULT_GROUP service-order 192.168.31.136:8086 register finished
2022-02-13 14:51:46.573 [main] INFO  springfox.documentation.spring.web.plugins.DocumentationPluginsBootstrapper-Context refreshed
2022-02-13 14:51:46.584 [main] INFO  springfox.documentation.spring.web.plugins.DocumentationPluginsBootstrapper-Found 1 custom documentation plugin(s)
2022-02-13 14:51:46.613 [main] INFO  springfox.documentation.spring.web.scanners.ApiListingReferenceScanner-Scanning for api listing references
2022-02-13 14:51:46.757 [main] INFO  com.novedu.nov.order.OrderServiceApplication-Started OrderServiceApplication in 8.74 seconds (JVM running for 9.477)
2022-02-13 14:51:53.484 [http-nio-8086-exec-1] INFO  org.apache.catalina.core.ContainerBase.[Tomcat].[localhost].[/]-Initializing Spring DispatcherServlet 'dispatcherServlet'
2022-02-13 14:51:53.485 [http-nio-8086-exec-1] INFO  org.springframework.web.servlet.DispatcherServlet-Initializing Servlet 'dispatcherServlet'
2022-02-13 14:51:53.492 [http-nio-8086-exec-1] INFO  org.springframework.web.servlet.DispatcherServlet-Completed initialization in 7 ms
2022-02-13 14:51:54.614 [hystrix-service-edu-1] INFO  com.netflix.config.ChainedDynamicProperty-Flipping property: service-edu.ribbon.ActiveConnectionsLimit to use NEXT property: niws.loadbalancer.availabilityFilteringRule.activeConnectionsLimit = 2147483647
2022-02-13 14:51:54.627 [hystrix-service-edu-1] INFO  com.netflix.loadbalancer.BaseLoadBalancer-Client: service-edu instantiated a LoadBalancer: DynamicServerListLoadBalancer:{NFLoadBalancer:name=service-edu,current list of Servers=[],Load balancer stats=Zone stats: {},Server stats: []}ServerList:null
2022-02-13 14:51:54.631 [hystrix-service-edu-1] INFO  com.netflix.loadbalancer.DynamicServerListLoadBalancer-Using serverListUpdater PollingServerListUpdater
2022-02-13 14:51:54.638 [hystrix-service-edu-1] INFO  com.netflix.loadbalancer.DynamicServerListLoadBalancer-DynamicServerListLoadBalancer for client service-edu initialized: DynamicServerListLoadBalancer:{NFLoadBalancer:name=service-edu,current list of Servers=[],Load balancer stats=Zone stats: {},Server stats: []}ServerList:com.alibaba.cloud.nacos.ribbon.NacosServerList@22cb45a3
2022-02-13 14:52:00.005 [task-77] INFO  com.novedu.nov.statistics.task.MultiThreadScheduleTask----------------正在同步课程播放次数...
2022-02-13 14:52:30.011 [task-78] INFO  com.novedu.nov.statistics.task.MultiThreadScheduleTask----------------正在同步课程播放次数...
2022-02-13 14:53:00.008 [task-79] INFO  com.novedu.nov.statistics.task.MultiThreadScheduleTask----------------正在同步课程播放次数...
2022-02-13 14:53:30.006 [task-80] INFO  com.novedu.nov.statistics.task.MultiThreadScheduleTask----------------正在同步课程播放次数...
2022-02-13 14:54:00.008 [task-81] INFO  com.novedu.nov.statistics.task.MultiThreadScheduleTask----------------正在同步课程播放次数...
2022-02-13 14:54:30.003 [task-82] INFO  com.novedu.nov.statistics.task.MultiThreadScheduleTask----------------正在同步课程播放次数...
2022-02-13 14:55:00.008 [task-83] INFO  com.novedu.nov.statistics.task.MultiThreadScheduleTask----------------正在同步课程播放次数...
2022-02-13 14:55:30.007 [task-84] INFO  com.novedu.nov.statistics.task.MultiThreadScheduleTask----------------正在同步课程播放次数...
2022-02-13 14:56:00.009 [task-85] INFO  com.novedu.nov.statistics.task.MultiThreadScheduleTask----------------正在同步课程播放次数...
2022-02-13 14:56:30.004 [task-86] INFO  com.novedu.nov.statistics.task.MultiThreadScheduleTask----------------正在同步课程播放次数...
2022-02-13 14:57:00.009 [task-87] INFO  com.novedu.nov.statistics.task.MultiThreadScheduleTask----------------正在同步课程播放次数...
2022-02-13 14:57:30.001 [task-88] INFO  com.novedu.nov.statistics.task.MultiThreadScheduleTask----------------正在同步课程播放次数...
2022-02-13 14:58:00.015 [task-89] INFO  com.novedu.nov.statistics.task.MultiThreadScheduleTask----------------正在同步课程播放次数...
2022-02-13 14:58:30.019 [task-90] INFO  com.novedu.nov.statistics.task.MultiThreadScheduleTask----------------正在同步课程播放次数...
2022-02-13 14:59:00.016 [task-91] INFO  com.novedu.nov.statistics.task.MultiThreadScheduleTask----------------正在同步课程播放次数...
2022-02-13 14:59:30.015 [task-92] INFO  com.novedu.nov.statistics.task.MultiThreadScheduleTask----------------正在同步课程播放次数...
2022-02-13 15:00:00.004 [task-93] INFO  com.novedu.nov.statistics.task.MultiThreadScheduleTask----------------正在同步课程播放次数...
2022-02-13 15:00:30.003 [task-94] INFO  com.novedu.nov.statistics.task.MultiThreadScheduleTask----------------正在同步课程播放次数...
2022-02-13 15:01:00.012 [task-95] INFO  com.novedu.nov.statistics.task.MultiThreadScheduleTask----------------正在同步课程播放次数...
2022-02-13 15:01:30.006 [task-96] INFO  com.novedu.nov.statistics.task.MultiThreadScheduleTask----------------正在同步课程播放次数...
2022-02-13 15:02:00.006 [task-97] INFO  com.novedu.nov.statistics.task.MultiThreadScheduleTask----------------正在同步课程播放次数...
2022-02-13 15:02:30.007 [task-98] INFO  com.novedu.nov.statistics.task.MultiThreadScheduleTask----------------正在同步课程播放次数...
2022-02-13 15:03:00.011 [task-99] INFO  com.novedu.nov.statistics.task.MultiThreadScheduleTask----------------正在同步课程播放次数...
2022-02-13 15:03:30.006 [task-100] INFO  com.novedu.nov.statistics.task.MultiThreadScheduleTask----------------正在同步课程播放次数...
2022-02-13 15:04:00.017 [task-101] INFO  com.novedu.nov.statistics.task.MultiThreadScheduleTask----------------正在同步课程播放次数...
2022-02-13 15:04:30.012 [task-102] INFO  com.novedu.nov.statistics.task.MultiThreadScheduleTask----------------正在同步课程播放次数...
2022-02-13 15:05:00.014 [task-103] INFO  com.novedu.nov.statistics.task.MultiThreadScheduleTask----------------正在同步课程播放次数...
2022-02-13 15:05:30.003 [task-104] INFO  com.novedu.nov.statistics.task.MultiThreadScheduleTask----------------正在同步课程播放次数...
2022-02-13 15:06:00.012 [task-105] INFO  com.novedu.nov.statistics.task.MultiThreadScheduleTask----------------正在同步课程播放次数...
2022-02-13 15:06:30.009 [task-106] INFO  com.novedu.nov.statistics.task.MultiThreadScheduleTask----------------正在同步课程播放次数...
2022-02-13 15:07:00.014 [task-107] INFO  com.novedu.nov.statistics.task.MultiThreadScheduleTask----------------正在同步课程播放次数...
2022-02-13 15:07:30.001 [task-108] INFO  com.novedu.nov.statistics.task.MultiThreadScheduleTask----------------正在同步课程播放次数...
2022-02-13 15:08:00.005 [task-109] INFO  com.novedu.nov.statistics.task.MultiThreadScheduleTask----------------正在同步课程播放次数...
2022-02-13 15:08:12.604 [Thread-40] INFO  com.netflix.loadbalancer.PollingServerListUpdater-Shutting down the Executor Pool for PollingServerListUpdater
2022-02-13 15:08:12.668 [SpringContextShutdownHook] INFO  org.springframework.scheduling.concurrent.ThreadPoolTaskScheduler-Shutting down ExecutorService 'Nacos-Watch-Task-Scheduler'
2022-02-13 15:08:12.671 [SpringContextShutdownHook] INFO  com.alibaba.cloud.nacos.registry.NacosServiceRegistry-De-registering from Nacos Server now...
2022-02-13 15:08:12.673 [SpringContextShutdownHook] INFO  com.alibaba.cloud.nacos.registry.NacosServiceRegistry-De-registration finished.
2022-02-13 15:08:13.020 [SpringContextShutdownHook] INFO  org.springframework.scheduling.concurrent.ThreadPoolTaskExecutor-Shutting down ExecutorService 'applicationTaskExecutor'
2022-02-13 15:08:13.043 [SpringContextShutdownHook] INFO  com.alibaba.druid.pool.DruidDataSource-{dataSource-1} closing ...
2022-02-13 15:08:13.049 [SpringContextShutdownHook] INFO  com.alibaba.druid.pool.DruidDataSource-{dataSource-1} closed
2022-02-13 15:08:18.458 [background-preinit] INFO  org.hibernate.validator.internal.util.Version-HV000001: Hibernate Validator 6.1.7.Final
2022-02-13 15:08:19.041 [main] INFO  org.reflections.Reflections-Reflections took 28 ms to scan 1 urls, producing 3 keys and 6 values 
2022-02-13 15:08:19.069 [main] INFO  org.reflections.Reflections-Reflections took 14 ms to scan 1 urls, producing 4 keys and 9 values 
2022-02-13 15:08:19.084 [main] INFO  org.reflections.Reflections-Reflections took 12 ms to scan 1 urls, producing 3 keys and 10 values 
2022-02-13 15:08:19.247 [main] INFO  org.reflections.Reflections-Reflections took 159 ms to scan 208 urls, producing 0 keys and 0 values 
2022-02-13 15:08:19.258 [main] INFO  org.reflections.Reflections-Reflections took 10 ms to scan 1 urls, producing 1 keys and 5 values 
2022-02-13 15:08:19.275 [main] INFO  org.reflections.Reflections-Reflections took 15 ms to scan 1 urls, producing 1 keys and 7 values 
2022-02-13 15:08:19.288 [main] INFO  org.reflections.Reflections-Reflections took 10 ms to scan 1 urls, producing 2 keys and 8 values 
2022-02-13 15:08:19.425 [main] INFO  org.reflections.Reflections-Reflections took 134 ms to scan 208 urls, producing 0 keys and 0 values 
2022-02-13 15:08:20.371 [main] INFO  org.springframework.cloud.bootstrap.config.PropertySourceBootstrapConfiguration-Located property source: [BootstrapPropertySource {name='bootstrapProperties-service-order-dev.properties,DEFAULT_GROUP'}, BootstrapPropertySource {name='bootstrapProperties-service-order.properties,DEFAULT_GROUP'}, BootstrapPropertySource {name='bootstrapProperties-service-order,DEFAULT_GROUP'}]
2022-02-13 15:08:20.375 [main] INFO  com.novedu.nov.order.OrderServiceApplication-The following profiles are active: dev
2022-02-13 15:08:21.011 [main] INFO  org.springframework.data.repository.config.RepositoryConfigurationDelegate-Multiple Spring Data modules found, entering strict repository configuration mode!
2022-02-13 15:08:21.013 [main] INFO  org.springframework.data.repository.config.RepositoryConfigurationDelegate-Bootstrapping Spring Data Redis repositories in DEFAULT mode.
2022-02-13 15:08:21.038 [main] INFO  org.springframework.data.repository.config.RepositoryConfigurationDelegate-Finished Spring Data repository scanning in 13ms. Found 0 Redis repository interfaces.
2022-02-13 15:08:21.238 [main] INFO  org.springframework.cloud.context.scope.GenericScope-BeanFactory id=8a981f1f-adbf-37ba-bf65-5d00c36f2920
2022-02-13 15:08:21.648 [main] INFO  org.springframework.boot.web.embedded.tomcat.TomcatWebServer-Tomcat initialized with port(s): 8086 (http)
2022-02-13 15:08:21.656 [main] INFO  org.apache.coyote.http11.Http11NioProtocol-Initializing ProtocolHandler ["http-nio-8086"]
2022-02-13 15:08:21.657 [main] INFO  org.apache.catalina.core.StandardService-Starting service [Tomcat]
2022-02-13 15:08:21.657 [main] INFO  org.apache.catalina.core.StandardEngine-Starting Servlet engine: [Apache Tomcat/9.0.46]
2022-02-13 15:08:21.766 [main] INFO  org.apache.catalina.core.ContainerBase.[Tomcat].[localhost].[/]-Initializing Spring embedded WebApplicationContext
2022-02-13 15:08:21.767 [main] INFO  org.springframework.boot.web.servlet.context.ServletWebServerApplicationContext-Root WebApplicationContext: initialization completed in 1374 ms
2022-02-13 15:08:21.999 [main] INFO  org.springframework.cloud.openfeign.FeignClientFactoryBean-For 'service-edu' URL not provided. Will try picking an instance via load-balancing.
2022-02-13 15:08:22.080 [main] INFO  com.alibaba.druid.spring.boot.autoconfigure.DruidDataSourceAutoConfigure-Init DruidDataSource
2022-02-13 15:08:27.273 [main] INFO  com.alibaba.druid.pool.DruidDataSource-{dataSource-1} inited
2022-02-13 15:08:27.712 [main] INFO  org.springframework.cloud.openfeign.FeignClientFactoryBean-For 'service-ucenter' URL not provided. Will try picking an instance via load-balancing.
2022-02-13 15:08:28.374 [main] INFO  springfox.documentation.spring.web.PropertySourcedRequestMappingHandlerMapping-Mapped URL path [/v2/api-docs] onto method [springfox.documentation.swagger2.web.Swagger2Controller#getDocumentation(String, HttpServletRequest)]
2022-02-13 15:08:28.385 [main] INFO  com.netflix.config.sources.URLConfigurationSource-To enable URLs as dynamic configuration sources, define System property archaius.configurationSource.additionalUrls or make config.properties available on classpath.
2022-02-13 15:08:28.389 [main] INFO  com.netflix.config.sources.URLConfigurationSource-To enable URLs as dynamic configuration sources, define System property archaius.configurationSource.additionalUrls or make config.properties available on classpath.
2022-02-13 15:08:28.507 [main] INFO  org.springframework.scheduling.concurrent.ThreadPoolTaskExecutor-Initializing ExecutorService 'applicationTaskExecutor'
2022-02-13 15:08:28.670 [main] INFO  org.springframework.scheduling.concurrent.ThreadPoolTaskScheduler-Initializing ExecutorService 'Nacos-Watch-Task-Scheduler'
2022-02-13 15:08:29.219 [main] INFO  org.apache.coyote.http11.Http11NioProtocol-Starting ProtocolHandler ["http-nio-8086"]
2022-02-13 15:08:29.232 [main] INFO  org.springframework.boot.web.embedded.tomcat.TomcatWebServer-Tomcat started on port(s): 8086 (http) with context path ''
2022-02-13 15:08:29.241 [main] INFO  com.alibaba.cloud.nacos.registry.NacosServiceRegistry-nacos registry, DEFAULT_GROUP service-order 192.168.31.136:8086 register finished
2022-02-13 15:08:29.309 [main] INFO  springfox.documentation.spring.web.plugins.DocumentationPluginsBootstrapper-Context refreshed
2022-02-13 15:08:29.321 [main] INFO  springfox.documentation.spring.web.plugins.DocumentationPluginsBootstrapper-Found 1 custom documentation plugin(s)
2022-02-13 15:08:29.351 [main] INFO  springfox.documentation.spring.web.scanners.ApiListingReferenceScanner-Scanning for api listing references
2022-02-13 15:08:29.503 [main] INFO  com.novedu.nov.order.OrderServiceApplication-Started OrderServiceApplication in 11.532 seconds (JVM running for 12.204)
2022-02-13 15:08:30.004 [task-110] INFO  com.novedu.nov.statistics.task.MultiThreadScheduleTask----------------正在同步课程播放次数...
2022-02-13 15:08:31.641 [http-nio-8086-exec-1] INFO  org.apache.catalina.core.ContainerBase.[Tomcat].[localhost].[/]-Initializing Spring DispatcherServlet 'dispatcherServlet'
2022-02-13 15:08:31.641 [http-nio-8086-exec-1] INFO  org.springframework.web.servlet.DispatcherServlet-Initializing Servlet 'dispatcherServlet'
2022-02-13 15:08:31.647 [http-nio-8086-exec-1] INFO  org.springframework.web.servlet.DispatcherServlet-Completed initialization in 6 ms
2022-02-13 15:08:32.734 [hystrix-service-edu-1] INFO  com.netflix.config.ChainedDynamicProperty-Flipping property: service-edu.ribbon.ActiveConnectionsLimit to use NEXT property: niws.loadbalancer.availabilityFilteringRule.activeConnectionsLimit = 2147483647
2022-02-13 15:08:32.747 [hystrix-service-edu-1] INFO  com.netflix.loadbalancer.BaseLoadBalancer-Client: service-edu instantiated a LoadBalancer: DynamicServerListLoadBalancer:{NFLoadBalancer:name=service-edu,current list of Servers=[],Load balancer stats=Zone stats: {},Server stats: []}ServerList:null
2022-02-13 15:08:32.752 [hystrix-service-edu-1] INFO  com.netflix.loadbalancer.DynamicServerListLoadBalancer-Using serverListUpdater PollingServerListUpdater
2022-02-13 15:08:32.758 [hystrix-service-edu-1] INFO  com.netflix.loadbalancer.DynamicServerListLoadBalancer-DynamicServerListLoadBalancer for client service-edu initialized: DynamicServerListLoadBalancer:{NFLoadBalancer:name=service-edu,current list of Servers=[],Load balancer stats=Zone stats: {},Server stats: []}ServerList:com.alibaba.cloud.nacos.ribbon.NacosServerList@7aa410f3
2022-02-13 15:08:53.290 [Thread-47] INFO  com.netflix.loadbalancer.PollingServerListUpdater-Shutting down the Executor Pool for PollingServerListUpdater
2022-02-13 15:08:53.352 [SpringContextShutdownHook] INFO  org.springframework.scheduling.concurrent.ThreadPoolTaskScheduler-Shutting down ExecutorService 'Nacos-Watch-Task-Scheduler'
2022-02-13 15:08:53.356 [SpringContextShutdownHook] INFO  com.alibaba.cloud.nacos.registry.NacosServiceRegistry-De-registering from Nacos Server now...
2022-02-13 15:08:53.358 [SpringContextShutdownHook] INFO  com.alibaba.cloud.nacos.registry.NacosServiceRegistry-De-registration finished.
2022-02-13 15:08:53.704 [SpringContextShutdownHook] INFO  org.springframework.scheduling.concurrent.ThreadPoolTaskExecutor-Shutting down ExecutorService 'applicationTaskExecutor'
2022-02-13 15:08:53.726 [SpringContextShutdownHook] INFO  com.alibaba.druid.pool.DruidDataSource-{dataSource-1} closing ...
2022-02-13 15:08:53.730 [SpringContextShutdownHook] INFO  com.alibaba.druid.pool.DruidDataSource-{dataSource-1} closed
2022-02-13 15:08:58.055 [background-preinit] INFO  org.hibernate.validator.internal.util.Version-HV000001: Hibernate Validator 6.1.7.Final
2022-02-13 15:08:58.628 [main] INFO  org.reflections.Reflections-Reflections took 29 ms to scan 1 urls, producing 3 keys and 6 values 
2022-02-13 15:08:58.657 [main] INFO  org.reflections.Reflections-Reflections took 15 ms to scan 1 urls, producing 4 keys and 9 values 
2022-02-13 15:08:58.672 [main] INFO  org.reflections.Reflections-Reflections took 13 ms to scan 1 urls, producing 3 keys and 10 values 
2022-02-13 15:08:58.832 [main] INFO  org.reflections.Reflections-Reflections took 157 ms to scan 208 urls, producing 0 keys and 0 values 
2022-02-13 15:08:58.842 [main] INFO  org.reflections.Reflections-Reflections took 9 ms to scan 1 urls, producing 1 keys and 5 values 
2022-02-13 15:08:58.858 [main] INFO  org.reflections.Reflections-Reflections took 13 ms to scan 1 urls, producing 1 keys and 7 values 
2022-02-13 15:08:58.871 [main] INFO  org.reflections.Reflections-Reflections took 10 ms to scan 1 urls, producing 2 keys and 8 values 
2022-02-13 15:08:59.012 [main] INFO  org.reflections.Reflections-Reflections took 138 ms to scan 208 urls, producing 0 keys and 0 values 
2022-02-13 15:08:59.953 [main] INFO  org.springframework.cloud.bootstrap.config.PropertySourceBootstrapConfiguration-Located property source: [BootstrapPropertySource {name='bootstrapProperties-service-order-dev.properties,DEFAULT_GROUP'}, BootstrapPropertySource {name='bootstrapProperties-service-order.properties,DEFAULT_GROUP'}, BootstrapPropertySource {name='bootstrapProperties-service-order,DEFAULT_GROUP'}]
2022-02-13 15:08:59.957 [main] INFO  com.novedu.nov.order.OrderServiceApplication-The following profiles are active: dev
2022-02-13 15:09:00.010 [task-111] INFO  com.novedu.nov.statistics.task.MultiThreadScheduleTask----------------正在同步课程播放次数...
2022-02-13 15:09:00.594 [main] INFO  org.springframework.data.repository.config.RepositoryConfigurationDelegate-Multiple Spring Data modules found, entering strict repository configuration mode!
2022-02-13 15:09:00.596 [main] INFO  org.springframework.data.repository.config.RepositoryConfigurationDelegate-Bootstrapping Spring Data Redis repositories in DEFAULT mode.
2022-02-13 15:09:00.621 [main] INFO  org.springframework.data.repository.config.RepositoryConfigurationDelegate-Finished Spring Data repository scanning in 12ms. Found 0 Redis repository interfaces.
2022-02-13 15:09:00.818 [main] INFO  org.springframework.cloud.context.scope.GenericScope-BeanFactory id=8a981f1f-adbf-37ba-bf65-5d00c36f2920
2022-02-13 15:09:01.230 [main] INFO  org.springframework.boot.web.embedded.tomcat.TomcatWebServer-Tomcat initialized with port(s): 8086 (http)
2022-02-13 15:09:01.240 [main] INFO  org.apache.coyote.http11.Http11NioProtocol-Initializing ProtocolHandler ["http-nio-8086"]
2022-02-13 15:09:01.240 [main] INFO  org.apache.catalina.core.StandardService-Starting service [Tomcat]
2022-02-13 15:09:01.240 [main] INFO  org.apache.catalina.core.StandardEngine-Starting Servlet engine: [Apache Tomcat/9.0.46]
2022-02-13 15:09:01.356 [main] INFO  org.apache.catalina.core.ContainerBase.[Tomcat].[localhost].[/]-Initializing Spring embedded WebApplicationContext
2022-02-13 15:09:01.356 [main] INFO  org.springframework.boot.web.servlet.context.ServletWebServerApplicationContext-Root WebApplicationContext: initialization completed in 1379 ms
2022-02-13 15:09:01.593 [main] INFO  org.springframework.cloud.openfeign.FeignClientFactoryBean-For 'service-edu' URL not provided. Will try picking an instance via load-balancing.
2022-02-13 15:09:01.678 [main] INFO  com.alibaba.druid.spring.boot.autoconfigure.DruidDataSourceAutoConfigure-Init DruidDataSource
2022-02-13 15:09:04.396 [main] INFO  com.alibaba.druid.pool.DruidDataSource-{dataSource-1} inited
2022-02-13 15:09:04.851 [main] INFO  org.springframework.cloud.openfeign.FeignClientFactoryBean-For 'service-ucenter' URL not provided. Will try picking an instance via load-balancing.
2022-02-13 15:09:05.552 [main] INFO  springfox.documentation.spring.web.PropertySourcedRequestMappingHandlerMapping-Mapped URL path [/v2/api-docs] onto method [springfox.documentation.swagger2.web.Swagger2Controller#getDocumentation(String, HttpServletRequest)]
2022-02-13 15:09:05.562 [main] INFO  com.netflix.config.sources.URLConfigurationSource-To enable URLs as dynamic configuration sources, define System property archaius.configurationSource.additionalUrls or make config.properties available on classpath.
2022-02-13 15:09:05.566 [main] INFO  com.netflix.config.sources.URLConfigurationSource-To enable URLs as dynamic configuration sources, define System property archaius.configurationSource.additionalUrls or make config.properties available on classpath.
2022-02-13 15:09:05.682 [main] INFO  org.springframework.scheduling.concurrent.ThreadPoolTaskExecutor-Initializing ExecutorService 'applicationTaskExecutor'
2022-02-13 15:09:05.848 [main] INFO  org.springframework.scheduling.concurrent.ThreadPoolTaskScheduler-Initializing ExecutorService 'Nacos-Watch-Task-Scheduler'
2022-02-13 15:09:06.406 [main] INFO  org.apache.coyote.http11.Http11NioProtocol-Starting ProtocolHandler ["http-nio-8086"]
2022-02-13 15:09:06.419 [main] INFO  org.springframework.boot.web.embedded.tomcat.TomcatWebServer-Tomcat started on port(s): 8086 (http) with context path ''
2022-02-13 15:09:06.429 [main] INFO  com.alibaba.cloud.nacos.registry.NacosServiceRegistry-nacos registry, DEFAULT_GROUP service-order 192.168.31.136:8086 register finished
2022-02-13 15:09:06.498 [main] INFO  springfox.documentation.spring.web.plugins.DocumentationPluginsBootstrapper-Context refreshed
2022-02-13 15:09:06.510 [main] INFO  springfox.documentation.spring.web.plugins.DocumentationPluginsBootstrapper-Found 1 custom documentation plugin(s)
2022-02-13 15:09:06.539 [main] INFO  springfox.documentation.spring.web.scanners.ApiListingReferenceScanner-Scanning for api listing references
2022-02-13 15:09:06.692 [main] INFO  com.novedu.nov.order.OrderServiceApplication-Started OrderServiceApplication in 9.115 seconds (JVM running for 9.776)
2022-02-13 15:09:09.211 [http-nio-8086-exec-1] INFO  org.apache.catalina.core.ContainerBase.[Tomcat].[localhost].[/]-Initializing Spring DispatcherServlet 'dispatcherServlet'
2022-02-13 15:09:09.211 [http-nio-8086-exec-1] INFO  org.springframework.web.servlet.DispatcherServlet-Initializing Servlet 'dispatcherServlet'
2022-02-13 15:09:09.226 [http-nio-8086-exec-1] INFO  org.springframework.web.servlet.DispatcherServlet-Completed initialization in 15 ms
2022-02-13 15:09:10.010 [hystrix-service-edu-1] INFO  com.netflix.config.ChainedDynamicProperty-Flipping property: service-edu.ribbon.ActiveConnectionsLimit to use NEXT property: niws.loadbalancer.availabilityFilteringRule.activeConnectionsLimit = 2147483647
2022-02-13 15:09:10.023 [hystrix-service-edu-1] INFO  com.netflix.loadbalancer.BaseLoadBalancer-Client: service-edu instantiated a LoadBalancer: DynamicServerListLoadBalancer:{NFLoadBalancer:name=service-edu,current list of Servers=[],Load balancer stats=Zone stats: {},Server stats: []}ServerList:null
2022-02-13 15:09:10.027 [hystrix-service-edu-1] INFO  com.netflix.loadbalancer.DynamicServerListLoadBalancer-Using serverListUpdater PollingServerListUpdater
2022-02-13 15:09:10.034 [hystrix-service-edu-1] INFO  com.netflix.loadbalancer.DynamicServerListLoadBalancer-DynamicServerListLoadBalancer for client service-edu initialized: DynamicServerListLoadBalancer:{NFLoadBalancer:name=service-edu,current list of Servers=[],Load balancer stats=Zone stats: {},Server stats: []}ServerList:com.alibaba.cloud.nacos.ribbon.NacosServerList@39b239b8
2022-02-13 15:09:30.012 [task-112] INFO  com.novedu.nov.statistics.task.MultiThreadScheduleTask----------------正在同步课程播放次数...
2022-02-13 15:10:00.001 [task-113] INFO  com.novedu.nov.statistics.task.MultiThreadScheduleTask----------------正在同步课程播放次数...
2022-02-13 15:10:30.006 [task-114] INFO  com.novedu.nov.statistics.task.MultiThreadScheduleTask----------------正在同步课程播放次数...
2022-02-13 15:11:00.010 [task-115] INFO  com.novedu.nov.statistics.task.MultiThreadScheduleTask----------------正在同步课程播放次数...
2022-02-13 15:11:30.002 [task-116] INFO  com.novedu.nov.statistics.task.MultiThreadScheduleTask----------------正在同步课程播放次数...
2022-02-13 15:12:00.014 [task-117] INFO  com.novedu.nov.statistics.task.MultiThreadScheduleTask----------------正在同步课程播放次数...
2022-02-13 15:12:30.014 [task-118] INFO  com.novedu.nov.statistics.task.MultiThreadScheduleTask----------------正在同步课程播放次数...
2022-02-13 15:13:00.004 [task-119] INFO  com.novedu.nov.statistics.task.MultiThreadScheduleTask----------------正在同步课程播放次数...
2022-02-13 15:13:30.014 [task-120] INFO  com.novedu.nov.statistics.task.MultiThreadScheduleTask----------------正在同步课程播放次数...
2022-02-13 15:14:00.013 [task-121] INFO  com.novedu.nov.statistics.task.MultiThreadScheduleTask----------------正在同步课程播放次数...
2022-02-13 15:14:30.001 [task-122] INFO  com.novedu.nov.statistics.task.MultiThreadScheduleTask----------------正在同步课程播放次数...
2022-02-13 15:15:00.001 [task-123] INFO  com.novedu.nov.statistics.task.MultiThreadScheduleTask----------------正在同步课程播放次数...
2022-02-13 15:15:30.015 [task-124] INFO  com.novedu.nov.statistics.task.MultiThreadScheduleTask----------------正在同步课程播放次数...
2022-02-13 15:16:00.014 [task-125] INFO  com.novedu.nov.statistics.task.MultiThreadScheduleTask----------------正在同步课程播放次数...
2022-02-13 15:16:30.010 [task-126] INFO  com.novedu.nov.statistics.task.MultiThreadScheduleTask----------------正在同步课程播放次数...
2022-02-13 15:17:00.010 [task-127] INFO  com.novedu.nov.statistics.task.MultiThreadScheduleTask----------------正在同步课程播放次数...
2022-02-13 15:17:30.011 [task-128] INFO  com.novedu.nov.statistics.task.MultiThreadScheduleTask----------------正在同步课程播放次数...
2022-02-13 15:18:00.015 [task-129] INFO  com.novedu.nov.statistics.task.MultiThreadScheduleTask----------------正在同步课程播放次数...
2022-02-13 15:18:30.007 [task-130] INFO  com.novedu.nov.statistics.task.MultiThreadScheduleTask----------------正在同步课程播放次数...
2022-02-13 15:19:00.003 [task-131] INFO  com.novedu.nov.statistics.task.MultiThreadScheduleTask----------------正在同步课程播放次数...
2022-02-13 15:19:30.015 [task-132] INFO  com.novedu.nov.statistics.task.MultiThreadScheduleTask----------------正在同步课程播放次数...
2022-02-13 15:19:57.483 [Thread-42] INFO  com.netflix.loadbalancer.PollingServerListUpdater-Shutting down the Executor Pool for PollingServerListUpdater
2022-02-13 15:19:57.546 [SpringContextShutdownHook] INFO  org.springframework.scheduling.concurrent.ThreadPoolTaskScheduler-Shutting down ExecutorService 'Nacos-Watch-Task-Scheduler'
2022-02-13 15:19:57.548 [SpringContextShutdownHook] INFO  com.alibaba.cloud.nacos.registry.NacosServiceRegistry-De-registering from Nacos Server now...
2022-02-13 15:19:57.550 [SpringContextShutdownHook] INFO  com.alibaba.cloud.nacos.registry.NacosServiceRegistry-De-registration finished.
2022-02-13 15:19:57.886 [SpringContextShutdownHook] INFO  org.springframework.scheduling.concurrent.ThreadPoolTaskExecutor-Shutting down ExecutorService 'applicationTaskExecutor'
2022-02-13 15:19:57.908 [SpringContextShutdownHook] INFO  com.alibaba.druid.pool.DruidDataSource-{dataSource-1} closing ...
2022-02-13 15:19:57.914 [SpringContextShutdownHook] INFO  com.alibaba.druid.pool.DruidDataSource-{dataSource-1} closed
2022-02-13 15:20:00.013 [task-133] INFO  com.novedu.nov.statistics.task.MultiThreadScheduleTask----------------正在同步课程播放次数...
2022-02-13 15:20:03.668 [background-preinit] INFO  org.hibernate.validator.internal.util.Version-HV000001: Hibernate Validator 6.1.7.Final
2022-02-13 15:20:04.230 [main] INFO  org.reflections.Reflections-Reflections took 29 ms to scan 1 urls, producing 3 keys and 6 values 
2022-02-13 15:20:04.257 [main] INFO  org.reflections.Reflections-Reflections took 14 ms to scan 1 urls, producing 4 keys and 9 values 
2022-02-13 15:20:04.273 [main] INFO  org.reflections.Reflections-Reflections took 13 ms to scan 1 urls, producing 3 keys and 10 values 
2022-02-13 15:20:04.434 [main] INFO  org.reflections.Reflections-Reflections took 157 ms to scan 208 urls, producing 0 keys and 0 values 
2022-02-13 15:20:04.444 [main] INFO  org.reflections.Reflections-Reflections took 10 ms to scan 1 urls, producing 1 keys and 5 values 
2022-02-13 15:20:04.458 [main] INFO  org.reflections.Reflections-Reflections took 12 ms to scan 1 urls, producing 1 keys and 7 values 
2022-02-13 15:20:04.473 [main] INFO  org.reflections.Reflections-Reflections took 9 ms to scan 1 urls, producing 2 keys and 8 values 
2022-02-13 15:20:04.608 [main] INFO  org.reflections.Reflections-Reflections took 131 ms to scan 208 urls, producing 0 keys and 0 values 
2022-02-13 15:20:05.552 [main] INFO  org.springframework.cloud.bootstrap.config.PropertySourceBootstrapConfiguration-Located property source: [BootstrapPropertySource {name='bootstrapProperties-service-order-dev.properties,DEFAULT_GROUP'}, BootstrapPropertySource {name='bootstrapProperties-service-order.properties,DEFAULT_GROUP'}, BootstrapPropertySource {name='bootstrapProperties-service-order,DEFAULT_GROUP'}]
2022-02-13 15:20:05.556 [main] INFO  com.novedu.nov.order.OrderServiceApplication-The following profiles are active: dev
2022-02-13 15:20:06.187 [main] INFO  org.springframework.data.repository.config.RepositoryConfigurationDelegate-Multiple Spring Data modules found, entering strict repository configuration mode!
2022-02-13 15:20:06.189 [main] INFO  org.springframework.data.repository.config.RepositoryConfigurationDelegate-Bootstrapping Spring Data Redis repositories in DEFAULT mode.
2022-02-13 15:20:06.213 [main] INFO  org.springframework.data.repository.config.RepositoryConfigurationDelegate-Finished Spring Data repository scanning in 12ms. Found 0 Redis repository interfaces.
2022-02-13 15:20:06.413 [main] INFO  org.springframework.cloud.context.scope.GenericScope-BeanFactory id=8a981f1f-adbf-37ba-bf65-5d00c36f2920
2022-02-13 15:20:06.835 [main] INFO  org.springframework.boot.web.embedded.tomcat.TomcatWebServer-Tomcat initialized with port(s): 8086 (http)
2022-02-13 15:20:06.843 [main] INFO  org.apache.coyote.http11.Http11NioProtocol-Initializing ProtocolHandler ["http-nio-8086"]
2022-02-13 15:20:06.843 [main] INFO  org.apache.catalina.core.StandardService-Starting service [Tomcat]
2022-02-13 15:20:06.844 [main] INFO  org.apache.catalina.core.StandardEngine-Starting Servlet engine: [Apache Tomcat/9.0.46]
2022-02-13 15:20:06.951 [main] INFO  org.apache.catalina.core.ContainerBase.[Tomcat].[localhost].[/]-Initializing Spring embedded WebApplicationContext
2022-02-13 15:20:06.951 [main] INFO  org.springframework.boot.web.servlet.context.ServletWebServerApplicationContext-Root WebApplicationContext: initialization completed in 1376 ms
2022-02-13 15:20:07.184 [main] INFO  org.springframework.cloud.openfeign.FeignClientFactoryBean-For 'service-edu' URL not provided. Will try picking an instance via load-balancing.
2022-02-13 15:20:07.267 [main] INFO  com.alibaba.druid.spring.boot.autoconfigure.DruidDataSourceAutoConfigure-Init DruidDataSource
2022-02-13 15:20:09.191 [main] INFO  com.alibaba.druid.pool.DruidDataSource-{dataSource-1} inited
2022-02-13 15:20:09.634 [main] INFO  org.springframework.cloud.openfeign.FeignClientFactoryBean-For 'service-ucenter' URL not provided. Will try picking an instance via load-balancing.
2022-02-13 15:20:10.317 [main] INFO  springfox.documentation.spring.web.PropertySourcedRequestMappingHandlerMapping-Mapped URL path [/v2/api-docs] onto method [springfox.documentation.swagger2.web.Swagger2Controller#getDocumentation(String, HttpServletRequest)]
2022-02-13 15:20:10.327 [main] INFO  com.netflix.config.sources.URLConfigurationSource-To enable URLs as dynamic configuration sources, define System property archaius.configurationSource.additionalUrls or make config.properties available on classpath.
2022-02-13 15:20:10.331 [main] INFO  com.netflix.config.sources.URLConfigurationSource-To enable URLs as dynamic configuration sources, define System property archaius.configurationSource.additionalUrls or make config.properties available on classpath.
2022-02-13 15:20:10.450 [main] INFO  org.springframework.scheduling.concurrent.ThreadPoolTaskExecutor-Initializing ExecutorService 'applicationTaskExecutor'
2022-02-13 15:20:10.616 [main] INFO  org.springframework.scheduling.concurrent.ThreadPoolTaskScheduler-Initializing ExecutorService 'Nacos-Watch-Task-Scheduler'
2022-02-13 15:20:11.157 [main] INFO  org.apache.coyote.http11.Http11NioProtocol-Starting ProtocolHandler ["http-nio-8086"]
2022-02-13 15:20:11.170 [main] INFO  org.springframework.boot.web.embedded.tomcat.TomcatWebServer-Tomcat started on port(s): 8086 (http) with context path ''
2022-02-13 15:20:11.179 [main] INFO  com.alibaba.cloud.nacos.registry.NacosServiceRegistry-nacos registry, DEFAULT_GROUP service-order 192.168.31.136:8086 register finished
2022-02-13 15:20:11.248 [main] INFO  springfox.documentation.spring.web.plugins.DocumentationPluginsBootstrapper-Context refreshed
2022-02-13 15:20:11.260 [main] INFO  springfox.documentation.spring.web.plugins.DocumentationPluginsBootstrapper-Found 1 custom documentation plugin(s)
2022-02-13 15:20:11.289 [main] INFO  springfox.documentation.spring.web.scanners.ApiListingReferenceScanner-Scanning for api listing references
2022-02-13 15:20:11.442 [main] INFO  com.novedu.nov.order.OrderServiceApplication-Started OrderServiceApplication in 8.255 seconds (JVM running for 8.914)
2022-02-13 15:20:17.130 [http-nio-8086-exec-1] INFO  org.apache.catalina.core.ContainerBase.[Tomcat].[localhost].[/]-Initializing Spring DispatcherServlet 'dispatcherServlet'
2022-02-13 15:20:17.130 [http-nio-8086-exec-1] INFO  org.springframework.web.servlet.DispatcherServlet-Initializing Servlet 'dispatcherServlet'
2022-02-13 15:20:17.137 [http-nio-8086-exec-1] INFO  org.springframework.web.servlet.DispatcherServlet-Completed initialization in 7 ms
2022-02-13 15:20:18.258 [hystrix-service-edu-1] INFO  com.netflix.config.ChainedDynamicProperty-Flipping property: service-edu.ribbon.ActiveConnectionsLimit to use NEXT property: niws.loadbalancer.availabilityFilteringRule.activeConnectionsLimit = 2147483647
2022-02-13 15:20:18.270 [hystrix-service-edu-1] INFO  com.netflix.loadbalancer.BaseLoadBalancer-Client: service-edu instantiated a LoadBalancer: DynamicServerListLoadBalancer:{NFLoadBalancer:name=service-edu,current list of Servers=[],Load balancer stats=Zone stats: {},Server stats: []}ServerList:null
2022-02-13 15:20:18.275 [hystrix-service-edu-1] INFO  com.netflix.loadbalancer.DynamicServerListLoadBalancer-Using serverListUpdater PollingServerListUpdater
2022-02-13 15:20:18.282 [hystrix-service-edu-1] INFO  com.netflix.loadbalancer.DynamicServerListLoadBalancer-DynamicServerListLoadBalancer for client service-edu initialized: DynamicServerListLoadBalancer:{NFLoadBalancer:name=service-edu,current list of Servers=[],Load balancer stats=Zone stats: {},Server stats: []}ServerList:com.alibaba.cloud.nacos.ribbon.NacosServerList@37b8882f
2022-02-13 15:20:30.006 [task-134] INFO  com.novedu.nov.statistics.task.MultiThreadScheduleTask----------------正在同步课程播放次数...
2022-02-13 15:21:00.002 [task-135] INFO  com.novedu.nov.statistics.task.MultiThreadScheduleTask----------------正在同步课程播放次数...
2022-02-13 15:21:30.004 [task-136] INFO  com.novedu.nov.statistics.task.MultiThreadScheduleTask----------------正在同步课程播放次数...
2022-02-13 15:22:00.011 [task-137] INFO  com.novedu.nov.statistics.task.MultiThreadScheduleTask----------------正在同步课程播放次数...
2022-02-13 15:22:08.634 [Thread-40] INFO  com.netflix.loadbalancer.PollingServerListUpdater-Shutting down the Executor Pool for PollingServerListUpdater
2022-02-13 15:22:08.698 [SpringContextShutdownHook] INFO  org.springframework.scheduling.concurrent.ThreadPoolTaskScheduler-Shutting down ExecutorService 'Nacos-Watch-Task-Scheduler'
2022-02-13 15:22:08.702 [SpringContextShutdownHook] INFO  com.alibaba.cloud.nacos.registry.NacosServiceRegistry-De-registering from Nacos Server now...
2022-02-13 15:22:08.704 [SpringContextShutdownHook] INFO  com.alibaba.cloud.nacos.registry.NacosServiceRegistry-De-registration finished.
2022-02-13 15:22:09.045 [SpringContextShutdownHook] INFO  org.springframework.scheduling.concurrent.ThreadPoolTaskExecutor-Shutting down ExecutorService 'applicationTaskExecutor'
2022-02-13 15:22:09.068 [SpringContextShutdownHook] INFO  com.alibaba.druid.pool.DruidDataSource-{dataSource-1} closing ...
2022-02-13 15:22:09.073 [SpringContextShutdownHook] INFO  com.alibaba.druid.pool.DruidDataSource-{dataSource-1} closed
2022-02-13 15:22:13.677 [background-preinit] INFO  org.hibernate.validator.internal.util.Version-HV000001: Hibernate Validator 6.1.7.Final
2022-02-13 15:22:14.261 [main] INFO  org.reflections.Reflections-Reflections took 29 ms to scan 1 urls, producing 3 keys and 6 values 
2022-02-13 15:22:14.289 [main] INFO  org.reflections.Reflections-Reflections took 15 ms to scan 1 urls, producing 4 keys and 9 values 
2022-02-13 15:22:14.304 [main] INFO  org.reflections.Reflections-Reflections took 13 ms to scan 1 urls, producing 3 keys and 10 values 
2022-02-13 15:22:14.465 [main] INFO  org.reflections.Reflections-Reflections took 158 ms to scan 208 urls, producing 0 keys and 0 values 
2022-02-13 15:22:14.475 [main] INFO  org.reflections.Reflections-Reflections took 10 ms to scan 1 urls, producing 1 keys and 5 values 
2022-02-13 15:22:14.490 [main] INFO  org.reflections.Reflections-Reflections took 12 ms to scan 1 urls, producing 1 keys and 7 values 
2022-02-13 15:22:14.505 [main] INFO  org.reflections.Reflections-Reflections took 10 ms to scan 1 urls, producing 2 keys and 8 values 
2022-02-13 15:22:14.641 [main] INFO  org.reflections.Reflections-Reflections took 133 ms to scan 208 urls, producing 0 keys and 0 values 
2022-02-13 15:22:15.594 [main] INFO  org.springframework.cloud.bootstrap.config.PropertySourceBootstrapConfiguration-Located property source: [BootstrapPropertySource {name='bootstrapProperties-service-order-dev.properties,DEFAULT_GROUP'}, BootstrapPropertySource {name='bootstrapProperties-service-order.properties,DEFAULT_GROUP'}, BootstrapPropertySource {name='bootstrapProperties-service-order,DEFAULT_GROUP'}]
2022-02-13 15:22:15.598 [main] INFO  com.novedu.nov.order.OrderServiceApplication-The following profiles are active: dev
2022-02-13 15:22:16.231 [main] INFO  org.springframework.data.repository.config.RepositoryConfigurationDelegate-Multiple Spring Data modules found, entering strict repository configuration mode!
2022-02-13 15:22:16.233 [main] INFO  org.springframework.data.repository.config.RepositoryConfigurationDelegate-Bootstrapping Spring Data Redis repositories in DEFAULT mode.
2022-02-13 15:22:16.258 [main] INFO  org.springframework.data.repository.config.RepositoryConfigurationDelegate-Finished Spring Data repository scanning in 13ms. Found 0 Redis repository interfaces.
2022-02-13 15:22:16.459 [main] INFO  org.springframework.cloud.context.scope.GenericScope-BeanFactory id=8a981f1f-adbf-37ba-bf65-5d00c36f2920
2022-02-13 15:22:16.877 [main] INFO  org.springframework.boot.web.embedded.tomcat.TomcatWebServer-Tomcat initialized with port(s): 8086 (http)
2022-02-13 15:22:16.885 [main] INFO  org.apache.coyote.http11.Http11NioProtocol-Initializing ProtocolHandler ["http-nio-8086"]
2022-02-13 15:22:16.885 [main] INFO  org.apache.catalina.core.StandardService-Starting service [Tomcat]
2022-02-13 15:22:16.885 [main] INFO  org.apache.catalina.core.StandardEngine-Starting Servlet engine: [Apache Tomcat/9.0.46]
2022-02-13 15:22:17.017 [main] INFO  org.apache.catalina.core.ContainerBase.[Tomcat].[localhost].[/]-Initializing Spring embedded WebApplicationContext
2022-02-13 15:22:17.017 [main] INFO  org.springframework.boot.web.servlet.context.ServletWebServerApplicationContext-Root WebApplicationContext: initialization completed in 1399 ms
2022-02-13 15:22:17.251 [main] INFO  org.springframework.cloud.openfeign.FeignClientFactoryBean-For 'service-edu' URL not provided. Will try picking an instance via load-balancing.
2022-02-13 15:22:17.333 [main] INFO  com.alibaba.druid.spring.boot.autoconfigure.DruidDataSourceAutoConfigure-Init DruidDataSource
2022-02-13 15:22:19.825 [main] INFO  com.alibaba.druid.pool.DruidDataSource-{dataSource-1} inited
2022-02-13 15:22:20.277 [main] INFO  org.springframework.cloud.openfeign.FeignClientFactoryBean-For 'service-ucenter' URL not provided. Will try picking an instance via load-balancing.
2022-02-13 15:22:20.989 [main] INFO  springfox.documentation.spring.web.PropertySourcedRequestMappingHandlerMapping-Mapped URL path [/v2/api-docs] onto method [springfox.documentation.swagger2.web.Swagger2Controller#getDocumentation(String, HttpServletRequest)]
2022-02-13 15:22:20.999 [main] INFO  com.netflix.config.sources.URLConfigurationSource-To enable URLs as dynamic configuration sources, define System property archaius.configurationSource.additionalUrls or make config.properties available on classpath.
2022-02-13 15:22:21.003 [main] INFO  com.netflix.config.sources.URLConfigurationSource-To enable URLs as dynamic configuration sources, define System property archaius.configurationSource.additionalUrls or make config.properties available on classpath.
2022-02-13 15:22:21.122 [main] INFO  org.springframework.scheduling.concurrent.ThreadPoolTaskExecutor-Initializing ExecutorService 'applicationTaskExecutor'
2022-02-13 15:22:21.285 [main] INFO  org.springframework.scheduling.concurrent.ThreadPoolTaskScheduler-Initializing ExecutorService 'Nacos-Watch-Task-Scheduler'
2022-02-13 15:22:21.834 [main] INFO  org.apache.coyote.http11.Http11NioProtocol-Starting ProtocolHandler ["http-nio-8086"]
2022-02-13 15:22:21.846 [main] INFO  org.springframework.boot.web.embedded.tomcat.TomcatWebServer-Tomcat started on port(s): 8086 (http) with context path ''
2022-02-13 15:22:21.856 [main] INFO  com.alibaba.cloud.nacos.registry.NacosServiceRegistry-nacos registry, DEFAULT_GROUP service-order 192.168.31.136:8086 register finished
2022-02-13 15:22:21.925 [main] INFO  springfox.documentation.spring.web.plugins.DocumentationPluginsBootstrapper-Context refreshed
2022-02-13 15:22:21.937 [main] INFO  springfox.documentation.spring.web.plugins.DocumentationPluginsBootstrapper-Found 1 custom documentation plugin(s)
2022-02-13 15:22:21.967 [main] INFO  springfox.documentation.spring.web.scanners.ApiListingReferenceScanner-Scanning for api listing references
2022-02-13 15:22:22.122 [main] INFO  com.novedu.nov.order.OrderServiceApplication-Started OrderServiceApplication in 8.926 seconds (JVM running for 9.708)
2022-02-13 15:22:25.660 [http-nio-8086-exec-1] INFO  org.apache.catalina.core.ContainerBase.[Tomcat].[localhost].[/]-Initializing Spring DispatcherServlet 'dispatcherServlet'
2022-02-13 15:22:25.661 [http-nio-8086-exec-1] INFO  org.springframework.web.servlet.DispatcherServlet-Initializing Servlet 'dispatcherServlet'
2022-02-13 15:22:25.682 [http-nio-8086-exec-1] INFO  org.springframework.web.servlet.DispatcherServlet-Completed initialization in 21 ms
2022-02-13 15:22:27.171 [hystrix-service-edu-1] INFO  com.netflix.config.ChainedDynamicProperty-Flipping property: service-edu.ribbon.ActiveConnectionsLimit to use NEXT property: niws.loadbalancer.availabilityFilteringRule.activeConnectionsLimit = 2147483647
2022-02-13 15:22:27.184 [hystrix-service-edu-1] INFO  com.netflix.loadbalancer.BaseLoadBalancer-Client: service-edu instantiated a LoadBalancer: DynamicServerListLoadBalancer:{NFLoadBalancer:name=service-edu,current list of Servers=[],Load balancer stats=Zone stats: {},Server stats: []}ServerList:null
2022-02-13 15:22:27.188 [hystrix-service-edu-1] INFO  com.netflix.loadbalancer.DynamicServerListLoadBalancer-Using serverListUpdater PollingServerListUpdater
2022-02-13 15:22:27.195 [hystrix-service-edu-1] INFO  com.netflix.loadbalancer.DynamicServerListLoadBalancer-DynamicServerListLoadBalancer for client service-edu initialized: DynamicServerListLoadBalancer:{NFLoadBalancer:name=service-edu,current list of Servers=[],Load balancer stats=Zone stats: {},Server stats: []}ServerList:com.alibaba.cloud.nacos.ribbon.NacosServerList@6a5573af
2022-02-13 15:22:30.010 [task-138] INFO  com.novedu.nov.statistics.task.MultiThreadScheduleTask----------------正在同步课程播放次数...
2022-02-13 15:22:51.631 [background-preinit] INFO  org.hibernate.validator.internal.util.Version-HV000001: Hibernate Validator 6.1.7.Final
2022-02-13 15:22:52.206 [main] INFO  org.reflections.Reflections-Reflections took 30 ms to scan 1 urls, producing 3 keys and 6 values 
2022-02-13 15:22:52.234 [main] INFO  org.reflections.Reflections-Reflections took 14 ms to scan 1 urls, producing 4 keys and 9 values 
2022-02-13 15:22:52.248 [main] INFO  org.reflections.Reflections-Reflections took 12 ms to scan 1 urls, producing 3 keys and 10 values 
2022-02-13 15:22:52.413 [main] INFO  org.reflections.Reflections-Reflections took 161 ms to scan 208 urls, producing 0 keys and 0 values 
2022-02-13 15:22:52.424 [main] INFO  org.reflections.Reflections-Reflections took 10 ms to scan 1 urls, producing 1 keys and 5 values 
2022-02-13 15:22:52.437 [main] INFO  org.reflections.Reflections-Reflections took 10 ms to scan 1 urls, producing 1 keys and 7 values 
2022-02-13 15:22:52.449 [main] INFO  org.reflections.Reflections-Reflections took 10 ms to scan 1 urls, producing 2 keys and 8 values 
2022-02-13 15:22:52.619 [main] INFO  org.reflections.Reflections-Reflections took 167 ms to scan 208 urls, producing 0 keys and 0 values 
2022-02-13 15:22:53.577 [main] INFO  org.springframework.cloud.bootstrap.config.PropertySourceBootstrapConfiguration-Located property source: [BootstrapPropertySource {name='bootstrapProperties-service-edu-dev.properties,DEFAULT_GROUP'}, BootstrapPropertySource {name='bootstrapProperties-service-edu.properties,DEFAULT_GROUP'}, BootstrapPropertySource {name='bootstrapProperties-service-edu,DEFAULT_GROUP'}]
2022-02-13 15:22:53.580 [main] INFO  com.novedu.nov.EduServiceApplication-The following profiles are active: dev
2022-02-13 15:22:54.252 [main] INFO  org.springframework.data.repository.config.RepositoryConfigurationDelegate-Multiple Spring Data modules found, entering strict repository configuration mode!
2022-02-13 15:22:54.254 [main] INFO  org.springframework.data.repository.config.RepositoryConfigurationDelegate-Bootstrapping Spring Data Redis repositories in DEFAULT mode.
2022-02-13 15:22:54.290 [main] INFO  org.springframework.data.repository.config.RepositoryConfigurationDelegate-Finished Spring Data repository scanning in 23ms. Found 0 Redis repository interfaces.
2022-02-13 15:22:54.478 [main] INFO  org.springframework.cloud.context.scope.GenericScope-BeanFactory id=e472dcd6-c0d0-31dd-96b5-87000ad36a10
2022-02-13 15:22:54.926 [main] INFO  org.springframework.boot.web.embedded.tomcat.TomcatWebServer-Tomcat initialized with port(s): 8081 (http)
2022-02-13 15:22:54.934 [main] INFO  org.apache.coyote.http11.Http11NioProtocol-Initializing ProtocolHandler ["http-nio-8081"]
2022-02-13 15:22:54.934 [main] INFO  org.apache.catalina.core.StandardService-Starting service [Tomcat]
2022-02-13 15:22:54.935 [main] INFO  org.apache.catalina.core.StandardEngine-Starting Servlet engine: [Apache Tomcat/9.0.46]
2022-02-13 15:22:55.053 [main] INFO  org.apache.catalina.core.ContainerBase.[Tomcat].[localhost].[/]-Initializing Spring embedded WebApplicationContext
2022-02-13 15:22:55.053 [main] INFO  org.springframework.boot.web.servlet.context.ServletWebServerApplicationContext-Root WebApplicationContext: initialization completed in 1453 ms
2022-02-13 15:22:55.158 [main] INFO  com.alibaba.druid.spring.boot.autoconfigure.DruidDataSourceAutoConfigure-Init DruidDataSource
2022-02-13 15:22:55.241 [main] INFO  com.alibaba.druid.pool.DruidDataSource-{dataSource-1} inited
2022-02-13 15:22:56.416 [main] INFO  org.springframework.cloud.openfeign.FeignClientFactoryBean-For 'service-order' URL not provided. Will try picking an instance via load-balancing.
2022-02-13 15:22:57.721 [main] INFO  springfox.documentation.spring.web.PropertySourcedRequestMappingHandlerMapping-Mapped URL path [/v2/api-docs] onto method [springfox.documentation.swagger2.web.Swagger2Controller#getDocumentation(String, HttpServletRequest)]
2022-02-13 15:22:57.732 [main] INFO  com.netflix.config.sources.URLConfigurationSource-To enable URLs as dynamic configuration sources, define System property archaius.configurationSource.additionalUrls or make config.properties available on classpath.
2022-02-13 15:22:57.736 [main] INFO  com.netflix.config.sources.URLConfigurationSource-To enable URLs as dynamic configuration sources, define System property archaius.configurationSource.additionalUrls or make config.properties available on classpath.
2022-02-13 15:22:57.857 [main] INFO  org.springframework.scheduling.concurrent.ThreadPoolTaskExecutor-Initializing ExecutorService 'applicationTaskExecutor'
2022-02-13 15:22:58.028 [main] INFO  org.springframework.scheduling.concurrent.ThreadPoolTaskScheduler-Initializing ExecutorService 'Nacos-Watch-Task-Scheduler'
2022-02-13 15:22:58.595 [main] INFO  org.apache.coyote.http11.Http11NioProtocol-Starting ProtocolHandler ["http-nio-8081"]
2022-02-13 15:22:58.607 [main] INFO  org.springframework.boot.web.embedded.tomcat.TomcatWebServer-Tomcat started on port(s): 8081 (http) with context path ''
2022-02-13 15:22:58.616 [main] INFO  com.alibaba.cloud.nacos.registry.NacosServiceRegistry-nacos registry, DEFAULT_GROUP service-edu 192.168.31.136:8081 register finished
2022-02-13 15:22:58.684 [main] INFO  springfox.documentation.spring.web.plugins.DocumentationPluginsBootstrapper-Context refreshed
2022-02-13 15:22:58.696 [main] INFO  springfox.documentation.spring.web.plugins.DocumentationPluginsBootstrapper-Found 1 custom documentation plugin(s)
2022-02-13 15:22:58.723 [main] INFO  springfox.documentation.spring.web.scanners.ApiListingReferenceScanner-Scanning for api listing references
2022-02-13 15:22:58.868 [main] INFO  springfox.documentation.spring.web.readers.operation.CachingOperationNameGenerator-Generating unique operation named: queryCommentPageUsingPOST_1
2022-02-13 15:22:58.901 [main] INFO  springfox.documentation.spring.web.readers.operation.CachingOperationNameGenerator-Generating unique operation named: queryCourseByTeacherIdUsingPOST_1
2022-02-13 15:22:58.916 [main] INFO  springfox.documentation.spring.web.readers.operation.CachingOperationNameGenerator-Generating unique operation named: saveCourseUsingPOST_1
2022-02-13 15:22:58.946 [main] INFO  springfox.documentation.spring.web.readers.operation.CachingOperationNameGenerator-Generating unique operation named: saveCourseUsingPOST_2
2022-02-13 15:22:58.968 [main] INFO  com.novedu.nov.EduServiceApplication-Started EduServiceApplication in 7.822 seconds (JVM running for 8.513)
2022-02-13 15:23:00.008 [task-139] INFO  com.novedu.nov.statistics.task.MultiThreadScheduleTask----------------正在同步课程播放次数...
2022-02-13 15:23:02.326 [PollingServerListUpdater-1] INFO  com.netflix.config.ChainedDynamicProperty-Flipping property: service-edu.ribbon.ActiveConnectionsLimit to use NEXT property: niws.loadbalancer.availabilityFilteringRule.activeConnectionsLimit = 2147483647
2022-02-13 15:23:28.233 [PollingServerListUpdater-0] INFO  com.netflix.config.ChainedDynamicProperty-Flipping property: service-edu.ribbon.ActiveConnectionsLimit to use NEXT property: niws.loadbalancer.availabilityFilteringRule.activeConnectionsLimit = 2147483647
2022-02-13 15:23:30.001 [task-140] INFO  com.novedu.nov.statistics.task.MultiThreadScheduleTask----------------正在同步课程播放次数...
2022-02-13 15:23:30.062 [http-nio-8081-exec-1] INFO  org.apache.catalina.core.ContainerBase.[Tomcat].[localhost].[/]-Initializing Spring DispatcherServlet 'dispatcherServlet'
2022-02-13 15:23:30.062 [http-nio-8081-exec-1] INFO  org.springframework.web.servlet.DispatcherServlet-Initializing Servlet 'dispatcherServlet'
2022-02-13 15:23:30.069 [http-nio-8081-exec-1] INFO  org.springframework.web.servlet.DispatcherServlet-Completed initialization in 7 ms
2022-02-13 15:23:34.035 [task-140] INFO  com.novedu.nov.statistics.task.MultiThreadScheduleTask----------------课程播放次数同步完成
2022-02-13 15:24:00.008 [task-141] INFO  com.novedu.nov.statistics.task.MultiThreadScheduleTask----------------正在同步课程播放次数...
2022-02-13 15:24:03.463 [task-141] INFO  com.novedu.nov.statistics.task.MultiThreadScheduleTask----------------课程播放次数同步完成
2022-02-13 15:24:30.010 [task-142] INFO  com.novedu.nov.statistics.task.MultiThreadScheduleTask----------------正在同步课程播放次数...
2022-02-13 15:24:33.464 [task-142] INFO  com.novedu.nov.statistics.task.MultiThreadScheduleTask----------------课程播放次数同步完成
2022-02-13 15:25:00.002 [task-143] INFO  com.novedu.nov.statistics.task.MultiThreadScheduleTask----------------正在同步课程播放次数...
2022-02-13 15:25:03.492 [task-143] INFO  com.novedu.nov.statistics.task.MultiThreadScheduleTask----------------课程播放次数同步完成
2022-02-13 15:25:30.004 [task-144] INFO  com.novedu.nov.statistics.task.MultiThreadScheduleTask----------------正在同步课程播放次数...
2022-02-13 15:25:32.090 [Thread-41] INFO  com.netflix.loadbalancer.PollingServerListUpdater-Shutting down the Executor Pool for PollingServerListUpdater
2022-02-13 15:25:32.153 [SpringContextShutdownHook] INFO  org.springframework.scheduling.concurrent.ThreadPoolTaskScheduler-Shutting down ExecutorService 'Nacos-Watch-Task-Scheduler'
2022-02-13 15:25:32.157 [SpringContextShutdownHook] INFO  com.alibaba.cloud.nacos.registry.NacosServiceRegistry-De-registering from Nacos Server now...
2022-02-13 15:25:32.161 [SpringContextShutdownHook] INFO  com.alibaba.cloud.nacos.registry.NacosServiceRegistry-De-registration finished.
2022-02-13 15:25:32.498 [SpringContextShutdownHook] INFO  org.springframework.scheduling.concurrent.ThreadPoolTaskExecutor-Shutting down ExecutorService 'applicationTaskExecutor'
2022-02-13 15:25:32.520 [SpringContextShutdownHook] INFO  com.alibaba.druid.pool.DruidDataSource-{dataSource-1} closing ...
2022-02-13 15:25:32.524 [SpringContextShutdownHook] INFO  com.alibaba.druid.pool.DruidDataSource-{dataSource-1} closed
2022-02-13 15:25:33.507 [task-144] INFO  com.novedu.nov.statistics.task.MultiThreadScheduleTask----------------课程播放次数同步完成
2022-02-13 15:25:37.167 [background-preinit] INFO  org.hibernate.validator.internal.util.Version-HV000001: Hibernate Validator 6.1.7.Final
2022-02-13 15:25:37.752 [main] INFO  org.reflections.Reflections-Reflections took 28 ms to scan 1 urls, producing 3 keys and 6 values 
2022-02-13 15:25:37.779 [main] INFO  org.reflections.Reflections-Reflections took 14 ms to scan 1 urls, producing 4 keys and 9 values 
2022-02-13 15:25:37.794 [main] INFO  org.reflections.Reflections-Reflections took 12 ms to scan 1 urls, producing 3 keys and 10 values 
2022-02-13 15:25:37.954 [main] INFO  org.reflections.Reflections-Reflections took 156 ms to scan 208 urls, producing 0 keys and 0 values 
2022-02-13 15:25:37.965 [main] INFO  org.reflections.Reflections-Reflections took 9 ms to scan 1 urls, producing 1 keys and 5 values 
2022-02-13 15:25:37.980 [main] INFO  org.reflections.Reflections-Reflections took 12 ms to scan 1 urls, producing 1 keys and 7 values 
2022-02-13 15:25:37.995 [main] INFO  org.reflections.Reflections-Reflections took 9 ms to scan 1 urls, producing 2 keys and 8 values 
2022-02-13 15:25:38.128 [main] INFO  org.reflections.Reflections-Reflections took 131 ms to scan 208 urls, producing 0 keys and 0 values 
2022-02-13 15:25:39.098 [main] INFO  org.springframework.cloud.bootstrap.config.PropertySourceBootstrapConfiguration-Located property source: [BootstrapPropertySource {name='bootstrapProperties-service-order-dev.properties,DEFAULT_GROUP'}, BootstrapPropertySource {name='bootstrapProperties-service-order.properties,DEFAULT_GROUP'}, BootstrapPropertySource {name='bootstrapProperties-service-order,DEFAULT_GROUP'}]
2022-02-13 15:25:39.102 [main] INFO  com.novedu.nov.order.OrderServiceApplication-The following profiles are active: dev
2022-02-13 15:25:39.737 [main] INFO  org.springframework.data.repository.config.RepositoryConfigurationDelegate-Multiple Spring Data modules found, entering strict repository configuration mode!
2022-02-13 15:25:39.739 [main] INFO  org.springframework.data.repository.config.RepositoryConfigurationDelegate-Bootstrapping Spring Data Redis repositories in DEFAULT mode.
2022-02-13 15:25:39.765 [main] INFO  org.springframework.data.repository.config.RepositoryConfigurationDelegate-Finished Spring Data repository scanning in 13ms. Found 0 Redis repository interfaces.
2022-02-13 15:25:39.959 [main] INFO  org.springframework.cloud.context.scope.GenericScope-BeanFactory id=8a981f1f-adbf-37ba-bf65-5d00c36f2920
2022-02-13 15:25:40.384 [main] INFO  org.springframework.boot.web.embedded.tomcat.TomcatWebServer-Tomcat initialized with port(s): 8086 (http)
2022-02-13 15:25:40.393 [main] INFO  org.apache.coyote.http11.Http11NioProtocol-Initializing ProtocolHandler ["http-nio-8086"]
2022-02-13 15:25:40.393 [main] INFO  org.apache.catalina.core.StandardService-Starting service [Tomcat]
2022-02-13 15:25:40.393 [main] INFO  org.apache.catalina.core.StandardEngine-Starting Servlet engine: [Apache Tomcat/9.0.46]
2022-02-13 15:25:40.500 [main] INFO  org.apache.catalina.core.ContainerBase.[Tomcat].[localhost].[/]-Initializing Spring embedded WebApplicationContext
2022-02-13 15:25:40.500 [main] INFO  org.springframework.boot.web.servlet.context.ServletWebServerApplicationContext-Root WebApplicationContext: initialization completed in 1380 ms
2022-02-13 15:25:40.740 [main] INFO  org.springframework.cloud.openfeign.FeignClientFactoryBean-For 'service-edu' URL not provided. Will try picking an instance via load-balancing.
2022-02-13 15:25:40.821 [main] INFO  com.alibaba.druid.spring.boot.autoconfigure.DruidDataSourceAutoConfigure-Init DruidDataSource
2022-02-13 15:25:42.814 [main] INFO  com.alibaba.druid.pool.DruidDataSource-{dataSource-1} inited
2022-02-13 15:25:43.270 [main] INFO  org.springframework.cloud.openfeign.FeignClientFactoryBean-For 'service-ucenter' URL not provided. Will try picking an instance via load-balancing.
2022-02-13 15:25:43.931 [main] INFO  springfox.documentation.spring.web.PropertySourcedRequestMappingHandlerMapping-Mapped URL path [/v2/api-docs] onto method [springfox.documentation.swagger2.web.Swagger2Controller#getDocumentation(String, HttpServletRequest)]
2022-02-13 15:25:43.942 [main] INFO  com.netflix.config.sources.URLConfigurationSource-To enable URLs as dynamic configuration sources, define System property archaius.configurationSource.additionalUrls or make config.properties available on classpath.
2022-02-13 15:25:43.945 [main] INFO  com.netflix.config.sources.URLConfigurationSource-To enable URLs as dynamic configuration sources, define System property archaius.configurationSource.additionalUrls or make config.properties available on classpath.
2022-02-13 15:25:44.063 [main] INFO  org.springframework.scheduling.concurrent.ThreadPoolTaskExecutor-Initializing ExecutorService 'applicationTaskExecutor'
2022-02-13 15:25:44.227 [main] INFO  org.springframework.scheduling.concurrent.ThreadPoolTaskScheduler-Initializing ExecutorService 'Nacos-Watch-Task-Scheduler'
2022-02-13 15:25:44.771 [main] INFO  org.apache.coyote.http11.Http11NioProtocol-Starting ProtocolHandler ["http-nio-8086"]
2022-02-13 15:25:44.784 [main] INFO  org.springframework.boot.web.embedded.tomcat.TomcatWebServer-Tomcat started on port(s): 8086 (http) with context path ''
2022-02-13 15:25:44.793 [main] INFO  com.alibaba.cloud.nacos.registry.NacosServiceRegistry-nacos registry, DEFAULT_GROUP service-order 192.168.31.136:8086 register finished
2022-02-13 15:25:44.862 [main] INFO  springfox.documentation.spring.web.plugins.DocumentationPluginsBootstrapper-Context refreshed
2022-02-13 15:25:44.874 [main] INFO  springfox.documentation.spring.web.plugins.DocumentationPluginsBootstrapper-Found 1 custom documentation plugin(s)
2022-02-13 15:25:44.904 [main] INFO  springfox.documentation.spring.web.scanners.ApiListingReferenceScanner-Scanning for api listing references
2022-02-13 15:25:45.054 [main] INFO  com.novedu.nov.order.OrderServiceApplication-Started OrderServiceApplication in 8.36 seconds (JVM running for 9.06)
2022-02-13 15:25:55.560 [http-nio-8086-exec-1] INFO  org.apache.catalina.core.ContainerBase.[Tomcat].[localhost].[/]-Initializing Spring DispatcherServlet 'dispatcherServlet'
2022-02-13 15:25:55.560 [http-nio-8086-exec-1] INFO  org.springframework.web.servlet.DispatcherServlet-Initializing Servlet 'dispatcherServlet'
2022-02-13 15:25:55.583 [http-nio-8086-exec-1] INFO  org.springframework.web.servlet.DispatcherServlet-Completed initialization in 23 ms
2022-02-13 15:25:57.082 [hystrix-service-edu-1] INFO  com.netflix.config.ChainedDynamicProperty-Flipping property: service-edu.ribbon.ActiveConnectionsLimit to use NEXT property: niws.loadbalancer.availabilityFilteringRule.activeConnectionsLimit = 2147483647
2022-02-13 15:25:57.096 [hystrix-service-edu-1] INFO  com.netflix.loadbalancer.BaseLoadBalancer-Client: service-edu instantiated a LoadBalancer: DynamicServerListLoadBalancer:{NFLoadBalancer:name=service-edu,current list of Servers=[],Load balancer stats=Zone stats: {},Server stats: []}ServerList:null
2022-02-13 15:25:57.101 [hystrix-service-edu-1] INFO  com.netflix.loadbalancer.DynamicServerListLoadBalancer-Using serverListUpdater PollingServerListUpdater
2022-02-13 15:25:57.115 [hystrix-service-edu-1] INFO  com.netflix.config.ChainedDynamicProperty-Flipping property: service-edu.ribbon.ActiveConnectionsLimit to use NEXT property: niws.loadbalancer.availabilityFilteringRule.activeConnectionsLimit = 2147483647
2022-02-13 15:25:57.117 [hystrix-service-edu-1] INFO  com.netflix.loadbalancer.DynamicServerListLoadBalancer-DynamicServerListLoadBalancer for client service-edu initialized: DynamicServerListLoadBalancer:{NFLoadBalancer:name=service-edu,current list of Servers=[192.168.31.136:8081],Load balancer stats=Zone stats: {unknown=[Zone:unknown;	Instance count:1;	Active connections count: 0;	Circuit breaker tripped count: 0;	Active connections per server: 0.0;]
},Server stats: [[Server:192.168.31.136:8081;	Zone:UNKNOWN;	Total Requests:0;	Successive connection failure:0;	Total blackout seconds:0;	Last connection made:Thu Jan 01 08:00:00 CST 1970;	First connection made: Thu Jan 01 08:00:00 CST 1970;	Active Connections:0;	total failure count in last (1000) msecs:0;	average resp time:0.0;	90 percentile resp time:0.0;	95 percentile resp time:0.0;	min resp time:0.0;	max resp time:0.0;	stddev resp time:0.0]
]}ServerList:com.alibaba.cloud.nacos.ribbon.NacosServerList@6dd93296
2022-02-13 15:25:58.115 [PollingServerListUpdater-0] INFO  com.netflix.config.ChainedDynamicProperty-Flipping property: service-edu.ribbon.ActiveConnectionsLimit to use NEXT property: niws.loadbalancer.availabilityFilteringRule.activeConnectionsLimit = 2147483647
2022-02-13 15:26:00.014 [task-145] INFO  com.novedu.nov.statistics.task.MultiThreadScheduleTask----------------正在同步课程播放次数...
2022-02-13 15:26:00.376 [hystrix-service-ucenter-1] INFO  com.netflix.config.ChainedDynamicProperty-Flipping property: service-ucenter.ribbon.ActiveConnectionsLimit to use NEXT property: niws.loadbalancer.availabilityFilteringRule.activeConnectionsLimit = 2147483647
2022-02-13 15:26:00.377 [hystrix-service-ucenter-1] INFO  com.netflix.loadbalancer.BaseLoadBalancer-Client: service-ucenter instantiated a LoadBalancer: DynamicServerListLoadBalancer:{NFLoadBalancer:name=service-ucenter,current list of Servers=[],Load balancer stats=Zone stats: {},Server stats: []}ServerList:null
2022-02-13 15:26:00.379 [hystrix-service-ucenter-1] INFO  com.netflix.loadbalancer.DynamicServerListLoadBalancer-Using serverListUpdater PollingServerListUpdater
2022-02-13 15:26:00.385 [hystrix-service-ucenter-1] INFO  com.netflix.config.ChainedDynamicProperty-Flipping property: service-ucenter.ribbon.ActiveConnectionsLimit to use NEXT property: niws.loadbalancer.availabilityFilteringRule.activeConnectionsLimit = 2147483647
2022-02-13 15:26:00.385 [hystrix-service-ucenter-1] INFO  com.netflix.loadbalancer.DynamicServerListLoadBalancer-DynamicServerListLoadBalancer for client service-ucenter initialized: DynamicServerListLoadBalancer:{NFLoadBalancer:name=service-ucenter,current list of Servers=[192.168.31.136:8085],Load balancer stats=Zone stats: {unknown=[Zone:unknown;	Instance count:1;	Active connections count: 0;	Circuit breaker tripped count: 0;	Active connections per server: 0.0;]
},Server stats: [[Server:192.168.31.136:8085;	Zone:UNKNOWN;	Total Requests:0;	Successive connection failure:0;	Total blackout seconds:0;	Last connection made:Thu Jan 01 08:00:00 CST 1970;	First connection made: Thu Jan 01 08:00:00 CST 1970;	Active Connections:0;	total failure count in last (1000) msecs:0;	average resp time:0.0;	90 percentile resp time:0.0;	95 percentile resp time:0.0;	min resp time:0.0;	max resp time:0.0;	stddev resp time:0.0]
]}ServerList:com.alibaba.cloud.nacos.ribbon.NacosServerList@3a9efb43
2022-02-13 15:26:00.813 [http-nio-8086-exec-4] INFO  com.novedu.nov.sys.config.NovMetaObjectHandler-start insert fill ....
2022-02-13 15:26:01.394 [PollingServerListUpdater-0] INFO  com.netflix.config.ChainedDynamicProperty-Flipping property: service-ucenter.ribbon.ActiveConnectionsLimit to use NEXT property: niws.loadbalancer.availabilityFilteringRule.activeConnectionsLimit = 2147483647
2022-02-13 15:26:02.740 [task-145] INFO  com.novedu.nov.statistics.task.MultiThreadScheduleTask----------------课程播放次数同步完成
2022-02-13 15:26:07.065 [SpringContextShutdownHook] INFO  org.springframework.scheduling.concurrent.ThreadPoolTaskScheduler-Shutting down ExecutorService 'Nacos-Watch-Task-Scheduler'
2022-02-13 15:26:07.069 [SpringContextShutdownHook] INFO  com.alibaba.cloud.nacos.registry.NacosServiceRegistry-De-registering from Nacos Server now...
2022-02-13 15:26:07.072 [SpringContextShutdownHook] INFO  com.alibaba.cloud.nacos.registry.NacosServiceRegistry-De-registration finished.
2022-02-13 15:26:07.415 [SpringContextShutdownHook] INFO  org.springframework.scheduling.concurrent.ThreadPoolTaskExecutor-Shutting down ExecutorService 'applicationTaskExecutor'
2022-02-13 15:26:07.573 [SpringContextShutdownHook] INFO  com.alibaba.druid.pool.DruidDataSource-{dataSource-1} closing ...
2022-02-13 15:26:07.576 [SpringContextShutdownHook] INFO  com.alibaba.druid.pool.DruidDataSource-{dataSource-1} closed
2022-02-13 15:26:30.006 [task-146] INFO  com.novedu.nov.statistics.task.MultiThreadScheduleTask----------------正在同步课程播放次数...
2022-02-13 15:27:00.014 [task-147] INFO  com.novedu.nov.statistics.task.MultiThreadScheduleTask----------------正在同步课程播放次数...
2022-02-13 15:27:29.927 [Thread-39] INFO  com.netflix.loadbalancer.PollingServerListUpdater-Shutting down the Executor Pool for PollingServerListUpdater
2022-02-13 15:27:29.993 [SpringContextShutdownHook] INFO  org.springframework.scheduling.concurrent.ThreadPoolTaskScheduler-Shutting down ExecutorService 'Nacos-Watch-Task-Scheduler'
2022-02-13 15:27:29.998 [SpringContextShutdownHook] INFO  com.alibaba.cloud.nacos.registry.NacosServiceRegistry-De-registering from Nacos Server now...
2022-02-13 15:27:30.000 [SpringContextShutdownHook] INFO  com.alibaba.cloud.nacos.registry.NacosServiceRegistry-De-registration finished.
2022-02-13 15:27:30.001 [task-148] INFO  com.novedu.nov.statistics.task.MultiThreadScheduleTask----------------正在同步课程播放次数...
2022-02-13 15:27:30.346 [SpringContextShutdownHook] INFO  org.springframework.scheduling.concurrent.ThreadPoolTaskExecutor-Shutting down ExecutorService 'applicationTaskExecutor'
2022-02-13 15:27:30.576 [SpringContextShutdownHook] INFO  com.alibaba.druid.pool.DruidDataSource-{dataSource-1} closing ...
2022-02-13 15:27:30.581 [SpringContextShutdownHook] INFO  com.alibaba.druid.pool.DruidDataSource-{dataSource-1} closed
2022-02-13 15:27:35.215 [background-preinit] INFO  org.hibernate.validator.internal.util.Version-HV000001: Hibernate Validator 6.1.7.Final
2022-02-13 15:27:35.799 [main] INFO  org.reflections.Reflections-Reflections took 28 ms to scan 1 urls, producing 3 keys and 6 values 
2022-02-13 15:27:35.826 [main] INFO  org.reflections.Reflections-Reflections took 14 ms to scan 1 urls, producing 4 keys and 9 values 
2022-02-13 15:27:35.842 [main] INFO  org.reflections.Reflections-Reflections took 13 ms to scan 1 urls, producing 3 keys and 10 values 
2022-02-13 15:27:36.004 [main] INFO  org.reflections.Reflections-Reflections took 159 ms to scan 208 urls, producing 0 keys and 0 values 
2022-02-13 15:27:36.014 [main] INFO  org.reflections.Reflections-Reflections took 10 ms to scan 1 urls, producing 1 keys and 5 values 
2022-02-13 15:27:36.032 [main] INFO  org.reflections.Reflections-Reflections took 15 ms to scan 1 urls, producing 1 keys and 7 values 
2022-02-13 15:27:36.044 [main] INFO  org.reflections.Reflections-Reflections took 10 ms to scan 1 urls, producing 2 keys and 8 values 
2022-02-13 15:27:36.181 [main] INFO  org.reflections.Reflections-Reflections took 134 ms to scan 208 urls, producing 0 keys and 0 values 
2022-02-13 15:27:37.137 [main] INFO  org.springframework.cloud.bootstrap.config.PropertySourceBootstrapConfiguration-Located property source: [BootstrapPropertySource {name='bootstrapProperties-service-order-dev.properties,DEFAULT_GROUP'}, BootstrapPropertySource {name='bootstrapProperties-service-order.properties,DEFAULT_GROUP'}, BootstrapPropertySource {name='bootstrapProperties-service-order,DEFAULT_GROUP'}]
2022-02-13 15:27:37.141 [main] INFO  com.novedu.nov.order.OrderServiceApplication-The following profiles are active: dev
2022-02-13 15:27:37.780 [main] INFO  org.springframework.data.repository.config.RepositoryConfigurationDelegate-Multiple Spring Data modules found, entering strict repository configuration mode!
2022-02-13 15:27:37.782 [main] INFO  org.springframework.data.repository.config.RepositoryConfigurationDelegate-Bootstrapping Spring Data Redis repositories in DEFAULT mode.
2022-02-13 15:27:37.807 [main] INFO  org.springframework.data.repository.config.RepositoryConfigurationDelegate-Finished Spring Data repository scanning in 12ms. Found 0 Redis repository interfaces.
2022-02-13 15:27:38.010 [main] INFO  org.springframework.cloud.context.scope.GenericScope-BeanFactory id=8a981f1f-adbf-37ba-bf65-5d00c36f2920
2022-02-13 15:27:38.425 [main] INFO  org.springframework.boot.web.embedded.tomcat.TomcatWebServer-Tomcat initialized with port(s): 8086 (http)
2022-02-13 15:27:38.433 [main] INFO  org.apache.coyote.http11.Http11NioProtocol-Initializing ProtocolHandler ["http-nio-8086"]
2022-02-13 15:27:38.433 [main] INFO  org.apache.catalina.core.StandardService-Starting service [Tomcat]
2022-02-13 15:27:38.433 [main] INFO  org.apache.catalina.core.StandardEngine-Starting Servlet engine: [Apache Tomcat/9.0.46]
2022-02-13 15:27:38.540 [main] INFO  org.apache.catalina.core.ContainerBase.[Tomcat].[localhost].[/]-Initializing Spring embedded WebApplicationContext
2022-02-13 15:27:38.540 [main] INFO  org.springframework.boot.web.servlet.context.ServletWebServerApplicationContext-Root WebApplicationContext: initialization completed in 1380 ms
2022-02-13 15:27:38.772 [main] INFO  org.springframework.cloud.openfeign.FeignClientFactoryBean-For 'service-edu' URL not provided. Will try picking an instance via load-balancing.
2022-02-13 15:27:38.855 [main] INFO  com.alibaba.druid.spring.boot.autoconfigure.DruidDataSourceAutoConfigure-Init DruidDataSource
2022-02-13 15:27:41.138 [main] INFO  com.alibaba.druid.pool.DruidDataSource-{dataSource-1} inited
2022-02-13 15:27:41.580 [main] INFO  org.springframework.cloud.openfeign.FeignClientFactoryBean-For 'service-ucenter' URL not provided. Will try picking an instance via load-balancing.
2022-02-13 15:27:42.267 [main] INFO  springfox.documentation.spring.web.PropertySourcedRequestMappingHandlerMapping-Mapped URL path [/v2/api-docs] onto method [springfox.documentation.swagger2.web.Swagger2Controller#getDocumentation(String, HttpServletRequest)]
2022-02-13 15:27:42.277 [main] INFO  com.netflix.config.sources.URLConfigurationSource-To enable URLs as dynamic configuration sources, define System property archaius.configurationSource.additionalUrls or make config.properties available on classpath.
2022-02-13 15:27:42.280 [main] INFO  com.netflix.config.sources.URLConfigurationSource-To enable URLs as dynamic configuration sources, define System property archaius.configurationSource.additionalUrls or make config.properties available on classpath.
2022-02-13 15:27:42.395 [main] INFO  org.springframework.scheduling.concurrent.ThreadPoolTaskExecutor-Initializing ExecutorService 'applicationTaskExecutor'
2022-02-13 15:27:42.558 [main] INFO  org.springframework.scheduling.concurrent.ThreadPoolTaskScheduler-Initializing ExecutorService 'Nacos-Watch-Task-Scheduler'
2022-02-13 15:27:43.114 [main] INFO  org.apache.coyote.http11.Http11NioProtocol-Starting ProtocolHandler ["http-nio-8086"]
2022-02-13 15:27:43.127 [main] INFO  org.springframework.boot.web.embedded.tomcat.TomcatWebServer-Tomcat started on port(s): 8086 (http) with context path ''
2022-02-13 15:27:43.137 [main] INFO  com.alibaba.cloud.nacos.registry.NacosServiceRegistry-nacos registry, DEFAULT_GROUP service-order 192.168.31.136:8086 register finished
2022-02-13 15:27:43.204 [main] INFO  springfox.documentation.spring.web.plugins.DocumentationPluginsBootstrapper-Context refreshed
2022-02-13 15:27:43.216 [main] INFO  springfox.documentation.spring.web.plugins.DocumentationPluginsBootstrapper-Found 1 custom documentation plugin(s)
2022-02-13 15:27:43.245 [main] INFO  springfox.documentation.spring.web.scanners.ApiListingReferenceScanner-Scanning for api listing references
2022-02-13 15:27:43.396 [main] INFO  com.novedu.nov.order.OrderServiceApplication-Started OrderServiceApplication in 8.672 seconds (JVM running for 9.371)
2022-02-13 15:27:46.953 [http-nio-8086-exec-1] INFO  org.apache.catalina.core.ContainerBase.[Tomcat].[localhost].[/]-Initializing Spring DispatcherServlet 'dispatcherServlet'
2022-02-13 15:27:46.954 [http-nio-8086-exec-1] INFO  org.springframework.web.servlet.DispatcherServlet-Initializing Servlet 'dispatcherServlet'
2022-02-13 15:27:46.960 [http-nio-8086-exec-1] INFO  org.springframework.web.servlet.DispatcherServlet-Completed initialization in 6 ms
2022-02-13 15:27:47.390 [hystrix-service-edu-1] INFO  com.netflix.config.ChainedDynamicProperty-Flipping property: service-edu.ribbon.ActiveConnectionsLimit to use NEXT property: niws.loadbalancer.availabilityFilteringRule.activeConnectionsLimit = 2147483647
2022-02-13 15:27:47.403 [hystrix-service-edu-1] INFO  com.netflix.loadbalancer.BaseLoadBalancer-Client: service-edu instantiated a LoadBalancer: DynamicServerListLoadBalancer:{NFLoadBalancer:name=service-edu,current list of Servers=[],Load balancer stats=Zone stats: {},Server stats: []}ServerList:null
2022-02-13 15:27:47.408 [hystrix-service-edu-1] INFO  com.netflix.loadbalancer.DynamicServerListLoadBalancer-Using serverListUpdater PollingServerListUpdater
2022-02-13 15:27:47.415 [hystrix-service-edu-1] INFO  com.netflix.loadbalancer.DynamicServerListLoadBalancer-DynamicServerListLoadBalancer for client service-edu initialized: DynamicServerListLoadBalancer:{NFLoadBalancer:name=service-edu,current list of Servers=[],Load balancer stats=Zone stats: {},Server stats: []}ServerList:com.alibaba.cloud.nacos.ribbon.NacosServerList@5a2eee0e
2022-02-13 15:28:00.008 [task-149] INFO  com.novedu.nov.statistics.task.MultiThreadScheduleTask----------------正在同步课程播放次数...
2022-02-13 15:28:30.014 [task-150] INFO  com.novedu.nov.statistics.task.MultiThreadScheduleTask----------------正在同步课程播放次数...
2022-02-13 15:28:59.213 [Thread-40] INFO  com.netflix.loadbalancer.PollingServerListUpdater-Shutting down the Executor Pool for PollingServerListUpdater
2022-02-13 15:28:59.276 [SpringContextShutdownHook] INFO  org.springframework.scheduling.concurrent.ThreadPoolTaskScheduler-Shutting down ExecutorService 'Nacos-Watch-Task-Scheduler'
2022-02-13 15:28:59.281 [SpringContextShutdownHook] INFO  com.alibaba.cloud.nacos.registry.NacosServiceRegistry-De-registering from Nacos Server now...
2022-02-13 15:28:59.283 [SpringContextShutdownHook] INFO  com.alibaba.cloud.nacos.registry.NacosServiceRegistry-De-registration finished.
2022-02-13 15:28:59.617 [SpringContextShutdownHook] INFO  org.springframework.scheduling.concurrent.ThreadPoolTaskExecutor-Shutting down ExecutorService 'applicationTaskExecutor'
2022-02-13 15:28:59.645 [SpringContextShutdownHook] INFO  com.alibaba.druid.pool.DruidDataSource-{dataSource-1} closing ...
2022-02-13 15:28:59.650 [SpringContextShutdownHook] INFO  com.alibaba.druid.pool.DruidDataSource-{dataSource-1} closed
2022-02-13 15:29:00.001 [task-151] INFO  com.novedu.nov.statistics.task.MultiThreadScheduleTask----------------正在同步课程播放次数...
2022-02-13 15:29:04.299 [background-preinit] INFO  org.hibernate.validator.internal.util.Version-HV000001: Hibernate Validator 6.1.7.Final
2022-02-13 15:29:04.880 [main] INFO  org.reflections.Reflections-Reflections took 28 ms to scan 1 urls, producing 3 keys and 6 values 
2022-02-13 15:29:04.907 [main] INFO  org.reflections.Reflections-Reflections took 14 ms to scan 1 urls, producing 4 keys and 9 values 
2022-02-13 15:29:04.922 [main] INFO  org.reflections.Reflections-Reflections took 12 ms to scan 1 urls, producing 3 keys and 10 values 
2022-02-13 15:29:05.081 [main] INFO  org.reflections.Reflections-Reflections took 155 ms to scan 208 urls, producing 0 keys and 0 values 
2022-02-13 15:29:05.091 [main] INFO  org.reflections.Reflections-Reflections took 10 ms to scan 1 urls, producing 1 keys and 5 values 
2022-02-13 15:29:05.106 [main] INFO  org.reflections.Reflections-Reflections took 13 ms to scan 1 urls, producing 1 keys and 7 values 
2022-02-13 15:29:05.121 [main] INFO  org.reflections.Reflections-Reflections took 12 ms to scan 1 urls, producing 2 keys and 8 values 
2022-02-13 15:29:05.255 [main] INFO  org.reflections.Reflections-Reflections took 132 ms to scan 208 urls, producing 0 keys and 0 values 
2022-02-13 15:29:06.201 [main] INFO  org.springframework.cloud.bootstrap.config.PropertySourceBootstrapConfiguration-Located property source: [BootstrapPropertySource {name='bootstrapProperties-service-order-dev.properties,DEFAULT_GROUP'}, BootstrapPropertySource {name='bootstrapProperties-service-order.properties,DEFAULT_GROUP'}, BootstrapPropertySource {name='bootstrapProperties-service-order,DEFAULT_GROUP'}]
2022-02-13 15:29:06.205 [main] INFO  com.novedu.nov.order.OrderServiceApplication-The following profiles are active: dev
2022-02-13 15:29:06.828 [main] INFO  org.springframework.data.repository.config.RepositoryConfigurationDelegate-Multiple Spring Data modules found, entering strict repository configuration mode!
2022-02-13 15:29:06.830 [main] INFO  org.springframework.data.repository.config.RepositoryConfigurationDelegate-Bootstrapping Spring Data Redis repositories in DEFAULT mode.
2022-02-13 15:29:06.853 [main] INFO  org.springframework.data.repository.config.RepositoryConfigurationDelegate-Finished Spring Data repository scanning in 12ms. Found 0 Redis repository interfaces.
2022-02-13 15:29:07.049 [main] INFO  org.springframework.cloud.context.scope.GenericScope-BeanFactory id=8a981f1f-adbf-37ba-bf65-5d00c36f2920
2022-02-13 15:29:07.461 [main] INFO  org.springframework.boot.web.embedded.tomcat.TomcatWebServer-Tomcat initialized with port(s): 8086 (http)
2022-02-13 15:29:07.469 [main] INFO  org.apache.coyote.http11.Http11NioProtocol-Initializing ProtocolHandler ["http-nio-8086"]
2022-02-13 15:29:07.470 [main] INFO  org.apache.catalina.core.StandardService-Starting service [Tomcat]
2022-02-13 15:29:07.470 [main] INFO  org.apache.catalina.core.StandardEngine-Starting Servlet engine: [Apache Tomcat/9.0.46]
2022-02-13 15:29:07.576 [main] INFO  org.apache.catalina.core.ContainerBase.[Tomcat].[localhost].[/]-Initializing Spring embedded WebApplicationContext
2022-02-13 15:29:07.577 [main] INFO  org.springframework.boot.web.servlet.context.ServletWebServerApplicationContext-Root WebApplicationContext: initialization completed in 1352 ms
2022-02-13 15:29:07.812 [main] INFO  org.springframework.cloud.openfeign.FeignClientFactoryBean-For 'service-edu' URL not provided. Will try picking an instance via load-balancing.
2022-02-13 15:29:07.892 [main] INFO  com.alibaba.druid.spring.boot.autoconfigure.DruidDataSourceAutoConfigure-Init DruidDataSource
2022-02-13 15:29:10.105 [main] INFO  com.alibaba.druid.pool.DruidDataSource-{dataSource-1} inited
2022-02-13 15:29:10.551 [main] INFO  org.springframework.cloud.openfeign.FeignClientFactoryBean-For 'service-ucenter' URL not provided. Will try picking an instance via load-balancing.
2022-02-13 15:29:11.229 [main] INFO  springfox.documentation.spring.web.PropertySourcedRequestMappingHandlerMapping-Mapped URL path [/v2/api-docs] onto method [springfox.documentation.swagger2.web.Swagger2Controller#getDocumentation(String, HttpServletRequest)]
2022-02-13 15:29:11.239 [main] INFO  com.netflix.config.sources.URLConfigurationSource-To enable URLs as dynamic configuration sources, define System property archaius.configurationSource.additionalUrls or make config.properties available on classpath.
2022-02-13 15:29:11.243 [main] INFO  com.netflix.config.sources.URLConfigurationSource-To enable URLs as dynamic configuration sources, define System property archaius.configurationSource.additionalUrls or make config.properties available on classpath.
2022-02-13 15:29:11.357 [main] INFO  org.springframework.scheduling.concurrent.ThreadPoolTaskExecutor-Initializing ExecutorService 'applicationTaskExecutor'
2022-02-13 15:29:11.518 [main] INFO  org.springframework.scheduling.concurrent.ThreadPoolTaskScheduler-Initializing ExecutorService 'Nacos-Watch-Task-Scheduler'
2022-02-13 15:29:12.053 [main] INFO  org.apache.coyote.http11.Http11NioProtocol-Starting ProtocolHandler ["http-nio-8086"]
2022-02-13 15:29:12.066 [main] INFO  org.springframework.boot.web.embedded.tomcat.TomcatWebServer-Tomcat started on port(s): 8086 (http) with context path ''
2022-02-13 15:29:12.076 [main] INFO  com.alibaba.cloud.nacos.registry.NacosServiceRegistry-nacos registry, DEFAULT_GROUP service-order 192.168.31.136:8086 register finished
2022-02-13 15:29:12.144 [main] INFO  springfox.documentation.spring.web.plugins.DocumentationPluginsBootstrapper-Context refreshed
2022-02-13 15:29:12.156 [main] INFO  springfox.documentation.spring.web.plugins.DocumentationPluginsBootstrapper-Found 1 custom documentation plugin(s)
2022-02-13 15:29:12.184 [main] INFO  springfox.documentation.spring.web.scanners.ApiListingReferenceScanner-Scanning for api listing references
2022-02-13 15:29:12.330 [main] INFO  com.novedu.nov.order.OrderServiceApplication-Started OrderServiceApplication in 8.519 seconds (JVM running for 9.189)
2022-02-13 15:29:30.012 [task-152] INFO  com.novedu.nov.statistics.task.MultiThreadScheduleTask----------------正在同步课程播放次数...
2022-02-13 15:29:36.639 [http-nio-8086-exec-2] INFO  org.apache.catalina.core.ContainerBase.[Tomcat].[localhost].[/]-Initializing Spring DispatcherServlet 'dispatcherServlet'
2022-02-13 15:29:36.639 [http-nio-8086-exec-2] INFO  org.springframework.web.servlet.DispatcherServlet-Initializing Servlet 'dispatcherServlet'
2022-02-13 15:29:36.645 [http-nio-8086-exec-2] INFO  org.springframework.web.servlet.DispatcherServlet-Completed initialization in 6 ms
2022-02-13 15:29:37.058 [hystrix-service-edu-1] INFO  com.netflix.config.ChainedDynamicProperty-Flipping property: service-edu.ribbon.ActiveConnectionsLimit to use NEXT property: niws.loadbalancer.availabilityFilteringRule.activeConnectionsLimit = 2147483647
2022-02-13 15:29:37.069 [hystrix-service-edu-1] INFO  com.netflix.loadbalancer.BaseLoadBalancer-Client: service-edu instantiated a LoadBalancer: DynamicServerListLoadBalancer:{NFLoadBalancer:name=service-edu,current list of Servers=[],Load balancer stats=Zone stats: {},Server stats: []}ServerList:null
2022-02-13 15:29:37.073 [hystrix-service-edu-1] INFO  com.netflix.loadbalancer.DynamicServerListLoadBalancer-Using serverListUpdater PollingServerListUpdater
2022-02-13 15:29:37.079 [hystrix-service-edu-1] INFO  com.netflix.loadbalancer.DynamicServerListLoadBalancer-DynamicServerListLoadBalancer for client service-edu initialized: DynamicServerListLoadBalancer:{NFLoadBalancer:name=service-edu,current list of Servers=[],Load balancer stats=Zone stats: {},Server stats: []}ServerList:com.alibaba.cloud.nacos.ribbon.NacosServerList@64d8b9e
2022-02-13 15:30:00.002 [task-153] INFO  com.novedu.nov.statistics.task.MultiThreadScheduleTask----------------正在同步课程播放次数...
2022-02-13 15:30:01.173 [background-preinit] INFO  org.hibernate.validator.internal.util.Version-HV000001: Hibernate Validator 6.1.7.Final
2022-02-13 15:30:01.744 [main] INFO  org.reflections.Reflections-Reflections took 30 ms to scan 1 urls, producing 3 keys and 6 values 
2022-02-13 15:30:01.771 [main] INFO  org.reflections.Reflections-Reflections took 14 ms to scan 1 urls, producing 4 keys and 9 values 
2022-02-13 15:30:01.787 [main] INFO  org.reflections.Reflections-Reflections took 13 ms to scan 1 urls, producing 3 keys and 10 values 
2022-02-13 15:30:01.955 [main] INFO  org.reflections.Reflections-Reflections took 163 ms to scan 208 urls, producing 0 keys and 0 values 
2022-02-13 15:30:01.965 [main] INFO  org.reflections.Reflections-Reflections took 9 ms to scan 1 urls, producing 1 keys and 5 values 
2022-02-13 15:30:01.980 [main] INFO  org.reflections.Reflections-Reflections took 12 ms to scan 1 urls, producing 1 keys and 7 values 
2022-02-13 15:30:01.993 [main] INFO  org.reflections.Reflections-Reflections took 10 ms to scan 1 urls, producing 2 keys and 8 values 
2022-02-13 15:30:02.129 [main] INFO  org.reflections.Reflections-Reflections took 134 ms to scan 208 urls, producing 0 keys and 0 values 
2022-02-13 15:30:03.053 [main] INFO  org.springframework.cloud.bootstrap.config.PropertySourceBootstrapConfiguration-Located property source: [BootstrapPropertySource {name='bootstrapProperties-service-edu-dev.properties,DEFAULT_GROUP'}, BootstrapPropertySource {name='bootstrapProperties-service-edu.properties,DEFAULT_GROUP'}, BootstrapPropertySource {name='bootstrapProperties-service-edu,DEFAULT_GROUP'}]
2022-02-13 15:30:03.057 [main] INFO  com.novedu.nov.EduServiceApplication-The following profiles are active: dev
2022-02-13 15:30:03.726 [main] INFO  org.springframework.data.repository.config.RepositoryConfigurationDelegate-Multiple Spring Data modules found, entering strict repository configuration mode!
2022-02-13 15:30:03.728 [main] INFO  org.springframework.data.repository.config.RepositoryConfigurationDelegate-Bootstrapping Spring Data Redis repositories in DEFAULT mode.
2022-02-13 15:30:03.763 [main] INFO  org.springframework.data.repository.config.RepositoryConfigurationDelegate-Finished Spring Data repository scanning in 23ms. Found 0 Redis repository interfaces.
2022-02-13 15:30:03.961 [main] INFO  org.springframework.cloud.context.scope.GenericScope-BeanFactory id=e472dcd6-c0d0-31dd-96b5-87000ad36a10
2022-02-13 15:30:04.408 [main] INFO  org.springframework.boot.web.embedded.tomcat.TomcatWebServer-Tomcat initialized with port(s): 8081 (http)
2022-02-13 15:30:04.416 [main] INFO  org.apache.coyote.http11.Http11NioProtocol-Initializing ProtocolHandler ["http-nio-8081"]
2022-02-13 15:30:04.416 [main] INFO  org.apache.catalina.core.StandardService-Starting service [Tomcat]
2022-02-13 15:30:04.416 [main] INFO  org.apache.catalina.core.StandardEngine-Starting Servlet engine: [Apache Tomcat/9.0.46]
2022-02-13 15:30:04.524 [main] INFO  org.apache.catalina.core.ContainerBase.[Tomcat].[localhost].[/]-Initializing Spring embedded WebApplicationContext
2022-02-13 15:30:04.524 [main] INFO  org.springframework.boot.web.servlet.context.ServletWebServerApplicationContext-Root WebApplicationContext: initialization completed in 1447 ms
2022-02-13 15:30:04.622 [main] INFO  com.alibaba.druid.spring.boot.autoconfigure.DruidDataSourceAutoConfigure-Init DruidDataSource
2022-02-13 15:30:04.698 [main] INFO  com.alibaba.druid.pool.DruidDataSource-{dataSource-1} inited
2022-02-13 15:30:05.903 [main] INFO  org.springframework.cloud.openfeign.FeignClientFactoryBean-For 'service-order' URL not provided. Will try picking an instance via load-balancing.
2022-02-13 15:30:06.918 [main] INFO  springfox.documentation.spring.web.PropertySourcedRequestMappingHandlerMapping-Mapped URL path [/v2/api-docs] onto method [springfox.documentation.swagger2.web.Swagger2Controller#getDocumentation(String, HttpServletRequest)]
2022-02-13 15:30:06.930 [main] INFO  com.netflix.config.sources.URLConfigurationSource-To enable URLs as dynamic configuration sources, define System property archaius.configurationSource.additionalUrls or make config.properties available on classpath.
2022-02-13 15:30:06.934 [main] INFO  com.netflix.config.sources.URLConfigurationSource-To enable URLs as dynamic configuration sources, define System property archaius.configurationSource.additionalUrls or make config.properties available on classpath.
2022-02-13 15:30:07.056 [main] INFO  org.springframework.scheduling.concurrent.ThreadPoolTaskExecutor-Initializing ExecutorService 'applicationTaskExecutor'
2022-02-13 15:30:07.227 [main] INFO  org.springframework.scheduling.concurrent.ThreadPoolTaskScheduler-Initializing ExecutorService 'Nacos-Watch-Task-Scheduler'
2022-02-13 15:30:07.792 [main] INFO  org.apache.coyote.http11.Http11NioProtocol-Starting ProtocolHandler ["http-nio-8081"]
2022-02-13 15:30:07.804 [main] INFO  org.springframework.boot.web.embedded.tomcat.TomcatWebServer-Tomcat started on port(s): 8081 (http) with context path ''
2022-02-13 15:30:07.813 [main] INFO  com.alibaba.cloud.nacos.registry.NacosServiceRegistry-nacos registry, DEFAULT_GROUP service-edu 192.168.31.136:8081 register finished
2022-02-13 15:30:07.882 [main] INFO  springfox.documentation.spring.web.plugins.DocumentationPluginsBootstrapper-Context refreshed
2022-02-13 15:30:07.894 [main] INFO  springfox.documentation.spring.web.plugins.DocumentationPluginsBootstrapper-Found 1 custom documentation plugin(s)
2022-02-13 15:30:07.923 [main] INFO  springfox.documentation.spring.web.scanners.ApiListingReferenceScanner-Scanning for api listing references
2022-02-13 15:30:08.081 [main] INFO  springfox.documentation.spring.web.readers.operation.CachingOperationNameGenerator-Generating unique operation named: queryCommentPageUsingPOST_1
2022-02-13 15:30:08.116 [main] INFO  springfox.documentation.spring.web.readers.operation.CachingOperationNameGenerator-Generating unique operation named: queryCourseByTeacherIdUsingPOST_1
2022-02-13 15:30:08.133 [main] INFO  springfox.documentation.spring.web.readers.operation.CachingOperationNameGenerator-Generating unique operation named: saveCourseUsingPOST_1
2022-02-13 15:30:08.164 [main] INFO  springfox.documentation.spring.web.readers.operation.CachingOperationNameGenerator-Generating unique operation named: saveCourseUsingPOST_2
2022-02-13 15:30:08.188 [main] INFO  com.novedu.nov.EduServiceApplication-Started EduServiceApplication in 7.495 seconds (JVM running for 8.181)
2022-02-13 15:30:09.805 [http-nio-8081-exec-1] INFO  org.apache.catalina.core.ContainerBase.[Tomcat].[localhost].[/]-Initializing Spring DispatcherServlet 'dispatcherServlet'
2022-02-13 15:30:09.805 [http-nio-8081-exec-1] INFO  org.springframework.web.servlet.DispatcherServlet-Initializing Servlet 'dispatcherServlet'
2022-02-13 15:30:09.811 [http-nio-8081-exec-1] INFO  org.springframework.web.servlet.DispatcherServlet-Completed initialization in 6 ms
2022-02-13 15:30:30.014 [task-154] INFO  com.novedu.nov.statistics.task.MultiThreadScheduleTask----------------正在同步课程播放次数...
2022-02-13 15:30:38.112 [PollingServerListUpdater-0] INFO  com.netflix.config.ChainedDynamicProperty-Flipping property: service-edu.ribbon.ActiveConnectionsLimit to use NEXT property: niws.loadbalancer.availabilityFilteringRule.activeConnectionsLimit = 2147483647
2022-02-13 15:31:00.004 [task-155] INFO  com.novedu.nov.statistics.task.MultiThreadScheduleTask----------------正在同步课程播放次数...
2022-02-13 15:31:02.268 [task-155] INFO  com.novedu.nov.statistics.task.MultiThreadScheduleTask----------------课程播放次数同步完成
2022-02-13 15:31:28.674 [http-nio-8086-exec-2] INFO  com.novedu.nov.sys.config.NovMetaObjectHandler-start update fill ....
2022-02-13 15:31:28.834 [http-nio-8086-exec-2] INFO  com.novedu.nov.order.service.impl.AlipayServiceImpl-同步订单:1492761963002703873成功
2022-02-13 15:31:28.887 [http-nio-8081-exec-1] INFO  com.novedu.nov.sys.config.NovMetaObjectHandler-start insert fill ....
2022-02-13 15:31:29.034 [http-nio-8081-exec-1] INFO  com.novedu.nov.edu.service.impl.EduCourseApplyServiceImpl-同步课程学习人数成功
2022-02-13 15:31:30.017 [task-156] INFO  com.novedu.nov.statistics.task.MultiThreadScheduleTask----------------正在同步课程播放次数...
2022-02-13 15:31:32.476 [task-156] INFO  com.novedu.nov.statistics.task.MultiThreadScheduleTask----------------课程播放次数同步完成
