2022-02-09 13:22:23.589 [background-preinit] DEBUG org.jboss.logging-Logging Provider: org.jboss.logging.Log4j2LoggerProvider
2022-02-09 13:22:23.615 [background-preinit] DEBUG org.hibernate.validator.internal.xml.config.ValidationXmlParser-Trying to load META-INF/validation.xml for XML based Validator configuration.
2022-02-09 13:22:23.619 [background-preinit] DEBUG org.hibernate.validator.internal.xml.config.ResourceLoaderHelper-Trying to load META-INF/validation.xml via TCCL
2022-02-09 13:22:23.621 [background-preinit] DEBUG org.hibernate.validator.internal.xml.config.ResourceLoaderHelper-Trying to load META-INF/validation.xml via Hibernate Validator's class loader
2022-02-09 13:22:23.622 [background-preinit] DEBUG org.hibernate.validator.internal.xml.config.ValidationXmlParser-No META-INF/validation.xml found. Using annotation based configuration only.
2022-02-09 13:22:23.634 [background-preinit] DEBUG org.hibernate.validator.internal.engine.resolver.TraversableResolvers-Cannot find javax.persistence.Persistence on classpath. Assuming non JPA 2 environment. All properties will per default be traversable.
2022-02-09 13:22:23.716 [background-preinit] DEBUG org.hibernate.validator.messageinterpolation.ResourceBundleMessageInterpolator-Loaded expression factory via original TCCL
2022-02-09 13:22:24.158 [background-preinit] DEBUG org.hibernate.validator.internal.engine.ValidatorFactoryConfigurationHelper-HV000252: Using org.hibernate.validator.internal.engine.DefaultPropertyNodeNameProvider as property node name provider.
2022-02-09 13:22:24.173 [background-preinit] DEBUG org.hibernate.validator.internal.engine.ValidatorFactoryConfigurationHelper-HV000234: Using org.hibernate.validator.messageinterpolation.ResourceBundleMessageInterpolator as ValidatorFactory-scoped message interpolator.
2022-02-09 13:22:24.173 [background-preinit] DEBUG org.hibernate.validator.internal.engine.ValidatorFactoryConfigurationHelper-HV000234: Using org.hibernate.validator.internal.engine.resolver.TraverseAllTraversableResolver as ValidatorFactory-scoped traversable resolver.
2022-02-09 13:22:24.174 [background-preinit] DEBUG org.hibernate.validator.internal.engine.ValidatorFactoryConfigurationHelper-HV000234: Using org.hibernate.validator.internal.util.ExecutableParameterNameProvider as ValidatorFactory-scoped parameter name provider.
2022-02-09 13:22:24.174 [background-preinit] DEBUG org.hibernate.validator.internal.engine.ValidatorFactoryConfigurationHelper-HV000234: Using org.hibernate.validator.internal.engine.DefaultClockProvider as ValidatorFactory-scoped clock provider.
2022-02-09 13:22:24.174 [background-preinit] DEBUG org.hibernate.validator.internal.engine.ValidatorFactoryConfigurationHelper-HV000234: Using org.hibernate.validator.internal.engine.scripting.DefaultScriptEvaluatorFactory as ValidatorFactory-scoped script evaluator factory.
2022-02-09 13:22:26.890 [main] DEBUG org.reflections.Reflections-going to scan these urls:
jar:file:/E:/tool/maven/repository/com/alibaba/nacos/nacos-client/2.0.3/nacos-client-2.0.3.jar!/
2022-02-09 13:22:27.054 [main] DEBUG org.reflections.Reflections-expanded subtype com.alibaba.nacos.api.remote.request.Request -> com.alibaba.nacos.api.remote.request.ServerRequest
2022-02-09 13:22:27.071 [main] DEBUG org.reflections.Reflections-going to scan these urls:
jar:file:/E:/tool/maven/repository/com/alibaba/nacos/nacos-client/2.0.3/nacos-client-2.0.3.jar!/
2022-02-09 13:22:27.114 [main] DEBUG org.reflections.Reflections-expanded subtype com.alibaba.nacos.api.remote.request.Request -> com.alibaba.nacos.api.remote.request.ServerRequest
2022-02-09 13:22:27.116 [main] DEBUG org.reflections.Reflections-going to scan these urls:
jar:file:/E:/tool/maven/repository/com/alibaba/nacos/nacos-client/2.0.3/nacos-client-2.0.3.jar!/
2022-02-09 13:22:27.145 [main] DEBUG org.reflections.Reflections-going to scan these urls:
file:/C:/Users/dzyx/.m2/repository/org/junit/platform/junit-platform-commons/1.6.3/junit-platform-commons-1.6.3.jar
file:/E:/tool/maven/repository/org/apache/poi/poi/3.15/poi-3.15.jar
file:/E:/tool/maven/repository/org/jdom/jdom2/2.0.6/jdom2-2.0.6.jar
file:/E:/tool/maven/repository/org/springframework/plugin/spring-plugin-metadata/1.2.0.RELEASE/spring-plugin-metadata-1.2.0.RELEASE.jar
file:/E:/tool/maven/repository/commons-codec/commons-codec/1.14/commons-codec-1.14.jar
file:/E:/tool/maven/repository/io/netty/netty-buffer/4.1.65.Final/netty-buffer-4.1.65.Final.jar
file:/E:/tool/maven/repository/io/swagger/swagger-models/1.5.20/swagger-models-1.5.20.jar
file:/E:/tool/maven/repository/ch/qos/logback/logback-core/1.2.3/logback-core-1.2.3.jar
file:/E:/tool/maven/repository/com/fasterxml/jackson/datatype/jackson-datatype-jsr310/2.11.4/jackson-datatype-jsr310-2.11.4.jar
file:/E:/tool/maven/repository/org/junit/jupiter/junit-jupiter-api/5.6.3/junit-jupiter-api-5.6.3.jar
file:/E:/tool/maven/repository/io/netty/netty-handler/4.1.65.Final/netty-handler-4.1.65.Final.jar
file:/E:/tool/maven/repository/io/github/openfeign/feign-slf4j/10.12/feign-slf4j-10.12.jar
file:/E:/tool/maven/repository/com/fasterxml/jackson/core/jackson-core/2.11.4/jackson-core-2.11.4.jar
file:/E:/tool/maven/repository/org/reactivestreams/reactive-streams/1.0.3/reactive-streams-1.0.3.jar
file:/E:/tool/maven/repository/org/springframework/boot/spring-boot-starter-web/2.3.12.RELEASE/spring-boot-starter-web-2.3.12.RELEASE.jar
file:/E:/tool/maven/repository/org/apache/httpcomponents/httpmime/4.5.5/httpmime-4.5.5.jar
file:/E:/tool/maven/repository/org/mybatis/mybatis-spring/2.0.5/mybatis-spring-2.0.5.jar
file:/E:/juam-workspace/code/git/edu/server/nov-starter/nov-common/target/classes/
file:/E:/tool/maven/repository/com/baomidou/mybatis-plus-generator/3.4.1/mybatis-plus-generator-3.4.1.jar
file:/C:/Program%20Files/JetBrains/IntelliJ%20IDEA%202019.1/lib/idea_rt.jar
file:/E:/tool/maven/repository/org/apache/commons/commons-collections4/4.1/commons-collections4-4.1.jar
file:/E:/tool/maven/repository/net/minidev/accessors-smart/2.3.1/accessors-smart-2.3.1.jar
file:/E:/tool/maven/repository/org/springframework/spring-context/5.2.15.RELEASE/spring-context-5.2.15.RELEASE.jar
file:/E:/tool/maven/repository/com/baomidou/mybatis-plus-annotation/3.4.1/mybatis-plus-annotation-3.4.1.jar
file:/E:/tool/maven/repository/org/javassist/javassist/3.21.0-GA/javassist-3.21.0-GA.jar
file:/E:/tool/maven/repository/commons-configuration/commons-configuration/1.8/commons-configuration-1.8.jar
file:/E:/tool/maven/repository/io/swagger/swagger-annotations/1.6.2/swagger-annotations-1.6.2.jar
file:/E:/tool/maven/repository/org/springframework/cloud/spring-cloud-starter-openfeign/2.2.9.RELEASE/spring-cloud-starter-openfeign-2.2.9.RELEASE.jar
file:/E:/tool/maven/repository/com/netflix/netflix-commons/netflix-commons-util/0.1.1/netflix-commons-util-0.1.1.jar
file:/E:/tool/maven/repository/org/junit/platform/junit-platform-commons/1.6.3/junit-platform-commons-1.6.3.jar
file:/E:/tool/maven/repository/org/springframework/cloud/spring-cloud-starter-bootstrap/3.1.0/spring-cloud-starter-bootstrap-3.1.0.jar
file:/E:/tool/jdk1.8.0/jre/lib/ext/jfxrt.jar
file:/E:/tool/maven/repository/org/springframework/spring-context-support/5.2.15.RELEASE/spring-context-support-5.2.15.RELEASE.jar
file:/E:/tool/maven/repository/org/springframework/cloud/spring-cloud-commons/2.2.9.RELEASE/spring-cloud-commons-2.2.9.RELEASE.jar
file:/E:/tool/maven/repository/io/reactivex/rxnetty/0.4.9/rxnetty-0.4.9.jar
file:/E:/tool/maven/repository/com/baomidou/mybatis-plus/3.4.1/mybatis-plus-3.4.1.jar
file:/E:/tool/maven/repository/com/aliyun/oss/aliyun-sdk-oss/3.10.2/aliyun-sdk-oss-3.10.2.jar
file:/C:/Users/dzyx/.IntelliJIdea2019.1/system/captureAgent/debugger-agent.jar
file:/E:/tool/maven/repository/org/apache/httpcomponents/httpasyncclient/4.1.4/httpasyncclient-4.1.4.jar
file:/E:/tool/maven/repository/com/sun/jersey/contribs/jersey-apache-client4/1.19.1/jersey-apache-client4-1.19.1.jar
file:/E:/tool/maven/repository/com/netflix/ribbon/ribbon-loadbalancer/2.3.0/ribbon-loadbalancer-2.3.0.jar
file:/E:/tool/maven/repository/org/springframework/boot/spring-boot-starter-logging/2.3.12.RELEASE/spring-boot-starter-logging-2.3.12.RELEASE.jar
file:/E:/tool/maven/repository/org/springframework/boot/spring-boot-starter-validation/2.3.12.RELEASE/spring-boot-starter-validation-2.3.12.RELEASE.jar
file:/E:/tool/maven/repository/com/alibaba/nacos/nacos-client/2.0.3/nacos-client-2.0.3.jar
file:/E:/tool/maven/repository/org/xmlunit/xmlunit-core/2.7.0/xmlunit-core-2.7.0.jar
file:/E:/tool/maven/repository/io/projectreactor/reactor-core/3.3.17.RELEASE/reactor-core-3.3.17.RELEASE.jar
file:/E:/tool/maven/repository/org/springframework/spring-beans/5.2.15.RELEASE/spring-beans-5.2.15.RELEASE.jar
file:/E:/tool/jdk1.8.0/jre/lib/rt.jar
file:/E:/tool/jdk1.8.0/jre/lib/ext/sunjce_provider.jar
file:/E:/tool/maven/repository/org/springframework/spring-jdbc/5.2.15.RELEASE/spring-jdbc-5.2.15.RELEASE.jar
file:/E:/tool/jdk1.8.0/jre/lib/deploy.jar
file:/E:/tool/maven/repository/com/netflix/hystrix/hystrix-core/1.5.18/hystrix-core-1.5.18.jar
file:/E:/tool/maven/repository/io/netty/netty-transport/4.1.65.Final/netty-transport-4.1.65.Final.jar
file:/E:/tool/maven/repository/com/vaadin/external/google/android-json/0.0.20131108.vaadin1/android-json-0.0.20131108.vaadin1.jar
file:/E:/tool/maven/repository/org/springframework/cloud/spring-cloud-starter/2.2.9.RELEASE/spring-cloud-starter-2.2.9.RELEASE.jar
file:/C:/Program%20Files/JetBrains/IntelliJ%20IDEA%202019.1/plugins/junit/lib/junit-rt.jar
file:/E:/tool/maven/repository/cn/afterturn/easypoi-annotation/3.2.0/easypoi-annotation-3.2.0.jar
file:/E:/tool/maven/repository/org/springframework/cloud/spring-cloud-starter-netflix-archaius/2.2.9.RELEASE/spring-cloud-starter-netflix-archaius-2.2.9.RELEASE.jar
file:/E:/tool/maven/repository/org/springframework/boot/spring-boot-starter-jdbc/2.3.12.RELEASE/spring-boot-starter-jdbc-2.3.12.RELEASE.jar
file:/E:/tool/maven/repository/io/springfox/springfox-spi/2.9.2/springfox-spi-2.9.2.jar
file:/E:/tool/maven/repository/com/netflix/servo/servo-core/0.10.1/servo-core-0.10.1.jar
file:/C:/Program%20Files/JetBrains/IntelliJ%20IDEA%202019.1/plugins/junit/lib/junit5-rt.jar
file:/E:/tool/maven/repository/com/netflix/ribbon/ribbon-httpclient/2.3.0/ribbon-httpclient-2.3.0.jar
file:/E:/tool/maven/repository/org/springframework/boot/spring-boot/2.3.12.RELEASE/spring-boot-2.3.12.RELEASE.jar
file:/E:/tool/maven/repository/com/netflix/ribbon/ribbon-core/2.3.0/ribbon-core-2.3.0.jar
file:/E:/tool/jdk1.8.0/jre/lib/ext/sunmscapi.jar
file:/E:/tool/maven/repository/org/junit/vintage/junit-vintage-engine/5.6.3/junit-vintage-engine-5.6.3.jar
file:/E:/tool/jdk1.8.0/jre/lib/resources.jar
file:/C:/Users/dzyx/.m2/repository/org/apiguardian/apiguardian-api/1.1.0/apiguardian-api-1.1.0.jar
file:/E:/tool/maven/repository/org/springframework/boot/spring-boot-starter-aop/2.3.12.RELEASE/spring-boot-starter-aop-2.3.12.RELEASE.jar
file:/E:/tool/maven/repository/org/springframework/boot/spring-boot-starter-data-redis/2.3.0.RELEASE/spring-boot-starter-data-redis-2.3.0.RELEASE.jar
file:/E:/tool/maven/repository/org/slf4j/slf4j-api/1.7.30/slf4j-api-1.7.30.jar
file:/E:/tool/maven/repository/com/fasterxml/jackson/module/jackson-module-parameter-names/2.11.4/jackson-module-parameter-names-2.11.4.jar
file:/E:/tool/maven/repository/cn/afterturn/easypoi-base/3.2.0/easypoi-base-3.2.0.jar
file:/E:/tool/maven/repository/org/springframework/boot/spring-boot-test-autoconfigure/2.3.12.RELEASE/spring-boot-test-autoconfigure-2.3.12.RELEASE.jar
file:/E:/tool/maven/repository/com/fasterxml/jackson/core/jackson-databind/2.11.4/jackson-databind-2.11.4.jar
file:/E:/tool/maven/repository/org/springframework/boot/spring-boot-test/2.3.12.RELEASE/spring-boot-test-2.3.12.RELEASE.jar
file:/E:/tool/maven/repository/io/springfox/springfox-swagger-common/2.9.2/springfox-swagger-common-2.9.2.jar
file:/E:/tool/maven/repository/com/baomidou/mybatis-plus-boot-starter/3.4.1/mybatis-plus-boot-starter-3.4.1.jar
file:/E:/tool/maven/repository/javax/ws/rs/jsr311-api/1.1.1/jsr311-api-1.1.1.jar
file:/E:/tool/maven/repository/io/lettuce/lettuce-core/5.3.7.RELEASE/lettuce-core-5.3.7.RELEASE.jar
file:/E:/tool/maven/repository/org/yaml/snakeyaml/1.26/snakeyaml-1.26.jar
file:/E:/tool/maven/repository/org/springframework/cloud/spring-cloud-netflix-ribbon/2.2.9.RELEASE/spring-cloud-netflix-ribbon-2.2.9.RELEASE.jar
file:/E:/tool/maven/repository/org/apache/tomcat/embed/tomcat-embed-core/9.0.46/tomcat-embed-core-9.0.46.jar
file:/E:/tool/maven/repository/com/aliyun/aliyun-java-sdk-ecs/4.2.0/aliyun-java-sdk-ecs-4.2.0.jar
file:/E:/tool/maven/repository/org/apache/xmlbeans/xmlbeans/2.6.0/xmlbeans-2.6.0.jar
file:/E:/tool/maven/repository/com/alibaba/cloud/spring-cloud-starter-alibaba-nacos-config/2.2.7.RELEASE/spring-cloud-starter-alibaba-nacos-config-2.2.7.RELEASE.jar
file:/E:/tool/maven/repository/org/springframework/boot/spring-boot-autoconfigure/2.3.12.RELEASE/spring-boot-autoconfigure-2.3.12.RELEASE.jar
file:/E:/tool/maven/repository/org/apache/tomcat/embed/tomcat-embed-websocket/9.0.46/tomcat-embed-websocket-9.0.46.jar
file:/E:/tool/maven/repository/com/github/jsqlparser/jsqlparser/3.2/jsqlparser-3.2.jar
file:/E:/tool/maven/repository/org/bouncycastle/bcprov-jdk15on/1.64/bcprov-jdk15on-1.64.jar
file:/E:/tool/maven/repository/org/codehaus/jettison/jettison/1.1/jettison-1.1.jar
file:/E:/tool/maven/repository/org/springframework/boot/spring-boot-starter-cache/2.3.12.RELEASE/spring-boot-starter-cache-2.3.12.RELEASE.jar
file:/E:/tool/maven/repository/org/junit/jupiter/junit-jupiter-engine/5.6.3/junit-jupiter-engine-5.6.3.jar
file:/E:/tool/maven/repository/commons-lang/commons-lang/2.6/commons-lang-2.6.jar
file:/E:/tool/maven/repository/org/springframework/boot/spring-boot-starter/2.3.12.RELEASE/spring-boot-starter-2.3.12.RELEASE.jar
file:/E:/tool/maven/repository/com/netflix/ribbon/ribbon-transport/2.3.0/ribbon-transport-2.3.0.jar
file:/E:/tool/maven/repository/org/springframework/boot/spring-boot-starter-test/2.3.12.RELEASE/spring-boot-starter-test-2.3.12.RELEASE.jar
file:/E:/tool/jdk1.8.0/jre/lib/ext/access-bridge-64.jar
file:/E:/tool/maven/repository/io/github/openfeign/feign-hystrix/10.12/feign-hystrix-10.12.jar
file:/E:/tool/jdk1.8.0/jre/lib/management-agent.jar
file:/E:/tool/maven/repository/org/apache/poi/poi-ooxml-schemas/3.15/poi-ooxml-schemas-3.15.jar
file:/E:/tool/jdk1.8.0/jre/lib/ext/localedata.jar
file:/E:/tool/maven/repository/com/google/code/findbugs/jsr305/3.0.1/jsr305-3.0.1.jar
file:/E:/tool/jdk1.8.0/jre/lib/javaws.jar
file:/E:/tool/maven/repository/io/springfox/springfox-core/2.9.2/springfox-core-2.9.2.jar
file:/E:/tool/maven/repository/org/springframework/spring-jcl/5.2.15.RELEASE/spring-jcl-5.2.15.RELEASE.jar
file:/E:/tool/maven/repository/org/apache/httpcomponents/httpcore/4.4.14/httpcore-4.4.14.jar
file:/E:/tool/maven/repository/io/github/openfeign/form/feign-form/3.8.0/feign-form-3.8.0.jar
file:/E:/tool/maven/repository/commons-fileupload/commons-fileupload/1.4/commons-fileupload-1.4.jar
file:/E:/tool/maven/repository/com/zaxxer/HikariCP/3.4.5/HikariCP-3.4.5.jar
file:/E:/tool/maven/repository/io/netty/netty-common/4.1.65.Final/netty-common-4.1.65.Final.jar
file:/E:/tool/maven/repository/com/sun/jersey/jersey-core/1.19.1/jersey-core-1.19.1.jar
file:/E:/tool/maven/repository/org/jboss/logging/jboss-logging/3.4.2.Final/jboss-logging-3.4.2.Final.jar
file:/E:/tool/maven/repository/org/springframework/cloud/spring-cloud-netflix-archaius/2.2.9.RELEASE/spring-cloud-netflix-archaius-2.2.9.RELEASE.jar
file:/E:/tool/jdk1.8.0/jre/lib/jfxswt.jar
file:/E:/tool/maven/repository/cn/afterturn/easypoi-web/3.2.0/easypoi-web-3.2.0.jar
file:/E:/tool/maven/repository/junit/junit/4.13.2/junit-4.13.2.jar
file:/E:/tool/maven/repository/io/reactivex/rxjava/1.3.8/rxjava-1.3.8.jar
file:/E:/tool/maven/repository/org/springframework/data/spring-data-redis/2.3.9.RELEASE/spring-data-redis-2.3.9.RELEASE.jar
file:/E:/tool/jdk1.8.0/jre/lib/jce.jar
file:/E:/tool/maven/repository/org/springframework/security/spring-security-crypto/5.3.9.RELEASE/spring-security-crypto-5.3.9.RELEASE.jar
file:/E:/tool/jdk1.8.0/jre/lib/plugin.jar
file:/E:/juam-workspace/code/git/edu/server/nov-starter/nov-service/service_statistics/target/test-classes/
file:/E:/tool/maven/repository/org/springframework/data/spring-data-keyvalue/2.3.9.RELEASE/spring-data-keyvalue-2.3.9.RELEASE.jar
file:/E:/tool/maven/repository/com/alibaba/cloud/spring-cloud-starter-alibaba-nacos-discovery/2.2.7.RELEASE/spring-cloud-starter-alibaba-nacos-discovery-2.2.7.RELEASE.jar
file:/E:/tool/maven/repository/com/google/protobuf/protobuf-java/3.11.4/protobuf-java-3.11.4.jar
file:/E:/tool/maven/repository/org/apache/httpcomponents/httpclient/4.5.13/httpclient-4.5.13.jar
file:/C:/Users/dzyx/.m2/repository/org/junit/platform/junit-platform-launcher/1.6.3/junit-platform-launcher-1.6.3.jar
file:/E:/tool/maven/repository/org/apache/velocity/velocity-engine-core/2.3/velocity-engine-core-2.3.jar
file:/E:/tool/maven/repository/io/springfox/springfox-swagger-ui/2.9.2/springfox-swagger-ui-2.9.2.jar
file:/E:/tool/maven/repository/net/bytebuddy/byte-buddy/1.10.22/byte-buddy-1.10.22.jar
file:/C:/Users/dzyx/.m2/repository/org/junit/platform/junit-platform-engine/1.6.3/junit-platform-engine-1.6.3.jar
file:/E:/tool/maven/repository/org/apache/poi/poi-ooxml/3.15/poi-ooxml-3.15.jar
file:/E:/tool/maven/repository/net/minidev/json-smart/2.3.1/json-smart-2.3.1.jar
file:/E:/tool/maven/repository/org/springframework/spring-web/5.2.15.RELEASE/spring-web-5.2.15.RELEASE.jar
file:/E:/tool/maven/repository/org/junit/platform/junit-platform-engine/1.6.3/junit-platform-engine-1.6.3.jar
file:/E:/tool/maven/repository/org/junit/jupiter/junit-jupiter/5.6.3/junit-jupiter-5.6.3.jar
file:/E:/tool/maven/repository/org/mapstruct/mapstruct/1.2.0.Final/mapstruct-1.2.0.Final.jar
file:/E:/tool/maven/repository/javax/validation/validation-api/2.0.1.Final/validation-api-2.0.1.Final.jar
file:/E:/tool/maven/repository/org/ow2/asm/asm/5.0.4/asm-5.0.4.jar
file:/E:/tool/maven/repository/org/mockito/mockito-core/3.3.3/mockito-core-3.3.3.jar
file:/E:/tool/maven/repository/com/aliyun/aliyun-java-sdk-kms/2.7.0/aliyun-java-sdk-kms-2.7.0.jar
file:/E:/tool/maven/repository/org/opentest4j/opentest4j/1.2.0/opentest4j-1.2.0.jar
file:/E:/tool/maven/repository/org/mockito/mockito-junit-jupiter/3.3.3/mockito-junit-jupiter-3.3.3.jar
file:/E:/tool/maven/repository/io/springfox/springfox-spring-web/2.9.2/springfox-spring-web-2.9.2.jar
file:/E:/tool/maven/repository/com/netflix/ribbon/ribbon/2.3.0/ribbon-2.3.0.jar
file:/E:/tool/maven/repository/jakarta/validation/jakarta.validation-api/2.0.2/jakarta.validation-api-2.0.2.jar
file:/C:/Users/dzyx/.m2/repository/org/opentest4j/opentest4j/1.2.0/opentest4j-1.2.0.jar
file:/E:/tool/maven/repository/com/fasterxml/classmate/1.5.1/classmate-1.5.1.jar
file:/E:/tool/jdk1.8.0/jre/lib/ext/zipfs.jar
file:/E:/tool/maven/repository/io/springfox/springfox-swagger2/2.9.2/springfox-swagger2-2.9.2.jar
file:/E:/tool/maven/repository/jakarta/annotation/jakarta.annotation-api/1.3.5/jakarta.annotation-api-1.3.5.jar
file:/E:/tool/maven/repository/com/jayway/jsonpath/json-path/2.4.0/json-path-2.4.0.jar
file:/E:/tool/maven/repository/org/springframework/spring-oxm/5.2.15.RELEASE/spring-oxm-5.2.15.RELEASE.jar
file:/E:/tool/maven/repository/stax/stax-api/1.0.1/stax-api-1.0.1.jar
file:/E:/tool/maven/repository/commons-collections/commons-collections/3.2.2/commons-collections-3.2.2.jar
file:/E:/tool/maven/repository/com/netflix/netflix-commons/netflix-statistics/0.1.1/netflix-statistics-0.1.1.jar
file:/E:/tool/maven/repository/com/fasterxml/jackson/core/jackson-annotations/2.11.4/jackson-annotations-2.11.4.jar
file:/E:/tool/maven/repository/org/apache/logging/log4j/log4j-api/2.13.3/log4j-api-2.13.3.jar
file:/E:/tool/maven/repository/mysql/mysql-connector-java/8.0.27/mysql-connector-java-8.0.27.jar
file:/E:/tool/maven/repository/org/slf4j/jul-to-slf4j/1.7.30/jul-to-slf4j-1.7.30.jar
file:/E:/tool/maven/repository/org/projectlombok/lombok/1.18.22/lombok-1.18.22.jar
file:/E:/tool/maven/repository/com/aliyun/aliyun-java-sdk-ram/3.0.0/aliyun-java-sdk-ram-3.0.0.jar
file:/E:/tool/maven/repository/net/bytebuddy/byte-buddy-agent/1.10.22/byte-buddy-agent-1.10.22.jar
file:/E:/tool/maven/repository/org/springframework/spring-expression/5.2.15.RELEASE/spring-expression-5.2.15.RELEASE.jar
file:/E:/tool/maven/repository/org/assertj/assertj-core/3.16.1/assertj-core-3.16.1.jar
file:/E:/tool/maven/repository/com/google/code/gson/gson/2.8.7/gson-2.8.7.jar
file:/E:/tool/maven/repository/io/github/openfeign/feign-core/10.12/feign-core-10.12.jar
file:/E:/tool/maven/repository/com/fasterxml/jackson/datatype/jackson-datatype-jdk8/2.11.4/jackson-datatype-jdk8-2.11.4.jar
file:/E:/tool/maven/repository/org/aspectj/aspectjweaver/1.9.6/aspectjweaver-1.9.6.jar
file:/E:/tool/maven/repository/io/prometheus/simpleclient/0.5.0/simpleclient-0.5.0.jar
file:/E:/tool/maven/repository/com/sun/jersey/jersey-client/1.19.1/jersey-client-1.19.1.jar
file:/E:/tool/maven/repository/org/springframework/spring-tx/5.2.15.RELEASE/spring-tx-5.2.15.RELEASE.jar
file:/E:/tool/maven/repository/io/github/openfeign/form/feign-form-spring/3.8.0/feign-form-spring-3.8.0.jar
file:/E:/tool/jdk1.8.0/jre/lib/jfr.jar
file:/E:/tool/maven/repository/io/netty/netty-resolver/4.1.65.Final/netty-resolver-4.1.65.Final.jar
file:/E:/tool/jdk1.8.0/jre/lib/ext/jaccess.jar
file:/E:/tool/maven/repository/com/baomidou/mybatis-plus-extension/3.4.1/mybatis-plus-extension-3.4.1.jar
file:/E:/tool/maven/repository/org/bouncycastle/bcpkix-jdk15on/1.64/bcpkix-jdk15on-1.64.jar
file:/E:/tool/maven/repository/org/springframework/spring-webmvc/5.2.15.RELEASE/spring-webmvc-5.2.15.RELEASE.jar
file:/E:/tool/maven/repository/org/mybatis/mybatis/3.5.6/mybatis-3.5.6.jar
file:/E:/tool/maven/repository/org/objenesis/objenesis/2.6/objenesis-2.6.jar
file:/E:/tool/maven/repository/org/hamcrest/hamcrest/2.2/hamcrest-2.2.jar
file:/E:/tool/jdk1.8.0/jre/lib/ext/nashorn.jar
file:/E:/tool/maven/repository/io/springfox/springfox-schema/2.9.2/springfox-schema-2.9.2.jar
file:/E:/tool/maven/repository/com/aliyun/aliyun-java-sdk-core/3.4.0/aliyun-java-sdk-core-3.4.0.jar
file:/E:/tool/maven/repository/org/skyscreamer/jsonassert/1.5.0/jsonassert-1.5.0.jar
file:/E:/tool/maven/repository/org/glassfish/jakarta.el/3.0.3/jakarta.el-3.0.3.jar
file:/E:/tool/jdk1.8.0/jre/lib/ext/cldrdata.jar
file:/E:/tool/maven/repository/commons-io/commons-io/2.11.0/commons-io-2.11.0.jar
file:/E:/tool/maven/repository/io/netty/netty-codec/4.1.65.Final/netty-codec-4.1.65.Final.jar
file:/E:/tool/maven/repository/jakarta/xml/bind/jakarta.xml.bind-api/2.3.3/jakarta.xml.bind-api-2.3.3.jar
file:/E:/tool/jdk1.8.0/jre/lib/ext/dnsns.jar
file:/E:/tool/maven/repository/org/hibernate/validator/hibernate-validator/6.1.7.Final/hibernate-validator-6.1.7.Final.jar
file:/E:/tool/maven/repository/org/springframework/boot/spring-boot-starter-tomcat/2.3.12.RELEASE/spring-boot-starter-tomcat-2.3.12.RELEASE.jar
file:/E:/tool/maven/repository/org/apache/commons/commons-lang3/3.10/commons-lang3-3.10.jar
file:/E:/tool/maven/repository/org/springframework/boot/spring-boot-starter-json/2.3.12.RELEASE/spring-boot-starter-json-2.3.12.RELEASE.jar
file:/E:/tool/maven/repository/com/netflix/servo/servo-internal/0.10.1/servo-internal-0.10.1.jar
file:/E:/tool/jdk1.8.0/jre/lib/ext/sunpkcs11.jar
file:/E:/tool/maven/repository/ch/qos/logback/logback-classic/1.2.3/logback-classic-1.2.3.jar
file:/E:/tool/maven/repository/jakarta/activation/jakarta.activation-api/1.2.2/jakarta.activation-api-1.2.2.jar
file:/E:/tool/maven/repository/com/alibaba/cloud/spring-cloud-alibaba-commons/2.2.7.RELEASE/spring-cloud-alibaba-commons-2.2.7.RELEASE.jar
file:/E:/tool/maven/repository/org/springframework/data/spring-data-commons/2.3.9.RELEASE/spring-data-commons-2.3.9.RELEASE.jar
file:/E:/tool/maven/repository/org/springframework/plugin/spring-plugin-core/1.2.0.RELEASE/spring-plugin-core-1.2.0.RELEASE.jar
file:/E:/tool/maven/repository/io/reactivex/rxnetty-servo/0.4.9/rxnetty-servo-0.4.9.jar
file:/E:/tool/maven/repository/org/apache/logging/log4j/log4j-to-slf4j/2.13.3/log4j-to-slf4j-2.13.3.jar
file:/E:/tool/maven/repository/com/alibaba/spring/spring-context-support/1.0.10/spring-context-support-1.0.10.jar
file:/E:/tool/maven/repository/org/junit/jupiter/junit-jupiter-params/5.6.3/junit-jupiter-params-5.6.3.jar
file:/E:/tool/maven/repository/com/netflix/archaius/archaius-core/0.7.6/archaius-core-0.7.6.jar
file:/E:/tool/maven/repository/com/github/virtuald/curvesapi/1.04/curvesapi-1.04.jar
file:/E:/tool/maven/repository/org/springframework/cloud/spring-cloud-context/2.2.9.RELEASE/spring-cloud-context-2.2.9.RELEASE.jar
file:/E:/tool/maven/repository/com/auth0/java-jwt/3.8.3/java-jwt-3.8.3.jar
file:/E:/tool/maven/repository/org/springframework/spring-core/5.2.15.RELEASE/spring-core-5.2.15.RELEASE.jar
file:/E:/tool/maven/repository/org/springframework/security/spring-security-rsa/1.0.9.RELEASE/spring-security-rsa-1.0.9.RELEASE.jar
file:/E:/tool/maven/repository/org/hdrhistogram/HdrHistogram/2.1.9/HdrHistogram-2.1.9.jar
file:/E:/tool/maven/repository/com/baomidou/mybatis-plus-core/3.4.1/mybatis-plus-core-3.4.1.jar
file:/E:/juam-workspace/code/git/edu/server/nov-starter/nov-service/service_statistics/target/classes/
file:/E:/tool/maven/repository/org/springframework/spring-aop/5.2.15.RELEASE/spring-aop-5.2.15.RELEASE.jar
file:/E:/tool/maven/repository/com/aliyun/aliyun-java-sdk-sts/3.0.0/aliyun-java-sdk-sts-3.0.0.jar
file:/E:/tool/jdk1.8.0/jre/lib/jsse.jar
file:/E:/tool/jdk1.8.0/jre/lib/charsets.jar
file:/E:/tool/maven/repository/org/springframework/cloud/spring-cloud-starter-netflix-ribbon/2.2.9.RELEASE/spring-cloud-starter-netflix-ribbon-2.2.9.RELEASE.jar
file:/E:/tool/maven/repository/javax/inject/javax.inject/1/javax.inject-1.jar
file:/E:/tool/maven/repository/org/apiguardian/apiguardian-api/1.1.0/apiguardian-api-1.1.0.jar
file:/E:/tool/maven/repository/org/reflections/reflections/0.9.11/reflections-0.9.11.jar
file:/E:/tool/maven/repository/org/springframework/spring-test/5.2.15.RELEASE/spring-test-5.2.15.RELEASE.jar
file:/E:/tool/jdk1.8.0/jre/lib/ext/sunec.jar
file:/E:/tool/maven/repository/com/google/guava/guava/20.0/guava-20.0.jar
file:/E:/tool/maven/repository/org/springframework/cloud/spring-cloud-openfeign-core/2.2.9.RELEASE/spring-cloud-openfeign-core-2.2.9.RELEASE.jar
file:/E:/tool/maven/repository/org/apache/httpcomponents/httpcore-nio/4.4.14/httpcore-nio-4.4.14.jar
file:/E:/tool/maven/repository/io/reactivex/rxnetty-contexts/0.4.9/rxnetty-contexts-0.4.9.jar
2022-02-09 13:22:27.474 [main] DEBUG org.reflections.Reflections-going to scan these urls:
jar:file:/E:/tool/maven/repository/com/alibaba/nacos/nacos-client/2.0.3/nacos-client-2.0.3.jar!/
2022-02-09 13:22:27.544 [main] DEBUG org.reflections.Reflections-going to scan these urls:
jar:file:/E:/tool/maven/repository/com/alibaba/nacos/nacos-client/2.0.3/nacos-client-2.0.3.jar!/
2022-02-09 13:22:27.570 [main] DEBUG org.reflections.Reflections-going to scan these urls:
jar:file:/E:/tool/maven/repository/com/alibaba/nacos/nacos-client/2.0.3/nacos-client-2.0.3.jar!/
2022-02-09 13:22:27.586 [main] DEBUG org.reflections.Reflections-expanded subtype java.lang.Comparable -> java.lang.Enum
2022-02-09 13:22:27.587 [main] DEBUG org.reflections.Reflections-expanded subtype java.io.Serializable -> java.lang.Enum
2022-02-09 13:22:27.608 [main] DEBUG org.reflections.Reflections-going to scan these urls:
file:/C:/Users/dzyx/.m2/repository/org/junit/platform/junit-platform-commons/1.6.3/junit-platform-commons-1.6.3.jar
file:/E:/tool/maven/repository/org/apache/poi/poi/3.15/poi-3.15.jar
file:/E:/tool/maven/repository/org/jdom/jdom2/2.0.6/jdom2-2.0.6.jar
file:/E:/tool/maven/repository/org/springframework/plugin/spring-plugin-metadata/1.2.0.RELEASE/spring-plugin-metadata-1.2.0.RELEASE.jar
file:/E:/tool/maven/repository/commons-codec/commons-codec/1.14/commons-codec-1.14.jar
file:/E:/tool/maven/repository/io/netty/netty-buffer/4.1.65.Final/netty-buffer-4.1.65.Final.jar
file:/E:/tool/maven/repository/io/swagger/swagger-models/1.5.20/swagger-models-1.5.20.jar
file:/E:/tool/maven/repository/ch/qos/logback/logback-core/1.2.3/logback-core-1.2.3.jar
file:/E:/tool/maven/repository/com/fasterxml/jackson/datatype/jackson-datatype-jsr310/2.11.4/jackson-datatype-jsr310-2.11.4.jar
file:/E:/tool/maven/repository/org/junit/jupiter/junit-jupiter-api/5.6.3/junit-jupiter-api-5.6.3.jar
file:/E:/tool/maven/repository/io/netty/netty-handler/4.1.65.Final/netty-handler-4.1.65.Final.jar
file:/E:/tool/maven/repository/io/github/openfeign/feign-slf4j/10.12/feign-slf4j-10.12.jar
file:/E:/tool/maven/repository/com/fasterxml/jackson/core/jackson-core/2.11.4/jackson-core-2.11.4.jar
file:/E:/tool/maven/repository/org/reactivestreams/reactive-streams/1.0.3/reactive-streams-1.0.3.jar
file:/E:/tool/maven/repository/org/springframework/boot/spring-boot-starter-web/2.3.12.RELEASE/spring-boot-starter-web-2.3.12.RELEASE.jar
file:/E:/tool/maven/repository/org/apache/httpcomponents/httpmime/4.5.5/httpmime-4.5.5.jar
file:/E:/tool/maven/repository/org/mybatis/mybatis-spring/2.0.5/mybatis-spring-2.0.5.jar
file:/E:/juam-workspace/code/git/edu/server/nov-starter/nov-common/target/classes/
file:/E:/tool/maven/repository/com/baomidou/mybatis-plus-generator/3.4.1/mybatis-plus-generator-3.4.1.jar
file:/C:/Program%20Files/JetBrains/IntelliJ%20IDEA%202019.1/lib/idea_rt.jar
file:/E:/tool/maven/repository/org/apache/commons/commons-collections4/4.1/commons-collections4-4.1.jar
file:/E:/tool/maven/repository/net/minidev/accessors-smart/2.3.1/accessors-smart-2.3.1.jar
file:/E:/tool/maven/repository/org/springframework/spring-context/5.2.15.RELEASE/spring-context-5.2.15.RELEASE.jar
file:/E:/tool/maven/repository/com/baomidou/mybatis-plus-annotation/3.4.1/mybatis-plus-annotation-3.4.1.jar
file:/E:/tool/maven/repository/org/javassist/javassist/3.21.0-GA/javassist-3.21.0-GA.jar
file:/E:/tool/maven/repository/commons-configuration/commons-configuration/1.8/commons-configuration-1.8.jar
file:/E:/tool/maven/repository/io/swagger/swagger-annotations/1.6.2/swagger-annotations-1.6.2.jar
file:/E:/tool/maven/repository/org/springframework/cloud/spring-cloud-starter-openfeign/2.2.9.RELEASE/spring-cloud-starter-openfeign-2.2.9.RELEASE.jar
file:/E:/tool/maven/repository/com/netflix/netflix-commons/netflix-commons-util/0.1.1/netflix-commons-util-0.1.1.jar
file:/E:/tool/maven/repository/org/junit/platform/junit-platform-commons/1.6.3/junit-platform-commons-1.6.3.jar
file:/E:/tool/maven/repository/org/springframework/cloud/spring-cloud-starter-bootstrap/3.1.0/spring-cloud-starter-bootstrap-3.1.0.jar
file:/E:/tool/jdk1.8.0/jre/lib/ext/jfxrt.jar
file:/E:/tool/maven/repository/org/springframework/spring-context-support/5.2.15.RELEASE/spring-context-support-5.2.15.RELEASE.jar
file:/E:/tool/maven/repository/org/springframework/cloud/spring-cloud-commons/2.2.9.RELEASE/spring-cloud-commons-2.2.9.RELEASE.jar
file:/E:/tool/maven/repository/io/reactivex/rxnetty/0.4.9/rxnetty-0.4.9.jar
file:/E:/tool/maven/repository/com/baomidou/mybatis-plus/3.4.1/mybatis-plus-3.4.1.jar
file:/E:/tool/maven/repository/com/aliyun/oss/aliyun-sdk-oss/3.10.2/aliyun-sdk-oss-3.10.2.jar
file:/C:/Users/dzyx/.IntelliJIdea2019.1/system/captureAgent/debugger-agent.jar
file:/E:/tool/maven/repository/org/apache/httpcomponents/httpasyncclient/4.1.4/httpasyncclient-4.1.4.jar
file:/E:/tool/maven/repository/com/sun/jersey/contribs/jersey-apache-client4/1.19.1/jersey-apache-client4-1.19.1.jar
file:/E:/tool/maven/repository/com/netflix/ribbon/ribbon-loadbalancer/2.3.0/ribbon-loadbalancer-2.3.0.jar
file:/E:/tool/maven/repository/org/springframework/boot/spring-boot-starter-logging/2.3.12.RELEASE/spring-boot-starter-logging-2.3.12.RELEASE.jar
file:/E:/tool/maven/repository/org/springframework/boot/spring-boot-starter-validation/2.3.12.RELEASE/spring-boot-starter-validation-2.3.12.RELEASE.jar
file:/E:/tool/maven/repository/com/alibaba/nacos/nacos-client/2.0.3/nacos-client-2.0.3.jar
file:/E:/tool/maven/repository/org/xmlunit/xmlunit-core/2.7.0/xmlunit-core-2.7.0.jar
file:/E:/tool/maven/repository/io/projectreactor/reactor-core/3.3.17.RELEASE/reactor-core-3.3.17.RELEASE.jar
file:/E:/tool/maven/repository/org/springframework/spring-beans/5.2.15.RELEASE/spring-beans-5.2.15.RELEASE.jar
file:/E:/tool/jdk1.8.0/jre/lib/rt.jar
file:/E:/tool/jdk1.8.0/jre/lib/ext/sunjce_provider.jar
file:/E:/tool/maven/repository/org/springframework/spring-jdbc/5.2.15.RELEASE/spring-jdbc-5.2.15.RELEASE.jar
file:/E:/tool/jdk1.8.0/jre/lib/deploy.jar
file:/E:/tool/maven/repository/com/netflix/hystrix/hystrix-core/1.5.18/hystrix-core-1.5.18.jar
file:/E:/tool/maven/repository/io/netty/netty-transport/4.1.65.Final/netty-transport-4.1.65.Final.jar
file:/E:/tool/maven/repository/com/vaadin/external/google/android-json/0.0.20131108.vaadin1/android-json-0.0.20131108.vaadin1.jar
file:/E:/tool/maven/repository/org/springframework/cloud/spring-cloud-starter/2.2.9.RELEASE/spring-cloud-starter-2.2.9.RELEASE.jar
file:/C:/Program%20Files/JetBrains/IntelliJ%20IDEA%202019.1/plugins/junit/lib/junit-rt.jar
file:/E:/tool/maven/repository/cn/afterturn/easypoi-annotation/3.2.0/easypoi-annotation-3.2.0.jar
file:/E:/tool/maven/repository/org/springframework/cloud/spring-cloud-starter-netflix-archaius/2.2.9.RELEASE/spring-cloud-starter-netflix-archaius-2.2.9.RELEASE.jar
file:/E:/tool/maven/repository/org/springframework/boot/spring-boot-starter-jdbc/2.3.12.RELEASE/spring-boot-starter-jdbc-2.3.12.RELEASE.jar
file:/E:/tool/maven/repository/io/springfox/springfox-spi/2.9.2/springfox-spi-2.9.2.jar
file:/E:/tool/maven/repository/com/netflix/servo/servo-core/0.10.1/servo-core-0.10.1.jar
file:/C:/Program%20Files/JetBrains/IntelliJ%20IDEA%202019.1/plugins/junit/lib/junit5-rt.jar
file:/E:/tool/maven/repository/com/netflix/ribbon/ribbon-httpclient/2.3.0/ribbon-httpclient-2.3.0.jar
file:/E:/tool/maven/repository/org/springframework/boot/spring-boot/2.3.12.RELEASE/spring-boot-2.3.12.RELEASE.jar
file:/E:/tool/maven/repository/com/netflix/ribbon/ribbon-core/2.3.0/ribbon-core-2.3.0.jar
file:/E:/tool/jdk1.8.0/jre/lib/ext/sunmscapi.jar
file:/E:/tool/maven/repository/org/junit/vintage/junit-vintage-engine/5.6.3/junit-vintage-engine-5.6.3.jar
file:/E:/tool/jdk1.8.0/jre/lib/resources.jar
file:/C:/Users/dzyx/.m2/repository/org/apiguardian/apiguardian-api/1.1.0/apiguardian-api-1.1.0.jar
file:/E:/tool/maven/repository/org/springframework/boot/spring-boot-starter-aop/2.3.12.RELEASE/spring-boot-starter-aop-2.3.12.RELEASE.jar
file:/E:/tool/maven/repository/org/springframework/boot/spring-boot-starter-data-redis/2.3.0.RELEASE/spring-boot-starter-data-redis-2.3.0.RELEASE.jar
file:/E:/tool/maven/repository/org/slf4j/slf4j-api/1.7.30/slf4j-api-1.7.30.jar
file:/E:/tool/maven/repository/com/fasterxml/jackson/module/jackson-module-parameter-names/2.11.4/jackson-module-parameter-names-2.11.4.jar
file:/E:/tool/maven/repository/cn/afterturn/easypoi-base/3.2.0/easypoi-base-3.2.0.jar
file:/E:/tool/maven/repository/org/springframework/boot/spring-boot-test-autoconfigure/2.3.12.RELEASE/spring-boot-test-autoconfigure-2.3.12.RELEASE.jar
file:/E:/tool/maven/repository/com/fasterxml/jackson/core/jackson-databind/2.11.4/jackson-databind-2.11.4.jar
file:/E:/tool/maven/repository/org/springframework/boot/spring-boot-test/2.3.12.RELEASE/spring-boot-test-2.3.12.RELEASE.jar
file:/E:/tool/maven/repository/io/springfox/springfox-swagger-common/2.9.2/springfox-swagger-common-2.9.2.jar
file:/E:/tool/maven/repository/com/baomidou/mybatis-plus-boot-starter/3.4.1/mybatis-plus-boot-starter-3.4.1.jar
file:/E:/tool/maven/repository/javax/ws/rs/jsr311-api/1.1.1/jsr311-api-1.1.1.jar
file:/E:/tool/maven/repository/io/lettuce/lettuce-core/5.3.7.RELEASE/lettuce-core-5.3.7.RELEASE.jar
file:/E:/tool/maven/repository/org/yaml/snakeyaml/1.26/snakeyaml-1.26.jar
file:/E:/tool/maven/repository/org/springframework/cloud/spring-cloud-netflix-ribbon/2.2.9.RELEASE/spring-cloud-netflix-ribbon-2.2.9.RELEASE.jar
file:/E:/tool/maven/repository/org/apache/tomcat/embed/tomcat-embed-core/9.0.46/tomcat-embed-core-9.0.46.jar
file:/E:/tool/maven/repository/com/aliyun/aliyun-java-sdk-ecs/4.2.0/aliyun-java-sdk-ecs-4.2.0.jar
file:/E:/tool/maven/repository/org/apache/xmlbeans/xmlbeans/2.6.0/xmlbeans-2.6.0.jar
file:/E:/tool/maven/repository/com/alibaba/cloud/spring-cloud-starter-alibaba-nacos-config/2.2.7.RELEASE/spring-cloud-starter-alibaba-nacos-config-2.2.7.RELEASE.jar
file:/E:/tool/maven/repository/org/springframework/boot/spring-boot-autoconfigure/2.3.12.RELEASE/spring-boot-autoconfigure-2.3.12.RELEASE.jar
file:/E:/tool/maven/repository/org/apache/tomcat/embed/tomcat-embed-websocket/9.0.46/tomcat-embed-websocket-9.0.46.jar
file:/E:/tool/maven/repository/com/github/jsqlparser/jsqlparser/3.2/jsqlparser-3.2.jar
file:/E:/tool/maven/repository/org/bouncycastle/bcprov-jdk15on/1.64/bcprov-jdk15on-1.64.jar
file:/E:/tool/maven/repository/org/codehaus/jettison/jettison/1.1/jettison-1.1.jar
file:/E:/tool/maven/repository/org/springframework/boot/spring-boot-starter-cache/2.3.12.RELEASE/spring-boot-starter-cache-2.3.12.RELEASE.jar
file:/E:/tool/maven/repository/org/junit/jupiter/junit-jupiter-engine/5.6.3/junit-jupiter-engine-5.6.3.jar
file:/E:/tool/maven/repository/commons-lang/commons-lang/2.6/commons-lang-2.6.jar
file:/E:/tool/maven/repository/org/springframework/boot/spring-boot-starter/2.3.12.RELEASE/spring-boot-starter-2.3.12.RELEASE.jar
file:/E:/tool/maven/repository/com/netflix/ribbon/ribbon-transport/2.3.0/ribbon-transport-2.3.0.jar
file:/E:/tool/maven/repository/org/springframework/boot/spring-boot-starter-test/2.3.12.RELEASE/spring-boot-starter-test-2.3.12.RELEASE.jar
file:/E:/tool/jdk1.8.0/jre/lib/ext/access-bridge-64.jar
file:/E:/tool/maven/repository/io/github/openfeign/feign-hystrix/10.12/feign-hystrix-10.12.jar
file:/E:/tool/jdk1.8.0/jre/lib/management-agent.jar
file:/E:/tool/maven/repository/org/apache/poi/poi-ooxml-schemas/3.15/poi-ooxml-schemas-3.15.jar
file:/E:/tool/jdk1.8.0/jre/lib/ext/localedata.jar
file:/E:/tool/maven/repository/com/google/code/findbugs/jsr305/3.0.1/jsr305-3.0.1.jar
file:/E:/tool/jdk1.8.0/jre/lib/javaws.jar
file:/E:/tool/maven/repository/io/springfox/springfox-core/2.9.2/springfox-core-2.9.2.jar
file:/E:/tool/maven/repository/org/springframework/spring-jcl/5.2.15.RELEASE/spring-jcl-5.2.15.RELEASE.jar
file:/E:/tool/maven/repository/org/apache/httpcomponents/httpcore/4.4.14/httpcore-4.4.14.jar
file:/E:/tool/maven/repository/io/github/openfeign/form/feign-form/3.8.0/feign-form-3.8.0.jar
file:/E:/tool/maven/repository/commons-fileupload/commons-fileupload/1.4/commons-fileupload-1.4.jar
file:/E:/tool/maven/repository/com/zaxxer/HikariCP/3.4.5/HikariCP-3.4.5.jar
file:/E:/tool/maven/repository/io/netty/netty-common/4.1.65.Final/netty-common-4.1.65.Final.jar
file:/E:/tool/maven/repository/com/sun/jersey/jersey-core/1.19.1/jersey-core-1.19.1.jar
file:/E:/tool/maven/repository/org/jboss/logging/jboss-logging/3.4.2.Final/jboss-logging-3.4.2.Final.jar
file:/E:/tool/maven/repository/org/springframework/cloud/spring-cloud-netflix-archaius/2.2.9.RELEASE/spring-cloud-netflix-archaius-2.2.9.RELEASE.jar
file:/E:/tool/jdk1.8.0/jre/lib/jfxswt.jar
file:/E:/tool/maven/repository/cn/afterturn/easypoi-web/3.2.0/easypoi-web-3.2.0.jar
file:/E:/tool/maven/repository/junit/junit/4.13.2/junit-4.13.2.jar
file:/E:/tool/maven/repository/io/reactivex/rxjava/1.3.8/rxjava-1.3.8.jar
file:/E:/tool/maven/repository/org/springframework/data/spring-data-redis/2.3.9.RELEASE/spring-data-redis-2.3.9.RELEASE.jar
file:/E:/tool/jdk1.8.0/jre/lib/jce.jar
file:/E:/tool/maven/repository/org/springframework/security/spring-security-crypto/5.3.9.RELEASE/spring-security-crypto-5.3.9.RELEASE.jar
file:/E:/tool/jdk1.8.0/jre/lib/plugin.jar
file:/E:/juam-workspace/code/git/edu/server/nov-starter/nov-service/service_statistics/target/test-classes/
file:/E:/tool/maven/repository/org/springframework/data/spring-data-keyvalue/2.3.9.RELEASE/spring-data-keyvalue-2.3.9.RELEASE.jar
file:/E:/tool/maven/repository/com/alibaba/cloud/spring-cloud-starter-alibaba-nacos-discovery/2.2.7.RELEASE/spring-cloud-starter-alibaba-nacos-discovery-2.2.7.RELEASE.jar
file:/E:/tool/maven/repository/com/google/protobuf/protobuf-java/3.11.4/protobuf-java-3.11.4.jar
file:/E:/tool/maven/repository/org/apache/httpcomponents/httpclient/4.5.13/httpclient-4.5.13.jar
file:/C:/Users/dzyx/.m2/repository/org/junit/platform/junit-platform-launcher/1.6.3/junit-platform-launcher-1.6.3.jar
file:/E:/tool/maven/repository/org/apache/velocity/velocity-engine-core/2.3/velocity-engine-core-2.3.jar
file:/E:/tool/maven/repository/io/springfox/springfox-swagger-ui/2.9.2/springfox-swagger-ui-2.9.2.jar
file:/E:/tool/maven/repository/net/bytebuddy/byte-buddy/1.10.22/byte-buddy-1.10.22.jar
file:/C:/Users/dzyx/.m2/repository/org/junit/platform/junit-platform-engine/1.6.3/junit-platform-engine-1.6.3.jar
file:/E:/tool/maven/repository/org/apache/poi/poi-ooxml/3.15/poi-ooxml-3.15.jar
file:/E:/tool/maven/repository/net/minidev/json-smart/2.3.1/json-smart-2.3.1.jar
file:/E:/tool/maven/repository/org/springframework/spring-web/5.2.15.RELEASE/spring-web-5.2.15.RELEASE.jar
file:/E:/tool/maven/repository/org/junit/platform/junit-platform-engine/1.6.3/junit-platform-engine-1.6.3.jar
file:/E:/tool/maven/repository/org/junit/jupiter/junit-jupiter/5.6.3/junit-jupiter-5.6.3.jar
file:/E:/tool/maven/repository/org/mapstruct/mapstruct/1.2.0.Final/mapstruct-1.2.0.Final.jar
file:/E:/tool/maven/repository/javax/validation/validation-api/2.0.1.Final/validation-api-2.0.1.Final.jar
file:/E:/tool/maven/repository/org/ow2/asm/asm/5.0.4/asm-5.0.4.jar
file:/E:/tool/maven/repository/org/mockito/mockito-core/3.3.3/mockito-core-3.3.3.jar
file:/E:/tool/maven/repository/com/aliyun/aliyun-java-sdk-kms/2.7.0/aliyun-java-sdk-kms-2.7.0.jar
file:/E:/tool/maven/repository/org/opentest4j/opentest4j/1.2.0/opentest4j-1.2.0.jar
file:/E:/tool/maven/repository/org/mockito/mockito-junit-jupiter/3.3.3/mockito-junit-jupiter-3.3.3.jar
file:/E:/tool/maven/repository/io/springfox/springfox-spring-web/2.9.2/springfox-spring-web-2.9.2.jar
file:/E:/tool/maven/repository/com/netflix/ribbon/ribbon/2.3.0/ribbon-2.3.0.jar
file:/E:/tool/maven/repository/jakarta/validation/jakarta.validation-api/2.0.2/jakarta.validation-api-2.0.2.jar
file:/C:/Users/dzyx/.m2/repository/org/opentest4j/opentest4j/1.2.0/opentest4j-1.2.0.jar
file:/E:/tool/maven/repository/com/fasterxml/classmate/1.5.1/classmate-1.5.1.jar
file:/E:/tool/jdk1.8.0/jre/lib/ext/zipfs.jar
file:/E:/tool/maven/repository/io/springfox/springfox-swagger2/2.9.2/springfox-swagger2-2.9.2.jar
file:/E:/tool/maven/repository/jakarta/annotation/jakarta.annotation-api/1.3.5/jakarta.annotation-api-1.3.5.jar
file:/E:/tool/maven/repository/com/jayway/jsonpath/json-path/2.4.0/json-path-2.4.0.jar
file:/E:/tool/maven/repository/org/springframework/spring-oxm/5.2.15.RELEASE/spring-oxm-5.2.15.RELEASE.jar
file:/E:/tool/maven/repository/stax/stax-api/1.0.1/stax-api-1.0.1.jar
file:/E:/tool/maven/repository/commons-collections/commons-collections/3.2.2/commons-collections-3.2.2.jar
file:/E:/tool/maven/repository/com/netflix/netflix-commons/netflix-statistics/0.1.1/netflix-statistics-0.1.1.jar
file:/E:/tool/maven/repository/com/fasterxml/jackson/core/jackson-annotations/2.11.4/jackson-annotations-2.11.4.jar
file:/E:/tool/maven/repository/org/apache/logging/log4j/log4j-api/2.13.3/log4j-api-2.13.3.jar
file:/E:/tool/maven/repository/mysql/mysql-connector-java/8.0.27/mysql-connector-java-8.0.27.jar
file:/E:/tool/maven/repository/org/slf4j/jul-to-slf4j/1.7.30/jul-to-slf4j-1.7.30.jar
file:/E:/tool/maven/repository/org/projectlombok/lombok/1.18.22/lombok-1.18.22.jar
file:/E:/tool/maven/repository/com/aliyun/aliyun-java-sdk-ram/3.0.0/aliyun-java-sdk-ram-3.0.0.jar
file:/E:/tool/maven/repository/net/bytebuddy/byte-buddy-agent/1.10.22/byte-buddy-agent-1.10.22.jar
file:/E:/tool/maven/repository/org/springframework/spring-expression/5.2.15.RELEASE/spring-expression-5.2.15.RELEASE.jar
file:/E:/tool/maven/repository/org/assertj/assertj-core/3.16.1/assertj-core-3.16.1.jar
file:/E:/tool/maven/repository/com/google/code/gson/gson/2.8.7/gson-2.8.7.jar
file:/E:/tool/maven/repository/io/github/openfeign/feign-core/10.12/feign-core-10.12.jar
file:/E:/tool/maven/repository/com/fasterxml/jackson/datatype/jackson-datatype-jdk8/2.11.4/jackson-datatype-jdk8-2.11.4.jar
file:/E:/tool/maven/repository/org/aspectj/aspectjweaver/1.9.6/aspectjweaver-1.9.6.jar
file:/E:/tool/maven/repository/io/prometheus/simpleclient/0.5.0/simpleclient-0.5.0.jar
file:/E:/tool/maven/repository/com/sun/jersey/jersey-client/1.19.1/jersey-client-1.19.1.jar
file:/E:/tool/maven/repository/org/springframework/spring-tx/5.2.15.RELEASE/spring-tx-5.2.15.RELEASE.jar
file:/E:/tool/maven/repository/io/github/openfeign/form/feign-form-spring/3.8.0/feign-form-spring-3.8.0.jar
file:/E:/tool/jdk1.8.0/jre/lib/jfr.jar
file:/E:/tool/maven/repository/io/netty/netty-resolver/4.1.65.Final/netty-resolver-4.1.65.Final.jar
file:/E:/tool/jdk1.8.0/jre/lib/ext/jaccess.jar
file:/E:/tool/maven/repository/com/baomidou/mybatis-plus-extension/3.4.1/mybatis-plus-extension-3.4.1.jar
file:/E:/tool/maven/repository/org/bouncycastle/bcpkix-jdk15on/1.64/bcpkix-jdk15on-1.64.jar
file:/E:/tool/maven/repository/org/springframework/spring-webmvc/5.2.15.RELEASE/spring-webmvc-5.2.15.RELEASE.jar
file:/E:/tool/maven/repository/org/mybatis/mybatis/3.5.6/mybatis-3.5.6.jar
file:/E:/tool/maven/repository/org/objenesis/objenesis/2.6/objenesis-2.6.jar
file:/E:/tool/maven/repository/org/hamcrest/hamcrest/2.2/hamcrest-2.2.jar
file:/E:/tool/jdk1.8.0/jre/lib/ext/nashorn.jar
file:/E:/tool/maven/repository/io/springfox/springfox-schema/2.9.2/springfox-schema-2.9.2.jar
file:/E:/tool/maven/repository/com/aliyun/aliyun-java-sdk-core/3.4.0/aliyun-java-sdk-core-3.4.0.jar
file:/E:/tool/maven/repository/org/skyscreamer/jsonassert/1.5.0/jsonassert-1.5.0.jar
file:/E:/tool/maven/repository/org/glassfish/jakarta.el/3.0.3/jakarta.el-3.0.3.jar
file:/E:/tool/jdk1.8.0/jre/lib/ext/cldrdata.jar
file:/E:/tool/maven/repository/commons-io/commons-io/2.11.0/commons-io-2.11.0.jar
file:/E:/tool/maven/repository/io/netty/netty-codec/4.1.65.Final/netty-codec-4.1.65.Final.jar
file:/E:/tool/maven/repository/jakarta/xml/bind/jakarta.xml.bind-api/2.3.3/jakarta.xml.bind-api-2.3.3.jar
file:/E:/tool/jdk1.8.0/jre/lib/ext/dnsns.jar
file:/E:/tool/maven/repository/org/hibernate/validator/hibernate-validator/6.1.7.Final/hibernate-validator-6.1.7.Final.jar
file:/E:/tool/maven/repository/org/springframework/boot/spring-boot-starter-tomcat/2.3.12.RELEASE/spring-boot-starter-tomcat-2.3.12.RELEASE.jar
file:/E:/tool/maven/repository/org/apache/commons/commons-lang3/3.10/commons-lang3-3.10.jar
file:/E:/tool/maven/repository/org/springframework/boot/spring-boot-starter-json/2.3.12.RELEASE/spring-boot-starter-json-2.3.12.RELEASE.jar
file:/E:/tool/maven/repository/com/netflix/servo/servo-internal/0.10.1/servo-internal-0.10.1.jar
file:/E:/tool/jdk1.8.0/jre/lib/ext/sunpkcs11.jar
file:/E:/tool/maven/repository/ch/qos/logback/logback-classic/1.2.3/logback-classic-1.2.3.jar
file:/E:/tool/maven/repository/jakarta/activation/jakarta.activation-api/1.2.2/jakarta.activation-api-1.2.2.jar
file:/E:/tool/maven/repository/com/alibaba/cloud/spring-cloud-alibaba-commons/2.2.7.RELEASE/spring-cloud-alibaba-commons-2.2.7.RELEASE.jar
file:/E:/tool/maven/repository/org/springframework/data/spring-data-commons/2.3.9.RELEASE/spring-data-commons-2.3.9.RELEASE.jar
file:/E:/tool/maven/repository/org/springframework/plugin/spring-plugin-core/1.2.0.RELEASE/spring-plugin-core-1.2.0.RELEASE.jar
file:/E:/tool/maven/repository/io/reactivex/rxnetty-servo/0.4.9/rxnetty-servo-0.4.9.jar
file:/E:/tool/maven/repository/org/apache/logging/log4j/log4j-to-slf4j/2.13.3/log4j-to-slf4j-2.13.3.jar
file:/E:/tool/maven/repository/com/alibaba/spring/spring-context-support/1.0.10/spring-context-support-1.0.10.jar
file:/E:/tool/maven/repository/org/junit/jupiter/junit-jupiter-params/5.6.3/junit-jupiter-params-5.6.3.jar
file:/E:/tool/maven/repository/com/netflix/archaius/archaius-core/0.7.6/archaius-core-0.7.6.jar
file:/E:/tool/maven/repository/com/github/virtuald/curvesapi/1.04/curvesapi-1.04.jar
file:/E:/tool/maven/repository/org/springframework/cloud/spring-cloud-context/2.2.9.RELEASE/spring-cloud-context-2.2.9.RELEASE.jar
file:/E:/tool/maven/repository/com/auth0/java-jwt/3.8.3/java-jwt-3.8.3.jar
file:/E:/tool/maven/repository/org/springframework/spring-core/5.2.15.RELEASE/spring-core-5.2.15.RELEASE.jar
file:/E:/tool/maven/repository/org/springframework/security/spring-security-rsa/1.0.9.RELEASE/spring-security-rsa-1.0.9.RELEASE.jar
file:/E:/tool/maven/repository/org/hdrhistogram/HdrHistogram/2.1.9/HdrHistogram-2.1.9.jar
file:/E:/tool/maven/repository/com/baomidou/mybatis-plus-core/3.4.1/mybatis-plus-core-3.4.1.jar
file:/E:/juam-workspace/code/git/edu/server/nov-starter/nov-service/service_statistics/target/classes/
file:/E:/tool/maven/repository/org/springframework/spring-aop/5.2.15.RELEASE/spring-aop-5.2.15.RELEASE.jar
file:/E:/tool/maven/repository/com/aliyun/aliyun-java-sdk-sts/3.0.0/aliyun-java-sdk-sts-3.0.0.jar
file:/E:/tool/jdk1.8.0/jre/lib/jsse.jar
file:/E:/tool/jdk1.8.0/jre/lib/charsets.jar
file:/E:/tool/maven/repository/org/springframework/cloud/spring-cloud-starter-netflix-ribbon/2.2.9.RELEASE/spring-cloud-starter-netflix-ribbon-2.2.9.RELEASE.jar
file:/E:/tool/maven/repository/javax/inject/javax.inject/1/javax.inject-1.jar
file:/E:/tool/maven/repository/org/apiguardian/apiguardian-api/1.1.0/apiguardian-api-1.1.0.jar
file:/E:/tool/maven/repository/org/reflections/reflections/0.9.11/reflections-0.9.11.jar
file:/E:/tool/maven/repository/org/springframework/spring-test/5.2.15.RELEASE/spring-test-5.2.15.RELEASE.jar
file:/E:/tool/jdk1.8.0/jre/lib/ext/sunec.jar
file:/E:/tool/maven/repository/com/google/guava/guava/20.0/guava-20.0.jar
file:/E:/tool/maven/repository/org/springframework/cloud/spring-cloud-openfeign-core/2.2.9.RELEASE/spring-cloud-openfeign-core-2.2.9.RELEASE.jar
file:/E:/tool/maven/repository/org/apache/httpcomponents/httpcore-nio/4.4.14/httpcore-nio-4.4.14.jar
file:/E:/tool/maven/repository/io/reactivex/rxnetty-contexts/0.4.9/rxnetty-contexts-0.4.9.jar
2022-02-09 13:22:28.014 [main] DEBUG com.alibaba.nacos.shaded.io.grpc.netty.shaded.io.netty.util.internal.logging.InternalLoggerFactory-Using SLF4J as the default logging framework
2022-02-09 13:22:28.016 [main] DEBUG com.alibaba.nacos.shaded.io.grpc.netty.shaded.io.netty.util.internal.PlatformDependent-Platform: Windows
2022-02-09 13:22:28.019 [main] DEBUG com.alibaba.nacos.shaded.io.grpc.netty.shaded.io.netty.util.internal.PlatformDependent0--Dio.netty.noUnsafe: false
2022-02-09 13:22:28.019 [main] DEBUG com.alibaba.nacos.shaded.io.grpc.netty.shaded.io.netty.util.internal.PlatformDependent0-Java version: 8
2022-02-09 13:22:28.022 [main] DEBUG com.alibaba.nacos.shaded.io.grpc.netty.shaded.io.netty.util.internal.PlatformDependent0-sun.misc.Unsafe.theUnsafe: available
2022-02-09 13:22:28.023 [main] DEBUG com.alibaba.nacos.shaded.io.grpc.netty.shaded.io.netty.util.internal.PlatformDependent0-sun.misc.Unsafe.copyMemory: available
2022-02-09 13:22:28.024 [main] DEBUG com.alibaba.nacos.shaded.io.grpc.netty.shaded.io.netty.util.internal.PlatformDependent0-java.nio.Buffer.address: available
2022-02-09 13:22:28.025 [main] DEBUG com.alibaba.nacos.shaded.io.grpc.netty.shaded.io.netty.util.internal.PlatformDependent0-direct buffer constructor: available
2022-02-09 13:22:28.027 [main] DEBUG com.alibaba.nacos.shaded.io.grpc.netty.shaded.io.netty.util.internal.PlatformDependent0-java.nio.Bits.unaligned: available, true
2022-02-09 13:22:28.027 [main] DEBUG com.alibaba.nacos.shaded.io.grpc.netty.shaded.io.netty.util.internal.PlatformDependent0-jdk.internal.misc.Unsafe.allocateUninitializedArray(int): unavailable prior to Java9
2022-02-09 13:22:28.027 [main] DEBUG com.alibaba.nacos.shaded.io.grpc.netty.shaded.io.netty.util.internal.PlatformDependent0-java.nio.DirectByteBuffer.<init>(long, int): available
2022-02-09 13:22:28.027 [main] DEBUG com.alibaba.nacos.shaded.io.grpc.netty.shaded.io.netty.util.internal.PlatformDependent-sun.misc.Unsafe: available
2022-02-09 13:22:28.028 [main] DEBUG com.alibaba.nacos.shaded.io.grpc.netty.shaded.io.netty.util.internal.PlatformDependent--Dio.netty.tmpdir: C:\Users\dzyx\AppData\Local\Temp (java.io.tmpdir)
2022-02-09 13:22:28.029 [main] DEBUG com.alibaba.nacos.shaded.io.grpc.netty.shaded.io.netty.util.internal.PlatformDependent--Dio.netty.bitMode: 64 (sun.arch.data.model)
2022-02-09 13:22:28.031 [main] DEBUG com.alibaba.nacos.shaded.io.grpc.netty.shaded.io.netty.util.internal.PlatformDependent--Dio.netty.maxDirectMemory: 1886912512 bytes
2022-02-09 13:22:28.031 [main] DEBUG com.alibaba.nacos.shaded.io.grpc.netty.shaded.io.netty.util.internal.PlatformDependent--Dio.netty.uninitializedArrayAllocationThreshold: -1
2022-02-09 13:22:28.033 [main] DEBUG com.alibaba.nacos.shaded.io.grpc.netty.shaded.io.netty.util.internal.CleanerJava6-java.nio.ByteBuffer.cleaner(): available
2022-02-09 13:22:28.033 [main] DEBUG com.alibaba.nacos.shaded.io.grpc.netty.shaded.io.netty.util.internal.PlatformDependent--Dio.netty.noPreferDirect: false
2022-02-09 13:22:28.131 [main] DEBUG com.alibaba.nacos.shaded.io.grpc.netty.shaded.io.netty.channel.MultithreadEventLoopGroup--Dio.netty.eventLoopThreads: 8
2022-02-09 13:22:28.163 [main] DEBUG com.alibaba.nacos.shaded.io.grpc.netty.shaded.io.netty.util.internal.InternalThreadLocalMap--Dio.netty.threadLocalMap.stringBuilder.initialSize: 1024
2022-02-09 13:22:28.163 [main] DEBUG com.alibaba.nacos.shaded.io.grpc.netty.shaded.io.netty.util.internal.InternalThreadLocalMap--Dio.netty.threadLocalMap.stringBuilder.maxSize: 4096
2022-02-09 13:22:28.177 [main] DEBUG com.alibaba.nacos.shaded.io.grpc.netty.shaded.io.netty.channel.nio.NioEventLoop--Dio.netty.noKeySetOptimization: false
2022-02-09 13:22:28.178 [main] DEBUG com.alibaba.nacos.shaded.io.grpc.netty.shaded.io.netty.channel.nio.NioEventLoop--Dio.netty.selectorAutoRebuildThreshold: 512
2022-02-09 13:22:28.195 [main] DEBUG com.alibaba.nacos.shaded.io.grpc.netty.shaded.io.netty.util.internal.PlatformDependent-org.jctools-core.MpscChunkedArrayQueue: available
2022-02-09 13:22:29.342 [grpc-default-executor-0] DEBUG com.alibaba.nacos.shaded.io.grpc.netty.shaded.io.netty.util.ResourceLeakDetector--Dcom.alibaba.nacos.shaded.io.grpc.netty.shaded.io.netty.leakDetection.level: simple
2022-02-09 13:22:29.342 [grpc-default-executor-0] DEBUG com.alibaba.nacos.shaded.io.grpc.netty.shaded.io.netty.util.ResourceLeakDetector--Dcom.alibaba.nacos.shaded.io.grpc.netty.shaded.io.netty.leakDetection.targetRecords: 4
2022-02-09 13:22:29.353 [grpc-default-executor-0] DEBUG com.alibaba.nacos.shaded.io.grpc.netty.shaded.io.netty.buffer.AbstractByteBuf--Dcom.alibaba.nacos.shaded.io.grpc.netty.shaded.io.netty.buffer.checkAccessible: true
2022-02-09 13:22:29.353 [grpc-default-executor-0] DEBUG com.alibaba.nacos.shaded.io.grpc.netty.shaded.io.netty.buffer.AbstractByteBuf--Dcom.alibaba.nacos.shaded.io.grpc.netty.shaded.io.netty.buffer.checkBounds: true
2022-02-09 13:22:29.357 [grpc-default-executor-0] DEBUG com.alibaba.nacos.shaded.io.grpc.netty.shaded.io.netty.util.ResourceLeakDetectorFactory-Loaded default ResourceLeakDetector: com.alibaba.nacos.shaded.io.grpc.netty.shaded.io.netty.util.ResourceLeakDetector@1c20eea6
2022-02-09 13:22:29.468 [grpc-default-executor-0] DEBUG com.alibaba.nacos.shaded.io.grpc.netty.shaded.io.netty.channel.DefaultChannelId--Dio.netty.processId: 20732 (auto-detected)
2022-02-09 13:22:29.472 [grpc-default-executor-0] DEBUG com.alibaba.nacos.shaded.io.grpc.netty.shaded.io.netty.util.NetUtil--Djava.net.preferIPv4Stack: false
2022-02-09 13:22:29.472 [grpc-default-executor-0] DEBUG com.alibaba.nacos.shaded.io.grpc.netty.shaded.io.netty.util.NetUtil--Djava.net.preferIPv6Addresses: false
2022-02-09 13:22:29.719 [grpc-default-executor-0] DEBUG com.alibaba.nacos.shaded.io.grpc.netty.shaded.io.netty.util.NetUtil-Loopback interface: lo (Software Loopback Interface 1, 127.0.0.1)
2022-02-09 13:22:29.720 [grpc-default-executor-0] DEBUG com.alibaba.nacos.shaded.io.grpc.netty.shaded.io.netty.util.NetUtil-Failed to get SOMAXCONN from sysctl and file \proc\sys\net\core\somaxconn. Default: 200
2022-02-09 13:22:29.971 [grpc-default-executor-0] DEBUG com.alibaba.nacos.shaded.io.grpc.netty.shaded.io.netty.channel.DefaultChannelId--Dio.netty.machineId: ac:ed:5c:ff:fe:4c:2a:e3 (auto-detected)
2022-02-09 13:22:30.022 [grpc-default-executor-0] DEBUG com.alibaba.nacos.shaded.io.grpc.netty.shaded.io.netty.buffer.PooledByteBufAllocator--Dio.netty.allocator.numHeapArenas: 8
2022-02-09 13:22:30.023 [grpc-default-executor-0] DEBUG com.alibaba.nacos.shaded.io.grpc.netty.shaded.io.netty.buffer.PooledByteBufAllocator--Dio.netty.allocator.numDirectArenas: 8
2022-02-09 13:22:30.023 [grpc-default-executor-0] DEBUG com.alibaba.nacos.shaded.io.grpc.netty.shaded.io.netty.buffer.PooledByteBufAllocator--Dio.netty.allocator.pageSize: 8192
2022-02-09 13:22:30.023 [grpc-default-executor-0] DEBUG com.alibaba.nacos.shaded.io.grpc.netty.shaded.io.netty.buffer.PooledByteBufAllocator--Dio.netty.allocator.maxOrder: 11
2022-02-09 13:22:30.023 [grpc-default-executor-0] DEBUG com.alibaba.nacos.shaded.io.grpc.netty.shaded.io.netty.buffer.PooledByteBufAllocator--Dio.netty.allocator.chunkSize: 16777216
2022-02-09 13:22:30.024 [grpc-default-executor-0] DEBUG com.alibaba.nacos.shaded.io.grpc.netty.shaded.io.netty.buffer.PooledByteBufAllocator--Dio.netty.allocator.tinyCacheSize: 512
2022-02-09 13:22:30.024 [grpc-default-executor-0] DEBUG com.alibaba.nacos.shaded.io.grpc.netty.shaded.io.netty.buffer.PooledByteBufAllocator--Dio.netty.allocator.smallCacheSize: 256
2022-02-09 13:22:30.024 [grpc-default-executor-0] DEBUG com.alibaba.nacos.shaded.io.grpc.netty.shaded.io.netty.buffer.PooledByteBufAllocator--Dio.netty.allocator.normalCacheSize: 64
2022-02-09 13:22:30.024 [grpc-default-executor-0] DEBUG com.alibaba.nacos.shaded.io.grpc.netty.shaded.io.netty.buffer.PooledByteBufAllocator--Dio.netty.allocator.maxCachedBufferCapacity: 32768
2022-02-09 13:22:30.025 [grpc-default-executor-0] DEBUG com.alibaba.nacos.shaded.io.grpc.netty.shaded.io.netty.buffer.PooledByteBufAllocator--Dio.netty.allocator.cacheTrimInterval: 8192
2022-02-09 13:22:30.025 [grpc-default-executor-0] DEBUG com.alibaba.nacos.shaded.io.grpc.netty.shaded.io.netty.buffer.PooledByteBufAllocator--Dio.netty.allocator.cacheTrimIntervalMillis: 0
2022-02-09 13:22:30.025 [grpc-default-executor-0] DEBUG com.alibaba.nacos.shaded.io.grpc.netty.shaded.io.netty.buffer.PooledByteBufAllocator--Dio.netty.allocator.useCacheForAllThreads: true
2022-02-09 13:22:30.025 [grpc-default-executor-0] DEBUG com.alibaba.nacos.shaded.io.grpc.netty.shaded.io.netty.buffer.PooledByteBufAllocator--Dio.netty.allocator.maxCachedByteBuffersPerChunk: 1023
2022-02-09 13:22:30.040 [grpc-default-executor-0] DEBUG com.alibaba.nacos.shaded.io.grpc.netty.shaded.io.netty.buffer.ByteBufUtil--Dio.netty.allocator.type: pooled
2022-02-09 13:22:30.040 [grpc-default-executor-0] DEBUG com.alibaba.nacos.shaded.io.grpc.netty.shaded.io.netty.buffer.ByteBufUtil--Dio.netty.threadLocalDirectBufferSize: 0
2022-02-09 13:22:30.041 [grpc-default-executor-0] DEBUG com.alibaba.nacos.shaded.io.grpc.netty.shaded.io.netty.buffer.ByteBufUtil--Dio.netty.maxThreadLocalCharBufferSize: 16384
2022-02-09 13:22:30.057 [grpc-default-executor-0] DEBUG com.alibaba.nacos.shaded.io.grpc.netty.shaded.io.netty.util.Recycler--Dio.netty.recycler.maxCapacityPerThread: 4096
2022-02-09 13:22:30.057 [grpc-default-executor-0] DEBUG com.alibaba.nacos.shaded.io.grpc.netty.shaded.io.netty.util.Recycler--Dio.netty.recycler.maxSharedCapacityFactor: 2
2022-02-09 13:22:30.057 [grpc-default-executor-0] DEBUG com.alibaba.nacos.shaded.io.grpc.netty.shaded.io.netty.util.Recycler--Dio.netty.recycler.linkCapacity: 16
2022-02-09 13:22:30.057 [grpc-default-executor-0] DEBUG com.alibaba.nacos.shaded.io.grpc.netty.shaded.io.netty.util.Recycler--Dio.netty.recycler.ratio: 8
2022-02-09 13:22:30.086 [grpc-nio-worker-ELG-1-2] DEBUG com.alibaba.nacos.shaded.io.grpc.netty.shaded.io.grpc.netty.NettyClientHandler-[id: 0xf78c3c68, L:/127.0.0.1:62531 - R:localhost/127.0.0.1:9848] OUTBOUND SETTINGS: ack=false settings={ENABLE_PUSH=0, MAX_CONCURRENT_STREAMS=0, INITIAL_WINDOW_SIZE=1048576, MAX_HEADER_LIST_SIZE=8192}
2022-02-09 13:22:30.103 [grpc-nio-worker-ELG-1-2] DEBUG com.alibaba.nacos.shaded.io.grpc.netty.shaded.io.grpc.netty.NettyClientHandler-[id: 0xf78c3c68, L:/127.0.0.1:62531 - R:localhost/127.0.0.1:9848] OUTBOUND WINDOW_UPDATE: streamId=0 windowSizeIncrement=983041
2022-02-09 13:22:30.121 [grpc-nio-worker-ELG-1-2] DEBUG com.alibaba.nacos.shaded.io.grpc.netty.shaded.io.grpc.netty.NettyClientHandler-[id: 0xf78c3c68, L:/127.0.0.1:62531 - R:localhost/127.0.0.1:9848] INBOUND SETTINGS: ack=false settings={MAX_CONCURRENT_STREAMS=2147483647, INITIAL_WINDOW_SIZE=1048576, MAX_HEADER_LIST_SIZE=8192}
2022-02-09 13:22:30.124 [grpc-nio-worker-ELG-1-2] DEBUG com.alibaba.nacos.shaded.io.grpc.netty.shaded.io.grpc.netty.NettyClientHandler-[id: 0xf78c3c68, L:/127.0.0.1:62531 - R:localhost/127.0.0.1:9848] OUTBOUND SETTINGS: ack=true
2022-02-09 13:22:30.128 [grpc-nio-worker-ELG-1-2] DEBUG com.alibaba.nacos.shaded.io.grpc.netty.shaded.io.grpc.netty.NettyClientHandler-[id: 0xf78c3c68, L:/127.0.0.1:62531 - R:localhost/127.0.0.1:9848] INBOUND WINDOW_UPDATE: streamId=0 windowSizeIncrement=983041
2022-02-09 13:22:30.128 [grpc-nio-worker-ELG-1-2] DEBUG com.alibaba.nacos.shaded.io.grpc.netty.shaded.io.grpc.netty.NettyClientHandler-[id: 0xf78c3c68, L:/127.0.0.1:62531 - R:localhost/127.0.0.1:9848] INBOUND SETTINGS: ack=true
2022-02-09 13:22:30.178 [grpc-nio-worker-ELG-1-2] DEBUG com.alibaba.nacos.shaded.io.grpc.netty.shaded.io.grpc.netty.NettyClientHandler-[id: 0xf78c3c68, L:/127.0.0.1:62531 - R:localhost/127.0.0.1:9848] OUTBOUND HEADERS: streamId=3 headers=GrpcHttp2OutboundHeaders[:authority: localhost:9848, :path: /Request/request, :method: POST, :scheme: http, content-type: application/grpc, te: trailers, user-agent: grpc-java-netty/1.24.0, grpc-accept-encoding: gzip] streamDependency=0 weight=16 exclusive=false padding=0 endStream=false
2022-02-09 13:22:30.197 [grpc-nio-worker-ELG-1-2] DEBUG com.alibaba.nacos.shaded.io.grpc.netty.shaded.io.grpc.netty.NettyClientHandler-[id: 0xf78c3c68, L:/127.0.0.1:62531 - R:localhost/127.0.0.1:9848] OUTBOUND DATA: streamId=3 padding=0 endStream=true length=81 bytes=000000004c12241a12536572766572436865636b52657175657374420e3139322e3136382e31302e3132351a2412227b2268656164657273223a7b7d2c226d6f...
2022-02-09 13:22:30.205 [grpc-nio-worker-ELG-1-2] DEBUG com.alibaba.nacos.shaded.io.grpc.netty.shaded.io.grpc.netty.NettyClientHandler-[id: 0xf78c3c68, L:/127.0.0.1:62531 - R:localhost/127.0.0.1:9848] INBOUND HEADERS: streamId=3 headers=GrpcHttp2ResponseHeaders[:status: 200, content-type: application/grpc, grpc-encoding: identity, grpc-accept-encoding: gzip] streamDependency=0 weight=16 exclusive=false padding=0 endStream=false
2022-02-09 13:22:30.213 [grpc-nio-worker-ELG-1-2] DEBUG com.alibaba.nacos.shaded.io.grpc.netty.shaded.io.grpc.netty.NettyClientHandler-[id: 0xf78c3c68, L:/127.0.0.1:62531 - R:localhost/127.0.0.1:9848] INBOUND DATA: streamId=3 padding=0 endStream=false length=126 bytes=000000007912151a13536572766572436865636b526573706f6e73651a60125e7b22726573756c74436f6465223a3230302c226572726f72436f6465223a302c...
2022-02-09 13:22:30.221 [grpc-nio-worker-ELG-1-2] DEBUG com.alibaba.nacos.shaded.io.grpc.netty.shaded.io.grpc.netty.NettyClientHandler-[id: 0xf78c3c68, L:/127.0.0.1:62531 - R:localhost/127.0.0.1:9848] INBOUND HEADERS: streamId=3 headers=GrpcHttp2ResponseHeaders[grpc-status: 0] streamDependency=0 weight=16 exclusive=false padding=0 endStream=true
2022-02-09 13:22:30.291 [grpc-nio-worker-ELG-1-2] DEBUG com.alibaba.nacos.shaded.io.grpc.netty.shaded.io.grpc.netty.NettyClientHandler-[id: 0xf78c3c68, L:/127.0.0.1:62531 - R:localhost/127.0.0.1:9848] OUTBOUND HEADERS: streamId=5 headers=GrpcHttp2OutboundHeaders[:authority: localhost:9848, :path: /BiRequestStream/requestBiStream, :method: POST, :scheme: http, content-type: application/grpc, te: trailers, user-agent: grpc-java-netty/1.24.0, grpc-accept-encoding: gzip] streamDependency=0 weight=16 exclusive=false padding=0 endStream=false
2022-02-09 13:22:30.295 [grpc-nio-worker-ELG-1-2] DEBUG com.alibaba.nacos.shaded.io.grpc.netty.shaded.io.grpc.netty.NettyClientHandler-[id: 0xf78c3c68, L:/127.0.0.1:62531 - R:localhost/127.0.0.1:9848] OUTBOUND DATA: streamId=5 padding=0 endStream=false length=399 bytes=000000018a12281a16436f6e6e656374696f6e536574757052657175657374420e3139322e3136382e31302e3132351add0212da027b2268656164657273223a...
2022-02-09 13:22:30.590 [grpc-nio-worker-ELG-1-2] DEBUG com.alibaba.nacos.shaded.io.grpc.netty.shaded.io.grpc.netty.NettyClientHandler-[id: 0xf78c3c68, L:/127.0.0.1:62531 - R:localhost/127.0.0.1:9848] OUTBOUND HEADERS: streamId=7 headers=GrpcHttp2OutboundHeaders[:authority: localhost:9848, :path: /Request/request, :method: POST, :scheme: http, content-type: application/grpc, te: trailers, user-agent: grpc-java-netty/1.24.0, grpc-accept-encoding: gzip] streamDependency=0 weight=16 exclusive=false padding=0 endStream=false
2022-02-09 13:22:30.591 [grpc-nio-worker-ELG-1-2] DEBUG com.alibaba.nacos.shaded.io.grpc.netty.shaded.io.grpc.netty.NettyClientHandler-[id: 0xf78c3c68, L:/127.0.0.1:62531 - R:localhost/127.0.0.1:9848] OUTBOUND DATA: streamId=7 padding=0 endStream=true length=365 bytes=000000016812f0011a12436f6e6669675175657279526571756573743a100a076368617273657412055554462d383a190a0e436c69656e742d4170704e616d65...
2022-02-09 13:22:30.593 [grpc-nio-worker-ELG-1-2] DEBUG com.alibaba.nacos.shaded.io.grpc.netty.shaded.io.grpc.netty.NettyClientHandler-[id: 0xf78c3c68, L:/127.0.0.1:62531 - R:localhost/127.0.0.1:9848] INBOUND HEADERS: streamId=7 headers=GrpcHttp2ResponseHeaders[:status: 200, content-type: application/grpc, grpc-encoding: identity, grpc-accept-encoding: gzip] streamDependency=0 weight=16 exclusive=false padding=0 endStream=false
2022-02-09 13:22:30.593 [grpc-nio-worker-ELG-1-2] DEBUG com.alibaba.nacos.shaded.io.grpc.netty.shaded.io.grpc.netty.NettyClientHandler-[id: 0xf78c3c68, L:/127.0.0.1:62531 - R:localhost/127.0.0.1:9848] INBOUND DATA: streamId=7 padding=0 endStream=false length=146 bytes=000000008d12151a13436f6e6669675175657279526573706f6e73651a7412727b22726573756c74436f6465223a3530302c226572726f72436f6465223a3330...
2022-02-09 13:22:30.594 [grpc-nio-worker-ELG-1-2] DEBUG com.alibaba.nacos.shaded.io.grpc.netty.shaded.io.grpc.netty.NettyClientHandler-[id: 0xf78c3c68, L:/127.0.0.1:62531 - R:localhost/127.0.0.1:9848] INBOUND HEADERS: streamId=7 headers=GrpcHttp2ResponseHeaders[grpc-status: 0] streamDependency=0 weight=16 exclusive=false padding=0 endStream=true
2022-02-09 13:22:30.604 [grpc-nio-worker-ELG-1-2] DEBUG com.alibaba.nacos.shaded.io.grpc.netty.shaded.io.grpc.netty.NettyClientHandler-[id: 0xf78c3c68, L:/127.0.0.1:62531 - R:localhost/127.0.0.1:9848] OUTBOUND HEADERS: streamId=9 headers=GrpcHttp2OutboundHeaders[:authority: localhost:9848, :path: /Request/request, :method: POST, :scheme: http, content-type: application/grpc, te: trailers, user-agent: grpc-java-netty/1.24.0, grpc-accept-encoding: gzip] streamDependency=0 weight=16 exclusive=false padding=0 endStream=false
2022-02-09 13:22:30.605 [grpc-nio-worker-ELG-1-2] DEBUG com.alibaba.nacos.shaded.io.grpc.netty.shaded.io.grpc.netty.NettyClientHandler-[id: 0xf78c3c68, L:/127.0.0.1:62531 - R:localhost/127.0.0.1:9848] OUTBOUND DATA: streamId=9 padding=0 endStream=true length=376 bytes=000000017312f0011a12436f6e6669675175657279526571756573743a100a076368617273657412055554462d383a190a0e436c69656e742d4170704e616d65...
2022-02-09 13:22:30.607 [grpc-nio-worker-ELG-1-2] DEBUG com.alibaba.nacos.shaded.io.grpc.netty.shaded.io.grpc.netty.NettyClientHandler-[id: 0xf78c3c68, L:/127.0.0.1:62531 - R:localhost/127.0.0.1:9848] INBOUND HEADERS: streamId=9 headers=GrpcHttp2ResponseHeaders[:status: 200, content-type: application/grpc, grpc-encoding: identity, grpc-accept-encoding: gzip] streamDependency=0 weight=16 exclusive=false padding=0 endStream=false
2022-02-09 13:22:30.608 [grpc-nio-worker-ELG-1-2] DEBUG com.alibaba.nacos.shaded.io.grpc.netty.shaded.io.grpc.netty.NettyClientHandler-[id: 0xf78c3c68, L:/127.0.0.1:62531 - R:localhost/127.0.0.1:9848] INBOUND DATA: streamId=9 padding=0 endStream=false length=146 bytes=000000008d12151a13436f6e6669675175657279526573706f6e73651a7412727b22726573756c74436f6465223a3530302c226572726f72436f6465223a3330...
2022-02-09 13:22:30.608 [grpc-nio-worker-ELG-1-2] DEBUG com.alibaba.nacos.shaded.io.grpc.netty.shaded.io.grpc.netty.NettyClientHandler-[id: 0xf78c3c68, L:/127.0.0.1:62531 - R:localhost/127.0.0.1:9848] INBOUND HEADERS: streamId=9 headers=GrpcHttp2ResponseHeaders[grpc-status: 0] streamDependency=0 weight=16 exclusive=false padding=0 endStream=true
2022-02-09 13:22:30.613 [grpc-nio-worker-ELG-1-2] DEBUG com.alibaba.nacos.shaded.io.grpc.netty.shaded.io.grpc.netty.NettyClientHandler-[id: 0xf78c3c68, L:/127.0.0.1:62531 - R:localhost/127.0.0.1:9848] OUTBOUND HEADERS: streamId=11 headers=GrpcHttp2OutboundHeaders[:authority: localhost:9848, :path: /Request/request, :method: POST, :scheme: http, content-type: application/grpc, te: trailers, user-agent: grpc-java-netty/1.24.0, grpc-accept-encoding: gzip] streamDependency=0 weight=16 exclusive=false padding=0 endStream=false
2022-02-09 13:22:30.614 [grpc-nio-worker-ELG-1-2] DEBUG com.alibaba.nacos.shaded.io.grpc.netty.shaded.io.grpc.netty.NettyClientHandler-[id: 0xf78c3c68, L:/127.0.0.1:62531 - R:localhost/127.0.0.1:9848] OUTBOUND DATA: streamId=11 padding=0 endStream=true length=382 bytes=000000017912f0011a12436f6e6669675175657279526571756573743a100a076368617273657412055554462d383a190a0e436c69656e742d4170704e616d65...
2022-02-09 13:22:30.615 [grpc-nio-worker-ELG-1-2] DEBUG com.alibaba.nacos.shaded.io.grpc.netty.shaded.io.grpc.netty.NettyClientHandler-[id: 0xf78c3c68, L:/127.0.0.1:62531 - R:localhost/127.0.0.1:9848] INBOUND HEADERS: streamId=11 headers=GrpcHttp2ResponseHeaders[:status: 200, content-type: application/grpc, grpc-encoding: identity, grpc-accept-encoding: gzip] streamDependency=0 weight=16 exclusive=false padding=0 endStream=false
2022-02-09 13:22:30.615 [grpc-nio-worker-ELG-1-2] DEBUG com.alibaba.nacos.shaded.io.grpc.netty.shaded.io.grpc.netty.NettyClientHandler-[id: 0xf78c3c68, L:/127.0.0.1:62531 - R:localhost/127.0.0.1:9848] INBOUND DATA: streamId=11 padding=0 endStream=false length=146 bytes=000000008d12151a13436f6e6669675175657279526573706f6e73651a7412727b22726573756c74436f6465223a3530302c226572726f72436f6465223a3330...
2022-02-09 13:22:30.616 [grpc-nio-worker-ELG-1-2] DEBUG com.alibaba.nacos.shaded.io.grpc.netty.shaded.io.grpc.netty.NettyClientHandler-[id: 0xf78c3c68, L:/127.0.0.1:62531 - R:localhost/127.0.0.1:9848] INBOUND HEADERS: streamId=11 headers=GrpcHttp2ResponseHeaders[grpc-status: 0] streamDependency=0 weight=16 exclusive=false padding=0 endStream=true
2022-02-09 13:22:32.738 [main] DEBUG org.apache.ibatis.logging.LogFactory-Logging initialized using 'class org.apache.ibatis.logging.slf4j.Slf4jImpl' adapter.
2022-02-09 13:22:32.746 [main] DEBUG org.mybatis.spring.mapper.ClassPathMapperScanner-Identified candidate component class: file [E:\juam-workspace\code\git\edu\server\nov-starter\nov-service\service_statistics\target\classes\com\novedu\nov\statistics\mapper\StatisticsDailyMapper.class]
2022-02-09 13:22:32.748 [main] DEBUG org.mybatis.spring.mapper.ClassPathMapperScanner-Identified candidate component class: file [E:\juam-workspace\code\git\edu\server\nov-starter\nov-common\target\classes\com\novedu\nov\common\module\mapper\SysConfigMapper.class]
2022-02-09 13:22:32.752 [main] DEBUG org.mybatis.spring.mapper.ClassPathMapperScanner-Creating MapperFactoryBean with name 'statisticsDailyMapper' and 'com.novedu.nov.statistics.mapper.StatisticsDailyMapper' mapperInterface
2022-02-09 13:22:32.756 [main] DEBUG org.mybatis.spring.mapper.ClassPathMapperScanner-Enabling autowire by type for MapperFactoryBean with name 'statisticsDailyMapper'.
2022-02-09 13:22:32.756 [main] DEBUG org.mybatis.spring.mapper.ClassPathMapperScanner-Creating MapperFactoryBean with name 'sysConfigMapper' and 'com.novedu.nov.common.module.mapper.SysConfigMapper' mapperInterface
2022-02-09 13:22:32.756 [main] DEBUG org.mybatis.spring.mapper.ClassPathMapperScanner-Enabling autowire by type for MapperFactoryBean with name 'sysConfigMapper'.
2022-02-09 13:22:35.753 [main] DEBUG org.mybatis.spring.SqlSessionUtils-Creating a new SqlSession
2022-02-09 13:22:35.772 [main] DEBUG org.mybatis.spring.SqlSessionUtils-SqlSession [org.apache.ibatis.session.defaults.DefaultSqlSession@4511146f] was not registered for synchronization because synchronization is not active
2022-02-09 13:22:37.899 [grpc-nio-worker-ELG-1-2] DEBUG com.alibaba.nacos.shaded.io.grpc.netty.shaded.io.grpc.netty.NettyClientHandler-[id: 0xf78c3c68, L:/127.0.0.1:62531 - R:localhost/127.0.0.1:9848] OUTBOUND HEADERS: streamId=13 headers=GrpcHttp2OutboundHeaders[:authority: localhost:9848, :path: /Request/request, :method: POST, :scheme: http, content-type: application/grpc, te: trailers, user-agent: grpc-java-netty/1.24.0, grpc-accept-encoding: gzip] streamDependency=0 weight=16 exclusive=false padding=0 endStream=false
2022-02-09 13:22:37.901 [grpc-nio-worker-ELG-1-2] DEBUG com.alibaba.nacos.shaded.io.grpc.netty.shaded.io.grpc.netty.NettyClientHandler-[id: 0xf78c3c68, L:/127.0.0.1:62531 - R:localhost/127.0.0.1:9848] OUTBOUND DATA: streamId=13 padding=0 endStream=true length=81 bytes=000000004c12241a124865616c7468436865636b52657175657374420e3139322e3136382e31302e3132351a2412227b2268656164657273223a7b7d2c226d6f...
2022-02-09 13:22:37.903 [grpc-nio-worker-ELG-1-2] DEBUG com.alibaba.nacos.shaded.io.grpc.netty.shaded.io.grpc.netty.NettyClientHandler-[id: 0xf78c3c68, L:/127.0.0.1:62531 - R:localhost/127.0.0.1:9848] INBOUND HEADERS: streamId=13 headers=GrpcHttp2ResponseHeaders[:status: 200, content-type: application/grpc, grpc-encoding: identity, grpc-accept-encoding: gzip] streamDependency=0 weight=16 exclusive=false padding=0 endStream=false
2022-02-09 13:22:37.904 [grpc-nio-worker-ELG-1-2] DEBUG com.alibaba.nacos.shaded.io.grpc.netty.shaded.io.grpc.netty.NettyClientHandler-[id: 0xf78c3c68, L:/127.0.0.1:62531 - R:localhost/127.0.0.1:9848] INBOUND DATA: streamId=13 padding=0 endStream=false length=79 bytes=000000004a12151a134865616c7468436865636b526573706f6e73651a31122f7b22726573756c74436f6465223a3230302c226572726f72436f6465223a302c...
2022-02-09 13:22:37.904 [grpc-nio-worker-ELG-1-2] DEBUG com.alibaba.nacos.shaded.io.grpc.netty.shaded.io.grpc.netty.NettyClientHandler-[id: 0xf78c3c68, L:/127.0.0.1:62531 - R:localhost/127.0.0.1:9848] INBOUND HEADERS: streamId=13 headers=GrpcHttp2ResponseHeaders[grpc-status: 0] streamDependency=0 weight=16 exclusive=false padding=0 endStream=true
2022-02-09 13:22:38.045 [main] DEBUG org.mybatis.spring.transaction.SpringManagedTransaction-JDBC Connection [HikariProxyConnection@397641711 wrapping com.mysql.cj.jdbc.ConnectionImpl@489b7559] will not be managed by Spring
2022-02-09 13:22:38.057 [main] DEBUG com.novedu.nov.common.module.mapper.SysConfigMapper.selectList-==>  Preparing: SELECT id,config_key,config_value,config_name,create_time,update_time,is_deleted FROM sys_config WHERE is_deleted=0
2022-02-09 13:22:38.110 [main] DEBUG com.novedu.nov.common.module.mapper.SysConfigMapper.selectList-==> Parameters:
2022-02-09 13:22:38.198 [main] DEBUG com.novedu.nov.common.module.mapper.SysConfigMapper.selectList-<==      Total: 1
2022-02-09 13:22:38.217 [main] DEBUG org.mybatis.spring.SqlSessionUtils-Closing non transactional SqlSession [org.apache.ibatis.session.defaults.DefaultSqlSession@4511146f]
2022-02-09 13:22:40.092 [main] DEBUG springfox.documentation.spring.web.PropertySourcedRequestMappingHandlerMapping-initialising the handler methods
2022-02-09 13:22:40.911 [main] DEBUG org.hibernate.validator.messageinterpolation.ResourceBundleMessageInterpolator-Loaded expression factory via original TCCL
2022-02-09 13:22:40.936 [main] DEBUG org.hibernate.validator.internal.engine.AbstractConfigurationImpl-Setting custom MessageInterpolator of type org.springframework.validation.beanvalidation.LocaleContextMessageInterpolator
2022-02-09 13:22:40.937 [main] DEBUG org.hibernate.validator.internal.engine.AbstractConfigurationImpl-Setting custom ConstraintValidatorFactory of type org.springframework.validation.beanvalidation.SpringConstraintValidatorFactory
2022-02-09 13:22:40.939 [main] DEBUG org.hibernate.validator.internal.engine.AbstractConfigurationImpl-Setting custom ParameterNameProvider of type org.springframework.validation.beanvalidation.LocalValidatorFactoryBean$1
2022-02-09 13:22:40.944 [main] DEBUG org.hibernate.validator.internal.xml.config.ValidationXmlParser-Trying to load META-INF/validation.xml for XML based Validator configuration.
2022-02-09 13:22:40.944 [main] DEBUG org.hibernate.validator.internal.xml.config.ResourceLoaderHelper-Trying to load META-INF/validation.xml via user class loader
2022-02-09 13:22:40.945 [main] DEBUG org.hibernate.validator.internal.xml.config.ResourceLoaderHelper-Trying to load META-INF/validation.xml via TCCL
2022-02-09 13:22:40.946 [main] DEBUG org.hibernate.validator.internal.xml.config.ResourceLoaderHelper-Trying to load META-INF/validation.xml via Hibernate Validator's class loader
2022-02-09 13:22:40.946 [main] DEBUG org.hibernate.validator.internal.xml.config.ValidationXmlParser-No META-INF/validation.xml found. Using annotation based configuration only.
2022-02-09 13:22:40.948 [main] DEBUG org.hibernate.validator.internal.engine.resolver.TraversableResolvers-Cannot find javax.persistence.Persistence on classpath. Assuming non JPA 2 environment. All properties will per default be traversable.
2022-02-09 13:22:40.951 [main] DEBUG org.hibernate.validator.internal.engine.ValidatorFactoryConfigurationHelper-HV000252: Using org.hibernate.validator.internal.engine.DefaultPropertyNodeNameProvider as property node name provider.
2022-02-09 13:22:40.952 [main] DEBUG org.hibernate.validator.internal.engine.ValidatorFactoryConfigurationHelper-HV000234: Using org.springframework.validation.beanvalidation.LocaleContextMessageInterpolator as ValidatorFactory-scoped message interpolator.
2022-02-09 13:22:40.953 [main] DEBUG org.hibernate.validator.internal.engine.ValidatorFactoryConfigurationHelper-HV000234: Using org.hibernate.validator.internal.engine.resolver.TraverseAllTraversableResolver as ValidatorFactory-scoped traversable resolver.
2022-02-09 13:22:40.953 [main] DEBUG org.hibernate.validator.internal.engine.ValidatorFactoryConfigurationHelper-HV000234: Using org.hibernate.validator.internal.util.ExecutableParameterNameProvider as ValidatorFactory-scoped parameter name provider.
2022-02-09 13:22:40.954 [main] DEBUG org.hibernate.validator.internal.engine.ValidatorFactoryConfigurationHelper-HV000234: Using org.hibernate.validator.internal.engine.DefaultClockProvider as ValidatorFactory-scoped clock provider.
2022-02-09 13:22:40.954 [main] DEBUG org.hibernate.validator.internal.engine.ValidatorFactoryConfigurationHelper-HV000234: Using org.hibernate.validator.internal.engine.scripting.DefaultScriptEvaluatorFactory as ValidatorFactory-scoped script evaluator factory.
2022-02-09 13:22:42.928 [grpc-nio-worker-ELG-1-2] DEBUG com.alibaba.nacos.shaded.io.grpc.netty.shaded.io.grpc.netty.NettyClientHandler-[id: 0xf78c3c68, L:/127.0.0.1:62531 - R:localhost/127.0.0.1:9848] OUTBOUND HEADERS: streamId=15 headers=GrpcHttp2OutboundHeaders[:authority: localhost:9848, :path: /Request/request, :method: POST, :scheme: http, content-type: application/grpc, te: trailers, user-agent: grpc-java-netty/1.24.0, grpc-accept-encoding: gzip] streamDependency=0 weight=16 exclusive=false padding=0 endStream=false
2022-02-09 13:22:42.928 [grpc-nio-worker-ELG-1-2] DEBUG com.alibaba.nacos.shaded.io.grpc.netty.shaded.io.grpc.netty.NettyClientHandler-[id: 0xf78c3c68, L:/127.0.0.1:62531 - R:localhost/127.0.0.1:9848] OUTBOUND DATA: streamId=15 padding=0 endStream=true length=81 bytes=000000004c12241a124865616c7468436865636b52657175657374420e3139322e3136382e31302e3132351a2412227b2268656164657273223a7b7d2c226d6f...
2022-02-09 13:22:42.930 [grpc-nio-worker-ELG-1-2] DEBUG com.alibaba.nacos.shaded.io.grpc.netty.shaded.io.grpc.netty.NettyClientHandler-[id: 0xf78c3c68, L:/127.0.0.1:62531 - R:localhost/127.0.0.1:9848] INBOUND HEADERS: streamId=15 headers=GrpcHttp2ResponseHeaders[:status: 200, content-type: application/grpc, grpc-encoding: identity, grpc-accept-encoding: gzip] streamDependency=0 weight=16 exclusive=false padding=0 endStream=false
2022-02-09 13:22:42.931 [grpc-nio-worker-ELG-1-2] DEBUG com.alibaba.nacos.shaded.io.grpc.netty.shaded.io.grpc.netty.NettyClientHandler-[id: 0xf78c3c68, L:/127.0.0.1:62531 - R:localhost/127.0.0.1:9848] INBOUND DATA: streamId=15 padding=0 endStream=false length=79 bytes=000000004a12151a134865616c7468436865636b526573706f6e73651a31122f7b22726573756c74436f6465223a3230302c226572726f72436f6465223a302c...
2022-02-09 13:22:42.932 [grpc-nio-worker-ELG-1-2] DEBUG com.alibaba.nacos.shaded.io.grpc.netty.shaded.io.grpc.netty.NettyClientHandler-[id: 0xf78c3c68, L:/127.0.0.1:62531 - R:localhost/127.0.0.1:9848] INBOUND HEADERS: streamId=15 headers=GrpcHttp2ResponseHeaders[grpc-status: 0] streamDependency=0 weight=16 exclusive=false padding=0 endStream=true
2022-02-09 13:22:44.193 [main] DEBUG io.netty.util.internal.logging.InternalLoggerFactory-Using SLF4J as the default logging framework
2022-02-09 13:22:44.202 [main] DEBUG io.lettuce.core.resource.DefaultClientResources--Dio.netty.eventLoopThreads: 4
2022-02-09 13:22:44.235 [main] DEBUG io.lettuce.core.resource.DefaultEventLoopGroupProvider-Creating executor io.netty.util.concurrent.DefaultEventExecutorGroup
2022-02-09 13:22:44.304 [main] DEBUG io.netty.util.internal.InternalThreadLocalMap--Dio.netty.threadLocalMap.stringBuilder.initialSize: 1024
2022-02-09 13:22:44.304 [main] DEBUG io.netty.util.internal.InternalThreadLocalMap--Dio.netty.threadLocalMap.stringBuilder.maxSize: 4096
2022-02-09 13:22:44.322 [main] DEBUG io.netty.util.ResourceLeakDetector--Dio.netty.leakDetection.level: simple
2022-02-09 13:22:44.322 [main] DEBUG io.netty.util.ResourceLeakDetector--Dio.netty.leakDetection.targetRecords: 4
2022-02-09 13:22:44.330 [main] DEBUG io.netty.util.ResourceLeakDetectorFactory-Loaded default ResourceLeakDetector: io.netty.util.ResourceLeakDetector@68a1bb31
2022-02-09 13:22:44.426 [main] DEBUG io.netty.util.internal.PlatformDependent0--Dio.netty.noUnsafe: false
2022-02-09 13:22:44.427 [main] DEBUG io.netty.util.internal.PlatformDependent0-Java version: 8
2022-02-09 13:22:44.429 [main] DEBUG io.netty.util.internal.PlatformDependent0-sun.misc.Unsafe.theUnsafe: available
2022-02-09 13:22:44.430 [main] DEBUG io.netty.util.internal.PlatformDependent0-sun.misc.Unsafe.copyMemory: available
2022-02-09 13:22:44.432 [main] DEBUG io.netty.util.internal.PlatformDependent0-java.nio.Buffer.address: available
2022-02-09 13:22:44.433 [main] DEBUG io.netty.util.internal.PlatformDependent0-direct buffer constructor: available
2022-02-09 13:22:44.435 [main] DEBUG io.netty.util.internal.PlatformDependent0-java.nio.Bits.unaligned: available, true
2022-02-09 13:22:44.435 [main] DEBUG io.netty.util.internal.PlatformDependent0-jdk.internal.misc.Unsafe.allocateUninitializedArray(int): unavailable prior to Java9
2022-02-09 13:22:44.436 [main] DEBUG io.netty.util.internal.PlatformDependent0-java.nio.DirectByteBuffer.<init>(long, int): available
2022-02-09 13:22:44.436 [main] DEBUG io.netty.util.internal.PlatformDependent-sun.misc.Unsafe: available
2022-02-09 13:22:44.437 [main] DEBUG io.netty.util.internal.PlatformDependent--Dio.netty.tmpdir: C:\Users\dzyx\AppData\Local\Temp (java.io.tmpdir)
2022-02-09 13:22:44.438 [main] DEBUG io.netty.util.internal.PlatformDependent--Dio.netty.bitMode: 64 (sun.arch.data.model)
2022-02-09 13:22:44.438 [main] DEBUG io.netty.util.internal.PlatformDependent-Platform: Windows
2022-02-09 13:22:44.441 [main] DEBUG io.netty.util.internal.PlatformDependent--Dio.netty.maxDirectMemory: 1886912512 bytes
2022-02-09 13:22:44.441 [main] DEBUG io.netty.util.internal.PlatformDependent--Dio.netty.uninitializedArrayAllocationThreshold: -1
2022-02-09 13:22:44.444 [main] DEBUG io.netty.util.internal.CleanerJava6-java.nio.ByteBuffer.cleaner(): available
2022-02-09 13:22:44.444 [main] DEBUG io.netty.util.internal.PlatformDependent--Dio.netty.noPreferDirect: false
2022-02-09 13:22:44.467 [main] DEBUG io.netty.util.internal.PlatformDependent-org.jctools-core.MpscChunkedArrayQueue: available
2022-02-09 13:22:44.499 [main] DEBUG reactor.util.Loggers$LoggerFactory-Using Slf4j logging framework
2022-02-09 13:22:44.596 [main] DEBUG io.lettuce.core.resource.DefaultClientResources-LatencyUtils/HdrUtils are not available, metrics are disabled
2022-02-09 13:22:44.900 [main] DEBUG io.netty.buffer.PooledByteBufAllocator--Dio.netty.allocator.numHeapArenas: 8
2022-02-09 13:22:44.900 [main] DEBUG io.netty.buffer.PooledByteBufAllocator--Dio.netty.allocator.numDirectArenas: 8
2022-02-09 13:22:44.900 [main] DEBUG io.netty.buffer.PooledByteBufAllocator--Dio.netty.allocator.pageSize: 8192
2022-02-09 13:22:44.900 [main] DEBUG io.netty.buffer.PooledByteBufAllocator--Dio.netty.allocator.maxOrder: 11
2022-02-09 13:22:44.901 [main] DEBUG io.netty.buffer.PooledByteBufAllocator--Dio.netty.allocator.chunkSize: 16777216
2022-02-09 13:22:44.901 [main] DEBUG io.netty.buffer.PooledByteBufAllocator--Dio.netty.allocator.smallCacheSize: 256
2022-02-09 13:22:44.901 [main] DEBUG io.netty.buffer.PooledByteBufAllocator--Dio.netty.allocator.normalCacheSize: 64
2022-02-09 13:22:44.903 [main] DEBUG io.netty.buffer.PooledByteBufAllocator--Dio.netty.allocator.maxCachedBufferCapacity: 32768
2022-02-09 13:22:44.903 [main] DEBUG io.netty.buffer.PooledByteBufAllocator--Dio.netty.allocator.cacheTrimInterval: 8192
2022-02-09 13:22:44.904 [main] DEBUG io.netty.buffer.PooledByteBufAllocator--Dio.netty.allocator.cacheTrimIntervalMillis: 0
2022-02-09 13:22:44.904 [main] DEBUG io.netty.buffer.PooledByteBufAllocator--Dio.netty.allocator.useCacheForAllThreads: true
2022-02-09 13:22:44.904 [main] DEBUG io.netty.buffer.PooledByteBufAllocator--Dio.netty.allocator.maxCachedByteBuffersPerChunk: 1023
2022-02-09 13:22:46.939 [grpc-nio-worker-ELG-1-4] DEBUG com.alibaba.nacos.shaded.io.grpc.netty.shaded.io.grpc.netty.NettyClientHandler-[id: 0xef990d19, L:/127.0.0.1:62550 - R:/127.0.0.1:9848] OUTBOUND SETTINGS: ack=false settings={ENABLE_PUSH=0, MAX_CONCURRENT_STREAMS=0, INITIAL_WINDOW_SIZE=1048576, MAX_HEADER_LIST_SIZE=8192}
2022-02-09 13:22:46.949 [grpc-nio-worker-ELG-1-4] DEBUG com.alibaba.nacos.shaded.io.grpc.netty.shaded.io.grpc.netty.NettyClientHandler-[id: 0xef990d19, L:/127.0.0.1:62550 - R:/127.0.0.1:9848] OUTBOUND WINDOW_UPDATE: streamId=0 windowSizeIncrement=983041
2022-02-09 13:22:46.959 [grpc-nio-worker-ELG-1-4] DEBUG com.alibaba.nacos.shaded.io.grpc.netty.shaded.io.grpc.netty.NettyClientHandler-[id: 0xef990d19, L:/127.0.0.1:62550 - R:/127.0.0.1:9848] INBOUND SETTINGS: ack=false settings={MAX_CONCURRENT_STREAMS=2147483647, INITIAL_WINDOW_SIZE=1048576, MAX_HEADER_LIST_SIZE=8192}
2022-02-09 13:22:46.962 [grpc-nio-worker-ELG-1-4] DEBUG com.alibaba.nacos.shaded.io.grpc.netty.shaded.io.grpc.netty.NettyClientHandler-[id: 0xef990d19, L:/127.0.0.1:62550 - R:/127.0.0.1:9848] OUTBOUND SETTINGS: ack=true
2022-02-09 13:22:46.964 [grpc-nio-worker-ELG-1-4] DEBUG com.alibaba.nacos.shaded.io.grpc.netty.shaded.io.grpc.netty.NettyClientHandler-[id: 0xef990d19, L:/127.0.0.1:62550 - R:/127.0.0.1:9848] INBOUND WINDOW_UPDATE: streamId=0 windowSizeIncrement=983041
2022-02-09 13:22:46.964 [grpc-nio-worker-ELG-1-4] DEBUG com.alibaba.nacos.shaded.io.grpc.netty.shaded.io.grpc.netty.NettyClientHandler-[id: 0xef990d19, L:/127.0.0.1:62550 - R:/127.0.0.1:9848] INBOUND SETTINGS: ack=true
2022-02-09 13:22:46.978 [grpc-nio-worker-ELG-1-4] DEBUG com.alibaba.nacos.shaded.io.grpc.netty.shaded.io.grpc.netty.NettyClientHandler-[id: 0xef990d19, L:/127.0.0.1:62550 - R:/127.0.0.1:9848] OUTBOUND HEADERS: streamId=3 headers=GrpcHttp2OutboundHeaders[:authority: 127.0.0.1:9848, :path: /Request/request, :method: POST, :scheme: http, content-type: application/grpc, te: trailers, user-agent: grpc-java-netty/1.24.0, grpc-accept-encoding: gzip] streamDependency=0 weight=16 exclusive=false padding=0 endStream=false
2022-02-09 13:22:46.981 [grpc-nio-worker-ELG-1-4] DEBUG com.alibaba.nacos.shaded.io.grpc.netty.shaded.io.grpc.netty.NettyClientHandler-[id: 0xef990d19, L:/127.0.0.1:62550 - R:/127.0.0.1:9848] OUTBOUND DATA: streamId=3 padding=0 endStream=true length=81 bytes=000000004c12241a12536572766572436865636b52657175657374420e3139322e3136382e31302e3132351a2412227b2268656164657273223a7b7d2c226d6f...
2022-02-09 13:22:46.988 [grpc-nio-worker-ELG-1-4] DEBUG com.alibaba.nacos.shaded.io.grpc.netty.shaded.io.grpc.netty.NettyClientHandler-[id: 0xef990d19, L:/127.0.0.1:62550 - R:/127.0.0.1:9848] INBOUND HEADERS: streamId=3 headers=GrpcHttp2ResponseHeaders[:status: 200, content-type: application/grpc, grpc-encoding: identity, grpc-accept-encoding: gzip] streamDependency=0 weight=16 exclusive=false padding=0 endStream=false
2022-02-09 13:22:46.993 [grpc-nio-worker-ELG-1-4] DEBUG com.alibaba.nacos.shaded.io.grpc.netty.shaded.io.grpc.netty.NettyClientHandler-[id: 0xef990d19, L:/127.0.0.1:62550 - R:/127.0.0.1:9848] INBOUND DATA: streamId=3 padding=0 endStream=false length=126 bytes=000000007912151a13536572766572436865636b526573706f6e73651a60125e7b22726573756c74436f6465223a3230302c226572726f72436f6465223a302c...
2022-02-09 13:22:46.995 [grpc-nio-worker-ELG-1-4] DEBUG com.alibaba.nacos.shaded.io.grpc.netty.shaded.io.grpc.netty.NettyClientHandler-[id: 0xef990d19, L:/127.0.0.1:62550 - R:/127.0.0.1:9848] INBOUND HEADERS: streamId=3 headers=GrpcHttp2ResponseHeaders[grpc-status: 0] streamDependency=0 weight=16 exclusive=false padding=0 endStream=true
2022-02-09 13:22:47.001 [grpc-nio-worker-ELG-1-4] DEBUG com.alibaba.nacos.shaded.io.grpc.netty.shaded.io.grpc.netty.NettyClientHandler-[id: 0xef990d19, L:/127.0.0.1:62550 - R:/127.0.0.1:9848] OUTBOUND HEADERS: streamId=5 headers=GrpcHttp2OutboundHeaders[:authority: 127.0.0.1:9848, :path: /BiRequestStream/requestBiStream, :method: POST, :scheme: http, content-type: application/grpc, te: trailers, user-agent: grpc-java-netty/1.24.0, grpc-accept-encoding: gzip] streamDependency=0 weight=16 exclusive=false padding=0 endStream=false
2022-02-09 13:22:47.127 [grpc-nio-worker-ELG-1-4] DEBUG com.alibaba.nacos.shaded.io.grpc.netty.shaded.io.grpc.netty.NettyClientHandler-[id: 0xef990d19, L:/127.0.0.1:62550 - R:/127.0.0.1:9848] OUTBOUND DATA: streamId=5 padding=0 endStream=false length=172 bytes=00000000a712281a16436f6e6e656374696f6e536574757052657175657374420e3139322e3136382e31302e3132351a7b12797b2268656164657273223a7b7d...
2022-02-09 13:22:47.274 [grpc-nio-worker-ELG-1-4] DEBUG com.alibaba.nacos.shaded.io.grpc.netty.shaded.io.grpc.netty.NettyClientHandler-[id: 0xef990d19, L:/127.0.0.1:62550 - R:/127.0.0.1:9848] OUTBOUND HEADERS: streamId=7 headers=GrpcHttp2OutboundHeaders[:authority: 127.0.0.1:9848, :path: /Request/request, :method: POST, :scheme: http, content-type: application/grpc, te: trailers, user-agent: grpc-java-netty/1.24.0, grpc-accept-encoding: gzip] streamDependency=0 weight=16 exclusive=false padding=0 endStream=false
2022-02-09 13:22:47.275 [grpc-nio-worker-ELG-1-4] DEBUG com.alibaba.nacos.shaded.io.grpc.netty.shaded.io.grpc.netty.NettyClientHandler-[id: 0xef990d19, L:/127.0.0.1:62550 - R:/127.0.0.1:9848] OUTBOUND DATA: streamId=7 padding=0 endStream=true length=224 bytes=00000000db12391a1753756273637269626553657276696365526571756573743a0e0a036170701207756e6b6e6f776e420e3139322e3136382e31302e313235...
2022-02-09 13:22:47.281 [grpc-nio-worker-ELG-1-4] DEBUG com.alibaba.nacos.shaded.io.grpc.netty.shaded.io.grpc.netty.NettyClientHandler-[id: 0xef990d19, L:/127.0.0.1:62550 - R:/127.0.0.1:9848] INBOUND HEADERS: streamId=7 headers=GrpcHttp2ResponseHeaders[:status: 200, content-type: application/grpc, grpc-encoding: identity, grpc-accept-encoding: gzip] streamDependency=0 weight=16 exclusive=false padding=0 endStream=false
2022-02-09 13:22:47.285 [grpc-nio-worker-ELG-1-4] DEBUG com.alibaba.nacos.shaded.io.grpc.netty.shaded.io.grpc.netty.NettyClientHandler-[id: 0xef990d19, L:/127.0.0.1:62550 - R:/127.0.0.1:9848] INBOUND DATA: streamId=7 padding=0 endStream=false length=648 bytes=0000000283121a1a1853756273637269626553657276696365526573706f6e73651ae40412e1047b22726573756c74436f6465223a3230302c226572726f7243...
2022-02-09 13:22:47.287 [grpc-nio-worker-ELG-1-4] DEBUG com.alibaba.nacos.shaded.io.grpc.netty.shaded.io.grpc.netty.NettyClientHandler-[id: 0xef990d19, L:/127.0.0.1:62550 - R:/127.0.0.1:9848] INBOUND HEADERS: streamId=7 headers=GrpcHttp2ResponseHeaders[grpc-status: 0] streamDependency=0 weight=16 exclusive=false padding=0 endStream=true
2022-02-09 13:22:47.349 [nacos.publisher-com.alibaba.nacos.client.naming.event.InstancesChangeEvent] DEBUG com.alibaba.nacos.common.notify.NotifyCenter-[NotifyCenter] the com.alibaba.nacos.client.naming.event.InstancesChangeEvent@244eed01 will received by com.alibaba.nacos.client.naming.event.InstancesChangeNotifier@51c7d472
2022-02-09 13:22:47.473 [main] DEBUG springfox.documentation.spring.web.plugins.DefaultRequestHandlerCombiner-Total number of request handlers 8
2022-02-09 13:22:47.473 [main] DEBUG springfox.documentation.spring.web.plugins.DefaultRequestHandlerCombiner-Adding key: [/edu/config/list], WebMvcRequestHandler{key=RequestHandlerKey{pathMappings=[/edu/config/list], supportedMethods=[GET], supportedMediaTypes=[], producibleMediaTypes=[]}}
2022-02-09 13:22:47.475 [main] DEBUG springfox.documentation.spring.web.plugins.DefaultRequestHandlerCombiner-Adding key: [/edu/config/remove/{id}], WebMvcRequestHandler{key=RequestHandlerKey{pathMappings=[/edu/config/remove/{id}], supportedMethods=[DELETE], supportedMediaTypes=[], producibleMediaTypes=[]}}
2022-02-09 13:22:47.476 [main] DEBUG springfox.documentation.spring.web.plugins.DefaultRequestHandlerCombiner-Adding key: [/edu/config/save], WebMvcRequestHandler{key=RequestHandlerKey{pathMappings=[/edu/config/save], supportedMethods=[POST], supportedMediaTypes=[], producibleMediaTypes=[]}}
2022-02-09 13:22:47.477 [main] DEBUG springfox.documentation.spring.web.plugins.DefaultRequestHandlerCombiner-Adding key: [/error], WebMvcRequestHandler{key=RequestHandlerKey{pathMappings=[/error], supportedMethods=[], supportedMediaTypes=[], producibleMediaTypes=[]}}
2022-02-09 13:22:47.485 [main] DEBUG springfox.documentation.spring.web.plugins.DefaultRequestHandlerCombiner-Adding key: [/error], WebMvcRequestHandler{key=RequestHandlerKey{pathMappings=[/error], supportedMethods=[], supportedMediaTypes=[], producibleMediaTypes=[text/html]}}
2022-02-09 13:22:47.486 [main] DEBUG springfox.documentation.spring.web.plugins.DefaultRequestHandlerCombiner-Adding key: [/swagger-resources/configuration/security], WebMvcRequestHandler{key=RequestHandlerKey{pathMappings=[/swagger-resources/configuration/security], supportedMethods=[], supportedMediaTypes=[], producibleMediaTypes=[]}}
2022-02-09 13:22:47.486 [main] DEBUG springfox.documentation.spring.web.plugins.DefaultRequestHandlerCombiner-Adding key: [/swagger-resources/configuration/ui], WebMvcRequestHandler{key=RequestHandlerKey{pathMappings=[/swagger-resources/configuration/ui], supportedMethods=[], supportedMediaTypes=[], producibleMediaTypes=[]}}
2022-02-09 13:22:47.489 [main] DEBUG springfox.documentation.spring.web.plugins.DefaultRequestHandlerCombiner-Adding key: [/swagger-resources], WebMvcRequestHandler{key=RequestHandlerKey{pathMappings=[/swagger-resources], supportedMethods=[], supportedMediaTypes=[], producibleMediaTypes=[]}}
2022-02-09 13:22:47.529 [main] DEBUG springfox.documentation.spring.web.plugins.DefaultRequestHandlerCombiner-Combined number of request handlers 8
2022-02-09 13:22:47.561 [main] DEBUG springfox.documentation.spring.web.readers.operation.OperationModelsProvider-Adding return parameter of type Ljava/util/Map<Ljava/lang/String;Ljava/lang/Object;>;
2022-02-09 13:22:47.563 [main] DEBUG springfox.documentation.spring.web.readers.operation.OperationModelsProvider-Reading parameters models for handlerMethod |error|
2022-02-09 13:22:47.565 [main] DEBUG springfox.documentation.spring.web.readers.operation.OperationModelsProvider-Finished reading parameters models for handlerMethod |error|
2022-02-09 13:22:47.568 [main] DEBUG springfox.documentation.swagger.readers.operation.SwaggerOperationModelsProvider-Reading parameters models for handlerMethod |error|
2022-02-09 13:22:47.589 [main] DEBUG springfox.documentation.schema.DefaultModelProvider-Skipping model of type Ljava/lang/Object; as its either a container type, map, enum or base type, or its already been handled
2022-02-09 13:22:47.594 [main] DEBUG springfox.documentation.spring.web.scanners.ApiModelReader-Did not find any parameter models for java.util.Map<java.lang.String,java.lang.Object>
2022-02-09 13:22:47.594 [main] DEBUG springfox.documentation.schema.DefaultModelDependencyProvider-Marking base type Ljava/lang/Object; as seen
2022-02-09 13:22:47.622 [main] DEBUG springfox.documentation.spring.web.readers.operation.OperationResponseClassReader-Setting spring response class to: Map«string,object»
2022-02-09 13:22:47.623 [main] DEBUG springfox.documentation.swagger.readers.operation.SwaggerOperationResponseClassReader-Setting response class to:Map«string,object»
2022-02-09 13:22:47.626 [main] DEBUG springfox.documentation.swagger.readers.operation.OperationAuthReader-Authorization count 0 for method error
2022-02-09 13:22:47.641 [main] DEBUG springfox.documentation.spring.web.readers.operation.OperationResponseClassReader-Setting spring response class to: Map«string,object»
2022-02-09 13:22:47.642 [main] DEBUG springfox.documentation.swagger.readers.operation.SwaggerOperationResponseClassReader-Setting response class to:Map«string,object»
2022-02-09 13:22:47.643 [main] DEBUG springfox.documentation.swagger.readers.operation.OperationAuthReader-Authorization count 0 for method error
2022-02-09 13:22:47.646 [main] DEBUG springfox.documentation.spring.web.readers.operation.OperationResponseClassReader-Setting spring response class to: Map«string,object»
2022-02-09 13:22:47.648 [main] DEBUG springfox.documentation.swagger.readers.operation.SwaggerOperationResponseClassReader-Setting response class to:Map«string,object»
2022-02-09 13:22:47.649 [main] DEBUG springfox.documentation.swagger.readers.operation.OperationAuthReader-Authorization count 0 for method error
2022-02-09 13:22:47.652 [main] DEBUG springfox.documentation.spring.web.readers.operation.OperationResponseClassReader-Setting spring response class to: Map«string,object»
2022-02-09 13:22:47.655 [main] DEBUG springfox.documentation.swagger.readers.operation.SwaggerOperationResponseClassReader-Setting response class to:Map«string,object»
2022-02-09 13:22:47.655 [main] DEBUG springfox.documentation.swagger.readers.operation.OperationAuthReader-Authorization count 0 for method error
2022-02-09 13:22:47.660 [main] DEBUG springfox.documentation.spring.web.readers.operation.OperationResponseClassReader-Setting spring response class to: Map«string,object»
2022-02-09 13:22:47.661 [main] DEBUG springfox.documentation.swagger.readers.operation.SwaggerOperationResponseClassReader-Setting response class to:Map«string,object»
2022-02-09 13:22:47.661 [main] DEBUG springfox.documentation.swagger.readers.operation.OperationAuthReader-Authorization count 0 for method error
2022-02-09 13:22:47.664 [main] DEBUG springfox.documentation.spring.web.readers.operation.OperationResponseClassReader-Setting spring response class to: Map«string,object»
2022-02-09 13:22:47.667 [main] DEBUG springfox.documentation.swagger.readers.operation.SwaggerOperationResponseClassReader-Setting response class to:Map«string,object»
2022-02-09 13:22:47.686 [main] DEBUG springfox.documentation.swagger.readers.operation.OperationAuthReader-Authorization count 0 for method error
2022-02-09 13:22:47.718 [main] DEBUG springfox.documentation.spring.web.readers.operation.OperationResponseClassReader-Setting spring response class to: Map«string,object»
2022-02-09 13:22:47.720 [main] DEBUG springfox.documentation.swagger.readers.operation.SwaggerOperationResponseClassReader-Setting response class to:Map«string,object»
2022-02-09 13:22:47.720 [main] DEBUG springfox.documentation.swagger.readers.operation.OperationAuthReader-Authorization count 0 for method error
2022-02-09 13:22:47.723 [main] DEBUG springfox.documentation.spring.web.readers.operation.OperationResponseClassReader-Setting spring response class to: Map«string,object»
2022-02-09 13:22:47.724 [main] DEBUG springfox.documentation.swagger.readers.operation.SwaggerOperationResponseClassReader-Setting response class to:Map«string,object»
2022-02-09 13:22:47.725 [main] DEBUG springfox.documentation.swagger.readers.operation.OperationAuthReader-Authorization count 0 for method error
2022-02-09 13:22:47.777 [main] DEBUG springfox.documentation.spring.web.readers.operation.OperationModelsProvider-Adding return parameter of type Lorg/springframework/web/servlet/ModelAndView;
2022-02-09 13:22:47.819 [main] DEBUG springfox.documentation.spring.web.readers.operation.OperationModelsProvider-Reading parameters models for handlerMethod |errorHtml|
2022-02-09 13:22:47.820 [main] DEBUG springfox.documentation.spring.web.readers.operation.OperationModelsProvider-Finished reading parameters models for handlerMethod |errorHtml|
2022-02-09 13:22:47.821 [main] DEBUG springfox.documentation.swagger.readers.operation.SwaggerOperationModelsProvider-Reading parameters models for handlerMethod |errorHtml|
2022-02-09 13:22:47.828 [main] DEBUG springfox.documentation.schema.property.OptimizedModelPropertiesProvider-Reading property view
2022-02-09 13:22:47.835 [main] DEBUG springfox.documentation.schema.property.bean.BeanModelProperty-Evaluating unwrapped getter for member getView
2022-02-09 13:22:47.837 [main] DEBUG springfox.documentation.schema.property.ObjectMapperBeanPropertyNamingStrategy-Name 'view' renamed to 'view'
2022-02-09 13:22:47.837 [main] DEBUG springfox.documentation.schema.property.OptimizedModelPropertiesProvider-Adding property view to model
2022-02-09 13:22:47.839 [main] DEBUG springfox.documentation.schema.property.bean.BeanModelProperty-Evaluating unwrapped getter for member getView
2022-02-09 13:22:47.840 [main] DEBUG springfox.documentation.schema.property.bean.BeanModelProperty-Evaluating unwrapped getter for member getView
2022-02-09 13:22:47.841 [main] DEBUG springfox.documentation.schema.property.bean.BeanModelProperty-Evaluating unwrapped getter for member getView
2022-02-09 13:22:47.841 [main] DEBUG springfox.documentation.schema.property.bean.BeanModelProperty-Evaluating unwrapped getter for member getView
2022-02-09 13:22:47.848 [grpc-nio-worker-ELG-1-4] DEBUG com.alibaba.nacos.shaded.io.grpc.netty.shaded.io.grpc.netty.NettyClientHandler-[id: 0xef990d19, L:/127.0.0.1:62550 - R:/127.0.0.1:9848] INBOUND HEADERS: streamId=5 headers=GrpcHttp2ResponseHeaders[:status: 200, content-type: application/grpc, grpc-encoding: identity, grpc-accept-encoding: gzip] streamDependency=0 weight=16 exclusive=false padding=0 endStream=false
2022-02-09 13:22:47.851 [grpc-nio-worker-ELG-1-4] DEBUG com.alibaba.nacos.shaded.io.grpc.netty.shaded.io.grpc.netty.NettyClientHandler-[id: 0xef990d19, L:/127.0.0.1:62550 - R:/127.0.0.1:9848] INBOUND DATA: streamId=5 padding=0 endStream=false length=638 bytes=000000027912291a174e6f746966795375627363726962657252657175657374420e3139322e3136382e31302e3132351acb0412c8047b226865616465727322...
2022-02-09 13:22:47.861 [main] DEBUG springfox.documentation.schema.property.OptimizedModelPropertiesProvider-Reading property model
2022-02-09 13:22:47.862 [main] DEBUG springfox.documentation.schema.property.bean.BeanModelProperty-Evaluating unwrapped getter for member getModel
2022-02-09 13:22:47.863 [main] DEBUG springfox.documentation.schema.property.ObjectMapperBeanPropertyNamingStrategy-Name 'model' renamed to 'model'
2022-02-09 13:22:47.863 [main] DEBUG springfox.documentation.schema.property.OptimizedModelPropertiesProvider-Adding property model to model
2022-02-09 13:22:47.863 [main] DEBUG springfox.documentation.schema.property.bean.BeanModelProperty-Evaluating unwrapped getter for member getModel
2022-02-09 13:22:47.866 [main] DEBUG springfox.documentation.schema.property.bean.BeanModelProperty-Evaluating unwrapped getter for member getModel
2022-02-09 13:22:47.866 [main] DEBUG springfox.documentation.schema.property.bean.BeanModelProperty-Evaluating unwrapped getter for member getModel
2022-02-09 13:22:47.867 [main] DEBUG springfox.documentation.schema.property.bean.BeanModelProperty-Evaluating unwrapped getter for member getModel
2022-02-09 13:22:47.867 [main] DEBUG springfox.documentation.schema.property.OptimizedModelPropertiesProvider-Reading property status
2022-02-09 13:22:47.869 [main] DEBUG springfox.documentation.schema.property.bean.BeanModelProperty-Evaluating unwrapped getter for member getStatus
2022-02-09 13:22:47.869 [main] DEBUG springfox.documentation.schema.property.ObjectMapperBeanPropertyNamingStrategy-Name 'status' renamed to 'status'
2022-02-09 13:22:47.869 [main] DEBUG springfox.documentation.schema.property.OptimizedModelPropertiesProvider-Adding property status to model
2022-02-09 13:22:47.871 [main] DEBUG springfox.documentation.schema.property.bean.BeanModelProperty-Evaluating unwrapped getter for member getStatus
2022-02-09 13:22:47.871 [main] DEBUG springfox.documentation.schema.property.bean.BeanModelProperty-Evaluating unwrapped getter for member getStatus
2022-02-09 13:22:47.873 [main] DEBUG springfox.documentation.schema.property.bean.BeanModelProperty-Evaluating unwrapped getter for member getStatus
2022-02-09 13:22:47.874 [main] DEBUG springfox.documentation.schema.property.bean.BeanModelProperty-Evaluating unwrapped getter for member getStatus
2022-02-09 13:22:47.885 [main] DEBUG springfox.documentation.schema.property.OptimizedModelPropertiesProvider-Reading property empty
2022-02-09 13:22:47.888 [main] DEBUG springfox.documentation.schema.property.bean.BeanModelProperty-Evaluating unwrapped getter for member isEmpty
2022-02-09 13:22:47.888 [main] DEBUG springfox.documentation.schema.property.ObjectMapperBeanPropertyNamingStrategy-Name 'empty' renamed to 'empty'
2022-02-09 13:22:47.888 [main] DEBUG springfox.documentation.schema.property.OptimizedModelPropertiesProvider-Adding property empty to model
2022-02-09 13:22:47.888 [main] DEBUG springfox.documentation.schema.property.bean.BeanModelProperty-Evaluating unwrapped getter for member isEmpty
2022-02-09 13:22:47.889 [main] DEBUG springfox.documentation.schema.property.bean.BeanModelProperty-Evaluating unwrapped getter for member isEmpty
2022-02-09 13:22:47.889 [main] DEBUG springfox.documentation.schema.property.bean.BeanModelProperty-Evaluating unwrapped getter for member isEmpty
2022-02-09 13:22:47.889 [main] DEBUG springfox.documentation.schema.property.bean.BeanModelProperty-Evaluating unwrapped getter for member isEmpty
2022-02-09 13:22:47.889 [main] DEBUG springfox.documentation.schema.property.OptimizedModelPropertiesProvider-Reading property modelMap
2022-02-09 13:22:47.890 [main] DEBUG springfox.documentation.schema.property.bean.BeanModelProperty-Evaluating unwrapped getter for member getModelMap
2022-02-09 13:22:47.890 [main] DEBUG springfox.documentation.schema.property.ObjectMapperBeanPropertyNamingStrategy-Name 'modelMap' renamed to 'modelMap'
2022-02-09 13:22:47.890 [main] DEBUG springfox.documentation.schema.property.OptimizedModelPropertiesProvider-Adding property modelMap to model
2022-02-09 13:22:47.890 [main] DEBUG springfox.documentation.schema.property.bean.BeanModelProperty-Evaluating unwrapped getter for member getModelMap
2022-02-09 13:22:47.890 [main] DEBUG springfox.documentation.schema.property.bean.BeanModelProperty-Evaluating unwrapped getter for member getModelMap
2022-02-09 13:22:47.890 [main] DEBUG springfox.documentation.schema.property.bean.BeanModelProperty-Evaluating unwrapped getter for member getModelMap
2022-02-09 13:22:47.890 [main] DEBUG springfox.documentation.schema.property.bean.BeanModelProperty-Evaluating unwrapped getter for member getModelMap
2022-02-09 13:22:47.891 [main] DEBUG springfox.documentation.schema.property.OptimizedModelPropertiesProvider-Reading property viewName
2022-02-09 13:22:47.892 [main] DEBUG springfox.documentation.schema.property.bean.BeanModelProperty-Evaluating unwrapped getter for member getViewName
2022-02-09 13:22:47.892 [main] DEBUG springfox.documentation.schema.property.ObjectMapperBeanPropertyNamingStrategy-Name 'viewName' renamed to 'viewName'
2022-02-09 13:22:47.892 [main] DEBUG springfox.documentation.schema.property.OptimizedModelPropertiesProvider-Adding property viewName to model
2022-02-09 13:22:47.892 [main] DEBUG springfox.documentation.schema.property.bean.BeanModelProperty-Evaluating unwrapped getter for member getViewName
2022-02-09 13:22:47.892 [main] DEBUG springfox.documentation.schema.property.bean.BeanModelProperty-Evaluating unwrapped getter for member getViewName
2022-02-09 13:22:47.893 [main] DEBUG springfox.documentation.schema.property.bean.BeanModelProperty-Evaluating unwrapped getter for member getViewName
2022-02-09 13:22:47.893 [main] DEBUG springfox.documentation.schema.property.bean.BeanModelProperty-Evaluating unwrapped getter for member getViewName
2022-02-09 13:22:47.893 [main] DEBUG springfox.documentation.schema.property.OptimizedModelPropertiesProvider-Reading property reference
2022-02-09 13:22:47.894 [main] DEBUG springfox.documentation.schema.property.bean.BeanModelProperty-Evaluating unwrapped getter for member isReference
2022-02-09 13:22:47.894 [main] DEBUG springfox.documentation.schema.property.ObjectMapperBeanPropertyNamingStrategy-Name 'reference' renamed to 'reference'
2022-02-09 13:22:47.896 [main] DEBUG springfox.documentation.schema.property.OptimizedModelPropertiesProvider-Adding property reference to model
2022-02-09 13:22:47.896 [main] DEBUG springfox.documentation.schema.property.bean.BeanModelProperty-Evaluating unwrapped getter for member isReference
2022-02-09 13:22:47.896 [main] DEBUG springfox.documentation.schema.property.bean.BeanModelProperty-Evaluating unwrapped getter for member isReference
2022-02-09 13:22:47.897 [main] DEBUG springfox.documentation.schema.property.bean.BeanModelProperty-Evaluating unwrapped getter for member isReference
2022-02-09 13:22:47.897 [main] DEBUG springfox.documentation.schema.property.bean.BeanModelProperty-Evaluating unwrapped getter for member isReference
2022-02-09 13:22:47.906 [main] DEBUG springfox.documentation.schema.DefaultModelProvider-Inferred 7 properties. Properties found empty, model, modelMap, reference, status, view, viewName
2022-02-09 13:22:47.909 [main] DEBUG springfox.documentation.spring.web.scanners.ApiModelReader-Generated parameter model id: ModelAndView, name: ModelAndView, schema: {} models
2022-02-09 13:22:47.910 [main] DEBUG springfox.documentation.spring.web.scanners.ApiModelReader-Adding a new model with key ModelAndView
2022-02-09 13:22:47.911 [main] DEBUG springfox.documentation.schema.DefaultModelDependencyProvider-Adding type Lorg/springframework/ui/ModelMap; for parameter modelMap
2022-02-09 13:22:47.911 [main] DEBUG springfox.documentation.schema.DefaultModelDependencyProvider-Recursively resolving dependencies for value type Ljava/lang/Object;
2022-02-09 13:22:47.912 [main] DEBUG springfox.documentation.schema.DefaultModelDependencyProvider-Marking base type Ljava/lang/Object; as seen
2022-02-09 13:22:47.912 [main] DEBUG springfox.documentation.schema.DefaultModelDependencyProvider-Adding type Lorg/springframework/web/servlet/View; for parameter view
2022-02-09 13:22:47.912 [main] DEBUG springfox.documentation.schema.DefaultModelDependencyProvider-Recursively resolving dependencies for type Lorg/springframework/web/servlet/View;
2022-02-09 13:22:47.915 [main] DEBUG springfox.documentation.schema.property.OptimizedModelPropertiesProvider-Reading property contentType
2022-02-09 13:22:47.916 [main] DEBUG springfox.documentation.schema.property.bean.BeanModelProperty-Evaluating unwrapped getter for member getContentType
2022-02-09 13:22:47.916 [main] DEBUG springfox.documentation.schema.property.ObjectMapperBeanPropertyNamingStrategy-Name 'contentType' renamed to 'contentType'
2022-02-09 13:22:47.922 [main] DEBUG springfox.documentation.schema.property.OptimizedModelPropertiesProvider-Adding property contentType to model
2022-02-09 13:22:47.922 [main] DEBUG springfox.documentation.schema.property.bean.BeanModelProperty-Evaluating unwrapped getter for member getContentType
2022-02-09 13:22:47.922 [main] DEBUG springfox.documentation.schema.property.bean.BeanModelProperty-Evaluating unwrapped getter for member getContentType
2022-02-09 13:22:47.922 [main] DEBUG springfox.documentation.schema.property.bean.BeanModelProperty-Evaluating unwrapped getter for member getContentType
2022-02-09 13:22:47.922 [main] DEBUG springfox.documentation.schema.property.bean.BeanModelProperty-Evaluating unwrapped getter for member getContentType
2022-02-09 13:22:47.923 [main] DEBUG springfox.documentation.schema.DefaultModelProvider-Inferred 1 properties. Properties found contentType
2022-02-09 13:22:47.923 [main] DEBUG springfox.documentation.spring.web.scanners.ApiModelReader-Adding a new model with key View
2022-02-09 13:22:47.924 [main] DEBUG springfox.documentation.spring.web.readers.operation.OperationResponseClassReader-Setting spring response class to: ModelAndView
2022-02-09 13:22:47.925 [main] DEBUG springfox.documentation.swagger.readers.operation.SwaggerOperationResponseClassReader-Setting response class to:ModelAndView
2022-02-09 13:22:47.926 [main] DEBUG springfox.documentation.swagger.readers.operation.OperationAuthReader-Authorization count 0 for method errorHtml
2022-02-09 13:22:47.928 [main] DEBUG springfox.documentation.spring.web.readers.operation.OperationResponseClassReader-Setting spring response class to: ModelAndView
2022-02-09 13:22:47.928 [main] DEBUG springfox.documentation.swagger.readers.operation.SwaggerOperationResponseClassReader-Setting response class to:ModelAndView
2022-02-09 13:22:47.929 [main] DEBUG springfox.documentation.swagger.readers.operation.OperationAuthReader-Authorization count 0 for method errorHtml
2022-02-09 13:22:47.930 [main] DEBUG springfox.documentation.spring.web.readers.operation.OperationResponseClassReader-Setting spring response class to: ModelAndView
2022-02-09 13:22:47.930 [main] DEBUG springfox.documentation.swagger.readers.operation.SwaggerOperationResponseClassReader-Setting response class to:ModelAndView
2022-02-09 13:22:47.930 [main] DEBUG springfox.documentation.swagger.readers.operation.OperationAuthReader-Authorization count 0 for method errorHtml
2022-02-09 13:22:47.936 [main] DEBUG springfox.documentation.spring.web.readers.operation.OperationResponseClassReader-Setting spring response class to: ModelAndView
2022-02-09 13:22:47.942 [main] DEBUG springfox.documentation.swagger.readers.operation.SwaggerOperationResponseClassReader-Setting response class to:ModelAndView
2022-02-09 13:22:47.942 [main] DEBUG springfox.documentation.swagger.readers.operation.OperationAuthReader-Authorization count 0 for method errorHtml
2022-02-09 13:22:47.944 [main] DEBUG springfox.documentation.spring.web.readers.operation.OperationResponseClassReader-Setting spring response class to: ModelAndView
2022-02-09 13:22:47.945 [main] DEBUG springfox.documentation.swagger.readers.operation.SwaggerOperationResponseClassReader-Setting response class to:ModelAndView
2022-02-09 13:22:47.946 [main] DEBUG springfox.documentation.swagger.readers.operation.OperationAuthReader-Authorization count 0 for method errorHtml
2022-02-09 13:22:47.948 [main] DEBUG springfox.documentation.spring.web.readers.operation.OperationResponseClassReader-Setting spring response class to: ModelAndView
2022-02-09 13:22:47.951 [main] DEBUG springfox.documentation.swagger.readers.operation.SwaggerOperationResponseClassReader-Setting response class to:ModelAndView
2022-02-09 13:22:47.952 [main] DEBUG springfox.documentation.swagger.readers.operation.OperationAuthReader-Authorization count 0 for method errorHtml
2022-02-09 13:22:47.955 [main] DEBUG springfox.documentation.spring.web.readers.operation.OperationResponseClassReader-Setting spring response class to: ModelAndView
2022-02-09 13:22:47.956 [main] DEBUG springfox.documentation.swagger.readers.operation.SwaggerOperationResponseClassReader-Setting response class to:ModelAndView
2022-02-09 13:22:47.957 [main] DEBUG springfox.documentation.swagger.readers.operation.OperationAuthReader-Authorization count 0 for method errorHtml
2022-02-09 13:22:47.959 [nacos.publisher-com.alibaba.nacos.client.naming.event.InstancesChangeEvent] DEBUG com.alibaba.nacos.common.notify.NotifyCenter-[NotifyCenter] the com.alibaba.nacos.client.naming.event.InstancesChangeEvent@4ebbdf38 will received by com.alibaba.nacos.client.naming.event.InstancesChangeNotifier@51c7d472
2022-02-09 13:22:47.960 [main] DEBUG springfox.documentation.spring.web.readers.operation.OperationResponseClassReader-Setting spring response class to: ModelAndView
2022-02-09 13:22:47.961 [main] DEBUG springfox.documentation.swagger.readers.operation.SwaggerOperationResponseClassReader-Setting response class to:ModelAndView
2022-02-09 13:22:47.961 [main] DEBUG springfox.documentation.swagger.readers.operation.OperationAuthReader-Authorization count 0 for method errorHtml
2022-02-09 13:22:47.971 [grpc-nio-worker-ELG-1-2] DEBUG com.alibaba.nacos.shaded.io.grpc.netty.shaded.io.grpc.netty.NettyClientHandler-[id: 0xf78c3c68, L:/127.0.0.1:62531 - R:localhost/127.0.0.1:9848] OUTBOUND HEADERS: streamId=17 headers=GrpcHttp2OutboundHeaders[:authority: localhost:9848, :path: /Request/request, :method: POST, :scheme: http, content-type: application/grpc, te: trailers, user-agent: grpc-java-netty/1.24.0, grpc-accept-encoding: gzip] streamDependency=0 weight=16 exclusive=false padding=0 endStream=false
2022-02-09 13:22:47.972 [grpc-nio-worker-ELG-1-2] DEBUG com.alibaba.nacos.shaded.io.grpc.netty.shaded.io.grpc.netty.NettyClientHandler-[id: 0xf78c3c68, L:/127.0.0.1:62531 - R:localhost/127.0.0.1:9848] OUTBOUND DATA: streamId=17 padding=0 endStream=true length=81 bytes=000000004c12241a124865616c7468436865636b52657175657374420e3139322e3136382e31302e3132351a2412227b2268656164657273223a7b7d2c226d6f...
2022-02-09 13:22:47.974 [grpc-nio-worker-ELG-1-2] DEBUG com.alibaba.nacos.shaded.io.grpc.netty.shaded.io.grpc.netty.NettyClientHandler-[id: 0xf78c3c68, L:/127.0.0.1:62531 - R:localhost/127.0.0.1:9848] INBOUND HEADERS: streamId=17 headers=GrpcHttp2ResponseHeaders[:status: 200, content-type: application/grpc, grpc-encoding: identity, grpc-accept-encoding: gzip] streamDependency=0 weight=16 exclusive=false padding=0 endStream=false
2022-02-09 13:22:47.975 [grpc-nio-worker-ELG-1-2] DEBUG com.alibaba.nacos.shaded.io.grpc.netty.shaded.io.grpc.netty.NettyClientHandler-[id: 0xf78c3c68, L:/127.0.0.1:62531 - R:localhost/127.0.0.1:9848] INBOUND DATA: streamId=17 padding=0 endStream=false length=79 bytes=000000004a12151a134865616c7468436865636b526573706f6e73651a31122f7b22726573756c74436f6465223a3230302c226572726f72436f6465223a302c...
2022-02-09 13:22:47.975 [grpc-nio-worker-ELG-1-2] DEBUG com.alibaba.nacos.shaded.io.grpc.netty.shaded.io.grpc.netty.NettyClientHandler-[id: 0xf78c3c68, L:/127.0.0.1:62531 - R:localhost/127.0.0.1:9848] INBOUND HEADERS: streamId=17 headers=GrpcHttp2ResponseHeaders[grpc-status: 0] streamDependency=0 weight=16 exclusive=false padding=0 endStream=true
2022-02-09 13:22:47.985 [grpc-nio-worker-ELG-1-4] DEBUG com.alibaba.nacos.shaded.io.grpc.netty.shaded.io.grpc.netty.NettyClientHandler-[id: 0xef990d19, L:/127.0.0.1:62550 - R:/127.0.0.1:9848] OUTBOUND DATA: streamId=5 padding=0 endStream=false length=101 bytes=0000000060121a1a184e6f7469667953756273637269626572526573706f6e73651a4212407b22726573756c74436f6465223a3230302c226572726f72436f64...
2022-02-09 13:22:48.027 [main] DEBUG springfox.documentation.spring.web.readers.operation.OperationModelsProvider-Adding return parameter of type Lcom/novedu/nov/common/api/BaseResult<Ljava/util/List;>;
2022-02-09 13:22:48.027 [main] DEBUG springfox.documentation.spring.web.readers.operation.OperationModelsProvider-Reading parameters models for handlerMethod |getConfigList|
2022-02-09 13:22:48.027 [main] DEBUG springfox.documentation.spring.web.readers.operation.OperationModelsProvider-Finished reading parameters models for handlerMethod |getConfigList|
2022-02-09 13:22:48.027 [main] DEBUG springfox.documentation.swagger.readers.operation.SwaggerOperationModelsProvider-Reading parameters models for handlerMethod |getConfigList|
2022-02-09 13:22:48.034 [main] DEBUG springfox.documentation.schema.property.OptimizedModelPropertiesProvider-Reading property code
2022-02-09 13:22:48.035 [main] DEBUG springfox.documentation.schema.property.bean.BeanModelProperty-Evaluating unwrapped getter for member getCode
2022-02-09 13:22:48.035 [main] DEBUG springfox.documentation.schema.property.ObjectMapperBeanPropertyNamingStrategy-Name 'code' renamed to 'code'
2022-02-09 13:22:48.035 [main] DEBUG springfox.documentation.schema.property.OptimizedModelPropertiesProvider-Adding property code to model
2022-02-09 13:22:48.035 [main] DEBUG springfox.documentation.schema.property.bean.BeanModelProperty-Evaluating unwrapped getter for member getCode
2022-02-09 13:22:48.036 [main] DEBUG springfox.documentation.schema.property.bean.BeanModelProperty-Evaluating unwrapped getter for member getCode
2022-02-09 13:22:48.036 [main] DEBUG springfox.documentation.schema.property.bean.BeanModelProperty-Evaluating unwrapped getter for member getCode
2022-02-09 13:22:48.036 [main] DEBUG springfox.documentation.schema.property.bean.BeanModelProperty-Evaluating unwrapped getter for member getCode
2022-02-09 13:22:48.036 [main] DEBUG springfox.documentation.schema.property.OptimizedModelPropertiesProvider-Reading property msg
2022-02-09 13:22:48.036 [main] DEBUG springfox.documentation.schema.property.bean.BeanModelProperty-Evaluating unwrapped getter for member getMsg
2022-02-09 13:22:48.036 [main] DEBUG springfox.documentation.schema.property.ObjectMapperBeanPropertyNamingStrategy-Name 'msg' renamed to 'msg'
2022-02-09 13:22:48.037 [main] DEBUG springfox.documentation.schema.property.OptimizedModelPropertiesProvider-Adding property msg to model
2022-02-09 13:22:48.037 [main] DEBUG springfox.documentation.schema.property.bean.BeanModelProperty-Evaluating unwrapped getter for member getMsg
2022-02-09 13:22:48.037 [main] DEBUG springfox.documentation.schema.property.bean.BeanModelProperty-Evaluating unwrapped getter for member getMsg
2022-02-09 13:22:48.037 [main] DEBUG springfox.documentation.schema.property.bean.BeanModelProperty-Evaluating unwrapped getter for member getMsg
2022-02-09 13:22:48.037 [main] DEBUG springfox.documentation.schema.property.bean.BeanModelProperty-Evaluating unwrapped getter for member getMsg
2022-02-09 13:22:48.037 [main] DEBUG springfox.documentation.schema.property.OptimizedModelPropertiesProvider-Reading property data
2022-02-09 13:22:48.037 [main] DEBUG springfox.documentation.schema.property.bean.BeanModelProperty-Evaluating unwrapped getter for member getData
2022-02-09 13:22:48.037 [main] DEBUG springfox.documentation.schema.property.ObjectMapperBeanPropertyNamingStrategy-Name 'data' renamed to 'data'
2022-02-09 13:22:48.038 [main] DEBUG springfox.documentation.schema.property.OptimizedModelPropertiesProvider-Adding property data to model
2022-02-09 13:22:48.038 [main] DEBUG springfox.documentation.schema.property.bean.BeanModelProperty-Evaluating unwrapped getter for member getData
2022-02-09 13:22:48.038 [main] DEBUG springfox.documentation.schema.property.bean.BeanModelProperty-Evaluating unwrapped getter for member getData
2022-02-09 13:22:48.038 [main] DEBUG springfox.documentation.schema.property.bean.BeanModelProperty-Evaluating unwrapped getter for member getData
2022-02-09 13:22:48.038 [main] DEBUG springfox.documentation.schema.property.bean.BeanModelProperty-Evaluating unwrapped getter for member getData
2022-02-09 13:22:48.038 [main] DEBUG springfox.documentation.schema.DefaultModelProvider-Inferred 3 properties. Properties found code, data, msg
2022-02-09 13:22:48.039 [main] DEBUG springfox.documentation.spring.web.scanners.ApiModelReader-Generated parameter model id: BaseResult«List«SysConfig对象»», name: BaseResult«List«SysConfig对象»», schema: {} models
2022-02-09 13:22:48.039 [main] DEBUG springfox.documentation.spring.web.scanners.ApiModelReader-Adding a new model with key BaseResult«List«SysConfig对象»»
2022-02-09 13:22:48.040 [main] DEBUG springfox.documentation.schema.DefaultModelDependencyProvider-Adding type for parameter Ljava/util/List<Lcom/novedu/nov/common/module/entity/SysConfig;>;
2022-02-09 13:22:48.040 [main] DEBUG springfox.documentation.schema.DefaultModelDependencyProvider-Recursively resolving dependencies for parameter Ljava/util/List<Lcom/novedu/nov/common/module/entity/SysConfig;>;
2022-02-09 13:22:48.040 [main] DEBUG springfox.documentation.schema.DefaultModelDependencyProvider-Adding type for parameter Lcom/novedu/nov/common/module/entity/SysConfig;
2022-02-09 13:22:48.040 [main] DEBUG springfox.documentation.schema.DefaultModelDependencyProvider-Recursively resolving dependencies for parameter Lcom/novedu/nov/common/module/entity/SysConfig;
2022-02-09 13:22:48.042 [main] DEBUG springfox.documentation.schema.property.OptimizedModelPropertiesProvider-Reading property id
2022-02-09 13:22:48.043 [main] DEBUG springfox.documentation.schema.property.bean.BeanModelProperty-Evaluating unwrapped getter for member getId
2022-02-09 13:22:48.043 [main] DEBUG springfox.documentation.schema.property.ObjectMapperBeanPropertyNamingStrategy-Name 'id' renamed to 'id'
2022-02-09 13:22:48.043 [main] DEBUG springfox.documentation.schema.property.OptimizedModelPropertiesProvider-Adding property id to model
2022-02-09 13:22:48.043 [main] DEBUG springfox.documentation.schema.property.bean.BeanModelProperty-Evaluating unwrapped getter for member getId
2022-02-09 13:22:48.044 [main] DEBUG springfox.documentation.schema.property.bean.BeanModelProperty-Evaluating unwrapped getter for member getId
2022-02-09 13:22:48.044 [main] DEBUG springfox.documentation.schema.property.bean.BeanModelProperty-Evaluating unwrapped getter for member getId
2022-02-09 13:22:48.045 [main] DEBUG springfox.documentation.schema.property.bean.BeanModelProperty-Evaluating unwrapped getter for member getId
2022-02-09 13:22:48.054 [main] DEBUG springfox.documentation.schema.property.OptimizedModelPropertiesProvider-Reading property configKey
2022-02-09 13:22:48.055 [main] DEBUG springfox.documentation.schema.property.bean.BeanModelProperty-Evaluating unwrapped getter for member getConfigKey
2022-02-09 13:22:48.055 [main] DEBUG springfox.documentation.schema.property.ObjectMapperBeanPropertyNamingStrategy-Name 'configKey' renamed to 'configKey'
2022-02-09 13:22:48.055 [main] DEBUG springfox.documentation.schema.property.OptimizedModelPropertiesProvider-Adding property configKey to model
2022-02-09 13:22:48.055 [main] DEBUG springfox.documentation.schema.property.bean.BeanModelProperty-Evaluating unwrapped getter for member getConfigKey
2022-02-09 13:22:48.055 [main] DEBUG springfox.documentation.schema.property.bean.BeanModelProperty-Evaluating unwrapped getter for member getConfigKey
2022-02-09 13:22:48.056 [main] DEBUG springfox.documentation.schema.property.bean.BeanModelProperty-Evaluating unwrapped getter for member getConfigKey
2022-02-09 13:22:48.056 [main] DEBUG springfox.documentation.schema.property.bean.BeanModelProperty-Evaluating unwrapped getter for member getConfigKey
2022-02-09 13:22:48.056 [main] DEBUG springfox.documentation.schema.property.OptimizedModelPropertiesProvider-Reading property configValue
2022-02-09 13:22:48.057 [main] DEBUG springfox.documentation.schema.property.bean.BeanModelProperty-Evaluating unwrapped getter for member getConfigValue
2022-02-09 13:22:48.057 [main] DEBUG springfox.documentation.schema.property.ObjectMapperBeanPropertyNamingStrategy-Name 'configValue' renamed to 'configValue'
2022-02-09 13:22:48.057 [main] DEBUG springfox.documentation.schema.property.OptimizedModelPropertiesProvider-Adding property configValue to model
2022-02-09 13:22:48.057 [main] DEBUG springfox.documentation.schema.property.bean.BeanModelProperty-Evaluating unwrapped getter for member getConfigValue
2022-02-09 13:22:48.058 [main] DEBUG springfox.documentation.schema.property.bean.BeanModelProperty-Evaluating unwrapped getter for member getConfigValue
2022-02-09 13:22:48.058 [main] DEBUG springfox.documentation.schema.property.bean.BeanModelProperty-Evaluating unwrapped getter for member getConfigValue
2022-02-09 13:22:48.058 [main] DEBUG springfox.documentation.schema.property.bean.BeanModelProperty-Evaluating unwrapped getter for member getConfigValue
2022-02-09 13:22:48.058 [main] DEBUG springfox.documentation.schema.property.OptimizedModelPropertiesProvider-Reading property configName
2022-02-09 13:22:48.059 [main] DEBUG springfox.documentation.schema.property.bean.BeanModelProperty-Evaluating unwrapped getter for member getConfigName
2022-02-09 13:22:48.060 [main] DEBUG springfox.documentation.schema.property.ObjectMapperBeanPropertyNamingStrategy-Name 'configName' renamed to 'configName'
2022-02-09 13:22:48.060 [main] DEBUG springfox.documentation.schema.property.OptimizedModelPropertiesProvider-Adding property configName to model
2022-02-09 13:22:48.060 [main] DEBUG springfox.documentation.schema.property.bean.BeanModelProperty-Evaluating unwrapped getter for member getConfigName
2022-02-09 13:22:48.060 [main] DEBUG springfox.documentation.schema.property.bean.BeanModelProperty-Evaluating unwrapped getter for member getConfigName
2022-02-09 13:22:48.060 [main] DEBUG springfox.documentation.schema.property.bean.BeanModelProperty-Evaluating unwrapped getter for member getConfigName
2022-02-09 13:22:48.060 [main] DEBUG springfox.documentation.schema.property.bean.BeanModelProperty-Evaluating unwrapped getter for member getConfigName
2022-02-09 13:22:48.061 [main] DEBUG springfox.documentation.schema.property.OptimizedModelPropertiesProvider-Reading property createTime
2022-02-09 13:22:48.061 [main] DEBUG springfox.documentation.schema.property.bean.BeanModelProperty-Evaluating unwrapped getter for member getCreateTime
2022-02-09 13:22:48.061 [main] DEBUG springfox.documentation.schema.property.ObjectMapperBeanPropertyNamingStrategy-Name 'createTime' renamed to 'createTime'
2022-02-09 13:22:48.062 [main] DEBUG springfox.documentation.schema.property.OptimizedModelPropertiesProvider-Adding property createTime to model
2022-02-09 13:22:48.062 [main] DEBUG springfox.documentation.schema.property.bean.BeanModelProperty-Evaluating unwrapped getter for member getCreateTime
2022-02-09 13:22:48.062 [main] DEBUG springfox.documentation.schema.property.bean.BeanModelProperty-Evaluating unwrapped getter for member getCreateTime
2022-02-09 13:22:48.062 [main] DEBUG springfox.documentation.schema.property.bean.BeanModelProperty-Evaluating unwrapped getter for member getCreateTime
2022-02-09 13:22:48.062 [main] DEBUG springfox.documentation.schema.property.bean.BeanModelProperty-Evaluating unwrapped getter for member getCreateTime
2022-02-09 13:22:48.063 [main] DEBUG springfox.documentation.schema.property.OptimizedModelPropertiesProvider-Reading property updateTime
2022-02-09 13:22:48.063 [main] DEBUG springfox.documentation.schema.property.bean.BeanModelProperty-Evaluating unwrapped getter for member getUpdateTime
2022-02-09 13:22:48.063 [main] DEBUG springfox.documentation.schema.property.ObjectMapperBeanPropertyNamingStrategy-Name 'updateTime' renamed to 'updateTime'
2022-02-09 13:22:48.063 [main] DEBUG springfox.documentation.schema.property.OptimizedModelPropertiesProvider-Adding property updateTime to model
2022-02-09 13:22:48.064 [main] DEBUG springfox.documentation.schema.property.bean.BeanModelProperty-Evaluating unwrapped getter for member getUpdateTime
2022-02-09 13:22:48.064 [main] DEBUG springfox.documentation.schema.property.bean.BeanModelProperty-Evaluating unwrapped getter for member getUpdateTime
2022-02-09 13:22:48.064 [main] DEBUG springfox.documentation.schema.property.bean.BeanModelProperty-Evaluating unwrapped getter for member getUpdateTime
2022-02-09 13:22:48.064 [main] DEBUG springfox.documentation.schema.property.bean.BeanModelProperty-Evaluating unwrapped getter for member getUpdateTime
2022-02-09 13:22:48.064 [main] DEBUG springfox.documentation.schema.property.OptimizedModelPropertiesProvider-Reading property isDeleted
2022-02-09 13:22:48.065 [main] DEBUG springfox.documentation.schema.property.bean.BeanModelProperty-Evaluating unwrapped getter for member getIsDeleted
2022-02-09 13:22:48.065 [main] DEBUG springfox.documentation.schema.property.ObjectMapperBeanPropertyNamingStrategy-Name 'isDeleted' renamed to 'isDeleted'
2022-02-09 13:22:48.065 [main] DEBUG springfox.documentation.schema.property.OptimizedModelPropertiesProvider-Adding property isDeleted to model
2022-02-09 13:22:48.065 [main] DEBUG springfox.documentation.schema.property.bean.BeanModelProperty-Evaluating unwrapped getter for member getIsDeleted
2022-02-09 13:22:48.065 [main] DEBUG springfox.documentation.schema.property.bean.BeanModelProperty-Evaluating unwrapped getter for member getIsDeleted
2022-02-09 13:22:48.066 [main] DEBUG springfox.documentation.schema.property.bean.BeanModelProperty-Evaluating unwrapped getter for member getIsDeleted
2022-02-09 13:22:48.066 [main] DEBUG springfox.documentation.schema.property.bean.BeanModelProperty-Evaluating unwrapped getter for member getIsDeleted
2022-02-09 13:22:48.067 [main] DEBUG springfox.documentation.schema.DefaultModelDependencyProvider-Adding type Ljava/util/List<Lcom/novedu/nov/common/module/entity/SysConfig;>; for parameter data
2022-02-09 13:22:48.068 [main] DEBUG springfox.documentation.schema.DefaultModelDependencyProvider-Adding collectionElement type Lcom/novedu/nov/common/module/entity/SysConfig;
2022-02-09 13:22:48.068 [main] DEBUG springfox.documentation.schema.DefaultModelDependencyProvider-Recursively resolving dependencies for collectionElement type Lcom/novedu/nov/common/module/entity/SysConfig;
2022-02-09 13:22:48.068 [main] DEBUG springfox.documentation.schema.DefaultModelProvider-Skipping model of type Ljava/util/List<Lcom/novedu/nov/common/module/entity/SysConfig;>; as its either a container type, map, enum or base type, or its already been handled
2022-02-09 13:22:48.069 [main] DEBUG springfox.documentation.schema.DefaultModelProvider-Inferred 7 properties. Properties found configKey, configName, configValue, createTime, id, isDeleted, updateTime
2022-02-09 13:22:48.069 [main] DEBUG springfox.documentation.spring.web.scanners.ApiModelReader-Adding a new model with key SysConfig对象
2022-02-09 13:22:48.070 [main] DEBUG springfox.documentation.spring.web.readers.operation.OperationResponseClassReader-Setting spring response class to: BaseResult«List«SysConfig对象»»
2022-02-09 13:22:48.071 [main] DEBUG springfox.documentation.swagger.readers.operation.SwaggerOperationResponseClassReader-Setting response class to:BaseResult«List«SysConfig对象»»
2022-02-09 13:22:48.071 [main] DEBUG springfox.documentation.swagger.readers.operation.OperationAuthReader-Authorization count 0 for method getConfigList
2022-02-09 13:22:48.072 [main] DEBUG springfox.documentation.spring.web.readers.operation.OperationModelsProvider-Adding return parameter of type Lcom/novedu/nov/common/api/BaseResult;
2022-02-09 13:22:48.072 [main] DEBUG springfox.documentation.spring.web.readers.operation.OperationModelsProvider-Reading parameters models for handlerMethod |removeConfig|
2022-02-09 13:22:48.074 [main] DEBUG springfox.documentation.spring.web.readers.operation.OperationModelsProvider-Finished reading parameters models for handlerMethod |removeConfig|
2022-02-09 13:22:48.075 [main] DEBUG springfox.documentation.swagger.readers.operation.SwaggerOperationModelsProvider-Reading parameters models for handlerMethod |removeConfig|
2022-02-09 13:22:48.076 [main] DEBUG springfox.documentation.schema.property.OptimizedModelPropertiesProvider-Reading property code
2022-02-09 13:22:48.076 [main] DEBUG springfox.documentation.schema.property.bean.BeanModelProperty-Evaluating unwrapped getter for member getCode
2022-02-09 13:22:48.077 [main] DEBUG springfox.documentation.schema.property.ObjectMapperBeanPropertyNamingStrategy-Name 'code' renamed to 'code'
2022-02-09 13:22:48.077 [main] DEBUG springfox.documentation.schema.property.OptimizedModelPropertiesProvider-Adding property code to model
2022-02-09 13:22:48.077 [main] DEBUG springfox.documentation.schema.property.bean.BeanModelProperty-Evaluating unwrapped getter for member getCode
2022-02-09 13:22:48.077 [main] DEBUG springfox.documentation.schema.property.bean.BeanModelProperty-Evaluating unwrapped getter for member getCode
2022-02-09 13:22:48.077 [main] DEBUG springfox.documentation.schema.property.bean.BeanModelProperty-Evaluating unwrapped getter for member getCode
2022-02-09 13:22:48.078 [main] DEBUG springfox.documentation.schema.property.bean.BeanModelProperty-Evaluating unwrapped getter for member getCode
2022-02-09 13:22:48.078 [main] DEBUG springfox.documentation.schema.property.OptimizedModelPropertiesProvider-Reading property msg
2022-02-09 13:22:48.078 [main] DEBUG springfox.documentation.schema.property.bean.BeanModelProperty-Evaluating unwrapped getter for member getMsg
2022-02-09 13:22:48.078 [main] DEBUG springfox.documentation.schema.property.ObjectMapperBeanPropertyNamingStrategy-Name 'msg' renamed to 'msg'
2022-02-09 13:22:48.078 [main] DEBUG springfox.documentation.schema.property.OptimizedModelPropertiesProvider-Adding property msg to model
2022-02-09 13:22:48.079 [main] DEBUG springfox.documentation.schema.property.bean.BeanModelProperty-Evaluating unwrapped getter for member getMsg
2022-02-09 13:22:48.079 [main] DEBUG springfox.documentation.schema.property.bean.BeanModelProperty-Evaluating unwrapped getter for member getMsg
2022-02-09 13:22:48.079 [main] DEBUG springfox.documentation.schema.property.bean.BeanModelProperty-Evaluating unwrapped getter for member getMsg
2022-02-09 13:22:48.079 [main] DEBUG springfox.documentation.schema.property.bean.BeanModelProperty-Evaluating unwrapped getter for member getMsg
2022-02-09 13:22:48.079 [main] DEBUG springfox.documentation.schema.property.OptimizedModelPropertiesProvider-Reading property data
2022-02-09 13:22:48.079 [main] DEBUG springfox.documentation.schema.property.bean.BeanModelProperty-Evaluating unwrapped getter for member getData
2022-02-09 13:22:48.080 [main] DEBUG springfox.documentation.schema.property.ObjectMapperBeanPropertyNamingStrategy-Name 'data' renamed to 'data'
2022-02-09 13:22:48.080 [main] DEBUG springfox.documentation.schema.property.OptimizedModelPropertiesProvider-Adding property data to model
2022-02-09 13:22:48.080 [main] DEBUG springfox.documentation.schema.property.bean.BeanModelProperty-Evaluating unwrapped getter for member getData
2022-02-09 13:22:48.080 [main] DEBUG springfox.documentation.schema.property.bean.BeanModelProperty-Evaluating unwrapped getter for member getData
2022-02-09 13:22:48.080 [main] DEBUG springfox.documentation.schema.property.bean.BeanModelProperty-Evaluating unwrapped getter for member getData
2022-02-09 13:22:48.080 [main] DEBUG springfox.documentation.schema.property.bean.BeanModelProperty-Evaluating unwrapped getter for member getData
2022-02-09 13:22:48.081 [main] DEBUG springfox.documentation.schema.DefaultModelProvider-Inferred 3 properties. Properties found code, data, msg
2022-02-09 13:22:48.081 [main] DEBUG springfox.documentation.spring.web.scanners.ApiModelReader-Generated parameter model id: BaseResult, name: BaseResult, schema: {} models
2022-02-09 13:22:48.081 [main] DEBUG springfox.documentation.spring.web.scanners.ApiModelReader-Adding a new model with key BaseResult
2022-02-09 13:22:48.095 [main] DEBUG springfox.documentation.spring.web.readers.operation.OperationResponseClassReader-Setting spring response class to: BaseResult
2022-02-09 13:22:48.098 [main] DEBUG springfox.documentation.swagger.readers.operation.VendorExtensionsReader-Extension count 1 for method removeConfig
2022-02-09 13:22:48.098 [main] DEBUG springfox.documentation.swagger.readers.operation.SwaggerOperationResponseClassReader-Setting response class to:BaseResult
2022-02-09 13:22:48.100 [main] DEBUG springfox.documentation.swagger.readers.operation.OperationAuthReader-Authorization count 0 for method removeConfig
2022-02-09 13:22:48.106 [main] DEBUG springfox.documentation.spring.web.readers.operation.OperationModelsProvider-Adding return parameter of type Lcom/novedu/nov/common/api/BaseResult;
2022-02-09 13:22:48.106 [main] DEBUG springfox.documentation.spring.web.readers.operation.OperationModelsProvider-Reading parameters models for handlerMethod |saveConfig|
2022-02-09 13:22:48.106 [main] DEBUG springfox.documentation.spring.web.readers.operation.OperationModelsProvider-Finished reading parameters models for handlerMethod |saveConfig|
2022-02-09 13:22:48.107 [main] DEBUG springfox.documentation.swagger.readers.operation.SwaggerOperationModelsProvider-Reading parameters models for handlerMethod |saveConfig|
2022-02-09 13:22:48.107 [main] DEBUG springfox.documentation.spring.web.scanners.ApiModelReader-Generated parameter model id: BaseResult, name: BaseResult, schema: {} models
2022-02-09 13:22:48.116 [main] DEBUG springfox.documentation.spring.web.readers.parameter.ModelAttributeParameterExpander-Expanding parameter type: com.novedu.nov.common.base.SysConfig
2022-02-09 13:22:48.130 [main] DEBUG springfox.documentation.spring.web.readers.parameter.ModelAttributeParameterExpander-Attempting to expand field: springfox.documentation.spring.web.readers.parameter.ModelAttributeField@58397dee
2022-02-09 13:22:48.130 [main] DEBUG springfox.documentation.spring.web.readers.parameter.ModelAttributeParameterExpander-Building parameter for field: springfox.documentation.spring.web.readers.parameter.ModelAttributeField@58397dee, with type: 
2022-02-09 13:22:48.135 [main] DEBUG springfox.documentation.spring.web.readers.parameter.ModelAttributeParameterExpander-Attempting to expand field: springfox.documentation.spring.web.readers.parameter.ModelAttributeField@4164ab12
2022-02-09 13:22:48.135 [main] DEBUG springfox.documentation.spring.web.readers.parameter.ModelAttributeParameterExpander-Building parameter for field: springfox.documentation.spring.web.readers.parameter.ModelAttributeField@4164ab12, with type: 
2022-02-09 13:22:48.135 [main] DEBUG springfox.documentation.spring.web.readers.parameter.ModelAttributeParameterExpander-Attempting to expand field: springfox.documentation.spring.web.readers.parameter.ModelAttributeField@37bafef8
2022-02-09 13:22:48.136 [main] DEBUG springfox.documentation.spring.web.readers.parameter.ModelAttributeParameterExpander-Building parameter for field: springfox.documentation.spring.web.readers.parameter.ModelAttributeField@37bafef8, with type: 
2022-02-09 13:22:48.136 [main] DEBUG springfox.documentation.spring.web.readers.parameter.ModelAttributeParameterExpander-Attempting to expand field: springfox.documentation.spring.web.readers.parameter.ModelAttributeField@2a6b6f4
2022-02-09 13:22:48.136 [main] DEBUG springfox.documentation.spring.web.readers.parameter.ModelAttributeParameterExpander-Building parameter for field: springfox.documentation.spring.web.readers.parameter.ModelAttributeField@2a6b6f4, with type: 
2022-02-09 13:22:48.136 [main] DEBUG springfox.documentation.spring.web.readers.parameter.ModelAttributeParameterExpander-Attempting to expand field: springfox.documentation.spring.web.readers.parameter.ModelAttributeField@11636d43
2022-02-09 13:22:48.136 [main] DEBUG springfox.documentation.spring.web.readers.parameter.ModelAttributeParameterExpander-Building parameter for field: springfox.documentation.spring.web.readers.parameter.ModelAttributeField@11636d43, with type: 
2022-02-09 13:22:48.136 [main] DEBUG springfox.documentation.spring.web.readers.parameter.ModelAttributeParameterExpander-Attempting to expand field: springfox.documentation.spring.web.readers.parameter.ModelAttributeField@753b6846
2022-02-09 13:22:48.136 [main] DEBUG springfox.documentation.spring.web.readers.parameter.ModelAttributeParameterExpander-Building parameter for field: springfox.documentation.spring.web.readers.parameter.ModelAttributeField@753b6846, with type: 
2022-02-09 13:22:48.137 [main] DEBUG springfox.documentation.spring.web.readers.parameter.ModelAttributeParameterExpander-Attempting to expand field: springfox.documentation.spring.web.readers.parameter.ModelAttributeField@15961527
2022-02-09 13:22:48.137 [main] DEBUG springfox.documentation.spring.web.readers.parameter.ModelAttributeParameterExpander-Building parameter for field: springfox.documentation.spring.web.readers.parameter.ModelAttributeField@15961527, with type: 
2022-02-09 13:22:48.141 [main] DEBUG springfox.documentation.spring.web.readers.operation.OperationResponseClassReader-Setting spring response class to: BaseResult
2022-02-09 13:22:48.143 [main] DEBUG springfox.documentation.swagger.readers.operation.SwaggerOperationResponseClassReader-Setting response class to:BaseResult
2022-02-09 13:22:48.144 [main] DEBUG springfox.documentation.swagger.readers.operation.OperationAuthReader-Authorization count 0 for method saveConfig
2022-02-09 13:22:48.226 [grpc-nio-worker-ELG-1-2] DEBUG com.alibaba.nacos.shaded.io.grpc.netty.shaded.io.grpc.netty.NettyClientHandler-[id: 0xf78c3c68, L:/127.0.0.1:62531 - R:localhost/127.0.0.1:9848] OUTBOUND HEADERS: streamId=19 headers=GrpcHttp2OutboundHeaders[:authority: localhost:9848, :path: /Request/request, :method: POST, :scheme: http, content-type: application/grpc, te: trailers, user-agent: grpc-java-netty/1.24.0, grpc-accept-encoding: gzip] streamDependency=0 weight=16 exclusive=false padding=0 endStream=false
2022-02-09 13:22:48.227 [grpc-nio-worker-ELG-1-2] DEBUG com.alibaba.nacos.shaded.io.grpc.netty.shaded.io.grpc.netty.NettyClientHandler-[id: 0xf78c3c68, L:/127.0.0.1:62531 - R:localhost/127.0.0.1:9848] OUTBOUND DATA: streamId=19 padding=0 endStream=true length=391 bytes=000000018212e5011a18436f6e66696742617463684c697374656e526571756573743a100a076368617273657412055554462d383a190a0e436c69656e742d41...
2022-02-09 13:22:48.229 [grpc-nio-worker-ELG-1-2] DEBUG com.alibaba.nacos.shaded.io.grpc.netty.shaded.io.grpc.netty.NettyClientHandler-[id: 0xf78c3c68, L:/127.0.0.1:62531 - R:localhost/127.0.0.1:9848] INBOUND HEADERS: streamId=19 headers=GrpcHttp2ResponseHeaders[:status: 200, content-type: application/grpc, grpc-encoding: identity, grpc-accept-encoding: gzip] streamDependency=0 weight=16 exclusive=false padding=0 endStream=false
2022-02-09 13:22:48.230 [grpc-nio-worker-ELG-1-2] DEBUG com.alibaba.nacos.shaded.io.grpc.netty.shaded.io.grpc.netty.NettyClientHandler-[id: 0xf78c3c68, L:/127.0.0.1:62531 - R:localhost/127.0.0.1:9848] INBOUND DATA: streamId=19 padding=0 endStream=false length=111 bytes=000000006a12211a1f436f6e6669674368616e676542617463684c697374656e526573706f6e73651a4512437b22726573756c74436f6465223a3230302c2265...
2022-02-09 13:22:48.231 [grpc-nio-worker-ELG-1-2] DEBUG com.alibaba.nacos.shaded.io.grpc.netty.shaded.io.grpc.netty.NettyClientHandler-[id: 0xf78c3c68, L:/127.0.0.1:62531 - R:localhost/127.0.0.1:9848] INBOUND HEADERS: streamId=19 headers=GrpcHttp2ResponseHeaders[grpc-status: 0] streamDependency=0 weight=16 exclusive=false padding=0 endStream=true
2022-02-09 13:22:48.246 [grpc-nio-worker-ELG-1-2] DEBUG com.alibaba.nacos.shaded.io.grpc.netty.shaded.io.grpc.netty.NettyClientHandler-[id: 0xf78c3c68, L:/127.0.0.1:62531 - R:localhost/127.0.0.1:9848] OUTBOUND HEADERS: streamId=21 headers=GrpcHttp2OutboundHeaders[:authority: localhost:9848, :path: /Request/request, :method: POST, :scheme: http, content-type: application/grpc, te: trailers, user-agent: grpc-java-netty/1.24.0, grpc-accept-encoding: gzip] streamDependency=0 weight=16 exclusive=false padding=0 endStream=false
2022-02-09 13:22:48.247 [grpc-nio-worker-ELG-1-2] DEBUG com.alibaba.nacos.shaded.io.grpc.netty.shaded.io.grpc.netty.NettyClientHandler-[id: 0xf78c3c68, L:/127.0.0.1:62531 - R:localhost/127.0.0.1:9848] OUTBOUND DATA: streamId=21 padding=0 endStream=true length=494 bytes=00000001e912e5011a18436f6e66696742617463684c697374656e526571756573743a100a076368617273657412055554462d383a190a0e436c69656e742d41...
2022-02-09 13:22:48.253 [grpc-nio-worker-ELG-1-2] DEBUG com.alibaba.nacos.shaded.io.grpc.netty.shaded.io.grpc.netty.NettyClientHandler-[id: 0xf78c3c68, L:/127.0.0.1:62531 - R:localhost/127.0.0.1:9848] INBOUND HEADERS: streamId=21 headers=GrpcHttp2ResponseHeaders[:status: 200, content-type: application/grpc, grpc-encoding: identity, grpc-accept-encoding: gzip] streamDependency=0 weight=16 exclusive=false padding=0 endStream=false
2022-02-09 13:22:48.255 [grpc-nio-worker-ELG-1-2] DEBUG com.alibaba.nacos.shaded.io.grpc.netty.shaded.io.grpc.netty.NettyClientHandler-[id: 0xf78c3c68, L:/127.0.0.1:62531 - R:localhost/127.0.0.1:9848] INBOUND DATA: streamId=21 padding=0 endStream=false length=111 bytes=000000006a12211a1f436f6e6669674368616e676542617463684c697374656e526573706f6e73651a4512437b22726573756c74436f6465223a3230302c2265...
2022-02-09 13:22:48.256 [grpc-nio-worker-ELG-1-2] DEBUG com.alibaba.nacos.shaded.io.grpc.netty.shaded.io.grpc.netty.NettyClientHandler-[id: 0xf78c3c68, L:/127.0.0.1:62531 - R:localhost/127.0.0.1:9848] INBOUND HEADERS: streamId=21 headers=GrpcHttp2ResponseHeaders[grpc-status: 0] streamDependency=0 weight=16 exclusive=false padding=0 endStream=true
2022-02-09 13:22:48.311 [grpc-nio-worker-ELG-1-4] DEBUG com.alibaba.nacos.shaded.io.grpc.netty.shaded.io.grpc.netty.NettyClientHandler-[id: 0xef990d19, L:/127.0.0.1:62550 - R:/127.0.0.1:9848] OUTBOUND HEADERS: streamId=9 headers=GrpcHttp2OutboundHeaders[:authority: 127.0.0.1:9848, :path: /Request/request, :method: POST, :scheme: http, content-type: application/grpc, te: trailers, user-agent: grpc-java-netty/1.24.0, grpc-accept-encoding: gzip] streamDependency=0 weight=16 exclusive=false padding=0 endStream=false
2022-02-09 13:22:48.312 [grpc-nio-worker-ELG-1-4] DEBUG com.alibaba.nacos.shaded.io.grpc.netty.shaded.io.grpc.netty.NettyClientHandler-[id: 0xef990d19, L:/127.0.0.1:62550 - R:/127.0.0.1:9848] OUTBOUND DATA: streamId=9 padding=0 endStream=true length=234 bytes=00000000e512351a13536572766963655175657279526571756573743a0e0a036170701207756e6b6e6f776e420e3139322e3136382e31302e3132351aab0112...
2022-02-09 13:22:48.314 [grpc-nio-worker-ELG-1-4] DEBUG com.alibaba.nacos.shaded.io.grpc.netty.shaded.io.grpc.netty.NettyClientHandler-[id: 0xef990d19, L:/127.0.0.1:62550 - R:/127.0.0.1:9848] INBOUND HEADERS: streamId=9 headers=GrpcHttp2ResponseHeaders[:status: 200, content-type: application/grpc, grpc-encoding: identity, grpc-accept-encoding: gzip] streamDependency=0 weight=16 exclusive=false padding=0 endStream=false
2022-02-09 13:22:48.314 [grpc-nio-worker-ELG-1-4] DEBUG com.alibaba.nacos.shaded.io.grpc.netty.shaded.io.grpc.netty.NettyClientHandler-[id: 0xef990d19, L:/127.0.0.1:62550 - R:/127.0.0.1:9848] INBOUND DATA: streamId=9 padding=0 endStream=false length=624 bytes=000000026b12161a14517565727953657276696365526573706f6e73651ad00412cd047b22726573756c74436f6465223a3230302c226572726f72436f646522...
2022-02-09 13:22:48.315 [grpc-nio-worker-ELG-1-4] DEBUG com.alibaba.nacos.shaded.io.grpc.netty.shaded.io.grpc.netty.NettyClientHandler-[id: 0xef990d19, L:/127.0.0.1:62550 - R:/127.0.0.1:9848] INBOUND HEADERS: streamId=9 headers=GrpcHttp2ResponseHeaders[grpc-status: 0] streamDependency=0 weight=16 exclusive=false padding=0 endStream=true
2022-02-09 13:22:49.863 [main] DEBUG com.netflix.loadbalancer.ZoneAffinityServerListFilter-ZoneAffinity is set to false
2022-02-09 13:22:49.864 [main] DEBUG com.netflix.loadbalancer.ZoneAffinityServerListFilter-activeReqeustsPerServerThreshold: 0.6
2022-02-09 13:22:49.865 [main] DEBUG com.netflix.loadbalancer.ZoneAffinityServerListFilter-blackOutServerPercentageThreshold: 0.8
2022-02-09 13:22:49.866 [main] DEBUG com.netflix.loadbalancer.ZoneAffinityServerListFilter-availableServersThreshold: 2
2022-02-09 13:22:50.127 [main] DEBUG com.netflix.loadbalancer.BaseLoadBalancer-LoadBalancer [service-edu]:  pingIntervalSeconds set to 30
2022-02-09 13:22:50.128 [main] DEBUG com.netflix.loadbalancer.BaseLoadBalancer-LoadBalancer [service-edu]: maxTotalPingTime set to 2
2022-02-09 13:22:50.153 [grpc-nio-worker-ELG-1-4] DEBUG com.alibaba.nacos.shaded.io.grpc.netty.shaded.io.grpc.netty.NettyClientHandler-[id: 0xef990d19, L:/127.0.0.1:62550 - R:/127.0.0.1:9848] OUTBOUND HEADERS: streamId=11 headers=GrpcHttp2OutboundHeaders[:authority: 127.0.0.1:9848, :path: /Request/request, :method: POST, :scheme: http, content-type: application/grpc, te: trailers, user-agent: grpc-java-netty/1.24.0, grpc-accept-encoding: gzip] streamDependency=0 weight=16 exclusive=false padding=0 endStream=false
2022-02-09 13:22:50.153 [grpc-nio-worker-ELG-1-4] DEBUG com.alibaba.nacos.shaded.io.grpc.netty.shaded.io.grpc.netty.NettyClientHandler-[id: 0xef990d19, L:/127.0.0.1:62550 - R:/127.0.0.1:9848] OUTBOUND DATA: streamId=11 padding=0 endStream=true length=210 bytes=00000000cd12391a1753756273637269626553657276696365526571756573743a0e0a036170701207756e6b6e6f776e420e3139322e3136382e31302e313235...
2022-02-09 13:22:50.160 [grpc-nio-worker-ELG-1-4] DEBUG com.alibaba.nacos.shaded.io.grpc.netty.shaded.io.grpc.netty.NettyClientHandler-[id: 0xef990d19, L:/127.0.0.1:62550 - R:/127.0.0.1:9848] INBOUND HEADERS: streamId=11 headers=GrpcHttp2ResponseHeaders[:status: 200, content-type: application/grpc, grpc-encoding: identity, grpc-accept-encoding: gzip] streamDependency=0 weight=16 exclusive=false padding=0 endStream=false
2022-02-09 13:22:50.161 [grpc-nio-worker-ELG-1-4] DEBUG com.alibaba.nacos.shaded.io.grpc.netty.shaded.io.grpc.netty.NettyClientHandler-[id: 0xef990d19, L:/127.0.0.1:62550 - R:/127.0.0.1:9848] INBOUND DATA: streamId=11 padding=0 endStream=false length=613 bytes=0000000260121a1a1853756273637269626553657276696365526573706f6e73651ac10412be047b22726573756c74436f6465223a3230302c226572726f7243...
2022-02-09 13:22:50.161 [grpc-nio-worker-ELG-1-4] DEBUG com.alibaba.nacos.shaded.io.grpc.netty.shaded.io.grpc.netty.NettyClientHandler-[id: 0xef990d19, L:/127.0.0.1:62550 - R:/127.0.0.1:9848] INBOUND HEADERS: streamId=11 headers=GrpcHttp2ResponseHeaders[grpc-status: 0] streamDependency=0 weight=16 exclusive=false padding=0 endStream=true
2022-02-09 13:22:50.164 [nacos.publisher-com.alibaba.nacos.client.naming.event.InstancesChangeEvent] DEBUG com.alibaba.nacos.common.notify.NotifyCenter-[NotifyCenter] the com.alibaba.nacos.client.naming.event.InstancesChangeEvent@5b8e9bd9 will received by com.alibaba.nacos.client.naming.event.InstancesChangeNotifier@51c7d472
2022-02-09 13:22:50.184 [main] DEBUG com.netflix.loadbalancer.DynamicServerListLoadBalancer-List of Servers for service-edu obtained from Discovery client: [192.168.10.125:8081]
2022-02-09 13:22:50.184 [main] DEBUG com.netflix.loadbalancer.DynamicServerListLoadBalancer-Filtered List of Servers for service-edu obtained from Discovery client: [192.168.10.125:8081]
2022-02-09 13:22:50.184 [main] DEBUG com.netflix.loadbalancer.BaseLoadBalancer-LoadBalancer [service-edu]: clearing server list (SET op)
2022-02-09 13:22:50.184 [main] DEBUG com.netflix.loadbalancer.BaseLoadBalancer-LoadBalancer [service-edu]:  addServer [192.168.10.125:8081]
2022-02-09 13:22:50.204 [main] DEBUG com.netflix.loadbalancer.DynamicServerListLoadBalancer-Setting server list for zones: {unknown=[192.168.10.125:8081]}
2022-02-09 13:22:50.207 [main] DEBUG com.netflix.loadbalancer.BaseLoadBalancer-LoadBalancer [service-edu_unknown]:  initialized
2022-02-09 13:22:50.209 [main] DEBUG com.netflix.loadbalancer.BaseLoadBalancer-LoadBalancer [service-edu_unknown]: clearing server list (SET op)
2022-02-09 13:22:50.209 [main] DEBUG com.netflix.loadbalancer.BaseLoadBalancer-LoadBalancer [service-edu_unknown]:  addServer [192.168.10.125:8081]
2022-02-09 13:22:50.416 [main] DEBUG com.netflix.loadbalancer.ZoneAwareLoadBalancer-Zone aware logic disabled or there is only one zone
2022-02-09 13:22:50.417 [main] DEBUG com.netflix.loadbalancer.LoadBalancerContext-service-edu using LB returned Server: 192.168.10.125:8081 for request http:///edu/course/statistics/course/playCount
2022-02-09 13:22:50.768 [grpc-nio-worker-ELG-1-4] DEBUG com.alibaba.nacos.shaded.io.grpc.netty.shaded.io.grpc.netty.NettyClientHandler-[id: 0xef990d19, L:/127.0.0.1:62550 - R:/127.0.0.1:9848] INBOUND DATA: streamId=5 padding=0 endStream=false length=624 bytes=000000026b12291a174e6f746966795375627363726962657252657175657374420e3139322e3136382e31302e3132351abd0412ba047b226865616465727322...
2022-02-09 13:22:50.781 [grpc-nio-worker-ELG-1-4] DEBUG com.alibaba.nacos.shaded.io.grpc.netty.shaded.io.grpc.netty.NettyClientHandler-[id: 0xef990d19, L:/127.0.0.1:62550 - R:/127.0.0.1:9848] OUTBOUND DATA: streamId=5 padding=0 endStream=false length=101 bytes=0000000060121a1a184e6f7469667953756273637269626572526573706f6e73651a4212407b22726573756c74436f6465223a3230302c226572726f72436f64...
2022-02-09 13:22:51.154 [PollingServerListUpdater-0] DEBUG com.netflix.loadbalancer.DynamicServerListLoadBalancer-List of Servers for service-edu obtained from Discovery client: [192.168.10.125:8081]
2022-02-09 13:22:51.154 [PollingServerListUpdater-0] DEBUG com.netflix.loadbalancer.DynamicServerListLoadBalancer-Filtered List of Servers for service-edu obtained from Discovery client: [192.168.10.125:8081]
2022-02-09 13:22:51.154 [PollingServerListUpdater-0] DEBUG com.netflix.loadbalancer.BaseLoadBalancer-LoadBalancer [service-edu]: clearing server list (SET op)
2022-02-09 13:22:51.154 [PollingServerListUpdater-0] DEBUG com.netflix.loadbalancer.BaseLoadBalancer-LoadBalancer [service-edu]:  addServer [192.168.10.125:8081]
2022-02-09 13:22:51.154 [PollingServerListUpdater-0] DEBUG com.netflix.loadbalancer.DynamicServerListLoadBalancer-Setting server list for zones: {unknown=[192.168.10.125:8081]}
2022-02-09 13:22:51.158 [grpc-nio-worker-ELG-1-4] DEBUG com.alibaba.nacos.shaded.io.grpc.netty.shaded.io.grpc.netty.NettyClientHandler-[id: 0xef990d19, L:/127.0.0.1:62550 - R:/127.0.0.1:9848] OUTBOUND HEADERS: streamId=13 headers=GrpcHttp2OutboundHeaders[:authority: 127.0.0.1:9848, :path: /Request/request, :method: POST, :scheme: http, content-type: application/grpc, te: trailers, user-agent: grpc-java-netty/1.24.0, grpc-accept-encoding: gzip] streamDependency=0 weight=16 exclusive=false padding=0 endStream=false
2022-02-09 13:22:51.158 [grpc-nio-worker-ELG-1-4] DEBUG com.alibaba.nacos.shaded.io.grpc.netty.shaded.io.grpc.netty.NettyClientHandler-[id: 0xef990d19, L:/127.0.0.1:62550 - R:/127.0.0.1:9848] OUTBOUND DATA: streamId=13 padding=0 endStream=true length=220 bytes=00000000d712351a13536572766963655175657279526571756573743a0e0a036170701207756e6b6e6f776e420e3139322e3136382e31302e3132351a9d0112...
2022-02-09 13:22:51.162 [PollingServerListUpdater-0] DEBUG com.netflix.loadbalancer.BaseLoadBalancer-LoadBalancer [service-edu_unknown]:  initialized
2022-02-09 13:22:51.164 [grpc-nio-worker-ELG-1-4] DEBUG com.alibaba.nacos.shaded.io.grpc.netty.shaded.io.grpc.netty.NettyClientHandler-[id: 0xef990d19, L:/127.0.0.1:62550 - R:/127.0.0.1:9848] INBOUND HEADERS: streamId=13 headers=GrpcHttp2ResponseHeaders[:status: 200, content-type: application/grpc, grpc-encoding: identity, grpc-accept-encoding: gzip] streamDependency=0 weight=16 exclusive=false padding=0 endStream=false
2022-02-09 13:22:51.165 [grpc-nio-worker-ELG-1-4] DEBUG com.alibaba.nacos.shaded.io.grpc.netty.shaded.io.grpc.netty.NettyClientHandler-[id: 0xef990d19, L:/127.0.0.1:62550 - R:/127.0.0.1:9848] INBOUND DATA: streamId=13 padding=0 endStream=false length=603 bytes=000000025612161a14517565727953657276696365526573706f6e73651abb0412b8047b22726573756c74436f6465223a3230302c226572726f72436f646522...
2022-02-09 13:22:51.168 [grpc-nio-worker-ELG-1-4] DEBUG com.alibaba.nacos.shaded.io.grpc.netty.shaded.io.grpc.netty.NettyClientHandler-[id: 0xef990d19, L:/127.0.0.1:62550 - R:/127.0.0.1:9848] INBOUND HEADERS: streamId=13 headers=GrpcHttp2ResponseHeaders[grpc-status: 0] streamDependency=0 weight=16 exclusive=false padding=0 endStream=true
2022-02-09 13:22:51.171 [PollingServerListUpdater-0] DEBUG com.netflix.loadbalancer.BaseLoadBalancer-LoadBalancer [service-edu_unknown]: clearing server list (SET op)
2022-02-09 13:22:51.171 [PollingServerListUpdater-0] DEBUG com.netflix.loadbalancer.BaseLoadBalancer-LoadBalancer [service-edu_unknown]:  addServer [192.168.10.125:8081]
2022-02-09 13:22:51.472 [main] DEBUG com.netflix.loadbalancer.reactive.LoadBalancerCommand-Got error java.net.SocketTimeoutException: Read timed out when executed on server 192.168.10.125:8081
2022-02-09 13:22:51.477 [main] DEBUG com.netflix.loadbalancer.ZoneAwareLoadBalancer-Zone aware logic disabled or there is only one zone
2022-02-09 13:22:51.477 [main] DEBUG com.netflix.loadbalancer.LoadBalancerContext-service-edu using LB returned Server: 192.168.10.125:8081 for request http:///edu/course/statistics/course/playCount
2022-02-09 13:22:52.486 [main] DEBUG com.netflix.loadbalancer.reactive.LoadBalancerCommand-Got error java.net.SocketTimeoutException: Read timed out when executed on server 192.168.10.125:8081
2022-02-09 13:22:52.557 [grpc-nio-worker-ELG-1-4] DEBUG com.alibaba.nacos.shaded.io.grpc.netty.shaded.io.grpc.netty.NettyClientHandler-[id: 0xef990d19, L:/127.0.0.1:62550 - R:/127.0.0.1:9848] OUTBOUND HEADERS: streamId=15 headers=GrpcHttp2OutboundHeaders[:authority: 127.0.0.1:9848, :path: /Request/request, :method: POST, :scheme: http, content-type: application/grpc, te: trailers, user-agent: grpc-java-netty/1.24.0, grpc-accept-encoding: gzip] streamDependency=0 weight=16 exclusive=false padding=0 endStream=false
2022-02-09 13:22:52.557 [grpc-nio-worker-ELG-1-4] DEBUG com.alibaba.nacos.shaded.io.grpc.netty.shaded.io.grpc.netty.NettyClientHandler-[id: 0xef990d19, L:/127.0.0.1:62550 - R:/127.0.0.1:9848] OUTBOUND DATA: streamId=15 padding=0 endStream=true length=225 bytes=00000000dc12391a1753756273637269626553657276696365526571756573743a0e0a036170701207756e6b6e6f776e420e3139322e3136382e31302e313235...
2022-02-09 13:22:52.559 [grpc-nio-worker-ELG-1-4] DEBUG com.alibaba.nacos.shaded.io.grpc.netty.shaded.io.grpc.netty.NettyClientHandler-[id: 0xef990d19, L:/127.0.0.1:62550 - R:/127.0.0.1:9848] INBOUND HEADERS: streamId=15 headers=GrpcHttp2ResponseHeaders[:status: 200, content-type: application/grpc, grpc-encoding: identity, grpc-accept-encoding: gzip] streamDependency=0 weight=16 exclusive=false padding=0 endStream=false
2022-02-09 13:22:52.559 [grpc-nio-worker-ELG-1-4] DEBUG com.alibaba.nacos.shaded.io.grpc.netty.shaded.io.grpc.netty.NettyClientHandler-[id: 0xef990d19, L:/127.0.0.1:62550 - R:/127.0.0.1:9848] INBOUND DATA: streamId=15 padding=0 endStream=false length=333 bytes=0000000148121a1a1853756273637269626553657276696365526573706f6e73651aa90212a6027b22726573756c74436f6465223a3230302c226572726f7243...
2022-02-09 13:22:52.559 [grpc-nio-worker-ELG-1-4] DEBUG com.alibaba.nacos.shaded.io.grpc.netty.shaded.io.grpc.netty.NettyClientHandler-[id: 0xef990d19, L:/127.0.0.1:62550 - R:/127.0.0.1:9848] INBOUND HEADERS: streamId=15 headers=GrpcHttp2ResponseHeaders[grpc-status: 0] streamDependency=0 weight=16 exclusive=false padding=0 endStream=true
2022-02-09 13:22:52.567 [SpringContextShutdownHook] DEBUG io.lettuce.core.RedisClient-Initiate shutdown (100, 100, MILLISECONDS)
2022-02-09 13:22:52.580 [SpringContextShutdownHook] DEBUG io.lettuce.core.resource.DefaultClientResources-Initiate shutdown (0, 2, SECONDS)
2022-02-09 13:22:52.585 [SpringContextShutdownHook] DEBUG io.lettuce.core.resource.DefaultEventLoopGroupProvider-Initiate shutdown (0, 2, SECONDS)
2022-02-09 13:22:53.272 [grpc-nio-worker-ELG-1-4] DEBUG com.alibaba.nacos.shaded.io.grpc.netty.shaded.io.grpc.netty.NettyClientHandler-[id: 0xef990d19, L:/127.0.0.1:62550 - R:/127.0.0.1:9848] OUTBOUND DATA: streamId=5 padding=0 endStream=true length=0 bytes=
2022-02-09 13:22:53.273 [grpc-nio-worker-ELG-1-4] DEBUG com.alibaba.nacos.shaded.io.grpc.netty.shaded.io.grpc.netty.NettyClientHandler-[id: 0xef990d19, L:/127.0.0.1:62550 - R:/127.0.0.1:9848] INBOUND HEADERS: streamId=5 headers=GrpcHttp2ResponseHeaders[grpc-status: 0] streamDependency=0 weight=16 exclusive=false padding=0 endStream=true
2022-02-09 13:22:53.282 [grpc-nio-worker-ELG-1-4] DEBUG com.alibaba.nacos.shaded.io.grpc.netty.shaded.io.grpc.netty.NettyClientHandler-[id: 0xef990d19, L:/127.0.0.1:62550 - R:/127.0.0.1:9848] OUTBOUND GO_AWAY: lastStreamId=0 errorCode=0 length=0 bytes=
