2022-01-11 14:26:45.142 [background-preinit] DEBUG org.jboss.logging-Logging Provider: org.jboss.logging.Log4j2LoggerProvider
2022-01-11 14:26:45.180 [background-preinit] DEBUG org.hibernate.validator.internal.xml.config.ValidationXmlParser-Trying to load META-INF/validation.xml for XML based Validator configuration.
2022-01-11 14:26:45.194 [background-preinit] DEBUG org.hibernate.validator.internal.xml.config.ResourceLoaderHelper-Trying to load META-INF/validation.xml via TCCL
2022-01-11 14:26:45.199 [background-preinit] DEBUG org.hibernate.validator.internal.xml.config.ResourceLoaderHelper-Trying to load META-INF/validation.xml via Hibernate Validator's class loader
2022-01-11 14:26:45.201 [background-preinit] DEBUG org.hibernate.validator.internal.xml.config.ValidationXmlParser-No META-INF/validation.xml found. Using annotation based configuration only.
2022-01-11 14:26:45.224 [background-preinit] DEBUG org.hibernate.validator.internal.engine.resolver.TraversableResolvers-Cannot find javax.persistence.Persistence on classpath. Assuming non JPA 2 environment. All properties will per default be traversable.
2022-01-11 14:26:45.413 [background-preinit] DEBUG org.hibernate.validator.messageinterpolation.ResourceBundleMessageInterpolator-Loaded expression factory via original TCCL
2022-01-11 14:26:45.903 [background-preinit] DEBUG org.hibernate.validator.internal.engine.ValidatorFactoryConfigurationHelper-HV000252: Using org.hibernate.validator.internal.engine.DefaultPropertyNodeNameProvider as property node name provider.
2022-01-11 14:26:45.930 [background-preinit] DEBUG org.hibernate.validator.internal.engine.ValidatorFactoryConfigurationHelper-HV000234: Using org.hibernate.validator.messageinterpolation.ResourceBundleMessageInterpolator as ValidatorFactory-scoped message interpolator.
2022-01-11 14:26:45.931 [background-preinit] DEBUG org.hibernate.validator.internal.engine.ValidatorFactoryConfigurationHelper-HV000234: Using org.hibernate.validator.internal.engine.resolver.TraverseAllTraversableResolver as ValidatorFactory-scoped traversable resolver.
2022-01-11 14:26:45.936 [background-preinit] DEBUG org.hibernate.validator.internal.engine.ValidatorFactoryConfigurationHelper-HV000234: Using org.hibernate.validator.internal.util.ExecutableParameterNameProvider as ValidatorFactory-scoped parameter name provider.
2022-01-11 14:26:45.937 [background-preinit] DEBUG org.hibernate.validator.internal.engine.ValidatorFactoryConfigurationHelper-HV000234: Using org.hibernate.validator.internal.engine.DefaultClockProvider as ValidatorFactory-scoped clock provider.
2022-01-11 14:26:45.938 [background-preinit] DEBUG org.hibernate.validator.internal.engine.ValidatorFactoryConfigurationHelper-HV000234: Using org.hibernate.validator.internal.engine.scripting.DefaultScriptEvaluatorFactory as ValidatorFactory-scoped script evaluator factory.
2022-01-11 14:26:48.488 [main] DEBUG org.reflections.Reflections-going to scan these urls:
jar:file:/E:/tool/maven/repository/com/alibaba/nacos/nacos-client/2.0.3/nacos-client-2.0.3.jar!/
2022-01-11 14:26:48.612 [main] DEBUG org.reflections.Reflections-expanded subtype com.alibaba.nacos.api.remote.request.Request -> com.alibaba.nacos.api.remote.request.ServerRequest
2022-01-11 14:26:48.634 [main] DEBUG org.reflections.Reflections-going to scan these urls:
jar:file:/E:/tool/maven/repository/com/alibaba/nacos/nacos-client/2.0.3/nacos-client-2.0.3.jar!/
2022-01-11 14:26:48.684 [main] DEBUG org.reflections.Reflections-expanded subtype com.alibaba.nacos.api.remote.request.Request -> com.alibaba.nacos.api.remote.request.ServerRequest
2022-01-11 14:26:48.688 [main] DEBUG org.reflections.Reflections-going to scan these urls:
jar:file:/E:/tool/maven/repository/com/alibaba/nacos/nacos-client/2.0.3/nacos-client-2.0.3.jar!/
2022-01-11 14:26:48.719 [main] DEBUG org.reflections.Reflections-going to scan these urls:
file:/C:/Users/dzyx/.m2/repository/org/junit/platform/junit-platform-commons/1.6.3/junit-platform-commons-1.6.3.jar
file:/E:/tool/maven/repository/org/springframework/security/spring-security-rsa/1.0.10.RELEASE/spring-security-rsa-1.0.10.RELEASE.jar
file:/E:/tool/maven/repository/org/apache/poi/poi/3.15/poi-3.15.jar
file:/E:/tool/maven/repository/org/jdom/jdom2/2.0.6/jdom2-2.0.6.jar
file:/E:/tool/maven/repository/org/springframework/plugin/spring-plugin-metadata/1.2.0.RELEASE/spring-plugin-metadata-1.2.0.RELEASE.jar
file:/E:/tool/maven/repository/commons-codec/commons-codec/1.14/commons-codec-1.14.jar
file:/E:/tool/maven/repository/io/swagger/swagger-models/1.5.20/swagger-models-1.5.20.jar
file:/E:/tool/maven/repository/ch/qos/logback/logback-core/1.2.3/logback-core-1.2.3.jar
file:/E:/tool/maven/repository/com/fasterxml/jackson/datatype/jackson-datatype-jsr310/2.11.4/jackson-datatype-jsr310-2.11.4.jar
file:/E:/tool/maven/repository/org/junit/jupiter/junit-jupiter-api/5.6.3/junit-jupiter-api-5.6.3.jar
file:/E:/tool/maven/repository/org/springframework/cloud/spring-cloud-starter-openfeign/3.1.0/spring-cloud-starter-openfeign-3.1.0.jar
file:/E:/tool/maven/repository/com/fasterxml/jackson/core/jackson-core/2.11.4/jackson-core-2.11.4.jar
file:/E:/tool/maven/repository/org/springframework/boot/spring-boot-starter-web/2.3.12.RELEASE/spring-boot-starter-web-2.3.12.RELEASE.jar
file:/E:/tool/maven/repository/org/apache/httpcomponents/httpmime/4.5.5/httpmime-4.5.5.jar
file:/E:/tool/maven/repository/org/mybatis/mybatis-spring/2.0.5/mybatis-spring-2.0.5.jar
file:/E:/juam-workspace/code/git/edu/server/nov-starter/nov-common/target/classes/
file:/E:/tool/maven/repository/com/baomidou/mybatis-plus-generator/3.4.1/mybatis-plus-generator-3.4.1.jar
file:/C:/Program%20Files/JetBrains/IntelliJ%20IDEA%202019.1/lib/idea_rt.jar
file:/E:/tool/maven/repository/org/apache/commons/commons-collections4/4.1/commons-collections4-4.1.jar
file:/E:/tool/maven/repository/io/github/openfeign/feign-core/11.7/feign-core-11.7.jar
file:/E:/tool/maven/repository/net/minidev/accessors-smart/2.3.1/accessors-smart-2.3.1.jar
file:/E:/tool/maven/repository/org/springframework/spring-context/5.2.15.RELEASE/spring-context-5.2.15.RELEASE.jar
file:/E:/tool/maven/repository/com/baomidou/mybatis-plus-annotation/3.4.1/mybatis-plus-annotation-3.4.1.jar
file:/E:/tool/maven/repository/org/javassist/javassist/3.21.0-GA/javassist-3.21.0-GA.jar
file:/E:/tool/maven/repository/commons-configuration/commons-configuration/1.8/commons-configuration-1.8.jar
file:/E:/tool/maven/repository/io/swagger/swagger-annotations/1.6.2/swagger-annotations-1.6.2.jar
file:/E:/tool/maven/repository/com/netflix/netflix-commons/netflix-commons-util/0.1.1/netflix-commons-util-0.1.1.jar
file:/E:/tool/maven/repository/org/junit/platform/junit-platform-commons/1.6.3/junit-platform-commons-1.6.3.jar
file:/E:/tool/maven/repository/org/springframework/cloud/spring-cloud-starter-bootstrap/3.1.0/spring-cloud-starter-bootstrap-3.1.0.jar
file:/E:/tool/jdk1.8.0/jre/lib/ext/jfxrt.jar
file:/E:/tool/maven/repository/org/springframework/cloud/spring-cloud-commons/2.2.9.RELEASE/spring-cloud-commons-2.2.9.RELEASE.jar
file:/E:/tool/maven/repository/io/reactivex/rxnetty/0.4.9/rxnetty-0.4.9.jar
file:/E:/tool/maven/repository/com/baomidou/mybatis-plus/3.4.1/mybatis-plus-3.4.1.jar
file:/E:/tool/maven/repository/com/aliyun/oss/aliyun-sdk-oss/3.10.2/aliyun-sdk-oss-3.10.2.jar
file:/C:/Users/dzyx/.IntelliJIdea2019.1/system/captureAgent/debugger-agent.jar
file:/E:/tool/maven/repository/org/apache/httpcomponents/httpasyncclient/4.1.4/httpasyncclient-4.1.4.jar
file:/E:/tool/maven/repository/com/sun/jersey/contribs/jersey-apache-client4/1.19.1/jersey-apache-client4-1.19.1.jar
file:/E:/tool/maven/repository/com/netflix/ribbon/ribbon-loadbalancer/2.3.0/ribbon-loadbalancer-2.3.0.jar
file:/E:/tool/maven/repository/org/springframework/boot/spring-boot-starter-logging/2.3.12.RELEASE/spring-boot-starter-logging-2.3.12.RELEASE.jar
file:/E:/tool/maven/repository/com/alibaba/nacos/nacos-client/2.0.3/nacos-client-2.0.3.jar
file:/E:/tool/maven/repository/io/github/openfeign/feign-slf4j/11.7/feign-slf4j-11.7.jar
file:/E:/tool/maven/repository/org/xmlunit/xmlunit-core/2.7.0/xmlunit-core-2.7.0.jar
file:/E:/tool/maven/repository/org/springframework/spring-beans/5.2.15.RELEASE/spring-beans-5.2.15.RELEASE.jar
file:/E:/tool/jdk1.8.0/jre/lib/rt.jar
file:/E:/tool/jdk1.8.0/jre/lib/ext/sunjce_provider.jar
file:/E:/tool/maven/repository/org/bouncycastle/bcpkix-jdk15on/1.68/bcpkix-jdk15on-1.68.jar
file:/E:/tool/maven/repository/org/springframework/spring-jdbc/5.2.15.RELEASE/spring-jdbc-5.2.15.RELEASE.jar
file:/E:/tool/jdk1.8.0/jre/lib/deploy.jar
file:/E:/tool/maven/repository/com/vaadin/external/google/android-json/0.0.20131108.vaadin1/android-json-0.0.20131108.vaadin1.jar
file:/C:/Program%20Files/JetBrains/IntelliJ%20IDEA%202019.1/plugins/junit/lib/junit-rt.jar
file:/E:/tool/maven/repository/cn/afterturn/easypoi-annotation/3.2.0/easypoi-annotation-3.2.0.jar
file:/E:/tool/maven/repository/org/springframework/cloud/spring-cloud-starter-netflix-archaius/2.2.9.RELEASE/spring-cloud-starter-netflix-archaius-2.2.9.RELEASE.jar
file:/E:/tool/maven/repository/org/springframework/boot/spring-boot-starter-jdbc/2.3.12.RELEASE/spring-boot-starter-jdbc-2.3.12.RELEASE.jar
file:/E:/tool/maven/repository/io/springfox/springfox-spi/2.9.2/springfox-spi-2.9.2.jar
file:/E:/tool/maven/repository/com/netflix/servo/servo-core/0.10.1/servo-core-0.10.1.jar
file:/C:/Program%20Files/JetBrains/IntelliJ%20IDEA%202019.1/plugins/junit/lib/junit5-rt.jar
file:/E:/tool/maven/repository/com/netflix/ribbon/ribbon-httpclient/2.3.0/ribbon-httpclient-2.3.0.jar
file:/E:/tool/maven/repository/org/springframework/boot/spring-boot/2.3.12.RELEASE/spring-boot-2.3.12.RELEASE.jar
file:/E:/tool/maven/repository/com/netflix/ribbon/ribbon-core/2.3.0/ribbon-core-2.3.0.jar
file:/E:/tool/jdk1.8.0/jre/lib/ext/sunmscapi.jar
file:/E:/tool/maven/repository/org/junit/vintage/junit-vintage-engine/5.6.3/junit-vintage-engine-5.6.3.jar
file:/E:/tool/maven/repository/com/netflix/archaius/archaius-core/0.7.7/archaius-core-0.7.7.jar
file:/E:/tool/jdk1.8.0/jre/lib/resources.jar
file:/C:/Users/dzyx/.m2/repository/org/apiguardian/apiguardian-api/1.1.0/apiguardian-api-1.1.0.jar
file:/E:/tool/maven/repository/org/springframework/boot/spring-boot-starter-aop/2.3.12.RELEASE/spring-boot-starter-aop-2.3.12.RELEASE.jar
file:/E:/tool/maven/repository/org/slf4j/slf4j-api/1.7.30/slf4j-api-1.7.30.jar
file:/E:/tool/maven/repository/com/fasterxml/jackson/module/jackson-module-parameter-names/2.11.4/jackson-module-parameter-names-2.11.4.jar
file:/E:/tool/maven/repository/cn/afterturn/easypoi-base/3.2.0/easypoi-base-3.2.0.jar
file:/E:/tool/maven/repository/org/springframework/boot/spring-boot-test-autoconfigure/2.3.12.RELEASE/spring-boot-test-autoconfigure-2.3.12.RELEASE.jar
file:/E:/juam-workspace/code/git/edu/server/nov-starter/nov-service/service_edu/target/test-classes/
file:/E:/tool/maven/repository/com/fasterxml/jackson/core/jackson-databind/2.11.4/jackson-databind-2.11.4.jar
file:/E:/tool/maven/repository/org/springframework/boot/spring-boot-test/2.3.12.RELEASE/spring-boot-test-2.3.12.RELEASE.jar
file:/E:/tool/maven/repository/io/springfox/springfox-swagger-common/2.9.2/springfox-swagger-common-2.9.2.jar
file:/E:/tool/maven/repository/com/baomidou/mybatis-plus-boot-starter/3.4.1/mybatis-plus-boot-starter-3.4.1.jar
file:/E:/tool/maven/repository/javax/ws/rs/jsr311-api/1.1.1/jsr311-api-1.1.1.jar
file:/E:/tool/maven/repository/org/yaml/snakeyaml/1.26/snakeyaml-1.26.jar
file:/E:/tool/maven/repository/org/springframework/cloud/spring-cloud-netflix-ribbon/2.2.9.RELEASE/spring-cloud-netflix-ribbon-2.2.9.RELEASE.jar
file:/E:/tool/maven/repository/org/apache/tomcat/embed/tomcat-embed-core/9.0.46/tomcat-embed-core-9.0.46.jar
file:/E:/tool/maven/repository/com/aliyun/aliyun-java-sdk-ecs/4.2.0/aliyun-java-sdk-ecs-4.2.0.jar
file:/E:/tool/maven/repository/org/apache/xmlbeans/xmlbeans/2.6.0/xmlbeans-2.6.0.jar
file:/E:/tool/maven/repository/com/alibaba/cloud/spring-cloud-starter-alibaba-nacos-config/2.2.7.RELEASE/spring-cloud-starter-alibaba-nacos-config-2.2.7.RELEASE.jar
file:/E:/tool/maven/repository/org/springframework/boot/spring-boot-autoconfigure/2.3.12.RELEASE/spring-boot-autoconfigure-2.3.12.RELEASE.jar
file:/E:/juam-workspace/code/git/edu/server/nov-starter/nov-service/service_edu/target/classes/
file:/E:/tool/maven/repository/org/apache/tomcat/embed/tomcat-embed-websocket/9.0.46/tomcat-embed-websocket-9.0.46.jar
file:/E:/tool/maven/repository/com/github/jsqlparser/jsqlparser/3.2/jsqlparser-3.2.jar
file:/E:/tool/maven/repository/org/codehaus/jettison/jettison/1.1/jettison-1.1.jar
file:/E:/tool/maven/repository/org/junit/jupiter/junit-jupiter-engine/5.6.3/junit-jupiter-engine-5.6.3.jar
file:/E:/tool/maven/repository/commons-lang/commons-lang/2.6/commons-lang-2.6.jar
file:/E:/tool/maven/repository/org/springframework/boot/spring-boot-starter/2.3.12.RELEASE/spring-boot-starter-2.3.12.RELEASE.jar
file:/E:/tool/maven/repository/com/netflix/ribbon/ribbon-transport/2.3.0/ribbon-transport-2.3.0.jar
file:/E:/tool/maven/repository/org/springframework/boot/spring-boot-starter-test/2.3.12.RELEASE/spring-boot-starter-test-2.3.12.RELEASE.jar
file:/E:/tool/jdk1.8.0/jre/lib/ext/access-bridge-64.jar
file:/E:/tool/jdk1.8.0/jre/lib/management-agent.jar
file:/E:/tool/maven/repository/org/apache/poi/poi-ooxml-schemas/3.15/poi-ooxml-schemas-3.15.jar
file:/E:/tool/jdk1.8.0/jre/lib/ext/localedata.jar
file:/E:/tool/maven/repository/com/google/code/findbugs/jsr305/3.0.1/jsr305-3.0.1.jar
file:/E:/tool/jdk1.8.0/jre/lib/javaws.jar
file:/E:/tool/maven/repository/io/springfox/springfox-core/2.9.2/springfox-core-2.9.2.jar
file:/E:/tool/maven/repository/org/springframework/cloud/spring-cloud-starter/3.1.0/spring-cloud-starter-3.1.0.jar
file:/E:/tool/maven/repository/org/springframework/spring-jcl/5.2.15.RELEASE/spring-jcl-5.2.15.RELEASE.jar
file:/E:/tool/maven/repository/org/apache/httpcomponents/httpcore/4.4.14/httpcore-4.4.14.jar
file:/E:/tool/maven/repository/io/github/openfeign/form/feign-form/3.8.0/feign-form-3.8.0.jar
file:/E:/tool/maven/repository/commons-fileupload/commons-fileupload/1.4/commons-fileupload-1.4.jar
file:/E:/tool/maven/repository/com/zaxxer/HikariCP/3.4.5/HikariCP-3.4.5.jar
file:/E:/tool/maven/repository/com/sun/jersey/jersey-core/1.19.1/jersey-core-1.19.1.jar
file:/E:/tool/maven/repository/org/jboss/logging/jboss-logging/3.4.2.Final/jboss-logging-3.4.2.Final.jar
file:/E:/tool/maven/repository/org/springframework/cloud/spring-cloud-netflix-archaius/2.2.9.RELEASE/spring-cloud-netflix-archaius-2.2.9.RELEASE.jar
file:/E:/tool/jdk1.8.0/jre/lib/jfxswt.jar
file:/E:/tool/maven/repository/cn/afterturn/easypoi-web/3.2.0/easypoi-web-3.2.0.jar
file:/E:/tool/maven/repository/junit/junit/4.13.2/junit-4.13.2.jar
file:/E:/tool/maven/repository/io/reactivex/rxjava/1.3.8/rxjava-1.3.8.jar
file:/E:/tool/jdk1.8.0/jre/lib/jce.jar
file:/E:/tool/maven/repository/org/springframework/security/spring-security-crypto/5.3.9.RELEASE/spring-security-crypto-5.3.9.RELEASE.jar
file:/E:/tool/jdk1.8.0/jre/lib/plugin.jar
file:/E:/tool/maven/repository/com/alibaba/cloud/spring-cloud-starter-alibaba-nacos-discovery/2.2.7.RELEASE/spring-cloud-starter-alibaba-nacos-discovery-2.2.7.RELEASE.jar
file:/E:/tool/maven/repository/com/google/protobuf/protobuf-java/3.11.4/protobuf-java-3.11.4.jar
file:/E:/tool/maven/repository/org/apache/httpcomponents/httpclient/4.5.13/httpclient-4.5.13.jar
file:/C:/Users/dzyx/.m2/repository/org/junit/platform/junit-platform-launcher/1.6.3/junit-platform-launcher-1.6.3.jar
file:/E:/tool/maven/repository/org/apache/velocity/velocity-engine-core/2.3/velocity-engine-core-2.3.jar
file:/E:/tool/maven/repository/io/springfox/springfox-swagger-ui/2.9.2/springfox-swagger-ui-2.9.2.jar
file:/E:/tool/maven/repository/net/bytebuddy/byte-buddy/1.10.22/byte-buddy-1.10.22.jar
file:/C:/Users/dzyx/.m2/repository/org/junit/platform/junit-platform-engine/1.6.3/junit-platform-engine-1.6.3.jar
file:/E:/tool/maven/repository/org/apache/poi/poi-ooxml/3.15/poi-ooxml-3.15.jar
file:/E:/tool/maven/repository/net/minidev/json-smart/2.3.1/json-smart-2.3.1.jar
file:/E:/tool/maven/repository/org/springframework/spring-web/5.2.15.RELEASE/spring-web-5.2.15.RELEASE.jar
file:/E:/tool/maven/repository/org/junit/platform/junit-platform-engine/1.6.3/junit-platform-engine-1.6.3.jar
file:/E:/tool/maven/repository/org/junit/jupiter/junit-jupiter/5.6.3/junit-jupiter-5.6.3.jar
file:/E:/tool/maven/repository/org/mapstruct/mapstruct/1.2.0.Final/mapstruct-1.2.0.Final.jar
file:/E:/tool/maven/repository/javax/validation/validation-api/2.0.1.Final/validation-api-2.0.1.Final.jar
file:/E:/tool/maven/repository/org/ow2/asm/asm/5.0.4/asm-5.0.4.jar
file:/E:/tool/maven/repository/org/mockito/mockito-core/3.3.3/mockito-core-3.3.3.jar
file:/E:/tool/maven/repository/com/aliyun/aliyun-java-sdk-kms/2.7.0/aliyun-java-sdk-kms-2.7.0.jar
file:/E:/tool/maven/repository/org/opentest4j/opentest4j/1.2.0/opentest4j-1.2.0.jar
file:/E:/tool/maven/repository/org/mockito/mockito-junit-jupiter/3.3.3/mockito-junit-jupiter-3.3.3.jar
file:/E:/tool/maven/repository/io/springfox/springfox-spring-web/2.9.2/springfox-spring-web-2.9.2.jar
file:/E:/tool/maven/repository/com/netflix/ribbon/ribbon/2.3.0/ribbon-2.3.0.jar
file:/E:/tool/maven/repository/jakarta/validation/jakarta.validation-api/2.0.2/jakarta.validation-api-2.0.2.jar
file:/C:/Users/dzyx/.m2/repository/org/opentest4j/opentest4j/1.2.0/opentest4j-1.2.0.jar
file:/E:/tool/maven/repository/com/fasterxml/classmate/1.5.1/classmate-1.5.1.jar
file:/E:/tool/jdk1.8.0/jre/lib/ext/zipfs.jar
file:/E:/tool/maven/repository/io/springfox/springfox-swagger2/2.9.2/springfox-swagger2-2.9.2.jar
file:/E:/tool/maven/repository/jakarta/annotation/jakarta.annotation-api/1.3.5/jakarta.annotation-api-1.3.5.jar
file:/E:/tool/maven/repository/com/jayway/jsonpath/json-path/2.4.0/json-path-2.4.0.jar
file:/E:/tool/maven/repository/stax/stax-api/1.0.1/stax-api-1.0.1.jar
file:/E:/tool/maven/repository/commons-collections/commons-collections/3.2.2/commons-collections-3.2.2.jar
file:/E:/tool/maven/repository/com/netflix/netflix-commons/netflix-statistics/0.1.1/netflix-statistics-0.1.1.jar
file:/E:/tool/maven/repository/com/fasterxml/jackson/core/jackson-annotations/2.11.4/jackson-annotations-2.11.4.jar
file:/E:/tool/maven/repository/org/apache/logging/log4j/log4j-api/2.13.3/log4j-api-2.13.3.jar
file:/E:/tool/maven/repository/mysql/mysql-connector-java/8.0.27/mysql-connector-java-8.0.27.jar
file:/E:/tool/maven/repository/org/slf4j/jul-to-slf4j/1.7.30/jul-to-slf4j-1.7.30.jar
file:/E:/tool/maven/repository/org/projectlombok/lombok/1.18.22/lombok-1.18.22.jar
file:/E:/tool/maven/repository/com/aliyun/aliyun-java-sdk-ram/3.0.0/aliyun-java-sdk-ram-3.0.0.jar
file:/E:/tool/maven/repository/net/bytebuddy/byte-buddy-agent/1.10.22/byte-buddy-agent-1.10.22.jar
file:/E:/tool/maven/repository/org/springframework/spring-expression/5.2.15.RELEASE/spring-expression-5.2.15.RELEASE.jar
file:/E:/tool/maven/repository/org/assertj/assertj-core/3.16.1/assertj-core-3.16.1.jar
file:/E:/tool/maven/repository/com/google/code/gson/gson/2.8.7/gson-2.8.7.jar
file:/E:/tool/maven/repository/com/fasterxml/jackson/datatype/jackson-datatype-jdk8/2.11.4/jackson-datatype-jdk8-2.11.4.jar
file:/E:/tool/maven/repository/org/aspectj/aspectjweaver/1.9.6/aspectjweaver-1.9.6.jar
file:/E:/tool/maven/repository/io/prometheus/simpleclient/0.5.0/simpleclient-0.5.0.jar
file:/E:/tool/maven/repository/com/sun/jersey/jersey-client/1.19.1/jersey-client-1.19.1.jar
file:/E:/tool/maven/repository/org/springframework/spring-tx/5.2.15.RELEASE/spring-tx-5.2.15.RELEASE.jar
file:/E:/tool/maven/repository/io/github/openfeign/form/feign-form-spring/3.8.0/feign-form-spring-3.8.0.jar
file:/E:/tool/jdk1.8.0/jre/lib/jfr.jar
file:/E:/tool/jdk1.8.0/jre/lib/ext/jaccess.jar
file:/E:/tool/maven/repository/com/baomidou/mybatis-plus-extension/3.4.1/mybatis-plus-extension-3.4.1.jar
file:/E:/tool/maven/repository/org/springframework/spring-webmvc/5.2.15.RELEASE/spring-webmvc-5.2.15.RELEASE.jar
file:/E:/tool/maven/repository/org/mybatis/mybatis/3.5.6/mybatis-3.5.6.jar
file:/E:/tool/maven/repository/org/objenesis/objenesis/2.6/objenesis-2.6.jar
file:/E:/tool/maven/repository/org/hamcrest/hamcrest/2.2/hamcrest-2.2.jar
file:/E:/tool/jdk1.8.0/jre/lib/ext/nashorn.jar
file:/E:/tool/maven/repository/io/springfox/springfox-schema/2.9.2/springfox-schema-2.9.2.jar
file:/E:/tool/maven/repository/com/aliyun/aliyun-java-sdk-core/3.4.0/aliyun-java-sdk-core-3.4.0.jar
file:/E:/tool/maven/repository/org/skyscreamer/jsonassert/1.5.0/jsonassert-1.5.0.jar
file:/E:/tool/maven/repository/org/glassfish/jakarta.el/3.0.3/jakarta.el-3.0.3.jar
file:/E:/tool/jdk1.8.0/jre/lib/ext/cldrdata.jar
file:/E:/tool/maven/repository/org/springframework/boot/spring-boot-starter-validation/2.4.5/spring-boot-starter-validation-2.4.5.jar
file:/E:/tool/maven/repository/commons-io/commons-io/2.11.0/commons-io-2.11.0.jar
file:/E:/tool/maven/repository/jakarta/xml/bind/jakarta.xml.bind-api/2.3.3/jakarta.xml.bind-api-2.3.3.jar
file:/E:/tool/jdk1.8.0/jre/lib/ext/dnsns.jar
file:/E:/tool/maven/repository/org/hibernate/validator/hibernate-validator/6.1.7.Final/hibernate-validator-6.1.7.Final.jar
file:/E:/tool/maven/repository/org/springframework/boot/spring-boot-starter-tomcat/2.3.12.RELEASE/spring-boot-starter-tomcat-2.3.12.RELEASE.jar
file:/E:/tool/maven/repository/org/apache/commons/commons-lang3/3.10/commons-lang3-3.10.jar
file:/E:/tool/maven/repository/org/springframework/boot/spring-boot-starter-json/2.3.12.RELEASE/spring-boot-starter-json-2.3.12.RELEASE.jar
file:/E:/tool/maven/repository/com/netflix/servo/servo-internal/0.10.1/servo-internal-0.10.1.jar
file:/E:/tool/jdk1.8.0/jre/lib/ext/sunpkcs11.jar
file:/E:/tool/maven/repository/ch/qos/logback/logback-classic/1.2.3/logback-classic-1.2.3.jar
file:/E:/tool/maven/repository/jakarta/activation/jakarta.activation-api/1.2.2/jakarta.activation-api-1.2.2.jar
file:/E:/tool/maven/repository/com/alibaba/cloud/spring-cloud-alibaba-commons/2.2.7.RELEASE/spring-cloud-alibaba-commons-2.2.7.RELEASE.jar
file:/E:/tool/maven/repository/com/netflix/hystrix/hystrix-core/1.4.3/hystrix-core-1.4.3.jar
file:/E:/tool/maven/repository/org/springframework/plugin/spring-plugin-core/1.2.0.RELEASE/spring-plugin-core-1.2.0.RELEASE.jar
file:/E:/tool/maven/repository/io/reactivex/rxnetty-servo/0.4.9/rxnetty-servo-0.4.9.jar
file:/E:/tool/maven/repository/org/bouncycastle/bcprov-jdk15on/1.68/bcprov-jdk15on-1.68.jar
file:/E:/tool/maven/repository/org/apache/logging/log4j/log4j-to-slf4j/2.13.3/log4j-to-slf4j-2.13.3.jar
file:/E:/tool/maven/repository/com/alibaba/spring/spring-context-support/1.0.10/spring-context-support-1.0.10.jar
file:/E:/tool/maven/repository/org/junit/jupiter/junit-jupiter-params/5.6.3/junit-jupiter-params-5.6.3.jar
file:/E:/tool/maven/repository/com/github/virtuald/curvesapi/1.04/curvesapi-1.04.jar
file:/E:/tool/maven/repository/org/springframework/cloud/spring-cloud-context/2.2.9.RELEASE/spring-cloud-context-2.2.9.RELEASE.jar
file:/E:/tool/maven/repository/com/auth0/java-jwt/3.8.3/java-jwt-3.8.3.jar
file:/E:/tool/maven/repository/org/springframework/spring-core/5.2.15.RELEASE/spring-core-5.2.15.RELEASE.jar
file:/E:/tool/maven/repository/org/springframework/cloud/spring-cloud-openfeign-core/3.1.0/spring-cloud-openfeign-core-3.1.0.jar
file:/E:/tool/maven/repository/com/baomidou/mybatis-plus-core/3.4.1/mybatis-plus-core-3.4.1.jar
file:/E:/tool/maven/repository/org/springframework/spring-aop/5.2.15.RELEASE/spring-aop-5.2.15.RELEASE.jar
file:/E:/tool/maven/repository/com/aliyun/aliyun-java-sdk-sts/3.0.0/aliyun-java-sdk-sts-3.0.0.jar
file:/E:/tool/jdk1.8.0/jre/lib/jsse.jar
file:/E:/tool/jdk1.8.0/jre/lib/charsets.jar
file:/E:/tool/maven/repository/org/springframework/cloud/spring-cloud-starter-netflix-ribbon/2.2.9.RELEASE/spring-cloud-starter-netflix-ribbon-2.2.9.RELEASE.jar
file:/E:/tool/maven/repository/javax/inject/javax.inject/1/javax.inject-1.jar
file:/E:/tool/maven/repository/org/apiguardian/apiguardian-api/1.1.0/apiguardian-api-1.1.0.jar
file:/E:/tool/maven/repository/org/reflections/reflections/0.9.11/reflections-0.9.11.jar
file:/E:/tool/maven/repository/org/springframework/spring-test/5.2.15.RELEASE/spring-test-5.2.15.RELEASE.jar
file:/E:/tool/jdk1.8.0/jre/lib/ext/sunec.jar
file:/E:/tool/maven/repository/com/google/guava/guava/20.0/guava-20.0.jar
file:/E:/tool/maven/repository/org/apache/httpcomponents/httpcore-nio/4.4.14/httpcore-nio-4.4.14.jar
file:/E:/tool/maven/repository/io/reactivex/rxnetty-contexts/0.4.9/rxnetty-contexts-0.4.9.jar
2022-01-11 14:26:49.046 [main] DEBUG org.reflections.Reflections-going to scan these urls:
jar:file:/E:/tool/maven/repository/com/alibaba/nacos/nacos-client/2.0.3/nacos-client-2.0.3.jar!/
2022-01-11 14:26:49.080 [main] DEBUG org.reflections.Reflections-going to scan these urls:
jar:file:/E:/tool/maven/repository/com/alibaba/nacos/nacos-client/2.0.3/nacos-client-2.0.3.jar!/
2022-01-11 14:26:49.107 [main] DEBUG org.reflections.Reflections-going to scan these urls:
jar:file:/E:/tool/maven/repository/com/alibaba/nacos/nacos-client/2.0.3/nacos-client-2.0.3.jar!/
2022-01-11 14:26:49.118 [main] DEBUG org.reflections.Reflections-expanded subtype java.lang.Comparable -> java.lang.Enum
2022-01-11 14:26:49.119 [main] DEBUG org.reflections.Reflections-expanded subtype java.io.Serializable -> java.lang.Enum
2022-01-11 14:26:49.122 [main] DEBUG org.reflections.Reflections-going to scan these urls:
file:/C:/Users/dzyx/.m2/repository/org/junit/platform/junit-platform-commons/1.6.3/junit-platform-commons-1.6.3.jar
file:/E:/tool/maven/repository/org/springframework/security/spring-security-rsa/1.0.10.RELEASE/spring-security-rsa-1.0.10.RELEASE.jar
file:/E:/tool/maven/repository/org/apache/poi/poi/3.15/poi-3.15.jar
file:/E:/tool/maven/repository/org/jdom/jdom2/2.0.6/jdom2-2.0.6.jar
file:/E:/tool/maven/repository/org/springframework/plugin/spring-plugin-metadata/1.2.0.RELEASE/spring-plugin-metadata-1.2.0.RELEASE.jar
file:/E:/tool/maven/repository/commons-codec/commons-codec/1.14/commons-codec-1.14.jar
file:/E:/tool/maven/repository/io/swagger/swagger-models/1.5.20/swagger-models-1.5.20.jar
file:/E:/tool/maven/repository/ch/qos/logback/logback-core/1.2.3/logback-core-1.2.3.jar
file:/E:/tool/maven/repository/com/fasterxml/jackson/datatype/jackson-datatype-jsr310/2.11.4/jackson-datatype-jsr310-2.11.4.jar
file:/E:/tool/maven/repository/org/junit/jupiter/junit-jupiter-api/5.6.3/junit-jupiter-api-5.6.3.jar
file:/E:/tool/maven/repository/org/springframework/cloud/spring-cloud-starter-openfeign/3.1.0/spring-cloud-starter-openfeign-3.1.0.jar
file:/E:/tool/maven/repository/com/fasterxml/jackson/core/jackson-core/2.11.4/jackson-core-2.11.4.jar
file:/E:/tool/maven/repository/org/springframework/boot/spring-boot-starter-web/2.3.12.RELEASE/spring-boot-starter-web-2.3.12.RELEASE.jar
file:/E:/tool/maven/repository/org/apache/httpcomponents/httpmime/4.5.5/httpmime-4.5.5.jar
file:/E:/tool/maven/repository/org/mybatis/mybatis-spring/2.0.5/mybatis-spring-2.0.5.jar
file:/E:/juam-workspace/code/git/edu/server/nov-starter/nov-common/target/classes/
file:/E:/tool/maven/repository/com/baomidou/mybatis-plus-generator/3.4.1/mybatis-plus-generator-3.4.1.jar
file:/C:/Program%20Files/JetBrains/IntelliJ%20IDEA%202019.1/lib/idea_rt.jar
file:/E:/tool/maven/repository/org/apache/commons/commons-collections4/4.1/commons-collections4-4.1.jar
file:/E:/tool/maven/repository/io/github/openfeign/feign-core/11.7/feign-core-11.7.jar
file:/E:/tool/maven/repository/net/minidev/accessors-smart/2.3.1/accessors-smart-2.3.1.jar
file:/E:/tool/maven/repository/org/springframework/spring-context/5.2.15.RELEASE/spring-context-5.2.15.RELEASE.jar
file:/E:/tool/maven/repository/com/baomidou/mybatis-plus-annotation/3.4.1/mybatis-plus-annotation-3.4.1.jar
file:/E:/tool/maven/repository/org/javassist/javassist/3.21.0-GA/javassist-3.21.0-GA.jar
file:/E:/tool/maven/repository/commons-configuration/commons-configuration/1.8/commons-configuration-1.8.jar
file:/E:/tool/maven/repository/io/swagger/swagger-annotations/1.6.2/swagger-annotations-1.6.2.jar
file:/E:/tool/maven/repository/com/netflix/netflix-commons/netflix-commons-util/0.1.1/netflix-commons-util-0.1.1.jar
file:/E:/tool/maven/repository/org/junit/platform/junit-platform-commons/1.6.3/junit-platform-commons-1.6.3.jar
file:/E:/tool/maven/repository/org/springframework/cloud/spring-cloud-starter-bootstrap/3.1.0/spring-cloud-starter-bootstrap-3.1.0.jar
file:/E:/tool/jdk1.8.0/jre/lib/ext/jfxrt.jar
file:/E:/tool/maven/repository/org/springframework/cloud/spring-cloud-commons/2.2.9.RELEASE/spring-cloud-commons-2.2.9.RELEASE.jar
file:/E:/tool/maven/repository/io/reactivex/rxnetty/0.4.9/rxnetty-0.4.9.jar
file:/E:/tool/maven/repository/com/baomidou/mybatis-plus/3.4.1/mybatis-plus-3.4.1.jar
file:/E:/tool/maven/repository/com/aliyun/oss/aliyun-sdk-oss/3.10.2/aliyun-sdk-oss-3.10.2.jar
file:/C:/Users/dzyx/.IntelliJIdea2019.1/system/captureAgent/debugger-agent.jar
file:/E:/tool/maven/repository/org/apache/httpcomponents/httpasyncclient/4.1.4/httpasyncclient-4.1.4.jar
file:/E:/tool/maven/repository/com/sun/jersey/contribs/jersey-apache-client4/1.19.1/jersey-apache-client4-1.19.1.jar
file:/E:/tool/maven/repository/com/netflix/ribbon/ribbon-loadbalancer/2.3.0/ribbon-loadbalancer-2.3.0.jar
file:/E:/tool/maven/repository/org/springframework/boot/spring-boot-starter-logging/2.3.12.RELEASE/spring-boot-starter-logging-2.3.12.RELEASE.jar
file:/E:/tool/maven/repository/com/alibaba/nacos/nacos-client/2.0.3/nacos-client-2.0.3.jar
file:/E:/tool/maven/repository/io/github/openfeign/feign-slf4j/11.7/feign-slf4j-11.7.jar
file:/E:/tool/maven/repository/org/xmlunit/xmlunit-core/2.7.0/xmlunit-core-2.7.0.jar
file:/E:/tool/maven/repository/org/springframework/spring-beans/5.2.15.RELEASE/spring-beans-5.2.15.RELEASE.jar
file:/E:/tool/jdk1.8.0/jre/lib/rt.jar
file:/E:/tool/jdk1.8.0/jre/lib/ext/sunjce_provider.jar
file:/E:/tool/maven/repository/org/bouncycastle/bcpkix-jdk15on/1.68/bcpkix-jdk15on-1.68.jar
file:/E:/tool/maven/repository/org/springframework/spring-jdbc/5.2.15.RELEASE/spring-jdbc-5.2.15.RELEASE.jar
file:/E:/tool/jdk1.8.0/jre/lib/deploy.jar
file:/E:/tool/maven/repository/com/vaadin/external/google/android-json/0.0.20131108.vaadin1/android-json-0.0.20131108.vaadin1.jar
file:/C:/Program%20Files/JetBrains/IntelliJ%20IDEA%202019.1/plugins/junit/lib/junit-rt.jar
file:/E:/tool/maven/repository/cn/afterturn/easypoi-annotation/3.2.0/easypoi-annotation-3.2.0.jar
file:/E:/tool/maven/repository/org/springframework/cloud/spring-cloud-starter-netflix-archaius/2.2.9.RELEASE/spring-cloud-starter-netflix-archaius-2.2.9.RELEASE.jar
file:/E:/tool/maven/repository/org/springframework/boot/spring-boot-starter-jdbc/2.3.12.RELEASE/spring-boot-starter-jdbc-2.3.12.RELEASE.jar
file:/E:/tool/maven/repository/io/springfox/springfox-spi/2.9.2/springfox-spi-2.9.2.jar
file:/E:/tool/maven/repository/com/netflix/servo/servo-core/0.10.1/servo-core-0.10.1.jar
file:/C:/Program%20Files/JetBrains/IntelliJ%20IDEA%202019.1/plugins/junit/lib/junit5-rt.jar
file:/E:/tool/maven/repository/com/netflix/ribbon/ribbon-httpclient/2.3.0/ribbon-httpclient-2.3.0.jar
file:/E:/tool/maven/repository/org/springframework/boot/spring-boot/2.3.12.RELEASE/spring-boot-2.3.12.RELEASE.jar
file:/E:/tool/maven/repository/com/netflix/ribbon/ribbon-core/2.3.0/ribbon-core-2.3.0.jar
file:/E:/tool/jdk1.8.0/jre/lib/ext/sunmscapi.jar
file:/E:/tool/maven/repository/org/junit/vintage/junit-vintage-engine/5.6.3/junit-vintage-engine-5.6.3.jar
file:/E:/tool/maven/repository/com/netflix/archaius/archaius-core/0.7.7/archaius-core-0.7.7.jar
file:/E:/tool/jdk1.8.0/jre/lib/resources.jar
file:/C:/Users/dzyx/.m2/repository/org/apiguardian/apiguardian-api/1.1.0/apiguardian-api-1.1.0.jar
file:/E:/tool/maven/repository/org/springframework/boot/spring-boot-starter-aop/2.3.12.RELEASE/spring-boot-starter-aop-2.3.12.RELEASE.jar
file:/E:/tool/maven/repository/org/slf4j/slf4j-api/1.7.30/slf4j-api-1.7.30.jar
file:/E:/tool/maven/repository/com/fasterxml/jackson/module/jackson-module-parameter-names/2.11.4/jackson-module-parameter-names-2.11.4.jar
file:/E:/tool/maven/repository/cn/afterturn/easypoi-base/3.2.0/easypoi-base-3.2.0.jar
file:/E:/tool/maven/repository/org/springframework/boot/spring-boot-test-autoconfigure/2.3.12.RELEASE/spring-boot-test-autoconfigure-2.3.12.RELEASE.jar
file:/E:/juam-workspace/code/git/edu/server/nov-starter/nov-service/service_edu/target/test-classes/
file:/E:/tool/maven/repository/com/fasterxml/jackson/core/jackson-databind/2.11.4/jackson-databind-2.11.4.jar
file:/E:/tool/maven/repository/org/springframework/boot/spring-boot-test/2.3.12.RELEASE/spring-boot-test-2.3.12.RELEASE.jar
file:/E:/tool/maven/repository/io/springfox/springfox-swagger-common/2.9.2/springfox-swagger-common-2.9.2.jar
file:/E:/tool/maven/repository/com/baomidou/mybatis-plus-boot-starter/3.4.1/mybatis-plus-boot-starter-3.4.1.jar
file:/E:/tool/maven/repository/javax/ws/rs/jsr311-api/1.1.1/jsr311-api-1.1.1.jar
file:/E:/tool/maven/repository/org/yaml/snakeyaml/1.26/snakeyaml-1.26.jar
file:/E:/tool/maven/repository/org/springframework/cloud/spring-cloud-netflix-ribbon/2.2.9.RELEASE/spring-cloud-netflix-ribbon-2.2.9.RELEASE.jar
file:/E:/tool/maven/repository/org/apache/tomcat/embed/tomcat-embed-core/9.0.46/tomcat-embed-core-9.0.46.jar
file:/E:/tool/maven/repository/com/aliyun/aliyun-java-sdk-ecs/4.2.0/aliyun-java-sdk-ecs-4.2.0.jar
file:/E:/tool/maven/repository/org/apache/xmlbeans/xmlbeans/2.6.0/xmlbeans-2.6.0.jar
file:/E:/tool/maven/repository/com/alibaba/cloud/spring-cloud-starter-alibaba-nacos-config/2.2.7.RELEASE/spring-cloud-starter-alibaba-nacos-config-2.2.7.RELEASE.jar
file:/E:/tool/maven/repository/org/springframework/boot/spring-boot-autoconfigure/2.3.12.RELEASE/spring-boot-autoconfigure-2.3.12.RELEASE.jar
file:/E:/juam-workspace/code/git/edu/server/nov-starter/nov-service/service_edu/target/classes/
file:/E:/tool/maven/repository/org/apache/tomcat/embed/tomcat-embed-websocket/9.0.46/tomcat-embed-websocket-9.0.46.jar
file:/E:/tool/maven/repository/com/github/jsqlparser/jsqlparser/3.2/jsqlparser-3.2.jar
file:/E:/tool/maven/repository/org/codehaus/jettison/jettison/1.1/jettison-1.1.jar
file:/E:/tool/maven/repository/org/junit/jupiter/junit-jupiter-engine/5.6.3/junit-jupiter-engine-5.6.3.jar
file:/E:/tool/maven/repository/commons-lang/commons-lang/2.6/commons-lang-2.6.jar
file:/E:/tool/maven/repository/org/springframework/boot/spring-boot-starter/2.3.12.RELEASE/spring-boot-starter-2.3.12.RELEASE.jar
file:/E:/tool/maven/repository/com/netflix/ribbon/ribbon-transport/2.3.0/ribbon-transport-2.3.0.jar
file:/E:/tool/maven/repository/org/springframework/boot/spring-boot-starter-test/2.3.12.RELEASE/spring-boot-starter-test-2.3.12.RELEASE.jar
file:/E:/tool/jdk1.8.0/jre/lib/ext/access-bridge-64.jar
file:/E:/tool/jdk1.8.0/jre/lib/management-agent.jar
file:/E:/tool/maven/repository/org/apache/poi/poi-ooxml-schemas/3.15/poi-ooxml-schemas-3.15.jar
file:/E:/tool/jdk1.8.0/jre/lib/ext/localedata.jar
file:/E:/tool/maven/repository/com/google/code/findbugs/jsr305/3.0.1/jsr305-3.0.1.jar
file:/E:/tool/jdk1.8.0/jre/lib/javaws.jar
file:/E:/tool/maven/repository/io/springfox/springfox-core/2.9.2/springfox-core-2.9.2.jar
file:/E:/tool/maven/repository/org/springframework/cloud/spring-cloud-starter/3.1.0/spring-cloud-starter-3.1.0.jar
file:/E:/tool/maven/repository/org/springframework/spring-jcl/5.2.15.RELEASE/spring-jcl-5.2.15.RELEASE.jar
file:/E:/tool/maven/repository/org/apache/httpcomponents/httpcore/4.4.14/httpcore-4.4.14.jar
file:/E:/tool/maven/repository/io/github/openfeign/form/feign-form/3.8.0/feign-form-3.8.0.jar
file:/E:/tool/maven/repository/commons-fileupload/commons-fileupload/1.4/commons-fileupload-1.4.jar
file:/E:/tool/maven/repository/com/zaxxer/HikariCP/3.4.5/HikariCP-3.4.5.jar
file:/E:/tool/maven/repository/com/sun/jersey/jersey-core/1.19.1/jersey-core-1.19.1.jar
file:/E:/tool/maven/repository/org/jboss/logging/jboss-logging/3.4.2.Final/jboss-logging-3.4.2.Final.jar
file:/E:/tool/maven/repository/org/springframework/cloud/spring-cloud-netflix-archaius/2.2.9.RELEASE/spring-cloud-netflix-archaius-2.2.9.RELEASE.jar
file:/E:/tool/jdk1.8.0/jre/lib/jfxswt.jar
file:/E:/tool/maven/repository/cn/afterturn/easypoi-web/3.2.0/easypoi-web-3.2.0.jar
file:/E:/tool/maven/repository/junit/junit/4.13.2/junit-4.13.2.jar
file:/E:/tool/maven/repository/io/reactivex/rxjava/1.3.8/rxjava-1.3.8.jar
file:/E:/tool/jdk1.8.0/jre/lib/jce.jar
file:/E:/tool/maven/repository/org/springframework/security/spring-security-crypto/5.3.9.RELEASE/spring-security-crypto-5.3.9.RELEASE.jar
file:/E:/tool/jdk1.8.0/jre/lib/plugin.jar
file:/E:/tool/maven/repository/com/alibaba/cloud/spring-cloud-starter-alibaba-nacos-discovery/2.2.7.RELEASE/spring-cloud-starter-alibaba-nacos-discovery-2.2.7.RELEASE.jar
file:/E:/tool/maven/repository/com/google/protobuf/protobuf-java/3.11.4/protobuf-java-3.11.4.jar
file:/E:/tool/maven/repository/org/apache/httpcomponents/httpclient/4.5.13/httpclient-4.5.13.jar
file:/C:/Users/dzyx/.m2/repository/org/junit/platform/junit-platform-launcher/1.6.3/junit-platform-launcher-1.6.3.jar
file:/E:/tool/maven/repository/org/apache/velocity/velocity-engine-core/2.3/velocity-engine-core-2.3.jar
file:/E:/tool/maven/repository/io/springfox/springfox-swagger-ui/2.9.2/springfox-swagger-ui-2.9.2.jar
file:/E:/tool/maven/repository/net/bytebuddy/byte-buddy/1.10.22/byte-buddy-1.10.22.jar
file:/C:/Users/dzyx/.m2/repository/org/junit/platform/junit-platform-engine/1.6.3/junit-platform-engine-1.6.3.jar
file:/E:/tool/maven/repository/org/apache/poi/poi-ooxml/3.15/poi-ooxml-3.15.jar
file:/E:/tool/maven/repository/net/minidev/json-smart/2.3.1/json-smart-2.3.1.jar
file:/E:/tool/maven/repository/org/springframework/spring-web/5.2.15.RELEASE/spring-web-5.2.15.RELEASE.jar
file:/E:/tool/maven/repository/org/junit/platform/junit-platform-engine/1.6.3/junit-platform-engine-1.6.3.jar
file:/E:/tool/maven/repository/org/junit/jupiter/junit-jupiter/5.6.3/junit-jupiter-5.6.3.jar
file:/E:/tool/maven/repository/org/mapstruct/mapstruct/1.2.0.Final/mapstruct-1.2.0.Final.jar
file:/E:/tool/maven/repository/javax/validation/validation-api/2.0.1.Final/validation-api-2.0.1.Final.jar
file:/E:/tool/maven/repository/org/ow2/asm/asm/5.0.4/asm-5.0.4.jar
file:/E:/tool/maven/repository/org/mockito/mockito-core/3.3.3/mockito-core-3.3.3.jar
file:/E:/tool/maven/repository/com/aliyun/aliyun-java-sdk-kms/2.7.0/aliyun-java-sdk-kms-2.7.0.jar
file:/E:/tool/maven/repository/org/opentest4j/opentest4j/1.2.0/opentest4j-1.2.0.jar
file:/E:/tool/maven/repository/org/mockito/mockito-junit-jupiter/3.3.3/mockito-junit-jupiter-3.3.3.jar
file:/E:/tool/maven/repository/io/springfox/springfox-spring-web/2.9.2/springfox-spring-web-2.9.2.jar
file:/E:/tool/maven/repository/com/netflix/ribbon/ribbon/2.3.0/ribbon-2.3.0.jar
file:/E:/tool/maven/repository/jakarta/validation/jakarta.validation-api/2.0.2/jakarta.validation-api-2.0.2.jar
file:/C:/Users/dzyx/.m2/repository/org/opentest4j/opentest4j/1.2.0/opentest4j-1.2.0.jar
file:/E:/tool/maven/repository/com/fasterxml/classmate/1.5.1/classmate-1.5.1.jar
file:/E:/tool/jdk1.8.0/jre/lib/ext/zipfs.jar
file:/E:/tool/maven/repository/io/springfox/springfox-swagger2/2.9.2/springfox-swagger2-2.9.2.jar
file:/E:/tool/maven/repository/jakarta/annotation/jakarta.annotation-api/1.3.5/jakarta.annotation-api-1.3.5.jar
file:/E:/tool/maven/repository/com/jayway/jsonpath/json-path/2.4.0/json-path-2.4.0.jar
file:/E:/tool/maven/repository/stax/stax-api/1.0.1/stax-api-1.0.1.jar
file:/E:/tool/maven/repository/commons-collections/commons-collections/3.2.2/commons-collections-3.2.2.jar
file:/E:/tool/maven/repository/com/netflix/netflix-commons/netflix-statistics/0.1.1/netflix-statistics-0.1.1.jar
file:/E:/tool/maven/repository/com/fasterxml/jackson/core/jackson-annotations/2.11.4/jackson-annotations-2.11.4.jar
file:/E:/tool/maven/repository/org/apache/logging/log4j/log4j-api/2.13.3/log4j-api-2.13.3.jar
file:/E:/tool/maven/repository/mysql/mysql-connector-java/8.0.27/mysql-connector-java-8.0.27.jar
file:/E:/tool/maven/repository/org/slf4j/jul-to-slf4j/1.7.30/jul-to-slf4j-1.7.30.jar
file:/E:/tool/maven/repository/org/projectlombok/lombok/1.18.22/lombok-1.18.22.jar
file:/E:/tool/maven/repository/com/aliyun/aliyun-java-sdk-ram/3.0.0/aliyun-java-sdk-ram-3.0.0.jar
file:/E:/tool/maven/repository/net/bytebuddy/byte-buddy-agent/1.10.22/byte-buddy-agent-1.10.22.jar
file:/E:/tool/maven/repository/org/springframework/spring-expression/5.2.15.RELEASE/spring-expression-5.2.15.RELEASE.jar
file:/E:/tool/maven/repository/org/assertj/assertj-core/3.16.1/assertj-core-3.16.1.jar
file:/E:/tool/maven/repository/com/google/code/gson/gson/2.8.7/gson-2.8.7.jar
file:/E:/tool/maven/repository/com/fasterxml/jackson/datatype/jackson-datatype-jdk8/2.11.4/jackson-datatype-jdk8-2.11.4.jar
file:/E:/tool/maven/repository/org/aspectj/aspectjweaver/1.9.6/aspectjweaver-1.9.6.jar
file:/E:/tool/maven/repository/io/prometheus/simpleclient/0.5.0/simpleclient-0.5.0.jar
file:/E:/tool/maven/repository/com/sun/jersey/jersey-client/1.19.1/jersey-client-1.19.1.jar
file:/E:/tool/maven/repository/org/springframework/spring-tx/5.2.15.RELEASE/spring-tx-5.2.15.RELEASE.jar
file:/E:/tool/maven/repository/io/github/openfeign/form/feign-form-spring/3.8.0/feign-form-spring-3.8.0.jar
file:/E:/tool/jdk1.8.0/jre/lib/jfr.jar
file:/E:/tool/jdk1.8.0/jre/lib/ext/jaccess.jar
file:/E:/tool/maven/repository/com/baomidou/mybatis-plus-extension/3.4.1/mybatis-plus-extension-3.4.1.jar
file:/E:/tool/maven/repository/org/springframework/spring-webmvc/5.2.15.RELEASE/spring-webmvc-5.2.15.RELEASE.jar
file:/E:/tool/maven/repository/org/mybatis/mybatis/3.5.6/mybatis-3.5.6.jar
file:/E:/tool/maven/repository/org/objenesis/objenesis/2.6/objenesis-2.6.jar
file:/E:/tool/maven/repository/org/hamcrest/hamcrest/2.2/hamcrest-2.2.jar
file:/E:/tool/jdk1.8.0/jre/lib/ext/nashorn.jar
file:/E:/tool/maven/repository/io/springfox/springfox-schema/2.9.2/springfox-schema-2.9.2.jar
file:/E:/tool/maven/repository/com/aliyun/aliyun-java-sdk-core/3.4.0/aliyun-java-sdk-core-3.4.0.jar
file:/E:/tool/maven/repository/org/skyscreamer/jsonassert/1.5.0/jsonassert-1.5.0.jar
file:/E:/tool/maven/repository/org/glassfish/jakarta.el/3.0.3/jakarta.el-3.0.3.jar
file:/E:/tool/jdk1.8.0/jre/lib/ext/cldrdata.jar
file:/E:/tool/maven/repository/org/springframework/boot/spring-boot-starter-validation/2.4.5/spring-boot-starter-validation-2.4.5.jar
file:/E:/tool/maven/repository/commons-io/commons-io/2.11.0/commons-io-2.11.0.jar
file:/E:/tool/maven/repository/jakarta/xml/bind/jakarta.xml.bind-api/2.3.3/jakarta.xml.bind-api-2.3.3.jar
file:/E:/tool/jdk1.8.0/jre/lib/ext/dnsns.jar
file:/E:/tool/maven/repository/org/hibernate/validator/hibernate-validator/6.1.7.Final/hibernate-validator-6.1.7.Final.jar
file:/E:/tool/maven/repository/org/springframework/boot/spring-boot-starter-tomcat/2.3.12.RELEASE/spring-boot-starter-tomcat-2.3.12.RELEASE.jar
file:/E:/tool/maven/repository/org/apache/commons/commons-lang3/3.10/commons-lang3-3.10.jar
file:/E:/tool/maven/repository/org/springframework/boot/spring-boot-starter-json/2.3.12.RELEASE/spring-boot-starter-json-2.3.12.RELEASE.jar
file:/E:/tool/maven/repository/com/netflix/servo/servo-internal/0.10.1/servo-internal-0.10.1.jar
file:/E:/tool/jdk1.8.0/jre/lib/ext/sunpkcs11.jar
file:/E:/tool/maven/repository/ch/qos/logback/logback-classic/1.2.3/logback-classic-1.2.3.jar
file:/E:/tool/maven/repository/jakarta/activation/jakarta.activation-api/1.2.2/jakarta.activation-api-1.2.2.jar
file:/E:/tool/maven/repository/com/alibaba/cloud/spring-cloud-alibaba-commons/2.2.7.RELEASE/spring-cloud-alibaba-commons-2.2.7.RELEASE.jar
file:/E:/tool/maven/repository/com/netflix/hystrix/hystrix-core/1.4.3/hystrix-core-1.4.3.jar
file:/E:/tool/maven/repository/org/springframework/plugin/spring-plugin-core/1.2.0.RELEASE/spring-plugin-core-1.2.0.RELEASE.jar
file:/E:/tool/maven/repository/io/reactivex/rxnetty-servo/0.4.9/rxnetty-servo-0.4.9.jar
file:/E:/tool/maven/repository/org/bouncycastle/bcprov-jdk15on/1.68/bcprov-jdk15on-1.68.jar
file:/E:/tool/maven/repository/org/apache/logging/log4j/log4j-to-slf4j/2.13.3/log4j-to-slf4j-2.13.3.jar
file:/E:/tool/maven/repository/com/alibaba/spring/spring-context-support/1.0.10/spring-context-support-1.0.10.jar
file:/E:/tool/maven/repository/org/junit/jupiter/junit-jupiter-params/5.6.3/junit-jupiter-params-5.6.3.jar
file:/E:/tool/maven/repository/com/github/virtuald/curvesapi/1.04/curvesapi-1.04.jar
file:/E:/tool/maven/repository/org/springframework/cloud/spring-cloud-context/2.2.9.RELEASE/spring-cloud-context-2.2.9.RELEASE.jar
file:/E:/tool/maven/repository/com/auth0/java-jwt/3.8.3/java-jwt-3.8.3.jar
file:/E:/tool/maven/repository/org/springframework/spring-core/5.2.15.RELEASE/spring-core-5.2.15.RELEASE.jar
file:/E:/tool/maven/repository/org/springframework/cloud/spring-cloud-openfeign-core/3.1.0/spring-cloud-openfeign-core-3.1.0.jar
file:/E:/tool/maven/repository/com/baomidou/mybatis-plus-core/3.4.1/mybatis-plus-core-3.4.1.jar
file:/E:/tool/maven/repository/org/springframework/spring-aop/5.2.15.RELEASE/spring-aop-5.2.15.RELEASE.jar
file:/E:/tool/maven/repository/com/aliyun/aliyun-java-sdk-sts/3.0.0/aliyun-java-sdk-sts-3.0.0.jar
file:/E:/tool/jdk1.8.0/jre/lib/jsse.jar
file:/E:/tool/jdk1.8.0/jre/lib/charsets.jar
file:/E:/tool/maven/repository/org/springframework/cloud/spring-cloud-starter-netflix-ribbon/2.2.9.RELEASE/spring-cloud-starter-netflix-ribbon-2.2.9.RELEASE.jar
file:/E:/tool/maven/repository/javax/inject/javax.inject/1/javax.inject-1.jar
file:/E:/tool/maven/repository/org/apiguardian/apiguardian-api/1.1.0/apiguardian-api-1.1.0.jar
file:/E:/tool/maven/repository/org/reflections/reflections/0.9.11/reflections-0.9.11.jar
file:/E:/tool/maven/repository/org/springframework/spring-test/5.2.15.RELEASE/spring-test-5.2.15.RELEASE.jar
file:/E:/tool/jdk1.8.0/jre/lib/ext/sunec.jar
file:/E:/tool/maven/repository/com/google/guava/guava/20.0/guava-20.0.jar
file:/E:/tool/maven/repository/org/apache/httpcomponents/httpcore-nio/4.4.14/httpcore-nio-4.4.14.jar
file:/E:/tool/maven/repository/io/reactivex/rxnetty-contexts/0.4.9/rxnetty-contexts-0.4.9.jar
2022-01-11 14:26:49.620 [main] DEBUG com.alibaba.nacos.shaded.io.grpc.netty.shaded.io.netty.util.internal.logging.InternalLoggerFactory-Using SLF4J as the default logging framework
2022-01-11 14:26:49.621 [main] DEBUG com.alibaba.nacos.shaded.io.grpc.netty.shaded.io.netty.util.internal.PlatformDependent-Platform: Windows
2022-01-11 14:26:49.624 [main] DEBUG com.alibaba.nacos.shaded.io.grpc.netty.shaded.io.netty.util.internal.PlatformDependent0--Dio.netty.noUnsafe: false
2022-01-11 14:26:49.624 [main] DEBUG com.alibaba.nacos.shaded.io.grpc.netty.shaded.io.netty.util.internal.PlatformDependent0-Java version: 8
2022-01-11 14:26:49.627 [main] DEBUG com.alibaba.nacos.shaded.io.grpc.netty.shaded.io.netty.util.internal.PlatformDependent0-sun.misc.Unsafe.theUnsafe: available
2022-01-11 14:26:49.628 [main] DEBUG com.alibaba.nacos.shaded.io.grpc.netty.shaded.io.netty.util.internal.PlatformDependent0-sun.misc.Unsafe.copyMemory: available
2022-01-11 14:26:49.629 [main] DEBUG com.alibaba.nacos.shaded.io.grpc.netty.shaded.io.netty.util.internal.PlatformDependent0-java.nio.Buffer.address: available
2022-01-11 14:26:49.630 [main] DEBUG com.alibaba.nacos.shaded.io.grpc.netty.shaded.io.netty.util.internal.PlatformDependent0-direct buffer constructor: available
2022-01-11 14:26:49.631 [main] DEBUG com.alibaba.nacos.shaded.io.grpc.netty.shaded.io.netty.util.internal.PlatformDependent0-java.nio.Bits.unaligned: available, true
2022-01-11 14:26:49.631 [main] DEBUG com.alibaba.nacos.shaded.io.grpc.netty.shaded.io.netty.util.internal.PlatformDependent0-jdk.internal.misc.Unsafe.allocateUninitializedArray(int): unavailable prior to Java9
2022-01-11 14:26:49.631 [main] DEBUG com.alibaba.nacos.shaded.io.grpc.netty.shaded.io.netty.util.internal.PlatformDependent0-java.nio.DirectByteBuffer.<init>(long, int): available
2022-01-11 14:26:49.632 [main] DEBUG com.alibaba.nacos.shaded.io.grpc.netty.shaded.io.netty.util.internal.PlatformDependent-sun.misc.Unsafe: available
2022-01-11 14:26:49.632 [main] DEBUG com.alibaba.nacos.shaded.io.grpc.netty.shaded.io.netty.util.internal.PlatformDependent--Dio.netty.tmpdir: C:\Users\dzyx\AppData\Local\Temp (java.io.tmpdir)
2022-01-11 14:26:49.634 [main] DEBUG com.alibaba.nacos.shaded.io.grpc.netty.shaded.io.netty.util.internal.PlatformDependent--Dio.netty.bitMode: 64 (sun.arch.data.model)
2022-01-11 14:26:49.636 [main] DEBUG com.alibaba.nacos.shaded.io.grpc.netty.shaded.io.netty.util.internal.PlatformDependent--Dio.netty.maxDirectMemory: 1886912512 bytes
2022-01-11 14:26:49.636 [main] DEBUG com.alibaba.nacos.shaded.io.grpc.netty.shaded.io.netty.util.internal.PlatformDependent--Dio.netty.uninitializedArrayAllocationThreshold: -1
2022-01-11 14:26:49.638 [main] DEBUG com.alibaba.nacos.shaded.io.grpc.netty.shaded.io.netty.util.internal.CleanerJava6-java.nio.ByteBuffer.cleaner(): available
2022-01-11 14:26:49.638 [main] DEBUG com.alibaba.nacos.shaded.io.grpc.netty.shaded.io.netty.util.internal.PlatformDependent--Dio.netty.noPreferDirect: false
2022-01-11 14:26:49.739 [main] DEBUG com.alibaba.nacos.shaded.io.grpc.netty.shaded.io.netty.channel.MultithreadEventLoopGroup--Dio.netty.eventLoopThreads: 8
2022-01-11 14:26:49.765 [main] DEBUG com.alibaba.nacos.shaded.io.grpc.netty.shaded.io.netty.util.internal.InternalThreadLocalMap--Dio.netty.threadLocalMap.stringBuilder.initialSize: 1024
2022-01-11 14:26:49.766 [main] DEBUG com.alibaba.nacos.shaded.io.grpc.netty.shaded.io.netty.util.internal.InternalThreadLocalMap--Dio.netty.threadLocalMap.stringBuilder.maxSize: 4096
2022-01-11 14:26:49.778 [main] DEBUG com.alibaba.nacos.shaded.io.grpc.netty.shaded.io.netty.channel.nio.NioEventLoop--Dio.netty.noKeySetOptimization: false
2022-01-11 14:26:49.778 [main] DEBUG com.alibaba.nacos.shaded.io.grpc.netty.shaded.io.netty.channel.nio.NioEventLoop--Dio.netty.selectorAutoRebuildThreshold: 512
2022-01-11 14:26:49.796 [main] DEBUG com.alibaba.nacos.shaded.io.grpc.netty.shaded.io.netty.util.internal.PlatformDependent-org.jctools-core.MpscChunkedArrayQueue: available
2022-01-11 14:26:50.934 [grpc-default-executor-0] DEBUG com.alibaba.nacos.shaded.io.grpc.netty.shaded.io.netty.util.ResourceLeakDetector--Dcom.alibaba.nacos.shaded.io.grpc.netty.shaded.io.netty.leakDetection.level: simple
2022-01-11 14:26:50.935 [grpc-default-executor-0] DEBUG com.alibaba.nacos.shaded.io.grpc.netty.shaded.io.netty.util.ResourceLeakDetector--Dcom.alibaba.nacos.shaded.io.grpc.netty.shaded.io.netty.leakDetection.targetRecords: 4
2022-01-11 14:26:50.945 [grpc-default-executor-0] DEBUG com.alibaba.nacos.shaded.io.grpc.netty.shaded.io.netty.buffer.AbstractByteBuf--Dcom.alibaba.nacos.shaded.io.grpc.netty.shaded.io.netty.buffer.checkAccessible: true
2022-01-11 14:26:50.945 [grpc-default-executor-0] DEBUG com.alibaba.nacos.shaded.io.grpc.netty.shaded.io.netty.buffer.AbstractByteBuf--Dcom.alibaba.nacos.shaded.io.grpc.netty.shaded.io.netty.buffer.checkBounds: true
2022-01-11 14:26:50.947 [grpc-default-executor-0] DEBUG com.alibaba.nacos.shaded.io.grpc.netty.shaded.io.netty.util.ResourceLeakDetectorFactory-Loaded default ResourceLeakDetector: com.alibaba.nacos.shaded.io.grpc.netty.shaded.io.netty.util.ResourceLeakDetector@2eec1120
2022-01-11 14:26:51.051 [grpc-default-executor-0] DEBUG com.alibaba.nacos.shaded.io.grpc.netty.shaded.io.netty.channel.DefaultChannelId--Dio.netty.processId: 26412 (auto-detected)
2022-01-11 14:26:51.055 [grpc-default-executor-0] DEBUG com.alibaba.nacos.shaded.io.grpc.netty.shaded.io.netty.util.NetUtil--Djava.net.preferIPv4Stack: false
2022-01-11 14:26:51.055 [grpc-default-executor-0] DEBUG com.alibaba.nacos.shaded.io.grpc.netty.shaded.io.netty.util.NetUtil--Djava.net.preferIPv6Addresses: false
2022-01-11 14:26:51.301 [grpc-default-executor-0] DEBUG com.alibaba.nacos.shaded.io.grpc.netty.shaded.io.netty.util.NetUtil-Loopback interface: lo (Software Loopback Interface 1, 127.0.0.1)
2022-01-11 14:26:51.302 [grpc-default-executor-0] DEBUG com.alibaba.nacos.shaded.io.grpc.netty.shaded.io.netty.util.NetUtil-Failed to get SOMAXCONN from sysctl and file \proc\sys\net\core\somaxconn. Default: 200
2022-01-11 14:26:51.558 [grpc-default-executor-0] DEBUG com.alibaba.nacos.shaded.io.grpc.netty.shaded.io.netty.channel.DefaultChannelId--Dio.netty.machineId: ac:ed:5c:ff:fe:4c:2a:e3 (auto-detected)
2022-01-11 14:26:51.604 [grpc-default-executor-0] DEBUG com.alibaba.nacos.shaded.io.grpc.netty.shaded.io.netty.buffer.PooledByteBufAllocator--Dio.netty.allocator.numHeapArenas: 8
2022-01-11 14:26:51.604 [grpc-default-executor-0] DEBUG com.alibaba.nacos.shaded.io.grpc.netty.shaded.io.netty.buffer.PooledByteBufAllocator--Dio.netty.allocator.numDirectArenas: 8
2022-01-11 14:26:51.605 [grpc-default-executor-0] DEBUG com.alibaba.nacos.shaded.io.grpc.netty.shaded.io.netty.buffer.PooledByteBufAllocator--Dio.netty.allocator.pageSize: 8192
2022-01-11 14:26:51.605 [grpc-default-executor-0] DEBUG com.alibaba.nacos.shaded.io.grpc.netty.shaded.io.netty.buffer.PooledByteBufAllocator--Dio.netty.allocator.maxOrder: 11
2022-01-11 14:26:51.605 [grpc-default-executor-0] DEBUG com.alibaba.nacos.shaded.io.grpc.netty.shaded.io.netty.buffer.PooledByteBufAllocator--Dio.netty.allocator.chunkSize: 16777216
2022-01-11 14:26:51.605 [grpc-default-executor-0] DEBUG com.alibaba.nacos.shaded.io.grpc.netty.shaded.io.netty.buffer.PooledByteBufAllocator--Dio.netty.allocator.tinyCacheSize: 512
2022-01-11 14:26:51.605 [grpc-default-executor-0] DEBUG com.alibaba.nacos.shaded.io.grpc.netty.shaded.io.netty.buffer.PooledByteBufAllocator--Dio.netty.allocator.smallCacheSize: 256
2022-01-11 14:26:51.605 [grpc-default-executor-0] DEBUG com.alibaba.nacos.shaded.io.grpc.netty.shaded.io.netty.buffer.PooledByteBufAllocator--Dio.netty.allocator.normalCacheSize: 64
2022-01-11 14:26:51.605 [grpc-default-executor-0] DEBUG com.alibaba.nacos.shaded.io.grpc.netty.shaded.io.netty.buffer.PooledByteBufAllocator--Dio.netty.allocator.maxCachedBufferCapacity: 32768
2022-01-11 14:26:51.605 [grpc-default-executor-0] DEBUG com.alibaba.nacos.shaded.io.grpc.netty.shaded.io.netty.buffer.PooledByteBufAllocator--Dio.netty.allocator.cacheTrimInterval: 8192
2022-01-11 14:26:51.605 [grpc-default-executor-0] DEBUG com.alibaba.nacos.shaded.io.grpc.netty.shaded.io.netty.buffer.PooledByteBufAllocator--Dio.netty.allocator.cacheTrimIntervalMillis: 0
2022-01-11 14:26:51.606 [grpc-default-executor-0] DEBUG com.alibaba.nacos.shaded.io.grpc.netty.shaded.io.netty.buffer.PooledByteBufAllocator--Dio.netty.allocator.useCacheForAllThreads: true
2022-01-11 14:26:51.606 [grpc-default-executor-0] DEBUG com.alibaba.nacos.shaded.io.grpc.netty.shaded.io.netty.buffer.PooledByteBufAllocator--Dio.netty.allocator.maxCachedByteBuffersPerChunk: 1023
2022-01-11 14:26:51.619 [grpc-default-executor-0] DEBUG com.alibaba.nacos.shaded.io.grpc.netty.shaded.io.netty.buffer.ByteBufUtil--Dio.netty.allocator.type: pooled
2022-01-11 14:26:51.619 [grpc-default-executor-0] DEBUG com.alibaba.nacos.shaded.io.grpc.netty.shaded.io.netty.buffer.ByteBufUtil--Dio.netty.threadLocalDirectBufferSize: 0
2022-01-11 14:26:51.619 [grpc-default-executor-0] DEBUG com.alibaba.nacos.shaded.io.grpc.netty.shaded.io.netty.buffer.ByteBufUtil--Dio.netty.maxThreadLocalCharBufferSize: 16384
2022-01-11 14:26:51.632 [grpc-default-executor-0] DEBUG com.alibaba.nacos.shaded.io.grpc.netty.shaded.io.netty.util.Recycler--Dio.netty.recycler.maxCapacityPerThread: 4096
2022-01-11 14:26:51.632 [grpc-default-executor-0] DEBUG com.alibaba.nacos.shaded.io.grpc.netty.shaded.io.netty.util.Recycler--Dio.netty.recycler.maxSharedCapacityFactor: 2
2022-01-11 14:26:51.632 [grpc-default-executor-0] DEBUG com.alibaba.nacos.shaded.io.grpc.netty.shaded.io.netty.util.Recycler--Dio.netty.recycler.linkCapacity: 16
2022-01-11 14:26:51.632 [grpc-default-executor-0] DEBUG com.alibaba.nacos.shaded.io.grpc.netty.shaded.io.netty.util.Recycler--Dio.netty.recycler.ratio: 8
2022-01-11 14:26:51.668 [grpc-nio-worker-ELG-1-2] DEBUG com.alibaba.nacos.shaded.io.grpc.netty.shaded.io.grpc.netty.NettyClientHandler-[id: 0x893ccb6c, L:/127.0.0.1:31020 - R:localhost/127.0.0.1:9848] OUTBOUND SETTINGS: ack=false settings={ENABLE_PUSH=0, MAX_CONCURRENT_STREAMS=0, INITIAL_WINDOW_SIZE=1048576, MAX_HEADER_LIST_SIZE=8192}
2022-01-11 14:26:51.692 [grpc-nio-worker-ELG-1-2] DEBUG com.alibaba.nacos.shaded.io.grpc.netty.shaded.io.grpc.netty.NettyClientHandler-[id: 0x893ccb6c, L:/127.0.0.1:31020 - R:localhost/127.0.0.1:9848] OUTBOUND WINDOW_UPDATE: streamId=0 windowSizeIncrement=983041
2022-01-11 14:26:51.719 [grpc-nio-worker-ELG-1-2] DEBUG com.alibaba.nacos.shaded.io.grpc.netty.shaded.io.grpc.netty.NettyClientHandler-[id: 0x893ccb6c, L:/127.0.0.1:31020 - R:localhost/127.0.0.1:9848] INBOUND SETTINGS: ack=false settings={MAX_CONCURRENT_STREAMS=2147483647, INITIAL_WINDOW_SIZE=1048576, MAX_HEADER_LIST_SIZE=8192}
2022-01-11 14:26:51.722 [grpc-nio-worker-ELG-1-2] DEBUG com.alibaba.nacos.shaded.io.grpc.netty.shaded.io.grpc.netty.NettyClientHandler-[id: 0x893ccb6c, L:/127.0.0.1:31020 - R:localhost/127.0.0.1:9848] OUTBOUND SETTINGS: ack=true
2022-01-11 14:26:51.726 [grpc-nio-worker-ELG-1-2] DEBUG com.alibaba.nacos.shaded.io.grpc.netty.shaded.io.grpc.netty.NettyClientHandler-[id: 0x893ccb6c, L:/127.0.0.1:31020 - R:localhost/127.0.0.1:9848] INBOUND WINDOW_UPDATE: streamId=0 windowSizeIncrement=983041
2022-01-11 14:26:51.727 [grpc-nio-worker-ELG-1-2] DEBUG com.alibaba.nacos.shaded.io.grpc.netty.shaded.io.grpc.netty.NettyClientHandler-[id: 0x893ccb6c, L:/127.0.0.1:31020 - R:localhost/127.0.0.1:9848] INBOUND SETTINGS: ack=true
2022-01-11 14:26:51.814 [grpc-nio-worker-ELG-1-2] DEBUG com.alibaba.nacos.shaded.io.grpc.netty.shaded.io.grpc.netty.NettyClientHandler-[id: 0x893ccb6c, L:/127.0.0.1:31020 - R:localhost/127.0.0.1:9848] OUTBOUND HEADERS: streamId=3 headers=GrpcHttp2OutboundHeaders[:authority: localhost:9848, :path: /Request/request, :method: POST, :scheme: http, content-type: application/grpc, te: trailers, user-agent: grpc-java-netty/1.24.0, grpc-accept-encoding: gzip] streamDependency=0 weight=16 exclusive=false padding=0 endStream=false
2022-01-11 14:26:51.839 [grpc-nio-worker-ELG-1-2] DEBUG com.alibaba.nacos.shaded.io.grpc.netty.shaded.io.grpc.netty.NettyClientHandler-[id: 0x893ccb6c, L:/127.0.0.1:31020 - R:localhost/127.0.0.1:9848] OUTBOUND DATA: streamId=3 padding=0 endStream=true length=81 bytes=000000004c12241a12536572766572436865636b52657175657374420e3139322e3136382e31302e3134301a2412227b2268656164657273223a7b7d2c226d6f...
2022-01-11 14:26:51.854 [grpc-nio-worker-ELG-1-2] DEBUG com.alibaba.nacos.shaded.io.grpc.netty.shaded.io.grpc.netty.NettyClientHandler-[id: 0x893ccb6c, L:/127.0.0.1:31020 - R:localhost/127.0.0.1:9848] INBOUND HEADERS: streamId=3 headers=GrpcHttp2ResponseHeaders[:status: 200, content-type: application/grpc, grpc-encoding: identity, grpc-accept-encoding: gzip] streamDependency=0 weight=16 exclusive=false padding=0 endStream=false
2022-01-11 14:26:51.863 [grpc-nio-worker-ELG-1-2] DEBUG com.alibaba.nacos.shaded.io.grpc.netty.shaded.io.grpc.netty.NettyClientHandler-[id: 0x893ccb6c, L:/127.0.0.1:31020 - R:localhost/127.0.0.1:9848] INBOUND DATA: streamId=3 padding=0 endStream=false length=126 bytes=000000007912151a13536572766572436865636b526573706f6e73651a60125e7b22726573756c74436f6465223a3230302c226572726f72436f6465223a302c...
2022-01-11 14:26:51.874 [grpc-nio-worker-ELG-1-2] DEBUG com.alibaba.nacos.shaded.io.grpc.netty.shaded.io.grpc.netty.NettyClientHandler-[id: 0x893ccb6c, L:/127.0.0.1:31020 - R:localhost/127.0.0.1:9848] INBOUND HEADERS: streamId=3 headers=GrpcHttp2ResponseHeaders[grpc-status: 0] streamDependency=0 weight=16 exclusive=false padding=0 endStream=true
2022-01-11 14:26:51.981 [grpc-nio-worker-ELG-1-2] DEBUG com.alibaba.nacos.shaded.io.grpc.netty.shaded.io.grpc.netty.NettyClientHandler-[id: 0x893ccb6c, L:/127.0.0.1:31020 - R:localhost/127.0.0.1:9848] OUTBOUND HEADERS: streamId=5 headers=GrpcHttp2OutboundHeaders[:authority: localhost:9848, :path: /BiRequestStream/requestBiStream, :method: POST, :scheme: http, content-type: application/grpc, te: trailers, user-agent: grpc-java-netty/1.24.0, grpc-accept-encoding: gzip] streamDependency=0 weight=16 exclusive=false padding=0 endStream=false
2022-01-11 14:26:51.992 [grpc-nio-worker-ELG-1-2] DEBUG com.alibaba.nacos.shaded.io.grpc.netty.shaded.io.grpc.netty.NettyClientHandler-[id: 0x893ccb6c, L:/127.0.0.1:31020 - R:localhost/127.0.0.1:9848] OUTBOUND DATA: streamId=5 padding=0 endStream=false length=399 bytes=000000018a12281a16436f6e6e656374696f6e536574757052657175657374420e3139322e3136382e31302e3134301add0212da027b2268656164657273223a...
2022-01-11 14:26:52.302 [grpc-nio-worker-ELG-1-2] DEBUG com.alibaba.nacos.shaded.io.grpc.netty.shaded.io.grpc.netty.NettyClientHandler-[id: 0x893ccb6c, L:/127.0.0.1:31020 - R:localhost/127.0.0.1:9848] OUTBOUND HEADERS: streamId=7 headers=GrpcHttp2OutboundHeaders[:authority: localhost:9848, :path: /Request/request, :method: POST, :scheme: http, content-type: application/grpc, te: trailers, user-agent: grpc-java-netty/1.24.0, grpc-accept-encoding: gzip] streamDependency=0 weight=16 exclusive=false padding=0 endStream=false
2022-01-11 14:26:52.302 [grpc-nio-worker-ELG-1-2] DEBUG com.alibaba.nacos.shaded.io.grpc.netty.shaded.io.grpc.netty.NettyClientHandler-[id: 0x893ccb6c, L:/127.0.0.1:31020 - R:localhost/127.0.0.1:9848] OUTBOUND DATA: streamId=7 padding=0 endStream=true length=358 bytes=000000016112f0011a12436f6e6669675175657279526571756573743a100a076368617273657412055554462d383a190a0e436c69656e742d4170704e616d65...
2022-01-11 14:26:52.304 [grpc-nio-worker-ELG-1-2] DEBUG com.alibaba.nacos.shaded.io.grpc.netty.shaded.io.grpc.netty.NettyClientHandler-[id: 0x893ccb6c, L:/127.0.0.1:31020 - R:localhost/127.0.0.1:9848] INBOUND HEADERS: streamId=7 headers=GrpcHttp2ResponseHeaders[:status: 200, content-type: application/grpc, grpc-encoding: identity, grpc-accept-encoding: gzip] streamDependency=0 weight=16 exclusive=false padding=0 endStream=false
2022-01-11 14:26:52.305 [grpc-nio-worker-ELG-1-2] DEBUG com.alibaba.nacos.shaded.io.grpc.netty.shaded.io.grpc.netty.NettyClientHandler-[id: 0x893ccb6c, L:/127.0.0.1:31020 - R:localhost/127.0.0.1:9848] INBOUND DATA: streamId=7 padding=0 endStream=false length=146 bytes=000000008d12151a13436f6e6669675175657279526573706f6e73651a7412727b22726573756c74436f6465223a3530302c226572726f72436f6465223a3330...
2022-01-11 14:26:52.306 [grpc-nio-worker-ELG-1-2] DEBUG com.alibaba.nacos.shaded.io.grpc.netty.shaded.io.grpc.netty.NettyClientHandler-[id: 0x893ccb6c, L:/127.0.0.1:31020 - R:localhost/127.0.0.1:9848] INBOUND HEADERS: streamId=7 headers=GrpcHttp2ResponseHeaders[grpc-status: 0] streamDependency=0 weight=16 exclusive=false padding=0 endStream=true
2022-01-11 14:26:52.316 [grpc-nio-worker-ELG-1-2] DEBUG com.alibaba.nacos.shaded.io.grpc.netty.shaded.io.grpc.netty.NettyClientHandler-[id: 0x893ccb6c, L:/127.0.0.1:31020 - R:localhost/127.0.0.1:9848] OUTBOUND HEADERS: streamId=9 headers=GrpcHttp2OutboundHeaders[:authority: localhost:9848, :path: /Request/request, :method: POST, :scheme: http, content-type: application/grpc, te: trailers, user-agent: grpc-java-netty/1.24.0, grpc-accept-encoding: gzip] streamDependency=0 weight=16 exclusive=false padding=0 endStream=false
2022-01-11 14:26:52.316 [grpc-nio-worker-ELG-1-2] DEBUG com.alibaba.nacos.shaded.io.grpc.netty.shaded.io.grpc.netty.NettyClientHandler-[id: 0x893ccb6c, L:/127.0.0.1:31020 - R:localhost/127.0.0.1:9848] OUTBOUND DATA: streamId=9 padding=0 endStream=true length=369 bytes=000000016c12f0011a12436f6e6669675175657279526571756573743a100a076368617273657412055554462d383a190a0e436c69656e742d4170704e616d65...
2022-01-11 14:26:52.349 [grpc-nio-worker-ELG-1-2] DEBUG com.alibaba.nacos.shaded.io.grpc.netty.shaded.io.grpc.netty.NettyClientHandler-[id: 0x893ccb6c, L:/127.0.0.1:31020 - R:localhost/127.0.0.1:9848] INBOUND HEADERS: streamId=9 headers=GrpcHttp2ResponseHeaders[:status: 200, content-type: application/grpc, grpc-encoding: identity, grpc-accept-encoding: gzip] streamDependency=0 weight=16 exclusive=false padding=0 endStream=false
2022-01-11 14:26:52.350 [grpc-nio-worker-ELG-1-2] DEBUG com.alibaba.nacos.shaded.io.grpc.netty.shaded.io.grpc.netty.NettyClientHandler-[id: 0x893ccb6c, L:/127.0.0.1:31020 - R:localhost/127.0.0.1:9848] INBOUND DATA: streamId=9 padding=0 endStream=false length=146 bytes=000000008d12151a13436f6e6669675175657279526573706f6e73651a7412727b22726573756c74436f6465223a3530302c226572726f72436f6465223a3330...
2022-01-11 14:26:52.351 [grpc-nio-worker-ELG-1-2] DEBUG com.alibaba.nacos.shaded.io.grpc.netty.shaded.io.grpc.netty.NettyClientHandler-[id: 0x893ccb6c, L:/127.0.0.1:31020 - R:localhost/127.0.0.1:9848] INBOUND HEADERS: streamId=9 headers=GrpcHttp2ResponseHeaders[grpc-status: 0] streamDependency=0 weight=16 exclusive=false padding=0 endStream=true
2022-01-11 14:26:52.354 [grpc-nio-worker-ELG-1-2] DEBUG com.alibaba.nacos.shaded.io.grpc.netty.shaded.io.grpc.netty.NettyClientHandler-[id: 0x893ccb6c, L:/127.0.0.1:31020 - R:localhost/127.0.0.1:9848] OUTBOUND HEADERS: streamId=11 headers=GrpcHttp2OutboundHeaders[:authority: localhost:9848, :path: /Request/request, :method: POST, :scheme: http, content-type: application/grpc, te: trailers, user-agent: grpc-java-netty/1.24.0, grpc-accept-encoding: gzip] streamDependency=0 weight=16 exclusive=false padding=0 endStream=false
2022-01-11 14:26:52.354 [grpc-nio-worker-ELG-1-2] DEBUG com.alibaba.nacos.shaded.io.grpc.netty.shaded.io.grpc.netty.NettyClientHandler-[id: 0x893ccb6c, L:/127.0.0.1:31020 - R:localhost/127.0.0.1:9848] OUTBOUND DATA: streamId=11 padding=0 endStream=true length=373 bytes=000000017012f0011a12436f6e6669675175657279526571756573743a100a076368617273657412055554462d383a190a0e436c69656e742d4170704e616d65...
2022-01-11 14:26:52.357 [grpc-nio-worker-ELG-1-2] DEBUG com.alibaba.nacos.shaded.io.grpc.netty.shaded.io.grpc.netty.NettyClientHandler-[id: 0x893ccb6c, L:/127.0.0.1:31020 - R:localhost/127.0.0.1:9848] INBOUND HEADERS: streamId=11 headers=GrpcHttp2ResponseHeaders[:status: 200, content-type: application/grpc, grpc-encoding: identity, grpc-accept-encoding: gzip] streamDependency=0 weight=16 exclusive=false padding=0 endStream=false
2022-01-11 14:26:52.358 [grpc-nio-worker-ELG-1-2] DEBUG com.alibaba.nacos.shaded.io.grpc.netty.shaded.io.grpc.netty.NettyClientHandler-[id: 0x893ccb6c, L:/127.0.0.1:31020 - R:localhost/127.0.0.1:9848] INBOUND DATA: streamId=11 padding=0 endStream=false length=146 bytes=000000008d12151a13436f6e6669675175657279526573706f6e73651a7412727b22726573756c74436f6465223a3530302c226572726f72436f6465223a3330...
2022-01-11 14:26:52.359 [grpc-nio-worker-ELG-1-2] DEBUG com.alibaba.nacos.shaded.io.grpc.netty.shaded.io.grpc.netty.NettyClientHandler-[id: 0x893ccb6c, L:/127.0.0.1:31020 - R:localhost/127.0.0.1:9848] INBOUND HEADERS: streamId=11 headers=GrpcHttp2ResponseHeaders[grpc-status: 0] streamDependency=0 weight=16 exclusive=false padding=0 endStream=true
2022-01-11 14:26:53.669 [main] DEBUG org.apache.ibatis.logging.LogFactory-Logging initialized using 'class org.apache.ibatis.logging.slf4j.Slf4jImpl' adapter.
2022-01-11 14:26:53.675 [main] DEBUG org.mybatis.spring.mapper.ClassPathMapperScanner-Identified candidate component class: file [E:\juam-workspace\code\git\edu\server\nov-starter\nov-service\service_edu\target\classes\com\novedu\nov\edu\mapper\AclUserMapper.class]
2022-01-11 14:26:53.675 [main] DEBUG org.mybatis.spring.mapper.ClassPathMapperScanner-Identified candidate component class: file [E:\juam-workspace\code\git\edu\server\nov-starter\nov-service\service_edu\target\classes\com\novedu\nov\edu\mapper\EduChapterMapper.class]
2022-01-11 14:26:53.676 [main] DEBUG org.mybatis.spring.mapper.ClassPathMapperScanner-Identified candidate component class: file [E:\juam-workspace\code\git\edu\server\nov-starter\nov-service\service_edu\target\classes\com\novedu\nov\edu\mapper\EduCourseIntroMapper.class]
2022-01-11 14:26:53.676 [main] DEBUG org.mybatis.spring.mapper.ClassPathMapperScanner-Identified candidate component class: file [E:\juam-workspace\code\git\edu\server\nov-starter\nov-service\service_edu\target\classes\com\novedu\nov\edu\mapper\EduCourseMapper.class]
2022-01-11 14:26:53.676 [main] DEBUG org.mybatis.spring.mapper.ClassPathMapperScanner-Identified candidate component class: file [E:\juam-workspace\code\git\edu\server\nov-starter\nov-service\service_edu\target\classes\com\novedu\nov\edu\mapper\EduSubjectMapper.class]
2022-01-11 14:26:53.677 [main] DEBUG org.mybatis.spring.mapper.ClassPathMapperScanner-Identified candidate component class: file [E:\juam-workspace\code\git\edu\server\nov-starter\nov-service\service_edu\target\classes\com\novedu\nov\edu\mapper\EduTeacherMapper.class]
2022-01-11 14:26:53.677 [main] DEBUG org.mybatis.spring.mapper.ClassPathMapperScanner-Identified candidate component class: file [E:\juam-workspace\code\git\edu\server\nov-starter\nov-service\service_edu\target\classes\com\novedu\nov\edu\mapper\EduVideoMapper.class]
2022-01-11 14:26:53.677 [main] DEBUG org.mybatis.spring.mapper.ClassPathMapperScanner-Identified candidate component class: file [E:\juam-workspace\code\git\edu\server\nov-starter\nov-service\service_edu\target\classes\com\novedu\nov\edu\mapper\SysConfigMapper.class]
2022-01-11 14:26:53.679 [main] DEBUG org.mybatis.spring.mapper.ClassPathMapperScanner-Creating MapperFactoryBean with name 'aclUserMapper' and 'com.novedu.nov.edu.mapper.AclUserMapper' mapperInterface
2022-01-11 14:26:53.682 [main] DEBUG org.mybatis.spring.mapper.ClassPathMapperScanner-Enabling autowire by type for MapperFactoryBean with name 'aclUserMapper'.
2022-01-11 14:26:53.682 [main] DEBUG org.mybatis.spring.mapper.ClassPathMapperScanner-Creating MapperFactoryBean with name 'eduChapterMapper' and 'com.novedu.nov.edu.mapper.EduChapterMapper' mapperInterface
2022-01-11 14:26:53.682 [main] DEBUG org.mybatis.spring.mapper.ClassPathMapperScanner-Enabling autowire by type for MapperFactoryBean with name 'eduChapterMapper'.
2022-01-11 14:26:53.683 [main] DEBUG org.mybatis.spring.mapper.ClassPathMapperScanner-Creating MapperFactoryBean with name 'eduCourseIntroMapper' and 'com.novedu.nov.edu.mapper.EduCourseIntroMapper' mapperInterface
2022-01-11 14:26:53.683 [main] DEBUG org.mybatis.spring.mapper.ClassPathMapperScanner-Enabling autowire by type for MapperFactoryBean with name 'eduCourseIntroMapper'.
2022-01-11 14:26:53.683 [main] DEBUG org.mybatis.spring.mapper.ClassPathMapperScanner-Creating MapperFactoryBean with name 'eduCourseMapper' and 'com.novedu.nov.edu.mapper.EduCourseMapper' mapperInterface
2022-01-11 14:26:53.683 [main] DEBUG org.mybatis.spring.mapper.ClassPathMapperScanner-Enabling autowire by type for MapperFactoryBean with name 'eduCourseMapper'.
2022-01-11 14:26:53.683 [main] DEBUG org.mybatis.spring.mapper.ClassPathMapperScanner-Creating MapperFactoryBean with name 'eduSubjectMapper' and 'com.novedu.nov.edu.mapper.EduSubjectMapper' mapperInterface
2022-01-11 14:26:53.683 [main] DEBUG org.mybatis.spring.mapper.ClassPathMapperScanner-Enabling autowire by type for MapperFactoryBean with name 'eduSubjectMapper'.
2022-01-11 14:26:53.683 [main] DEBUG org.mybatis.spring.mapper.ClassPathMapperScanner-Creating MapperFactoryBean with name 'eduTeacherMapper' and 'com.novedu.nov.edu.mapper.EduTeacherMapper' mapperInterface
2022-01-11 14:26:53.684 [main] DEBUG org.mybatis.spring.mapper.ClassPathMapperScanner-Enabling autowire by type for MapperFactoryBean with name 'eduTeacherMapper'.
2022-01-11 14:26:53.684 [main] DEBUG org.mybatis.spring.mapper.ClassPathMapperScanner-Creating MapperFactoryBean with name 'eduVideoMapper' and 'com.novedu.nov.edu.mapper.EduVideoMapper' mapperInterface
2022-01-11 14:26:53.684 [main] DEBUG org.mybatis.spring.mapper.ClassPathMapperScanner-Enabling autowire by type for MapperFactoryBean with name 'eduVideoMapper'.
2022-01-11 14:26:53.684 [main] DEBUG org.mybatis.spring.mapper.ClassPathMapperScanner-Creating MapperFactoryBean with name 'sysConfigMapper' and 'com.novedu.nov.ucenter.mapper.SysConfigMapper' mapperInterface
2022-01-11 14:26:53.684 [main] DEBUG org.mybatis.spring.mapper.ClassPathMapperScanner-Enabling autowire by type for MapperFactoryBean with name 'sysConfigMapper'.
2022-01-11 14:26:59.443 [grpc-nio-worker-ELG-1-2] DEBUG com.alibaba.nacos.shaded.io.grpc.netty.shaded.io.grpc.netty.NettyClientHandler-[id: 0x893ccb6c, L:/127.0.0.1:31020 - R:localhost/127.0.0.1:9848] OUTBOUND HEADERS: streamId=13 headers=GrpcHttp2OutboundHeaders[:authority: localhost:9848, :path: /Request/request, :method: POST, :scheme: http, content-type: application/grpc, te: trailers, user-agent: grpc-java-netty/1.24.0, grpc-accept-encoding: gzip] streamDependency=0 weight=16 exclusive=false padding=0 endStream=false
2022-01-11 14:26:59.446 [grpc-nio-worker-ELG-1-2] DEBUG com.alibaba.nacos.shaded.io.grpc.netty.shaded.io.grpc.netty.NettyClientHandler-[id: 0x893ccb6c, L:/127.0.0.1:31020 - R:localhost/127.0.0.1:9848] OUTBOUND DATA: streamId=13 padding=0 endStream=true length=81 bytes=000000004c12241a124865616c7468436865636b52657175657374420e3139322e3136382e31302e3134301a2412227b2268656164657273223a7b7d2c226d6f...
2022-01-11 14:26:59.450 [grpc-nio-worker-ELG-1-2] DEBUG com.alibaba.nacos.shaded.io.grpc.netty.shaded.io.grpc.netty.NettyClientHandler-[id: 0x893ccb6c, L:/127.0.0.1:31020 - R:localhost/127.0.0.1:9848] INBOUND HEADERS: streamId=13 headers=GrpcHttp2ResponseHeaders[:status: 200, content-type: application/grpc, grpc-encoding: identity, grpc-accept-encoding: gzip] streamDependency=0 weight=16 exclusive=false padding=0 endStream=false
2022-01-11 14:26:59.451 [grpc-nio-worker-ELG-1-2] DEBUG com.alibaba.nacos.shaded.io.grpc.netty.shaded.io.grpc.netty.NettyClientHandler-[id: 0x893ccb6c, L:/127.0.0.1:31020 - R:localhost/127.0.0.1:9848] INBOUND DATA: streamId=13 padding=0 endStream=false length=79 bytes=000000004a12151a134865616c7468436865636b526573706f6e73651a31122f7b22726573756c74436f6465223a3230302c226572726f72436f6465223a302c...
2022-01-11 14:26:59.453 [grpc-nio-worker-ELG-1-2] DEBUG com.alibaba.nacos.shaded.io.grpc.netty.shaded.io.grpc.netty.NettyClientHandler-[id: 0x893ccb6c, L:/127.0.0.1:31020 - R:localhost/127.0.0.1:9848] INBOUND HEADERS: streamId=13 headers=GrpcHttp2ResponseHeaders[grpc-status: 0] streamDependency=0 weight=16 exclusive=false padding=0 endStream=true
2022-01-11 14:27:00.596 [main] DEBUG org.hibernate.validator.messageinterpolation.ResourceBundleMessageInterpolator-Loaded expression factory via original TCCL
2022-01-11 14:27:00.612 [main] DEBUG org.hibernate.validator.internal.engine.AbstractConfigurationImpl-Setting custom MessageInterpolator of type org.springframework.validation.beanvalidation.LocaleContextMessageInterpolator
2022-01-11 14:27:00.613 [main] DEBUG org.hibernate.validator.internal.engine.AbstractConfigurationImpl-Setting custom ConstraintValidatorFactory of type org.springframework.validation.beanvalidation.SpringConstraintValidatorFactory
2022-01-11 14:27:00.613 [main] DEBUG org.hibernate.validator.internal.engine.AbstractConfigurationImpl-Setting custom ParameterNameProvider of type org.springframework.validation.beanvalidation.LocalValidatorFactoryBean$1
2022-01-11 14:27:00.616 [main] DEBUG org.hibernate.validator.internal.xml.config.ValidationXmlParser-Trying to load META-INF/validation.xml for XML based Validator configuration.
2022-01-11 14:27:00.616 [main] DEBUG org.hibernate.validator.internal.xml.config.ResourceLoaderHelper-Trying to load META-INF/validation.xml via user class loader
2022-01-11 14:27:00.617 [main] DEBUG org.hibernate.validator.internal.xml.config.ResourceLoaderHelper-Trying to load META-INF/validation.xml via TCCL
2022-01-11 14:27:00.617 [main] DEBUG org.hibernate.validator.internal.xml.config.ResourceLoaderHelper-Trying to load META-INF/validation.xml via Hibernate Validator's class loader
2022-01-11 14:27:00.618 [main] DEBUG org.hibernate.validator.internal.xml.config.ValidationXmlParser-No META-INF/validation.xml found. Using annotation based configuration only.
2022-01-11 14:27:00.619 [main] DEBUG org.hibernate.validator.internal.engine.resolver.TraversableResolvers-Cannot find javax.persistence.Persistence on classpath. Assuming non JPA 2 environment. All properties will per default be traversable.
2022-01-11 14:27:00.623 [main] DEBUG org.hibernate.validator.internal.engine.ValidatorFactoryConfigurationHelper-HV000252: Using org.hibernate.validator.internal.engine.DefaultPropertyNodeNameProvider as property node name provider.
2022-01-11 14:27:00.624 [main] DEBUG org.hibernate.validator.internal.engine.ValidatorFactoryConfigurationHelper-HV000234: Using org.springframework.validation.beanvalidation.LocaleContextMessageInterpolator as ValidatorFactory-scoped message interpolator.
2022-01-11 14:27:00.624 [main] DEBUG org.hibernate.validator.internal.engine.ValidatorFactoryConfigurationHelper-HV000234: Using org.hibernate.validator.internal.engine.resolver.TraverseAllTraversableResolver as ValidatorFactory-scoped traversable resolver.
2022-01-11 14:27:00.624 [main] DEBUG org.hibernate.validator.internal.engine.ValidatorFactoryConfigurationHelper-HV000234: Using org.hibernate.validator.internal.util.ExecutableParameterNameProvider as ValidatorFactory-scoped parameter name provider.
2022-01-11 14:27:00.624 [main] DEBUG org.hibernate.validator.internal.engine.ValidatorFactoryConfigurationHelper-HV000234: Using org.hibernate.validator.internal.engine.DefaultClockProvider as ValidatorFactory-scoped clock provider.
2022-01-11 14:27:00.624 [main] DEBUG org.hibernate.validator.internal.engine.ValidatorFactoryConfigurationHelper-HV000234: Using org.hibernate.validator.internal.engine.scripting.DefaultScriptEvaluatorFactory as ValidatorFactory-scoped script evaluator factory.
2022-01-11 14:27:04.492 [grpc-nio-worker-ELG-1-2] DEBUG com.alibaba.nacos.shaded.io.grpc.netty.shaded.io.grpc.netty.NettyClientHandler-[id: 0x893ccb6c, L:/127.0.0.1:31020 - R:localhost/127.0.0.1:9848] OUTBOUND HEADERS: streamId=15 headers=GrpcHttp2OutboundHeaders[:authority: localhost:9848, :path: /Request/request, :method: POST, :scheme: http, content-type: application/grpc, te: trailers, user-agent: grpc-java-netty/1.24.0, grpc-accept-encoding: gzip] streamDependency=0 weight=16 exclusive=false padding=0 endStream=false
2022-01-11 14:27:04.493 [grpc-nio-worker-ELG-1-2] DEBUG com.alibaba.nacos.shaded.io.grpc.netty.shaded.io.grpc.netty.NettyClientHandler-[id: 0x893ccb6c, L:/127.0.0.1:31020 - R:localhost/127.0.0.1:9848] OUTBOUND DATA: streamId=15 padding=0 endStream=true length=81 bytes=000000004c12241a124865616c7468436865636b52657175657374420e3139322e3136382e31302e3134301a2412227b2268656164657273223a7b7d2c226d6f...
2022-01-11 14:27:04.495 [grpc-nio-worker-ELG-1-2] DEBUG com.alibaba.nacos.shaded.io.grpc.netty.shaded.io.grpc.netty.NettyClientHandler-[id: 0x893ccb6c, L:/127.0.0.1:31020 - R:localhost/127.0.0.1:9848] INBOUND HEADERS: streamId=15 headers=GrpcHttp2ResponseHeaders[:status: 200, content-type: application/grpc, grpc-encoding: identity, grpc-accept-encoding: gzip] streamDependency=0 weight=16 exclusive=false padding=0 endStream=false
2022-01-11 14:27:04.496 [grpc-nio-worker-ELG-1-2] DEBUG com.alibaba.nacos.shaded.io.grpc.netty.shaded.io.grpc.netty.NettyClientHandler-[id: 0x893ccb6c, L:/127.0.0.1:31020 - R:localhost/127.0.0.1:9848] INBOUND DATA: streamId=15 padding=0 endStream=false length=79 bytes=000000004a12151a134865616c7468436865636b526573706f6e73651a31122f7b22726573756c74436f6465223a3230302c226572726f72436f6465223a302c...
2022-01-11 14:27:04.497 [grpc-nio-worker-ELG-1-2] DEBUG com.alibaba.nacos.shaded.io.grpc.netty.shaded.io.grpc.netty.NettyClientHandler-[id: 0x893ccb6c, L:/127.0.0.1:31020 - R:localhost/127.0.0.1:9848] INBOUND HEADERS: streamId=15 headers=GrpcHttp2ResponseHeaders[grpc-status: 0] streamDependency=0 weight=16 exclusive=false padding=0 endStream=true
2022-01-11 14:27:04.561 [grpc-nio-worker-ELG-1-4] DEBUG com.alibaba.nacos.shaded.io.grpc.netty.shaded.io.grpc.netty.NettyClientHandler-[id: 0x69518aba, L:/127.0.0.1:31022 - R:/127.0.0.1:9848] OUTBOUND SETTINGS: ack=false settings={ENABLE_PUSH=0, MAX_CONCURRENT_STREAMS=0, INITIAL_WINDOW_SIZE=1048576, MAX_HEADER_LIST_SIZE=8192}
2022-01-11 14:27:04.562 [grpc-nio-worker-ELG-1-4] DEBUG com.alibaba.nacos.shaded.io.grpc.netty.shaded.io.grpc.netty.NettyClientHandler-[id: 0x69518aba, L:/127.0.0.1:31022 - R:/127.0.0.1:9848] OUTBOUND WINDOW_UPDATE: streamId=0 windowSizeIncrement=983041
2022-01-11 14:27:04.564 [grpc-nio-worker-ELG-1-4] DEBUG com.alibaba.nacos.shaded.io.grpc.netty.shaded.io.grpc.netty.NettyClientHandler-[id: 0x69518aba, L:/127.0.0.1:31022 - R:/127.0.0.1:9848] INBOUND SETTINGS: ack=false settings={MAX_CONCURRENT_STREAMS=2147483647, INITIAL_WINDOW_SIZE=1048576, MAX_HEADER_LIST_SIZE=8192}
2022-01-11 14:27:04.564 [grpc-nio-worker-ELG-1-4] DEBUG com.alibaba.nacos.shaded.io.grpc.netty.shaded.io.grpc.netty.NettyClientHandler-[id: 0x69518aba, L:/127.0.0.1:31022 - R:/127.0.0.1:9848] OUTBOUND SETTINGS: ack=true
2022-01-11 14:27:04.565 [grpc-nio-worker-ELG-1-4] DEBUG com.alibaba.nacos.shaded.io.grpc.netty.shaded.io.grpc.netty.NettyClientHandler-[id: 0x69518aba, L:/127.0.0.1:31022 - R:/127.0.0.1:9848] INBOUND WINDOW_UPDATE: streamId=0 windowSizeIncrement=983041
2022-01-11 14:27:04.565 [grpc-nio-worker-ELG-1-4] DEBUG com.alibaba.nacos.shaded.io.grpc.netty.shaded.io.grpc.netty.NettyClientHandler-[id: 0x69518aba, L:/127.0.0.1:31022 - R:/127.0.0.1:9848] INBOUND SETTINGS: ack=true
2022-01-11 14:27:04.567 [grpc-nio-worker-ELG-1-4] DEBUG com.alibaba.nacos.shaded.io.grpc.netty.shaded.io.grpc.netty.NettyClientHandler-[id: 0x69518aba, L:/127.0.0.1:31022 - R:/127.0.0.1:9848] OUTBOUND HEADERS: streamId=3 headers=GrpcHttp2OutboundHeaders[:authority: 127.0.0.1:9848, :path: /Request/request, :method: POST, :scheme: http, content-type: application/grpc, te: trailers, user-agent: grpc-java-netty/1.24.0, grpc-accept-encoding: gzip] streamDependency=0 weight=16 exclusive=false padding=0 endStream=false
2022-01-11 14:27:04.568 [grpc-nio-worker-ELG-1-4] DEBUG com.alibaba.nacos.shaded.io.grpc.netty.shaded.io.grpc.netty.NettyClientHandler-[id: 0x69518aba, L:/127.0.0.1:31022 - R:/127.0.0.1:9848] OUTBOUND DATA: streamId=3 padding=0 endStream=true length=81 bytes=000000004c12241a12536572766572436865636b52657175657374420e3139322e3136382e31302e3134301a2412227b2268656164657273223a7b7d2c226d6f...
2022-01-11 14:27:04.570 [grpc-nio-worker-ELG-1-4] DEBUG com.alibaba.nacos.shaded.io.grpc.netty.shaded.io.grpc.netty.NettyClientHandler-[id: 0x69518aba, L:/127.0.0.1:31022 - R:/127.0.0.1:9848] INBOUND HEADERS: streamId=3 headers=GrpcHttp2ResponseHeaders[:status: 200, content-type: application/grpc, grpc-encoding: identity, grpc-accept-encoding: gzip] streamDependency=0 weight=16 exclusive=false padding=0 endStream=false
2022-01-11 14:27:04.571 [grpc-nio-worker-ELG-1-4] DEBUG com.alibaba.nacos.shaded.io.grpc.netty.shaded.io.grpc.netty.NettyClientHandler-[id: 0x69518aba, L:/127.0.0.1:31022 - R:/127.0.0.1:9848] INBOUND DATA: streamId=3 padding=0 endStream=false length=126 bytes=000000007912151a13536572766572436865636b526573706f6e73651a60125e7b22726573756c74436f6465223a3230302c226572726f72436f6465223a302c...
2022-01-11 14:27:04.572 [grpc-nio-worker-ELG-1-4] DEBUG com.alibaba.nacos.shaded.io.grpc.netty.shaded.io.grpc.netty.NettyClientHandler-[id: 0x69518aba, L:/127.0.0.1:31022 - R:/127.0.0.1:9848] INBOUND HEADERS: streamId=3 headers=GrpcHttp2ResponseHeaders[grpc-status: 0] streamDependency=0 weight=16 exclusive=false padding=0 endStream=true
2022-01-11 14:27:04.574 [grpc-nio-worker-ELG-1-4] DEBUG com.alibaba.nacos.shaded.io.grpc.netty.shaded.io.grpc.netty.NettyClientHandler-[id: 0x69518aba, L:/127.0.0.1:31022 - R:/127.0.0.1:9848] OUTBOUND HEADERS: streamId=5 headers=GrpcHttp2OutboundHeaders[:authority: 127.0.0.1:9848, :path: /BiRequestStream/requestBiStream, :method: POST, :scheme: http, content-type: application/grpc, te: trailers, user-agent: grpc-java-netty/1.24.0, grpc-accept-encoding: gzip] streamDependency=0 weight=16 exclusive=false padding=0 endStream=false
2022-01-11 14:27:04.577 [grpc-nio-worker-ELG-1-4] DEBUG com.alibaba.nacos.shaded.io.grpc.netty.shaded.io.grpc.netty.NettyClientHandler-[id: 0x69518aba, L:/127.0.0.1:31022 - R:/127.0.0.1:9848] OUTBOUND DATA: streamId=5 padding=0 endStream=false length=172 bytes=00000000a712281a16436f6e6e656374696f6e536574757052657175657374420e3139322e3136382e31302e3134301a7b12797b2268656164657273223a7b7d...
2022-01-11 14:27:04.706 [grpc-nio-worker-ELG-1-4] DEBUG com.alibaba.nacos.shaded.io.grpc.netty.shaded.io.grpc.netty.NettyClientHandler-[id: 0x69518aba, L:/127.0.0.1:31022 - R:/127.0.0.1:9848] OUTBOUND HEADERS: streamId=7 headers=GrpcHttp2OutboundHeaders[:authority: 127.0.0.1:9848, :path: /Request/request, :method: POST, :scheme: http, content-type: application/grpc, te: trailers, user-agent: grpc-java-netty/1.24.0, grpc-accept-encoding: gzip] streamDependency=0 weight=16 exclusive=false padding=0 endStream=false
2022-01-11 14:27:04.707 [grpc-nio-worker-ELG-1-4] DEBUG com.alibaba.nacos.shaded.io.grpc.netty.shaded.io.grpc.netty.NettyClientHandler-[id: 0x69518aba, L:/127.0.0.1:31022 - R:/127.0.0.1:9848] OUTBOUND DATA: streamId=7 padding=0 endStream=true length=217 bytes=00000000d412391a1753756273637269626553657276696365526571756573743a0e0a036170701207756e6b6e6f776e420e3139322e3136382e31302e313430...
2022-01-11 14:27:04.714 [grpc-nio-worker-ELG-1-4] DEBUG com.alibaba.nacos.shaded.io.grpc.netty.shaded.io.grpc.netty.NettyClientHandler-[id: 0x69518aba, L:/127.0.0.1:31022 - R:/127.0.0.1:9848] INBOUND HEADERS: streamId=7 headers=GrpcHttp2ResponseHeaders[:status: 200, content-type: application/grpc, grpc-encoding: identity, grpc-accept-encoding: gzip] streamDependency=0 weight=16 exclusive=false padding=0 endStream=false
2022-01-11 14:27:04.719 [grpc-nio-worker-ELG-1-4] DEBUG com.alibaba.nacos.shaded.io.grpc.netty.shaded.io.grpc.netty.NettyClientHandler-[id: 0x69518aba, L:/127.0.0.1:31022 - R:/127.0.0.1:9848] INBOUND DATA: streamId=7 padding=0 endStream=false length=634 bytes=0000000275121a1a1853756273637269626553657276696365526573706f6e73651ad60412d3047b22726573756c74436f6465223a3230302c226572726f7243...
2022-01-11 14:27:04.721 [grpc-nio-worker-ELG-1-4] DEBUG com.alibaba.nacos.shaded.io.grpc.netty.shaded.io.grpc.netty.NettyClientHandler-[id: 0x69518aba, L:/127.0.0.1:31022 - R:/127.0.0.1:9848] INBOUND HEADERS: streamId=7 headers=GrpcHttp2ResponseHeaders[grpc-status: 0] streamDependency=0 weight=16 exclusive=false padding=0 endStream=true
2022-01-11 14:27:04.791 [nacos.publisher-com.alibaba.nacos.client.naming.event.InstancesChangeEvent] DEBUG com.alibaba.nacos.common.notify.NotifyCenter-[NotifyCenter] the com.alibaba.nacos.client.naming.event.InstancesChangeEvent@6f6b148a will received by com.alibaba.nacos.client.naming.event.InstancesChangeNotifier@3c2188f
2022-01-11 14:27:04.874 [grpc-nio-worker-ELG-1-2] DEBUG com.alibaba.nacos.shaded.io.grpc.netty.shaded.io.grpc.netty.NettyClientHandler-[id: 0x893ccb6c, L:/127.0.0.1:31020 - R:localhost/127.0.0.1:9848] OUTBOUND HEADERS: streamId=17 headers=GrpcHttp2OutboundHeaders[:authority: localhost:9848, :path: /Request/request, :method: POST, :scheme: http, content-type: application/grpc, te: trailers, user-agent: grpc-java-netty/1.24.0, grpc-accept-encoding: gzip] streamDependency=0 weight=16 exclusive=false padding=0 endStream=false
2022-01-11 14:27:04.874 [grpc-nio-worker-ELG-1-2] DEBUG com.alibaba.nacos.shaded.io.grpc.netty.shaded.io.grpc.netty.NettyClientHandler-[id: 0x893ccb6c, L:/127.0.0.1:31020 - R:localhost/127.0.0.1:9848] OUTBOUND DATA: streamId=17 padding=0 endStream=true length=395 bytes=000000018612e5011a18436f6e66696742617463684c697374656e526571756573743a100a076368617273657412055554462d383a190a0e436c69656e742d41...
2022-01-11 14:27:04.877 [grpc-nio-worker-ELG-1-2] DEBUG com.alibaba.nacos.shaded.io.grpc.netty.shaded.io.grpc.netty.NettyClientHandler-[id: 0x893ccb6c, L:/127.0.0.1:31020 - R:localhost/127.0.0.1:9848] INBOUND HEADERS: streamId=17 headers=GrpcHttp2ResponseHeaders[:status: 200, content-type: application/grpc, grpc-encoding: identity, grpc-accept-encoding: gzip] streamDependency=0 weight=16 exclusive=false padding=0 endStream=false
2022-01-11 14:27:04.879 [grpc-nio-worker-ELG-1-2] DEBUG com.alibaba.nacos.shaded.io.grpc.netty.shaded.io.grpc.netty.NettyClientHandler-[id: 0x893ccb6c, L:/127.0.0.1:31020 - R:localhost/127.0.0.1:9848] INBOUND DATA: streamId=17 padding=0 endStream=false length=111 bytes=000000006a12211a1f436f6e6669674368616e676542617463684c697374656e526573706f6e73651a4512437b22726573756c74436f6465223a3230302c2265...
2022-01-11 14:27:04.880 [grpc-nio-worker-ELG-1-2] DEBUG com.alibaba.nacos.shaded.io.grpc.netty.shaded.io.grpc.netty.NettyClientHandler-[id: 0x893ccb6c, L:/127.0.0.1:31020 - R:localhost/127.0.0.1:9848] INBOUND HEADERS: streamId=17 headers=GrpcHttp2ResponseHeaders[grpc-status: 0] streamDependency=0 weight=16 exclusive=false padding=0 endStream=true
2022-01-11 14:27:04.892 [grpc-nio-worker-ELG-1-2] DEBUG com.alibaba.nacos.shaded.io.grpc.netty.shaded.io.grpc.netty.NettyClientHandler-[id: 0x893ccb6c, L:/127.0.0.1:31020 - R:localhost/127.0.0.1:9848] OUTBOUND HEADERS: streamId=19 headers=GrpcHttp2OutboundHeaders[:authority: localhost:9848, :path: /Request/request, :method: POST, :scheme: http, content-type: application/grpc, te: trailers, user-agent: grpc-java-netty/1.24.0, grpc-accept-encoding: gzip] streamDependency=0 weight=16 exclusive=false padding=0 endStream=false
2022-01-11 14:27:04.893 [grpc-nio-worker-ELG-1-2] DEBUG com.alibaba.nacos.shaded.io.grpc.netty.shaded.io.grpc.netty.NettyClientHandler-[id: 0x893ccb6c, L:/127.0.0.1:31020 - R:localhost/127.0.0.1:9848] OUTBOUND DATA: streamId=19 padding=0 endStream=true length=469 bytes=00000001d012e5011a18436f6e66696742617463684c697374656e526571756573743a100a076368617273657412055554462d383a190a0e436c69656e742d41...
2022-01-11 14:27:04.896 [grpc-nio-worker-ELG-1-2] DEBUG com.alibaba.nacos.shaded.io.grpc.netty.shaded.io.grpc.netty.NettyClientHandler-[id: 0x893ccb6c, L:/127.0.0.1:31020 - R:localhost/127.0.0.1:9848] INBOUND HEADERS: streamId=19 headers=GrpcHttp2ResponseHeaders[:status: 200, content-type: application/grpc, grpc-encoding: identity, grpc-accept-encoding: gzip] streamDependency=0 weight=16 exclusive=false padding=0 endStream=false
2022-01-11 14:27:04.897 [grpc-nio-worker-ELG-1-2] DEBUG com.alibaba.nacos.shaded.io.grpc.netty.shaded.io.grpc.netty.NettyClientHandler-[id: 0x893ccb6c, L:/127.0.0.1:31020 - R:localhost/127.0.0.1:9848] INBOUND DATA: streamId=19 padding=0 endStream=false length=111 bytes=000000006a12211a1f436f6e6669674368616e676542617463684c697374656e526573706f6e73651a4512437b22726573756c74436f6465223a3230302c2265...
2022-01-11 14:27:04.898 [grpc-nio-worker-ELG-1-2] DEBUG com.alibaba.nacos.shaded.io.grpc.netty.shaded.io.grpc.netty.NettyClientHandler-[id: 0x893ccb6c, L:/127.0.0.1:31020 - R:localhost/127.0.0.1:9848] INBOUND HEADERS: streamId=19 headers=GrpcHttp2ResponseHeaders[grpc-status: 0] streamDependency=0 weight=16 exclusive=false padding=0 endStream=true
2022-01-11 14:27:05.256 [grpc-nio-worker-ELG-1-4] DEBUG com.alibaba.nacos.shaded.io.grpc.netty.shaded.io.grpc.netty.NettyClientHandler-[id: 0x69518aba, L:/127.0.0.1:31022 - R:/127.0.0.1:9848] OUTBOUND HEADERS: streamId=9 headers=GrpcHttp2OutboundHeaders[:authority: 127.0.0.1:9848, :path: /Request/request, :method: POST, :scheme: http, content-type: application/grpc, te: trailers, user-agent: grpc-java-netty/1.24.0, grpc-accept-encoding: gzip] streamDependency=0 weight=16 exclusive=false padding=0 endStream=false
2022-01-11 14:27:05.257 [grpc-nio-worker-ELG-1-4] DEBUG com.alibaba.nacos.shaded.io.grpc.netty.shaded.io.grpc.netty.NettyClientHandler-[id: 0x69518aba, L:/127.0.0.1:31022 - R:/127.0.0.1:9848] OUTBOUND DATA: streamId=9 padding=0 endStream=true length=218 bytes=00000000d512391a1753756273637269626553657276696365526571756573743a0e0a036170701207756e6b6e6f776e420e3139322e3136382e31302e313430...
2022-01-11 14:27:05.263 [grpc-nio-worker-ELG-1-4] DEBUG com.alibaba.nacos.shaded.io.grpc.netty.shaded.io.grpc.netty.NettyClientHandler-[id: 0x69518aba, L:/127.0.0.1:31022 - R:/127.0.0.1:9848] INBOUND HEADERS: streamId=9 headers=GrpcHttp2ResponseHeaders[:status: 200, content-type: application/grpc, grpc-encoding: identity, grpc-accept-encoding: gzip] streamDependency=0 weight=16 exclusive=false padding=0 endStream=false
2022-01-11 14:27:05.265 [grpc-nio-worker-ELG-1-4] DEBUG com.alibaba.nacos.shaded.io.grpc.netty.shaded.io.grpc.netty.NettyClientHandler-[id: 0x69518aba, L:/127.0.0.1:31022 - R:/127.0.0.1:9848] INBOUND DATA: streamId=9 padding=0 endStream=false length=326 bytes=0000000141121a1a1853756273637269626553657276696365526573706f6e73651aa202129f027b22726573756c74436f6465223a3230302c226572726f7243...
2022-01-11 14:27:05.266 [grpc-nio-worker-ELG-1-4] DEBUG com.alibaba.nacos.shaded.io.grpc.netty.shaded.io.grpc.netty.NettyClientHandler-[id: 0x69518aba, L:/127.0.0.1:31022 - R:/127.0.0.1:9848] INBOUND HEADERS: streamId=9 headers=GrpcHttp2ResponseHeaders[grpc-status: 0] streamDependency=0 weight=16 exclusive=false padding=0 endStream=true
2022-01-11 14:27:05.310 [grpc-nio-worker-ELG-1-4] DEBUG com.alibaba.nacos.shaded.io.grpc.netty.shaded.io.grpc.netty.NettyClientHandler-[id: 0x69518aba, L:/127.0.0.1:31022 - R:/127.0.0.1:9848] INBOUND HEADERS: streamId=5 headers=GrpcHttp2ResponseHeaders[:status: 200, content-type: application/grpc, grpc-encoding: identity, grpc-accept-encoding: gzip] streamDependency=0 weight=16 exclusive=false padding=0 endStream=false
2022-01-11 14:27:05.311 [grpc-nio-worker-ELG-1-4] DEBUG com.alibaba.nacos.shaded.io.grpc.netty.shaded.io.grpc.netty.NettyClientHandler-[id: 0x69518aba, L:/127.0.0.1:31022 - R:/127.0.0.1:9848] INBOUND DATA: streamId=5 padding=0 endStream=false length=623 bytes=000000026a12291a174e6f746966795375627363726962657252657175657374420e3139322e3136382e31302e3134301abc0412b9047b226865616465727322...
2022-01-11 14:27:05.343 [nacos.publisher-com.alibaba.nacos.client.naming.event.InstancesChangeEvent] DEBUG com.alibaba.nacos.common.notify.NotifyCenter-[NotifyCenter] the com.alibaba.nacos.client.naming.event.InstancesChangeEvent@746d0790 will received by com.alibaba.nacos.client.naming.event.InstancesChangeNotifier@3c2188f
2022-01-11 14:27:05.356 [grpc-nio-worker-ELG-1-4] DEBUG com.alibaba.nacos.shaded.io.grpc.netty.shaded.io.grpc.netty.NettyClientHandler-[id: 0x69518aba, L:/127.0.0.1:31022 - R:/127.0.0.1:9848] OUTBOUND DATA: streamId=5 padding=0 endStream=false length=100 bytes=000000005f121a1a184e6f7469667953756273637269626572526573706f6e73651a41123f7b22726573756c74436f6465223a3230302c226572726f72436f64...
2022-01-11 14:27:05.730 [grpc-nio-worker-ELG-1-4] DEBUG com.alibaba.nacos.shaded.io.grpc.netty.shaded.io.grpc.netty.NettyClientHandler-[id: 0x69518aba, L:/127.0.0.1:31022 - R:/127.0.0.1:9848] OUTBOUND DATA: streamId=5 padding=0 endStream=true length=0 bytes=
2022-01-11 14:27:05.739 [grpc-nio-worker-ELG-1-4] DEBUG com.alibaba.nacos.shaded.io.grpc.netty.shaded.io.grpc.netty.NettyClientHandler-[id: 0x69518aba, L:/127.0.0.1:31022 - R:/127.0.0.1:9848] OUTBOUND GO_AWAY: lastStreamId=0 errorCode=0 length=0 bytes=
2022-01-11 14:27:05.743 [grpc-nio-worker-ELG-1-4] DEBUG com.alibaba.nacos.shaded.io.grpc.netty.shaded.io.grpc.netty.NettyClientHandler-[id: 0x69518aba, L:/127.0.0.1:31022 - R:/127.0.0.1:9848] INBOUND HEADERS: streamId=5 headers=GrpcHttp2ResponseHeaders[grpc-status: 0] streamDependency=0 weight=16 exclusive=false padding=0 endStream=true
2022-01-11 14:29:33.928 [background-preinit] DEBUG org.jboss.logging-Logging Provider: org.jboss.logging.Log4j2LoggerProvider
2022-01-11 14:29:33.949 [background-preinit] DEBUG org.hibernate.validator.internal.xml.config.ValidationXmlParser-Trying to load META-INF/validation.xml for XML based Validator configuration.
2022-01-11 14:29:33.953 [background-preinit] DEBUG org.hibernate.validator.internal.xml.config.ResourceLoaderHelper-Trying to load META-INF/validation.xml via TCCL
2022-01-11 14:29:33.954 [background-preinit] DEBUG org.hibernate.validator.internal.xml.config.ResourceLoaderHelper-Trying to load META-INF/validation.xml via Hibernate Validator's class loader
2022-01-11 14:29:33.955 [background-preinit] DEBUG org.hibernate.validator.internal.xml.config.ValidationXmlParser-No META-INF/validation.xml found. Using annotation based configuration only.
2022-01-11 14:29:33.967 [background-preinit] DEBUG org.hibernate.validator.internal.engine.resolver.TraversableResolvers-Cannot find javax.persistence.Persistence on classpath. Assuming non JPA 2 environment. All properties will per default be traversable.
2022-01-11 14:29:34.031 [background-preinit] DEBUG org.hibernate.validator.messageinterpolation.ResourceBundleMessageInterpolator-Loaded expression factory via original TCCL
2022-01-11 14:29:34.505 [background-preinit] DEBUG org.hibernate.validator.internal.engine.ValidatorFactoryConfigurationHelper-HV000252: Using org.hibernate.validator.internal.engine.DefaultPropertyNodeNameProvider as property node name provider.
2022-01-11 14:29:34.521 [background-preinit] DEBUG org.hibernate.validator.internal.engine.ValidatorFactoryConfigurationHelper-HV000234: Using org.hibernate.validator.messageinterpolation.ResourceBundleMessageInterpolator as ValidatorFactory-scoped message interpolator.
2022-01-11 14:29:34.521 [background-preinit] DEBUG org.hibernate.validator.internal.engine.ValidatorFactoryConfigurationHelper-HV000234: Using org.hibernate.validator.internal.engine.resolver.TraverseAllTraversableResolver as ValidatorFactory-scoped traversable resolver.
2022-01-11 14:29:34.521 [background-preinit] DEBUG org.hibernate.validator.internal.engine.ValidatorFactoryConfigurationHelper-HV000234: Using org.hibernate.validator.internal.util.ExecutableParameterNameProvider as ValidatorFactory-scoped parameter name provider.
2022-01-11 14:29:34.522 [background-preinit] DEBUG org.hibernate.validator.internal.engine.ValidatorFactoryConfigurationHelper-HV000234: Using org.hibernate.validator.internal.engine.DefaultClockProvider as ValidatorFactory-scoped clock provider.
2022-01-11 14:29:34.522 [background-preinit] DEBUG org.hibernate.validator.internal.engine.ValidatorFactoryConfigurationHelper-HV000234: Using org.hibernate.validator.internal.engine.scripting.DefaultScriptEvaluatorFactory as ValidatorFactory-scoped script evaluator factory.
2022-01-11 14:29:36.931 [main] DEBUG org.reflections.Reflections-going to scan these urls:
jar:file:/E:/tool/maven/repository/com/alibaba/nacos/nacos-client/2.0.3/nacos-client-2.0.3.jar!/
2022-01-11 14:29:37.133 [main] DEBUG org.reflections.Reflections-expanded subtype com.alibaba.nacos.api.remote.request.Request -> com.alibaba.nacos.api.remote.request.ServerRequest
2022-01-11 14:29:37.174 [main] DEBUG org.reflections.Reflections-going to scan these urls:
jar:file:/E:/tool/maven/repository/com/alibaba/nacos/nacos-client/2.0.3/nacos-client-2.0.3.jar!/
2022-01-11 14:29:37.275 [main] DEBUG org.reflections.Reflections-expanded subtype com.alibaba.nacos.api.remote.request.Request -> com.alibaba.nacos.api.remote.request.ServerRequest
2022-01-11 14:29:37.280 [main] DEBUG org.reflections.Reflections-going to scan these urls:
jar:file:/E:/tool/maven/repository/com/alibaba/nacos/nacos-client/2.0.3/nacos-client-2.0.3.jar!/
2022-01-11 14:29:37.332 [main] DEBUG org.reflections.Reflections-going to scan these urls:
file:/C:/Users/dzyx/.m2/repository/org/junit/platform/junit-platform-commons/1.6.3/junit-platform-commons-1.6.3.jar
file:/E:/tool/maven/repository/org/springframework/security/spring-security-rsa/1.0.10.RELEASE/spring-security-rsa-1.0.10.RELEASE.jar
file:/E:/tool/maven/repository/org/apache/poi/poi/3.15/poi-3.15.jar
file:/E:/tool/maven/repository/org/jdom/jdom2/2.0.6/jdom2-2.0.6.jar
file:/E:/tool/maven/repository/org/springframework/plugin/spring-plugin-metadata/1.2.0.RELEASE/spring-plugin-metadata-1.2.0.RELEASE.jar
file:/E:/tool/maven/repository/commons-codec/commons-codec/1.14/commons-codec-1.14.jar
file:/E:/tool/maven/repository/io/swagger/swagger-models/1.5.20/swagger-models-1.5.20.jar
file:/E:/tool/maven/repository/ch/qos/logback/logback-core/1.2.3/logback-core-1.2.3.jar
file:/E:/tool/maven/repository/com/fasterxml/jackson/datatype/jackson-datatype-jsr310/2.11.4/jackson-datatype-jsr310-2.11.4.jar
file:/E:/tool/maven/repository/org/junit/jupiter/junit-jupiter-api/5.6.3/junit-jupiter-api-5.6.3.jar
file:/E:/tool/maven/repository/org/springframework/cloud/spring-cloud-starter-openfeign/3.1.0/spring-cloud-starter-openfeign-3.1.0.jar
file:/E:/tool/maven/repository/com/fasterxml/jackson/core/jackson-core/2.11.4/jackson-core-2.11.4.jar
file:/E:/tool/maven/repository/org/springframework/boot/spring-boot-starter-web/2.3.12.RELEASE/spring-boot-starter-web-2.3.12.RELEASE.jar
file:/E:/tool/maven/repository/org/apache/httpcomponents/httpmime/4.5.5/httpmime-4.5.5.jar
file:/E:/tool/maven/repository/org/mybatis/mybatis-spring/2.0.5/mybatis-spring-2.0.5.jar
file:/E:/juam-workspace/code/git/edu/server/nov-starter/nov-common/target/classes/
file:/E:/tool/maven/repository/com/baomidou/mybatis-plus-generator/3.4.1/mybatis-plus-generator-3.4.1.jar
file:/C:/Program%20Files/JetBrains/IntelliJ%20IDEA%202019.1/lib/idea_rt.jar
file:/E:/tool/maven/repository/org/apache/commons/commons-collections4/4.1/commons-collections4-4.1.jar
file:/E:/tool/maven/repository/io/github/openfeign/feign-core/11.7/feign-core-11.7.jar
file:/E:/tool/maven/repository/net/minidev/accessors-smart/2.3.1/accessors-smart-2.3.1.jar
file:/E:/tool/maven/repository/org/springframework/spring-context/5.2.15.RELEASE/spring-context-5.2.15.RELEASE.jar
file:/E:/tool/maven/repository/com/baomidou/mybatis-plus-annotation/3.4.1/mybatis-plus-annotation-3.4.1.jar
file:/E:/tool/maven/repository/org/javassist/javassist/3.21.0-GA/javassist-3.21.0-GA.jar
file:/E:/tool/maven/repository/commons-configuration/commons-configuration/1.8/commons-configuration-1.8.jar
file:/E:/tool/maven/repository/io/swagger/swagger-annotations/1.6.2/swagger-annotations-1.6.2.jar
file:/E:/tool/maven/repository/com/netflix/netflix-commons/netflix-commons-util/0.1.1/netflix-commons-util-0.1.1.jar
file:/E:/tool/maven/repository/org/junit/platform/junit-platform-commons/1.6.3/junit-platform-commons-1.6.3.jar
file:/E:/tool/maven/repository/org/springframework/cloud/spring-cloud-starter-bootstrap/3.1.0/spring-cloud-starter-bootstrap-3.1.0.jar
file:/E:/tool/jdk1.8.0/jre/lib/ext/jfxrt.jar
file:/E:/tool/maven/repository/org/springframework/cloud/spring-cloud-commons/2.2.9.RELEASE/spring-cloud-commons-2.2.9.RELEASE.jar
file:/E:/tool/maven/repository/io/reactivex/rxnetty/0.4.9/rxnetty-0.4.9.jar
file:/E:/tool/maven/repository/com/baomidou/mybatis-plus/3.4.1/mybatis-plus-3.4.1.jar
file:/E:/tool/maven/repository/com/aliyun/oss/aliyun-sdk-oss/3.10.2/aliyun-sdk-oss-3.10.2.jar
file:/C:/Users/dzyx/.IntelliJIdea2019.1/system/captureAgent/debugger-agent.jar
file:/E:/tool/maven/repository/org/apache/httpcomponents/httpasyncclient/4.1.4/httpasyncclient-4.1.4.jar
file:/E:/tool/maven/repository/com/sun/jersey/contribs/jersey-apache-client4/1.19.1/jersey-apache-client4-1.19.1.jar
file:/E:/tool/maven/repository/com/netflix/ribbon/ribbon-loadbalancer/2.3.0/ribbon-loadbalancer-2.3.0.jar
file:/E:/tool/maven/repository/org/springframework/boot/spring-boot-starter-logging/2.3.12.RELEASE/spring-boot-starter-logging-2.3.12.RELEASE.jar
file:/E:/tool/maven/repository/com/alibaba/nacos/nacos-client/2.0.3/nacos-client-2.0.3.jar
file:/E:/tool/maven/repository/io/github/openfeign/feign-slf4j/11.7/feign-slf4j-11.7.jar
file:/E:/tool/maven/repository/org/xmlunit/xmlunit-core/2.7.0/xmlunit-core-2.7.0.jar
file:/E:/tool/maven/repository/org/springframework/spring-beans/5.2.15.RELEASE/spring-beans-5.2.15.RELEASE.jar
file:/E:/tool/jdk1.8.0/jre/lib/rt.jar
file:/E:/tool/jdk1.8.0/jre/lib/ext/sunjce_provider.jar
file:/E:/tool/maven/repository/org/bouncycastle/bcpkix-jdk15on/1.68/bcpkix-jdk15on-1.68.jar
file:/E:/tool/maven/repository/org/springframework/spring-jdbc/5.2.15.RELEASE/spring-jdbc-5.2.15.RELEASE.jar
file:/E:/tool/jdk1.8.0/jre/lib/deploy.jar
file:/E:/tool/maven/repository/com/vaadin/external/google/android-json/0.0.20131108.vaadin1/android-json-0.0.20131108.vaadin1.jar
file:/C:/Program%20Files/JetBrains/IntelliJ%20IDEA%202019.1/plugins/junit/lib/junit-rt.jar
file:/E:/tool/maven/repository/cn/afterturn/easypoi-annotation/3.2.0/easypoi-annotation-3.2.0.jar
file:/E:/tool/maven/repository/org/springframework/cloud/spring-cloud-starter-netflix-archaius/2.2.9.RELEASE/spring-cloud-starter-netflix-archaius-2.2.9.RELEASE.jar
file:/E:/tool/maven/repository/org/springframework/boot/spring-boot-starter-jdbc/2.3.12.RELEASE/spring-boot-starter-jdbc-2.3.12.RELEASE.jar
file:/E:/tool/maven/repository/io/springfox/springfox-spi/2.9.2/springfox-spi-2.9.2.jar
file:/E:/tool/maven/repository/com/netflix/servo/servo-core/0.10.1/servo-core-0.10.1.jar
file:/C:/Program%20Files/JetBrains/IntelliJ%20IDEA%202019.1/plugins/junit/lib/junit5-rt.jar
file:/E:/tool/maven/repository/com/netflix/ribbon/ribbon-httpclient/2.3.0/ribbon-httpclient-2.3.0.jar
file:/E:/tool/maven/repository/org/springframework/boot/spring-boot/2.3.12.RELEASE/spring-boot-2.3.12.RELEASE.jar
file:/E:/tool/maven/repository/com/netflix/ribbon/ribbon-core/2.3.0/ribbon-core-2.3.0.jar
file:/E:/tool/jdk1.8.0/jre/lib/ext/sunmscapi.jar
file:/E:/tool/maven/repository/org/junit/vintage/junit-vintage-engine/5.6.3/junit-vintage-engine-5.6.3.jar
file:/E:/tool/maven/repository/com/netflix/archaius/archaius-core/0.7.7/archaius-core-0.7.7.jar
file:/E:/tool/jdk1.8.0/jre/lib/resources.jar
file:/C:/Users/dzyx/.m2/repository/org/apiguardian/apiguardian-api/1.1.0/apiguardian-api-1.1.0.jar
file:/E:/tool/maven/repository/org/springframework/boot/spring-boot-starter-aop/2.3.12.RELEASE/spring-boot-starter-aop-2.3.12.RELEASE.jar
file:/E:/tool/maven/repository/org/slf4j/slf4j-api/1.7.30/slf4j-api-1.7.30.jar
file:/E:/tool/maven/repository/com/fasterxml/jackson/module/jackson-module-parameter-names/2.11.4/jackson-module-parameter-names-2.11.4.jar
file:/E:/tool/maven/repository/cn/afterturn/easypoi-base/3.2.0/easypoi-base-3.2.0.jar
file:/E:/tool/maven/repository/org/springframework/boot/spring-boot-test-autoconfigure/2.3.12.RELEASE/spring-boot-test-autoconfigure-2.3.12.RELEASE.jar
file:/E:/juam-workspace/code/git/edu/server/nov-starter/nov-service/service_edu/target/test-classes/
file:/E:/tool/maven/repository/com/fasterxml/jackson/core/jackson-databind/2.11.4/jackson-databind-2.11.4.jar
file:/E:/tool/maven/repository/org/springframework/boot/spring-boot-test/2.3.12.RELEASE/spring-boot-test-2.3.12.RELEASE.jar
file:/E:/tool/maven/repository/io/springfox/springfox-swagger-common/2.9.2/springfox-swagger-common-2.9.2.jar
file:/E:/tool/maven/repository/com/baomidou/mybatis-plus-boot-starter/3.4.1/mybatis-plus-boot-starter-3.4.1.jar
file:/E:/tool/maven/repository/javax/ws/rs/jsr311-api/1.1.1/jsr311-api-1.1.1.jar
file:/E:/tool/maven/repository/org/yaml/snakeyaml/1.26/snakeyaml-1.26.jar
file:/E:/tool/maven/repository/org/springframework/cloud/spring-cloud-netflix-ribbon/2.2.9.RELEASE/spring-cloud-netflix-ribbon-2.2.9.RELEASE.jar
file:/E:/tool/maven/repository/org/apache/tomcat/embed/tomcat-embed-core/9.0.46/tomcat-embed-core-9.0.46.jar
file:/E:/tool/maven/repository/com/aliyun/aliyun-java-sdk-ecs/4.2.0/aliyun-java-sdk-ecs-4.2.0.jar
file:/E:/tool/maven/repository/org/apache/xmlbeans/xmlbeans/2.6.0/xmlbeans-2.6.0.jar
file:/E:/tool/maven/repository/com/alibaba/cloud/spring-cloud-starter-alibaba-nacos-config/2.2.7.RELEASE/spring-cloud-starter-alibaba-nacos-config-2.2.7.RELEASE.jar
file:/E:/tool/maven/repository/org/springframework/boot/spring-boot-autoconfigure/2.3.12.RELEASE/spring-boot-autoconfigure-2.3.12.RELEASE.jar
file:/E:/juam-workspace/code/git/edu/server/nov-starter/nov-service/service_edu/target/classes/
file:/E:/tool/maven/repository/org/apache/tomcat/embed/tomcat-embed-websocket/9.0.46/tomcat-embed-websocket-9.0.46.jar
file:/E:/tool/maven/repository/com/github/jsqlparser/jsqlparser/3.2/jsqlparser-3.2.jar
file:/E:/tool/maven/repository/org/codehaus/jettison/jettison/1.1/jettison-1.1.jar
file:/E:/tool/maven/repository/org/junit/jupiter/junit-jupiter-engine/5.6.3/junit-jupiter-engine-5.6.3.jar
file:/E:/tool/maven/repository/commons-lang/commons-lang/2.6/commons-lang-2.6.jar
file:/E:/tool/maven/repository/org/springframework/boot/spring-boot-starter/2.3.12.RELEASE/spring-boot-starter-2.3.12.RELEASE.jar
file:/E:/tool/maven/repository/com/netflix/ribbon/ribbon-transport/2.3.0/ribbon-transport-2.3.0.jar
file:/E:/tool/maven/repository/org/springframework/boot/spring-boot-starter-test/2.3.12.RELEASE/spring-boot-starter-test-2.3.12.RELEASE.jar
file:/E:/tool/jdk1.8.0/jre/lib/ext/access-bridge-64.jar
file:/E:/tool/jdk1.8.0/jre/lib/management-agent.jar
file:/E:/tool/maven/repository/org/apache/poi/poi-ooxml-schemas/3.15/poi-ooxml-schemas-3.15.jar
file:/E:/tool/jdk1.8.0/jre/lib/ext/localedata.jar
file:/E:/tool/maven/repository/com/google/code/findbugs/jsr305/3.0.1/jsr305-3.0.1.jar
file:/E:/tool/jdk1.8.0/jre/lib/javaws.jar
file:/E:/tool/maven/repository/io/springfox/springfox-core/2.9.2/springfox-core-2.9.2.jar
file:/E:/tool/maven/repository/org/springframework/cloud/spring-cloud-starter/3.1.0/spring-cloud-starter-3.1.0.jar
file:/E:/tool/maven/repository/org/springframework/spring-jcl/5.2.15.RELEASE/spring-jcl-5.2.15.RELEASE.jar
file:/E:/tool/maven/repository/org/apache/httpcomponents/httpcore/4.4.14/httpcore-4.4.14.jar
file:/E:/tool/maven/repository/io/github/openfeign/form/feign-form/3.8.0/feign-form-3.8.0.jar
file:/E:/tool/maven/repository/commons-fileupload/commons-fileupload/1.4/commons-fileupload-1.4.jar
file:/E:/tool/maven/repository/com/zaxxer/HikariCP/3.4.5/HikariCP-3.4.5.jar
file:/E:/tool/maven/repository/com/sun/jersey/jersey-core/1.19.1/jersey-core-1.19.1.jar
file:/E:/tool/maven/repository/org/jboss/logging/jboss-logging/3.4.2.Final/jboss-logging-3.4.2.Final.jar
file:/E:/tool/maven/repository/org/springframework/cloud/spring-cloud-netflix-archaius/2.2.9.RELEASE/spring-cloud-netflix-archaius-2.2.9.RELEASE.jar
file:/E:/tool/jdk1.8.0/jre/lib/jfxswt.jar
file:/E:/tool/maven/repository/cn/afterturn/easypoi-web/3.2.0/easypoi-web-3.2.0.jar
file:/E:/tool/maven/repository/junit/junit/4.13.2/junit-4.13.2.jar
file:/E:/tool/maven/repository/io/reactivex/rxjava/1.3.8/rxjava-1.3.8.jar
file:/E:/tool/jdk1.8.0/jre/lib/jce.jar
file:/E:/tool/maven/repository/org/springframework/security/spring-security-crypto/5.3.9.RELEASE/spring-security-crypto-5.3.9.RELEASE.jar
file:/E:/tool/jdk1.8.0/jre/lib/plugin.jar
file:/E:/tool/maven/repository/com/alibaba/cloud/spring-cloud-starter-alibaba-nacos-discovery/2.2.7.RELEASE/spring-cloud-starter-alibaba-nacos-discovery-2.2.7.RELEASE.jar
file:/E:/tool/maven/repository/com/google/protobuf/protobuf-java/3.11.4/protobuf-java-3.11.4.jar
file:/E:/tool/maven/repository/org/apache/httpcomponents/httpclient/4.5.13/httpclient-4.5.13.jar
file:/C:/Users/dzyx/.m2/repository/org/junit/platform/junit-platform-launcher/1.6.3/junit-platform-launcher-1.6.3.jar
file:/E:/tool/maven/repository/org/apache/velocity/velocity-engine-core/2.3/velocity-engine-core-2.3.jar
file:/E:/tool/maven/repository/io/springfox/springfox-swagger-ui/2.9.2/springfox-swagger-ui-2.9.2.jar
file:/E:/tool/maven/repository/net/bytebuddy/byte-buddy/1.10.22/byte-buddy-1.10.22.jar
file:/C:/Users/dzyx/.m2/repository/org/junit/platform/junit-platform-engine/1.6.3/junit-platform-engine-1.6.3.jar
file:/E:/tool/maven/repository/org/apache/poi/poi-ooxml/3.15/poi-ooxml-3.15.jar
file:/E:/tool/maven/repository/net/minidev/json-smart/2.3.1/json-smart-2.3.1.jar
file:/E:/tool/maven/repository/org/springframework/spring-web/5.2.15.RELEASE/spring-web-5.2.15.RELEASE.jar
file:/E:/tool/maven/repository/org/junit/platform/junit-platform-engine/1.6.3/junit-platform-engine-1.6.3.jar
file:/E:/tool/maven/repository/org/junit/jupiter/junit-jupiter/5.6.3/junit-jupiter-5.6.3.jar
file:/E:/tool/maven/repository/org/mapstruct/mapstruct/1.2.0.Final/mapstruct-1.2.0.Final.jar
file:/E:/tool/maven/repository/javax/validation/validation-api/2.0.1.Final/validation-api-2.0.1.Final.jar
file:/E:/tool/maven/repository/org/ow2/asm/asm/5.0.4/asm-5.0.4.jar
file:/E:/tool/maven/repository/org/mockito/mockito-core/3.3.3/mockito-core-3.3.3.jar
file:/E:/tool/maven/repository/com/aliyun/aliyun-java-sdk-kms/2.7.0/aliyun-java-sdk-kms-2.7.0.jar
file:/E:/tool/maven/repository/org/opentest4j/opentest4j/1.2.0/opentest4j-1.2.0.jar
file:/E:/tool/maven/repository/org/mockito/mockito-junit-jupiter/3.3.3/mockito-junit-jupiter-3.3.3.jar
file:/E:/tool/maven/repository/io/springfox/springfox-spring-web/2.9.2/springfox-spring-web-2.9.2.jar
file:/E:/tool/maven/repository/com/netflix/ribbon/ribbon/2.3.0/ribbon-2.3.0.jar
file:/E:/tool/maven/repository/jakarta/validation/jakarta.validation-api/2.0.2/jakarta.validation-api-2.0.2.jar
file:/C:/Users/dzyx/.m2/repository/org/opentest4j/opentest4j/1.2.0/opentest4j-1.2.0.jar
file:/E:/tool/maven/repository/com/fasterxml/classmate/1.5.1/classmate-1.5.1.jar
file:/E:/tool/jdk1.8.0/jre/lib/ext/zipfs.jar
file:/E:/tool/maven/repository/io/springfox/springfox-swagger2/2.9.2/springfox-swagger2-2.9.2.jar
file:/E:/tool/maven/repository/jakarta/annotation/jakarta.annotation-api/1.3.5/jakarta.annotation-api-1.3.5.jar
file:/E:/tool/maven/repository/com/jayway/jsonpath/json-path/2.4.0/json-path-2.4.0.jar
file:/E:/tool/maven/repository/stax/stax-api/1.0.1/stax-api-1.0.1.jar
file:/E:/tool/maven/repository/commons-collections/commons-collections/3.2.2/commons-collections-3.2.2.jar
file:/E:/tool/maven/repository/com/netflix/netflix-commons/netflix-statistics/0.1.1/netflix-statistics-0.1.1.jar
file:/E:/tool/maven/repository/com/fasterxml/jackson/core/jackson-annotations/2.11.4/jackson-annotations-2.11.4.jar
file:/E:/tool/maven/repository/org/apache/logging/log4j/log4j-api/2.13.3/log4j-api-2.13.3.jar
file:/E:/tool/maven/repository/mysql/mysql-connector-java/8.0.27/mysql-connector-java-8.0.27.jar
file:/E:/tool/maven/repository/org/slf4j/jul-to-slf4j/1.7.30/jul-to-slf4j-1.7.30.jar
file:/E:/tool/maven/repository/org/projectlombok/lombok/1.18.22/lombok-1.18.22.jar
file:/E:/tool/maven/repository/com/aliyun/aliyun-java-sdk-ram/3.0.0/aliyun-java-sdk-ram-3.0.0.jar
file:/E:/tool/maven/repository/net/bytebuddy/byte-buddy-agent/1.10.22/byte-buddy-agent-1.10.22.jar
file:/E:/tool/maven/repository/org/springframework/spring-expression/5.2.15.RELEASE/spring-expression-5.2.15.RELEASE.jar
file:/E:/tool/maven/repository/org/assertj/assertj-core/3.16.1/assertj-core-3.16.1.jar
file:/E:/tool/maven/repository/com/google/code/gson/gson/2.8.7/gson-2.8.7.jar
file:/E:/tool/maven/repository/com/fasterxml/jackson/datatype/jackson-datatype-jdk8/2.11.4/jackson-datatype-jdk8-2.11.4.jar
file:/E:/tool/maven/repository/org/aspectj/aspectjweaver/1.9.6/aspectjweaver-1.9.6.jar
file:/E:/tool/maven/repository/io/prometheus/simpleclient/0.5.0/simpleclient-0.5.0.jar
file:/E:/tool/maven/repository/com/sun/jersey/jersey-client/1.19.1/jersey-client-1.19.1.jar
file:/E:/tool/maven/repository/org/springframework/spring-tx/5.2.15.RELEASE/spring-tx-5.2.15.RELEASE.jar
file:/E:/tool/maven/repository/io/github/openfeign/form/feign-form-spring/3.8.0/feign-form-spring-3.8.0.jar
file:/E:/tool/jdk1.8.0/jre/lib/jfr.jar
file:/E:/tool/jdk1.8.0/jre/lib/ext/jaccess.jar
file:/E:/tool/maven/repository/com/baomidou/mybatis-plus-extension/3.4.1/mybatis-plus-extension-3.4.1.jar
file:/E:/tool/maven/repository/org/springframework/spring-webmvc/5.2.15.RELEASE/spring-webmvc-5.2.15.RELEASE.jar
file:/E:/tool/maven/repository/org/mybatis/mybatis/3.5.6/mybatis-3.5.6.jar
file:/E:/tool/maven/repository/org/objenesis/objenesis/2.6/objenesis-2.6.jar
file:/E:/tool/maven/repository/org/hamcrest/hamcrest/2.2/hamcrest-2.2.jar
file:/E:/tool/jdk1.8.0/jre/lib/ext/nashorn.jar
file:/E:/tool/maven/repository/io/springfox/springfox-schema/2.9.2/springfox-schema-2.9.2.jar
file:/E:/tool/maven/repository/com/aliyun/aliyun-java-sdk-core/3.4.0/aliyun-java-sdk-core-3.4.0.jar
file:/E:/tool/maven/repository/org/skyscreamer/jsonassert/1.5.0/jsonassert-1.5.0.jar
file:/E:/tool/maven/repository/org/glassfish/jakarta.el/3.0.3/jakarta.el-3.0.3.jar
file:/E:/tool/jdk1.8.0/jre/lib/ext/cldrdata.jar
file:/E:/tool/maven/repository/org/springframework/boot/spring-boot-starter-validation/2.4.5/spring-boot-starter-validation-2.4.5.jar
file:/E:/tool/maven/repository/commons-io/commons-io/2.11.0/commons-io-2.11.0.jar
file:/E:/tool/maven/repository/jakarta/xml/bind/jakarta.xml.bind-api/2.3.3/jakarta.xml.bind-api-2.3.3.jar
file:/E:/tool/jdk1.8.0/jre/lib/ext/dnsns.jar
file:/E:/tool/maven/repository/org/hibernate/validator/hibernate-validator/6.1.7.Final/hibernate-validator-6.1.7.Final.jar
file:/E:/tool/maven/repository/org/springframework/boot/spring-boot-starter-tomcat/2.3.12.RELEASE/spring-boot-starter-tomcat-2.3.12.RELEASE.jar
file:/E:/tool/maven/repository/org/apache/commons/commons-lang3/3.10/commons-lang3-3.10.jar
file:/E:/tool/maven/repository/org/springframework/boot/spring-boot-starter-json/2.3.12.RELEASE/spring-boot-starter-json-2.3.12.RELEASE.jar
file:/E:/tool/maven/repository/com/netflix/servo/servo-internal/0.10.1/servo-internal-0.10.1.jar
file:/E:/tool/jdk1.8.0/jre/lib/ext/sunpkcs11.jar
file:/E:/tool/maven/repository/ch/qos/logback/logback-classic/1.2.3/logback-classic-1.2.3.jar
file:/E:/tool/maven/repository/jakarta/activation/jakarta.activation-api/1.2.2/jakarta.activation-api-1.2.2.jar
file:/E:/tool/maven/repository/com/alibaba/cloud/spring-cloud-alibaba-commons/2.2.7.RELEASE/spring-cloud-alibaba-commons-2.2.7.RELEASE.jar
file:/E:/tool/maven/repository/com/netflix/hystrix/hystrix-core/1.4.3/hystrix-core-1.4.3.jar
file:/E:/tool/maven/repository/org/springframework/plugin/spring-plugin-core/1.2.0.RELEASE/spring-plugin-core-1.2.0.RELEASE.jar
file:/E:/tool/maven/repository/io/reactivex/rxnetty-servo/0.4.9/rxnetty-servo-0.4.9.jar
file:/E:/tool/maven/repository/org/bouncycastle/bcprov-jdk15on/1.68/bcprov-jdk15on-1.68.jar
file:/E:/tool/maven/repository/org/apache/logging/log4j/log4j-to-slf4j/2.13.3/log4j-to-slf4j-2.13.3.jar
file:/E:/tool/maven/repository/com/alibaba/spring/spring-context-support/1.0.10/spring-context-support-1.0.10.jar
file:/E:/tool/maven/repository/org/junit/jupiter/junit-jupiter-params/5.6.3/junit-jupiter-params-5.6.3.jar
file:/E:/tool/maven/repository/com/github/virtuald/curvesapi/1.04/curvesapi-1.04.jar
file:/E:/tool/maven/repository/org/springframework/cloud/spring-cloud-context/2.2.9.RELEASE/spring-cloud-context-2.2.9.RELEASE.jar
file:/E:/tool/maven/repository/com/auth0/java-jwt/3.8.3/java-jwt-3.8.3.jar
file:/E:/tool/maven/repository/org/springframework/spring-core/5.2.15.RELEASE/spring-core-5.2.15.RELEASE.jar
file:/E:/tool/maven/repository/org/springframework/cloud/spring-cloud-openfeign-core/3.1.0/spring-cloud-openfeign-core-3.1.0.jar
file:/E:/tool/maven/repository/com/baomidou/mybatis-plus-core/3.4.1/mybatis-plus-core-3.4.1.jar
file:/E:/tool/maven/repository/org/springframework/spring-aop/5.2.15.RELEASE/spring-aop-5.2.15.RELEASE.jar
file:/E:/tool/maven/repository/com/aliyun/aliyun-java-sdk-sts/3.0.0/aliyun-java-sdk-sts-3.0.0.jar
file:/E:/tool/jdk1.8.0/jre/lib/jsse.jar
file:/E:/tool/jdk1.8.0/jre/lib/charsets.jar
file:/E:/tool/maven/repository/org/springframework/cloud/spring-cloud-starter-netflix-ribbon/2.2.9.RELEASE/spring-cloud-starter-netflix-ribbon-2.2.9.RELEASE.jar
file:/E:/tool/maven/repository/javax/inject/javax.inject/1/javax.inject-1.jar
file:/E:/tool/maven/repository/org/apiguardian/apiguardian-api/1.1.0/apiguardian-api-1.1.0.jar
file:/E:/tool/maven/repository/org/reflections/reflections/0.9.11/reflections-0.9.11.jar
file:/E:/tool/maven/repository/org/springframework/spring-test/5.2.15.RELEASE/spring-test-5.2.15.RELEASE.jar
file:/E:/tool/jdk1.8.0/jre/lib/ext/sunec.jar
file:/E:/tool/maven/repository/com/google/guava/guava/20.0/guava-20.0.jar
file:/E:/tool/maven/repository/org/apache/httpcomponents/httpcore-nio/4.4.14/httpcore-nio-4.4.14.jar
file:/E:/tool/maven/repository/io/reactivex/rxnetty-contexts/0.4.9/rxnetty-contexts-0.4.9.jar
2022-01-11 14:29:37.825 [main] DEBUG org.reflections.Reflections-going to scan these urls:
jar:file:/E:/tool/maven/repository/com/alibaba/nacos/nacos-client/2.0.3/nacos-client-2.0.3.jar!/
2022-01-11 14:29:37.844 [main] DEBUG org.reflections.Reflections-going to scan these urls:
jar:file:/E:/tool/maven/repository/com/alibaba/nacos/nacos-client/2.0.3/nacos-client-2.0.3.jar!/
2022-01-11 14:29:37.869 [main] DEBUG org.reflections.Reflections-going to scan these urls:
jar:file:/E:/tool/maven/repository/com/alibaba/nacos/nacos-client/2.0.3/nacos-client-2.0.3.jar!/
2022-01-11 14:29:37.881 [main] DEBUG org.reflections.Reflections-expanded subtype java.lang.Comparable -> java.lang.Enum
2022-01-11 14:29:37.881 [main] DEBUG org.reflections.Reflections-expanded subtype java.io.Serializable -> java.lang.Enum
2022-01-11 14:29:37.887 [main] DEBUG org.reflections.Reflections-going to scan these urls:
file:/C:/Users/dzyx/.m2/repository/org/junit/platform/junit-platform-commons/1.6.3/junit-platform-commons-1.6.3.jar
file:/E:/tool/maven/repository/org/springframework/security/spring-security-rsa/1.0.10.RELEASE/spring-security-rsa-1.0.10.RELEASE.jar
file:/E:/tool/maven/repository/org/apache/poi/poi/3.15/poi-3.15.jar
file:/E:/tool/maven/repository/org/jdom/jdom2/2.0.6/jdom2-2.0.6.jar
file:/E:/tool/maven/repository/org/springframework/plugin/spring-plugin-metadata/1.2.0.RELEASE/spring-plugin-metadata-1.2.0.RELEASE.jar
file:/E:/tool/maven/repository/commons-codec/commons-codec/1.14/commons-codec-1.14.jar
file:/E:/tool/maven/repository/io/swagger/swagger-models/1.5.20/swagger-models-1.5.20.jar
file:/E:/tool/maven/repository/ch/qos/logback/logback-core/1.2.3/logback-core-1.2.3.jar
file:/E:/tool/maven/repository/com/fasterxml/jackson/datatype/jackson-datatype-jsr310/2.11.4/jackson-datatype-jsr310-2.11.4.jar
file:/E:/tool/maven/repository/org/junit/jupiter/junit-jupiter-api/5.6.3/junit-jupiter-api-5.6.3.jar
file:/E:/tool/maven/repository/org/springframework/cloud/spring-cloud-starter-openfeign/3.1.0/spring-cloud-starter-openfeign-3.1.0.jar
file:/E:/tool/maven/repository/com/fasterxml/jackson/core/jackson-core/2.11.4/jackson-core-2.11.4.jar
file:/E:/tool/maven/repository/org/springframework/boot/spring-boot-starter-web/2.3.12.RELEASE/spring-boot-starter-web-2.3.12.RELEASE.jar
file:/E:/tool/maven/repository/org/apache/httpcomponents/httpmime/4.5.5/httpmime-4.5.5.jar
file:/E:/tool/maven/repository/org/mybatis/mybatis-spring/2.0.5/mybatis-spring-2.0.5.jar
file:/E:/juam-workspace/code/git/edu/server/nov-starter/nov-common/target/classes/
file:/E:/tool/maven/repository/com/baomidou/mybatis-plus-generator/3.4.1/mybatis-plus-generator-3.4.1.jar
file:/C:/Program%20Files/JetBrains/IntelliJ%20IDEA%202019.1/lib/idea_rt.jar
file:/E:/tool/maven/repository/org/apache/commons/commons-collections4/4.1/commons-collections4-4.1.jar
file:/E:/tool/maven/repository/io/github/openfeign/feign-core/11.7/feign-core-11.7.jar
file:/E:/tool/maven/repository/net/minidev/accessors-smart/2.3.1/accessors-smart-2.3.1.jar
file:/E:/tool/maven/repository/org/springframework/spring-context/5.2.15.RELEASE/spring-context-5.2.15.RELEASE.jar
file:/E:/tool/maven/repository/com/baomidou/mybatis-plus-annotation/3.4.1/mybatis-plus-annotation-3.4.1.jar
file:/E:/tool/maven/repository/org/javassist/javassist/3.21.0-GA/javassist-3.21.0-GA.jar
file:/E:/tool/maven/repository/commons-configuration/commons-configuration/1.8/commons-configuration-1.8.jar
file:/E:/tool/maven/repository/io/swagger/swagger-annotations/1.6.2/swagger-annotations-1.6.2.jar
file:/E:/tool/maven/repository/com/netflix/netflix-commons/netflix-commons-util/0.1.1/netflix-commons-util-0.1.1.jar
file:/E:/tool/maven/repository/org/junit/platform/junit-platform-commons/1.6.3/junit-platform-commons-1.6.3.jar
file:/E:/tool/maven/repository/org/springframework/cloud/spring-cloud-starter-bootstrap/3.1.0/spring-cloud-starter-bootstrap-3.1.0.jar
file:/E:/tool/jdk1.8.0/jre/lib/ext/jfxrt.jar
file:/E:/tool/maven/repository/org/springframework/cloud/spring-cloud-commons/2.2.9.RELEASE/spring-cloud-commons-2.2.9.RELEASE.jar
file:/E:/tool/maven/repository/io/reactivex/rxnetty/0.4.9/rxnetty-0.4.9.jar
file:/E:/tool/maven/repository/com/baomidou/mybatis-plus/3.4.1/mybatis-plus-3.4.1.jar
file:/E:/tool/maven/repository/com/aliyun/oss/aliyun-sdk-oss/3.10.2/aliyun-sdk-oss-3.10.2.jar
file:/C:/Users/dzyx/.IntelliJIdea2019.1/system/captureAgent/debugger-agent.jar
file:/E:/tool/maven/repository/org/apache/httpcomponents/httpasyncclient/4.1.4/httpasyncclient-4.1.4.jar
file:/E:/tool/maven/repository/com/sun/jersey/contribs/jersey-apache-client4/1.19.1/jersey-apache-client4-1.19.1.jar
file:/E:/tool/maven/repository/com/netflix/ribbon/ribbon-loadbalancer/2.3.0/ribbon-loadbalancer-2.3.0.jar
file:/E:/tool/maven/repository/org/springframework/boot/spring-boot-starter-logging/2.3.12.RELEASE/spring-boot-starter-logging-2.3.12.RELEASE.jar
file:/E:/tool/maven/repository/com/alibaba/nacos/nacos-client/2.0.3/nacos-client-2.0.3.jar
file:/E:/tool/maven/repository/io/github/openfeign/feign-slf4j/11.7/feign-slf4j-11.7.jar
file:/E:/tool/maven/repository/org/xmlunit/xmlunit-core/2.7.0/xmlunit-core-2.7.0.jar
file:/E:/tool/maven/repository/org/springframework/spring-beans/5.2.15.RELEASE/spring-beans-5.2.15.RELEASE.jar
file:/E:/tool/jdk1.8.0/jre/lib/rt.jar
file:/E:/tool/jdk1.8.0/jre/lib/ext/sunjce_provider.jar
file:/E:/tool/maven/repository/org/bouncycastle/bcpkix-jdk15on/1.68/bcpkix-jdk15on-1.68.jar
file:/E:/tool/maven/repository/org/springframework/spring-jdbc/5.2.15.RELEASE/spring-jdbc-5.2.15.RELEASE.jar
file:/E:/tool/jdk1.8.0/jre/lib/deploy.jar
file:/E:/tool/maven/repository/com/vaadin/external/google/android-json/0.0.20131108.vaadin1/android-json-0.0.20131108.vaadin1.jar
file:/C:/Program%20Files/JetBrains/IntelliJ%20IDEA%202019.1/plugins/junit/lib/junit-rt.jar
file:/E:/tool/maven/repository/cn/afterturn/easypoi-annotation/3.2.0/easypoi-annotation-3.2.0.jar
file:/E:/tool/maven/repository/org/springframework/cloud/spring-cloud-starter-netflix-archaius/2.2.9.RELEASE/spring-cloud-starter-netflix-archaius-2.2.9.RELEASE.jar
file:/E:/tool/maven/repository/org/springframework/boot/spring-boot-starter-jdbc/2.3.12.RELEASE/spring-boot-starter-jdbc-2.3.12.RELEASE.jar
file:/E:/tool/maven/repository/io/springfox/springfox-spi/2.9.2/springfox-spi-2.9.2.jar
file:/E:/tool/maven/repository/com/netflix/servo/servo-core/0.10.1/servo-core-0.10.1.jar
file:/C:/Program%20Files/JetBrains/IntelliJ%20IDEA%202019.1/plugins/junit/lib/junit5-rt.jar
file:/E:/tool/maven/repository/com/netflix/ribbon/ribbon-httpclient/2.3.0/ribbon-httpclient-2.3.0.jar
file:/E:/tool/maven/repository/org/springframework/boot/spring-boot/2.3.12.RELEASE/spring-boot-2.3.12.RELEASE.jar
file:/E:/tool/maven/repository/com/netflix/ribbon/ribbon-core/2.3.0/ribbon-core-2.3.0.jar
file:/E:/tool/jdk1.8.0/jre/lib/ext/sunmscapi.jar
file:/E:/tool/maven/repository/org/junit/vintage/junit-vintage-engine/5.6.3/junit-vintage-engine-5.6.3.jar
file:/E:/tool/maven/repository/com/netflix/archaius/archaius-core/0.7.7/archaius-core-0.7.7.jar
file:/E:/tool/jdk1.8.0/jre/lib/resources.jar
file:/C:/Users/dzyx/.m2/repository/org/apiguardian/apiguardian-api/1.1.0/apiguardian-api-1.1.0.jar
file:/E:/tool/maven/repository/org/springframework/boot/spring-boot-starter-aop/2.3.12.RELEASE/spring-boot-starter-aop-2.3.12.RELEASE.jar
file:/E:/tool/maven/repository/org/slf4j/slf4j-api/1.7.30/slf4j-api-1.7.30.jar
file:/E:/tool/maven/repository/com/fasterxml/jackson/module/jackson-module-parameter-names/2.11.4/jackson-module-parameter-names-2.11.4.jar
file:/E:/tool/maven/repository/cn/afterturn/easypoi-base/3.2.0/easypoi-base-3.2.0.jar
file:/E:/tool/maven/repository/org/springframework/boot/spring-boot-test-autoconfigure/2.3.12.RELEASE/spring-boot-test-autoconfigure-2.3.12.RELEASE.jar
file:/E:/juam-workspace/code/git/edu/server/nov-starter/nov-service/service_edu/target/test-classes/
file:/E:/tool/maven/repository/com/fasterxml/jackson/core/jackson-databind/2.11.4/jackson-databind-2.11.4.jar
file:/E:/tool/maven/repository/org/springframework/boot/spring-boot-test/2.3.12.RELEASE/spring-boot-test-2.3.12.RELEASE.jar
file:/E:/tool/maven/repository/io/springfox/springfox-swagger-common/2.9.2/springfox-swagger-common-2.9.2.jar
file:/E:/tool/maven/repository/com/baomidou/mybatis-plus-boot-starter/3.4.1/mybatis-plus-boot-starter-3.4.1.jar
file:/E:/tool/maven/repository/javax/ws/rs/jsr311-api/1.1.1/jsr311-api-1.1.1.jar
file:/E:/tool/maven/repository/org/yaml/snakeyaml/1.26/snakeyaml-1.26.jar
file:/E:/tool/maven/repository/org/springframework/cloud/spring-cloud-netflix-ribbon/2.2.9.RELEASE/spring-cloud-netflix-ribbon-2.2.9.RELEASE.jar
file:/E:/tool/maven/repository/org/apache/tomcat/embed/tomcat-embed-core/9.0.46/tomcat-embed-core-9.0.46.jar
file:/E:/tool/maven/repository/com/aliyun/aliyun-java-sdk-ecs/4.2.0/aliyun-java-sdk-ecs-4.2.0.jar
file:/E:/tool/maven/repository/org/apache/xmlbeans/xmlbeans/2.6.0/xmlbeans-2.6.0.jar
file:/E:/tool/maven/repository/com/alibaba/cloud/spring-cloud-starter-alibaba-nacos-config/2.2.7.RELEASE/spring-cloud-starter-alibaba-nacos-config-2.2.7.RELEASE.jar
file:/E:/tool/maven/repository/org/springframework/boot/spring-boot-autoconfigure/2.3.12.RELEASE/spring-boot-autoconfigure-2.3.12.RELEASE.jar
file:/E:/juam-workspace/code/git/edu/server/nov-starter/nov-service/service_edu/target/classes/
file:/E:/tool/maven/repository/org/apache/tomcat/embed/tomcat-embed-websocket/9.0.46/tomcat-embed-websocket-9.0.46.jar
file:/E:/tool/maven/repository/com/github/jsqlparser/jsqlparser/3.2/jsqlparser-3.2.jar
file:/E:/tool/maven/repository/org/codehaus/jettison/jettison/1.1/jettison-1.1.jar
file:/E:/tool/maven/repository/org/junit/jupiter/junit-jupiter-engine/5.6.3/junit-jupiter-engine-5.6.3.jar
file:/E:/tool/maven/repository/commons-lang/commons-lang/2.6/commons-lang-2.6.jar
file:/E:/tool/maven/repository/org/springframework/boot/spring-boot-starter/2.3.12.RELEASE/spring-boot-starter-2.3.12.RELEASE.jar
file:/E:/tool/maven/repository/com/netflix/ribbon/ribbon-transport/2.3.0/ribbon-transport-2.3.0.jar
file:/E:/tool/maven/repository/org/springframework/boot/spring-boot-starter-test/2.3.12.RELEASE/spring-boot-starter-test-2.3.12.RELEASE.jar
file:/E:/tool/jdk1.8.0/jre/lib/ext/access-bridge-64.jar
file:/E:/tool/jdk1.8.0/jre/lib/management-agent.jar
file:/E:/tool/maven/repository/org/apache/poi/poi-ooxml-schemas/3.15/poi-ooxml-schemas-3.15.jar
file:/E:/tool/jdk1.8.0/jre/lib/ext/localedata.jar
file:/E:/tool/maven/repository/com/google/code/findbugs/jsr305/3.0.1/jsr305-3.0.1.jar
file:/E:/tool/jdk1.8.0/jre/lib/javaws.jar
file:/E:/tool/maven/repository/io/springfox/springfox-core/2.9.2/springfox-core-2.9.2.jar
file:/E:/tool/maven/repository/org/springframework/cloud/spring-cloud-starter/3.1.0/spring-cloud-starter-3.1.0.jar
file:/E:/tool/maven/repository/org/springframework/spring-jcl/5.2.15.RELEASE/spring-jcl-5.2.15.RELEASE.jar
file:/E:/tool/maven/repository/org/apache/httpcomponents/httpcore/4.4.14/httpcore-4.4.14.jar
file:/E:/tool/maven/repository/io/github/openfeign/form/feign-form/3.8.0/feign-form-3.8.0.jar
file:/E:/tool/maven/repository/commons-fileupload/commons-fileupload/1.4/commons-fileupload-1.4.jar
file:/E:/tool/maven/repository/com/zaxxer/HikariCP/3.4.5/HikariCP-3.4.5.jar
file:/E:/tool/maven/repository/com/sun/jersey/jersey-core/1.19.1/jersey-core-1.19.1.jar
file:/E:/tool/maven/repository/org/jboss/logging/jboss-logging/3.4.2.Final/jboss-logging-3.4.2.Final.jar
file:/E:/tool/maven/repository/org/springframework/cloud/spring-cloud-netflix-archaius/2.2.9.RELEASE/spring-cloud-netflix-archaius-2.2.9.RELEASE.jar
file:/E:/tool/jdk1.8.0/jre/lib/jfxswt.jar
file:/E:/tool/maven/repository/cn/afterturn/easypoi-web/3.2.0/easypoi-web-3.2.0.jar
file:/E:/tool/maven/repository/junit/junit/4.13.2/junit-4.13.2.jar
file:/E:/tool/maven/repository/io/reactivex/rxjava/1.3.8/rxjava-1.3.8.jar
file:/E:/tool/jdk1.8.0/jre/lib/jce.jar
file:/E:/tool/maven/repository/org/springframework/security/spring-security-crypto/5.3.9.RELEASE/spring-security-crypto-5.3.9.RELEASE.jar
file:/E:/tool/jdk1.8.0/jre/lib/plugin.jar
file:/E:/tool/maven/repository/com/alibaba/cloud/spring-cloud-starter-alibaba-nacos-discovery/2.2.7.RELEASE/spring-cloud-starter-alibaba-nacos-discovery-2.2.7.RELEASE.jar
file:/E:/tool/maven/repository/com/google/protobuf/protobuf-java/3.11.4/protobuf-java-3.11.4.jar
file:/E:/tool/maven/repository/org/apache/httpcomponents/httpclient/4.5.13/httpclient-4.5.13.jar
file:/C:/Users/dzyx/.m2/repository/org/junit/platform/junit-platform-launcher/1.6.3/junit-platform-launcher-1.6.3.jar
file:/E:/tool/maven/repository/org/apache/velocity/velocity-engine-core/2.3/velocity-engine-core-2.3.jar
file:/E:/tool/maven/repository/io/springfox/springfox-swagger-ui/2.9.2/springfox-swagger-ui-2.9.2.jar
file:/E:/tool/maven/repository/net/bytebuddy/byte-buddy/1.10.22/byte-buddy-1.10.22.jar
file:/C:/Users/dzyx/.m2/repository/org/junit/platform/junit-platform-engine/1.6.3/junit-platform-engine-1.6.3.jar
file:/E:/tool/maven/repository/org/apache/poi/poi-ooxml/3.15/poi-ooxml-3.15.jar
file:/E:/tool/maven/repository/net/minidev/json-smart/2.3.1/json-smart-2.3.1.jar
file:/E:/tool/maven/repository/org/springframework/spring-web/5.2.15.RELEASE/spring-web-5.2.15.RELEASE.jar
file:/E:/tool/maven/repository/org/junit/platform/junit-platform-engine/1.6.3/junit-platform-engine-1.6.3.jar
file:/E:/tool/maven/repository/org/junit/jupiter/junit-jupiter/5.6.3/junit-jupiter-5.6.3.jar
file:/E:/tool/maven/repository/org/mapstruct/mapstruct/1.2.0.Final/mapstruct-1.2.0.Final.jar
file:/E:/tool/maven/repository/javax/validation/validation-api/2.0.1.Final/validation-api-2.0.1.Final.jar
file:/E:/tool/maven/repository/org/ow2/asm/asm/5.0.4/asm-5.0.4.jar
file:/E:/tool/maven/repository/org/mockito/mockito-core/3.3.3/mockito-core-3.3.3.jar
file:/E:/tool/maven/repository/com/aliyun/aliyun-java-sdk-kms/2.7.0/aliyun-java-sdk-kms-2.7.0.jar
file:/E:/tool/maven/repository/org/opentest4j/opentest4j/1.2.0/opentest4j-1.2.0.jar
file:/E:/tool/maven/repository/org/mockito/mockito-junit-jupiter/3.3.3/mockito-junit-jupiter-3.3.3.jar
file:/E:/tool/maven/repository/io/springfox/springfox-spring-web/2.9.2/springfox-spring-web-2.9.2.jar
file:/E:/tool/maven/repository/com/netflix/ribbon/ribbon/2.3.0/ribbon-2.3.0.jar
file:/E:/tool/maven/repository/jakarta/validation/jakarta.validation-api/2.0.2/jakarta.validation-api-2.0.2.jar
file:/C:/Users/dzyx/.m2/repository/org/opentest4j/opentest4j/1.2.0/opentest4j-1.2.0.jar
file:/E:/tool/maven/repository/com/fasterxml/classmate/1.5.1/classmate-1.5.1.jar
file:/E:/tool/jdk1.8.0/jre/lib/ext/zipfs.jar
file:/E:/tool/maven/repository/io/springfox/springfox-swagger2/2.9.2/springfox-swagger2-2.9.2.jar
file:/E:/tool/maven/repository/jakarta/annotation/jakarta.annotation-api/1.3.5/jakarta.annotation-api-1.3.5.jar
file:/E:/tool/maven/repository/com/jayway/jsonpath/json-path/2.4.0/json-path-2.4.0.jar
file:/E:/tool/maven/repository/stax/stax-api/1.0.1/stax-api-1.0.1.jar
file:/E:/tool/maven/repository/commons-collections/commons-collections/3.2.2/commons-collections-3.2.2.jar
file:/E:/tool/maven/repository/com/netflix/netflix-commons/netflix-statistics/0.1.1/netflix-statistics-0.1.1.jar
file:/E:/tool/maven/repository/com/fasterxml/jackson/core/jackson-annotations/2.11.4/jackson-annotations-2.11.4.jar
file:/E:/tool/maven/repository/org/apache/logging/log4j/log4j-api/2.13.3/log4j-api-2.13.3.jar
file:/E:/tool/maven/repository/mysql/mysql-connector-java/8.0.27/mysql-connector-java-8.0.27.jar
file:/E:/tool/maven/repository/org/slf4j/jul-to-slf4j/1.7.30/jul-to-slf4j-1.7.30.jar
file:/E:/tool/maven/repository/org/projectlombok/lombok/1.18.22/lombok-1.18.22.jar
file:/E:/tool/maven/repository/com/aliyun/aliyun-java-sdk-ram/3.0.0/aliyun-java-sdk-ram-3.0.0.jar
file:/E:/tool/maven/repository/net/bytebuddy/byte-buddy-agent/1.10.22/byte-buddy-agent-1.10.22.jar
file:/E:/tool/maven/repository/org/springframework/spring-expression/5.2.15.RELEASE/spring-expression-5.2.15.RELEASE.jar
file:/E:/tool/maven/repository/org/assertj/assertj-core/3.16.1/assertj-core-3.16.1.jar
file:/E:/tool/maven/repository/com/google/code/gson/gson/2.8.7/gson-2.8.7.jar
file:/E:/tool/maven/repository/com/fasterxml/jackson/datatype/jackson-datatype-jdk8/2.11.4/jackson-datatype-jdk8-2.11.4.jar
file:/E:/tool/maven/repository/org/aspectj/aspectjweaver/1.9.6/aspectjweaver-1.9.6.jar
file:/E:/tool/maven/repository/io/prometheus/simpleclient/0.5.0/simpleclient-0.5.0.jar
file:/E:/tool/maven/repository/com/sun/jersey/jersey-client/1.19.1/jersey-client-1.19.1.jar
file:/E:/tool/maven/repository/org/springframework/spring-tx/5.2.15.RELEASE/spring-tx-5.2.15.RELEASE.jar
file:/E:/tool/maven/repository/io/github/openfeign/form/feign-form-spring/3.8.0/feign-form-spring-3.8.0.jar
file:/E:/tool/jdk1.8.0/jre/lib/jfr.jar
file:/E:/tool/jdk1.8.0/jre/lib/ext/jaccess.jar
file:/E:/tool/maven/repository/com/baomidou/mybatis-plus-extension/3.4.1/mybatis-plus-extension-3.4.1.jar
file:/E:/tool/maven/repository/org/springframework/spring-webmvc/5.2.15.RELEASE/spring-webmvc-5.2.15.RELEASE.jar
file:/E:/tool/maven/repository/org/mybatis/mybatis/3.5.6/mybatis-3.5.6.jar
file:/E:/tool/maven/repository/org/objenesis/objenesis/2.6/objenesis-2.6.jar
file:/E:/tool/maven/repository/org/hamcrest/hamcrest/2.2/hamcrest-2.2.jar
file:/E:/tool/jdk1.8.0/jre/lib/ext/nashorn.jar
file:/E:/tool/maven/repository/io/springfox/springfox-schema/2.9.2/springfox-schema-2.9.2.jar
file:/E:/tool/maven/repository/com/aliyun/aliyun-java-sdk-core/3.4.0/aliyun-java-sdk-core-3.4.0.jar
file:/E:/tool/maven/repository/org/skyscreamer/jsonassert/1.5.0/jsonassert-1.5.0.jar
file:/E:/tool/maven/repository/org/glassfish/jakarta.el/3.0.3/jakarta.el-3.0.3.jar
file:/E:/tool/jdk1.8.0/jre/lib/ext/cldrdata.jar
file:/E:/tool/maven/repository/org/springframework/boot/spring-boot-starter-validation/2.4.5/spring-boot-starter-validation-2.4.5.jar
file:/E:/tool/maven/repository/commons-io/commons-io/2.11.0/commons-io-2.11.0.jar
file:/E:/tool/maven/repository/jakarta/xml/bind/jakarta.xml.bind-api/2.3.3/jakarta.xml.bind-api-2.3.3.jar
file:/E:/tool/jdk1.8.0/jre/lib/ext/dnsns.jar
file:/E:/tool/maven/repository/org/hibernate/validator/hibernate-validator/6.1.7.Final/hibernate-validator-6.1.7.Final.jar
file:/E:/tool/maven/repository/org/springframework/boot/spring-boot-starter-tomcat/2.3.12.RELEASE/spring-boot-starter-tomcat-2.3.12.RELEASE.jar
file:/E:/tool/maven/repository/org/apache/commons/commons-lang3/3.10/commons-lang3-3.10.jar
file:/E:/tool/maven/repository/org/springframework/boot/spring-boot-starter-json/2.3.12.RELEASE/spring-boot-starter-json-2.3.12.RELEASE.jar
file:/E:/tool/maven/repository/com/netflix/servo/servo-internal/0.10.1/servo-internal-0.10.1.jar
file:/E:/tool/jdk1.8.0/jre/lib/ext/sunpkcs11.jar
file:/E:/tool/maven/repository/ch/qos/logback/logback-classic/1.2.3/logback-classic-1.2.3.jar
file:/E:/tool/maven/repository/jakarta/activation/jakarta.activation-api/1.2.2/jakarta.activation-api-1.2.2.jar
file:/E:/tool/maven/repository/com/alibaba/cloud/spring-cloud-alibaba-commons/2.2.7.RELEASE/spring-cloud-alibaba-commons-2.2.7.RELEASE.jar
file:/E:/tool/maven/repository/com/netflix/hystrix/hystrix-core/1.4.3/hystrix-core-1.4.3.jar
file:/E:/tool/maven/repository/org/springframework/plugin/spring-plugin-core/1.2.0.RELEASE/spring-plugin-core-1.2.0.RELEASE.jar
file:/E:/tool/maven/repository/io/reactivex/rxnetty-servo/0.4.9/rxnetty-servo-0.4.9.jar
file:/E:/tool/maven/repository/org/bouncycastle/bcprov-jdk15on/1.68/bcprov-jdk15on-1.68.jar
file:/E:/tool/maven/repository/org/apache/logging/log4j/log4j-to-slf4j/2.13.3/log4j-to-slf4j-2.13.3.jar
file:/E:/tool/maven/repository/com/alibaba/spring/spring-context-support/1.0.10/spring-context-support-1.0.10.jar
file:/E:/tool/maven/repository/org/junit/jupiter/junit-jupiter-params/5.6.3/junit-jupiter-params-5.6.3.jar
file:/E:/tool/maven/repository/com/github/virtuald/curvesapi/1.04/curvesapi-1.04.jar
file:/E:/tool/maven/repository/org/springframework/cloud/spring-cloud-context/2.2.9.RELEASE/spring-cloud-context-2.2.9.RELEASE.jar
file:/E:/tool/maven/repository/com/auth0/java-jwt/3.8.3/java-jwt-3.8.3.jar
file:/E:/tool/maven/repository/org/springframework/spring-core/5.2.15.RELEASE/spring-core-5.2.15.RELEASE.jar
file:/E:/tool/maven/repository/org/springframework/cloud/spring-cloud-openfeign-core/3.1.0/spring-cloud-openfeign-core-3.1.0.jar
file:/E:/tool/maven/repository/com/baomidou/mybatis-plus-core/3.4.1/mybatis-plus-core-3.4.1.jar
file:/E:/tool/maven/repository/org/springframework/spring-aop/5.2.15.RELEASE/spring-aop-5.2.15.RELEASE.jar
file:/E:/tool/maven/repository/com/aliyun/aliyun-java-sdk-sts/3.0.0/aliyun-java-sdk-sts-3.0.0.jar
file:/E:/tool/jdk1.8.0/jre/lib/jsse.jar
file:/E:/tool/jdk1.8.0/jre/lib/charsets.jar
file:/E:/tool/maven/repository/org/springframework/cloud/spring-cloud-starter-netflix-ribbon/2.2.9.RELEASE/spring-cloud-starter-netflix-ribbon-2.2.9.RELEASE.jar
file:/E:/tool/maven/repository/javax/inject/javax.inject/1/javax.inject-1.jar
file:/E:/tool/maven/repository/org/apiguardian/apiguardian-api/1.1.0/apiguardian-api-1.1.0.jar
file:/E:/tool/maven/repository/org/reflections/reflections/0.9.11/reflections-0.9.11.jar
file:/E:/tool/maven/repository/org/springframework/spring-test/5.2.15.RELEASE/spring-test-5.2.15.RELEASE.jar
file:/E:/tool/jdk1.8.0/jre/lib/ext/sunec.jar
file:/E:/tool/maven/repository/com/google/guava/guava/20.0/guava-20.0.jar
file:/E:/tool/maven/repository/org/apache/httpcomponents/httpcore-nio/4.4.14/httpcore-nio-4.4.14.jar
file:/E:/tool/maven/repository/io/reactivex/rxnetty-contexts/0.4.9/rxnetty-contexts-0.4.9.jar
2022-01-11 14:29:38.278 [main] DEBUG com.alibaba.nacos.shaded.io.grpc.netty.shaded.io.netty.util.internal.logging.InternalLoggerFactory-Using SLF4J as the default logging framework
2022-01-11 14:29:38.279 [main] DEBUG com.alibaba.nacos.shaded.io.grpc.netty.shaded.io.netty.util.internal.PlatformDependent-Platform: Windows
2022-01-11 14:29:38.281 [main] DEBUG com.alibaba.nacos.shaded.io.grpc.netty.shaded.io.netty.util.internal.PlatformDependent0--Dio.netty.noUnsafe: false
2022-01-11 14:29:38.282 [main] DEBUG com.alibaba.nacos.shaded.io.grpc.netty.shaded.io.netty.util.internal.PlatformDependent0-Java version: 8
2022-01-11 14:29:38.286 [main] DEBUG com.alibaba.nacos.shaded.io.grpc.netty.shaded.io.netty.util.internal.PlatformDependent0-sun.misc.Unsafe.theUnsafe: available
2022-01-11 14:29:38.288 [main] DEBUG com.alibaba.nacos.shaded.io.grpc.netty.shaded.io.netty.util.internal.PlatformDependent0-sun.misc.Unsafe.copyMemory: available
2022-01-11 14:29:38.289 [main] DEBUG com.alibaba.nacos.shaded.io.grpc.netty.shaded.io.netty.util.internal.PlatformDependent0-java.nio.Buffer.address: available
2022-01-11 14:29:38.290 [main] DEBUG com.alibaba.nacos.shaded.io.grpc.netty.shaded.io.netty.util.internal.PlatformDependent0-direct buffer constructor: available
2022-01-11 14:29:38.292 [main] DEBUG com.alibaba.nacos.shaded.io.grpc.netty.shaded.io.netty.util.internal.PlatformDependent0-java.nio.Bits.unaligned: available, true
2022-01-11 14:29:38.292 [main] DEBUG com.alibaba.nacos.shaded.io.grpc.netty.shaded.io.netty.util.internal.PlatformDependent0-jdk.internal.misc.Unsafe.allocateUninitializedArray(int): unavailable prior to Java9
2022-01-11 14:29:38.293 [main] DEBUG com.alibaba.nacos.shaded.io.grpc.netty.shaded.io.netty.util.internal.PlatformDependent0-java.nio.DirectByteBuffer.<init>(long, int): available
2022-01-11 14:29:38.293 [main] DEBUG com.alibaba.nacos.shaded.io.grpc.netty.shaded.io.netty.util.internal.PlatformDependent-sun.misc.Unsafe: available
2022-01-11 14:29:38.294 [main] DEBUG com.alibaba.nacos.shaded.io.grpc.netty.shaded.io.netty.util.internal.PlatformDependent--Dio.netty.tmpdir: C:\Users\dzyx\AppData\Local\Temp (java.io.tmpdir)
2022-01-11 14:29:38.294 [main] DEBUG com.alibaba.nacos.shaded.io.grpc.netty.shaded.io.netty.util.internal.PlatformDependent--Dio.netty.bitMode: 64 (sun.arch.data.model)
2022-01-11 14:29:38.296 [main] DEBUG com.alibaba.nacos.shaded.io.grpc.netty.shaded.io.netty.util.internal.PlatformDependent--Dio.netty.maxDirectMemory: 1886912512 bytes
2022-01-11 14:29:38.296 [main] DEBUG com.alibaba.nacos.shaded.io.grpc.netty.shaded.io.netty.util.internal.PlatformDependent--Dio.netty.uninitializedArrayAllocationThreshold: -1
2022-01-11 14:29:38.298 [main] DEBUG com.alibaba.nacos.shaded.io.grpc.netty.shaded.io.netty.util.internal.CleanerJava6-java.nio.ByteBuffer.cleaner(): available
2022-01-11 14:29:38.298 [main] DEBUG com.alibaba.nacos.shaded.io.grpc.netty.shaded.io.netty.util.internal.PlatformDependent--Dio.netty.noPreferDirect: false
2022-01-11 14:29:38.419 [main] DEBUG com.alibaba.nacos.shaded.io.grpc.netty.shaded.io.netty.channel.MultithreadEventLoopGroup--Dio.netty.eventLoopThreads: 8
2022-01-11 14:29:38.448 [main] DEBUG com.alibaba.nacos.shaded.io.grpc.netty.shaded.io.netty.util.internal.InternalThreadLocalMap--Dio.netty.threadLocalMap.stringBuilder.initialSize: 1024
2022-01-11 14:29:38.448 [main] DEBUG com.alibaba.nacos.shaded.io.grpc.netty.shaded.io.netty.util.internal.InternalThreadLocalMap--Dio.netty.threadLocalMap.stringBuilder.maxSize: 4096
2022-01-11 14:29:38.462 [main] DEBUG com.alibaba.nacos.shaded.io.grpc.netty.shaded.io.netty.channel.nio.NioEventLoop--Dio.netty.noKeySetOptimization: false
2022-01-11 14:29:38.462 [main] DEBUG com.alibaba.nacos.shaded.io.grpc.netty.shaded.io.netty.channel.nio.NioEventLoop--Dio.netty.selectorAutoRebuildThreshold: 512
2022-01-11 14:29:38.479 [main] DEBUG com.alibaba.nacos.shaded.io.grpc.netty.shaded.io.netty.util.internal.PlatformDependent-org.jctools-core.MpscChunkedArrayQueue: available
2022-01-11 14:29:39.618 [grpc-default-executor-0] DEBUG com.alibaba.nacos.shaded.io.grpc.netty.shaded.io.netty.util.ResourceLeakDetector--Dcom.alibaba.nacos.shaded.io.grpc.netty.shaded.io.netty.leakDetection.level: simple
2022-01-11 14:29:39.619 [grpc-default-executor-0] DEBUG com.alibaba.nacos.shaded.io.grpc.netty.shaded.io.netty.util.ResourceLeakDetector--Dcom.alibaba.nacos.shaded.io.grpc.netty.shaded.io.netty.leakDetection.targetRecords: 4
2022-01-11 14:29:39.628 [grpc-default-executor-0] DEBUG com.alibaba.nacos.shaded.io.grpc.netty.shaded.io.netty.buffer.AbstractByteBuf--Dcom.alibaba.nacos.shaded.io.grpc.netty.shaded.io.netty.buffer.checkAccessible: true
2022-01-11 14:29:39.628 [grpc-default-executor-0] DEBUG com.alibaba.nacos.shaded.io.grpc.netty.shaded.io.netty.buffer.AbstractByteBuf--Dcom.alibaba.nacos.shaded.io.grpc.netty.shaded.io.netty.buffer.checkBounds: true
2022-01-11 14:29:39.631 [grpc-default-executor-0] DEBUG com.alibaba.nacos.shaded.io.grpc.netty.shaded.io.netty.util.ResourceLeakDetectorFactory-Loaded default ResourceLeakDetector: com.alibaba.nacos.shaded.io.grpc.netty.shaded.io.netty.util.ResourceLeakDetector@142f739f
2022-01-11 14:29:39.727 [grpc-default-executor-0] DEBUG com.alibaba.nacos.shaded.io.grpc.netty.shaded.io.netty.channel.DefaultChannelId--Dio.netty.processId: 26372 (auto-detected)
2022-01-11 14:29:39.730 [grpc-default-executor-0] DEBUG com.alibaba.nacos.shaded.io.grpc.netty.shaded.io.netty.util.NetUtil--Djava.net.preferIPv4Stack: false
2022-01-11 14:29:39.730 [grpc-default-executor-0] DEBUG com.alibaba.nacos.shaded.io.grpc.netty.shaded.io.netty.util.NetUtil--Djava.net.preferIPv6Addresses: false
2022-01-11 14:29:39.974 [grpc-default-executor-0] DEBUG com.alibaba.nacos.shaded.io.grpc.netty.shaded.io.netty.util.NetUtil-Loopback interface: lo (Software Loopback Interface 1, 127.0.0.1)
2022-01-11 14:29:39.975 [grpc-default-executor-0] DEBUG com.alibaba.nacos.shaded.io.grpc.netty.shaded.io.netty.util.NetUtil-Failed to get SOMAXCONN from sysctl and file \proc\sys\net\core\somaxconn. Default: 200
2022-01-11 14:29:40.225 [grpc-default-executor-0] DEBUG com.alibaba.nacos.shaded.io.grpc.netty.shaded.io.netty.channel.DefaultChannelId--Dio.netty.machineId: ac:ed:5c:ff:fe:4c:2a:e3 (auto-detected)
2022-01-11 14:29:40.259 [grpc-default-executor-0] DEBUG com.alibaba.nacos.shaded.io.grpc.netty.shaded.io.netty.buffer.PooledByteBufAllocator--Dio.netty.allocator.numHeapArenas: 8
2022-01-11 14:29:40.259 [grpc-default-executor-0] DEBUG com.alibaba.nacos.shaded.io.grpc.netty.shaded.io.netty.buffer.PooledByteBufAllocator--Dio.netty.allocator.numDirectArenas: 8
2022-01-11 14:29:40.260 [grpc-default-executor-0] DEBUG com.alibaba.nacos.shaded.io.grpc.netty.shaded.io.netty.buffer.PooledByteBufAllocator--Dio.netty.allocator.pageSize: 8192
2022-01-11 14:29:40.260 [grpc-default-executor-0] DEBUG com.alibaba.nacos.shaded.io.grpc.netty.shaded.io.netty.buffer.PooledByteBufAllocator--Dio.netty.allocator.maxOrder: 11
2022-01-11 14:29:40.260 [grpc-default-executor-0] DEBUG com.alibaba.nacos.shaded.io.grpc.netty.shaded.io.netty.buffer.PooledByteBufAllocator--Dio.netty.allocator.chunkSize: 16777216
2022-01-11 14:29:40.260 [grpc-default-executor-0] DEBUG com.alibaba.nacos.shaded.io.grpc.netty.shaded.io.netty.buffer.PooledByteBufAllocator--Dio.netty.allocator.tinyCacheSize: 512
2022-01-11 14:29:40.260 [grpc-default-executor-0] DEBUG com.alibaba.nacos.shaded.io.grpc.netty.shaded.io.netty.buffer.PooledByteBufAllocator--Dio.netty.allocator.smallCacheSize: 256
2022-01-11 14:29:40.260 [grpc-default-executor-0] DEBUG com.alibaba.nacos.shaded.io.grpc.netty.shaded.io.netty.buffer.PooledByteBufAllocator--Dio.netty.allocator.normalCacheSize: 64
2022-01-11 14:29:40.260 [grpc-default-executor-0] DEBUG com.alibaba.nacos.shaded.io.grpc.netty.shaded.io.netty.buffer.PooledByteBufAllocator--Dio.netty.allocator.maxCachedBufferCapacity: 32768
2022-01-11 14:29:40.260 [grpc-default-executor-0] DEBUG com.alibaba.nacos.shaded.io.grpc.netty.shaded.io.netty.buffer.PooledByteBufAllocator--Dio.netty.allocator.cacheTrimInterval: 8192
2022-01-11 14:29:40.260 [grpc-default-executor-0] DEBUG com.alibaba.nacos.shaded.io.grpc.netty.shaded.io.netty.buffer.PooledByteBufAllocator--Dio.netty.allocator.cacheTrimIntervalMillis: 0
2022-01-11 14:29:40.261 [grpc-default-executor-0] DEBUG com.alibaba.nacos.shaded.io.grpc.netty.shaded.io.netty.buffer.PooledByteBufAllocator--Dio.netty.allocator.useCacheForAllThreads: true
2022-01-11 14:29:40.261 [grpc-default-executor-0] DEBUG com.alibaba.nacos.shaded.io.grpc.netty.shaded.io.netty.buffer.PooledByteBufAllocator--Dio.netty.allocator.maxCachedByteBuffersPerChunk: 1023
2022-01-11 14:29:40.274 [grpc-default-executor-0] DEBUG com.alibaba.nacos.shaded.io.grpc.netty.shaded.io.netty.buffer.ByteBufUtil--Dio.netty.allocator.type: pooled
2022-01-11 14:29:40.274 [grpc-default-executor-0] DEBUG com.alibaba.nacos.shaded.io.grpc.netty.shaded.io.netty.buffer.ByteBufUtil--Dio.netty.threadLocalDirectBufferSize: 0
2022-01-11 14:29:40.274 [grpc-default-executor-0] DEBUG com.alibaba.nacos.shaded.io.grpc.netty.shaded.io.netty.buffer.ByteBufUtil--Dio.netty.maxThreadLocalCharBufferSize: 16384
2022-01-11 14:29:40.287 [grpc-default-executor-0] DEBUG com.alibaba.nacos.shaded.io.grpc.netty.shaded.io.netty.util.Recycler--Dio.netty.recycler.maxCapacityPerThread: 4096
2022-01-11 14:29:40.288 [grpc-default-executor-0] DEBUG com.alibaba.nacos.shaded.io.grpc.netty.shaded.io.netty.util.Recycler--Dio.netty.recycler.maxSharedCapacityFactor: 2
2022-01-11 14:29:40.288 [grpc-default-executor-0] DEBUG com.alibaba.nacos.shaded.io.grpc.netty.shaded.io.netty.util.Recycler--Dio.netty.recycler.linkCapacity: 16
2022-01-11 14:29:40.288 [grpc-default-executor-0] DEBUG com.alibaba.nacos.shaded.io.grpc.netty.shaded.io.netty.util.Recycler--Dio.netty.recycler.ratio: 8
2022-01-11 14:29:40.317 [grpc-nio-worker-ELG-1-2] DEBUG com.alibaba.nacos.shaded.io.grpc.netty.shaded.io.grpc.netty.NettyClientHandler-[id: 0x7f0eab0a, L:/127.0.0.1:31137 - R:localhost/127.0.0.1:9848] OUTBOUND SETTINGS: ack=false settings={ENABLE_PUSH=0, MAX_CONCURRENT_STREAMS=0, INITIAL_WINDOW_SIZE=1048576, MAX_HEADER_LIST_SIZE=8192}
2022-01-11 14:29:40.330 [grpc-nio-worker-ELG-1-2] DEBUG com.alibaba.nacos.shaded.io.grpc.netty.shaded.io.grpc.netty.NettyClientHandler-[id: 0x7f0eab0a, L:/127.0.0.1:31137 - R:localhost/127.0.0.1:9848] OUTBOUND WINDOW_UPDATE: streamId=0 windowSizeIncrement=983041
2022-01-11 14:29:40.343 [grpc-nio-worker-ELG-1-2] DEBUG com.alibaba.nacos.shaded.io.grpc.netty.shaded.io.grpc.netty.NettyClientHandler-[id: 0x7f0eab0a, L:/127.0.0.1:31137 - R:localhost/127.0.0.1:9848] INBOUND SETTINGS: ack=false settings={MAX_CONCURRENT_STREAMS=2147483647, INITIAL_WINDOW_SIZE=1048576, MAX_HEADER_LIST_SIZE=8192}
2022-01-11 14:29:40.345 [grpc-nio-worker-ELG-1-2] DEBUG com.alibaba.nacos.shaded.io.grpc.netty.shaded.io.grpc.netty.NettyClientHandler-[id: 0x7f0eab0a, L:/127.0.0.1:31137 - R:localhost/127.0.0.1:9848] OUTBOUND SETTINGS: ack=true
2022-01-11 14:29:40.348 [grpc-nio-worker-ELG-1-2] DEBUG com.alibaba.nacos.shaded.io.grpc.netty.shaded.io.grpc.netty.NettyClientHandler-[id: 0x7f0eab0a, L:/127.0.0.1:31137 - R:localhost/127.0.0.1:9848] INBOUND WINDOW_UPDATE: streamId=0 windowSizeIncrement=983041
2022-01-11 14:29:40.348 [grpc-nio-worker-ELG-1-2] DEBUG com.alibaba.nacos.shaded.io.grpc.netty.shaded.io.grpc.netty.NettyClientHandler-[id: 0x7f0eab0a, L:/127.0.0.1:31137 - R:localhost/127.0.0.1:9848] INBOUND SETTINGS: ack=true
2022-01-11 14:29:40.388 [grpc-nio-worker-ELG-1-2] DEBUG com.alibaba.nacos.shaded.io.grpc.netty.shaded.io.grpc.netty.NettyClientHandler-[id: 0x7f0eab0a, L:/127.0.0.1:31137 - R:localhost/127.0.0.1:9848] OUTBOUND HEADERS: streamId=3 headers=GrpcHttp2OutboundHeaders[:authority: localhost:9848, :path: /Request/request, :method: POST, :scheme: http, content-type: application/grpc, te: trailers, user-agent: grpc-java-netty/1.24.0, grpc-accept-encoding: gzip] streamDependency=0 weight=16 exclusive=false padding=0 endStream=false
2022-01-11 14:29:40.401 [grpc-nio-worker-ELG-1-2] DEBUG com.alibaba.nacos.shaded.io.grpc.netty.shaded.io.grpc.netty.NettyClientHandler-[id: 0x7f0eab0a, L:/127.0.0.1:31137 - R:localhost/127.0.0.1:9848] OUTBOUND DATA: streamId=3 padding=0 endStream=true length=81 bytes=000000004c12241a12536572766572436865636b52657175657374420e3139322e3136382e31302e3134301a2412227b2268656164657273223a7b7d2c226d6f...
2022-01-11 14:29:40.409 [grpc-nio-worker-ELG-1-2] DEBUG com.alibaba.nacos.shaded.io.grpc.netty.shaded.io.grpc.netty.NettyClientHandler-[id: 0x7f0eab0a, L:/127.0.0.1:31137 - R:localhost/127.0.0.1:9848] INBOUND HEADERS: streamId=3 headers=GrpcHttp2ResponseHeaders[:status: 200, content-type: application/grpc, grpc-encoding: identity, grpc-accept-encoding: gzip] streamDependency=0 weight=16 exclusive=false padding=0 endStream=false
2022-01-11 14:29:40.415 [grpc-nio-worker-ELG-1-2] DEBUG com.alibaba.nacos.shaded.io.grpc.netty.shaded.io.grpc.netty.NettyClientHandler-[id: 0x7f0eab0a, L:/127.0.0.1:31137 - R:localhost/127.0.0.1:9848] INBOUND DATA: streamId=3 padding=0 endStream=false length=126 bytes=000000007912151a13536572766572436865636b526573706f6e73651a60125e7b22726573756c74436f6465223a3230302c226572726f72436f6465223a302c...
2022-01-11 14:29:40.422 [grpc-nio-worker-ELG-1-2] DEBUG com.alibaba.nacos.shaded.io.grpc.netty.shaded.io.grpc.netty.NettyClientHandler-[id: 0x7f0eab0a, L:/127.0.0.1:31137 - R:localhost/127.0.0.1:9848] INBOUND HEADERS: streamId=3 headers=GrpcHttp2ResponseHeaders[grpc-status: 0] streamDependency=0 weight=16 exclusive=false padding=0 endStream=true
2022-01-11 14:29:40.485 [grpc-nio-worker-ELG-1-2] DEBUG com.alibaba.nacos.shaded.io.grpc.netty.shaded.io.grpc.netty.NettyClientHandler-[id: 0x7f0eab0a, L:/127.0.0.1:31137 - R:localhost/127.0.0.1:9848] OUTBOUND HEADERS: streamId=5 headers=GrpcHttp2OutboundHeaders[:authority: localhost:9848, :path: /BiRequestStream/requestBiStream, :method: POST, :scheme: http, content-type: application/grpc, te: trailers, user-agent: grpc-java-netty/1.24.0, grpc-accept-encoding: gzip] streamDependency=0 weight=16 exclusive=false padding=0 endStream=false
2022-01-11 14:29:40.493 [grpc-nio-worker-ELG-1-2] DEBUG com.alibaba.nacos.shaded.io.grpc.netty.shaded.io.grpc.netty.NettyClientHandler-[id: 0x7f0eab0a, L:/127.0.0.1:31137 - R:localhost/127.0.0.1:9848] OUTBOUND DATA: streamId=5 padding=0 endStream=false length=399 bytes=000000018a12281a16436f6e6e656374696f6e536574757052657175657374420e3139322e3136382e31302e3134301add0212da027b2268656164657273223a...
2022-01-11 14:29:40.742 [grpc-nio-worker-ELG-1-2] DEBUG com.alibaba.nacos.shaded.io.grpc.netty.shaded.io.grpc.netty.NettyClientHandler-[id: 0x7f0eab0a, L:/127.0.0.1:31137 - R:localhost/127.0.0.1:9848] OUTBOUND HEADERS: streamId=7 headers=GrpcHttp2OutboundHeaders[:authority: localhost:9848, :path: /Request/request, :method: POST, :scheme: http, content-type: application/grpc, te: trailers, user-agent: grpc-java-netty/1.24.0, grpc-accept-encoding: gzip] streamDependency=0 weight=16 exclusive=false padding=0 endStream=false
2022-01-11 14:29:40.743 [grpc-nio-worker-ELG-1-2] DEBUG com.alibaba.nacos.shaded.io.grpc.netty.shaded.io.grpc.netty.NettyClientHandler-[id: 0x7f0eab0a, L:/127.0.0.1:31137 - R:localhost/127.0.0.1:9848] OUTBOUND DATA: streamId=7 padding=0 endStream=true length=358 bytes=000000016112f0011a12436f6e6669675175657279526571756573743a100a076368617273657412055554462d383a190a0e436c69656e742d4170704e616d65...
2022-01-11 14:29:40.745 [grpc-nio-worker-ELG-1-2] DEBUG com.alibaba.nacos.shaded.io.grpc.netty.shaded.io.grpc.netty.NettyClientHandler-[id: 0x7f0eab0a, L:/127.0.0.1:31137 - R:localhost/127.0.0.1:9848] INBOUND HEADERS: streamId=7 headers=GrpcHttp2ResponseHeaders[:status: 200, content-type: application/grpc, grpc-encoding: identity, grpc-accept-encoding: gzip] streamDependency=0 weight=16 exclusive=false padding=0 endStream=false
2022-01-11 14:29:40.746 [grpc-nio-worker-ELG-1-2] DEBUG com.alibaba.nacos.shaded.io.grpc.netty.shaded.io.grpc.netty.NettyClientHandler-[id: 0x7f0eab0a, L:/127.0.0.1:31137 - R:localhost/127.0.0.1:9848] INBOUND DATA: streamId=7 padding=0 endStream=false length=146 bytes=000000008d12151a13436f6e6669675175657279526573706f6e73651a7412727b22726573756c74436f6465223a3530302c226572726f72436f6465223a3330...
2022-01-11 14:29:40.747 [grpc-nio-worker-ELG-1-2] DEBUG com.alibaba.nacos.shaded.io.grpc.netty.shaded.io.grpc.netty.NettyClientHandler-[id: 0x7f0eab0a, L:/127.0.0.1:31137 - R:localhost/127.0.0.1:9848] INBOUND HEADERS: streamId=7 headers=GrpcHttp2ResponseHeaders[grpc-status: 0] streamDependency=0 weight=16 exclusive=false padding=0 endStream=true
2022-01-11 14:29:40.756 [grpc-nio-worker-ELG-1-2] DEBUG com.alibaba.nacos.shaded.io.grpc.netty.shaded.io.grpc.netty.NettyClientHandler-[id: 0x7f0eab0a, L:/127.0.0.1:31137 - R:localhost/127.0.0.1:9848] OUTBOUND HEADERS: streamId=9 headers=GrpcHttp2OutboundHeaders[:authority: localhost:9848, :path: /Request/request, :method: POST, :scheme: http, content-type: application/grpc, te: trailers, user-agent: grpc-java-netty/1.24.0, grpc-accept-encoding: gzip] streamDependency=0 weight=16 exclusive=false padding=0 endStream=false
2022-01-11 14:29:40.757 [grpc-nio-worker-ELG-1-2] DEBUG com.alibaba.nacos.shaded.io.grpc.netty.shaded.io.grpc.netty.NettyClientHandler-[id: 0x7f0eab0a, L:/127.0.0.1:31137 - R:localhost/127.0.0.1:9848] OUTBOUND DATA: streamId=9 padding=0 endStream=true length=369 bytes=000000016c12f0011a12436f6e6669675175657279526571756573743a100a076368617273657412055554462d383a190a0e436c69656e742d4170704e616d65...
2022-01-11 14:29:40.758 [grpc-nio-worker-ELG-1-2] DEBUG com.alibaba.nacos.shaded.io.grpc.netty.shaded.io.grpc.netty.NettyClientHandler-[id: 0x7f0eab0a, L:/127.0.0.1:31137 - R:localhost/127.0.0.1:9848] INBOUND HEADERS: streamId=9 headers=GrpcHttp2ResponseHeaders[:status: 200, content-type: application/grpc, grpc-encoding: identity, grpc-accept-encoding: gzip] streamDependency=0 weight=16 exclusive=false padding=0 endStream=false
2022-01-11 14:29:40.759 [grpc-nio-worker-ELG-1-2] DEBUG com.alibaba.nacos.shaded.io.grpc.netty.shaded.io.grpc.netty.NettyClientHandler-[id: 0x7f0eab0a, L:/127.0.0.1:31137 - R:localhost/127.0.0.1:9848] INBOUND DATA: streamId=9 padding=0 endStream=false length=146 bytes=000000008d12151a13436f6e6669675175657279526573706f6e73651a7412727b22726573756c74436f6465223a3530302c226572726f72436f6465223a3330...
2022-01-11 14:29:40.760 [grpc-nio-worker-ELG-1-2] DEBUG com.alibaba.nacos.shaded.io.grpc.netty.shaded.io.grpc.netty.NettyClientHandler-[id: 0x7f0eab0a, L:/127.0.0.1:31137 - R:localhost/127.0.0.1:9848] INBOUND HEADERS: streamId=9 headers=GrpcHttp2ResponseHeaders[grpc-status: 0] streamDependency=0 weight=16 exclusive=false padding=0 endStream=true
2022-01-11 14:29:40.764 [grpc-nio-worker-ELG-1-2] DEBUG com.alibaba.nacos.shaded.io.grpc.netty.shaded.io.grpc.netty.NettyClientHandler-[id: 0x7f0eab0a, L:/127.0.0.1:31137 - R:localhost/127.0.0.1:9848] OUTBOUND HEADERS: streamId=11 headers=GrpcHttp2OutboundHeaders[:authority: localhost:9848, :path: /Request/request, :method: POST, :scheme: http, content-type: application/grpc, te: trailers, user-agent: grpc-java-netty/1.24.0, grpc-accept-encoding: gzip] streamDependency=0 weight=16 exclusive=false padding=0 endStream=false
2022-01-11 14:29:40.765 [grpc-nio-worker-ELG-1-2] DEBUG com.alibaba.nacos.shaded.io.grpc.netty.shaded.io.grpc.netty.NettyClientHandler-[id: 0x7f0eab0a, L:/127.0.0.1:31137 - R:localhost/127.0.0.1:9848] OUTBOUND DATA: streamId=11 padding=0 endStream=true length=373 bytes=000000017012f0011a12436f6e6669675175657279526571756573743a100a076368617273657412055554462d383a190a0e436c69656e742d4170704e616d65...
2022-01-11 14:29:40.767 [grpc-nio-worker-ELG-1-2] DEBUG com.alibaba.nacos.shaded.io.grpc.netty.shaded.io.grpc.netty.NettyClientHandler-[id: 0x7f0eab0a, L:/127.0.0.1:31137 - R:localhost/127.0.0.1:9848] INBOUND HEADERS: streamId=11 headers=GrpcHttp2ResponseHeaders[:status: 200, content-type: application/grpc, grpc-encoding: identity, grpc-accept-encoding: gzip] streamDependency=0 weight=16 exclusive=false padding=0 endStream=false
2022-01-11 14:29:40.768 [grpc-nio-worker-ELG-1-2] DEBUG com.alibaba.nacos.shaded.io.grpc.netty.shaded.io.grpc.netty.NettyClientHandler-[id: 0x7f0eab0a, L:/127.0.0.1:31137 - R:localhost/127.0.0.1:9848] INBOUND DATA: streamId=11 padding=0 endStream=false length=146 bytes=000000008d12151a13436f6e6669675175657279526573706f6e73651a7412727b22726573756c74436f6465223a3530302c226572726f72436f6465223a3330...
2022-01-11 14:29:40.768 [grpc-nio-worker-ELG-1-2] DEBUG com.alibaba.nacos.shaded.io.grpc.netty.shaded.io.grpc.netty.NettyClientHandler-[id: 0x7f0eab0a, L:/127.0.0.1:31137 - R:localhost/127.0.0.1:9848] INBOUND HEADERS: streamId=11 headers=GrpcHttp2ResponseHeaders[grpc-status: 0] streamDependency=0 weight=16 exclusive=false padding=0 endStream=true
2022-01-11 14:29:42.030 [main] DEBUG org.apache.ibatis.logging.LogFactory-Logging initialized using 'class org.apache.ibatis.logging.slf4j.Slf4jImpl' adapter.
2022-01-11 14:29:42.040 [main] DEBUG org.mybatis.spring.mapper.ClassPathMapperScanner-Identified candidate component class: file [E:\juam-workspace\code\git\edu\server\nov-starter\nov-service\service_edu\target\classes\com\novedu\nov\edu\mapper\AclUserMapper.class]
2022-01-11 14:29:42.045 [main] DEBUG org.mybatis.spring.mapper.ClassPathMapperScanner-Identified candidate component class: file [E:\juam-workspace\code\git\edu\server\nov-starter\nov-service\service_edu\target\classes\com\novedu\nov\edu\mapper\EduChapterMapper.class]
2022-01-11 14:29:42.045 [main] DEBUG org.mybatis.spring.mapper.ClassPathMapperScanner-Identified candidate component class: file [E:\juam-workspace\code\git\edu\server\nov-starter\nov-service\service_edu\target\classes\com\novedu\nov\edu\mapper\EduCourseIntroMapper.class]
2022-01-11 14:29:42.045 [main] DEBUG org.mybatis.spring.mapper.ClassPathMapperScanner-Identified candidate component class: file [E:\juam-workspace\code\git\edu\server\nov-starter\nov-service\service_edu\target\classes\com\novedu\nov\edu\mapper\EduCourseMapper.class]
2022-01-11 14:29:42.046 [main] DEBUG org.mybatis.spring.mapper.ClassPathMapperScanner-Identified candidate component class: file [E:\juam-workspace\code\git\edu\server\nov-starter\nov-service\service_edu\target\classes\com\novedu\nov\edu\mapper\EduSubjectMapper.class]
2022-01-11 14:29:42.047 [main] DEBUG org.mybatis.spring.mapper.ClassPathMapperScanner-Identified candidate component class: file [E:\juam-workspace\code\git\edu\server\nov-starter\nov-service\service_edu\target\classes\com\novedu\nov\edu\mapper\EduTeacherMapper.class]
2022-01-11 14:29:42.047 [main] DEBUG org.mybatis.spring.mapper.ClassPathMapperScanner-Identified candidate component class: file [E:\juam-workspace\code\git\edu\server\nov-starter\nov-service\service_edu\target\classes\com\novedu\nov\edu\mapper\EduVideoMapper.class]
2022-01-11 14:29:42.047 [main] DEBUG org.mybatis.spring.mapper.ClassPathMapperScanner-Identified candidate component class: file [E:\juam-workspace\code\git\edu\server\nov-starter\nov-service\service_edu\target\classes\com\novedu\nov\edu\mapper\SysConfigMapper.class]
2022-01-11 14:29:42.049 [main] DEBUG org.mybatis.spring.mapper.ClassPathMapperScanner-Creating MapperFactoryBean with name 'aclUserMapper' and 'com.novedu.nov.edu.mapper.AclUserMapper' mapperInterface
2022-01-11 14:29:42.049 [main] DEBUG org.mybatis.spring.mapper.ClassPathMapperScanner-Enabling autowire by type for MapperFactoryBean with name 'aclUserMapper'.
2022-01-11 14:29:42.049 [main] DEBUG org.mybatis.spring.mapper.ClassPathMapperScanner-Creating MapperFactoryBean with name 'eduChapterMapper' and 'com.novedu.nov.edu.mapper.EduChapterMapper' mapperInterface
2022-01-11 14:29:42.049 [main] DEBUG org.mybatis.spring.mapper.ClassPathMapperScanner-Enabling autowire by type for MapperFactoryBean with name 'eduChapterMapper'.
2022-01-11 14:29:42.049 [main] DEBUG org.mybatis.spring.mapper.ClassPathMapperScanner-Creating MapperFactoryBean with name 'eduCourseIntroMapper' and 'com.novedu.nov.edu.mapper.EduCourseIntroMapper' mapperInterface
2022-01-11 14:29:42.049 [main] DEBUG org.mybatis.spring.mapper.ClassPathMapperScanner-Enabling autowire by type for MapperFactoryBean with name 'eduCourseIntroMapper'.
2022-01-11 14:29:42.049 [main] DEBUG org.mybatis.spring.mapper.ClassPathMapperScanner-Creating MapperFactoryBean with name 'eduCourseMapper' and 'com.novedu.nov.edu.mapper.EduCourseMapper' mapperInterface
2022-01-11 14:29:42.049 [main] DEBUG org.mybatis.spring.mapper.ClassPathMapperScanner-Enabling autowire by type for MapperFactoryBean with name 'eduCourseMapper'.
2022-01-11 14:29:42.050 [main] DEBUG org.mybatis.spring.mapper.ClassPathMapperScanner-Creating MapperFactoryBean with name 'eduSubjectMapper' and 'com.novedu.nov.edu.mapper.EduSubjectMapper' mapperInterface
2022-01-11 14:29:42.050 [main] DEBUG org.mybatis.spring.mapper.ClassPathMapperScanner-Enabling autowire by type for MapperFactoryBean with name 'eduSubjectMapper'.
2022-01-11 14:29:42.050 [main] DEBUG org.mybatis.spring.mapper.ClassPathMapperScanner-Creating MapperFactoryBean with name 'eduTeacherMapper' and 'com.novedu.nov.edu.mapper.EduTeacherMapper' mapperInterface
2022-01-11 14:29:42.050 [main] DEBUG org.mybatis.spring.mapper.ClassPathMapperScanner-Enabling autowire by type for MapperFactoryBean with name 'eduTeacherMapper'.
2022-01-11 14:29:42.050 [main] DEBUG org.mybatis.spring.mapper.ClassPathMapperScanner-Creating MapperFactoryBean with name 'eduVideoMapper' and 'com.novedu.nov.edu.mapper.EduVideoMapper' mapperInterface
2022-01-11 14:29:42.050 [main] DEBUG org.mybatis.spring.mapper.ClassPathMapperScanner-Enabling autowire by type for MapperFactoryBean with name 'eduVideoMapper'.
2022-01-11 14:29:42.050 [main] DEBUG org.mybatis.spring.mapper.ClassPathMapperScanner-Creating MapperFactoryBean with name 'sysConfigMapper' and 'com.novedu.nov.ucenter.mapper.SysConfigMapper' mapperInterface
2022-01-11 14:29:42.050 [main] DEBUG org.mybatis.spring.mapper.ClassPathMapperScanner-Enabling autowire by type for MapperFactoryBean with name 'sysConfigMapper'.
2022-01-11 14:29:46.289 [main] DEBUG org.hibernate.validator.messageinterpolation.ResourceBundleMessageInterpolator-Loaded expression factory via original TCCL
2022-01-11 14:29:46.309 [main] DEBUG org.hibernate.validator.internal.engine.AbstractConfigurationImpl-Setting custom MessageInterpolator of type org.springframework.validation.beanvalidation.LocaleContextMessageInterpolator
2022-01-11 14:29:46.310 [main] DEBUG org.hibernate.validator.internal.engine.AbstractConfigurationImpl-Setting custom ConstraintValidatorFactory of type org.springframework.validation.beanvalidation.SpringConstraintValidatorFactory
2022-01-11 14:29:46.311 [main] DEBUG org.hibernate.validator.internal.engine.AbstractConfigurationImpl-Setting custom ParameterNameProvider of type org.springframework.validation.beanvalidation.LocalValidatorFactoryBean$1
2022-01-11 14:29:46.313 [main] DEBUG org.hibernate.validator.internal.xml.config.ValidationXmlParser-Trying to load META-INF/validation.xml for XML based Validator configuration.
2022-01-11 14:29:46.314 [main] DEBUG org.hibernate.validator.internal.xml.config.ResourceLoaderHelper-Trying to load META-INF/validation.xml via user class loader
2022-01-11 14:29:46.314 [main] DEBUG org.hibernate.validator.internal.xml.config.ResourceLoaderHelper-Trying to load META-INF/validation.xml via TCCL
2022-01-11 14:29:46.315 [main] DEBUG org.hibernate.validator.internal.xml.config.ResourceLoaderHelper-Trying to load META-INF/validation.xml via Hibernate Validator's class loader
2022-01-11 14:29:46.315 [main] DEBUG org.hibernate.validator.internal.xml.config.ValidationXmlParser-No META-INF/validation.xml found. Using annotation based configuration only.
2022-01-11 14:29:46.317 [main] DEBUG org.hibernate.validator.internal.engine.resolver.TraversableResolvers-Cannot find javax.persistence.Persistence on classpath. Assuming non JPA 2 environment. All properties will per default be traversable.
2022-01-11 14:29:46.320 [main] DEBUG org.hibernate.validator.internal.engine.ValidatorFactoryConfigurationHelper-HV000252: Using org.hibernate.validator.internal.engine.DefaultPropertyNodeNameProvider as property node name provider.
2022-01-11 14:29:46.321 [main] DEBUG org.hibernate.validator.internal.engine.ValidatorFactoryConfigurationHelper-HV000234: Using org.springframework.validation.beanvalidation.LocaleContextMessageInterpolator as ValidatorFactory-scoped message interpolator.
2022-01-11 14:29:46.322 [main] DEBUG org.hibernate.validator.internal.engine.ValidatorFactoryConfigurationHelper-HV000234: Using org.hibernate.validator.internal.engine.resolver.TraverseAllTraversableResolver as ValidatorFactory-scoped traversable resolver.
2022-01-11 14:29:46.322 [main] DEBUG org.hibernate.validator.internal.engine.ValidatorFactoryConfigurationHelper-HV000234: Using org.hibernate.validator.internal.util.ExecutableParameterNameProvider as ValidatorFactory-scoped parameter name provider.
2022-01-11 14:29:46.322 [main] DEBUG org.hibernate.validator.internal.engine.ValidatorFactoryConfigurationHelper-HV000234: Using org.hibernate.validator.internal.engine.DefaultClockProvider as ValidatorFactory-scoped clock provider.
2022-01-11 14:29:46.322 [main] DEBUG org.hibernate.validator.internal.engine.ValidatorFactoryConfigurationHelper-HV000234: Using org.hibernate.validator.internal.engine.scripting.DefaultScriptEvaluatorFactory as ValidatorFactory-scoped script evaluator factory.
2022-01-11 14:29:48.144 [grpc-nio-worker-ELG-1-2] DEBUG com.alibaba.nacos.shaded.io.grpc.netty.shaded.io.grpc.netty.NettyClientHandler-[id: 0x7f0eab0a, L:/127.0.0.1:31137 - R:localhost/127.0.0.1:9848] OUTBOUND HEADERS: streamId=13 headers=GrpcHttp2OutboundHeaders[:authority: localhost:9848, :path: /Request/request, :method: POST, :scheme: http, content-type: application/grpc, te: trailers, user-agent: grpc-java-netty/1.24.0, grpc-accept-encoding: gzip] streamDependency=0 weight=16 exclusive=false padding=0 endStream=false
2022-01-11 14:29:48.145 [grpc-nio-worker-ELG-1-2] DEBUG com.alibaba.nacos.shaded.io.grpc.netty.shaded.io.grpc.netty.NettyClientHandler-[id: 0x7f0eab0a, L:/127.0.0.1:31137 - R:localhost/127.0.0.1:9848] OUTBOUND DATA: streamId=13 padding=0 endStream=true length=81 bytes=000000004c12241a124865616c7468436865636b52657175657374420e3139322e3136382e31302e3134301a2412227b2268656164657273223a7b7d2c226d6f...
2022-01-11 14:29:48.147 [grpc-nio-worker-ELG-1-2] DEBUG com.alibaba.nacos.shaded.io.grpc.netty.shaded.io.grpc.netty.NettyClientHandler-[id: 0x7f0eab0a, L:/127.0.0.1:31137 - R:localhost/127.0.0.1:9848] INBOUND HEADERS: streamId=13 headers=GrpcHttp2ResponseHeaders[:status: 200, content-type: application/grpc, grpc-encoding: identity, grpc-accept-encoding: gzip] streamDependency=0 weight=16 exclusive=false padding=0 endStream=false
2022-01-11 14:29:48.148 [grpc-nio-worker-ELG-1-2] DEBUG com.alibaba.nacos.shaded.io.grpc.netty.shaded.io.grpc.netty.NettyClientHandler-[id: 0x7f0eab0a, L:/127.0.0.1:31137 - R:localhost/127.0.0.1:9848] INBOUND DATA: streamId=13 padding=0 endStream=false length=79 bytes=000000004a12151a134865616c7468436865636b526573706f6e73651a31122f7b22726573756c74436f6465223a3230302c226572726f72436f6465223a302c...
2022-01-11 14:29:48.148 [grpc-nio-worker-ELG-1-2] DEBUG com.alibaba.nacos.shaded.io.grpc.netty.shaded.io.grpc.netty.NettyClientHandler-[id: 0x7f0eab0a, L:/127.0.0.1:31137 - R:localhost/127.0.0.1:9848] INBOUND HEADERS: streamId=13 headers=GrpcHttp2ResponseHeaders[grpc-status: 0] streamDependency=0 weight=16 exclusive=false padding=0 endStream=true
2022-01-11 14:29:50.111 [grpc-nio-worker-ELG-1-4] DEBUG com.alibaba.nacos.shaded.io.grpc.netty.shaded.io.grpc.netty.NettyClientHandler-[id: 0x4a7fc6a4, L:/127.0.0.1:31138 - R:/127.0.0.1:9848] OUTBOUND SETTINGS: ack=false settings={ENABLE_PUSH=0, MAX_CONCURRENT_STREAMS=0, INITIAL_WINDOW_SIZE=1048576, MAX_HEADER_LIST_SIZE=8192}
2022-01-11 14:29:50.112 [grpc-nio-worker-ELG-1-4] DEBUG com.alibaba.nacos.shaded.io.grpc.netty.shaded.io.grpc.netty.NettyClientHandler-[id: 0x4a7fc6a4, L:/127.0.0.1:31138 - R:/127.0.0.1:9848] OUTBOUND WINDOW_UPDATE: streamId=0 windowSizeIncrement=983041
2022-01-11 14:29:50.118 [grpc-nio-worker-ELG-1-4] DEBUG com.alibaba.nacos.shaded.io.grpc.netty.shaded.io.grpc.netty.NettyClientHandler-[id: 0x4a7fc6a4, L:/127.0.0.1:31138 - R:/127.0.0.1:9848] INBOUND SETTINGS: ack=false settings={MAX_CONCURRENT_STREAMS=2147483647, INITIAL_WINDOW_SIZE=1048576, MAX_HEADER_LIST_SIZE=8192}
2022-01-11 14:29:50.118 [grpc-nio-worker-ELG-1-4] DEBUG com.alibaba.nacos.shaded.io.grpc.netty.shaded.io.grpc.netty.NettyClientHandler-[id: 0x4a7fc6a4, L:/127.0.0.1:31138 - R:/127.0.0.1:9848] OUTBOUND SETTINGS: ack=true
2022-01-11 14:29:50.119 [grpc-nio-worker-ELG-1-4] DEBUG com.alibaba.nacos.shaded.io.grpc.netty.shaded.io.grpc.netty.NettyClientHandler-[id: 0x4a7fc6a4, L:/127.0.0.1:31138 - R:/127.0.0.1:9848] INBOUND WINDOW_UPDATE: streamId=0 windowSizeIncrement=983041
2022-01-11 14:29:50.119 [grpc-nio-worker-ELG-1-4] DEBUG com.alibaba.nacos.shaded.io.grpc.netty.shaded.io.grpc.netty.NettyClientHandler-[id: 0x4a7fc6a4, L:/127.0.0.1:31138 - R:/127.0.0.1:9848] INBOUND SETTINGS: ack=true
2022-01-11 14:29:50.124 [grpc-nio-worker-ELG-1-4] DEBUG com.alibaba.nacos.shaded.io.grpc.netty.shaded.io.grpc.netty.NettyClientHandler-[id: 0x4a7fc6a4, L:/127.0.0.1:31138 - R:/127.0.0.1:9848] OUTBOUND HEADERS: streamId=3 headers=GrpcHttp2OutboundHeaders[:authority: 127.0.0.1:9848, :path: /Request/request, :method: POST, :scheme: http, content-type: application/grpc, te: trailers, user-agent: grpc-java-netty/1.24.0, grpc-accept-encoding: gzip] streamDependency=0 weight=16 exclusive=false padding=0 endStream=false
2022-01-11 14:29:50.125 [grpc-nio-worker-ELG-1-4] DEBUG com.alibaba.nacos.shaded.io.grpc.netty.shaded.io.grpc.netty.NettyClientHandler-[id: 0x4a7fc6a4, L:/127.0.0.1:31138 - R:/127.0.0.1:9848] OUTBOUND DATA: streamId=3 padding=0 endStream=true length=81 bytes=000000004c12241a12536572766572436865636b52657175657374420e3139322e3136382e31302e3134301a2412227b2268656164657273223a7b7d2c226d6f...
2022-01-11 14:29:50.128 [grpc-nio-worker-ELG-1-4] DEBUG com.alibaba.nacos.shaded.io.grpc.netty.shaded.io.grpc.netty.NettyClientHandler-[id: 0x4a7fc6a4, L:/127.0.0.1:31138 - R:/127.0.0.1:9848] INBOUND HEADERS: streamId=3 headers=GrpcHttp2ResponseHeaders[:status: 200, content-type: application/grpc, grpc-encoding: identity, grpc-accept-encoding: gzip] streamDependency=0 weight=16 exclusive=false padding=0 endStream=false
2022-01-11 14:29:50.129 [grpc-nio-worker-ELG-1-4] DEBUG com.alibaba.nacos.shaded.io.grpc.netty.shaded.io.grpc.netty.NettyClientHandler-[id: 0x4a7fc6a4, L:/127.0.0.1:31138 - R:/127.0.0.1:9848] INBOUND DATA: streamId=3 padding=0 endStream=false length=126 bytes=000000007912151a13536572766572436865636b526573706f6e73651a60125e7b22726573756c74436f6465223a3230302c226572726f72436f6465223a302c...
2022-01-11 14:29:50.131 [grpc-nio-worker-ELG-1-4] DEBUG com.alibaba.nacos.shaded.io.grpc.netty.shaded.io.grpc.netty.NettyClientHandler-[id: 0x4a7fc6a4, L:/127.0.0.1:31138 - R:/127.0.0.1:9848] INBOUND HEADERS: streamId=3 headers=GrpcHttp2ResponseHeaders[grpc-status: 0] streamDependency=0 weight=16 exclusive=false padding=0 endStream=true
2022-01-11 14:29:50.135 [grpc-nio-worker-ELG-1-4] DEBUG com.alibaba.nacos.shaded.io.grpc.netty.shaded.io.grpc.netty.NettyClientHandler-[id: 0x4a7fc6a4, L:/127.0.0.1:31138 - R:/127.0.0.1:9848] OUTBOUND HEADERS: streamId=5 headers=GrpcHttp2OutboundHeaders[:authority: 127.0.0.1:9848, :path: /BiRequestStream/requestBiStream, :method: POST, :scheme: http, content-type: application/grpc, te: trailers, user-agent: grpc-java-netty/1.24.0, grpc-accept-encoding: gzip] streamDependency=0 weight=16 exclusive=false padding=0 endStream=false
2022-01-11 14:29:50.135 [grpc-nio-worker-ELG-1-4] DEBUG com.alibaba.nacos.shaded.io.grpc.netty.shaded.io.grpc.netty.NettyClientHandler-[id: 0x4a7fc6a4, L:/127.0.0.1:31138 - R:/127.0.0.1:9848] OUTBOUND DATA: streamId=5 padding=0 endStream=false length=172 bytes=00000000a712281a16436f6e6e656374696f6e536574757052657175657374420e3139322e3136382e31302e3134301a7b12797b2268656164657273223a7b7d...
2022-01-11 14:29:50.263 [grpc-nio-worker-ELG-1-4] DEBUG com.alibaba.nacos.shaded.io.grpc.netty.shaded.io.grpc.netty.NettyClientHandler-[id: 0x4a7fc6a4, L:/127.0.0.1:31138 - R:/127.0.0.1:9848] OUTBOUND HEADERS: streamId=7 headers=GrpcHttp2OutboundHeaders[:authority: 127.0.0.1:9848, :path: /Request/request, :method: POST, :scheme: http, content-type: application/grpc, te: trailers, user-agent: grpc-java-netty/1.24.0, grpc-accept-encoding: gzip] streamDependency=0 weight=16 exclusive=false padding=0 endStream=false
2022-01-11 14:29:50.264 [grpc-nio-worker-ELG-1-4] DEBUG com.alibaba.nacos.shaded.io.grpc.netty.shaded.io.grpc.netty.NettyClientHandler-[id: 0x4a7fc6a4, L:/127.0.0.1:31138 - R:/127.0.0.1:9848] OUTBOUND DATA: streamId=7 padding=0 endStream=true length=217 bytes=00000000d412391a1753756273637269626553657276696365526571756573743a0e0a036170701207756e6b6e6f776e420e3139322e3136382e31302e313430...
2022-01-11 14:29:50.266 [grpc-nio-worker-ELG-1-4] DEBUG com.alibaba.nacos.shaded.io.grpc.netty.shaded.io.grpc.netty.NettyClientHandler-[id: 0x4a7fc6a4, L:/127.0.0.1:31138 - R:/127.0.0.1:9848] INBOUND HEADERS: streamId=7 headers=GrpcHttp2ResponseHeaders[:status: 200, content-type: application/grpc, grpc-encoding: identity, grpc-accept-encoding: gzip] streamDependency=0 weight=16 exclusive=false padding=0 endStream=false
2022-01-11 14:29:50.267 [grpc-nio-worker-ELG-1-4] DEBUG com.alibaba.nacos.shaded.io.grpc.netty.shaded.io.grpc.netty.NettyClientHandler-[id: 0x4a7fc6a4, L:/127.0.0.1:31138 - R:/127.0.0.1:9848] INBOUND DATA: streamId=7 padding=0 endStream=false length=634 bytes=0000000275121a1a1853756273637269626553657276696365526573706f6e73651ad60412d3047b22726573756c74436f6465223a3230302c226572726f7243...
2022-01-11 14:29:50.268 [grpc-nio-worker-ELG-1-4] DEBUG com.alibaba.nacos.shaded.io.grpc.netty.shaded.io.grpc.netty.NettyClientHandler-[id: 0x4a7fc6a4, L:/127.0.0.1:31138 - R:/127.0.0.1:9848] INBOUND HEADERS: streamId=7 headers=GrpcHttp2ResponseHeaders[grpc-status: 0] streamDependency=0 weight=16 exclusive=false padding=0 endStream=true
2022-01-11 14:29:50.321 [nacos.publisher-com.alibaba.nacos.client.naming.event.InstancesChangeEvent] DEBUG com.alibaba.nacos.common.notify.NotifyCenter-[NotifyCenter] the com.alibaba.nacos.client.naming.event.InstancesChangeEvent@74917eaa will received by com.alibaba.nacos.client.naming.event.InstancesChangeNotifier@147097ad
2022-01-11 14:29:50.426 [grpc-nio-worker-ELG-1-2] DEBUG com.alibaba.nacos.shaded.io.grpc.netty.shaded.io.grpc.netty.NettyClientHandler-[id: 0x7f0eab0a, L:/127.0.0.1:31137 - R:localhost/127.0.0.1:9848] OUTBOUND HEADERS: streamId=15 headers=GrpcHttp2OutboundHeaders[:authority: localhost:9848, :path: /Request/request, :method: POST, :scheme: http, content-type: application/grpc, te: trailers, user-agent: grpc-java-netty/1.24.0, grpc-accept-encoding: gzip] streamDependency=0 weight=16 exclusive=false padding=0 endStream=false
2022-01-11 14:29:50.427 [grpc-nio-worker-ELG-1-2] DEBUG com.alibaba.nacos.shaded.io.grpc.netty.shaded.io.grpc.netty.NettyClientHandler-[id: 0x7f0eab0a, L:/127.0.0.1:31137 - R:localhost/127.0.0.1:9848] OUTBOUND DATA: streamId=15 padding=0 endStream=true length=395 bytes=000000018612e5011a18436f6e66696742617463684c697374656e526571756573743a100a076368617273657412055554462d383a190a0e436c69656e742d41...
2022-01-11 14:29:50.433 [grpc-nio-worker-ELG-1-2] DEBUG com.alibaba.nacos.shaded.io.grpc.netty.shaded.io.grpc.netty.NettyClientHandler-[id: 0x7f0eab0a, L:/127.0.0.1:31137 - R:localhost/127.0.0.1:9848] INBOUND HEADERS: streamId=15 headers=GrpcHttp2ResponseHeaders[:status: 200, content-type: application/grpc, grpc-encoding: identity, grpc-accept-encoding: gzip] streamDependency=0 weight=16 exclusive=false padding=0 endStream=false
2022-01-11 14:29:50.434 [grpc-nio-worker-ELG-1-2] DEBUG com.alibaba.nacos.shaded.io.grpc.netty.shaded.io.grpc.netty.NettyClientHandler-[id: 0x7f0eab0a, L:/127.0.0.1:31137 - R:localhost/127.0.0.1:9848] INBOUND DATA: streamId=15 padding=0 endStream=false length=111 bytes=000000006a12211a1f436f6e6669674368616e676542617463684c697374656e526573706f6e73651a4512437b22726573756c74436f6465223a3230302c2265...
2022-01-11 14:29:50.435 [grpc-nio-worker-ELG-1-2] DEBUG com.alibaba.nacos.shaded.io.grpc.netty.shaded.io.grpc.netty.NettyClientHandler-[id: 0x7f0eab0a, L:/127.0.0.1:31137 - R:localhost/127.0.0.1:9848] INBOUND HEADERS: streamId=15 headers=GrpcHttp2ResponseHeaders[grpc-status: 0] streamDependency=0 weight=16 exclusive=false padding=0 endStream=true
2022-01-11 14:29:50.455 [grpc-nio-worker-ELG-1-2] DEBUG com.alibaba.nacos.shaded.io.grpc.netty.shaded.io.grpc.netty.NettyClientHandler-[id: 0x7f0eab0a, L:/127.0.0.1:31137 - R:localhost/127.0.0.1:9848] OUTBOUND HEADERS: streamId=17 headers=GrpcHttp2OutboundHeaders[:authority: localhost:9848, :path: /Request/request, :method: POST, :scheme: http, content-type: application/grpc, te: trailers, user-agent: grpc-java-netty/1.24.0, grpc-accept-encoding: gzip] streamDependency=0 weight=16 exclusive=false padding=0 endStream=false
2022-01-11 14:29:50.456 [grpc-nio-worker-ELG-1-2] DEBUG com.alibaba.nacos.shaded.io.grpc.netty.shaded.io.grpc.netty.NettyClientHandler-[id: 0x7f0eab0a, L:/127.0.0.1:31137 - R:localhost/127.0.0.1:9848] OUTBOUND DATA: streamId=17 padding=0 endStream=true length=469 bytes=00000001d012e5011a18436f6e66696742617463684c697374656e526571756573743a100a076368617273657412055554462d383a190a0e436c69656e742d41...
2022-01-11 14:29:50.461 [grpc-nio-worker-ELG-1-2] DEBUG com.alibaba.nacos.shaded.io.grpc.netty.shaded.io.grpc.netty.NettyClientHandler-[id: 0x7f0eab0a, L:/127.0.0.1:31137 - R:localhost/127.0.0.1:9848] INBOUND HEADERS: streamId=17 headers=GrpcHttp2ResponseHeaders[:status: 200, content-type: application/grpc, grpc-encoding: identity, grpc-accept-encoding: gzip] streamDependency=0 weight=16 exclusive=false padding=0 endStream=false
2022-01-11 14:29:50.462 [grpc-nio-worker-ELG-1-2] DEBUG com.alibaba.nacos.shaded.io.grpc.netty.shaded.io.grpc.netty.NettyClientHandler-[id: 0x7f0eab0a, L:/127.0.0.1:31137 - R:localhost/127.0.0.1:9848] INBOUND DATA: streamId=17 padding=0 endStream=false length=111 bytes=000000006a12211a1f436f6e6669674368616e676542617463684c697374656e526573706f6e73651a4512437b22726573756c74436f6465223a3230302c2265...
2022-01-11 14:29:50.463 [grpc-nio-worker-ELG-1-2] DEBUG com.alibaba.nacos.shaded.io.grpc.netty.shaded.io.grpc.netty.NettyClientHandler-[id: 0x7f0eab0a, L:/127.0.0.1:31137 - R:localhost/127.0.0.1:9848] INBOUND HEADERS: streamId=17 headers=GrpcHttp2ResponseHeaders[grpc-status: 0] streamDependency=0 weight=16 exclusive=false padding=0 endStream=true
2022-01-11 14:29:50.778 [grpc-nio-worker-ELG-1-4] DEBUG com.alibaba.nacos.shaded.io.grpc.netty.shaded.io.grpc.netty.NettyClientHandler-[id: 0x4a7fc6a4, L:/127.0.0.1:31138 - R:/127.0.0.1:9848] INBOUND HEADERS: streamId=5 headers=GrpcHttp2ResponseHeaders[:status: 200, content-type: application/grpc, grpc-encoding: identity, grpc-accept-encoding: gzip] streamDependency=0 weight=16 exclusive=false padding=0 endStream=false
2022-01-11 14:29:50.779 [grpc-nio-worker-ELG-1-4] DEBUG com.alibaba.nacos.shaded.io.grpc.netty.shaded.io.grpc.netty.NettyClientHandler-[id: 0x4a7fc6a4, L:/127.0.0.1:31138 - R:/127.0.0.1:9848] INBOUND DATA: streamId=5 padding=0 endStream=false length=623 bytes=000000026a12291a174e6f746966795375627363726962657252657175657374420e3139322e3136382e31302e3134301abc0412b9047b226865616465727322...
2022-01-11 14:29:50.784 [grpc-nio-worker-ELG-1-4] DEBUG com.alibaba.nacos.shaded.io.grpc.netty.shaded.io.grpc.netty.NettyClientHandler-[id: 0x4a7fc6a4, L:/127.0.0.1:31138 - R:/127.0.0.1:9848] OUTBOUND HEADERS: streamId=9 headers=GrpcHttp2OutboundHeaders[:authority: 127.0.0.1:9848, :path: /Request/request, :method: POST, :scheme: http, content-type: application/grpc, te: trailers, user-agent: grpc-java-netty/1.24.0, grpc-accept-encoding: gzip] streamDependency=0 weight=16 exclusive=false padding=0 endStream=false
2022-01-11 14:29:50.793 [grpc-nio-worker-ELG-1-4] DEBUG com.alibaba.nacos.shaded.io.grpc.netty.shaded.io.grpc.netty.NettyClientHandler-[id: 0x4a7fc6a4, L:/127.0.0.1:31138 - R:/127.0.0.1:9848] OUTBOUND DATA: streamId=9 padding=0 endStream=true length=218 bytes=00000000d512391a1753756273637269626553657276696365526571756573743a0e0a036170701207756e6b6e6f776e420e3139322e3136382e31302e313430...
2022-01-11 14:29:50.799 [grpc-nio-worker-ELG-1-4] DEBUG com.alibaba.nacos.shaded.io.grpc.netty.shaded.io.grpc.netty.NettyClientHandler-[id: 0x4a7fc6a4, L:/127.0.0.1:31138 - R:/127.0.0.1:9848] INBOUND HEADERS: streamId=9 headers=GrpcHttp2ResponseHeaders[:status: 200, content-type: application/grpc, grpc-encoding: identity, grpc-accept-encoding: gzip] streamDependency=0 weight=16 exclusive=false padding=0 endStream=false
2022-01-11 14:29:50.800 [grpc-nio-worker-ELG-1-4] DEBUG com.alibaba.nacos.shaded.io.grpc.netty.shaded.io.grpc.netty.NettyClientHandler-[id: 0x4a7fc6a4, L:/127.0.0.1:31138 - R:/127.0.0.1:9848] INBOUND DATA: streamId=9 padding=0 endStream=false length=326 bytes=0000000141121a1a1853756273637269626553657276696365526573706f6e73651aa202129f027b22726573756c74436f6465223a3230302c226572726f7243...
2022-01-11 14:29:50.800 [grpc-nio-worker-ELG-1-4] DEBUG com.alibaba.nacos.shaded.io.grpc.netty.shaded.io.grpc.netty.NettyClientHandler-[id: 0x4a7fc6a4, L:/127.0.0.1:31138 - R:/127.0.0.1:9848] INBOUND HEADERS: streamId=9 headers=GrpcHttp2ResponseHeaders[grpc-status: 0] streamDependency=0 weight=16 exclusive=false padding=0 endStream=true
2022-01-11 14:29:50.846 [nacos.publisher-com.alibaba.nacos.client.naming.event.InstancesChangeEvent] DEBUG com.alibaba.nacos.common.notify.NotifyCenter-[NotifyCenter] the com.alibaba.nacos.client.naming.event.InstancesChangeEvent@27ef569b will received by com.alibaba.nacos.client.naming.event.InstancesChangeNotifier@147097ad
2022-01-11 14:29:50.856 [grpc-nio-worker-ELG-1-4] DEBUG com.alibaba.nacos.shaded.io.grpc.netty.shaded.io.grpc.netty.NettyClientHandler-[id: 0x4a7fc6a4, L:/127.0.0.1:31138 - R:/127.0.0.1:9848] OUTBOUND DATA: streamId=5 padding=0 endStream=false length=100 bytes=000000005f121a1a184e6f7469667953756273637269626572526573706f6e73651a41123f7b22726573756c74436f6465223a3230302c226572726f72436f64...
2022-01-11 14:29:51.268 [grpc-nio-worker-ELG-1-4] DEBUG com.alibaba.nacos.shaded.io.grpc.netty.shaded.io.grpc.netty.NettyClientHandler-[id: 0x4a7fc6a4, L:/127.0.0.1:31138 - R:/127.0.0.1:9848] OUTBOUND DATA: streamId=5 padding=0 endStream=true length=0 bytes=
2022-01-11 14:29:51.273 [grpc-nio-worker-ELG-1-4] DEBUG com.alibaba.nacos.shaded.io.grpc.netty.shaded.io.grpc.netty.NettyClientHandler-[id: 0x4a7fc6a4, L:/127.0.0.1:31138 - R:/127.0.0.1:9848] INBOUND HEADERS: streamId=5 headers=GrpcHttp2ResponseHeaders[grpc-status: 0] streamDependency=0 weight=16 exclusive=false padding=0 endStream=true
2022-01-11 14:29:51.282 [grpc-nio-worker-ELG-1-4] DEBUG com.alibaba.nacos.shaded.io.grpc.netty.shaded.io.grpc.netty.NettyClientHandler-[id: 0x4a7fc6a4, L:/127.0.0.1:31138 - R:/127.0.0.1:9848] OUTBOUND GO_AWAY: lastStreamId=0 errorCode=0 length=0 bytes=
