2022-02-14 19:33:02.049 [task-18] ERROR org.springframework.aop.interceptor.SimpleAsyncUncaughtExceptionHandler -
                Unexpected exception occurred invoking async method: public void com.novedu.nov.statistics.task.MultiThreadScheduleTask.asyncCourseViewCount()
feign.RetryableException: Connection refused: connect executing GET http://service-edu/edu/course/statistics/course/playCount
	at feign.FeignException.errorExecuting(FeignException.java:249)
	at feign.SynchronousMethodHandler.executeAndDecode(SynchronousMethodHandler.java:129)
	at feign.SynchronousMethodHandler.invoke(SynchronousMethodHandler.java:89)
	at feign.ReflectiveFeign$FeignInvocationHandler.invoke(ReflectiveFeign.java:100)
	at com.sun.proxy.$Proxy121.statisticsCoursePlayCount(Unknown Source)
	at com.novedu.nov.statistics.task.MultiThreadScheduleTask.asyncCourseViewCount(MultiThreadScheduleTask.java:33)
	at com.novedu.nov.statistics.task.MultiThreadScheduleTask$$FastClassBySpringCGLIB$$a711be28.invoke(<generated>)
	at org.springframework.cglib.proxy.MethodProxy.invoke(MethodProxy.java:218)
	at org.springframework.aop.framework.CglibAopProxy$CglibMethodInvocation.invokeJoinpoint(CglibAopProxy.java:779)
	at org.springframework.aop.framework.ReflectiveMethodInvocation.proceed(ReflectiveMethodInvocation.java:163)
	at org.springframework.aop.framework.CglibAopProxy$CglibMethodInvocation.proceed(CglibAopProxy.java:750)
	at org.springframework.aop.interceptor.AsyncExecutionInterceptor.lambda$invoke$0(AsyncExecutionInterceptor.java:115)
	at java.util.concurrent.FutureTask.run$$$capture(FutureTask.java:266)
	at java.util.concurrent.FutureTask.run(FutureTask.java)
	at java.util.concurrent.ThreadPoolExecutor.runWorker(ThreadPoolExecutor.java:1149)
	at java.util.concurrent.ThreadPoolExecutor$Worker.run(ThreadPoolExecutor.java:624)
	at java.lang.Thread.run(Thread.java:748)
Caused by: java.net.ConnectException: Connection refused: connect
	at java.net.DualStackPlainSocketImpl.waitForConnect(Native Method)
	at java.net.DualStackPlainSocketImpl.socketConnect(DualStackPlainSocketImpl.java:81)
	at java.net.AbstractPlainSocketImpl.doConnect(AbstractPlainSocketImpl.java:476)
	at java.net.AbstractPlainSocketImpl.connectToAddress(AbstractPlainSocketImpl.java:218)
	at java.net.AbstractPlainSocketImpl.connect(AbstractPlainSocketImpl.java:200)
	at java.net.PlainSocketImpl.connect(PlainSocketImpl.java:162)
	at java.net.SocksSocketImpl.connect(SocksSocketImpl.java:394)
	at java.net.Socket.connect(Socket.java:606)
	at sun.net.NetworkClient.doConnect(NetworkClient.java:175)
	at sun.net.www.http.HttpClient.openServer(HttpClient.java:463)
	at sun.net.www.http.HttpClient.openServer(HttpClient.java:558)
	at sun.net.www.http.HttpClient.parseHTTP(HttpClient.java:698)
	at sun.net.www.protocol.http.HttpURLConnection.getInputStream0(HttpURLConnection.java:1593)
	at sun.net.www.protocol.http.HttpURLConnection.getInputStream(HttpURLConnection.java:1498)
	at java.net.HttpURLConnection.getResponseCode(HttpURLConnection.java:480)
	at feign.Client$Default.convertResponse(Client.java:108)
	at feign.Client$Default.execute(Client.java:104)
	at org.springframework.cloud.openfeign.ribbon.FeignLoadBalancer.execute(FeignLoadBalancer.java:98)
	at org.springframework.cloud.openfeign.ribbon.FeignLoadBalancer.execute(FeignLoadBalancer.java:56)
	at com.netflix.client.AbstractLoadBalancerAwareClient$1.call(AbstractLoadBalancerAwareClient.java:104)
	at com.netflix.loadbalancer.reactive.LoadBalancerCommand$3$1.call(LoadBalancerCommand.java:303)
	at com.netflix.loadbalancer.reactive.LoadBalancerCommand$3$1.call(LoadBalancerCommand.java:287)
	at rx.internal.util.ScalarSynchronousObservable$3.call(ScalarSynchronousObservable.java:231)
	at rx.internal.util.ScalarSynchronousObservable$3.call(ScalarSynchronousObservable.java:228)
	at rx.Observable.unsafeSubscribe(Observable.java:10327)
	at rx.internal.operators.OnSubscribeConcatMap$ConcatMapSubscriber.drain(OnSubscribeConcatMap.java:286)
	at rx.internal.operators.OnSubscribeConcatMap$ConcatMapSubscriber.onNext(OnSubscribeConcatMap.java:144)
	at com.netflix.loadbalancer.reactive.LoadBalancerCommand$1.call(LoadBalancerCommand.java:185)
	at com.netflix.loadbalancer.reactive.LoadBalancerCommand$1.call(LoadBalancerCommand.java:180)
	at rx.Observable.unsafeSubscribe(Observable.java:10327)
	at rx.internal.operators.OnSubscribeConcatMap.call(OnSubscribeConcatMap.java:94)
	at rx.internal.operators.OnSubscribeConcatMap.call(OnSubscribeConcatMap.java:42)
	at rx.internal.operators.OnSubscribeLift.call(OnSubscribeLift.java:48)
	at rx.internal.operators.OnSubscribeLift.call(OnSubscribeLift.java:30)
	at rx.internal.operators.OnSubscribeLift.call(OnSubscribeLift.java:48)
	at rx.internal.operators.OnSubscribeLift.call(OnSubscribeLift.java:30)
	at rx.Observable.subscribe(Observable.java:10423)
	at rx.Observable.subscribe(Observable.java:10390)
	at rx.observables.BlockingObservable.blockForSingle(BlockingObservable.java:443)
	at rx.observables.BlockingObservable.single(BlockingObservable.java:340)
	at com.netflix.client.AbstractLoadBalancerAwareClient.executeWithLoadBalancer(AbstractLoadBalancerAwareClient.java:112)
	at org.springframework.cloud.openfeign.ribbon.LoadBalancerFeignClient.execute(LoadBalancerFeignClient.java:84)
	at feign.SynchronousMethodHandler.executeAndDecode(SynchronousMethodHandler.java:119)
	... 15 common frames omitted
2022-02-14 19:33:30.007 [task-19] ERROR org.springframework.aop.interceptor.SimpleAsyncUncaughtExceptionHandler -
                Unexpected exception occurred invoking async method: public void com.novedu.nov.statistics.task.MultiThreadScheduleTask.asyncCourseViewCount()
java.lang.RuntimeException: com.netflix.client.ClientException: Load balancer does not have available server for client: service-edu
	at org.springframework.cloud.openfeign.ribbon.LoadBalancerFeignClient.execute(LoadBalancerFeignClient.java:91)
	at feign.SynchronousMethodHandler.executeAndDecode(SynchronousMethodHandler.java:119)
	at feign.SynchronousMethodHandler.invoke(SynchronousMethodHandler.java:89)
	at feign.ReflectiveFeign$FeignInvocationHandler.invoke(ReflectiveFeign.java:100)
	at com.sun.proxy.$Proxy121.statisticsCoursePlayCount(Unknown Source)
	at com.novedu.nov.statistics.task.MultiThreadScheduleTask.asyncCourseViewCount(MultiThreadScheduleTask.java:33)
	at com.novedu.nov.statistics.task.MultiThreadScheduleTask$$FastClassBySpringCGLIB$$a711be28.invoke(<generated>)
	at org.springframework.cglib.proxy.MethodProxy.invoke(MethodProxy.java:218)
	at org.springframework.aop.framework.CglibAopProxy$CglibMethodInvocation.invokeJoinpoint(CglibAopProxy.java:779)
	at org.springframework.aop.framework.ReflectiveMethodInvocation.proceed(ReflectiveMethodInvocation.java:163)
	at org.springframework.aop.framework.CglibAopProxy$CglibMethodInvocation.proceed(CglibAopProxy.java:750)
	at org.springframework.aop.interceptor.AsyncExecutionInterceptor.lambda$invoke$0(AsyncExecutionInterceptor.java:115)
	at java.util.concurrent.FutureTask.run$$$capture(FutureTask.java:266)
	at java.util.concurrent.FutureTask.run(FutureTask.java)
	at java.util.concurrent.ThreadPoolExecutor.runWorker(ThreadPoolExecutor.java:1149)
	at java.util.concurrent.ThreadPoolExecutor$Worker.run(ThreadPoolExecutor.java:624)
	at java.lang.Thread.run(Thread.java:748)
Caused by: com.netflix.client.ClientException: Load balancer does not have available server for client: service-edu
	at com.netflix.loadbalancer.LoadBalancerContext.getServerFromLoadBalancer(LoadBalancerContext.java:483)
	at com.netflix.loadbalancer.reactive.LoadBalancerCommand$1.call(LoadBalancerCommand.java:184)
	at com.netflix.loadbalancer.reactive.LoadBalancerCommand$1.call(LoadBalancerCommand.java:180)
	at rx.Observable.unsafeSubscribe(Observable.java:10327)
	at rx.internal.operators.OnSubscribeConcatMap.call(OnSubscribeConcatMap.java:94)
	at rx.internal.operators.OnSubscribeConcatMap.call(OnSubscribeConcatMap.java:42)
	at rx.internal.operators.OnSubscribeLift.call(OnSubscribeLift.java:48)
	at rx.internal.operators.OnSubscribeLift.call(OnSubscribeLift.java:30)
	at rx.internal.operators.OnSubscribeLift.call(OnSubscribeLift.java:48)
	at rx.internal.operators.OnSubscribeLift.call(OnSubscribeLift.java:30)
	at rx.Observable.subscribe(Observable.java:10423)
	at rx.Observable.subscribe(Observable.java:10390)
	at rx.observables.BlockingObservable.blockForSingle(BlockingObservable.java:443)
	at rx.observables.BlockingObservable.single(BlockingObservable.java:340)
	at com.netflix.client.AbstractLoadBalancerAwareClient.executeWithLoadBalancer(AbstractLoadBalancerAwareClient.java:112)
	at org.springframework.cloud.openfeign.ribbon.LoadBalancerFeignClient.execute(LoadBalancerFeignClient.java:84)
	... 16 common frames omitted
2022-02-14 19:45:10.018 [task-42] ERROR org.springframework.aop.interceptor.SimpleAsyncUncaughtExceptionHandler -
                Unexpected exception occurred invoking async method: public void com.novedu.nov.statistics.task.MultiThreadScheduleTask.asyncCourseViewCount()
feign.RetryableException: Read timed out executing GET http://service-edu/edu/course/statistics/course/playCount
	at feign.FeignException.errorExecuting(FeignException.java:249)
	at feign.SynchronousMethodHandler.executeAndDecode(SynchronousMethodHandler.java:129)
	at feign.SynchronousMethodHandler.invoke(SynchronousMethodHandler.java:89)
	at feign.ReflectiveFeign$FeignInvocationHandler.invoke(ReflectiveFeign.java:100)
	at com.sun.proxy.$Proxy121.statisticsCoursePlayCount(Unknown Source)
	at com.novedu.nov.statistics.task.MultiThreadScheduleTask.asyncCourseViewCount(MultiThreadScheduleTask.java:33)
	at com.novedu.nov.statistics.task.MultiThreadScheduleTask$$FastClassBySpringCGLIB$$a711be28.invoke(<generated>)
	at org.springframework.cglib.proxy.MethodProxy.invoke(MethodProxy.java:218)
	at org.springframework.aop.framework.CglibAopProxy$CglibMethodInvocation.invokeJoinpoint(CglibAopProxy.java:779)
	at org.springframework.aop.framework.ReflectiveMethodInvocation.proceed(ReflectiveMethodInvocation.java:163)
	at org.springframework.aop.framework.CglibAopProxy$CglibMethodInvocation.proceed(CglibAopProxy.java:750)
	at org.springframework.aop.interceptor.AsyncExecutionInterceptor.lambda$invoke$0(AsyncExecutionInterceptor.java:115)
	at java.util.concurrent.FutureTask.run$$$capture(FutureTask.java:266)
	at java.util.concurrent.FutureTask.run(FutureTask.java)
	at java.util.concurrent.ThreadPoolExecutor.runWorker(ThreadPoolExecutor.java:1149)
	at java.util.concurrent.ThreadPoolExecutor$Worker.run(ThreadPoolExecutor.java:624)
	at java.lang.Thread.run(Thread.java:748)
Caused by: java.net.SocketTimeoutException: Read timed out
	at java.net.SocketInputStream.socketRead0(Native Method)
	at java.net.SocketInputStream.socketRead(SocketInputStream.java:116)
	at java.net.SocketInputStream.read(SocketInputStream.java:171)
	at java.net.SocketInputStream.read(SocketInputStream.java:141)
	at java.io.BufferedInputStream.fill(BufferedInputStream.java:246)
	at java.io.BufferedInputStream.read1(BufferedInputStream.java:286)
	at java.io.BufferedInputStream.read(BufferedInputStream.java:345)
	at sun.net.www.http.HttpClient.parseHTTPHeader(HttpClient.java:735)
	at sun.net.www.http.HttpClient.parseHTTP(HttpClient.java:678)
	at sun.net.www.protocol.http.HttpURLConnection.getInputStream0(HttpURLConnection.java:1593)
	at sun.net.www.protocol.http.HttpURLConnection.getInputStream(HttpURLConnection.java:1498)
	at java.net.HttpURLConnection.getResponseCode(HttpURLConnection.java:480)
	at feign.Client$Default.convertResponse(Client.java:108)
	at feign.Client$Default.execute(Client.java:104)
	at org.springframework.cloud.openfeign.ribbon.FeignLoadBalancer.execute(FeignLoadBalancer.java:98)
	at org.springframework.cloud.openfeign.ribbon.FeignLoadBalancer.execute(FeignLoadBalancer.java:56)
	at com.netflix.client.AbstractLoadBalancerAwareClient$1.call(AbstractLoadBalancerAwareClient.java:104)
	at com.netflix.loadbalancer.reactive.LoadBalancerCommand$3$1.call(LoadBalancerCommand.java:303)
	at com.netflix.loadbalancer.reactive.LoadBalancerCommand$3$1.call(LoadBalancerCommand.java:287)
	at rx.internal.util.ScalarSynchronousObservable$3.call(ScalarSynchronousObservable.java:231)
	at rx.internal.util.ScalarSynchronousObservable$3.call(ScalarSynchronousObservable.java:228)
	at rx.Observable.unsafeSubscribe(Observable.java:10327)
	at rx.internal.operators.OnSubscribeConcatMap$ConcatMapSubscriber.drain(OnSubscribeConcatMap.java:286)
	at rx.internal.operators.OnSubscribeConcatMap$ConcatMapSubscriber.onNext(OnSubscribeConcatMap.java:144)
	at com.netflix.loadbalancer.reactive.LoadBalancerCommand$1.call(LoadBalancerCommand.java:185)
	at com.netflix.loadbalancer.reactive.LoadBalancerCommand$1.call(LoadBalancerCommand.java:180)
	at rx.Observable.unsafeSubscribe(Observable.java:10327)
	at rx.internal.operators.OnSubscribeConcatMap.call(OnSubscribeConcatMap.java:94)
	at rx.internal.operators.OnSubscribeConcatMap.call(OnSubscribeConcatMap.java:42)
	at rx.internal.operators.OnSubscribeLift.call(OnSubscribeLift.java:48)
	at rx.internal.operators.OnSubscribeLift.call(OnSubscribeLift.java:30)
	at rx.internal.operators.OnSubscribeLift.call(OnSubscribeLift.java:48)
	at rx.internal.operators.OnSubscribeLift.call(OnSubscribeLift.java:30)
	at rx.Observable.subscribe(Observable.java:10423)
	at rx.Observable.subscribe(Observable.java:10390)
	at rx.observables.BlockingObservable.blockForSingle(BlockingObservable.java:443)
	at rx.observables.BlockingObservable.single(BlockingObservable.java:340)
	at com.netflix.client.AbstractLoadBalancerAwareClient.executeWithLoadBalancer(AbstractLoadBalancerAwareClient.java:112)
	at org.springframework.cloud.openfeign.ribbon.LoadBalancerFeignClient.execute(LoadBalancerFeignClient.java:84)
	at feign.SynchronousMethodHandler.executeAndDecode(SynchronousMethodHandler.java:119)
	... 15 common frames omitted
2022-02-14 19:45:40.022 [task-43] ERROR org.springframework.aop.interceptor.SimpleAsyncUncaughtExceptionHandler -
                Unexpected exception occurred invoking async method: public void com.novedu.nov.statistics.task.MultiThreadScheduleTask.asyncCourseViewCount()
feign.RetryableException: Read timed out executing GET http://service-edu/edu/course/statistics/course/playCount
	at feign.FeignException.errorExecuting(FeignException.java:249)
	at feign.SynchronousMethodHandler.executeAndDecode(SynchronousMethodHandler.java:129)
	at feign.SynchronousMethodHandler.invoke(SynchronousMethodHandler.java:89)
	at feign.ReflectiveFeign$FeignInvocationHandler.invoke(ReflectiveFeign.java:100)
	at com.sun.proxy.$Proxy121.statisticsCoursePlayCount(Unknown Source)
	at com.novedu.nov.statistics.task.MultiThreadScheduleTask.asyncCourseViewCount(MultiThreadScheduleTask.java:33)
	at com.novedu.nov.statistics.task.MultiThreadScheduleTask$$FastClassBySpringCGLIB$$a711be28.invoke(<generated>)
	at org.springframework.cglib.proxy.MethodProxy.invoke(MethodProxy.java:218)
	at org.springframework.aop.framework.CglibAopProxy$CglibMethodInvocation.invokeJoinpoint(CglibAopProxy.java:779)
	at org.springframework.aop.framework.ReflectiveMethodInvocation.proceed(ReflectiveMethodInvocation.java:163)
	at org.springframework.aop.framework.CglibAopProxy$CglibMethodInvocation.proceed(CglibAopProxy.java:750)
	at org.springframework.aop.interceptor.AsyncExecutionInterceptor.lambda$invoke$0(AsyncExecutionInterceptor.java:115)
	at java.util.concurrent.FutureTask.run$$$capture(FutureTask.java:266)
	at java.util.concurrent.FutureTask.run(FutureTask.java)
	at java.util.concurrent.ThreadPoolExecutor.runWorker(ThreadPoolExecutor.java:1149)
	at java.util.concurrent.ThreadPoolExecutor$Worker.run(ThreadPoolExecutor.java:624)
	at java.lang.Thread.run(Thread.java:748)
Caused by: java.net.SocketTimeoutException: Read timed out
	at java.net.SocketInputStream.socketRead0(Native Method)
	at java.net.SocketInputStream.socketRead(SocketInputStream.java:116)
	at java.net.SocketInputStream.read(SocketInputStream.java:171)
	at java.net.SocketInputStream.read(SocketInputStream.java:141)
	at java.io.BufferedInputStream.fill(BufferedInputStream.java:246)
	at java.io.BufferedInputStream.read1(BufferedInputStream.java:286)
	at java.io.BufferedInputStream.read(BufferedInputStream.java:345)
	at sun.net.www.http.HttpClient.parseHTTPHeader(HttpClient.java:735)
	at sun.net.www.http.HttpClient.parseHTTP(HttpClient.java:678)
	at sun.net.www.protocol.http.HttpURLConnection.getInputStream0(HttpURLConnection.java:1593)
	at sun.net.www.protocol.http.HttpURLConnection.getInputStream(HttpURLConnection.java:1498)
	at java.net.HttpURLConnection.getResponseCode(HttpURLConnection.java:480)
	at feign.Client$Default.convertResponse(Client.java:108)
	at feign.Client$Default.execute(Client.java:104)
	at org.springframework.cloud.openfeign.ribbon.FeignLoadBalancer.execute(FeignLoadBalancer.java:98)
	at org.springframework.cloud.openfeign.ribbon.FeignLoadBalancer.execute(FeignLoadBalancer.java:56)
	at com.netflix.client.AbstractLoadBalancerAwareClient$1.call(AbstractLoadBalancerAwareClient.java:104)
	at com.netflix.loadbalancer.reactive.LoadBalancerCommand$3$1.call(LoadBalancerCommand.java:303)
	at com.netflix.loadbalancer.reactive.LoadBalancerCommand$3$1.call(LoadBalancerCommand.java:287)
	at rx.internal.util.ScalarSynchronousObservable$3.call(ScalarSynchronousObservable.java:231)
	at rx.internal.util.ScalarSynchronousObservable$3.call(ScalarSynchronousObservable.java:228)
	at rx.Observable.unsafeSubscribe(Observable.java:10327)
	at rx.internal.operators.OnSubscribeConcatMap$ConcatMapSubscriber.drain(OnSubscribeConcatMap.java:286)
	at rx.internal.operators.OnSubscribeConcatMap$ConcatMapSubscriber.onNext(OnSubscribeConcatMap.java:144)
	at com.netflix.loadbalancer.reactive.LoadBalancerCommand$1.call(LoadBalancerCommand.java:185)
	at com.netflix.loadbalancer.reactive.LoadBalancerCommand$1.call(LoadBalancerCommand.java:180)
	at rx.Observable.unsafeSubscribe(Observable.java:10327)
	at rx.internal.operators.OnSubscribeConcatMap.call(OnSubscribeConcatMap.java:94)
	at rx.internal.operators.OnSubscribeConcatMap.call(OnSubscribeConcatMap.java:42)
	at rx.internal.operators.OnSubscribeLift.call(OnSubscribeLift.java:48)
	at rx.internal.operators.OnSubscribeLift.call(OnSubscribeLift.java:30)
	at rx.internal.operators.OnSubscribeLift.call(OnSubscribeLift.java:48)
	at rx.internal.operators.OnSubscribeLift.call(OnSubscribeLift.java:30)
	at rx.Observable.subscribe(Observable.java:10423)
	at rx.Observable.subscribe(Observable.java:10390)
	at rx.observables.BlockingObservable.blockForSingle(BlockingObservable.java:443)
	at rx.observables.BlockingObservable.single(BlockingObservable.java:340)
	at com.netflix.client.AbstractLoadBalancerAwareClient.executeWithLoadBalancer(AbstractLoadBalancerAwareClient.java:112)
	at org.springframework.cloud.openfeign.ribbon.LoadBalancerFeignClient.execute(LoadBalancerFeignClient.java:84)
	at feign.SynchronousMethodHandler.executeAndDecode(SynchronousMethodHandler.java:119)
	... 15 common frames omitted
2022-02-14 19:46:00.004 [task-44] ERROR org.springframework.aop.interceptor.SimpleAsyncUncaughtExceptionHandler -
                Unexpected exception occurred invoking async method: public void com.novedu.nov.statistics.task.MultiThreadScheduleTask.asyncCourseViewCount()
java.lang.RuntimeException: com.netflix.client.ClientException: Load balancer does not have available server for client: service-edu
	at org.springframework.cloud.openfeign.ribbon.LoadBalancerFeignClient.execute(LoadBalancerFeignClient.java:91)
	at feign.SynchronousMethodHandler.executeAndDecode(SynchronousMethodHandler.java:119)
	at feign.SynchronousMethodHandler.invoke(SynchronousMethodHandler.java:89)
	at feign.ReflectiveFeign$FeignInvocationHandler.invoke(ReflectiveFeign.java:100)
	at com.sun.proxy.$Proxy121.statisticsCoursePlayCount(Unknown Source)
	at com.novedu.nov.statistics.task.MultiThreadScheduleTask.asyncCourseViewCount(MultiThreadScheduleTask.java:33)
	at com.novedu.nov.statistics.task.MultiThreadScheduleTask$$FastClassBySpringCGLIB$$a711be28.invoke(<generated>)
	at org.springframework.cglib.proxy.MethodProxy.invoke(MethodProxy.java:218)
	at org.springframework.aop.framework.CglibAopProxy$CglibMethodInvocation.invokeJoinpoint(CglibAopProxy.java:779)
	at org.springframework.aop.framework.ReflectiveMethodInvocation.proceed(ReflectiveMethodInvocation.java:163)
	at org.springframework.aop.framework.CglibAopProxy$CglibMethodInvocation.proceed(CglibAopProxy.java:750)
	at org.springframework.aop.interceptor.AsyncExecutionInterceptor.lambda$invoke$0(AsyncExecutionInterceptor.java:115)
	at java.util.concurrent.FutureTask.run$$$capture(FutureTask.java:266)
	at java.util.concurrent.FutureTask.run(FutureTask.java)
	at java.util.concurrent.ThreadPoolExecutor.runWorker(ThreadPoolExecutor.java:1149)
	at java.util.concurrent.ThreadPoolExecutor$Worker.run(ThreadPoolExecutor.java:624)
	at java.lang.Thread.run(Thread.java:748)
Caused by: com.netflix.client.ClientException: Load balancer does not have available server for client: service-edu
	at com.netflix.loadbalancer.LoadBalancerContext.getServerFromLoadBalancer(LoadBalancerContext.java:483)
	at com.netflix.loadbalancer.reactive.LoadBalancerCommand$1.call(LoadBalancerCommand.java:184)
	at com.netflix.loadbalancer.reactive.LoadBalancerCommand$1.call(LoadBalancerCommand.java:180)
	at rx.Observable.unsafeSubscribe(Observable.java:10327)
	at rx.internal.operators.OnSubscribeConcatMap.call(OnSubscribeConcatMap.java:94)
	at rx.internal.operators.OnSubscribeConcatMap.call(OnSubscribeConcatMap.java:42)
	at rx.internal.operators.OnSubscribeLift.call(OnSubscribeLift.java:48)
	at rx.internal.operators.OnSubscribeLift.call(OnSubscribeLift.java:30)
	at rx.internal.operators.OnSubscribeLift.call(OnSubscribeLift.java:48)
	at rx.internal.operators.OnSubscribeLift.call(OnSubscribeLift.java:30)
	at rx.Observable.subscribe(Observable.java:10423)
	at rx.Observable.subscribe(Observable.java:10390)
	at rx.observables.BlockingObservable.blockForSingle(BlockingObservable.java:443)
	at rx.observables.BlockingObservable.single(BlockingObservable.java:340)
	at com.netflix.client.AbstractLoadBalancerAwareClient.executeWithLoadBalancer(AbstractLoadBalancerAwareClient.java:112)
	at org.springframework.cloud.openfeign.ribbon.LoadBalancerFeignClient.execute(LoadBalancerFeignClient.java:84)
	... 16 common frames omitted
2022-02-14 19:46:30.002 [task-45] ERROR org.springframework.aop.interceptor.SimpleAsyncUncaughtExceptionHandler -
                Unexpected exception occurred invoking async method: public void com.novedu.nov.statistics.task.MultiThreadScheduleTask.asyncCourseViewCount()
java.lang.RuntimeException: com.netflix.client.ClientException: Load balancer does not have available server for client: service-edu
	at org.springframework.cloud.openfeign.ribbon.LoadBalancerFeignClient.execute(LoadBalancerFeignClient.java:91)
	at feign.SynchronousMethodHandler.executeAndDecode(SynchronousMethodHandler.java:119)
	at feign.SynchronousMethodHandler.invoke(SynchronousMethodHandler.java:89)
	at feign.ReflectiveFeign$FeignInvocationHandler.invoke(ReflectiveFeign.java:100)
	at com.sun.proxy.$Proxy121.statisticsCoursePlayCount(Unknown Source)
	at com.novedu.nov.statistics.task.MultiThreadScheduleTask.asyncCourseViewCount(MultiThreadScheduleTask.java:33)
	at com.novedu.nov.statistics.task.MultiThreadScheduleTask$$FastClassBySpringCGLIB$$a711be28.invoke(<generated>)
	at org.springframework.cglib.proxy.MethodProxy.invoke(MethodProxy.java:218)
	at org.springframework.aop.framework.CglibAopProxy$CglibMethodInvocation.invokeJoinpoint(CglibAopProxy.java:779)
	at org.springframework.aop.framework.ReflectiveMethodInvocation.proceed(ReflectiveMethodInvocation.java:163)
	at org.springframework.aop.framework.CglibAopProxy$CglibMethodInvocation.proceed(CglibAopProxy.java:750)
	at org.springframework.aop.interceptor.AsyncExecutionInterceptor.lambda$invoke$0(AsyncExecutionInterceptor.java:115)
	at java.util.concurrent.FutureTask.run$$$capture(FutureTask.java:266)
	at java.util.concurrent.FutureTask.run(FutureTask.java)
	at java.util.concurrent.ThreadPoolExecutor.runWorker(ThreadPoolExecutor.java:1149)
	at java.util.concurrent.ThreadPoolExecutor$Worker.run(ThreadPoolExecutor.java:624)
	at java.lang.Thread.run(Thread.java:748)
Caused by: com.netflix.client.ClientException: Load balancer does not have available server for client: service-edu
	at com.netflix.loadbalancer.LoadBalancerContext.getServerFromLoadBalancer(LoadBalancerContext.java:483)
	at com.netflix.loadbalancer.reactive.LoadBalancerCommand$1.call(LoadBalancerCommand.java:184)
	at com.netflix.loadbalancer.reactive.LoadBalancerCommand$1.call(LoadBalancerCommand.java:180)
	at rx.Observable.unsafeSubscribe(Observable.java:10327)
	at rx.internal.operators.OnSubscribeConcatMap.call(OnSubscribeConcatMap.java:94)
	at rx.internal.operators.OnSubscribeConcatMap.call(OnSubscribeConcatMap.java:42)
	at rx.internal.operators.OnSubscribeLift.call(OnSubscribeLift.java:48)
	at rx.internal.operators.OnSubscribeLift.call(OnSubscribeLift.java:30)
	at rx.internal.operators.OnSubscribeLift.call(OnSubscribeLift.java:48)
	at rx.internal.operators.OnSubscribeLift.call(OnSubscribeLift.java:30)
	at rx.Observable.subscribe(Observable.java:10423)
	at rx.Observable.subscribe(Observable.java:10390)
	at rx.observables.BlockingObservable.blockForSingle(BlockingObservable.java:443)
	at rx.observables.BlockingObservable.single(BlockingObservable.java:340)
	at com.netflix.client.AbstractLoadBalancerAwareClient.executeWithLoadBalancer(AbstractLoadBalancerAwareClient.java:112)
	at org.springframework.cloud.openfeign.ribbon.LoadBalancerFeignClient.execute(LoadBalancerFeignClient.java:84)
	... 16 common frames omitted
2022-02-14 19:47:00.004 [task-46] ERROR org.springframework.aop.interceptor.SimpleAsyncUncaughtExceptionHandler -
                Unexpected exception occurred invoking async method: public void com.novedu.nov.statistics.task.MultiThreadScheduleTask.asyncCourseViewCount()
java.lang.RuntimeException: com.netflix.client.ClientException: Load balancer does not have available server for client: service-edu
	at org.springframework.cloud.openfeign.ribbon.LoadBalancerFeignClient.execute(LoadBalancerFeignClient.java:91)
	at feign.SynchronousMethodHandler.executeAndDecode(SynchronousMethodHandler.java:119)
	at feign.SynchronousMethodHandler.invoke(SynchronousMethodHandler.java:89)
	at feign.ReflectiveFeign$FeignInvocationHandler.invoke(ReflectiveFeign.java:100)
	at com.sun.proxy.$Proxy121.statisticsCoursePlayCount(Unknown Source)
	at com.novedu.nov.statistics.task.MultiThreadScheduleTask.asyncCourseViewCount(MultiThreadScheduleTask.java:33)
	at com.novedu.nov.statistics.task.MultiThreadScheduleTask$$FastClassBySpringCGLIB$$a711be28.invoke(<generated>)
	at org.springframework.cglib.proxy.MethodProxy.invoke(MethodProxy.java:218)
	at org.springframework.aop.framework.CglibAopProxy$CglibMethodInvocation.invokeJoinpoint(CglibAopProxy.java:779)
	at org.springframework.aop.framework.ReflectiveMethodInvocation.proceed(ReflectiveMethodInvocation.java:163)
	at org.springframework.aop.framework.CglibAopProxy$CglibMethodInvocation.proceed(CglibAopProxy.java:750)
	at org.springframework.aop.interceptor.AsyncExecutionInterceptor.lambda$invoke$0(AsyncExecutionInterceptor.java:115)
	at java.util.concurrent.FutureTask.run$$$capture(FutureTask.java:266)
	at java.util.concurrent.FutureTask.run(FutureTask.java)
	at java.util.concurrent.ThreadPoolExecutor.runWorker(ThreadPoolExecutor.java:1149)
	at java.util.concurrent.ThreadPoolExecutor$Worker.run(ThreadPoolExecutor.java:624)
	at java.lang.Thread.run(Thread.java:748)
Caused by: com.netflix.client.ClientException: Load balancer does not have available server for client: service-edu
	at com.netflix.loadbalancer.LoadBalancerContext.getServerFromLoadBalancer(LoadBalancerContext.java:483)
	at com.netflix.loadbalancer.reactive.LoadBalancerCommand$1.call(LoadBalancerCommand.java:184)
	at com.netflix.loadbalancer.reactive.LoadBalancerCommand$1.call(LoadBalancerCommand.java:180)
	at rx.Observable.unsafeSubscribe(Observable.java:10327)
	at rx.internal.operators.OnSubscribeConcatMap.call(OnSubscribeConcatMap.java:94)
	at rx.internal.operators.OnSubscribeConcatMap.call(OnSubscribeConcatMap.java:42)
	at rx.internal.operators.OnSubscribeLift.call(OnSubscribeLift.java:48)
	at rx.internal.operators.OnSubscribeLift.call(OnSubscribeLift.java:30)
	at rx.internal.operators.OnSubscribeLift.call(OnSubscribeLift.java:48)
	at rx.internal.operators.OnSubscribeLift.call(OnSubscribeLift.java:30)
	at rx.Observable.subscribe(Observable.java:10423)
	at rx.Observable.subscribe(Observable.java:10390)
	at rx.observables.BlockingObservable.blockForSingle(BlockingObservable.java:443)
	at rx.observables.BlockingObservable.single(BlockingObservable.java:340)
	at com.netflix.client.AbstractLoadBalancerAwareClient.executeWithLoadBalancer(AbstractLoadBalancerAwareClient.java:112)
	at org.springframework.cloud.openfeign.ribbon.LoadBalancerFeignClient.execute(LoadBalancerFeignClient.java:84)
	... 16 common frames omitted
2022-02-14 19:47:30.009 [task-47] ERROR org.springframework.aop.interceptor.SimpleAsyncUncaughtExceptionHandler -
                Unexpected exception occurred invoking async method: public void com.novedu.nov.statistics.task.MultiThreadScheduleTask.asyncCourseViewCount()
java.lang.RuntimeException: com.netflix.client.ClientException: Load balancer does not have available server for client: service-edu
	at org.springframework.cloud.openfeign.ribbon.LoadBalancerFeignClient.execute(LoadBalancerFeignClient.java:91)
	at feign.SynchronousMethodHandler.executeAndDecode(SynchronousMethodHandler.java:119)
	at feign.SynchronousMethodHandler.invoke(SynchronousMethodHandler.java:89)
	at feign.ReflectiveFeign$FeignInvocationHandler.invoke(ReflectiveFeign.java:100)
	at com.sun.proxy.$Proxy121.statisticsCoursePlayCount(Unknown Source)
	at com.novedu.nov.statistics.task.MultiThreadScheduleTask.asyncCourseViewCount(MultiThreadScheduleTask.java:33)
	at com.novedu.nov.statistics.task.MultiThreadScheduleTask$$FastClassBySpringCGLIB$$a711be28.invoke(<generated>)
	at org.springframework.cglib.proxy.MethodProxy.invoke(MethodProxy.java:218)
	at org.springframework.aop.framework.CglibAopProxy$CglibMethodInvocation.invokeJoinpoint(CglibAopProxy.java:779)
	at org.springframework.aop.framework.ReflectiveMethodInvocation.proceed(ReflectiveMethodInvocation.java:163)
	at org.springframework.aop.framework.CglibAopProxy$CglibMethodInvocation.proceed(CglibAopProxy.java:750)
	at org.springframework.aop.interceptor.AsyncExecutionInterceptor.lambda$invoke$0(AsyncExecutionInterceptor.java:115)
	at java.util.concurrent.FutureTask.run$$$capture(FutureTask.java:266)
	at java.util.concurrent.FutureTask.run(FutureTask.java)
	at java.util.concurrent.ThreadPoolExecutor.runWorker(ThreadPoolExecutor.java:1149)
	at java.util.concurrent.ThreadPoolExecutor$Worker.run(ThreadPoolExecutor.java:624)
	at java.lang.Thread.run(Thread.java:748)
Caused by: com.netflix.client.ClientException: Load balancer does not have available server for client: service-edu
	at com.netflix.loadbalancer.LoadBalancerContext.getServerFromLoadBalancer(LoadBalancerContext.java:483)
	at com.netflix.loadbalancer.reactive.LoadBalancerCommand$1.call(LoadBalancerCommand.java:184)
	at com.netflix.loadbalancer.reactive.LoadBalancerCommand$1.call(LoadBalancerCommand.java:180)
	at rx.Observable.unsafeSubscribe(Observable.java:10327)
	at rx.internal.operators.OnSubscribeConcatMap.call(OnSubscribeConcatMap.java:94)
	at rx.internal.operators.OnSubscribeConcatMap.call(OnSubscribeConcatMap.java:42)
	at rx.internal.operators.OnSubscribeLift.call(OnSubscribeLift.java:48)
	at rx.internal.operators.OnSubscribeLift.call(OnSubscribeLift.java:30)
	at rx.internal.operators.OnSubscribeLift.call(OnSubscribeLift.java:48)
	at rx.internal.operators.OnSubscribeLift.call(OnSubscribeLift.java:30)
	at rx.Observable.subscribe(Observable.java:10423)
	at rx.Observable.subscribe(Observable.java:10390)
	at rx.observables.BlockingObservable.blockForSingle(BlockingObservable.java:443)
	at rx.observables.BlockingObservable.single(BlockingObservable.java:340)
	at com.netflix.client.AbstractLoadBalancerAwareClient.executeWithLoadBalancer(AbstractLoadBalancerAwareClient.java:112)
	at org.springframework.cloud.openfeign.ribbon.LoadBalancerFeignClient.execute(LoadBalancerFeignClient.java:84)
	... 16 common frames omitted
2022-02-14 19:48:00.006 [task-48] ERROR org.springframework.aop.interceptor.SimpleAsyncUncaughtExceptionHandler -
                Unexpected exception occurred invoking async method: public void com.novedu.nov.statistics.task.MultiThreadScheduleTask.asyncCourseViewCount()
java.lang.RuntimeException: com.netflix.client.ClientException: Load balancer does not have available server for client: service-edu
	at org.springframework.cloud.openfeign.ribbon.LoadBalancerFeignClient.execute(LoadBalancerFeignClient.java:91)
	at feign.SynchronousMethodHandler.executeAndDecode(SynchronousMethodHandler.java:119)
	at feign.SynchronousMethodHandler.invoke(SynchronousMethodHandler.java:89)
	at feign.ReflectiveFeign$FeignInvocationHandler.invoke(ReflectiveFeign.java:100)
	at com.sun.proxy.$Proxy121.statisticsCoursePlayCount(Unknown Source)
	at com.novedu.nov.statistics.task.MultiThreadScheduleTask.asyncCourseViewCount(MultiThreadScheduleTask.java:33)
	at com.novedu.nov.statistics.task.MultiThreadScheduleTask$$FastClassBySpringCGLIB$$a711be28.invoke(<generated>)
	at org.springframework.cglib.proxy.MethodProxy.invoke(MethodProxy.java:218)
	at org.springframework.aop.framework.CglibAopProxy$CglibMethodInvocation.invokeJoinpoint(CglibAopProxy.java:779)
	at org.springframework.aop.framework.ReflectiveMethodInvocation.proceed(ReflectiveMethodInvocation.java:163)
	at org.springframework.aop.framework.CglibAopProxy$CglibMethodInvocation.proceed(CglibAopProxy.java:750)
	at org.springframework.aop.interceptor.AsyncExecutionInterceptor.lambda$invoke$0(AsyncExecutionInterceptor.java:115)
	at java.util.concurrent.FutureTask.run$$$capture(FutureTask.java:266)
	at java.util.concurrent.FutureTask.run(FutureTask.java)
	at java.util.concurrent.ThreadPoolExecutor.runWorker(ThreadPoolExecutor.java:1149)
	at java.util.concurrent.ThreadPoolExecutor$Worker.run(ThreadPoolExecutor.java:624)
	at java.lang.Thread.run(Thread.java:748)
Caused by: com.netflix.client.ClientException: Load balancer does not have available server for client: service-edu
	at com.netflix.loadbalancer.LoadBalancerContext.getServerFromLoadBalancer(LoadBalancerContext.java:483)
	at com.netflix.loadbalancer.reactive.LoadBalancerCommand$1.call(LoadBalancerCommand.java:184)
	at com.netflix.loadbalancer.reactive.LoadBalancerCommand$1.call(LoadBalancerCommand.java:180)
	at rx.Observable.unsafeSubscribe(Observable.java:10327)
	at rx.internal.operators.OnSubscribeConcatMap.call(OnSubscribeConcatMap.java:94)
	at rx.internal.operators.OnSubscribeConcatMap.call(OnSubscribeConcatMap.java:42)
	at rx.internal.operators.OnSubscribeLift.call(OnSubscribeLift.java:48)
	at rx.internal.operators.OnSubscribeLift.call(OnSubscribeLift.java:30)
	at rx.internal.operators.OnSubscribeLift.call(OnSubscribeLift.java:48)
	at rx.internal.operators.OnSubscribeLift.call(OnSubscribeLift.java:30)
	at rx.Observable.subscribe(Observable.java:10423)
	at rx.Observable.subscribe(Observable.java:10390)
	at rx.observables.BlockingObservable.blockForSingle(BlockingObservable.java:443)
	at rx.observables.BlockingObservable.single(BlockingObservable.java:340)
	at com.netflix.client.AbstractLoadBalancerAwareClient.executeWithLoadBalancer(AbstractLoadBalancerAwareClient.java:112)
	at org.springframework.cloud.openfeign.ribbon.LoadBalancerFeignClient.execute(LoadBalancerFeignClient.java:84)
	... 16 common frames omitted
2022-02-14 19:48:30.005 [task-49] ERROR org.springframework.aop.interceptor.SimpleAsyncUncaughtExceptionHandler -
                Unexpected exception occurred invoking async method: public void com.novedu.nov.statistics.task.MultiThreadScheduleTask.asyncCourseViewCount()
java.lang.RuntimeException: com.netflix.client.ClientException: Load balancer does not have available server for client: service-edu
	at org.springframework.cloud.openfeign.ribbon.LoadBalancerFeignClient.execute(LoadBalancerFeignClient.java:91)
	at feign.SynchronousMethodHandler.executeAndDecode(SynchronousMethodHandler.java:119)
	at feign.SynchronousMethodHandler.invoke(SynchronousMethodHandler.java:89)
	at feign.ReflectiveFeign$FeignInvocationHandler.invoke(ReflectiveFeign.java:100)
	at com.sun.proxy.$Proxy121.statisticsCoursePlayCount(Unknown Source)
	at com.novedu.nov.statistics.task.MultiThreadScheduleTask.asyncCourseViewCount(MultiThreadScheduleTask.java:33)
	at com.novedu.nov.statistics.task.MultiThreadScheduleTask$$FastClassBySpringCGLIB$$a711be28.invoke(<generated>)
	at org.springframework.cglib.proxy.MethodProxy.invoke(MethodProxy.java:218)
	at org.springframework.aop.framework.CglibAopProxy$CglibMethodInvocation.invokeJoinpoint(CglibAopProxy.java:779)
	at org.springframework.aop.framework.ReflectiveMethodInvocation.proceed(ReflectiveMethodInvocation.java:163)
	at org.springframework.aop.framework.CglibAopProxy$CglibMethodInvocation.proceed(CglibAopProxy.java:750)
	at org.springframework.aop.interceptor.AsyncExecutionInterceptor.lambda$invoke$0(AsyncExecutionInterceptor.java:115)
	at java.util.concurrent.FutureTask.run$$$capture(FutureTask.java:266)
	at java.util.concurrent.FutureTask.run(FutureTask.java)
	at java.util.concurrent.ThreadPoolExecutor.runWorker(ThreadPoolExecutor.java:1149)
	at java.util.concurrent.ThreadPoolExecutor$Worker.run(ThreadPoolExecutor.java:624)
	at java.lang.Thread.run(Thread.java:748)
Caused by: com.netflix.client.ClientException: Load balancer does not have available server for client: service-edu
	at com.netflix.loadbalancer.LoadBalancerContext.getServerFromLoadBalancer(LoadBalancerContext.java:483)
	at com.netflix.loadbalancer.reactive.LoadBalancerCommand$1.call(LoadBalancerCommand.java:184)
	at com.netflix.loadbalancer.reactive.LoadBalancerCommand$1.call(LoadBalancerCommand.java:180)
	at rx.Observable.unsafeSubscribe(Observable.java:10327)
	at rx.internal.operators.OnSubscribeConcatMap.call(OnSubscribeConcatMap.java:94)
	at rx.internal.operators.OnSubscribeConcatMap.call(OnSubscribeConcatMap.java:42)
	at rx.internal.operators.OnSubscribeLift.call(OnSubscribeLift.java:48)
	at rx.internal.operators.OnSubscribeLift.call(OnSubscribeLift.java:30)
	at rx.internal.operators.OnSubscribeLift.call(OnSubscribeLift.java:48)
	at rx.internal.operators.OnSubscribeLift.call(OnSubscribeLift.java:30)
	at rx.Observable.subscribe(Observable.java:10423)
	at rx.Observable.subscribe(Observable.java:10390)
	at rx.observables.BlockingObservable.blockForSingle(BlockingObservable.java:443)
	at rx.observables.BlockingObservable.single(BlockingObservable.java:340)
	at com.netflix.client.AbstractLoadBalancerAwareClient.executeWithLoadBalancer(AbstractLoadBalancerAwareClient.java:112)
	at org.springframework.cloud.openfeign.ribbon.LoadBalancerFeignClient.execute(LoadBalancerFeignClient.java:84)
	... 16 common frames omitted
2022-02-14 19:49:00.005 [task-50] ERROR org.springframework.aop.interceptor.SimpleAsyncUncaughtExceptionHandler -
                Unexpected exception occurred invoking async method: public void com.novedu.nov.statistics.task.MultiThreadScheduleTask.asyncCourseViewCount()
java.lang.RuntimeException: com.netflix.client.ClientException: Load balancer does not have available server for client: service-edu
	at org.springframework.cloud.openfeign.ribbon.LoadBalancerFeignClient.execute(LoadBalancerFeignClient.java:91)
	at feign.SynchronousMethodHandler.executeAndDecode(SynchronousMethodHandler.java:119)
	at feign.SynchronousMethodHandler.invoke(SynchronousMethodHandler.java:89)
	at feign.ReflectiveFeign$FeignInvocationHandler.invoke(ReflectiveFeign.java:100)
	at com.sun.proxy.$Proxy121.statisticsCoursePlayCount(Unknown Source)
	at com.novedu.nov.statistics.task.MultiThreadScheduleTask.asyncCourseViewCount(MultiThreadScheduleTask.java:33)
	at com.novedu.nov.statistics.task.MultiThreadScheduleTask$$FastClassBySpringCGLIB$$a711be28.invoke(<generated>)
	at org.springframework.cglib.proxy.MethodProxy.invoke(MethodProxy.java:218)
	at org.springframework.aop.framework.CglibAopProxy$CglibMethodInvocation.invokeJoinpoint(CglibAopProxy.java:779)
	at org.springframework.aop.framework.ReflectiveMethodInvocation.proceed(ReflectiveMethodInvocation.java:163)
	at org.springframework.aop.framework.CglibAopProxy$CglibMethodInvocation.proceed(CglibAopProxy.java:750)
	at org.springframework.aop.interceptor.AsyncExecutionInterceptor.lambda$invoke$0(AsyncExecutionInterceptor.java:115)
	at java.util.concurrent.FutureTask.run$$$capture(FutureTask.java:266)
	at java.util.concurrent.FutureTask.run(FutureTask.java)
	at java.util.concurrent.ThreadPoolExecutor.runWorker(ThreadPoolExecutor.java:1149)
	at java.util.concurrent.ThreadPoolExecutor$Worker.run(ThreadPoolExecutor.java:624)
	at java.lang.Thread.run(Thread.java:748)
Caused by: com.netflix.client.ClientException: Load balancer does not have available server for client: service-edu
	at com.netflix.loadbalancer.LoadBalancerContext.getServerFromLoadBalancer(LoadBalancerContext.java:483)
	at com.netflix.loadbalancer.reactive.LoadBalancerCommand$1.call(LoadBalancerCommand.java:184)
	at com.netflix.loadbalancer.reactive.LoadBalancerCommand$1.call(LoadBalancerCommand.java:180)
	at rx.Observable.unsafeSubscribe(Observable.java:10327)
	at rx.internal.operators.OnSubscribeConcatMap.call(OnSubscribeConcatMap.java:94)
	at rx.internal.operators.OnSubscribeConcatMap.call(OnSubscribeConcatMap.java:42)
	at rx.internal.operators.OnSubscribeLift.call(OnSubscribeLift.java:48)
	at rx.internal.operators.OnSubscribeLift.call(OnSubscribeLift.java:30)
	at rx.internal.operators.OnSubscribeLift.call(OnSubscribeLift.java:48)
	at rx.internal.operators.OnSubscribeLift.call(OnSubscribeLift.java:30)
	at rx.Observable.subscribe(Observable.java:10423)
	at rx.Observable.subscribe(Observable.java:10390)
	at rx.observables.BlockingObservable.blockForSingle(BlockingObservable.java:443)
	at rx.observables.BlockingObservable.single(BlockingObservable.java:340)
	at com.netflix.client.AbstractLoadBalancerAwareClient.executeWithLoadBalancer(AbstractLoadBalancerAwareClient.java:112)
	at org.springframework.cloud.openfeign.ribbon.LoadBalancerFeignClient.execute(LoadBalancerFeignClient.java:84)
	... 16 common frames omitted
2022-02-14 19:49:30.017 [task-51] ERROR org.springframework.aop.interceptor.SimpleAsyncUncaughtExceptionHandler -
                Unexpected exception occurred invoking async method: public void com.novedu.nov.statistics.task.MultiThreadScheduleTask.asyncCourseViewCount()
java.lang.RuntimeException: com.netflix.client.ClientException: Load balancer does not have available server for client: service-edu
	at org.springframework.cloud.openfeign.ribbon.LoadBalancerFeignClient.execute(LoadBalancerFeignClient.java:91)
	at feign.SynchronousMethodHandler.executeAndDecode(SynchronousMethodHandler.java:119)
	at feign.SynchronousMethodHandler.invoke(SynchronousMethodHandler.java:89)
	at feign.ReflectiveFeign$FeignInvocationHandler.invoke(ReflectiveFeign.java:100)
	at com.sun.proxy.$Proxy121.statisticsCoursePlayCount(Unknown Source)
	at com.novedu.nov.statistics.task.MultiThreadScheduleTask.asyncCourseViewCount(MultiThreadScheduleTask.java:33)
	at com.novedu.nov.statistics.task.MultiThreadScheduleTask$$FastClassBySpringCGLIB$$a711be28.invoke(<generated>)
	at org.springframework.cglib.proxy.MethodProxy.invoke(MethodProxy.java:218)
	at org.springframework.aop.framework.CglibAopProxy$CglibMethodInvocation.invokeJoinpoint(CglibAopProxy.java:779)
	at org.springframework.aop.framework.ReflectiveMethodInvocation.proceed(ReflectiveMethodInvocation.java:163)
	at org.springframework.aop.framework.CglibAopProxy$CglibMethodInvocation.proceed(CglibAopProxy.java:750)
	at org.springframework.aop.interceptor.AsyncExecutionInterceptor.lambda$invoke$0(AsyncExecutionInterceptor.java:115)
	at java.util.concurrent.FutureTask.run$$$capture(FutureTask.java:266)
	at java.util.concurrent.FutureTask.run(FutureTask.java)
	at java.util.concurrent.ThreadPoolExecutor.runWorker(ThreadPoolExecutor.java:1149)
	at java.util.concurrent.ThreadPoolExecutor$Worker.run(ThreadPoolExecutor.java:624)
	at java.lang.Thread.run(Thread.java:748)
Caused by: com.netflix.client.ClientException: Load balancer does not have available server for client: service-edu
	at com.netflix.loadbalancer.LoadBalancerContext.getServerFromLoadBalancer(LoadBalancerContext.java:483)
	at com.netflix.loadbalancer.reactive.LoadBalancerCommand$1.call(LoadBalancerCommand.java:184)
	at com.netflix.loadbalancer.reactive.LoadBalancerCommand$1.call(LoadBalancerCommand.java:180)
	at rx.Observable.unsafeSubscribe(Observable.java:10327)
	at rx.internal.operators.OnSubscribeConcatMap.call(OnSubscribeConcatMap.java:94)
	at rx.internal.operators.OnSubscribeConcatMap.call(OnSubscribeConcatMap.java:42)
	at rx.internal.operators.OnSubscribeLift.call(OnSubscribeLift.java:48)
	at rx.internal.operators.OnSubscribeLift.call(OnSubscribeLift.java:30)
	at rx.internal.operators.OnSubscribeLift.call(OnSubscribeLift.java:48)
	at rx.internal.operators.OnSubscribeLift.call(OnSubscribeLift.java:30)
	at rx.Observable.subscribe(Observable.java:10423)
	at rx.Observable.subscribe(Observable.java:10390)
	at rx.observables.BlockingObservable.blockForSingle(BlockingObservable.java:443)
	at rx.observables.BlockingObservable.single(BlockingObservable.java:340)
	at com.netflix.client.AbstractLoadBalancerAwareClient.executeWithLoadBalancer(AbstractLoadBalancerAwareClient.java:112)
	at org.springframework.cloud.openfeign.ribbon.LoadBalancerFeignClient.execute(LoadBalancerFeignClient.java:84)
	... 16 common frames omitted
2022-02-14 19:49:34.850 [http-nio-8081-exec-7] ERROR com.novedu.nov.common.aspect.NovExceptionHandler -
                org.apache.catalina.connector.ClientAbortException: java.io.IOException: 你的主机中的软件中止了一个已建立的连接。
	at org.apache.catalina.connector.OutputBuffer.doFlush(OutputBuffer.java:310)
	at org.apache.catalina.connector.OutputBuffer.flush(OutputBuffer.java:273)
	at org.apache.catalina.connector.CoyoteOutputStream.flush(CoyoteOutputStream.java:118)
	at java.io.FilterOutputStream.flush(FilterOutputStream.java:140)
	at com.fasterxml.jackson.core.json.UTF8JsonGenerator.flush(UTF8JsonGenerator.java:1178)
	at com.fasterxml.jackson.databind.ObjectWriter.writeValue(ObjectWriter.java:1008)
	at org.springframework.http.converter.json.AbstractJackson2HttpMessageConverter.writeInternal(AbstractJackson2HttpMessageConverter.java:346)
	at org.springframework.http.converter.AbstractGenericHttpMessageConverter.write(AbstractGenericHttpMessageConverter.java:104)
	at org.springframework.web.servlet.mvc.method.annotation.AbstractMessageConverterMethodProcessor.writeWithMessageConverters(AbstractMessageConverterMethodProcessor.java:277)
	at org.springframework.web.servlet.mvc.method.annotation.RequestResponseBodyMethodProcessor.handleReturnValue(RequestResponseBodyMethodProcessor.java:181)
	at org.springframework.web.method.support.HandlerMethodReturnValueHandlerComposite.handleReturnValue(HandlerMethodReturnValueHandlerComposite.java:82)
	at org.springframework.web.servlet.mvc.method.annotation.ServletInvocableHandlerMethod.invokeAndHandle(ServletInvocableHandlerMethod.java:123)
	at org.springframework.web.servlet.mvc.method.annotation.RequestMappingHandlerAdapter.invokeHandlerMethod(RequestMappingHandlerAdapter.java:878)
	at org.springframework.web.servlet.mvc.method.annotation.RequestMappingHandlerAdapter.handleInternal(RequestMappingHandlerAdapter.java:792)
	at org.springframework.web.servlet.mvc.method.AbstractHandlerMethodAdapter.handle(AbstractHandlerMethodAdapter.java:87)
	at org.springframework.web.servlet.DispatcherServlet.doDispatch(DispatcherServlet.java:1040)
	at org.springframework.web.servlet.DispatcherServlet.doService(DispatcherServlet.java:943)
	at org.springframework.web.servlet.FrameworkServlet.processRequest(FrameworkServlet.java:1006)
	at org.springframework.web.servlet.FrameworkServlet.doGet(FrameworkServlet.java:898)
	at javax.servlet.http.HttpServlet.service(HttpServlet.java:626)
	at org.springframework.web.servlet.FrameworkServlet.service(FrameworkServlet.java:883)
	at javax.servlet.http.HttpServlet.service(HttpServlet.java:733)
	at org.apache.catalina.core.ApplicationFilterChain.internalDoFilter(ApplicationFilterChain.java:227)
	at org.apache.catalina.core.ApplicationFilterChain.doFilter(ApplicationFilterChain.java:162)
	at org.apache.tomcat.websocket.server.WsFilter.doFilter(WsFilter.java:53)
	at org.apache.catalina.core.ApplicationFilterChain.internalDoFilter(ApplicationFilterChain.java:189)
	at org.apache.catalina.core.ApplicationFilterChain.doFilter(ApplicationFilterChain.java:162)
	at org.springframework.web.filter.CorsFilter.doFilterInternal(CorsFilter.java:92)
	at org.springframework.web.filter.OncePerRequestFilter.doFilter(OncePerRequestFilter.java:119)
	at org.apache.catalina.core.ApplicationFilterChain.internalDoFilter(ApplicationFilterChain.java:189)
	at org.apache.catalina.core.ApplicationFilterChain.doFilter(ApplicationFilterChain.java:162)
	at org.springframework.web.filter.RequestContextFilter.doFilterInternal(RequestContextFilter.java:100)
	at org.springframework.web.filter.OncePerRequestFilter.doFilter(OncePerRequestFilter.java:119)
	at org.apache.catalina.core.ApplicationFilterChain.internalDoFilter(ApplicationFilterChain.java:189)
	at org.apache.catalina.core.ApplicationFilterChain.doFilter(ApplicationFilterChain.java:162)
	at org.springframework.web.filter.FormContentFilter.doFilterInternal(FormContentFilter.java:93)
	at org.springframework.web.filter.OncePerRequestFilter.doFilter(OncePerRequestFilter.java:119)
	at org.apache.catalina.core.ApplicationFilterChain.internalDoFilter(ApplicationFilterChain.java:189)
	at org.apache.catalina.core.ApplicationFilterChain.doFilter(ApplicationFilterChain.java:162)
	at org.springframework.web.filter.CharacterEncodingFilter.doFilterInternal(CharacterEncodingFilter.java:201)
	at org.springframework.web.filter.OncePerRequestFilter.doFilter(OncePerRequestFilter.java:119)
	at org.apache.catalina.core.ApplicationFilterChain.internalDoFilter(ApplicationFilterChain.java:189)
	at org.apache.catalina.core.ApplicationFilterChain.doFilter(ApplicationFilterChain.java:162)
	at org.apache.catalina.core.StandardWrapperValve.invoke(StandardWrapperValve.java:202)
	at org.apache.catalina.core.StandardContextValve.invoke(StandardContextValve.java:97)
	at org.apache.catalina.authenticator.AuthenticatorBase.invoke(AuthenticatorBase.java:542)
	at org.apache.catalina.core.StandardHostValve.invoke(StandardHostValve.java:143)
	at org.apache.catalina.valves.ErrorReportValve.invoke(ErrorReportValve.java:92)
	at org.apache.catalina.core.StandardEngineValve.invoke(StandardEngineValve.java:78)
	at org.apache.catalina.connector.CoyoteAdapter.service(CoyoteAdapter.java:357)
	at org.apache.coyote.http11.Http11Processor.service(Http11Processor.java:374)
	at org.apache.coyote.AbstractProcessorLight.process(AbstractProcessorLight.java:65)
	at org.apache.coyote.AbstractProtocol$ConnectionHandler.process(AbstractProtocol.java:893)
	at org.apache.tomcat.util.net.NioEndpoint$SocketProcessor.doRun(NioEndpoint.java:1707)
	at org.apache.tomcat.util.net.SocketProcessorBase.run(SocketProcessorBase.java:49)
	at java.util.concurrent.ThreadPoolExecutor.runWorker(ThreadPoolExecutor.java:1149)
	at java.util.concurrent.ThreadPoolExecutor$Worker.run(ThreadPoolExecutor.java:624)
	at org.apache.tomcat.util.threads.TaskThread$WrappingRunnable.run(TaskThread.java:61)
	at java.lang.Thread.run(Thread.java:748)
Caused by: java.io.IOException: 你的主机中的软件中止了一个已建立的连接。
	at sun.nio.ch.SocketDispatcher.write0(Native Method)
	at sun.nio.ch.SocketDispatcher.write(SocketDispatcher.java:51)
	at sun.nio.ch.IOUtil.writeFromNativeBuffer(IOUtil.java:93)
	at sun.nio.ch.IOUtil.write(IOUtil.java:65)
	at sun.nio.ch.SocketChannelImpl.write(SocketChannelImpl.java:469)
	at org.apache.tomcat.util.net.NioChannel.write(NioChannel.java:135)
	at org.apache.tomcat.util.net.NioBlockingSelector.write(NioBlockingSelector.java:118)
	at org.apache.tomcat.util.net.NioSelectorPool.write(NioSelectorPool.java:151)
	at org.apache.tomcat.util.net.NioEndpoint$NioSocketWrapper.doWrite(NioEndpoint.java:1367)
	at org.apache.tomcat.util.net.SocketWrapperBase.doWrite(SocketWrapperBase.java:766)
	at org.apache.tomcat.util.net.SocketWrapperBase.flushBlocking(SocketWrapperBase.java:719)
	at org.apache.tomcat.util.net.SocketWrapperBase.flush(SocketWrapperBase.java:709)
	at org.apache.coyote.http11.Http11OutputBuffer$SocketOutputBuffer.flush(Http11OutputBuffer.java:572)
	at org.apache.coyote.http11.filters.IdentityOutputFilter.flush(IdentityOutputFilter.java:117)
	at org.apache.coyote.http11.Http11OutputBuffer.flush(Http11OutputBuffer.java:220)
	at org.apache.coyote.http11.Http11Processor.flush(Http11Processor.java:1196)
	at org.apache.coyote.AbstractProcessor.action(AbstractProcessor.java:402)
	at org.apache.coyote.Response.action(Response.java:209)
	at org.apache.catalina.connector.OutputBuffer.doFlush(OutputBuffer.java:306)
	... 58 more

2022-02-14 19:49:34.870 [http-nio-8081-exec-1] ERROR com.novedu.nov.common.aspect.NovExceptionHandler -
                org.apache.catalina.connector.ClientAbortException: java.io.IOException: 你的主机中的软件中止了一个已建立的连接。
	at org.apache.catalina.connector.OutputBuffer.doFlush(OutputBuffer.java:310)
	at org.apache.catalina.connector.OutputBuffer.flush(OutputBuffer.java:273)
	at org.apache.catalina.connector.CoyoteOutputStream.flush(CoyoteOutputStream.java:118)
	at java.io.FilterOutputStream.flush(FilterOutputStream.java:140)
	at com.fasterxml.jackson.core.json.UTF8JsonGenerator.flush(UTF8JsonGenerator.java:1178)
	at com.fasterxml.jackson.databind.ObjectWriter.writeValue(ObjectWriter.java:1008)
	at org.springframework.http.converter.json.AbstractJackson2HttpMessageConverter.writeInternal(AbstractJackson2HttpMessageConverter.java:346)
	at org.springframework.http.converter.AbstractGenericHttpMessageConverter.write(AbstractGenericHttpMessageConverter.java:104)
	at org.springframework.web.servlet.mvc.method.annotation.AbstractMessageConverterMethodProcessor.writeWithMessageConverters(AbstractMessageConverterMethodProcessor.java:277)
	at org.springframework.web.servlet.mvc.method.annotation.RequestResponseBodyMethodProcessor.handleReturnValue(RequestResponseBodyMethodProcessor.java:181)
	at org.springframework.web.method.support.HandlerMethodReturnValueHandlerComposite.handleReturnValue(HandlerMethodReturnValueHandlerComposite.java:82)
	at org.springframework.web.servlet.mvc.method.annotation.ServletInvocableHandlerMethod.invokeAndHandle(ServletInvocableHandlerMethod.java:123)
	at org.springframework.web.servlet.mvc.method.annotation.RequestMappingHandlerAdapter.invokeHandlerMethod(RequestMappingHandlerAdapter.java:878)
	at org.springframework.web.servlet.mvc.method.annotation.RequestMappingHandlerAdapter.handleInternal(RequestMappingHandlerAdapter.java:792)
	at org.springframework.web.servlet.mvc.method.AbstractHandlerMethodAdapter.handle(AbstractHandlerMethodAdapter.java:87)
	at org.springframework.web.servlet.DispatcherServlet.doDispatch(DispatcherServlet.java:1040)
	at org.springframework.web.servlet.DispatcherServlet.doService(DispatcherServlet.java:943)
	at org.springframework.web.servlet.FrameworkServlet.processRequest(FrameworkServlet.java:1006)
	at org.springframework.web.servlet.FrameworkServlet.doGet(FrameworkServlet.java:898)
	at javax.servlet.http.HttpServlet.service(HttpServlet.java:626)
	at org.springframework.web.servlet.FrameworkServlet.service(FrameworkServlet.java:883)
	at javax.servlet.http.HttpServlet.service(HttpServlet.java:733)
	at org.apache.catalina.core.ApplicationFilterChain.internalDoFilter(ApplicationFilterChain.java:227)
	at org.apache.catalina.core.ApplicationFilterChain.doFilter(ApplicationFilterChain.java:162)
	at org.apache.tomcat.websocket.server.WsFilter.doFilter(WsFilter.java:53)
	at org.apache.catalina.core.ApplicationFilterChain.internalDoFilter(ApplicationFilterChain.java:189)
	at org.apache.catalina.core.ApplicationFilterChain.doFilter(ApplicationFilterChain.java:162)
	at org.springframework.web.filter.CorsFilter.doFilterInternal(CorsFilter.java:92)
	at org.springframework.web.filter.OncePerRequestFilter.doFilter(OncePerRequestFilter.java:119)
	at org.apache.catalina.core.ApplicationFilterChain.internalDoFilter(ApplicationFilterChain.java:189)
	at org.apache.catalina.core.ApplicationFilterChain.doFilter(ApplicationFilterChain.java:162)
	at org.springframework.web.filter.RequestContextFilter.doFilterInternal(RequestContextFilter.java:100)
	at org.springframework.web.filter.OncePerRequestFilter.doFilter(OncePerRequestFilter.java:119)
	at org.apache.catalina.core.ApplicationFilterChain.internalDoFilter(ApplicationFilterChain.java:189)
	at org.apache.catalina.core.ApplicationFilterChain.doFilter(ApplicationFilterChain.java:162)
	at org.springframework.web.filter.FormContentFilter.doFilterInternal(FormContentFilter.java:93)
	at org.springframework.web.filter.OncePerRequestFilter.doFilter(OncePerRequestFilter.java:119)
	at org.apache.catalina.core.ApplicationFilterChain.internalDoFilter(ApplicationFilterChain.java:189)
	at org.apache.catalina.core.ApplicationFilterChain.doFilter(ApplicationFilterChain.java:162)
	at org.springframework.web.filter.CharacterEncodingFilter.doFilterInternal(CharacterEncodingFilter.java:201)
	at org.springframework.web.filter.OncePerRequestFilter.doFilter(OncePerRequestFilter.java:119)
	at org.apache.catalina.core.ApplicationFilterChain.internalDoFilter(ApplicationFilterChain.java:189)
	at org.apache.catalina.core.ApplicationFilterChain.doFilter(ApplicationFilterChain.java:162)
	at org.apache.catalina.core.StandardWrapperValve.invoke(StandardWrapperValve.java:202)
	at org.apache.catalina.core.StandardContextValve.invoke(StandardContextValve.java:97)
	at org.apache.catalina.authenticator.AuthenticatorBase.invoke(AuthenticatorBase.java:542)
	at org.apache.catalina.core.StandardHostValve.invoke(StandardHostValve.java:143)
	at org.apache.catalina.valves.ErrorReportValve.invoke(ErrorReportValve.java:92)
	at org.apache.catalina.core.StandardEngineValve.invoke(StandardEngineValve.java:78)
	at org.apache.catalina.connector.CoyoteAdapter.service(CoyoteAdapter.java:357)
	at org.apache.coyote.http11.Http11Processor.service(Http11Processor.java:374)
	at org.apache.coyote.AbstractProcessorLight.process(AbstractProcessorLight.java:65)
	at org.apache.coyote.AbstractProtocol$ConnectionHandler.process(AbstractProtocol.java:893)
	at org.apache.tomcat.util.net.NioEndpoint$SocketProcessor.doRun(NioEndpoint.java:1707)
	at org.apache.tomcat.util.net.SocketProcessorBase.run(SocketProcessorBase.java:49)
	at java.util.concurrent.ThreadPoolExecutor.runWorker(ThreadPoolExecutor.java:1149)
	at java.util.concurrent.ThreadPoolExecutor$Worker.run(ThreadPoolExecutor.java:624)
	at org.apache.tomcat.util.threads.TaskThread$WrappingRunnable.run(TaskThread.java:61)
	at java.lang.Thread.run(Thread.java:748)
Caused by: java.io.IOException: 你的主机中的软件中止了一个已建立的连接。
	at sun.nio.ch.SocketDispatcher.write0(Native Method)
	at sun.nio.ch.SocketDispatcher.write(SocketDispatcher.java:51)
	at sun.nio.ch.IOUtil.writeFromNativeBuffer(IOUtil.java:93)
	at sun.nio.ch.IOUtil.write(IOUtil.java:65)
	at sun.nio.ch.SocketChannelImpl.write(SocketChannelImpl.java:469)
	at org.apache.tomcat.util.net.NioChannel.write(NioChannel.java:135)
	at org.apache.tomcat.util.net.NioBlockingSelector.write(NioBlockingSelector.java:118)
	at org.apache.tomcat.util.net.NioSelectorPool.write(NioSelectorPool.java:151)
	at org.apache.tomcat.util.net.NioEndpoint$NioSocketWrapper.doWrite(NioEndpoint.java:1367)
	at org.apache.tomcat.util.net.SocketWrapperBase.doWrite(SocketWrapperBase.java:766)
	at org.apache.tomcat.util.net.SocketWrapperBase.flushBlocking(SocketWrapperBase.java:719)
	at org.apache.tomcat.util.net.SocketWrapperBase.flush(SocketWrapperBase.java:709)
	at org.apache.coyote.http11.Http11OutputBuffer$SocketOutputBuffer.flush(Http11OutputBuffer.java:572)
	at org.apache.coyote.http11.filters.IdentityOutputFilter.flush(IdentityOutputFilter.java:117)
	at org.apache.coyote.http11.Http11OutputBuffer.flush(Http11OutputBuffer.java:220)
	at org.apache.coyote.http11.Http11Processor.flush(Http11Processor.java:1196)
	at org.apache.coyote.AbstractProcessor.action(AbstractProcessor.java:402)
	at org.apache.coyote.Response.action(Response.java:209)
	at org.apache.catalina.connector.OutputBuffer.doFlush(OutputBuffer.java:306)
	... 58 more

2022-02-14 19:49:34.893 [http-nio-8081-exec-15] ERROR com.novedu.nov.common.aspect.NovExceptionHandler -
                org.apache.catalina.connector.ClientAbortException: java.io.IOException: 你的主机中的软件中止了一个已建立的连接。
	at org.apache.catalina.connector.OutputBuffer.doFlush(OutputBuffer.java:310)
	at org.apache.catalina.connector.OutputBuffer.flush(OutputBuffer.java:273)
	at org.apache.catalina.connector.CoyoteOutputStream.flush(CoyoteOutputStream.java:118)
	at java.io.FilterOutputStream.flush(FilterOutputStream.java:140)
	at com.fasterxml.jackson.core.json.UTF8JsonGenerator.flush(UTF8JsonGenerator.java:1178)
	at com.fasterxml.jackson.databind.ObjectWriter.writeValue(ObjectWriter.java:1008)
	at org.springframework.http.converter.json.AbstractJackson2HttpMessageConverter.writeInternal(AbstractJackson2HttpMessageConverter.java:346)
	at org.springframework.http.converter.AbstractGenericHttpMessageConverter.write(AbstractGenericHttpMessageConverter.java:104)
	at org.springframework.web.servlet.mvc.method.annotation.AbstractMessageConverterMethodProcessor.writeWithMessageConverters(AbstractMessageConverterMethodProcessor.java:277)
	at org.springframework.web.servlet.mvc.method.annotation.RequestResponseBodyMethodProcessor.handleReturnValue(RequestResponseBodyMethodProcessor.java:181)
	at org.springframework.web.method.support.HandlerMethodReturnValueHandlerComposite.handleReturnValue(HandlerMethodReturnValueHandlerComposite.java:82)
	at org.springframework.web.servlet.mvc.method.annotation.ServletInvocableHandlerMethod.invokeAndHandle(ServletInvocableHandlerMethod.java:123)
	at org.springframework.web.servlet.mvc.method.annotation.RequestMappingHandlerAdapter.invokeHandlerMethod(RequestMappingHandlerAdapter.java:878)
	at org.springframework.web.servlet.mvc.method.annotation.RequestMappingHandlerAdapter.handleInternal(RequestMappingHandlerAdapter.java:792)
	at org.springframework.web.servlet.mvc.method.AbstractHandlerMethodAdapter.handle(AbstractHandlerMethodAdapter.java:87)
	at org.springframework.web.servlet.DispatcherServlet.doDispatch(DispatcherServlet.java:1040)
	at org.springframework.web.servlet.DispatcherServlet.doService(DispatcherServlet.java:943)
	at org.springframework.web.servlet.FrameworkServlet.processRequest(FrameworkServlet.java:1006)
	at org.springframework.web.servlet.FrameworkServlet.doGet(FrameworkServlet.java:898)
	at javax.servlet.http.HttpServlet.service(HttpServlet.java:626)
	at org.springframework.web.servlet.FrameworkServlet.service(FrameworkServlet.java:883)
	at javax.servlet.http.HttpServlet.service(HttpServlet.java:733)
	at org.apache.catalina.core.ApplicationFilterChain.internalDoFilter(ApplicationFilterChain.java:227)
	at org.apache.catalina.core.ApplicationFilterChain.doFilter(ApplicationFilterChain.java:162)
	at org.apache.tomcat.websocket.server.WsFilter.doFilter(WsFilter.java:53)
	at org.apache.catalina.core.ApplicationFilterChain.internalDoFilter(ApplicationFilterChain.java:189)
	at org.apache.catalina.core.ApplicationFilterChain.doFilter(ApplicationFilterChain.java:162)
	at org.springframework.web.filter.CorsFilter.doFilterInternal(CorsFilter.java:92)
	at org.springframework.web.filter.OncePerRequestFilter.doFilter(OncePerRequestFilter.java:119)
	at org.apache.catalina.core.ApplicationFilterChain.internalDoFilter(ApplicationFilterChain.java:189)
	at org.apache.catalina.core.ApplicationFilterChain.doFilter(ApplicationFilterChain.java:162)
	at org.springframework.web.filter.RequestContextFilter.doFilterInternal(RequestContextFilter.java:100)
	at org.springframework.web.filter.OncePerRequestFilter.doFilter(OncePerRequestFilter.java:119)
	at org.apache.catalina.core.ApplicationFilterChain.internalDoFilter(ApplicationFilterChain.java:189)
	at org.apache.catalina.core.ApplicationFilterChain.doFilter(ApplicationFilterChain.java:162)
	at org.springframework.web.filter.FormContentFilter.doFilterInternal(FormContentFilter.java:93)
	at org.springframework.web.filter.OncePerRequestFilter.doFilter(OncePerRequestFilter.java:119)
	at org.apache.catalina.core.ApplicationFilterChain.internalDoFilter(ApplicationFilterChain.java:189)
	at org.apache.catalina.core.ApplicationFilterChain.doFilter(ApplicationFilterChain.java:162)
	at org.springframework.web.filter.CharacterEncodingFilter.doFilterInternal(CharacterEncodingFilter.java:201)
	at org.springframework.web.filter.OncePerRequestFilter.doFilter(OncePerRequestFilter.java:119)
	at org.apache.catalina.core.ApplicationFilterChain.internalDoFilter(ApplicationFilterChain.java:189)
	at org.apache.catalina.core.ApplicationFilterChain.doFilter(ApplicationFilterChain.java:162)
	at org.apache.catalina.core.StandardWrapperValve.invoke(StandardWrapperValve.java:202)
	at org.apache.catalina.core.StandardContextValve.invoke(StandardContextValve.java:97)
	at org.apache.catalina.authenticator.AuthenticatorBase.invoke(AuthenticatorBase.java:542)
	at org.apache.catalina.core.StandardHostValve.invoke(StandardHostValve.java:143)
	at org.apache.catalina.valves.ErrorReportValve.invoke(ErrorReportValve.java:92)
	at org.apache.catalina.core.StandardEngineValve.invoke(StandardEngineValve.java:78)
	at org.apache.catalina.connector.CoyoteAdapter.service(CoyoteAdapter.java:357)
	at org.apache.coyote.http11.Http11Processor.service(Http11Processor.java:374)
	at org.apache.coyote.AbstractProcessorLight.process(AbstractProcessorLight.java:65)
	at org.apache.coyote.AbstractProtocol$ConnectionHandler.process(AbstractProtocol.java:893)
	at org.apache.tomcat.util.net.NioEndpoint$SocketProcessor.doRun(NioEndpoint.java:1707)
	at org.apache.tomcat.util.net.SocketProcessorBase.run(SocketProcessorBase.java:49)
	at java.util.concurrent.ThreadPoolExecutor.runWorker(ThreadPoolExecutor.java:1149)
	at java.util.concurrent.ThreadPoolExecutor$Worker.run(ThreadPoolExecutor.java:624)
	at org.apache.tomcat.util.threads.TaskThread$WrappingRunnable.run(TaskThread.java:61)
	at java.lang.Thread.run(Thread.java:748)
Caused by: java.io.IOException: 你的主机中的软件中止了一个已建立的连接。
	at sun.nio.ch.SocketDispatcher.write0(Native Method)
	at sun.nio.ch.SocketDispatcher.write(SocketDispatcher.java:51)
	at sun.nio.ch.IOUtil.writeFromNativeBuffer(IOUtil.java:93)
	at sun.nio.ch.IOUtil.write(IOUtil.java:65)
	at sun.nio.ch.SocketChannelImpl.write(SocketChannelImpl.java:469)
	at org.apache.tomcat.util.net.NioChannel.write(NioChannel.java:135)
	at org.apache.tomcat.util.net.NioBlockingSelector.write(NioBlockingSelector.java:118)
	at org.apache.tomcat.util.net.NioSelectorPool.write(NioSelectorPool.java:151)
	at org.apache.tomcat.util.net.NioEndpoint$NioSocketWrapper.doWrite(NioEndpoint.java:1367)
	at org.apache.tomcat.util.net.SocketWrapperBase.doWrite(SocketWrapperBase.java:766)
	at org.apache.tomcat.util.net.SocketWrapperBase.flushBlocking(SocketWrapperBase.java:719)
	at org.apache.tomcat.util.net.SocketWrapperBase.flush(SocketWrapperBase.java:709)
	at org.apache.coyote.http11.Http11OutputBuffer$SocketOutputBuffer.flush(Http11OutputBuffer.java:572)
	at org.apache.coyote.http11.filters.IdentityOutputFilter.flush(IdentityOutputFilter.java:117)
	at org.apache.coyote.http11.Http11OutputBuffer.flush(Http11OutputBuffer.java:220)
	at org.apache.coyote.http11.Http11Processor.flush(Http11Processor.java:1196)
	at org.apache.coyote.AbstractProcessor.action(AbstractProcessor.java:402)
	at org.apache.coyote.Response.action(Response.java:209)
	at org.apache.catalina.connector.OutputBuffer.doFlush(OutputBuffer.java:306)
	... 58 more

2022-02-14 19:49:34.914 [http-nio-8081-exec-2] ERROR com.novedu.nov.common.aspect.NovExceptionHandler -
                org.apache.catalina.connector.ClientAbortException: java.io.IOException: 你的主机中的软件中止了一个已建立的连接。
	at org.apache.catalina.connector.OutputBuffer.doFlush(OutputBuffer.java:310)
	at org.apache.catalina.connector.OutputBuffer.flush(OutputBuffer.java:273)
	at org.apache.catalina.connector.CoyoteOutputStream.flush(CoyoteOutputStream.java:118)
	at java.io.FilterOutputStream.flush(FilterOutputStream.java:140)
	at com.fasterxml.jackson.core.json.UTF8JsonGenerator.flush(UTF8JsonGenerator.java:1178)
	at com.fasterxml.jackson.databind.ObjectWriter.writeValue(ObjectWriter.java:1008)
	at org.springframework.http.converter.json.AbstractJackson2HttpMessageConverter.writeInternal(AbstractJackson2HttpMessageConverter.java:346)
	at org.springframework.http.converter.AbstractGenericHttpMessageConverter.write(AbstractGenericHttpMessageConverter.java:104)
	at org.springframework.web.servlet.mvc.method.annotation.AbstractMessageConverterMethodProcessor.writeWithMessageConverters(AbstractMessageConverterMethodProcessor.java:277)
	at org.springframework.web.servlet.mvc.method.annotation.RequestResponseBodyMethodProcessor.handleReturnValue(RequestResponseBodyMethodProcessor.java:181)
	at org.springframework.web.method.support.HandlerMethodReturnValueHandlerComposite.handleReturnValue(HandlerMethodReturnValueHandlerComposite.java:82)
	at org.springframework.web.servlet.mvc.method.annotation.ServletInvocableHandlerMethod.invokeAndHandle(ServletInvocableHandlerMethod.java:123)
	at org.springframework.web.servlet.mvc.method.annotation.RequestMappingHandlerAdapter.invokeHandlerMethod(RequestMappingHandlerAdapter.java:878)
	at org.springframework.web.servlet.mvc.method.annotation.RequestMappingHandlerAdapter.handleInternal(RequestMappingHandlerAdapter.java:792)
	at org.springframework.web.servlet.mvc.method.AbstractHandlerMethodAdapter.handle(AbstractHandlerMethodAdapter.java:87)
	at org.springframework.web.servlet.DispatcherServlet.doDispatch(DispatcherServlet.java:1040)
	at org.springframework.web.servlet.DispatcherServlet.doService(DispatcherServlet.java:943)
	at org.springframework.web.servlet.FrameworkServlet.processRequest(FrameworkServlet.java:1006)
	at org.springframework.web.servlet.FrameworkServlet.doGet(FrameworkServlet.java:898)
	at javax.servlet.http.HttpServlet.service(HttpServlet.java:626)
	at org.springframework.web.servlet.FrameworkServlet.service(FrameworkServlet.java:883)
	at javax.servlet.http.HttpServlet.service(HttpServlet.java:733)
	at org.apache.catalina.core.ApplicationFilterChain.internalDoFilter(ApplicationFilterChain.java:227)
	at org.apache.catalina.core.ApplicationFilterChain.doFilter(ApplicationFilterChain.java:162)
	at org.apache.tomcat.websocket.server.WsFilter.doFilter(WsFilter.java:53)
	at org.apache.catalina.core.ApplicationFilterChain.internalDoFilter(ApplicationFilterChain.java:189)
	at org.apache.catalina.core.ApplicationFilterChain.doFilter(ApplicationFilterChain.java:162)
	at org.springframework.web.filter.CorsFilter.doFilterInternal(CorsFilter.java:92)
	at org.springframework.web.filter.OncePerRequestFilter.doFilter(OncePerRequestFilter.java:119)
	at org.apache.catalina.core.ApplicationFilterChain.internalDoFilter(ApplicationFilterChain.java:189)
	at org.apache.catalina.core.ApplicationFilterChain.doFilter(ApplicationFilterChain.java:162)
	at org.springframework.web.filter.RequestContextFilter.doFilterInternal(RequestContextFilter.java:100)
	at org.springframework.web.filter.OncePerRequestFilter.doFilter(OncePerRequestFilter.java:119)
	at org.apache.catalina.core.ApplicationFilterChain.internalDoFilter(ApplicationFilterChain.java:189)
	at org.apache.catalina.core.ApplicationFilterChain.doFilter(ApplicationFilterChain.java:162)
	at org.springframework.web.filter.FormContentFilter.doFilterInternal(FormContentFilter.java:93)
	at org.springframework.web.filter.OncePerRequestFilter.doFilter(OncePerRequestFilter.java:119)
	at org.apache.catalina.core.ApplicationFilterChain.internalDoFilter(ApplicationFilterChain.java:189)
	at org.apache.catalina.core.ApplicationFilterChain.doFilter(ApplicationFilterChain.java:162)
	at org.springframework.web.filter.CharacterEncodingFilter.doFilterInternal(CharacterEncodingFilter.java:201)
	at org.springframework.web.filter.OncePerRequestFilter.doFilter(OncePerRequestFilter.java:119)
	at org.apache.catalina.core.ApplicationFilterChain.internalDoFilter(ApplicationFilterChain.java:189)
	at org.apache.catalina.core.ApplicationFilterChain.doFilter(ApplicationFilterChain.java:162)
	at org.apache.catalina.core.StandardWrapperValve.invoke(StandardWrapperValve.java:202)
	at org.apache.catalina.core.StandardContextValve.invoke(StandardContextValve.java:97)
	at org.apache.catalina.authenticator.AuthenticatorBase.invoke(AuthenticatorBase.java:542)
	at org.apache.catalina.core.StandardHostValve.invoke(StandardHostValve.java:143)
	at org.apache.catalina.valves.ErrorReportValve.invoke(ErrorReportValve.java:92)
	at org.apache.catalina.core.StandardEngineValve.invoke(StandardEngineValve.java:78)
	at org.apache.catalina.connector.CoyoteAdapter.service(CoyoteAdapter.java:357)
	at org.apache.coyote.http11.Http11Processor.service(Http11Processor.java:374)
	at org.apache.coyote.AbstractProcessorLight.process(AbstractProcessorLight.java:65)
	at org.apache.coyote.AbstractProtocol$ConnectionHandler.process(AbstractProtocol.java:893)
	at org.apache.tomcat.util.net.NioEndpoint$SocketProcessor.doRun(NioEndpoint.java:1707)
	at org.apache.tomcat.util.net.SocketProcessorBase.run(SocketProcessorBase.java:49)
	at java.util.concurrent.ThreadPoolExecutor.runWorker(ThreadPoolExecutor.java:1149)
	at java.util.concurrent.ThreadPoolExecutor$Worker.run(ThreadPoolExecutor.java:624)
	at org.apache.tomcat.util.threads.TaskThread$WrappingRunnable.run(TaskThread.java:61)
	at java.lang.Thread.run(Thread.java:748)
Caused by: java.io.IOException: 你的主机中的软件中止了一个已建立的连接。
	at sun.nio.ch.SocketDispatcher.write0(Native Method)
	at sun.nio.ch.SocketDispatcher.write(SocketDispatcher.java:51)
	at sun.nio.ch.IOUtil.writeFromNativeBuffer(IOUtil.java:93)
	at sun.nio.ch.IOUtil.write(IOUtil.java:65)
	at sun.nio.ch.SocketChannelImpl.write(SocketChannelImpl.java:469)
	at org.apache.tomcat.util.net.NioChannel.write(NioChannel.java:135)
	at org.apache.tomcat.util.net.NioBlockingSelector.write(NioBlockingSelector.java:118)
	at org.apache.tomcat.util.net.NioSelectorPool.write(NioSelectorPool.java:151)
	at org.apache.tomcat.util.net.NioEndpoint$NioSocketWrapper.doWrite(NioEndpoint.java:1367)
	at org.apache.tomcat.util.net.SocketWrapperBase.doWrite(SocketWrapperBase.java:766)
	at org.apache.tomcat.util.net.SocketWrapperBase.flushBlocking(SocketWrapperBase.java:719)
	at org.apache.tomcat.util.net.SocketWrapperBase.flush(SocketWrapperBase.java:709)
	at org.apache.coyote.http11.Http11OutputBuffer$SocketOutputBuffer.flush(Http11OutputBuffer.java:572)
	at org.apache.coyote.http11.filters.IdentityOutputFilter.flush(IdentityOutputFilter.java:117)
	at org.apache.coyote.http11.Http11OutputBuffer.flush(Http11OutputBuffer.java:220)
	at org.apache.coyote.http11.Http11Processor.flush(Http11Processor.java:1196)
	at org.apache.coyote.AbstractProcessor.action(AbstractProcessor.java:402)
	at org.apache.coyote.Response.action(Response.java:209)
	at org.apache.catalina.connector.OutputBuffer.doFlush(OutputBuffer.java:306)
	... 58 more

2022-02-14 19:49:34.937 [http-nio-8081-exec-9] ERROR com.novedu.nov.common.aspect.NovExceptionHandler -
                org.apache.catalina.connector.ClientAbortException: java.io.IOException: 你的主机中的软件中止了一个已建立的连接。
	at org.apache.catalina.connector.OutputBuffer.doFlush(OutputBuffer.java:310)
	at org.apache.catalina.connector.OutputBuffer.flush(OutputBuffer.java:273)
	at org.apache.catalina.connector.CoyoteOutputStream.flush(CoyoteOutputStream.java:118)
	at java.io.FilterOutputStream.flush(FilterOutputStream.java:140)
	at com.fasterxml.jackson.core.json.UTF8JsonGenerator.flush(UTF8JsonGenerator.java:1178)
	at com.fasterxml.jackson.databind.ObjectWriter.writeValue(ObjectWriter.java:1008)
	at org.springframework.http.converter.json.AbstractJackson2HttpMessageConverter.writeInternal(AbstractJackson2HttpMessageConverter.java:346)
	at org.springframework.http.converter.AbstractGenericHttpMessageConverter.write(AbstractGenericHttpMessageConverter.java:104)
	at org.springframework.web.servlet.mvc.method.annotation.AbstractMessageConverterMethodProcessor.writeWithMessageConverters(AbstractMessageConverterMethodProcessor.java:277)
	at org.springframework.web.servlet.mvc.method.annotation.RequestResponseBodyMethodProcessor.handleReturnValue(RequestResponseBodyMethodProcessor.java:181)
	at org.springframework.web.method.support.HandlerMethodReturnValueHandlerComposite.handleReturnValue(HandlerMethodReturnValueHandlerComposite.java:82)
	at org.springframework.web.servlet.mvc.method.annotation.ServletInvocableHandlerMethod.invokeAndHandle(ServletInvocableHandlerMethod.java:123)
	at org.springframework.web.servlet.mvc.method.annotation.RequestMappingHandlerAdapter.invokeHandlerMethod(RequestMappingHandlerAdapter.java:878)
	at org.springframework.web.servlet.mvc.method.annotation.RequestMappingHandlerAdapter.handleInternal(RequestMappingHandlerAdapter.java:792)
	at org.springframework.web.servlet.mvc.method.AbstractHandlerMethodAdapter.handle(AbstractHandlerMethodAdapter.java:87)
	at org.springframework.web.servlet.DispatcherServlet.doDispatch(DispatcherServlet.java:1040)
	at org.springframework.web.servlet.DispatcherServlet.doService(DispatcherServlet.java:943)
	at org.springframework.web.servlet.FrameworkServlet.processRequest(FrameworkServlet.java:1006)
	at org.springframework.web.servlet.FrameworkServlet.doGet(FrameworkServlet.java:898)
	at javax.servlet.http.HttpServlet.service(HttpServlet.java:626)
	at org.springframework.web.servlet.FrameworkServlet.service(FrameworkServlet.java:883)
	at javax.servlet.http.HttpServlet.service(HttpServlet.java:733)
	at org.apache.catalina.core.ApplicationFilterChain.internalDoFilter(ApplicationFilterChain.java:227)
	at org.apache.catalina.core.ApplicationFilterChain.doFilter(ApplicationFilterChain.java:162)
	at org.apache.tomcat.websocket.server.WsFilter.doFilter(WsFilter.java:53)
	at org.apache.catalina.core.ApplicationFilterChain.internalDoFilter(ApplicationFilterChain.java:189)
	at org.apache.catalina.core.ApplicationFilterChain.doFilter(ApplicationFilterChain.java:162)
	at org.springframework.web.filter.CorsFilter.doFilterInternal(CorsFilter.java:92)
	at org.springframework.web.filter.OncePerRequestFilter.doFilter(OncePerRequestFilter.java:119)
	at org.apache.catalina.core.ApplicationFilterChain.internalDoFilter(ApplicationFilterChain.java:189)
	at org.apache.catalina.core.ApplicationFilterChain.doFilter(ApplicationFilterChain.java:162)
	at org.springframework.web.filter.RequestContextFilter.doFilterInternal(RequestContextFilter.java:100)
	at org.springframework.web.filter.OncePerRequestFilter.doFilter(OncePerRequestFilter.java:119)
	at org.apache.catalina.core.ApplicationFilterChain.internalDoFilter(ApplicationFilterChain.java:189)
	at org.apache.catalina.core.ApplicationFilterChain.doFilter(ApplicationFilterChain.java:162)
	at org.springframework.web.filter.FormContentFilter.doFilterInternal(FormContentFilter.java:93)
	at org.springframework.web.filter.OncePerRequestFilter.doFilter(OncePerRequestFilter.java:119)
	at org.apache.catalina.core.ApplicationFilterChain.internalDoFilter(ApplicationFilterChain.java:189)
	at org.apache.catalina.core.ApplicationFilterChain.doFilter(ApplicationFilterChain.java:162)
	at org.springframework.web.filter.CharacterEncodingFilter.doFilterInternal(CharacterEncodingFilter.java:201)
	at org.springframework.web.filter.OncePerRequestFilter.doFilter(OncePerRequestFilter.java:119)
	at org.apache.catalina.core.ApplicationFilterChain.internalDoFilter(ApplicationFilterChain.java:189)
	at org.apache.catalina.core.ApplicationFilterChain.doFilter(ApplicationFilterChain.java:162)
	at org.apache.catalina.core.StandardWrapperValve.invoke(StandardWrapperValve.java:202)
	at org.apache.catalina.core.StandardContextValve.invoke(StandardContextValve.java:97)
	at org.apache.catalina.authenticator.AuthenticatorBase.invoke(AuthenticatorBase.java:542)
	at org.apache.catalina.core.StandardHostValve.invoke(StandardHostValve.java:143)
	at org.apache.catalina.valves.ErrorReportValve.invoke(ErrorReportValve.java:92)
	at org.apache.catalina.core.StandardEngineValve.invoke(StandardEngineValve.java:78)
	at org.apache.catalina.connector.CoyoteAdapter.service(CoyoteAdapter.java:357)
	at org.apache.coyote.http11.Http11Processor.service(Http11Processor.java:374)
	at org.apache.coyote.AbstractProcessorLight.process(AbstractProcessorLight.java:65)
	at org.apache.coyote.AbstractProtocol$ConnectionHandler.process(AbstractProtocol.java:893)
	at org.apache.tomcat.util.net.NioEndpoint$SocketProcessor.doRun(NioEndpoint.java:1707)
	at org.apache.tomcat.util.net.SocketProcessorBase.run(SocketProcessorBase.java:49)
	at java.util.concurrent.ThreadPoolExecutor.runWorker(ThreadPoolExecutor.java:1149)
	at java.util.concurrent.ThreadPoolExecutor$Worker.run(ThreadPoolExecutor.java:624)
	at org.apache.tomcat.util.threads.TaskThread$WrappingRunnable.run(TaskThread.java:61)
	at java.lang.Thread.run(Thread.java:748)
Caused by: java.io.IOException: 你的主机中的软件中止了一个已建立的连接。
	at sun.nio.ch.SocketDispatcher.write0(Native Method)
	at sun.nio.ch.SocketDispatcher.write(SocketDispatcher.java:51)
	at sun.nio.ch.IOUtil.writeFromNativeBuffer(IOUtil.java:93)
	at sun.nio.ch.IOUtil.write(IOUtil.java:65)
	at sun.nio.ch.SocketChannelImpl.write(SocketChannelImpl.java:469)
	at org.apache.tomcat.util.net.NioChannel.write(NioChannel.java:135)
	at org.apache.tomcat.util.net.NioBlockingSelector.write(NioBlockingSelector.java:118)
	at org.apache.tomcat.util.net.NioSelectorPool.write(NioSelectorPool.java:151)
	at org.apache.tomcat.util.net.NioEndpoint$NioSocketWrapper.doWrite(NioEndpoint.java:1367)
	at org.apache.tomcat.util.net.SocketWrapperBase.doWrite(SocketWrapperBase.java:766)
	at org.apache.tomcat.util.net.SocketWrapperBase.flushBlocking(SocketWrapperBase.java:719)
	at org.apache.tomcat.util.net.SocketWrapperBase.flush(SocketWrapperBase.java:709)
	at org.apache.coyote.http11.Http11OutputBuffer$SocketOutputBuffer.flush(Http11OutputBuffer.java:572)
	at org.apache.coyote.http11.filters.IdentityOutputFilter.flush(IdentityOutputFilter.java:117)
	at org.apache.coyote.http11.Http11OutputBuffer.flush(Http11OutputBuffer.java:220)
	at org.apache.coyote.http11.Http11Processor.flush(Http11Processor.java:1196)
	at org.apache.coyote.AbstractProcessor.action(AbstractProcessor.java:402)
	at org.apache.coyote.Response.action(Response.java:209)
	at org.apache.catalina.connector.OutputBuffer.doFlush(OutputBuffer.java:306)
	... 58 more

2022-02-14 19:49:34.958 [http-nio-8081-exec-18] ERROR com.novedu.nov.common.aspect.NovExceptionHandler -
                org.apache.catalina.connector.ClientAbortException: java.io.IOException: 你的主机中的软件中止了一个已建立的连接。
	at org.apache.catalina.connector.OutputBuffer.doFlush(OutputBuffer.java:310)
	at org.apache.catalina.connector.OutputBuffer.flush(OutputBuffer.java:273)
	at org.apache.catalina.connector.CoyoteOutputStream.flush(CoyoteOutputStream.java:118)
	at java.io.FilterOutputStream.flush(FilterOutputStream.java:140)
	at com.fasterxml.jackson.core.json.UTF8JsonGenerator.flush(UTF8JsonGenerator.java:1178)
	at com.fasterxml.jackson.databind.ObjectWriter.writeValue(ObjectWriter.java:1008)
	at org.springframework.http.converter.json.AbstractJackson2HttpMessageConverter.writeInternal(AbstractJackson2HttpMessageConverter.java:346)
	at org.springframework.http.converter.AbstractGenericHttpMessageConverter.write(AbstractGenericHttpMessageConverter.java:104)
	at org.springframework.web.servlet.mvc.method.annotation.AbstractMessageConverterMethodProcessor.writeWithMessageConverters(AbstractMessageConverterMethodProcessor.java:277)
	at org.springframework.web.servlet.mvc.method.annotation.RequestResponseBodyMethodProcessor.handleReturnValue(RequestResponseBodyMethodProcessor.java:181)
	at org.springframework.web.method.support.HandlerMethodReturnValueHandlerComposite.handleReturnValue(HandlerMethodReturnValueHandlerComposite.java:82)
	at org.springframework.web.servlet.mvc.method.annotation.ServletInvocableHandlerMethod.invokeAndHandle(ServletInvocableHandlerMethod.java:123)
	at org.springframework.web.servlet.mvc.method.annotation.RequestMappingHandlerAdapter.invokeHandlerMethod(RequestMappingHandlerAdapter.java:878)
	at org.springframework.web.servlet.mvc.method.annotation.RequestMappingHandlerAdapter.handleInternal(RequestMappingHandlerAdapter.java:792)
	at org.springframework.web.servlet.mvc.method.AbstractHandlerMethodAdapter.handle(AbstractHandlerMethodAdapter.java:87)
	at org.springframework.web.servlet.DispatcherServlet.doDispatch(DispatcherServlet.java:1040)
	at org.springframework.web.servlet.DispatcherServlet.doService(DispatcherServlet.java:943)
	at org.springframework.web.servlet.FrameworkServlet.processRequest(FrameworkServlet.java:1006)
	at org.springframework.web.servlet.FrameworkServlet.doGet(FrameworkServlet.java:898)
	at javax.servlet.http.HttpServlet.service(HttpServlet.java:626)
	at org.springframework.web.servlet.FrameworkServlet.service(FrameworkServlet.java:883)
	at javax.servlet.http.HttpServlet.service(HttpServlet.java:733)
	at org.apache.catalina.core.ApplicationFilterChain.internalDoFilter(ApplicationFilterChain.java:227)
	at org.apache.catalina.core.ApplicationFilterChain.doFilter(ApplicationFilterChain.java:162)
	at org.apache.tomcat.websocket.server.WsFilter.doFilter(WsFilter.java:53)
	at org.apache.catalina.core.ApplicationFilterChain.internalDoFilter(ApplicationFilterChain.java:189)
	at org.apache.catalina.core.ApplicationFilterChain.doFilter(ApplicationFilterChain.java:162)
	at org.springframework.web.filter.CorsFilter.doFilterInternal(CorsFilter.java:92)
	at org.springframework.web.filter.OncePerRequestFilter.doFilter(OncePerRequestFilter.java:119)
	at org.apache.catalina.core.ApplicationFilterChain.internalDoFilter(ApplicationFilterChain.java:189)
	at org.apache.catalina.core.ApplicationFilterChain.doFilter(ApplicationFilterChain.java:162)
	at org.springframework.web.filter.RequestContextFilter.doFilterInternal(RequestContextFilter.java:100)
	at org.springframework.web.filter.OncePerRequestFilter.doFilter(OncePerRequestFilter.java:119)
	at org.apache.catalina.core.ApplicationFilterChain.internalDoFilter(ApplicationFilterChain.java:189)
	at org.apache.catalina.core.ApplicationFilterChain.doFilter(ApplicationFilterChain.java:162)
	at org.springframework.web.filter.FormContentFilter.doFilterInternal(FormContentFilter.java:93)
	at org.springframework.web.filter.OncePerRequestFilter.doFilter(OncePerRequestFilter.java:119)
	at org.apache.catalina.core.ApplicationFilterChain.internalDoFilter(ApplicationFilterChain.java:189)
	at org.apache.catalina.core.ApplicationFilterChain.doFilter(ApplicationFilterChain.java:162)
	at org.springframework.web.filter.CharacterEncodingFilter.doFilterInternal(CharacterEncodingFilter.java:201)
	at org.springframework.web.filter.OncePerRequestFilter.doFilter(OncePerRequestFilter.java:119)
	at org.apache.catalina.core.ApplicationFilterChain.internalDoFilter(ApplicationFilterChain.java:189)
	at org.apache.catalina.core.ApplicationFilterChain.doFilter(ApplicationFilterChain.java:162)
	at org.apache.catalina.core.StandardWrapperValve.invoke(StandardWrapperValve.java:202)
	at org.apache.catalina.core.StandardContextValve.invoke(StandardContextValve.java:97)
	at org.apache.catalina.authenticator.AuthenticatorBase.invoke(AuthenticatorBase.java:542)
	at org.apache.catalina.core.StandardHostValve.invoke(StandardHostValve.java:143)
	at org.apache.catalina.valves.ErrorReportValve.invoke(ErrorReportValve.java:92)
	at org.apache.catalina.core.StandardEngineValve.invoke(StandardEngineValve.java:78)
	at org.apache.catalina.connector.CoyoteAdapter.service(CoyoteAdapter.java:357)
	at org.apache.coyote.http11.Http11Processor.service(Http11Processor.java:374)
	at org.apache.coyote.AbstractProcessorLight.process(AbstractProcessorLight.java:65)
	at org.apache.coyote.AbstractProtocol$ConnectionHandler.process(AbstractProtocol.java:893)
	at org.apache.tomcat.util.net.NioEndpoint$SocketProcessor.doRun(NioEndpoint.java:1707)
	at org.apache.tomcat.util.net.SocketProcessorBase.run(SocketProcessorBase.java:49)
	at java.util.concurrent.ThreadPoolExecutor.runWorker(ThreadPoolExecutor.java:1149)
	at java.util.concurrent.ThreadPoolExecutor$Worker.run(ThreadPoolExecutor.java:624)
	at org.apache.tomcat.util.threads.TaskThread$WrappingRunnable.run(TaskThread.java:61)
	at java.lang.Thread.run(Thread.java:748)
Caused by: java.io.IOException: 你的主机中的软件中止了一个已建立的连接。
	at sun.nio.ch.SocketDispatcher.write0(Native Method)
	at sun.nio.ch.SocketDispatcher.write(SocketDispatcher.java:51)
	at sun.nio.ch.IOUtil.writeFromNativeBuffer(IOUtil.java:93)
	at sun.nio.ch.IOUtil.write(IOUtil.java:65)
	at sun.nio.ch.SocketChannelImpl.write(SocketChannelImpl.java:469)
	at org.apache.tomcat.util.net.NioChannel.write(NioChannel.java:135)
	at org.apache.tomcat.util.net.NioBlockingSelector.write(NioBlockingSelector.java:118)
	at org.apache.tomcat.util.net.NioSelectorPool.write(NioSelectorPool.java:151)
	at org.apache.tomcat.util.net.NioEndpoint$NioSocketWrapper.doWrite(NioEndpoint.java:1367)
	at org.apache.tomcat.util.net.SocketWrapperBase.doWrite(SocketWrapperBase.java:766)
	at org.apache.tomcat.util.net.SocketWrapperBase.flushBlocking(SocketWrapperBase.java:719)
	at org.apache.tomcat.util.net.SocketWrapperBase.flush(SocketWrapperBase.java:709)
	at org.apache.coyote.http11.Http11OutputBuffer$SocketOutputBuffer.flush(Http11OutputBuffer.java:572)
	at org.apache.coyote.http11.filters.IdentityOutputFilter.flush(IdentityOutputFilter.java:117)
	at org.apache.coyote.http11.Http11OutputBuffer.flush(Http11OutputBuffer.java:220)
	at org.apache.coyote.http11.Http11Processor.flush(Http11Processor.java:1196)
	at org.apache.coyote.AbstractProcessor.action(AbstractProcessor.java:402)
	at org.apache.coyote.Response.action(Response.java:209)
	at org.apache.catalina.connector.OutputBuffer.doFlush(OutputBuffer.java:306)
	... 58 more

2022-02-14 19:49:35.002 [http-nio-8081-exec-4] ERROR com.novedu.nov.common.aspect.NovExceptionHandler -
                org.apache.catalina.connector.ClientAbortException: java.io.IOException: 你的主机中的软件中止了一个已建立的连接。
	at org.apache.catalina.connector.OutputBuffer.doFlush(OutputBuffer.java:310)
	at org.apache.catalina.connector.OutputBuffer.flush(OutputBuffer.java:273)
	at org.apache.catalina.connector.CoyoteOutputStream.flush(CoyoteOutputStream.java:118)
	at java.io.FilterOutputStream.flush(FilterOutputStream.java:140)
	at com.fasterxml.jackson.core.json.UTF8JsonGenerator.flush(UTF8JsonGenerator.java:1178)
	at com.fasterxml.jackson.databind.ObjectWriter.writeValue(ObjectWriter.java:1008)
	at org.springframework.http.converter.json.AbstractJackson2HttpMessageConverter.writeInternal(AbstractJackson2HttpMessageConverter.java:346)
	at org.springframework.http.converter.AbstractGenericHttpMessageConverter.write(AbstractGenericHttpMessageConverter.java:104)
	at org.springframework.web.servlet.mvc.method.annotation.AbstractMessageConverterMethodProcessor.writeWithMessageConverters(AbstractMessageConverterMethodProcessor.java:277)
	at org.springframework.web.servlet.mvc.method.annotation.RequestResponseBodyMethodProcessor.handleReturnValue(RequestResponseBodyMethodProcessor.java:181)
	at org.springframework.web.method.support.HandlerMethodReturnValueHandlerComposite.handleReturnValue(HandlerMethodReturnValueHandlerComposite.java:82)
	at org.springframework.web.servlet.mvc.method.annotation.ServletInvocableHandlerMethod.invokeAndHandle(ServletInvocableHandlerMethod.java:123)
	at org.springframework.web.servlet.mvc.method.annotation.RequestMappingHandlerAdapter.invokeHandlerMethod(RequestMappingHandlerAdapter.java:878)
	at org.springframework.web.servlet.mvc.method.annotation.RequestMappingHandlerAdapter.handleInternal(RequestMappingHandlerAdapter.java:792)
	at org.springframework.web.servlet.mvc.method.AbstractHandlerMethodAdapter.handle(AbstractHandlerMethodAdapter.java:87)
	at org.springframework.web.servlet.DispatcherServlet.doDispatch(DispatcherServlet.java:1040)
	at org.springframework.web.servlet.DispatcherServlet.doService(DispatcherServlet.java:943)
	at org.springframework.web.servlet.FrameworkServlet.processRequest(FrameworkServlet.java:1006)
	at org.springframework.web.servlet.FrameworkServlet.doGet(FrameworkServlet.java:898)
	at javax.servlet.http.HttpServlet.service(HttpServlet.java:626)
	at org.springframework.web.servlet.FrameworkServlet.service(FrameworkServlet.java:883)
	at javax.servlet.http.HttpServlet.service(HttpServlet.java:733)
	at org.apache.catalina.core.ApplicationFilterChain.internalDoFilter(ApplicationFilterChain.java:227)
	at org.apache.catalina.core.ApplicationFilterChain.doFilter(ApplicationFilterChain.java:162)
	at org.apache.tomcat.websocket.server.WsFilter.doFilter(WsFilter.java:53)
	at org.apache.catalina.core.ApplicationFilterChain.internalDoFilter(ApplicationFilterChain.java:189)
	at org.apache.catalina.core.ApplicationFilterChain.doFilter(ApplicationFilterChain.java:162)
	at org.springframework.web.filter.CorsFilter.doFilterInternal(CorsFilter.java:92)
	at org.springframework.web.filter.OncePerRequestFilter.doFilter(OncePerRequestFilter.java:119)
	at org.apache.catalina.core.ApplicationFilterChain.internalDoFilter(ApplicationFilterChain.java:189)
	at org.apache.catalina.core.ApplicationFilterChain.doFilter(ApplicationFilterChain.java:162)
	at org.springframework.web.filter.RequestContextFilter.doFilterInternal(RequestContextFilter.java:100)
	at org.springframework.web.filter.OncePerRequestFilter.doFilter(OncePerRequestFilter.java:119)
	at org.apache.catalina.core.ApplicationFilterChain.internalDoFilter(ApplicationFilterChain.java:189)
	at org.apache.catalina.core.ApplicationFilterChain.doFilter(ApplicationFilterChain.java:162)
	at org.springframework.web.filter.FormContentFilter.doFilterInternal(FormContentFilter.java:93)
	at org.springframework.web.filter.OncePerRequestFilter.doFilter(OncePerRequestFilter.java:119)
	at org.apache.catalina.core.ApplicationFilterChain.internalDoFilter(ApplicationFilterChain.java:189)
	at org.apache.catalina.core.ApplicationFilterChain.doFilter(ApplicationFilterChain.java:162)
	at org.springframework.web.filter.CharacterEncodingFilter.doFilterInternal(CharacterEncodingFilter.java:201)
	at org.springframework.web.filter.OncePerRequestFilter.doFilter(OncePerRequestFilter.java:119)
	at org.apache.catalina.core.ApplicationFilterChain.internalDoFilter(ApplicationFilterChain.java:189)
	at org.apache.catalina.core.ApplicationFilterChain.doFilter(ApplicationFilterChain.java:162)
	at org.apache.catalina.core.StandardWrapperValve.invoke(StandardWrapperValve.java:202)
	at org.apache.catalina.core.StandardContextValve.invoke(StandardContextValve.java:97)
	at org.apache.catalina.authenticator.AuthenticatorBase.invoke(AuthenticatorBase.java:542)
	at org.apache.catalina.core.StandardHostValve.invoke(StandardHostValve.java:143)
	at org.apache.catalina.valves.ErrorReportValve.invoke(ErrorReportValve.java:92)
	at org.apache.catalina.core.StandardEngineValve.invoke(StandardEngineValve.java:78)
	at org.apache.catalina.connector.CoyoteAdapter.service(CoyoteAdapter.java:357)
	at org.apache.coyote.http11.Http11Processor.service(Http11Processor.java:374)
	at org.apache.coyote.AbstractProcessorLight.process(AbstractProcessorLight.java:65)
	at org.apache.coyote.AbstractProtocol$ConnectionHandler.process(AbstractProtocol.java:893)
	at org.apache.tomcat.util.net.NioEndpoint$SocketProcessor.doRun(NioEndpoint.java:1707)
	at org.apache.tomcat.util.net.SocketProcessorBase.run(SocketProcessorBase.java:49)
	at java.util.concurrent.ThreadPoolExecutor.runWorker(ThreadPoolExecutor.java:1149)
	at java.util.concurrent.ThreadPoolExecutor$Worker.run(ThreadPoolExecutor.java:624)
	at org.apache.tomcat.util.threads.TaskThread$WrappingRunnable.run(TaskThread.java:61)
	at java.lang.Thread.run(Thread.java:748)
Caused by: java.io.IOException: 你的主机中的软件中止了一个已建立的连接。
	at sun.nio.ch.SocketDispatcher.write0(Native Method)
	at sun.nio.ch.SocketDispatcher.write(SocketDispatcher.java:51)
	at sun.nio.ch.IOUtil.writeFromNativeBuffer(IOUtil.java:93)
	at sun.nio.ch.IOUtil.write(IOUtil.java:65)
	at sun.nio.ch.SocketChannelImpl.write(SocketChannelImpl.java:469)
	at org.apache.tomcat.util.net.NioChannel.write(NioChannel.java:135)
	at org.apache.tomcat.util.net.NioBlockingSelector.write(NioBlockingSelector.java:118)
	at org.apache.tomcat.util.net.NioSelectorPool.write(NioSelectorPool.java:151)
	at org.apache.tomcat.util.net.NioEndpoint$NioSocketWrapper.doWrite(NioEndpoint.java:1367)
	at org.apache.tomcat.util.net.SocketWrapperBase.doWrite(SocketWrapperBase.java:766)
	at org.apache.tomcat.util.net.SocketWrapperBase.flushBlocking(SocketWrapperBase.java:719)
	at org.apache.tomcat.util.net.SocketWrapperBase.flush(SocketWrapperBase.java:709)
	at org.apache.coyote.http11.Http11OutputBuffer$SocketOutputBuffer.flush(Http11OutputBuffer.java:572)
	at org.apache.coyote.http11.filters.IdentityOutputFilter.flush(IdentityOutputFilter.java:117)
	at org.apache.coyote.http11.Http11OutputBuffer.flush(Http11OutputBuffer.java:220)
	at org.apache.coyote.http11.Http11Processor.flush(Http11Processor.java:1196)
	at org.apache.coyote.AbstractProcessor.action(AbstractProcessor.java:402)
	at org.apache.coyote.Response.action(Response.java:209)
	at org.apache.catalina.connector.OutputBuffer.doFlush(OutputBuffer.java:306)
	... 58 more

2022-02-14 19:49:35.024 [http-nio-8081-exec-8] ERROR com.novedu.nov.common.aspect.NovExceptionHandler -
                org.apache.catalina.connector.ClientAbortException: java.io.IOException: 你的主机中的软件中止了一个已建立的连接。
	at org.apache.catalina.connector.OutputBuffer.doFlush(OutputBuffer.java:310)
	at org.apache.catalina.connector.OutputBuffer.flush(OutputBuffer.java:273)
	at org.apache.catalina.connector.CoyoteOutputStream.flush(CoyoteOutputStream.java:118)
	at java.io.FilterOutputStream.flush(FilterOutputStream.java:140)
	at com.fasterxml.jackson.core.json.UTF8JsonGenerator.flush(UTF8JsonGenerator.java:1178)
	at com.fasterxml.jackson.databind.ObjectWriter.writeValue(ObjectWriter.java:1008)
	at org.springframework.http.converter.json.AbstractJackson2HttpMessageConverter.writeInternal(AbstractJackson2HttpMessageConverter.java:346)
	at org.springframework.http.converter.AbstractGenericHttpMessageConverter.write(AbstractGenericHttpMessageConverter.java:104)
	at org.springframework.web.servlet.mvc.method.annotation.AbstractMessageConverterMethodProcessor.writeWithMessageConverters(AbstractMessageConverterMethodProcessor.java:277)
	at org.springframework.web.servlet.mvc.method.annotation.RequestResponseBodyMethodProcessor.handleReturnValue(RequestResponseBodyMethodProcessor.java:181)
	at org.springframework.web.method.support.HandlerMethodReturnValueHandlerComposite.handleReturnValue(HandlerMethodReturnValueHandlerComposite.java:82)
	at org.springframework.web.servlet.mvc.method.annotation.ServletInvocableHandlerMethod.invokeAndHandle(ServletInvocableHandlerMethod.java:123)
	at org.springframework.web.servlet.mvc.method.annotation.RequestMappingHandlerAdapter.invokeHandlerMethod(RequestMappingHandlerAdapter.java:878)
	at org.springframework.web.servlet.mvc.method.annotation.RequestMappingHandlerAdapter.handleInternal(RequestMappingHandlerAdapter.java:792)
	at org.springframework.web.servlet.mvc.method.AbstractHandlerMethodAdapter.handle(AbstractHandlerMethodAdapter.java:87)
	at org.springframework.web.servlet.DispatcherServlet.doDispatch(DispatcherServlet.java:1040)
	at org.springframework.web.servlet.DispatcherServlet.doService(DispatcherServlet.java:943)
	at org.springframework.web.servlet.FrameworkServlet.processRequest(FrameworkServlet.java:1006)
	at org.springframework.web.servlet.FrameworkServlet.doGet(FrameworkServlet.java:898)
	at javax.servlet.http.HttpServlet.service(HttpServlet.java:626)
	at org.springframework.web.servlet.FrameworkServlet.service(FrameworkServlet.java:883)
	at javax.servlet.http.HttpServlet.service(HttpServlet.java:733)
	at org.apache.catalina.core.ApplicationFilterChain.internalDoFilter(ApplicationFilterChain.java:227)
	at org.apache.catalina.core.ApplicationFilterChain.doFilter(ApplicationFilterChain.java:162)
	at org.apache.tomcat.websocket.server.WsFilter.doFilter(WsFilter.java:53)
	at org.apache.catalina.core.ApplicationFilterChain.internalDoFilter(ApplicationFilterChain.java:189)
	at org.apache.catalina.core.ApplicationFilterChain.doFilter(ApplicationFilterChain.java:162)
	at org.springframework.web.filter.CorsFilter.doFilterInternal(CorsFilter.java:92)
	at org.springframework.web.filter.OncePerRequestFilter.doFilter(OncePerRequestFilter.java:119)
	at org.apache.catalina.core.ApplicationFilterChain.internalDoFilter(ApplicationFilterChain.java:189)
	at org.apache.catalina.core.ApplicationFilterChain.doFilter(ApplicationFilterChain.java:162)
	at org.springframework.web.filter.RequestContextFilter.doFilterInternal(RequestContextFilter.java:100)
	at org.springframework.web.filter.OncePerRequestFilter.doFilter(OncePerRequestFilter.java:119)
	at org.apache.catalina.core.ApplicationFilterChain.internalDoFilter(ApplicationFilterChain.java:189)
	at org.apache.catalina.core.ApplicationFilterChain.doFilter(ApplicationFilterChain.java:162)
	at org.springframework.web.filter.FormContentFilter.doFilterInternal(FormContentFilter.java:93)
	at org.springframework.web.filter.OncePerRequestFilter.doFilter(OncePerRequestFilter.java:119)
	at org.apache.catalina.core.ApplicationFilterChain.internalDoFilter(ApplicationFilterChain.java:189)
	at org.apache.catalina.core.ApplicationFilterChain.doFilter(ApplicationFilterChain.java:162)
	at org.springframework.web.filter.CharacterEncodingFilter.doFilterInternal(CharacterEncodingFilter.java:201)
	at org.springframework.web.filter.OncePerRequestFilter.doFilter(OncePerRequestFilter.java:119)
	at org.apache.catalina.core.ApplicationFilterChain.internalDoFilter(ApplicationFilterChain.java:189)
	at org.apache.catalina.core.ApplicationFilterChain.doFilter(ApplicationFilterChain.java:162)
	at org.apache.catalina.core.StandardWrapperValve.invoke(StandardWrapperValve.java:202)
	at org.apache.catalina.core.StandardContextValve.invoke(StandardContextValve.java:97)
	at org.apache.catalina.authenticator.AuthenticatorBase.invoke(AuthenticatorBase.java:542)
	at org.apache.catalina.core.StandardHostValve.invoke(StandardHostValve.java:143)
	at org.apache.catalina.valves.ErrorReportValve.invoke(ErrorReportValve.java:92)
	at org.apache.catalina.core.StandardEngineValve.invoke(StandardEngineValve.java:78)
	at org.apache.catalina.connector.CoyoteAdapter.service(CoyoteAdapter.java:357)
	at org.apache.coyote.http11.Http11Processor.service(Http11Processor.java:374)
	at org.apache.coyote.AbstractProcessorLight.process(AbstractProcessorLight.java:65)
	at org.apache.coyote.AbstractProtocol$ConnectionHandler.process(AbstractProtocol.java:893)
	at org.apache.tomcat.util.net.NioEndpoint$SocketProcessor.doRun(NioEndpoint.java:1707)
	at org.apache.tomcat.util.net.SocketProcessorBase.run(SocketProcessorBase.java:49)
	at java.util.concurrent.ThreadPoolExecutor.runWorker(ThreadPoolExecutor.java:1149)
	at java.util.concurrent.ThreadPoolExecutor$Worker.run(ThreadPoolExecutor.java:624)
	at org.apache.tomcat.util.threads.TaskThread$WrappingRunnable.run(TaskThread.java:61)
	at java.lang.Thread.run(Thread.java:748)
Caused by: java.io.IOException: 你的主机中的软件中止了一个已建立的连接。
	at sun.nio.ch.SocketDispatcher.write0(Native Method)
	at sun.nio.ch.SocketDispatcher.write(SocketDispatcher.java:51)
	at sun.nio.ch.IOUtil.writeFromNativeBuffer(IOUtil.java:93)
	at sun.nio.ch.IOUtil.write(IOUtil.java:65)
	at sun.nio.ch.SocketChannelImpl.write(SocketChannelImpl.java:469)
	at org.apache.tomcat.util.net.NioChannel.write(NioChannel.java:135)
	at org.apache.tomcat.util.net.NioBlockingSelector.write(NioBlockingSelector.java:118)
	at org.apache.tomcat.util.net.NioSelectorPool.write(NioSelectorPool.java:151)
	at org.apache.tomcat.util.net.NioEndpoint$NioSocketWrapper.doWrite(NioEndpoint.java:1367)
	at org.apache.tomcat.util.net.SocketWrapperBase.doWrite(SocketWrapperBase.java:766)
	at org.apache.tomcat.util.net.SocketWrapperBase.flushBlocking(SocketWrapperBase.java:719)
	at org.apache.tomcat.util.net.SocketWrapperBase.flush(SocketWrapperBase.java:709)
	at org.apache.coyote.http11.Http11OutputBuffer$SocketOutputBuffer.flush(Http11OutputBuffer.java:572)
	at org.apache.coyote.http11.filters.IdentityOutputFilter.flush(IdentityOutputFilter.java:117)
	at org.apache.coyote.http11.Http11OutputBuffer.flush(Http11OutputBuffer.java:220)
	at org.apache.coyote.http11.Http11Processor.flush(Http11Processor.java:1196)
	at org.apache.coyote.AbstractProcessor.action(AbstractProcessor.java:402)
	at org.apache.coyote.Response.action(Response.java:209)
	at org.apache.catalina.connector.OutputBuffer.doFlush(OutputBuffer.java:306)
	... 58 more

2022-02-14 19:49:35.046 [http-nio-8081-exec-6] ERROR com.novedu.nov.common.aspect.NovExceptionHandler -
                org.apache.catalina.connector.ClientAbortException: java.io.IOException: 你的主机中的软件中止了一个已建立的连接。
	at org.apache.catalina.connector.OutputBuffer.doFlush(OutputBuffer.java:310)
	at org.apache.catalina.connector.OutputBuffer.flush(OutputBuffer.java:273)
	at org.apache.catalina.connector.CoyoteOutputStream.flush(CoyoteOutputStream.java:118)
	at java.io.FilterOutputStream.flush(FilterOutputStream.java:140)
	at com.fasterxml.jackson.core.json.UTF8JsonGenerator.flush(UTF8JsonGenerator.java:1178)
	at com.fasterxml.jackson.databind.ObjectWriter.writeValue(ObjectWriter.java:1008)
	at org.springframework.http.converter.json.AbstractJackson2HttpMessageConverter.writeInternal(AbstractJackson2HttpMessageConverter.java:346)
	at org.springframework.http.converter.AbstractGenericHttpMessageConverter.write(AbstractGenericHttpMessageConverter.java:104)
	at org.springframework.web.servlet.mvc.method.annotation.AbstractMessageConverterMethodProcessor.writeWithMessageConverters(AbstractMessageConverterMethodProcessor.java:277)
	at org.springframework.web.servlet.mvc.method.annotation.RequestResponseBodyMethodProcessor.handleReturnValue(RequestResponseBodyMethodProcessor.java:181)
	at org.springframework.web.method.support.HandlerMethodReturnValueHandlerComposite.handleReturnValue(HandlerMethodReturnValueHandlerComposite.java:82)
	at org.springframework.web.servlet.mvc.method.annotation.ServletInvocableHandlerMethod.invokeAndHandle(ServletInvocableHandlerMethod.java:123)
	at org.springframework.web.servlet.mvc.method.annotation.RequestMappingHandlerAdapter.invokeHandlerMethod(RequestMappingHandlerAdapter.java:878)
	at org.springframework.web.servlet.mvc.method.annotation.RequestMappingHandlerAdapter.handleInternal(RequestMappingHandlerAdapter.java:792)
	at org.springframework.web.servlet.mvc.method.AbstractHandlerMethodAdapter.handle(AbstractHandlerMethodAdapter.java:87)
	at org.springframework.web.servlet.DispatcherServlet.doDispatch(DispatcherServlet.java:1040)
	at org.springframework.web.servlet.DispatcherServlet.doService(DispatcherServlet.java:943)
	at org.springframework.web.servlet.FrameworkServlet.processRequest(FrameworkServlet.java:1006)
	at org.springframework.web.servlet.FrameworkServlet.doGet(FrameworkServlet.java:898)
	at javax.servlet.http.HttpServlet.service(HttpServlet.java:626)
	at org.springframework.web.servlet.FrameworkServlet.service(FrameworkServlet.java:883)
	at javax.servlet.http.HttpServlet.service(HttpServlet.java:733)
	at org.apache.catalina.core.ApplicationFilterChain.internalDoFilter(ApplicationFilterChain.java:227)
	at org.apache.catalina.core.ApplicationFilterChain.doFilter(ApplicationFilterChain.java:162)
	at org.apache.tomcat.websocket.server.WsFilter.doFilter(WsFilter.java:53)
	at org.apache.catalina.core.ApplicationFilterChain.internalDoFilter(ApplicationFilterChain.java:189)
	at org.apache.catalina.core.ApplicationFilterChain.doFilter(ApplicationFilterChain.java:162)
	at org.springframework.web.filter.CorsFilter.doFilterInternal(CorsFilter.java:92)
	at org.springframework.web.filter.OncePerRequestFilter.doFilter(OncePerRequestFilter.java:119)
	at org.apache.catalina.core.ApplicationFilterChain.internalDoFilter(ApplicationFilterChain.java:189)
	at org.apache.catalina.core.ApplicationFilterChain.doFilter(ApplicationFilterChain.java:162)
	at org.springframework.web.filter.RequestContextFilter.doFilterInternal(RequestContextFilter.java:100)
	at org.springframework.web.filter.OncePerRequestFilter.doFilter(OncePerRequestFilter.java:119)
	at org.apache.catalina.core.ApplicationFilterChain.internalDoFilter(ApplicationFilterChain.java:189)
	at org.apache.catalina.core.ApplicationFilterChain.doFilter(ApplicationFilterChain.java:162)
	at org.springframework.web.filter.FormContentFilter.doFilterInternal(FormContentFilter.java:93)
	at org.springframework.web.filter.OncePerRequestFilter.doFilter(OncePerRequestFilter.java:119)
	at org.apache.catalina.core.ApplicationFilterChain.internalDoFilter(ApplicationFilterChain.java:189)
	at org.apache.catalina.core.ApplicationFilterChain.doFilter(ApplicationFilterChain.java:162)
	at org.springframework.web.filter.CharacterEncodingFilter.doFilterInternal(CharacterEncodingFilter.java:201)
	at org.springframework.web.filter.OncePerRequestFilter.doFilter(OncePerRequestFilter.java:119)
	at org.apache.catalina.core.ApplicationFilterChain.internalDoFilter(ApplicationFilterChain.java:189)
	at org.apache.catalina.core.ApplicationFilterChain.doFilter(ApplicationFilterChain.java:162)
	at org.apache.catalina.core.StandardWrapperValve.invoke(StandardWrapperValve.java:202)
	at org.apache.catalina.core.StandardContextValve.invoke(StandardContextValve.java:97)
	at org.apache.catalina.authenticator.AuthenticatorBase.invoke(AuthenticatorBase.java:542)
	at org.apache.catalina.core.StandardHostValve.invoke(StandardHostValve.java:143)
	at org.apache.catalina.valves.ErrorReportValve.invoke(ErrorReportValve.java:92)
	at org.apache.catalina.core.StandardEngineValve.invoke(StandardEngineValve.java:78)
	at org.apache.catalina.connector.CoyoteAdapter.service(CoyoteAdapter.java:357)
	at org.apache.coyote.http11.Http11Processor.service(Http11Processor.java:374)
	at org.apache.coyote.AbstractProcessorLight.process(AbstractProcessorLight.java:65)
	at org.apache.coyote.AbstractProtocol$ConnectionHandler.process(AbstractProtocol.java:893)
	at org.apache.tomcat.util.net.NioEndpoint$SocketProcessor.doRun(NioEndpoint.java:1707)
	at org.apache.tomcat.util.net.SocketProcessorBase.run(SocketProcessorBase.java:49)
	at java.util.concurrent.ThreadPoolExecutor.runWorker(ThreadPoolExecutor.java:1149)
	at java.util.concurrent.ThreadPoolExecutor$Worker.run(ThreadPoolExecutor.java:624)
	at org.apache.tomcat.util.threads.TaskThread$WrappingRunnable.run(TaskThread.java:61)
	at java.lang.Thread.run(Thread.java:748)
Caused by: java.io.IOException: 你的主机中的软件中止了一个已建立的连接。
	at sun.nio.ch.SocketDispatcher.write0(Native Method)
	at sun.nio.ch.SocketDispatcher.write(SocketDispatcher.java:51)
	at sun.nio.ch.IOUtil.writeFromNativeBuffer(IOUtil.java:93)
	at sun.nio.ch.IOUtil.write(IOUtil.java:65)
	at sun.nio.ch.SocketChannelImpl.write(SocketChannelImpl.java:469)
	at org.apache.tomcat.util.net.NioChannel.write(NioChannel.java:135)
	at org.apache.tomcat.util.net.NioBlockingSelector.write(NioBlockingSelector.java:118)
	at org.apache.tomcat.util.net.NioSelectorPool.write(NioSelectorPool.java:151)
	at org.apache.tomcat.util.net.NioEndpoint$NioSocketWrapper.doWrite(NioEndpoint.java:1367)
	at org.apache.tomcat.util.net.SocketWrapperBase.doWrite(SocketWrapperBase.java:766)
	at org.apache.tomcat.util.net.SocketWrapperBase.flushBlocking(SocketWrapperBase.java:719)
	at org.apache.tomcat.util.net.SocketWrapperBase.flush(SocketWrapperBase.java:709)
	at org.apache.coyote.http11.Http11OutputBuffer$SocketOutputBuffer.flush(Http11OutputBuffer.java:572)
	at org.apache.coyote.http11.filters.IdentityOutputFilter.flush(IdentityOutputFilter.java:117)
	at org.apache.coyote.http11.Http11OutputBuffer.flush(Http11OutputBuffer.java:220)
	at org.apache.coyote.http11.Http11Processor.flush(Http11Processor.java:1196)
	at org.apache.coyote.AbstractProcessor.action(AbstractProcessor.java:402)
	at org.apache.coyote.Response.action(Response.java:209)
	at org.apache.catalina.connector.OutputBuffer.doFlush(OutputBuffer.java:306)
	... 58 more

2022-02-14 19:49:35.068 [http-nio-8081-exec-5] ERROR com.novedu.nov.common.aspect.NovExceptionHandler -
                org.apache.catalina.connector.ClientAbortException: java.io.IOException: 你的主机中的软件中止了一个已建立的连接。
	at org.apache.catalina.connector.OutputBuffer.doFlush(OutputBuffer.java:310)
	at org.apache.catalina.connector.OutputBuffer.flush(OutputBuffer.java:273)
	at org.apache.catalina.connector.CoyoteOutputStream.flush(CoyoteOutputStream.java:118)
	at java.io.FilterOutputStream.flush(FilterOutputStream.java:140)
	at com.fasterxml.jackson.core.json.UTF8JsonGenerator.flush(UTF8JsonGenerator.java:1178)
	at com.fasterxml.jackson.databind.ObjectWriter.writeValue(ObjectWriter.java:1008)
	at org.springframework.http.converter.json.AbstractJackson2HttpMessageConverter.writeInternal(AbstractJackson2HttpMessageConverter.java:346)
	at org.springframework.http.converter.AbstractGenericHttpMessageConverter.write(AbstractGenericHttpMessageConverter.java:104)
	at org.springframework.web.servlet.mvc.method.annotation.AbstractMessageConverterMethodProcessor.writeWithMessageConverters(AbstractMessageConverterMethodProcessor.java:277)
	at org.springframework.web.servlet.mvc.method.annotation.RequestResponseBodyMethodProcessor.handleReturnValue(RequestResponseBodyMethodProcessor.java:181)
	at org.springframework.web.method.support.HandlerMethodReturnValueHandlerComposite.handleReturnValue(HandlerMethodReturnValueHandlerComposite.java:82)
	at org.springframework.web.servlet.mvc.method.annotation.ServletInvocableHandlerMethod.invokeAndHandle(ServletInvocableHandlerMethod.java:123)
	at org.springframework.web.servlet.mvc.method.annotation.RequestMappingHandlerAdapter.invokeHandlerMethod(RequestMappingHandlerAdapter.java:878)
	at org.springframework.web.servlet.mvc.method.annotation.RequestMappingHandlerAdapter.handleInternal(RequestMappingHandlerAdapter.java:792)
	at org.springframework.web.servlet.mvc.method.AbstractHandlerMethodAdapter.handle(AbstractHandlerMethodAdapter.java:87)
	at org.springframework.web.servlet.DispatcherServlet.doDispatch(DispatcherServlet.java:1040)
	at org.springframework.web.servlet.DispatcherServlet.doService(DispatcherServlet.java:943)
	at org.springframework.web.servlet.FrameworkServlet.processRequest(FrameworkServlet.java:1006)
	at org.springframework.web.servlet.FrameworkServlet.doGet(FrameworkServlet.java:898)
	at javax.servlet.http.HttpServlet.service(HttpServlet.java:626)
	at org.springframework.web.servlet.FrameworkServlet.service(FrameworkServlet.java:883)
	at javax.servlet.http.HttpServlet.service(HttpServlet.java:733)
	at org.apache.catalina.core.ApplicationFilterChain.internalDoFilter(ApplicationFilterChain.java:227)
	at org.apache.catalina.core.ApplicationFilterChain.doFilter(ApplicationFilterChain.java:162)
	at org.apache.tomcat.websocket.server.WsFilter.doFilter(WsFilter.java:53)
	at org.apache.catalina.core.ApplicationFilterChain.internalDoFilter(ApplicationFilterChain.java:189)
	at org.apache.catalina.core.ApplicationFilterChain.doFilter(ApplicationFilterChain.java:162)
	at org.springframework.web.filter.CorsFilter.doFilterInternal(CorsFilter.java:92)
	at org.springframework.web.filter.OncePerRequestFilter.doFilter(OncePerRequestFilter.java:119)
	at org.apache.catalina.core.ApplicationFilterChain.internalDoFilter(ApplicationFilterChain.java:189)
	at org.apache.catalina.core.ApplicationFilterChain.doFilter(ApplicationFilterChain.java:162)
	at org.springframework.web.filter.RequestContextFilter.doFilterInternal(RequestContextFilter.java:100)
	at org.springframework.web.filter.OncePerRequestFilter.doFilter(OncePerRequestFilter.java:119)
	at org.apache.catalina.core.ApplicationFilterChain.internalDoFilter(ApplicationFilterChain.java:189)
	at org.apache.catalina.core.ApplicationFilterChain.doFilter(ApplicationFilterChain.java:162)
	at org.springframework.web.filter.FormContentFilter.doFilterInternal(FormContentFilter.java:93)
	at org.springframework.web.filter.OncePerRequestFilter.doFilter(OncePerRequestFilter.java:119)
	at org.apache.catalina.core.ApplicationFilterChain.internalDoFilter(ApplicationFilterChain.java:189)
	at org.apache.catalina.core.ApplicationFilterChain.doFilter(ApplicationFilterChain.java:162)
	at org.springframework.web.filter.CharacterEncodingFilter.doFilterInternal(CharacterEncodingFilter.java:201)
	at org.springframework.web.filter.OncePerRequestFilter.doFilter(OncePerRequestFilter.java:119)
	at org.apache.catalina.core.ApplicationFilterChain.internalDoFilter(ApplicationFilterChain.java:189)
	at org.apache.catalina.core.ApplicationFilterChain.doFilter(ApplicationFilterChain.java:162)
	at org.apache.catalina.core.StandardWrapperValve.invoke(StandardWrapperValve.java:202)
	at org.apache.catalina.core.StandardContextValve.invoke(StandardContextValve.java:97)
	at org.apache.catalina.authenticator.AuthenticatorBase.invoke(AuthenticatorBase.java:542)
	at org.apache.catalina.core.StandardHostValve.invoke(StandardHostValve.java:143)
	at org.apache.catalina.valves.ErrorReportValve.invoke(ErrorReportValve.java:92)
	at org.apache.catalina.core.StandardEngineValve.invoke(StandardEngineValve.java:78)
	at org.apache.catalina.connector.CoyoteAdapter.service(CoyoteAdapter.java:357)
	at org.apache.coyote.http11.Http11Processor.service(Http11Processor.java:374)
	at org.apache.coyote.AbstractProcessorLight.process(AbstractProcessorLight.java:65)
	at org.apache.coyote.AbstractProtocol$ConnectionHandler.process(AbstractProtocol.java:893)
	at org.apache.tomcat.util.net.NioEndpoint$SocketProcessor.doRun(NioEndpoint.java:1707)
	at org.apache.tomcat.util.net.SocketProcessorBase.run(SocketProcessorBase.java:49)
	at java.util.concurrent.ThreadPoolExecutor.runWorker(ThreadPoolExecutor.java:1149)
	at java.util.concurrent.ThreadPoolExecutor$Worker.run(ThreadPoolExecutor.java:624)
	at org.apache.tomcat.util.threads.TaskThread$WrappingRunnable.run(TaskThread.java:61)
	at java.lang.Thread.run(Thread.java:748)
Caused by: java.io.IOException: 你的主机中的软件中止了一个已建立的连接。
	at sun.nio.ch.SocketDispatcher.write0(Native Method)
	at sun.nio.ch.SocketDispatcher.write(SocketDispatcher.java:51)
	at sun.nio.ch.IOUtil.writeFromNativeBuffer(IOUtil.java:93)
	at sun.nio.ch.IOUtil.write(IOUtil.java:65)
	at sun.nio.ch.SocketChannelImpl.write(SocketChannelImpl.java:469)
	at org.apache.tomcat.util.net.NioChannel.write(NioChannel.java:135)
	at org.apache.tomcat.util.net.NioBlockingSelector.write(NioBlockingSelector.java:118)
	at org.apache.tomcat.util.net.NioSelectorPool.write(NioSelectorPool.java:151)
	at org.apache.tomcat.util.net.NioEndpoint$NioSocketWrapper.doWrite(NioEndpoint.java:1367)
	at org.apache.tomcat.util.net.SocketWrapperBase.doWrite(SocketWrapperBase.java:766)
	at org.apache.tomcat.util.net.SocketWrapperBase.flushBlocking(SocketWrapperBase.java:719)
	at org.apache.tomcat.util.net.SocketWrapperBase.flush(SocketWrapperBase.java:709)
	at org.apache.coyote.http11.Http11OutputBuffer$SocketOutputBuffer.flush(Http11OutputBuffer.java:572)
	at org.apache.coyote.http11.filters.IdentityOutputFilter.flush(IdentityOutputFilter.java:117)
	at org.apache.coyote.http11.Http11OutputBuffer.flush(Http11OutputBuffer.java:220)
	at org.apache.coyote.http11.Http11Processor.flush(Http11Processor.java:1196)
	at org.apache.coyote.AbstractProcessor.action(AbstractProcessor.java:402)
	at org.apache.coyote.Response.action(Response.java:209)
	at org.apache.catalina.connector.OutputBuffer.doFlush(OutputBuffer.java:306)
	... 58 more

2022-02-14 19:49:35.091 [http-nio-8081-exec-10] ERROR com.novedu.nov.common.aspect.NovExceptionHandler -
                org.apache.catalina.connector.ClientAbortException: java.io.IOException: 你的主机中的软件中止了一个已建立的连接。
	at org.apache.catalina.connector.OutputBuffer.doFlush(OutputBuffer.java:310)
	at org.apache.catalina.connector.OutputBuffer.flush(OutputBuffer.java:273)
	at org.apache.catalina.connector.CoyoteOutputStream.flush(CoyoteOutputStream.java:118)
	at java.io.FilterOutputStream.flush(FilterOutputStream.java:140)
	at com.fasterxml.jackson.core.json.UTF8JsonGenerator.flush(UTF8JsonGenerator.java:1178)
	at com.fasterxml.jackson.databind.ObjectWriter.writeValue(ObjectWriter.java:1008)
	at org.springframework.http.converter.json.AbstractJackson2HttpMessageConverter.writeInternal(AbstractJackson2HttpMessageConverter.java:346)
	at org.springframework.http.converter.AbstractGenericHttpMessageConverter.write(AbstractGenericHttpMessageConverter.java:104)
	at org.springframework.web.servlet.mvc.method.annotation.AbstractMessageConverterMethodProcessor.writeWithMessageConverters(AbstractMessageConverterMethodProcessor.java:277)
	at org.springframework.web.servlet.mvc.method.annotation.RequestResponseBodyMethodProcessor.handleReturnValue(RequestResponseBodyMethodProcessor.java:181)
	at org.springframework.web.method.support.HandlerMethodReturnValueHandlerComposite.handleReturnValue(HandlerMethodReturnValueHandlerComposite.java:82)
	at org.springframework.web.servlet.mvc.method.annotation.ServletInvocableHandlerMethod.invokeAndHandle(ServletInvocableHandlerMethod.java:123)
	at org.springframework.web.servlet.mvc.method.annotation.RequestMappingHandlerAdapter.invokeHandlerMethod(RequestMappingHandlerAdapter.java:878)
	at org.springframework.web.servlet.mvc.method.annotation.RequestMappingHandlerAdapter.handleInternal(RequestMappingHandlerAdapter.java:792)
	at org.springframework.web.servlet.mvc.method.AbstractHandlerMethodAdapter.handle(AbstractHandlerMethodAdapter.java:87)
	at org.springframework.web.servlet.DispatcherServlet.doDispatch(DispatcherServlet.java:1040)
	at org.springframework.web.servlet.DispatcherServlet.doService(DispatcherServlet.java:943)
	at org.springframework.web.servlet.FrameworkServlet.processRequest(FrameworkServlet.java:1006)
	at org.springframework.web.servlet.FrameworkServlet.doGet(FrameworkServlet.java:898)
	at javax.servlet.http.HttpServlet.service(HttpServlet.java:626)
	at org.springframework.web.servlet.FrameworkServlet.service(FrameworkServlet.java:883)
	at javax.servlet.http.HttpServlet.service(HttpServlet.java:733)
	at org.apache.catalina.core.ApplicationFilterChain.internalDoFilter(ApplicationFilterChain.java:227)
	at org.apache.catalina.core.ApplicationFilterChain.doFilter(ApplicationFilterChain.java:162)
	at org.apache.tomcat.websocket.server.WsFilter.doFilter(WsFilter.java:53)
	at org.apache.catalina.core.ApplicationFilterChain.internalDoFilter(ApplicationFilterChain.java:189)
	at org.apache.catalina.core.ApplicationFilterChain.doFilter(ApplicationFilterChain.java:162)
	at org.springframework.web.filter.CorsFilter.doFilterInternal(CorsFilter.java:92)
	at org.springframework.web.filter.OncePerRequestFilter.doFilter(OncePerRequestFilter.java:119)
	at org.apache.catalina.core.ApplicationFilterChain.internalDoFilter(ApplicationFilterChain.java:189)
	at org.apache.catalina.core.ApplicationFilterChain.doFilter(ApplicationFilterChain.java:162)
	at org.springframework.web.filter.RequestContextFilter.doFilterInternal(RequestContextFilter.java:100)
	at org.springframework.web.filter.OncePerRequestFilter.doFilter(OncePerRequestFilter.java:119)
	at org.apache.catalina.core.ApplicationFilterChain.internalDoFilter(ApplicationFilterChain.java:189)
	at org.apache.catalina.core.ApplicationFilterChain.doFilter(ApplicationFilterChain.java:162)
	at org.springframework.web.filter.FormContentFilter.doFilterInternal(FormContentFilter.java:93)
	at org.springframework.web.filter.OncePerRequestFilter.doFilter(OncePerRequestFilter.java:119)
	at org.apache.catalina.core.ApplicationFilterChain.internalDoFilter(ApplicationFilterChain.java:189)
	at org.apache.catalina.core.ApplicationFilterChain.doFilter(ApplicationFilterChain.java:162)
	at org.springframework.web.filter.CharacterEncodingFilter.doFilterInternal(CharacterEncodingFilter.java:201)
	at org.springframework.web.filter.OncePerRequestFilter.doFilter(OncePerRequestFilter.java:119)
	at org.apache.catalina.core.ApplicationFilterChain.internalDoFilter(ApplicationFilterChain.java:189)
	at org.apache.catalina.core.ApplicationFilterChain.doFilter(ApplicationFilterChain.java:162)
	at org.apache.catalina.core.StandardWrapperValve.invoke(StandardWrapperValve.java:202)
	at org.apache.catalina.core.StandardContextValve.invoke(StandardContextValve.java:97)
	at org.apache.catalina.authenticator.AuthenticatorBase.invoke(AuthenticatorBase.java:542)
	at org.apache.catalina.core.StandardHostValve.invoke(StandardHostValve.java:143)
	at org.apache.catalina.valves.ErrorReportValve.invoke(ErrorReportValve.java:92)
	at org.apache.catalina.core.StandardEngineValve.invoke(StandardEngineValve.java:78)
	at org.apache.catalina.connector.CoyoteAdapter.service(CoyoteAdapter.java:357)
	at org.apache.coyote.http11.Http11Processor.service(Http11Processor.java:374)
	at org.apache.coyote.AbstractProcessorLight.process(AbstractProcessorLight.java:65)
	at org.apache.coyote.AbstractProtocol$ConnectionHandler.process(AbstractProtocol.java:893)
	at org.apache.tomcat.util.net.NioEndpoint$SocketProcessor.doRun(NioEndpoint.java:1707)
	at org.apache.tomcat.util.net.SocketProcessorBase.run(SocketProcessorBase.java:49)
	at java.util.concurrent.ThreadPoolExecutor.runWorker(ThreadPoolExecutor.java:1149)
	at java.util.concurrent.ThreadPoolExecutor$Worker.run(ThreadPoolExecutor.java:624)
	at org.apache.tomcat.util.threads.TaskThread$WrappingRunnable.run(TaskThread.java:61)
	at java.lang.Thread.run(Thread.java:748)
Caused by: java.io.IOException: 你的主机中的软件中止了一个已建立的连接。
	at sun.nio.ch.SocketDispatcher.write0(Native Method)
	at sun.nio.ch.SocketDispatcher.write(SocketDispatcher.java:51)
	at sun.nio.ch.IOUtil.writeFromNativeBuffer(IOUtil.java:93)
	at sun.nio.ch.IOUtil.write(IOUtil.java:65)
	at sun.nio.ch.SocketChannelImpl.write(SocketChannelImpl.java:469)
	at org.apache.tomcat.util.net.NioChannel.write(NioChannel.java:135)
	at org.apache.tomcat.util.net.NioBlockingSelector.write(NioBlockingSelector.java:118)
	at org.apache.tomcat.util.net.NioSelectorPool.write(NioSelectorPool.java:151)
	at org.apache.tomcat.util.net.NioEndpoint$NioSocketWrapper.doWrite(NioEndpoint.java:1367)
	at org.apache.tomcat.util.net.SocketWrapperBase.doWrite(SocketWrapperBase.java:766)
	at org.apache.tomcat.util.net.SocketWrapperBase.flushBlocking(SocketWrapperBase.java:719)
	at org.apache.tomcat.util.net.SocketWrapperBase.flush(SocketWrapperBase.java:709)
	at org.apache.coyote.http11.Http11OutputBuffer$SocketOutputBuffer.flush(Http11OutputBuffer.java:572)
	at org.apache.coyote.http11.filters.IdentityOutputFilter.flush(IdentityOutputFilter.java:117)
	at org.apache.coyote.http11.Http11OutputBuffer.flush(Http11OutputBuffer.java:220)
	at org.apache.coyote.http11.Http11Processor.flush(Http11Processor.java:1196)
	at org.apache.coyote.AbstractProcessor.action(AbstractProcessor.java:402)
	at org.apache.coyote.Response.action(Response.java:209)
	at org.apache.catalina.connector.OutputBuffer.doFlush(OutputBuffer.java:306)
	... 58 more

2022-02-14 19:49:35.114 [http-nio-8081-exec-12] ERROR com.novedu.nov.common.aspect.NovExceptionHandler -
                org.apache.catalina.connector.ClientAbortException: java.io.IOException: 你的主机中的软件中止了一个已建立的连接。
	at org.apache.catalina.connector.OutputBuffer.doFlush(OutputBuffer.java:310)
	at org.apache.catalina.connector.OutputBuffer.flush(OutputBuffer.java:273)
	at org.apache.catalina.connector.CoyoteOutputStream.flush(CoyoteOutputStream.java:118)
	at java.io.FilterOutputStream.flush(FilterOutputStream.java:140)
	at com.fasterxml.jackson.core.json.UTF8JsonGenerator.flush(UTF8JsonGenerator.java:1178)
	at com.fasterxml.jackson.databind.ObjectWriter.writeValue(ObjectWriter.java:1008)
	at org.springframework.http.converter.json.AbstractJackson2HttpMessageConverter.writeInternal(AbstractJackson2HttpMessageConverter.java:346)
	at org.springframework.http.converter.AbstractGenericHttpMessageConverter.write(AbstractGenericHttpMessageConverter.java:104)
	at org.springframework.web.servlet.mvc.method.annotation.AbstractMessageConverterMethodProcessor.writeWithMessageConverters(AbstractMessageConverterMethodProcessor.java:277)
	at org.springframework.web.servlet.mvc.method.annotation.RequestResponseBodyMethodProcessor.handleReturnValue(RequestResponseBodyMethodProcessor.java:181)
	at org.springframework.web.method.support.HandlerMethodReturnValueHandlerComposite.handleReturnValue(HandlerMethodReturnValueHandlerComposite.java:82)
	at org.springframework.web.servlet.mvc.method.annotation.ServletInvocableHandlerMethod.invokeAndHandle(ServletInvocableHandlerMethod.java:123)
	at org.springframework.web.servlet.mvc.method.annotation.RequestMappingHandlerAdapter.invokeHandlerMethod(RequestMappingHandlerAdapter.java:878)
	at org.springframework.web.servlet.mvc.method.annotation.RequestMappingHandlerAdapter.handleInternal(RequestMappingHandlerAdapter.java:792)
	at org.springframework.web.servlet.mvc.method.AbstractHandlerMethodAdapter.handle(AbstractHandlerMethodAdapter.java:87)
	at org.springframework.web.servlet.DispatcherServlet.doDispatch(DispatcherServlet.java:1040)
	at org.springframework.web.servlet.DispatcherServlet.doService(DispatcherServlet.java:943)
	at org.springframework.web.servlet.FrameworkServlet.processRequest(FrameworkServlet.java:1006)
	at org.springframework.web.servlet.FrameworkServlet.doGet(FrameworkServlet.java:898)
	at javax.servlet.http.HttpServlet.service(HttpServlet.java:626)
	at org.springframework.web.servlet.FrameworkServlet.service(FrameworkServlet.java:883)
	at javax.servlet.http.HttpServlet.service(HttpServlet.java:733)
	at org.apache.catalina.core.ApplicationFilterChain.internalDoFilter(ApplicationFilterChain.java:227)
	at org.apache.catalina.core.ApplicationFilterChain.doFilter(ApplicationFilterChain.java:162)
	at org.apache.tomcat.websocket.server.WsFilter.doFilter(WsFilter.java:53)
	at org.apache.catalina.core.ApplicationFilterChain.internalDoFilter(ApplicationFilterChain.java:189)
	at org.apache.catalina.core.ApplicationFilterChain.doFilter(ApplicationFilterChain.java:162)
	at org.springframework.web.filter.CorsFilter.doFilterInternal(CorsFilter.java:92)
	at org.springframework.web.filter.OncePerRequestFilter.doFilter(OncePerRequestFilter.java:119)
	at org.apache.catalina.core.ApplicationFilterChain.internalDoFilter(ApplicationFilterChain.java:189)
	at org.apache.catalina.core.ApplicationFilterChain.doFilter(ApplicationFilterChain.java:162)
	at org.springframework.web.filter.RequestContextFilter.doFilterInternal(RequestContextFilter.java:100)
	at org.springframework.web.filter.OncePerRequestFilter.doFilter(OncePerRequestFilter.java:119)
	at org.apache.catalina.core.ApplicationFilterChain.internalDoFilter(ApplicationFilterChain.java:189)
	at org.apache.catalina.core.ApplicationFilterChain.doFilter(ApplicationFilterChain.java:162)
	at org.springframework.web.filter.FormContentFilter.doFilterInternal(FormContentFilter.java:93)
	at org.springframework.web.filter.OncePerRequestFilter.doFilter(OncePerRequestFilter.java:119)
	at org.apache.catalina.core.ApplicationFilterChain.internalDoFilter(ApplicationFilterChain.java:189)
	at org.apache.catalina.core.ApplicationFilterChain.doFilter(ApplicationFilterChain.java:162)
	at org.springframework.web.filter.CharacterEncodingFilter.doFilterInternal(CharacterEncodingFilter.java:201)
	at org.springframework.web.filter.OncePerRequestFilter.doFilter(OncePerRequestFilter.java:119)
	at org.apache.catalina.core.ApplicationFilterChain.internalDoFilter(ApplicationFilterChain.java:189)
	at org.apache.catalina.core.ApplicationFilterChain.doFilter(ApplicationFilterChain.java:162)
	at org.apache.catalina.core.StandardWrapperValve.invoke(StandardWrapperValve.java:202)
	at org.apache.catalina.core.StandardContextValve.invoke(StandardContextValve.java:97)
	at org.apache.catalina.authenticator.AuthenticatorBase.invoke(AuthenticatorBase.java:542)
	at org.apache.catalina.core.StandardHostValve.invoke(StandardHostValve.java:143)
	at org.apache.catalina.valves.ErrorReportValve.invoke(ErrorReportValve.java:92)
	at org.apache.catalina.core.StandardEngineValve.invoke(StandardEngineValve.java:78)
	at org.apache.catalina.connector.CoyoteAdapter.service(CoyoteAdapter.java:357)
	at org.apache.coyote.http11.Http11Processor.service(Http11Processor.java:374)
	at org.apache.coyote.AbstractProcessorLight.process(AbstractProcessorLight.java:65)
	at org.apache.coyote.AbstractProtocol$ConnectionHandler.process(AbstractProtocol.java:893)
	at org.apache.tomcat.util.net.NioEndpoint$SocketProcessor.doRun(NioEndpoint.java:1707)
	at org.apache.tomcat.util.net.SocketProcessorBase.run(SocketProcessorBase.java:49)
	at java.util.concurrent.ThreadPoolExecutor.runWorker(ThreadPoolExecutor.java:1149)
	at java.util.concurrent.ThreadPoolExecutor$Worker.run(ThreadPoolExecutor.java:624)
	at org.apache.tomcat.util.threads.TaskThread$WrappingRunnable.run(TaskThread.java:61)
	at java.lang.Thread.run(Thread.java:748)
Caused by: java.io.IOException: 你的主机中的软件中止了一个已建立的连接。
	at sun.nio.ch.SocketDispatcher.write0(Native Method)
	at sun.nio.ch.SocketDispatcher.write(SocketDispatcher.java:51)
	at sun.nio.ch.IOUtil.writeFromNativeBuffer(IOUtil.java:93)
	at sun.nio.ch.IOUtil.write(IOUtil.java:65)
	at sun.nio.ch.SocketChannelImpl.write(SocketChannelImpl.java:469)
	at org.apache.tomcat.util.net.NioChannel.write(NioChannel.java:135)
	at org.apache.tomcat.util.net.NioBlockingSelector.write(NioBlockingSelector.java:118)
	at org.apache.tomcat.util.net.NioSelectorPool.write(NioSelectorPool.java:151)
	at org.apache.tomcat.util.net.NioEndpoint$NioSocketWrapper.doWrite(NioEndpoint.java:1367)
	at org.apache.tomcat.util.net.SocketWrapperBase.doWrite(SocketWrapperBase.java:766)
	at org.apache.tomcat.util.net.SocketWrapperBase.flushBlocking(SocketWrapperBase.java:719)
	at org.apache.tomcat.util.net.SocketWrapperBase.flush(SocketWrapperBase.java:709)
	at org.apache.coyote.http11.Http11OutputBuffer$SocketOutputBuffer.flush(Http11OutputBuffer.java:572)
	at org.apache.coyote.http11.filters.IdentityOutputFilter.flush(IdentityOutputFilter.java:117)
	at org.apache.coyote.http11.Http11OutputBuffer.flush(Http11OutputBuffer.java:220)
	at org.apache.coyote.http11.Http11Processor.flush(Http11Processor.java:1196)
	at org.apache.coyote.AbstractProcessor.action(AbstractProcessor.java:402)
	at org.apache.coyote.Response.action(Response.java:209)
	at org.apache.catalina.connector.OutputBuffer.doFlush(OutputBuffer.java:306)
	... 58 more

2022-02-14 19:49:35.137 [http-nio-8081-exec-14] ERROR com.novedu.nov.common.aspect.NovExceptionHandler -
                org.apache.catalina.connector.ClientAbortException: java.io.IOException: 你的主机中的软件中止了一个已建立的连接。
	at org.apache.catalina.connector.OutputBuffer.doFlush(OutputBuffer.java:310)
	at org.apache.catalina.connector.OutputBuffer.flush(OutputBuffer.java:273)
	at org.apache.catalina.connector.CoyoteOutputStream.flush(CoyoteOutputStream.java:118)
	at java.io.FilterOutputStream.flush(FilterOutputStream.java:140)
	at com.fasterxml.jackson.core.json.UTF8JsonGenerator.flush(UTF8JsonGenerator.java:1178)
	at com.fasterxml.jackson.databind.ObjectWriter.writeValue(ObjectWriter.java:1008)
	at org.springframework.http.converter.json.AbstractJackson2HttpMessageConverter.writeInternal(AbstractJackson2HttpMessageConverter.java:346)
	at org.springframework.http.converter.AbstractGenericHttpMessageConverter.write(AbstractGenericHttpMessageConverter.java:104)
	at org.springframework.web.servlet.mvc.method.annotation.AbstractMessageConverterMethodProcessor.writeWithMessageConverters(AbstractMessageConverterMethodProcessor.java:277)
	at org.springframework.web.servlet.mvc.method.annotation.RequestResponseBodyMethodProcessor.handleReturnValue(RequestResponseBodyMethodProcessor.java:181)
	at org.springframework.web.method.support.HandlerMethodReturnValueHandlerComposite.handleReturnValue(HandlerMethodReturnValueHandlerComposite.java:82)
	at org.springframework.web.servlet.mvc.method.annotation.ServletInvocableHandlerMethod.invokeAndHandle(ServletInvocableHandlerMethod.java:123)
	at org.springframework.web.servlet.mvc.method.annotation.RequestMappingHandlerAdapter.invokeHandlerMethod(RequestMappingHandlerAdapter.java:878)
	at org.springframework.web.servlet.mvc.method.annotation.RequestMappingHandlerAdapter.handleInternal(RequestMappingHandlerAdapter.java:792)
	at org.springframework.web.servlet.mvc.method.AbstractHandlerMethodAdapter.handle(AbstractHandlerMethodAdapter.java:87)
	at org.springframework.web.servlet.DispatcherServlet.doDispatch(DispatcherServlet.java:1040)
	at org.springframework.web.servlet.DispatcherServlet.doService(DispatcherServlet.java:943)
	at org.springframework.web.servlet.FrameworkServlet.processRequest(FrameworkServlet.java:1006)
	at org.springframework.web.servlet.FrameworkServlet.doGet(FrameworkServlet.java:898)
	at javax.servlet.http.HttpServlet.service(HttpServlet.java:626)
	at org.springframework.web.servlet.FrameworkServlet.service(FrameworkServlet.java:883)
	at javax.servlet.http.HttpServlet.service(HttpServlet.java:733)
	at org.apache.catalina.core.ApplicationFilterChain.internalDoFilter(ApplicationFilterChain.java:227)
	at org.apache.catalina.core.ApplicationFilterChain.doFilter(ApplicationFilterChain.java:162)
	at org.apache.tomcat.websocket.server.WsFilter.doFilter(WsFilter.java:53)
	at org.apache.catalina.core.ApplicationFilterChain.internalDoFilter(ApplicationFilterChain.java:189)
	at org.apache.catalina.core.ApplicationFilterChain.doFilter(ApplicationFilterChain.java:162)
	at org.springframework.web.filter.CorsFilter.doFilterInternal(CorsFilter.java:92)
	at org.springframework.web.filter.OncePerRequestFilter.doFilter(OncePerRequestFilter.java:119)
	at org.apache.catalina.core.ApplicationFilterChain.internalDoFilter(ApplicationFilterChain.java:189)
	at org.apache.catalina.core.ApplicationFilterChain.doFilter(ApplicationFilterChain.java:162)
	at org.springframework.web.filter.RequestContextFilter.doFilterInternal(RequestContextFilter.java:100)
	at org.springframework.web.filter.OncePerRequestFilter.doFilter(OncePerRequestFilter.java:119)
	at org.apache.catalina.core.ApplicationFilterChain.internalDoFilter(ApplicationFilterChain.java:189)
	at org.apache.catalina.core.ApplicationFilterChain.doFilter(ApplicationFilterChain.java:162)
	at org.springframework.web.filter.FormContentFilter.doFilterInternal(FormContentFilter.java:93)
	at org.springframework.web.filter.OncePerRequestFilter.doFilter(OncePerRequestFilter.java:119)
	at org.apache.catalina.core.ApplicationFilterChain.internalDoFilter(ApplicationFilterChain.java:189)
	at org.apache.catalina.core.ApplicationFilterChain.doFilter(ApplicationFilterChain.java:162)
	at org.springframework.web.filter.CharacterEncodingFilter.doFilterInternal(CharacterEncodingFilter.java:201)
	at org.springframework.web.filter.OncePerRequestFilter.doFilter(OncePerRequestFilter.java:119)
	at org.apache.catalina.core.ApplicationFilterChain.internalDoFilter(ApplicationFilterChain.java:189)
	at org.apache.catalina.core.ApplicationFilterChain.doFilter(ApplicationFilterChain.java:162)
	at org.apache.catalina.core.StandardWrapperValve.invoke(StandardWrapperValve.java:202)
	at org.apache.catalina.core.StandardContextValve.invoke(StandardContextValve.java:97)
	at org.apache.catalina.authenticator.AuthenticatorBase.invoke(AuthenticatorBase.java:542)
	at org.apache.catalina.core.StandardHostValve.invoke(StandardHostValve.java:143)
	at org.apache.catalina.valves.ErrorReportValve.invoke(ErrorReportValve.java:92)
	at org.apache.catalina.core.StandardEngineValve.invoke(StandardEngineValve.java:78)
	at org.apache.catalina.connector.CoyoteAdapter.service(CoyoteAdapter.java:357)
	at org.apache.coyote.http11.Http11Processor.service(Http11Processor.java:374)
	at org.apache.coyote.AbstractProcessorLight.process(AbstractProcessorLight.java:65)
	at org.apache.coyote.AbstractProtocol$ConnectionHandler.process(AbstractProtocol.java:893)
	at org.apache.tomcat.util.net.NioEndpoint$SocketProcessor.doRun(NioEndpoint.java:1707)
	at org.apache.tomcat.util.net.SocketProcessorBase.run(SocketProcessorBase.java:49)
	at java.util.concurrent.ThreadPoolExecutor.runWorker(ThreadPoolExecutor.java:1149)
	at java.util.concurrent.ThreadPoolExecutor$Worker.run(ThreadPoolExecutor.java:624)
	at org.apache.tomcat.util.threads.TaskThread$WrappingRunnable.run(TaskThread.java:61)
	at java.lang.Thread.run(Thread.java:748)
Caused by: java.io.IOException: 你的主机中的软件中止了一个已建立的连接。
	at sun.nio.ch.SocketDispatcher.write0(Native Method)
	at sun.nio.ch.SocketDispatcher.write(SocketDispatcher.java:51)
	at sun.nio.ch.IOUtil.writeFromNativeBuffer(IOUtil.java:93)
	at sun.nio.ch.IOUtil.write(IOUtil.java:65)
	at sun.nio.ch.SocketChannelImpl.write(SocketChannelImpl.java:469)
	at org.apache.tomcat.util.net.NioChannel.write(NioChannel.java:135)
	at org.apache.tomcat.util.net.NioBlockingSelector.write(NioBlockingSelector.java:118)
	at org.apache.tomcat.util.net.NioSelectorPool.write(NioSelectorPool.java:151)
	at org.apache.tomcat.util.net.NioEndpoint$NioSocketWrapper.doWrite(NioEndpoint.java:1367)
	at org.apache.tomcat.util.net.SocketWrapperBase.doWrite(SocketWrapperBase.java:766)
	at org.apache.tomcat.util.net.SocketWrapperBase.flushBlocking(SocketWrapperBase.java:719)
	at org.apache.tomcat.util.net.SocketWrapperBase.flush(SocketWrapperBase.java:709)
	at org.apache.coyote.http11.Http11OutputBuffer$SocketOutputBuffer.flush(Http11OutputBuffer.java:572)
	at org.apache.coyote.http11.filters.IdentityOutputFilter.flush(IdentityOutputFilter.java:117)
	at org.apache.coyote.http11.Http11OutputBuffer.flush(Http11OutputBuffer.java:220)
	at org.apache.coyote.http11.Http11Processor.flush(Http11Processor.java:1196)
	at org.apache.coyote.AbstractProcessor.action(AbstractProcessor.java:402)
	at org.apache.coyote.Response.action(Response.java:209)
	at org.apache.catalina.connector.OutputBuffer.doFlush(OutputBuffer.java:306)
	... 58 more

2022-02-14 19:49:35.160 [http-nio-8081-exec-16] ERROR com.novedu.nov.common.aspect.NovExceptionHandler -
                org.apache.catalina.connector.ClientAbortException: java.io.IOException: 你的主机中的软件中止了一个已建立的连接。
	at org.apache.catalina.connector.OutputBuffer.doFlush(OutputBuffer.java:310)
	at org.apache.catalina.connector.OutputBuffer.flush(OutputBuffer.java:273)
	at org.apache.catalina.connector.CoyoteOutputStream.flush(CoyoteOutputStream.java:118)
	at java.io.FilterOutputStream.flush(FilterOutputStream.java:140)
	at com.fasterxml.jackson.core.json.UTF8JsonGenerator.flush(UTF8JsonGenerator.java:1178)
	at com.fasterxml.jackson.databind.ObjectWriter.writeValue(ObjectWriter.java:1008)
	at org.springframework.http.converter.json.AbstractJackson2HttpMessageConverter.writeInternal(AbstractJackson2HttpMessageConverter.java:346)
	at org.springframework.http.converter.AbstractGenericHttpMessageConverter.write(AbstractGenericHttpMessageConverter.java:104)
	at org.springframework.web.servlet.mvc.method.annotation.AbstractMessageConverterMethodProcessor.writeWithMessageConverters(AbstractMessageConverterMethodProcessor.java:277)
	at org.springframework.web.servlet.mvc.method.annotation.RequestResponseBodyMethodProcessor.handleReturnValue(RequestResponseBodyMethodProcessor.java:181)
	at org.springframework.web.method.support.HandlerMethodReturnValueHandlerComposite.handleReturnValue(HandlerMethodReturnValueHandlerComposite.java:82)
	at org.springframework.web.servlet.mvc.method.annotation.ServletInvocableHandlerMethod.invokeAndHandle(ServletInvocableHandlerMethod.java:123)
	at org.springframework.web.servlet.mvc.method.annotation.RequestMappingHandlerAdapter.invokeHandlerMethod(RequestMappingHandlerAdapter.java:878)
	at org.springframework.web.servlet.mvc.method.annotation.RequestMappingHandlerAdapter.handleInternal(RequestMappingHandlerAdapter.java:792)
	at org.springframework.web.servlet.mvc.method.AbstractHandlerMethodAdapter.handle(AbstractHandlerMethodAdapter.java:87)
	at org.springframework.web.servlet.DispatcherServlet.doDispatch(DispatcherServlet.java:1040)
	at org.springframework.web.servlet.DispatcherServlet.doService(DispatcherServlet.java:943)
	at org.springframework.web.servlet.FrameworkServlet.processRequest(FrameworkServlet.java:1006)
	at org.springframework.web.servlet.FrameworkServlet.doGet(FrameworkServlet.java:898)
	at javax.servlet.http.HttpServlet.service(HttpServlet.java:626)
	at org.springframework.web.servlet.FrameworkServlet.service(FrameworkServlet.java:883)
	at javax.servlet.http.HttpServlet.service(HttpServlet.java:733)
	at org.apache.catalina.core.ApplicationFilterChain.internalDoFilter(ApplicationFilterChain.java:227)
	at org.apache.catalina.core.ApplicationFilterChain.doFilter(ApplicationFilterChain.java:162)
	at org.apache.tomcat.websocket.server.WsFilter.doFilter(WsFilter.java:53)
	at org.apache.catalina.core.ApplicationFilterChain.internalDoFilter(ApplicationFilterChain.java:189)
	at org.apache.catalina.core.ApplicationFilterChain.doFilter(ApplicationFilterChain.java:162)
	at org.springframework.web.filter.CorsFilter.doFilterInternal(CorsFilter.java:92)
	at org.springframework.web.filter.OncePerRequestFilter.doFilter(OncePerRequestFilter.java:119)
	at org.apache.catalina.core.ApplicationFilterChain.internalDoFilter(ApplicationFilterChain.java:189)
	at org.apache.catalina.core.ApplicationFilterChain.doFilter(ApplicationFilterChain.java:162)
	at org.springframework.web.filter.RequestContextFilter.doFilterInternal(RequestContextFilter.java:100)
	at org.springframework.web.filter.OncePerRequestFilter.doFilter(OncePerRequestFilter.java:119)
	at org.apache.catalina.core.ApplicationFilterChain.internalDoFilter(ApplicationFilterChain.java:189)
	at org.apache.catalina.core.ApplicationFilterChain.doFilter(ApplicationFilterChain.java:162)
	at org.springframework.web.filter.FormContentFilter.doFilterInternal(FormContentFilter.java:93)
	at org.springframework.web.filter.OncePerRequestFilter.doFilter(OncePerRequestFilter.java:119)
	at org.apache.catalina.core.ApplicationFilterChain.internalDoFilter(ApplicationFilterChain.java:189)
	at org.apache.catalina.core.ApplicationFilterChain.doFilter(ApplicationFilterChain.java:162)
	at org.springframework.web.filter.CharacterEncodingFilter.doFilterInternal(CharacterEncodingFilter.java:201)
	at org.springframework.web.filter.OncePerRequestFilter.doFilter(OncePerRequestFilter.java:119)
	at org.apache.catalina.core.ApplicationFilterChain.internalDoFilter(ApplicationFilterChain.java:189)
	at org.apache.catalina.core.ApplicationFilterChain.doFilter(ApplicationFilterChain.java:162)
	at org.apache.catalina.core.StandardWrapperValve.invoke(StandardWrapperValve.java:202)
	at org.apache.catalina.core.StandardContextValve.invoke(StandardContextValve.java:97)
	at org.apache.catalina.authenticator.AuthenticatorBase.invoke(AuthenticatorBase.java:542)
	at org.apache.catalina.core.StandardHostValve.invoke(StandardHostValve.java:143)
	at org.apache.catalina.valves.ErrorReportValve.invoke(ErrorReportValve.java:92)
	at org.apache.catalina.core.StandardEngineValve.invoke(StandardEngineValve.java:78)
	at org.apache.catalina.connector.CoyoteAdapter.service(CoyoteAdapter.java:357)
	at org.apache.coyote.http11.Http11Processor.service(Http11Processor.java:374)
	at org.apache.coyote.AbstractProcessorLight.process(AbstractProcessorLight.java:65)
	at org.apache.coyote.AbstractProtocol$ConnectionHandler.process(AbstractProtocol.java:893)
	at org.apache.tomcat.util.net.NioEndpoint$SocketProcessor.doRun(NioEndpoint.java:1707)
	at org.apache.tomcat.util.net.SocketProcessorBase.run(SocketProcessorBase.java:49)
	at java.util.concurrent.ThreadPoolExecutor.runWorker(ThreadPoolExecutor.java:1149)
	at java.util.concurrent.ThreadPoolExecutor$Worker.run(ThreadPoolExecutor.java:624)
	at org.apache.tomcat.util.threads.TaskThread$WrappingRunnable.run(TaskThread.java:61)
	at java.lang.Thread.run(Thread.java:748)
Caused by: java.io.IOException: 你的主机中的软件中止了一个已建立的连接。
	at sun.nio.ch.SocketDispatcher.write0(Native Method)
	at sun.nio.ch.SocketDispatcher.write(SocketDispatcher.java:51)
	at sun.nio.ch.IOUtil.writeFromNativeBuffer(IOUtil.java:93)
	at sun.nio.ch.IOUtil.write(IOUtil.java:65)
	at sun.nio.ch.SocketChannelImpl.write(SocketChannelImpl.java:469)
	at org.apache.tomcat.util.net.NioChannel.write(NioChannel.java:135)
	at org.apache.tomcat.util.net.NioBlockingSelector.write(NioBlockingSelector.java:118)
	at org.apache.tomcat.util.net.NioSelectorPool.write(NioSelectorPool.java:151)
	at org.apache.tomcat.util.net.NioEndpoint$NioSocketWrapper.doWrite(NioEndpoint.java:1367)
	at org.apache.tomcat.util.net.SocketWrapperBase.doWrite(SocketWrapperBase.java:766)
	at org.apache.tomcat.util.net.SocketWrapperBase.flushBlocking(SocketWrapperBase.java:719)
	at org.apache.tomcat.util.net.SocketWrapperBase.flush(SocketWrapperBase.java:709)
	at org.apache.coyote.http11.Http11OutputBuffer$SocketOutputBuffer.flush(Http11OutputBuffer.java:572)
	at org.apache.coyote.http11.filters.IdentityOutputFilter.flush(IdentityOutputFilter.java:117)
	at org.apache.coyote.http11.Http11OutputBuffer.flush(Http11OutputBuffer.java:220)
	at org.apache.coyote.http11.Http11Processor.flush(Http11Processor.java:1196)
	at org.apache.coyote.AbstractProcessor.action(AbstractProcessor.java:402)
	at org.apache.coyote.Response.action(Response.java:209)
	at org.apache.catalina.connector.OutputBuffer.doFlush(OutputBuffer.java:306)
	... 58 more

2022-02-14 19:49:35.182 [http-nio-8081-exec-13] ERROR com.novedu.nov.common.aspect.NovExceptionHandler -
                org.apache.catalina.connector.ClientAbortException: java.io.IOException: 你的主机中的软件中止了一个已建立的连接。
	at org.apache.catalina.connector.OutputBuffer.doFlush(OutputBuffer.java:310)
	at org.apache.catalina.connector.OutputBuffer.flush(OutputBuffer.java:273)
	at org.apache.catalina.connector.CoyoteOutputStream.flush(CoyoteOutputStream.java:118)
	at java.io.FilterOutputStream.flush(FilterOutputStream.java:140)
	at com.fasterxml.jackson.core.json.UTF8JsonGenerator.flush(UTF8JsonGenerator.java:1178)
	at com.fasterxml.jackson.databind.ObjectWriter.writeValue(ObjectWriter.java:1008)
	at org.springframework.http.converter.json.AbstractJackson2HttpMessageConverter.writeInternal(AbstractJackson2HttpMessageConverter.java:346)
	at org.springframework.http.converter.AbstractGenericHttpMessageConverter.write(AbstractGenericHttpMessageConverter.java:104)
	at org.springframework.web.servlet.mvc.method.annotation.AbstractMessageConverterMethodProcessor.writeWithMessageConverters(AbstractMessageConverterMethodProcessor.java:277)
	at org.springframework.web.servlet.mvc.method.annotation.RequestResponseBodyMethodProcessor.handleReturnValue(RequestResponseBodyMethodProcessor.java:181)
	at org.springframework.web.method.support.HandlerMethodReturnValueHandlerComposite.handleReturnValue(HandlerMethodReturnValueHandlerComposite.java:82)
	at org.springframework.web.servlet.mvc.method.annotation.ServletInvocableHandlerMethod.invokeAndHandle(ServletInvocableHandlerMethod.java:123)
	at org.springframework.web.servlet.mvc.method.annotation.RequestMappingHandlerAdapter.invokeHandlerMethod(RequestMappingHandlerAdapter.java:878)
	at org.springframework.web.servlet.mvc.method.annotation.RequestMappingHandlerAdapter.handleInternal(RequestMappingHandlerAdapter.java:792)
	at org.springframework.web.servlet.mvc.method.AbstractHandlerMethodAdapter.handle(AbstractHandlerMethodAdapter.java:87)
	at org.springframework.web.servlet.DispatcherServlet.doDispatch(DispatcherServlet.java:1040)
	at org.springframework.web.servlet.DispatcherServlet.doService(DispatcherServlet.java:943)
	at org.springframework.web.servlet.FrameworkServlet.processRequest(FrameworkServlet.java:1006)
	at org.springframework.web.servlet.FrameworkServlet.doGet(FrameworkServlet.java:898)
	at javax.servlet.http.HttpServlet.service(HttpServlet.java:626)
	at org.springframework.web.servlet.FrameworkServlet.service(FrameworkServlet.java:883)
	at javax.servlet.http.HttpServlet.service(HttpServlet.java:733)
	at org.apache.catalina.core.ApplicationFilterChain.internalDoFilter(ApplicationFilterChain.java:227)
	at org.apache.catalina.core.ApplicationFilterChain.doFilter(ApplicationFilterChain.java:162)
	at org.apache.tomcat.websocket.server.WsFilter.doFilter(WsFilter.java:53)
	at org.apache.catalina.core.ApplicationFilterChain.internalDoFilter(ApplicationFilterChain.java:189)
	at org.apache.catalina.core.ApplicationFilterChain.doFilter(ApplicationFilterChain.java:162)
	at org.springframework.web.filter.CorsFilter.doFilterInternal(CorsFilter.java:92)
	at org.springframework.web.filter.OncePerRequestFilter.doFilter(OncePerRequestFilter.java:119)
	at org.apache.catalina.core.ApplicationFilterChain.internalDoFilter(ApplicationFilterChain.java:189)
	at org.apache.catalina.core.ApplicationFilterChain.doFilter(ApplicationFilterChain.java:162)
	at org.springframework.web.filter.RequestContextFilter.doFilterInternal(RequestContextFilter.java:100)
	at org.springframework.web.filter.OncePerRequestFilter.doFilter(OncePerRequestFilter.java:119)
	at org.apache.catalina.core.ApplicationFilterChain.internalDoFilter(ApplicationFilterChain.java:189)
	at org.apache.catalina.core.ApplicationFilterChain.doFilter(ApplicationFilterChain.java:162)
	at org.springframework.web.filter.FormContentFilter.doFilterInternal(FormContentFilter.java:93)
	at org.springframework.web.filter.OncePerRequestFilter.doFilter(OncePerRequestFilter.java:119)
	at org.apache.catalina.core.ApplicationFilterChain.internalDoFilter(ApplicationFilterChain.java:189)
	at org.apache.catalina.core.ApplicationFilterChain.doFilter(ApplicationFilterChain.java:162)
	at org.springframework.web.filter.CharacterEncodingFilter.doFilterInternal(CharacterEncodingFilter.java:201)
	at org.springframework.web.filter.OncePerRequestFilter.doFilter(OncePerRequestFilter.java:119)
	at org.apache.catalina.core.ApplicationFilterChain.internalDoFilter(ApplicationFilterChain.java:189)
	at org.apache.catalina.core.ApplicationFilterChain.doFilter(ApplicationFilterChain.java:162)
	at org.apache.catalina.core.StandardWrapperValve.invoke(StandardWrapperValve.java:202)
	at org.apache.catalina.core.StandardContextValve.invoke(StandardContextValve.java:97)
	at org.apache.catalina.authenticator.AuthenticatorBase.invoke(AuthenticatorBase.java:542)
	at org.apache.catalina.core.StandardHostValve.invoke(StandardHostValve.java:143)
	at org.apache.catalina.valves.ErrorReportValve.invoke(ErrorReportValve.java:92)
	at org.apache.catalina.core.StandardEngineValve.invoke(StandardEngineValve.java:78)
	at org.apache.catalina.connector.CoyoteAdapter.service(CoyoteAdapter.java:357)
	at org.apache.coyote.http11.Http11Processor.service(Http11Processor.java:374)
	at org.apache.coyote.AbstractProcessorLight.process(AbstractProcessorLight.java:65)
	at org.apache.coyote.AbstractProtocol$ConnectionHandler.process(AbstractProtocol.java:893)
	at org.apache.tomcat.util.net.NioEndpoint$SocketProcessor.doRun(NioEndpoint.java:1707)
	at org.apache.tomcat.util.net.SocketProcessorBase.run(SocketProcessorBase.java:49)
	at java.util.concurrent.ThreadPoolExecutor.runWorker(ThreadPoolExecutor.java:1149)
	at java.util.concurrent.ThreadPoolExecutor$Worker.run(ThreadPoolExecutor.java:624)
	at org.apache.tomcat.util.threads.TaskThread$WrappingRunnable.run(TaskThread.java:61)
	at java.lang.Thread.run(Thread.java:748)
Caused by: java.io.IOException: 你的主机中的软件中止了一个已建立的连接。
	at sun.nio.ch.SocketDispatcher.write0(Native Method)
	at sun.nio.ch.SocketDispatcher.write(SocketDispatcher.java:51)
	at sun.nio.ch.IOUtil.writeFromNativeBuffer(IOUtil.java:93)
	at sun.nio.ch.IOUtil.write(IOUtil.java:65)
	at sun.nio.ch.SocketChannelImpl.write(SocketChannelImpl.java:469)
	at org.apache.tomcat.util.net.NioChannel.write(NioChannel.java:135)
	at org.apache.tomcat.util.net.NioBlockingSelector.write(NioBlockingSelector.java:118)
	at org.apache.tomcat.util.net.NioSelectorPool.write(NioSelectorPool.java:151)
	at org.apache.tomcat.util.net.NioEndpoint$NioSocketWrapper.doWrite(NioEndpoint.java:1367)
	at org.apache.tomcat.util.net.SocketWrapperBase.doWrite(SocketWrapperBase.java:766)
	at org.apache.tomcat.util.net.SocketWrapperBase.flushBlocking(SocketWrapperBase.java:719)
	at org.apache.tomcat.util.net.SocketWrapperBase.flush(SocketWrapperBase.java:709)
	at org.apache.coyote.http11.Http11OutputBuffer$SocketOutputBuffer.flush(Http11OutputBuffer.java:572)
	at org.apache.coyote.http11.filters.IdentityOutputFilter.flush(IdentityOutputFilter.java:117)
	at org.apache.coyote.http11.Http11OutputBuffer.flush(Http11OutputBuffer.java:220)
	at org.apache.coyote.http11.Http11Processor.flush(Http11Processor.java:1196)
	at org.apache.coyote.AbstractProcessor.action(AbstractProcessor.java:402)
	at org.apache.coyote.Response.action(Response.java:209)
	at org.apache.catalina.connector.OutputBuffer.doFlush(OutputBuffer.java:306)
	... 58 more

2022-02-14 19:49:35.204 [http-nio-8081-exec-11] ERROR com.novedu.nov.common.aspect.NovExceptionHandler -
                org.apache.catalina.connector.ClientAbortException: java.io.IOException: 你的主机中的软件中止了一个已建立的连接。
	at org.apache.catalina.connector.OutputBuffer.doFlush(OutputBuffer.java:310)
	at org.apache.catalina.connector.OutputBuffer.flush(OutputBuffer.java:273)
	at org.apache.catalina.connector.CoyoteOutputStream.flush(CoyoteOutputStream.java:118)
	at java.io.FilterOutputStream.flush(FilterOutputStream.java:140)
	at com.fasterxml.jackson.core.json.UTF8JsonGenerator.flush(UTF8JsonGenerator.java:1178)
	at com.fasterxml.jackson.databind.ObjectWriter.writeValue(ObjectWriter.java:1008)
	at org.springframework.http.converter.json.AbstractJackson2HttpMessageConverter.writeInternal(AbstractJackson2HttpMessageConverter.java:346)
	at org.springframework.http.converter.AbstractGenericHttpMessageConverter.write(AbstractGenericHttpMessageConverter.java:104)
	at org.springframework.web.servlet.mvc.method.annotation.AbstractMessageConverterMethodProcessor.writeWithMessageConverters(AbstractMessageConverterMethodProcessor.java:277)
	at org.springframework.web.servlet.mvc.method.annotation.RequestResponseBodyMethodProcessor.handleReturnValue(RequestResponseBodyMethodProcessor.java:181)
	at org.springframework.web.method.support.HandlerMethodReturnValueHandlerComposite.handleReturnValue(HandlerMethodReturnValueHandlerComposite.java:82)
	at org.springframework.web.servlet.mvc.method.annotation.ServletInvocableHandlerMethod.invokeAndHandle(ServletInvocableHandlerMethod.java:123)
	at org.springframework.web.servlet.mvc.method.annotation.RequestMappingHandlerAdapter.invokeHandlerMethod(RequestMappingHandlerAdapter.java:878)
	at org.springframework.web.servlet.mvc.method.annotation.RequestMappingHandlerAdapter.handleInternal(RequestMappingHandlerAdapter.java:792)
	at org.springframework.web.servlet.mvc.method.AbstractHandlerMethodAdapter.handle(AbstractHandlerMethodAdapter.java:87)
	at org.springframework.web.servlet.DispatcherServlet.doDispatch(DispatcherServlet.java:1040)
	at org.springframework.web.servlet.DispatcherServlet.doService(DispatcherServlet.java:943)
	at org.springframework.web.servlet.FrameworkServlet.processRequest(FrameworkServlet.java:1006)
	at org.springframework.web.servlet.FrameworkServlet.doGet(FrameworkServlet.java:898)
	at javax.servlet.http.HttpServlet.service(HttpServlet.java:626)
	at org.springframework.web.servlet.FrameworkServlet.service(FrameworkServlet.java:883)
	at javax.servlet.http.HttpServlet.service(HttpServlet.java:733)
	at org.apache.catalina.core.ApplicationFilterChain.internalDoFilter(ApplicationFilterChain.java:227)
	at org.apache.catalina.core.ApplicationFilterChain.doFilter(ApplicationFilterChain.java:162)
	at org.apache.tomcat.websocket.server.WsFilter.doFilter(WsFilter.java:53)
	at org.apache.catalina.core.ApplicationFilterChain.internalDoFilter(ApplicationFilterChain.java:189)
	at org.apache.catalina.core.ApplicationFilterChain.doFilter(ApplicationFilterChain.java:162)
	at org.springframework.web.filter.CorsFilter.doFilterInternal(CorsFilter.java:92)
	at org.springframework.web.filter.OncePerRequestFilter.doFilter(OncePerRequestFilter.java:119)
	at org.apache.catalina.core.ApplicationFilterChain.internalDoFilter(ApplicationFilterChain.java:189)
	at org.apache.catalina.core.ApplicationFilterChain.doFilter(ApplicationFilterChain.java:162)
	at org.springframework.web.filter.RequestContextFilter.doFilterInternal(RequestContextFilter.java:100)
	at org.springframework.web.filter.OncePerRequestFilter.doFilter(OncePerRequestFilter.java:119)
	at org.apache.catalina.core.ApplicationFilterChain.internalDoFilter(ApplicationFilterChain.java:189)
	at org.apache.catalina.core.ApplicationFilterChain.doFilter(ApplicationFilterChain.java:162)
	at org.springframework.web.filter.FormContentFilter.doFilterInternal(FormContentFilter.java:93)
	at org.springframework.web.filter.OncePerRequestFilter.doFilter(OncePerRequestFilter.java:119)
	at org.apache.catalina.core.ApplicationFilterChain.internalDoFilter(ApplicationFilterChain.java:189)
	at org.apache.catalina.core.ApplicationFilterChain.doFilter(ApplicationFilterChain.java:162)
	at org.springframework.web.filter.CharacterEncodingFilter.doFilterInternal(CharacterEncodingFilter.java:201)
	at org.springframework.web.filter.OncePerRequestFilter.doFilter(OncePerRequestFilter.java:119)
	at org.apache.catalina.core.ApplicationFilterChain.internalDoFilter(ApplicationFilterChain.java:189)
	at org.apache.catalina.core.ApplicationFilterChain.doFilter(ApplicationFilterChain.java:162)
	at org.apache.catalina.core.StandardWrapperValve.invoke(StandardWrapperValve.java:202)
	at org.apache.catalina.core.StandardContextValve.invoke(StandardContextValve.java:97)
	at org.apache.catalina.authenticator.AuthenticatorBase.invoke(AuthenticatorBase.java:542)
	at org.apache.catalina.core.StandardHostValve.invoke(StandardHostValve.java:143)
	at org.apache.catalina.valves.ErrorReportValve.invoke(ErrorReportValve.java:92)
	at org.apache.catalina.core.StandardEngineValve.invoke(StandardEngineValve.java:78)
	at org.apache.catalina.connector.CoyoteAdapter.service(CoyoteAdapter.java:357)
	at org.apache.coyote.http11.Http11Processor.service(Http11Processor.java:374)
	at org.apache.coyote.AbstractProcessorLight.process(AbstractProcessorLight.java:65)
	at org.apache.coyote.AbstractProtocol$ConnectionHandler.process(AbstractProtocol.java:893)
	at org.apache.tomcat.util.net.NioEndpoint$SocketProcessor.doRun(NioEndpoint.java:1707)
	at org.apache.tomcat.util.net.SocketProcessorBase.run(SocketProcessorBase.java:49)
	at java.util.concurrent.ThreadPoolExecutor.runWorker(ThreadPoolExecutor.java:1149)
	at java.util.concurrent.ThreadPoolExecutor$Worker.run(ThreadPoolExecutor.java:624)
	at org.apache.tomcat.util.threads.TaskThread$WrappingRunnable.run(TaskThread.java:61)
	at java.lang.Thread.run(Thread.java:748)
Caused by: java.io.IOException: 你的主机中的软件中止了一个已建立的连接。
	at sun.nio.ch.SocketDispatcher.write0(Native Method)
	at sun.nio.ch.SocketDispatcher.write(SocketDispatcher.java:51)
	at sun.nio.ch.IOUtil.writeFromNativeBuffer(IOUtil.java:93)
	at sun.nio.ch.IOUtil.write(IOUtil.java:65)
	at sun.nio.ch.SocketChannelImpl.write(SocketChannelImpl.java:469)
	at org.apache.tomcat.util.net.NioChannel.write(NioChannel.java:135)
	at org.apache.tomcat.util.net.NioBlockingSelector.write(NioBlockingSelector.java:118)
	at org.apache.tomcat.util.net.NioSelectorPool.write(NioSelectorPool.java:151)
	at org.apache.tomcat.util.net.NioEndpoint$NioSocketWrapper.doWrite(NioEndpoint.java:1367)
	at org.apache.tomcat.util.net.SocketWrapperBase.doWrite(SocketWrapperBase.java:766)
	at org.apache.tomcat.util.net.SocketWrapperBase.flushBlocking(SocketWrapperBase.java:719)
	at org.apache.tomcat.util.net.SocketWrapperBase.flush(SocketWrapperBase.java:709)
	at org.apache.coyote.http11.Http11OutputBuffer$SocketOutputBuffer.flush(Http11OutputBuffer.java:572)
	at org.apache.coyote.http11.filters.IdentityOutputFilter.flush(IdentityOutputFilter.java:117)
	at org.apache.coyote.http11.Http11OutputBuffer.flush(Http11OutputBuffer.java:220)
	at org.apache.coyote.http11.Http11Processor.flush(Http11Processor.java:1196)
	at org.apache.coyote.AbstractProcessor.action(AbstractProcessor.java:402)
	at org.apache.coyote.Response.action(Response.java:209)
	at org.apache.catalina.connector.OutputBuffer.doFlush(OutputBuffer.java:306)
	... 58 more

2022-02-14 19:49:35.248 [http-nio-8081-exec-26] ERROR com.novedu.nov.common.aspect.NovExceptionHandler -
                org.apache.catalina.connector.ClientAbortException: java.io.IOException: 你的主机中的软件中止了一个已建立的连接。
	at org.apache.catalina.connector.OutputBuffer.doFlush(OutputBuffer.java:310)
	at org.apache.catalina.connector.OutputBuffer.flush(OutputBuffer.java:273)
	at org.apache.catalina.connector.CoyoteOutputStream.flush(CoyoteOutputStream.java:118)
	at java.io.FilterOutputStream.flush(FilterOutputStream.java:140)
	at com.fasterxml.jackson.core.json.UTF8JsonGenerator.flush(UTF8JsonGenerator.java:1178)
	at com.fasterxml.jackson.databind.ObjectWriter.writeValue(ObjectWriter.java:1008)
	at org.springframework.http.converter.json.AbstractJackson2HttpMessageConverter.writeInternal(AbstractJackson2HttpMessageConverter.java:346)
	at org.springframework.http.converter.AbstractGenericHttpMessageConverter.write(AbstractGenericHttpMessageConverter.java:104)
	at org.springframework.web.servlet.mvc.method.annotation.AbstractMessageConverterMethodProcessor.writeWithMessageConverters(AbstractMessageConverterMethodProcessor.java:277)
	at org.springframework.web.servlet.mvc.method.annotation.RequestResponseBodyMethodProcessor.handleReturnValue(RequestResponseBodyMethodProcessor.java:181)
	at org.springframework.web.method.support.HandlerMethodReturnValueHandlerComposite.handleReturnValue(HandlerMethodReturnValueHandlerComposite.java:82)
	at org.springframework.web.servlet.mvc.method.annotation.ServletInvocableHandlerMethod.invokeAndHandle(ServletInvocableHandlerMethod.java:123)
	at org.springframework.web.servlet.mvc.method.annotation.RequestMappingHandlerAdapter.invokeHandlerMethod(RequestMappingHandlerAdapter.java:878)
	at org.springframework.web.servlet.mvc.method.annotation.RequestMappingHandlerAdapter.handleInternal(RequestMappingHandlerAdapter.java:792)
	at org.springframework.web.servlet.mvc.method.AbstractHandlerMethodAdapter.handle(AbstractHandlerMethodAdapter.java:87)
	at org.springframework.web.servlet.DispatcherServlet.doDispatch(DispatcherServlet.java:1040)
	at org.springframework.web.servlet.DispatcherServlet.doService(DispatcherServlet.java:943)
	at org.springframework.web.servlet.FrameworkServlet.processRequest(FrameworkServlet.java:1006)
	at org.springframework.web.servlet.FrameworkServlet.doGet(FrameworkServlet.java:898)
	at javax.servlet.http.HttpServlet.service(HttpServlet.java:626)
	at org.springframework.web.servlet.FrameworkServlet.service(FrameworkServlet.java:883)
	at javax.servlet.http.HttpServlet.service(HttpServlet.java:733)
	at org.apache.catalina.core.ApplicationFilterChain.internalDoFilter(ApplicationFilterChain.java:227)
	at org.apache.catalina.core.ApplicationFilterChain.doFilter(ApplicationFilterChain.java:162)
	at org.apache.tomcat.websocket.server.WsFilter.doFilter(WsFilter.java:53)
	at org.apache.catalina.core.ApplicationFilterChain.internalDoFilter(ApplicationFilterChain.java:189)
	at org.apache.catalina.core.ApplicationFilterChain.doFilter(ApplicationFilterChain.java:162)
	at org.springframework.web.filter.CorsFilter.doFilterInternal(CorsFilter.java:92)
	at org.springframework.web.filter.OncePerRequestFilter.doFilter(OncePerRequestFilter.java:119)
	at org.apache.catalina.core.ApplicationFilterChain.internalDoFilter(ApplicationFilterChain.java:189)
	at org.apache.catalina.core.ApplicationFilterChain.doFilter(ApplicationFilterChain.java:162)
	at org.springframework.web.filter.RequestContextFilter.doFilterInternal(RequestContextFilter.java:100)
	at org.springframework.web.filter.OncePerRequestFilter.doFilter(OncePerRequestFilter.java:119)
	at org.apache.catalina.core.ApplicationFilterChain.internalDoFilter(ApplicationFilterChain.java:189)
	at org.apache.catalina.core.ApplicationFilterChain.doFilter(ApplicationFilterChain.java:162)
	at org.springframework.web.filter.FormContentFilter.doFilterInternal(FormContentFilter.java:93)
	at org.springframework.web.filter.OncePerRequestFilter.doFilter(OncePerRequestFilter.java:119)
	at org.apache.catalina.core.ApplicationFilterChain.internalDoFilter(ApplicationFilterChain.java:189)
	at org.apache.catalina.core.ApplicationFilterChain.doFilter(ApplicationFilterChain.java:162)
	at org.springframework.web.filter.CharacterEncodingFilter.doFilterInternal(CharacterEncodingFilter.java:201)
	at org.springframework.web.filter.OncePerRequestFilter.doFilter(OncePerRequestFilter.java:119)
	at org.apache.catalina.core.ApplicationFilterChain.internalDoFilter(ApplicationFilterChain.java:189)
	at org.apache.catalina.core.ApplicationFilterChain.doFilter(ApplicationFilterChain.java:162)
	at org.apache.catalina.core.StandardWrapperValve.invoke(StandardWrapperValve.java:202)
	at org.apache.catalina.core.StandardContextValve.invoke(StandardContextValve.java:97)
	at org.apache.catalina.authenticator.AuthenticatorBase.invoke(AuthenticatorBase.java:542)
	at org.apache.catalina.core.StandardHostValve.invoke(StandardHostValve.java:143)
	at org.apache.catalina.valves.ErrorReportValve.invoke(ErrorReportValve.java:92)
	at org.apache.catalina.core.StandardEngineValve.invoke(StandardEngineValve.java:78)
	at org.apache.catalina.connector.CoyoteAdapter.service(CoyoteAdapter.java:357)
	at org.apache.coyote.http11.Http11Processor.service(Http11Processor.java:374)
	at org.apache.coyote.AbstractProcessorLight.process(AbstractProcessorLight.java:65)
	at org.apache.coyote.AbstractProtocol$ConnectionHandler.process(AbstractProtocol.java:893)
	at org.apache.tomcat.util.net.NioEndpoint$SocketProcessor.doRun(NioEndpoint.java:1707)
	at org.apache.tomcat.util.net.SocketProcessorBase.run(SocketProcessorBase.java:49)
	at java.util.concurrent.ThreadPoolExecutor.runWorker(ThreadPoolExecutor.java:1149)
	at java.util.concurrent.ThreadPoolExecutor$Worker.run(ThreadPoolExecutor.java:624)
	at org.apache.tomcat.util.threads.TaskThread$WrappingRunnable.run(TaskThread.java:61)
	at java.lang.Thread.run(Thread.java:748)
Caused by: java.io.IOException: 你的主机中的软件中止了一个已建立的连接。
	at sun.nio.ch.SocketDispatcher.write0(Native Method)
	at sun.nio.ch.SocketDispatcher.write(SocketDispatcher.java:51)
	at sun.nio.ch.IOUtil.writeFromNativeBuffer(IOUtil.java:93)
	at sun.nio.ch.IOUtil.write(IOUtil.java:65)
	at sun.nio.ch.SocketChannelImpl.write(SocketChannelImpl.java:469)
	at org.apache.tomcat.util.net.NioChannel.write(NioChannel.java:135)
	at org.apache.tomcat.util.net.NioBlockingSelector.write(NioBlockingSelector.java:118)
	at org.apache.tomcat.util.net.NioSelectorPool.write(NioSelectorPool.java:151)
	at org.apache.tomcat.util.net.NioEndpoint$NioSocketWrapper.doWrite(NioEndpoint.java:1367)
	at org.apache.tomcat.util.net.SocketWrapperBase.doWrite(SocketWrapperBase.java:766)
	at org.apache.tomcat.util.net.SocketWrapperBase.flushBlocking(SocketWrapperBase.java:719)
	at org.apache.tomcat.util.net.SocketWrapperBase.flush(SocketWrapperBase.java:709)
	at org.apache.coyote.http11.Http11OutputBuffer$SocketOutputBuffer.flush(Http11OutputBuffer.java:572)
	at org.apache.coyote.http11.filters.IdentityOutputFilter.flush(IdentityOutputFilter.java:117)
	at org.apache.coyote.http11.Http11OutputBuffer.flush(Http11OutputBuffer.java:220)
	at org.apache.coyote.http11.Http11Processor.flush(Http11Processor.java:1196)
	at org.apache.coyote.AbstractProcessor.action(AbstractProcessor.java:402)
	at org.apache.coyote.Response.action(Response.java:209)
	at org.apache.catalina.connector.OutputBuffer.doFlush(OutputBuffer.java:306)
	... 58 more

2022-02-14 19:49:35.270 [http-nio-8081-exec-33] ERROR com.novedu.nov.common.aspect.NovExceptionHandler -
                org.apache.catalina.connector.ClientAbortException: java.io.IOException: 你的主机中的软件中止了一个已建立的连接。
	at org.apache.catalina.connector.OutputBuffer.doFlush(OutputBuffer.java:310)
	at org.apache.catalina.connector.OutputBuffer.flush(OutputBuffer.java:273)
	at org.apache.catalina.connector.CoyoteOutputStream.flush(CoyoteOutputStream.java:118)
	at java.io.FilterOutputStream.flush(FilterOutputStream.java:140)
	at com.fasterxml.jackson.core.json.UTF8JsonGenerator.flush(UTF8JsonGenerator.java:1178)
	at com.fasterxml.jackson.databind.ObjectWriter.writeValue(ObjectWriter.java:1008)
	at org.springframework.http.converter.json.AbstractJackson2HttpMessageConverter.writeInternal(AbstractJackson2HttpMessageConverter.java:346)
	at org.springframework.http.converter.AbstractGenericHttpMessageConverter.write(AbstractGenericHttpMessageConverter.java:104)
	at org.springframework.web.servlet.mvc.method.annotation.AbstractMessageConverterMethodProcessor.writeWithMessageConverters(AbstractMessageConverterMethodProcessor.java:277)
	at org.springframework.web.servlet.mvc.method.annotation.RequestResponseBodyMethodProcessor.handleReturnValue(RequestResponseBodyMethodProcessor.java:181)
	at org.springframework.web.method.support.HandlerMethodReturnValueHandlerComposite.handleReturnValue(HandlerMethodReturnValueHandlerComposite.java:82)
	at org.springframework.web.servlet.mvc.method.annotation.ServletInvocableHandlerMethod.invokeAndHandle(ServletInvocableHandlerMethod.java:123)
	at org.springframework.web.servlet.mvc.method.annotation.RequestMappingHandlerAdapter.invokeHandlerMethod(RequestMappingHandlerAdapter.java:878)
	at org.springframework.web.servlet.mvc.method.annotation.RequestMappingHandlerAdapter.handleInternal(RequestMappingHandlerAdapter.java:792)
	at org.springframework.web.servlet.mvc.method.AbstractHandlerMethodAdapter.handle(AbstractHandlerMethodAdapter.java:87)
	at org.springframework.web.servlet.DispatcherServlet.doDispatch(DispatcherServlet.java:1040)
	at org.springframework.web.servlet.DispatcherServlet.doService(DispatcherServlet.java:943)
	at org.springframework.web.servlet.FrameworkServlet.processRequest(FrameworkServlet.java:1006)
	at org.springframework.web.servlet.FrameworkServlet.doGet(FrameworkServlet.java:898)
	at javax.servlet.http.HttpServlet.service(HttpServlet.java:626)
	at org.springframework.web.servlet.FrameworkServlet.service(FrameworkServlet.java:883)
	at javax.servlet.http.HttpServlet.service(HttpServlet.java:733)
	at org.apache.catalina.core.ApplicationFilterChain.internalDoFilter(ApplicationFilterChain.java:227)
	at org.apache.catalina.core.ApplicationFilterChain.doFilter(ApplicationFilterChain.java:162)
	at org.apache.tomcat.websocket.server.WsFilter.doFilter(WsFilter.java:53)
	at org.apache.catalina.core.ApplicationFilterChain.internalDoFilter(ApplicationFilterChain.java:189)
	at org.apache.catalina.core.ApplicationFilterChain.doFilter(ApplicationFilterChain.java:162)
	at org.springframework.web.filter.CorsFilter.doFilterInternal(CorsFilter.java:92)
	at org.springframework.web.filter.OncePerRequestFilter.doFilter(OncePerRequestFilter.java:119)
	at org.apache.catalina.core.ApplicationFilterChain.internalDoFilter(ApplicationFilterChain.java:189)
	at org.apache.catalina.core.ApplicationFilterChain.doFilter(ApplicationFilterChain.java:162)
	at org.springframework.web.filter.RequestContextFilter.doFilterInternal(RequestContextFilter.java:100)
	at org.springframework.web.filter.OncePerRequestFilter.doFilter(OncePerRequestFilter.java:119)
	at org.apache.catalina.core.ApplicationFilterChain.internalDoFilter(ApplicationFilterChain.java:189)
	at org.apache.catalina.core.ApplicationFilterChain.doFilter(ApplicationFilterChain.java:162)
	at org.springframework.web.filter.FormContentFilter.doFilterInternal(FormContentFilter.java:93)
	at org.springframework.web.filter.OncePerRequestFilter.doFilter(OncePerRequestFilter.java:119)
	at org.apache.catalina.core.ApplicationFilterChain.internalDoFilter(ApplicationFilterChain.java:189)
	at org.apache.catalina.core.ApplicationFilterChain.doFilter(ApplicationFilterChain.java:162)
	at org.springframework.web.filter.CharacterEncodingFilter.doFilterInternal(CharacterEncodingFilter.java:201)
	at org.springframework.web.filter.OncePerRequestFilter.doFilter(OncePerRequestFilter.java:119)
	at org.apache.catalina.core.ApplicationFilterChain.internalDoFilter(ApplicationFilterChain.java:189)
	at org.apache.catalina.core.ApplicationFilterChain.doFilter(ApplicationFilterChain.java:162)
	at org.apache.catalina.core.StandardWrapperValve.invoke(StandardWrapperValve.java:202)
	at org.apache.catalina.core.StandardContextValve.invoke(StandardContextValve.java:97)
	at org.apache.catalina.authenticator.AuthenticatorBase.invoke(AuthenticatorBase.java:542)
	at org.apache.catalina.core.StandardHostValve.invoke(StandardHostValve.java:143)
	at org.apache.catalina.valves.ErrorReportValve.invoke(ErrorReportValve.java:92)
	at org.apache.catalina.core.StandardEngineValve.invoke(StandardEngineValve.java:78)
	at org.apache.catalina.connector.CoyoteAdapter.service(CoyoteAdapter.java:357)
	at org.apache.coyote.http11.Http11Processor.service(Http11Processor.java:374)
	at org.apache.coyote.AbstractProcessorLight.process(AbstractProcessorLight.java:65)
	at org.apache.coyote.AbstractProtocol$ConnectionHandler.process(AbstractProtocol.java:893)
	at org.apache.tomcat.util.net.NioEndpoint$SocketProcessor.doRun(NioEndpoint.java:1707)
	at org.apache.tomcat.util.net.SocketProcessorBase.run(SocketProcessorBase.java:49)
	at java.util.concurrent.ThreadPoolExecutor.runWorker(ThreadPoolExecutor.java:1149)
	at java.util.concurrent.ThreadPoolExecutor$Worker.run(ThreadPoolExecutor.java:624)
	at org.apache.tomcat.util.threads.TaskThread$WrappingRunnable.run(TaskThread.java:61)
	at java.lang.Thread.run(Thread.java:748)
Caused by: java.io.IOException: 你的主机中的软件中止了一个已建立的连接。
	at sun.nio.ch.SocketDispatcher.write0(Native Method)
	at sun.nio.ch.SocketDispatcher.write(SocketDispatcher.java:51)
	at sun.nio.ch.IOUtil.writeFromNativeBuffer(IOUtil.java:93)
	at sun.nio.ch.IOUtil.write(IOUtil.java:65)
	at sun.nio.ch.SocketChannelImpl.write(SocketChannelImpl.java:469)
	at org.apache.tomcat.util.net.NioChannel.write(NioChannel.java:135)
	at org.apache.tomcat.util.net.NioBlockingSelector.write(NioBlockingSelector.java:118)
	at org.apache.tomcat.util.net.NioSelectorPool.write(NioSelectorPool.java:151)
	at org.apache.tomcat.util.net.NioEndpoint$NioSocketWrapper.doWrite(NioEndpoint.java:1367)
	at org.apache.tomcat.util.net.SocketWrapperBase.doWrite(SocketWrapperBase.java:766)
	at org.apache.tomcat.util.net.SocketWrapperBase.flushBlocking(SocketWrapperBase.java:719)
	at org.apache.tomcat.util.net.SocketWrapperBase.flush(SocketWrapperBase.java:709)
	at org.apache.coyote.http11.Http11OutputBuffer$SocketOutputBuffer.flush(Http11OutputBuffer.java:572)
	at org.apache.coyote.http11.filters.IdentityOutputFilter.flush(IdentityOutputFilter.java:117)
	at org.apache.coyote.http11.Http11OutputBuffer.flush(Http11OutputBuffer.java:220)
	at org.apache.coyote.http11.Http11Processor.flush(Http11Processor.java:1196)
	at org.apache.coyote.AbstractProcessor.action(AbstractProcessor.java:402)
	at org.apache.coyote.Response.action(Response.java:209)
	at org.apache.catalina.connector.OutputBuffer.doFlush(OutputBuffer.java:306)
	... 58 more

2022-02-14 19:49:35.315 [http-nio-8081-exec-24] ERROR com.novedu.nov.common.aspect.NovExceptionHandler -
                org.apache.catalina.connector.ClientAbortException: java.io.IOException: 你的主机中的软件中止了一个已建立的连接。
	at org.apache.catalina.connector.OutputBuffer.doFlush(OutputBuffer.java:310)
	at org.apache.catalina.connector.OutputBuffer.flush(OutputBuffer.java:273)
	at org.apache.catalina.connector.CoyoteOutputStream.flush(CoyoteOutputStream.java:118)
	at java.io.FilterOutputStream.flush(FilterOutputStream.java:140)
	at com.fasterxml.jackson.core.json.UTF8JsonGenerator.flush(UTF8JsonGenerator.java:1178)
	at com.fasterxml.jackson.databind.ObjectWriter.writeValue(ObjectWriter.java:1008)
	at org.springframework.http.converter.json.AbstractJackson2HttpMessageConverter.writeInternal(AbstractJackson2HttpMessageConverter.java:346)
	at org.springframework.http.converter.AbstractGenericHttpMessageConverter.write(AbstractGenericHttpMessageConverter.java:104)
	at org.springframework.web.servlet.mvc.method.annotation.AbstractMessageConverterMethodProcessor.writeWithMessageConverters(AbstractMessageConverterMethodProcessor.java:277)
	at org.springframework.web.servlet.mvc.method.annotation.RequestResponseBodyMethodProcessor.handleReturnValue(RequestResponseBodyMethodProcessor.java:181)
	at org.springframework.web.method.support.HandlerMethodReturnValueHandlerComposite.handleReturnValue(HandlerMethodReturnValueHandlerComposite.java:82)
	at org.springframework.web.servlet.mvc.method.annotation.ServletInvocableHandlerMethod.invokeAndHandle(ServletInvocableHandlerMethod.java:123)
	at org.springframework.web.servlet.mvc.method.annotation.RequestMappingHandlerAdapter.invokeHandlerMethod(RequestMappingHandlerAdapter.java:878)
	at org.springframework.web.servlet.mvc.method.annotation.RequestMappingHandlerAdapter.handleInternal(RequestMappingHandlerAdapter.java:792)
	at org.springframework.web.servlet.mvc.method.AbstractHandlerMethodAdapter.handle(AbstractHandlerMethodAdapter.java:87)
	at org.springframework.web.servlet.DispatcherServlet.doDispatch(DispatcherServlet.java:1040)
	at org.springframework.web.servlet.DispatcherServlet.doService(DispatcherServlet.java:943)
	at org.springframework.web.servlet.FrameworkServlet.processRequest(FrameworkServlet.java:1006)
	at org.springframework.web.servlet.FrameworkServlet.doGet(FrameworkServlet.java:898)
	at javax.servlet.http.HttpServlet.service(HttpServlet.java:626)
	at org.springframework.web.servlet.FrameworkServlet.service(FrameworkServlet.java:883)
	at javax.servlet.http.HttpServlet.service(HttpServlet.java:733)
	at org.apache.catalina.core.ApplicationFilterChain.internalDoFilter(ApplicationFilterChain.java:227)
	at org.apache.catalina.core.ApplicationFilterChain.doFilter(ApplicationFilterChain.java:162)
	at org.apache.tomcat.websocket.server.WsFilter.doFilter(WsFilter.java:53)
	at org.apache.catalina.core.ApplicationFilterChain.internalDoFilter(ApplicationFilterChain.java:189)
	at org.apache.catalina.core.ApplicationFilterChain.doFilter(ApplicationFilterChain.java:162)
	at org.springframework.web.filter.CorsFilter.doFilterInternal(CorsFilter.java:92)
	at org.springframework.web.filter.OncePerRequestFilter.doFilter(OncePerRequestFilter.java:119)
	at org.apache.catalina.core.ApplicationFilterChain.internalDoFilter(ApplicationFilterChain.java:189)
	at org.apache.catalina.core.ApplicationFilterChain.doFilter(ApplicationFilterChain.java:162)
	at org.springframework.web.filter.RequestContextFilter.doFilterInternal(RequestContextFilter.java:100)
	at org.springframework.web.filter.OncePerRequestFilter.doFilter(OncePerRequestFilter.java:119)
	at org.apache.catalina.core.ApplicationFilterChain.internalDoFilter(ApplicationFilterChain.java:189)
	at org.apache.catalina.core.ApplicationFilterChain.doFilter(ApplicationFilterChain.java:162)
	at org.springframework.web.filter.FormContentFilter.doFilterInternal(FormContentFilter.java:93)
	at org.springframework.web.filter.OncePerRequestFilter.doFilter(OncePerRequestFilter.java:119)
	at org.apache.catalina.core.ApplicationFilterChain.internalDoFilter(ApplicationFilterChain.java:189)
	at org.apache.catalina.core.ApplicationFilterChain.doFilter(ApplicationFilterChain.java:162)
	at org.springframework.web.filter.CharacterEncodingFilter.doFilterInternal(CharacterEncodingFilter.java:201)
	at org.springframework.web.filter.OncePerRequestFilter.doFilter(OncePerRequestFilter.java:119)
	at org.apache.catalina.core.ApplicationFilterChain.internalDoFilter(ApplicationFilterChain.java:189)
	at org.apache.catalina.core.ApplicationFilterChain.doFilter(ApplicationFilterChain.java:162)
	at org.apache.catalina.core.StandardWrapperValve.invoke(StandardWrapperValve.java:202)
	at org.apache.catalina.core.StandardContextValve.invoke(StandardContextValve.java:97)
	at org.apache.catalina.authenticator.AuthenticatorBase.invoke(AuthenticatorBase.java:542)
	at org.apache.catalina.core.StandardHostValve.invoke(StandardHostValve.java:143)
	at org.apache.catalina.valves.ErrorReportValve.invoke(ErrorReportValve.java:92)
	at org.apache.catalina.core.StandardEngineValve.invoke(StandardEngineValve.java:78)
	at org.apache.catalina.connector.CoyoteAdapter.service(CoyoteAdapter.java:357)
	at org.apache.coyote.http11.Http11Processor.service(Http11Processor.java:374)
	at org.apache.coyote.AbstractProcessorLight.process(AbstractProcessorLight.java:65)
	at org.apache.coyote.AbstractProtocol$ConnectionHandler.process(AbstractProtocol.java:893)
	at org.apache.tomcat.util.net.NioEndpoint$SocketProcessor.doRun(NioEndpoint.java:1707)
	at org.apache.tomcat.util.net.SocketProcessorBase.run(SocketProcessorBase.java:49)
	at java.util.concurrent.ThreadPoolExecutor.runWorker(ThreadPoolExecutor.java:1149)
	at java.util.concurrent.ThreadPoolExecutor$Worker.run(ThreadPoolExecutor.java:624)
	at org.apache.tomcat.util.threads.TaskThread$WrappingRunnable.run(TaskThread.java:61)
	at java.lang.Thread.run(Thread.java:748)
Caused by: java.io.IOException: 你的主机中的软件中止了一个已建立的连接。
	at sun.nio.ch.SocketDispatcher.write0(Native Method)
	at sun.nio.ch.SocketDispatcher.write(SocketDispatcher.java:51)
	at sun.nio.ch.IOUtil.writeFromNativeBuffer(IOUtil.java:93)
	at sun.nio.ch.IOUtil.write(IOUtil.java:65)
	at sun.nio.ch.SocketChannelImpl.write(SocketChannelImpl.java:469)
	at org.apache.tomcat.util.net.NioChannel.write(NioChannel.java:135)
	at org.apache.tomcat.util.net.NioBlockingSelector.write(NioBlockingSelector.java:118)
	at org.apache.tomcat.util.net.NioSelectorPool.write(NioSelectorPool.java:151)
	at org.apache.tomcat.util.net.NioEndpoint$NioSocketWrapper.doWrite(NioEndpoint.java:1367)
	at org.apache.tomcat.util.net.SocketWrapperBase.doWrite(SocketWrapperBase.java:766)
	at org.apache.tomcat.util.net.SocketWrapperBase.flushBlocking(SocketWrapperBase.java:719)
	at org.apache.tomcat.util.net.SocketWrapperBase.flush(SocketWrapperBase.java:709)
	at org.apache.coyote.http11.Http11OutputBuffer$SocketOutputBuffer.flush(Http11OutputBuffer.java:572)
	at org.apache.coyote.http11.filters.IdentityOutputFilter.flush(IdentityOutputFilter.java:117)
	at org.apache.coyote.http11.Http11OutputBuffer.flush(Http11OutputBuffer.java:220)
	at org.apache.coyote.http11.Http11Processor.flush(Http11Processor.java:1196)
	at org.apache.coyote.AbstractProcessor.action(AbstractProcessor.java:402)
	at org.apache.coyote.Response.action(Response.java:209)
	at org.apache.catalina.connector.OutputBuffer.doFlush(OutputBuffer.java:306)
	... 58 more

2022-02-14 19:49:35.323 [http-nio-8081-exec-25] ERROR com.novedu.nov.common.aspect.NovExceptionHandler -
                org.apache.catalina.connector.ClientAbortException: java.io.IOException: 你的主机中的软件中止了一个已建立的连接。
	at org.apache.catalina.connector.OutputBuffer.doFlush(OutputBuffer.java:310)
	at org.apache.catalina.connector.OutputBuffer.flush(OutputBuffer.java:273)
	at org.apache.catalina.connector.CoyoteOutputStream.flush(CoyoteOutputStream.java:118)
	at java.io.FilterOutputStream.flush(FilterOutputStream.java:140)
	at com.fasterxml.jackson.core.json.UTF8JsonGenerator.flush(UTF8JsonGenerator.java:1178)
	at com.fasterxml.jackson.databind.ObjectWriter.writeValue(ObjectWriter.java:1008)
	at org.springframework.http.converter.json.AbstractJackson2HttpMessageConverter.writeInternal(AbstractJackson2HttpMessageConverter.java:346)
	at org.springframework.http.converter.AbstractGenericHttpMessageConverter.write(AbstractGenericHttpMessageConverter.java:104)
	at org.springframework.web.servlet.mvc.method.annotation.AbstractMessageConverterMethodProcessor.writeWithMessageConverters(AbstractMessageConverterMethodProcessor.java:277)
	at org.springframework.web.servlet.mvc.method.annotation.RequestResponseBodyMethodProcessor.handleReturnValue(RequestResponseBodyMethodProcessor.java:181)
	at org.springframework.web.method.support.HandlerMethodReturnValueHandlerComposite.handleReturnValue(HandlerMethodReturnValueHandlerComposite.java:82)
	at org.springframework.web.servlet.mvc.method.annotation.ServletInvocableHandlerMethod.invokeAndHandle(ServletInvocableHandlerMethod.java:123)
	at org.springframework.web.servlet.mvc.method.annotation.RequestMappingHandlerAdapter.invokeHandlerMethod(RequestMappingHandlerAdapter.java:878)
	at org.springframework.web.servlet.mvc.method.annotation.RequestMappingHandlerAdapter.handleInternal(RequestMappingHandlerAdapter.java:792)
	at org.springframework.web.servlet.mvc.method.AbstractHandlerMethodAdapter.handle(AbstractHandlerMethodAdapter.java:87)
	at org.springframework.web.servlet.DispatcherServlet.doDispatch(DispatcherServlet.java:1040)
	at org.springframework.web.servlet.DispatcherServlet.doService(DispatcherServlet.java:943)
	at org.springframework.web.servlet.FrameworkServlet.processRequest(FrameworkServlet.java:1006)
	at org.springframework.web.servlet.FrameworkServlet.doGet(FrameworkServlet.java:898)
	at javax.servlet.http.HttpServlet.service(HttpServlet.java:626)
	at org.springframework.web.servlet.FrameworkServlet.service(FrameworkServlet.java:883)
	at javax.servlet.http.HttpServlet.service(HttpServlet.java:733)
	at org.apache.catalina.core.ApplicationFilterChain.internalDoFilter(ApplicationFilterChain.java:227)
	at org.apache.catalina.core.ApplicationFilterChain.doFilter(ApplicationFilterChain.java:162)
	at org.apache.tomcat.websocket.server.WsFilter.doFilter(WsFilter.java:53)
	at org.apache.catalina.core.ApplicationFilterChain.internalDoFilter(ApplicationFilterChain.java:189)
	at org.apache.catalina.core.ApplicationFilterChain.doFilter(ApplicationFilterChain.java:162)
	at org.springframework.web.filter.CorsFilter.doFilterInternal(CorsFilter.java:92)
	at org.springframework.web.filter.OncePerRequestFilter.doFilter(OncePerRequestFilter.java:119)
	at org.apache.catalina.core.ApplicationFilterChain.internalDoFilter(ApplicationFilterChain.java:189)
	at org.apache.catalina.core.ApplicationFilterChain.doFilter(ApplicationFilterChain.java:162)
	at org.springframework.web.filter.RequestContextFilter.doFilterInternal(RequestContextFilter.java:100)
	at org.springframework.web.filter.OncePerRequestFilter.doFilter(OncePerRequestFilter.java:119)
	at org.apache.catalina.core.ApplicationFilterChain.internalDoFilter(ApplicationFilterChain.java:189)
	at org.apache.catalina.core.ApplicationFilterChain.doFilter(ApplicationFilterChain.java:162)
	at org.springframework.web.filter.FormContentFilter.doFilterInternal(FormContentFilter.java:93)
	at org.springframework.web.filter.OncePerRequestFilter.doFilter(OncePerRequestFilter.java:119)
	at org.apache.catalina.core.ApplicationFilterChain.internalDoFilter(ApplicationFilterChain.java:189)
	at org.apache.catalina.core.ApplicationFilterChain.doFilter(ApplicationFilterChain.java:162)
	at org.springframework.web.filter.CharacterEncodingFilter.doFilterInternal(CharacterEncodingFilter.java:201)
	at org.springframework.web.filter.OncePerRequestFilter.doFilter(OncePerRequestFilter.java:119)
	at org.apache.catalina.core.ApplicationFilterChain.internalDoFilter(ApplicationFilterChain.java:189)
	at org.apache.catalina.core.ApplicationFilterChain.doFilter(ApplicationFilterChain.java:162)
	at org.apache.catalina.core.StandardWrapperValve.invoke(StandardWrapperValve.java:202)
	at org.apache.catalina.core.StandardContextValve.invoke(StandardContextValve.java:97)
	at org.apache.catalina.authenticator.AuthenticatorBase.invoke(AuthenticatorBase.java:542)
	at org.apache.catalina.core.StandardHostValve.invoke(StandardHostValve.java:143)
	at org.apache.catalina.valves.ErrorReportValve.invoke(ErrorReportValve.java:92)
	at org.apache.catalina.core.StandardEngineValve.invoke(StandardEngineValve.java:78)
	at org.apache.catalina.connector.CoyoteAdapter.service(CoyoteAdapter.java:357)
	at org.apache.coyote.http11.Http11Processor.service(Http11Processor.java:374)
	at org.apache.coyote.AbstractProcessorLight.process(AbstractProcessorLight.java:65)
	at org.apache.coyote.AbstractProtocol$ConnectionHandler.process(AbstractProtocol.java:893)
	at org.apache.tomcat.util.net.NioEndpoint$SocketProcessor.doRun(NioEndpoint.java:1707)
	at org.apache.tomcat.util.net.SocketProcessorBase.run(SocketProcessorBase.java:49)
	at java.util.concurrent.ThreadPoolExecutor.runWorker(ThreadPoolExecutor.java:1149)
	at java.util.concurrent.ThreadPoolExecutor$Worker.run(ThreadPoolExecutor.java:624)
	at org.apache.tomcat.util.threads.TaskThread$WrappingRunnable.run(TaskThread.java:61)
	at java.lang.Thread.run(Thread.java:748)
Caused by: java.io.IOException: 你的主机中的软件中止了一个已建立的连接。
	at sun.nio.ch.SocketDispatcher.write0(Native Method)
	at sun.nio.ch.SocketDispatcher.write(SocketDispatcher.java:51)
	at sun.nio.ch.IOUtil.writeFromNativeBuffer(IOUtil.java:93)
	at sun.nio.ch.IOUtil.write(IOUtil.java:65)
	at sun.nio.ch.SocketChannelImpl.write(SocketChannelImpl.java:469)
	at org.apache.tomcat.util.net.NioChannel.write(NioChannel.java:135)
	at org.apache.tomcat.util.net.NioBlockingSelector.write(NioBlockingSelector.java:118)
	at org.apache.tomcat.util.net.NioSelectorPool.write(NioSelectorPool.java:151)
	at org.apache.tomcat.util.net.NioEndpoint$NioSocketWrapper.doWrite(NioEndpoint.java:1367)
	at org.apache.tomcat.util.net.SocketWrapperBase.doWrite(SocketWrapperBase.java:766)
	at org.apache.tomcat.util.net.SocketWrapperBase.flushBlocking(SocketWrapperBase.java:719)
	at org.apache.tomcat.util.net.SocketWrapperBase.flush(SocketWrapperBase.java:709)
	at org.apache.coyote.http11.Http11OutputBuffer$SocketOutputBuffer.flush(Http11OutputBuffer.java:572)
	at org.apache.coyote.http11.filters.IdentityOutputFilter.flush(IdentityOutputFilter.java:117)
	at org.apache.coyote.http11.Http11OutputBuffer.flush(Http11OutputBuffer.java:220)
	at org.apache.coyote.http11.Http11Processor.flush(Http11Processor.java:1196)
	at org.apache.coyote.AbstractProcessor.action(AbstractProcessor.java:402)
	at org.apache.coyote.Response.action(Response.java:209)
	at org.apache.catalina.connector.OutputBuffer.doFlush(OutputBuffer.java:306)
	... 58 more

2022-02-14 19:49:35.337 [http-nio-8081-exec-23] ERROR com.novedu.nov.common.aspect.NovExceptionHandler -
                org.apache.catalina.connector.ClientAbortException: java.io.IOException: 你的主机中的软件中止了一个已建立的连接。
	at org.apache.catalina.connector.OutputBuffer.doFlush(OutputBuffer.java:310)
	at org.apache.catalina.connector.OutputBuffer.flush(OutputBuffer.java:273)
	at org.apache.catalina.connector.CoyoteOutputStream.flush(CoyoteOutputStream.java:118)
	at java.io.FilterOutputStream.flush(FilterOutputStream.java:140)
	at com.fasterxml.jackson.core.json.UTF8JsonGenerator.flush(UTF8JsonGenerator.java:1178)
	at com.fasterxml.jackson.databind.ObjectWriter.writeValue(ObjectWriter.java:1008)
	at org.springframework.http.converter.json.AbstractJackson2HttpMessageConverter.writeInternal(AbstractJackson2HttpMessageConverter.java:346)
	at org.springframework.http.converter.AbstractGenericHttpMessageConverter.write(AbstractGenericHttpMessageConverter.java:104)
	at org.springframework.web.servlet.mvc.method.annotation.AbstractMessageConverterMethodProcessor.writeWithMessageConverters(AbstractMessageConverterMethodProcessor.java:277)
	at org.springframework.web.servlet.mvc.method.annotation.RequestResponseBodyMethodProcessor.handleReturnValue(RequestResponseBodyMethodProcessor.java:181)
	at org.springframework.web.method.support.HandlerMethodReturnValueHandlerComposite.handleReturnValue(HandlerMethodReturnValueHandlerComposite.java:82)
	at org.springframework.web.servlet.mvc.method.annotation.ServletInvocableHandlerMethod.invokeAndHandle(ServletInvocableHandlerMethod.java:123)
	at org.springframework.web.servlet.mvc.method.annotation.RequestMappingHandlerAdapter.invokeHandlerMethod(RequestMappingHandlerAdapter.java:878)
	at org.springframework.web.servlet.mvc.method.annotation.RequestMappingHandlerAdapter.handleInternal(RequestMappingHandlerAdapter.java:792)
	at org.springframework.web.servlet.mvc.method.AbstractHandlerMethodAdapter.handle(AbstractHandlerMethodAdapter.java:87)
	at org.springframework.web.servlet.DispatcherServlet.doDispatch(DispatcherServlet.java:1040)
	at org.springframework.web.servlet.DispatcherServlet.doService(DispatcherServlet.java:943)
	at org.springframework.web.servlet.FrameworkServlet.processRequest(FrameworkServlet.java:1006)
	at org.springframework.web.servlet.FrameworkServlet.doGet(FrameworkServlet.java:898)
	at javax.servlet.http.HttpServlet.service(HttpServlet.java:626)
	at org.springframework.web.servlet.FrameworkServlet.service(FrameworkServlet.java:883)
	at javax.servlet.http.HttpServlet.service(HttpServlet.java:733)
	at org.apache.catalina.core.ApplicationFilterChain.internalDoFilter(ApplicationFilterChain.java:227)
	at org.apache.catalina.core.ApplicationFilterChain.doFilter(ApplicationFilterChain.java:162)
	at org.apache.tomcat.websocket.server.WsFilter.doFilter(WsFilter.java:53)
	at org.apache.catalina.core.ApplicationFilterChain.internalDoFilter(ApplicationFilterChain.java:189)
	at org.apache.catalina.core.ApplicationFilterChain.doFilter(ApplicationFilterChain.java:162)
	at org.springframework.web.filter.CorsFilter.doFilterInternal(CorsFilter.java:92)
	at org.springframework.web.filter.OncePerRequestFilter.doFilter(OncePerRequestFilter.java:119)
	at org.apache.catalina.core.ApplicationFilterChain.internalDoFilter(ApplicationFilterChain.java:189)
	at org.apache.catalina.core.ApplicationFilterChain.doFilter(ApplicationFilterChain.java:162)
	at org.springframework.web.filter.RequestContextFilter.doFilterInternal(RequestContextFilter.java:100)
	at org.springframework.web.filter.OncePerRequestFilter.doFilter(OncePerRequestFilter.java:119)
	at org.apache.catalina.core.ApplicationFilterChain.internalDoFilter(ApplicationFilterChain.java:189)
	at org.apache.catalina.core.ApplicationFilterChain.doFilter(ApplicationFilterChain.java:162)
	at org.springframework.web.filter.FormContentFilter.doFilterInternal(FormContentFilter.java:93)
	at org.springframework.web.filter.OncePerRequestFilter.doFilter(OncePerRequestFilter.java:119)
	at org.apache.catalina.core.ApplicationFilterChain.internalDoFilter(ApplicationFilterChain.java:189)
	at org.apache.catalina.core.ApplicationFilterChain.doFilter(ApplicationFilterChain.java:162)
	at org.springframework.web.filter.CharacterEncodingFilter.doFilterInternal(CharacterEncodingFilter.java:201)
	at org.springframework.web.filter.OncePerRequestFilter.doFilter(OncePerRequestFilter.java:119)
	at org.apache.catalina.core.ApplicationFilterChain.internalDoFilter(ApplicationFilterChain.java:189)
	at org.apache.catalina.core.ApplicationFilterChain.doFilter(ApplicationFilterChain.java:162)
	at org.apache.catalina.core.StandardWrapperValve.invoke(StandardWrapperValve.java:202)
	at org.apache.catalina.core.StandardContextValve.invoke(StandardContextValve.java:97)
	at org.apache.catalina.authenticator.AuthenticatorBase.invoke(AuthenticatorBase.java:542)
	at org.apache.catalina.core.StandardHostValve.invoke(StandardHostValve.java:143)
	at org.apache.catalina.valves.ErrorReportValve.invoke(ErrorReportValve.java:92)
	at org.apache.catalina.core.StandardEngineValve.invoke(StandardEngineValve.java:78)
	at org.apache.catalina.connector.CoyoteAdapter.service(CoyoteAdapter.java:357)
	at org.apache.coyote.http11.Http11Processor.service(Http11Processor.java:374)
	at org.apache.coyote.AbstractProcessorLight.process(AbstractProcessorLight.java:65)
	at org.apache.coyote.AbstractProtocol$ConnectionHandler.process(AbstractProtocol.java:893)
	at org.apache.tomcat.util.net.NioEndpoint$SocketProcessor.doRun(NioEndpoint.java:1707)
	at org.apache.tomcat.util.net.SocketProcessorBase.run(SocketProcessorBase.java:49)
	at java.util.concurrent.ThreadPoolExecutor.runWorker(ThreadPoolExecutor.java:1149)
	at java.util.concurrent.ThreadPoolExecutor$Worker.run(ThreadPoolExecutor.java:624)
	at org.apache.tomcat.util.threads.TaskThread$WrappingRunnable.run(TaskThread.java:61)
	at java.lang.Thread.run(Thread.java:748)
Caused by: java.io.IOException: 你的主机中的软件中止了一个已建立的连接。
	at sun.nio.ch.SocketDispatcher.write0(Native Method)
	at sun.nio.ch.SocketDispatcher.write(SocketDispatcher.java:51)
	at sun.nio.ch.IOUtil.writeFromNativeBuffer(IOUtil.java:93)
	at sun.nio.ch.IOUtil.write(IOUtil.java:65)
	at sun.nio.ch.SocketChannelImpl.write(SocketChannelImpl.java:469)
	at org.apache.tomcat.util.net.NioChannel.write(NioChannel.java:135)
	at org.apache.tomcat.util.net.NioBlockingSelector.write(NioBlockingSelector.java:118)
	at org.apache.tomcat.util.net.NioSelectorPool.write(NioSelectorPool.java:151)
	at org.apache.tomcat.util.net.NioEndpoint$NioSocketWrapper.doWrite(NioEndpoint.java:1367)
	at org.apache.tomcat.util.net.SocketWrapperBase.doWrite(SocketWrapperBase.java:766)
	at org.apache.tomcat.util.net.SocketWrapperBase.flushBlocking(SocketWrapperBase.java:719)
	at org.apache.tomcat.util.net.SocketWrapperBase.flush(SocketWrapperBase.java:709)
	at org.apache.coyote.http11.Http11OutputBuffer$SocketOutputBuffer.flush(Http11OutputBuffer.java:572)
	at org.apache.coyote.http11.filters.IdentityOutputFilter.flush(IdentityOutputFilter.java:117)
	at org.apache.coyote.http11.Http11OutputBuffer.flush(Http11OutputBuffer.java:220)
	at org.apache.coyote.http11.Http11Processor.flush(Http11Processor.java:1196)
	at org.apache.coyote.AbstractProcessor.action(AbstractProcessor.java:402)
	at org.apache.coyote.Response.action(Response.java:209)
	at org.apache.catalina.connector.OutputBuffer.doFlush(OutputBuffer.java:306)
	... 58 more

2022-02-14 19:49:35.350 [http-nio-8081-exec-20] ERROR com.novedu.nov.common.aspect.NovExceptionHandler -
                org.apache.catalina.connector.ClientAbortException: java.io.IOException: 你的主机中的软件中止了一个已建立的连接。
	at org.apache.catalina.connector.OutputBuffer.doFlush(OutputBuffer.java:310)
	at org.apache.catalina.connector.OutputBuffer.flush(OutputBuffer.java:273)
	at org.apache.catalina.connector.CoyoteOutputStream.flush(CoyoteOutputStream.java:118)
	at java.io.FilterOutputStream.flush(FilterOutputStream.java:140)
	at com.fasterxml.jackson.core.json.UTF8JsonGenerator.flush(UTF8JsonGenerator.java:1178)
	at com.fasterxml.jackson.databind.ObjectWriter.writeValue(ObjectWriter.java:1008)
	at org.springframework.http.converter.json.AbstractJackson2HttpMessageConverter.writeInternal(AbstractJackson2HttpMessageConverter.java:346)
	at org.springframework.http.converter.AbstractGenericHttpMessageConverter.write(AbstractGenericHttpMessageConverter.java:104)
	at org.springframework.web.servlet.mvc.method.annotation.AbstractMessageConverterMethodProcessor.writeWithMessageConverters(AbstractMessageConverterMethodProcessor.java:277)
	at org.springframework.web.servlet.mvc.method.annotation.RequestResponseBodyMethodProcessor.handleReturnValue(RequestResponseBodyMethodProcessor.java:181)
	at org.springframework.web.method.support.HandlerMethodReturnValueHandlerComposite.handleReturnValue(HandlerMethodReturnValueHandlerComposite.java:82)
	at org.springframework.web.servlet.mvc.method.annotation.ServletInvocableHandlerMethod.invokeAndHandle(ServletInvocableHandlerMethod.java:123)
	at org.springframework.web.servlet.mvc.method.annotation.RequestMappingHandlerAdapter.invokeHandlerMethod(RequestMappingHandlerAdapter.java:878)
	at org.springframework.web.servlet.mvc.method.annotation.RequestMappingHandlerAdapter.handleInternal(RequestMappingHandlerAdapter.java:792)
	at org.springframework.web.servlet.mvc.method.AbstractHandlerMethodAdapter.handle(AbstractHandlerMethodAdapter.java:87)
	at org.springframework.web.servlet.DispatcherServlet.doDispatch(DispatcherServlet.java:1040)
	at org.springframework.web.servlet.DispatcherServlet.doService(DispatcherServlet.java:943)
	at org.springframework.web.servlet.FrameworkServlet.processRequest(FrameworkServlet.java:1006)
	at org.springframework.web.servlet.FrameworkServlet.doGet(FrameworkServlet.java:898)
	at javax.servlet.http.HttpServlet.service(HttpServlet.java:626)
	at org.springframework.web.servlet.FrameworkServlet.service(FrameworkServlet.java:883)
	at javax.servlet.http.HttpServlet.service(HttpServlet.java:733)
	at org.apache.catalina.core.ApplicationFilterChain.internalDoFilter(ApplicationFilterChain.java:227)
	at org.apache.catalina.core.ApplicationFilterChain.doFilter(ApplicationFilterChain.java:162)
	at org.apache.tomcat.websocket.server.WsFilter.doFilter(WsFilter.java:53)
	at org.apache.catalina.core.ApplicationFilterChain.internalDoFilter(ApplicationFilterChain.java:189)
	at org.apache.catalina.core.ApplicationFilterChain.doFilter(ApplicationFilterChain.java:162)
	at org.springframework.web.filter.CorsFilter.doFilterInternal(CorsFilter.java:92)
	at org.springframework.web.filter.OncePerRequestFilter.doFilter(OncePerRequestFilter.java:119)
	at org.apache.catalina.core.ApplicationFilterChain.internalDoFilter(ApplicationFilterChain.java:189)
	at org.apache.catalina.core.ApplicationFilterChain.doFilter(ApplicationFilterChain.java:162)
	at org.springframework.web.filter.RequestContextFilter.doFilterInternal(RequestContextFilter.java:100)
	at org.springframework.web.filter.OncePerRequestFilter.doFilter(OncePerRequestFilter.java:119)
	at org.apache.catalina.core.ApplicationFilterChain.internalDoFilter(ApplicationFilterChain.java:189)
	at org.apache.catalina.core.ApplicationFilterChain.doFilter(ApplicationFilterChain.java:162)
	at org.springframework.web.filter.FormContentFilter.doFilterInternal(FormContentFilter.java:93)
	at org.springframework.web.filter.OncePerRequestFilter.doFilter(OncePerRequestFilter.java:119)
	at org.apache.catalina.core.ApplicationFilterChain.internalDoFilter(ApplicationFilterChain.java:189)
	at org.apache.catalina.core.ApplicationFilterChain.doFilter(ApplicationFilterChain.java:162)
	at org.springframework.web.filter.CharacterEncodingFilter.doFilterInternal(CharacterEncodingFilter.java:201)
	at org.springframework.web.filter.OncePerRequestFilter.doFilter(OncePerRequestFilter.java:119)
	at org.apache.catalina.core.ApplicationFilterChain.internalDoFilter(ApplicationFilterChain.java:189)
	at org.apache.catalina.core.ApplicationFilterChain.doFilter(ApplicationFilterChain.java:162)
	at org.apache.catalina.core.StandardWrapperValve.invoke(StandardWrapperValve.java:202)
	at org.apache.catalina.core.StandardContextValve.invoke(StandardContextValve.java:97)
	at org.apache.catalina.authenticator.AuthenticatorBase.invoke(AuthenticatorBase.java:542)
	at org.apache.catalina.core.StandardHostValve.invoke(StandardHostValve.java:143)
	at org.apache.catalina.valves.ErrorReportValve.invoke(ErrorReportValve.java:92)
	at org.apache.catalina.core.StandardEngineValve.invoke(StandardEngineValve.java:78)
	at org.apache.catalina.connector.CoyoteAdapter.service(CoyoteAdapter.java:357)
	at org.apache.coyote.http11.Http11Processor.service(Http11Processor.java:374)
	at org.apache.coyote.AbstractProcessorLight.process(AbstractProcessorLight.java:65)
	at org.apache.coyote.AbstractProtocol$ConnectionHandler.process(AbstractProtocol.java:893)
	at org.apache.tomcat.util.net.NioEndpoint$SocketProcessor.doRun(NioEndpoint.java:1707)
	at org.apache.tomcat.util.net.SocketProcessorBase.run(SocketProcessorBase.java:49)
	at java.util.concurrent.ThreadPoolExecutor.runWorker(ThreadPoolExecutor.java:1149)
	at java.util.concurrent.ThreadPoolExecutor$Worker.run(ThreadPoolExecutor.java:624)
	at org.apache.tomcat.util.threads.TaskThread$WrappingRunnable.run(TaskThread.java:61)
	at java.lang.Thread.run(Thread.java:748)
Caused by: java.io.IOException: 你的主机中的软件中止了一个已建立的连接。
	at sun.nio.ch.SocketDispatcher.write0(Native Method)
	at sun.nio.ch.SocketDispatcher.write(SocketDispatcher.java:51)
	at sun.nio.ch.IOUtil.writeFromNativeBuffer(IOUtil.java:93)
	at sun.nio.ch.IOUtil.write(IOUtil.java:65)
	at sun.nio.ch.SocketChannelImpl.write(SocketChannelImpl.java:469)
	at org.apache.tomcat.util.net.NioChannel.write(NioChannel.java:135)
	at org.apache.tomcat.util.net.NioBlockingSelector.write(NioBlockingSelector.java:118)
	at org.apache.tomcat.util.net.NioSelectorPool.write(NioSelectorPool.java:151)
	at org.apache.tomcat.util.net.NioEndpoint$NioSocketWrapper.doWrite(NioEndpoint.java:1367)
	at org.apache.tomcat.util.net.SocketWrapperBase.doWrite(SocketWrapperBase.java:766)
	at org.apache.tomcat.util.net.SocketWrapperBase.flushBlocking(SocketWrapperBase.java:719)
	at org.apache.tomcat.util.net.SocketWrapperBase.flush(SocketWrapperBase.java:709)
	at org.apache.coyote.http11.Http11OutputBuffer$SocketOutputBuffer.flush(Http11OutputBuffer.java:572)
	at org.apache.coyote.http11.filters.IdentityOutputFilter.flush(IdentityOutputFilter.java:117)
	at org.apache.coyote.http11.Http11OutputBuffer.flush(Http11OutputBuffer.java:220)
	at org.apache.coyote.http11.Http11Processor.flush(Http11Processor.java:1196)
	at org.apache.coyote.AbstractProcessor.action(AbstractProcessor.java:402)
	at org.apache.coyote.Response.action(Response.java:209)
	at org.apache.catalina.connector.OutputBuffer.doFlush(OutputBuffer.java:306)
	... 58 more

2022-02-14 19:49:35.358 [http-nio-8081-exec-22] ERROR com.novedu.nov.common.aspect.NovExceptionHandler -
                org.apache.catalina.connector.ClientAbortException: java.io.IOException: 你的主机中的软件中止了一个已建立的连接。
	at org.apache.catalina.connector.OutputBuffer.doFlush(OutputBuffer.java:310)
	at org.apache.catalina.connector.OutputBuffer.flush(OutputBuffer.java:273)
	at org.apache.catalina.connector.CoyoteOutputStream.flush(CoyoteOutputStream.java:118)
	at java.io.FilterOutputStream.flush(FilterOutputStream.java:140)
	at com.fasterxml.jackson.core.json.UTF8JsonGenerator.flush(UTF8JsonGenerator.java:1178)
	at com.fasterxml.jackson.databind.ObjectWriter.writeValue(ObjectWriter.java:1008)
	at org.springframework.http.converter.json.AbstractJackson2HttpMessageConverter.writeInternal(AbstractJackson2HttpMessageConverter.java:346)
	at org.springframework.http.converter.AbstractGenericHttpMessageConverter.write(AbstractGenericHttpMessageConverter.java:104)
	at org.springframework.web.servlet.mvc.method.annotation.AbstractMessageConverterMethodProcessor.writeWithMessageConverters(AbstractMessageConverterMethodProcessor.java:277)
	at org.springframework.web.servlet.mvc.method.annotation.RequestResponseBodyMethodProcessor.handleReturnValue(RequestResponseBodyMethodProcessor.java:181)
	at org.springframework.web.method.support.HandlerMethodReturnValueHandlerComposite.handleReturnValue(HandlerMethodReturnValueHandlerComposite.java:82)
	at org.springframework.web.servlet.mvc.method.annotation.ServletInvocableHandlerMethod.invokeAndHandle(ServletInvocableHandlerMethod.java:123)
	at org.springframework.web.servlet.mvc.method.annotation.RequestMappingHandlerAdapter.invokeHandlerMethod(RequestMappingHandlerAdapter.java:878)
	at org.springframework.web.servlet.mvc.method.annotation.RequestMappingHandlerAdapter.handleInternal(RequestMappingHandlerAdapter.java:792)
	at org.springframework.web.servlet.mvc.method.AbstractHandlerMethodAdapter.handle(AbstractHandlerMethodAdapter.java:87)
	at org.springframework.web.servlet.DispatcherServlet.doDispatch(DispatcherServlet.java:1040)
	at org.springframework.web.servlet.DispatcherServlet.doService(DispatcherServlet.java:943)
	at org.springframework.web.servlet.FrameworkServlet.processRequest(FrameworkServlet.java:1006)
	at org.springframework.web.servlet.FrameworkServlet.doGet(FrameworkServlet.java:898)
	at javax.servlet.http.HttpServlet.service(HttpServlet.java:626)
	at org.springframework.web.servlet.FrameworkServlet.service(FrameworkServlet.java:883)
	at javax.servlet.http.HttpServlet.service(HttpServlet.java:733)
	at org.apache.catalina.core.ApplicationFilterChain.internalDoFilter(ApplicationFilterChain.java:227)
	at org.apache.catalina.core.ApplicationFilterChain.doFilter(ApplicationFilterChain.java:162)
	at org.apache.tomcat.websocket.server.WsFilter.doFilter(WsFilter.java:53)
	at org.apache.catalina.core.ApplicationFilterChain.internalDoFilter(ApplicationFilterChain.java:189)
	at org.apache.catalina.core.ApplicationFilterChain.doFilter(ApplicationFilterChain.java:162)
	at org.springframework.web.filter.CorsFilter.doFilterInternal(CorsFilter.java:92)
	at org.springframework.web.filter.OncePerRequestFilter.doFilter(OncePerRequestFilter.java:119)
	at org.apache.catalina.core.ApplicationFilterChain.internalDoFilter(ApplicationFilterChain.java:189)
	at org.apache.catalina.core.ApplicationFilterChain.doFilter(ApplicationFilterChain.java:162)
	at org.springframework.web.filter.RequestContextFilter.doFilterInternal(RequestContextFilter.java:100)
	at org.springframework.web.filter.OncePerRequestFilter.doFilter(OncePerRequestFilter.java:119)
	at org.apache.catalina.core.ApplicationFilterChain.internalDoFilter(ApplicationFilterChain.java:189)
	at org.apache.catalina.core.ApplicationFilterChain.doFilter(ApplicationFilterChain.java:162)
	at org.springframework.web.filter.FormContentFilter.doFilterInternal(FormContentFilter.java:93)
	at org.springframework.web.filter.OncePerRequestFilter.doFilter(OncePerRequestFilter.java:119)
	at org.apache.catalina.core.ApplicationFilterChain.internalDoFilter(ApplicationFilterChain.java:189)
	at org.apache.catalina.core.ApplicationFilterChain.doFilter(ApplicationFilterChain.java:162)
	at org.springframework.web.filter.CharacterEncodingFilter.doFilterInternal(CharacterEncodingFilter.java:201)
	at org.springframework.web.filter.OncePerRequestFilter.doFilter(OncePerRequestFilter.java:119)
	at org.apache.catalina.core.ApplicationFilterChain.internalDoFilter(ApplicationFilterChain.java:189)
	at org.apache.catalina.core.ApplicationFilterChain.doFilter(ApplicationFilterChain.java:162)
	at org.apache.catalina.core.StandardWrapperValve.invoke(StandardWrapperValve.java:202)
	at org.apache.catalina.core.StandardContextValve.invoke(StandardContextValve.java:97)
	at org.apache.catalina.authenticator.AuthenticatorBase.invoke(AuthenticatorBase.java:542)
	at org.apache.catalina.core.StandardHostValve.invoke(StandardHostValve.java:143)
	at org.apache.catalina.valves.ErrorReportValve.invoke(ErrorReportValve.java:92)
	at org.apache.catalina.core.StandardEngineValve.invoke(StandardEngineValve.java:78)
	at org.apache.catalina.connector.CoyoteAdapter.service(CoyoteAdapter.java:357)
	at org.apache.coyote.http11.Http11Processor.service(Http11Processor.java:374)
	at org.apache.coyote.AbstractProcessorLight.process(AbstractProcessorLight.java:65)
	at org.apache.coyote.AbstractProtocol$ConnectionHandler.process(AbstractProtocol.java:893)
	at org.apache.tomcat.util.net.NioEndpoint$SocketProcessor.doRun(NioEndpoint.java:1707)
	at org.apache.tomcat.util.net.SocketProcessorBase.run(SocketProcessorBase.java:49)
	at java.util.concurrent.ThreadPoolExecutor.runWorker(ThreadPoolExecutor.java:1149)
	at java.util.concurrent.ThreadPoolExecutor$Worker.run(ThreadPoolExecutor.java:624)
	at org.apache.tomcat.util.threads.TaskThread$WrappingRunnable.run(TaskThread.java:61)
	at java.lang.Thread.run(Thread.java:748)
Caused by: java.io.IOException: 你的主机中的软件中止了一个已建立的连接。
	at sun.nio.ch.SocketDispatcher.write0(Native Method)
	at sun.nio.ch.SocketDispatcher.write(SocketDispatcher.java:51)
	at sun.nio.ch.IOUtil.writeFromNativeBuffer(IOUtil.java:93)
	at sun.nio.ch.IOUtil.write(IOUtil.java:65)
	at sun.nio.ch.SocketChannelImpl.write(SocketChannelImpl.java:469)
	at org.apache.tomcat.util.net.NioChannel.write(NioChannel.java:135)
	at org.apache.tomcat.util.net.NioBlockingSelector.write(NioBlockingSelector.java:118)
	at org.apache.tomcat.util.net.NioSelectorPool.write(NioSelectorPool.java:151)
	at org.apache.tomcat.util.net.NioEndpoint$NioSocketWrapper.doWrite(NioEndpoint.java:1367)
	at org.apache.tomcat.util.net.SocketWrapperBase.doWrite(SocketWrapperBase.java:766)
	at org.apache.tomcat.util.net.SocketWrapperBase.flushBlocking(SocketWrapperBase.java:719)
	at org.apache.tomcat.util.net.SocketWrapperBase.flush(SocketWrapperBase.java:709)
	at org.apache.coyote.http11.Http11OutputBuffer$SocketOutputBuffer.flush(Http11OutputBuffer.java:572)
	at org.apache.coyote.http11.filters.IdentityOutputFilter.flush(IdentityOutputFilter.java:117)
	at org.apache.coyote.http11.Http11OutputBuffer.flush(Http11OutputBuffer.java:220)
	at org.apache.coyote.http11.Http11Processor.flush(Http11Processor.java:1196)
	at org.apache.coyote.AbstractProcessor.action(AbstractProcessor.java:402)
	at org.apache.coyote.Response.action(Response.java:209)
	at org.apache.catalina.connector.OutputBuffer.doFlush(OutputBuffer.java:306)
	... 58 more

2022-02-14 19:49:35.381 [http-nio-8081-exec-40] ERROR com.novedu.nov.common.aspect.NovExceptionHandler -
                org.apache.catalina.connector.ClientAbortException: java.io.IOException: 你的主机中的软件中止了一个已建立的连接。
	at org.apache.catalina.connector.OutputBuffer.doFlush(OutputBuffer.java:310)
	at org.apache.catalina.connector.OutputBuffer.flush(OutputBuffer.java:273)
	at org.apache.catalina.connector.CoyoteOutputStream.flush(CoyoteOutputStream.java:118)
	at java.io.FilterOutputStream.flush(FilterOutputStream.java:140)
	at com.fasterxml.jackson.core.json.UTF8JsonGenerator.flush(UTF8JsonGenerator.java:1178)
	at com.fasterxml.jackson.databind.ObjectWriter.writeValue(ObjectWriter.java:1008)
	at org.springframework.http.converter.json.AbstractJackson2HttpMessageConverter.writeInternal(AbstractJackson2HttpMessageConverter.java:346)
	at org.springframework.http.converter.AbstractGenericHttpMessageConverter.write(AbstractGenericHttpMessageConverter.java:104)
	at org.springframework.web.servlet.mvc.method.annotation.AbstractMessageConverterMethodProcessor.writeWithMessageConverters(AbstractMessageConverterMethodProcessor.java:277)
	at org.springframework.web.servlet.mvc.method.annotation.RequestResponseBodyMethodProcessor.handleReturnValue(RequestResponseBodyMethodProcessor.java:181)
	at org.springframework.web.method.support.HandlerMethodReturnValueHandlerComposite.handleReturnValue(HandlerMethodReturnValueHandlerComposite.java:82)
	at org.springframework.web.servlet.mvc.method.annotation.ServletInvocableHandlerMethod.invokeAndHandle(ServletInvocableHandlerMethod.java:123)
	at org.springframework.web.servlet.mvc.method.annotation.RequestMappingHandlerAdapter.invokeHandlerMethod(RequestMappingHandlerAdapter.java:878)
	at org.springframework.web.servlet.mvc.method.annotation.RequestMappingHandlerAdapter.handleInternal(RequestMappingHandlerAdapter.java:792)
	at org.springframework.web.servlet.mvc.method.AbstractHandlerMethodAdapter.handle(AbstractHandlerMethodAdapter.java:87)
	at org.springframework.web.servlet.DispatcherServlet.doDispatch(DispatcherServlet.java:1040)
	at org.springframework.web.servlet.DispatcherServlet.doService(DispatcherServlet.java:943)
	at org.springframework.web.servlet.FrameworkServlet.processRequest(FrameworkServlet.java:1006)
	at org.springframework.web.servlet.FrameworkServlet.doGet(FrameworkServlet.java:898)
	at javax.servlet.http.HttpServlet.service(HttpServlet.java:626)
	at org.springframework.web.servlet.FrameworkServlet.service(FrameworkServlet.java:883)
	at javax.servlet.http.HttpServlet.service(HttpServlet.java:733)
	at org.apache.catalina.core.ApplicationFilterChain.internalDoFilter(ApplicationFilterChain.java:227)
	at org.apache.catalina.core.ApplicationFilterChain.doFilter(ApplicationFilterChain.java:162)
	at org.apache.tomcat.websocket.server.WsFilter.doFilter(WsFilter.java:53)
	at org.apache.catalina.core.ApplicationFilterChain.internalDoFilter(ApplicationFilterChain.java:189)
	at org.apache.catalina.core.ApplicationFilterChain.doFilter(ApplicationFilterChain.java:162)
	at org.springframework.web.filter.CorsFilter.doFilterInternal(CorsFilter.java:92)
	at org.springframework.web.filter.OncePerRequestFilter.doFilter(OncePerRequestFilter.java:119)
	at org.apache.catalina.core.ApplicationFilterChain.internalDoFilter(ApplicationFilterChain.java:189)
	at org.apache.catalina.core.ApplicationFilterChain.doFilter(ApplicationFilterChain.java:162)
	at org.springframework.web.filter.RequestContextFilter.doFilterInternal(RequestContextFilter.java:100)
	at org.springframework.web.filter.OncePerRequestFilter.doFilter(OncePerRequestFilter.java:119)
	at org.apache.catalina.core.ApplicationFilterChain.internalDoFilter(ApplicationFilterChain.java:189)
	at org.apache.catalina.core.ApplicationFilterChain.doFilter(ApplicationFilterChain.java:162)
	at org.springframework.web.filter.FormContentFilter.doFilterInternal(FormContentFilter.java:93)
	at org.springframework.web.filter.OncePerRequestFilter.doFilter(OncePerRequestFilter.java:119)
	at org.apache.catalina.core.ApplicationFilterChain.internalDoFilter(ApplicationFilterChain.java:189)
	at org.apache.catalina.core.ApplicationFilterChain.doFilter(ApplicationFilterChain.java:162)
	at org.springframework.web.filter.CharacterEncodingFilter.doFilterInternal(CharacterEncodingFilter.java:201)
	at org.springframework.web.filter.OncePerRequestFilter.doFilter(OncePerRequestFilter.java:119)
	at org.apache.catalina.core.ApplicationFilterChain.internalDoFilter(ApplicationFilterChain.java:189)
	at org.apache.catalina.core.ApplicationFilterChain.doFilter(ApplicationFilterChain.java:162)
	at org.apache.catalina.core.StandardWrapperValve.invoke(StandardWrapperValve.java:202)
	at org.apache.catalina.core.StandardContextValve.invoke(StandardContextValve.java:97)
	at org.apache.catalina.authenticator.AuthenticatorBase.invoke(AuthenticatorBase.java:542)
	at org.apache.catalina.core.StandardHostValve.invoke(StandardHostValve.java:143)
	at org.apache.catalina.valves.ErrorReportValve.invoke(ErrorReportValve.java:92)
	at org.apache.catalina.core.StandardEngineValve.invoke(StandardEngineValve.java:78)
	at org.apache.catalina.connector.CoyoteAdapter.service(CoyoteAdapter.java:357)
	at org.apache.coyote.http11.Http11Processor.service(Http11Processor.java:374)
	at org.apache.coyote.AbstractProcessorLight.process(AbstractProcessorLight.java:65)
	at org.apache.coyote.AbstractProtocol$ConnectionHandler.process(AbstractProtocol.java:893)
	at org.apache.tomcat.util.net.NioEndpoint$SocketProcessor.doRun(NioEndpoint.java:1707)
	at org.apache.tomcat.util.net.SocketProcessorBase.run(SocketProcessorBase.java:49)
	at java.util.concurrent.ThreadPoolExecutor.runWorker(ThreadPoolExecutor.java:1149)
	at java.util.concurrent.ThreadPoolExecutor$Worker.run(ThreadPoolExecutor.java:624)
	at org.apache.tomcat.util.threads.TaskThread$WrappingRunnable.run(TaskThread.java:61)
	at java.lang.Thread.run(Thread.java:748)
Caused by: java.io.IOException: 你的主机中的软件中止了一个已建立的连接。
	at sun.nio.ch.SocketDispatcher.write0(Native Method)
	at sun.nio.ch.SocketDispatcher.write(SocketDispatcher.java:51)
	at sun.nio.ch.IOUtil.writeFromNativeBuffer(IOUtil.java:93)
	at sun.nio.ch.IOUtil.write(IOUtil.java:65)
	at sun.nio.ch.SocketChannelImpl.write(SocketChannelImpl.java:469)
	at org.apache.tomcat.util.net.NioChannel.write(NioChannel.java:135)
	at org.apache.tomcat.util.net.NioBlockingSelector.write(NioBlockingSelector.java:118)
	at org.apache.tomcat.util.net.NioSelectorPool.write(NioSelectorPool.java:151)
	at org.apache.tomcat.util.net.NioEndpoint$NioSocketWrapper.doWrite(NioEndpoint.java:1367)
	at org.apache.tomcat.util.net.SocketWrapperBase.doWrite(SocketWrapperBase.java:766)
	at org.apache.tomcat.util.net.SocketWrapperBase.flushBlocking(SocketWrapperBase.java:719)
	at org.apache.tomcat.util.net.SocketWrapperBase.flush(SocketWrapperBase.java:709)
	at org.apache.coyote.http11.Http11OutputBuffer$SocketOutputBuffer.flush(Http11OutputBuffer.java:572)
	at org.apache.coyote.http11.filters.IdentityOutputFilter.flush(IdentityOutputFilter.java:117)
	at org.apache.coyote.http11.Http11OutputBuffer.flush(Http11OutputBuffer.java:220)
	at org.apache.coyote.http11.Http11Processor.flush(Http11Processor.java:1196)
	at org.apache.coyote.AbstractProcessor.action(AbstractProcessor.java:402)
	at org.apache.coyote.Response.action(Response.java:209)
	at org.apache.catalina.connector.OutputBuffer.doFlush(OutputBuffer.java:306)
	... 58 more

2022-02-14 19:49:35.384 [http-nio-8081-exec-27] ERROR com.novedu.nov.common.aspect.NovExceptionHandler -
                org.apache.catalina.connector.ClientAbortException: java.io.IOException: 你的主机中的软件中止了一个已建立的连接。
	at org.apache.catalina.connector.OutputBuffer.doFlush(OutputBuffer.java:310)
	at org.apache.catalina.connector.OutputBuffer.flush(OutputBuffer.java:273)
	at org.apache.catalina.connector.CoyoteOutputStream.flush(CoyoteOutputStream.java:118)
	at java.io.FilterOutputStream.flush(FilterOutputStream.java:140)
	at com.fasterxml.jackson.core.json.UTF8JsonGenerator.flush(UTF8JsonGenerator.java:1178)
	at com.fasterxml.jackson.databind.ObjectWriter.writeValue(ObjectWriter.java:1008)
	at org.springframework.http.converter.json.AbstractJackson2HttpMessageConverter.writeInternal(AbstractJackson2HttpMessageConverter.java:346)
	at org.springframework.http.converter.AbstractGenericHttpMessageConverter.write(AbstractGenericHttpMessageConverter.java:104)
	at org.springframework.web.servlet.mvc.method.annotation.AbstractMessageConverterMethodProcessor.writeWithMessageConverters(AbstractMessageConverterMethodProcessor.java:277)
	at org.springframework.web.servlet.mvc.method.annotation.RequestResponseBodyMethodProcessor.handleReturnValue(RequestResponseBodyMethodProcessor.java:181)
	at org.springframework.web.method.support.HandlerMethodReturnValueHandlerComposite.handleReturnValue(HandlerMethodReturnValueHandlerComposite.java:82)
	at org.springframework.web.servlet.mvc.method.annotation.ServletInvocableHandlerMethod.invokeAndHandle(ServletInvocableHandlerMethod.java:123)
	at org.springframework.web.servlet.mvc.method.annotation.RequestMappingHandlerAdapter.invokeHandlerMethod(RequestMappingHandlerAdapter.java:878)
	at org.springframework.web.servlet.mvc.method.annotation.RequestMappingHandlerAdapter.handleInternal(RequestMappingHandlerAdapter.java:792)
	at org.springframework.web.servlet.mvc.method.AbstractHandlerMethodAdapter.handle(AbstractHandlerMethodAdapter.java:87)
	at org.springframework.web.servlet.DispatcherServlet.doDispatch(DispatcherServlet.java:1040)
	at org.springframework.web.servlet.DispatcherServlet.doService(DispatcherServlet.java:943)
	at org.springframework.web.servlet.FrameworkServlet.processRequest(FrameworkServlet.java:1006)
	at org.springframework.web.servlet.FrameworkServlet.doGet(FrameworkServlet.java:898)
	at javax.servlet.http.HttpServlet.service(HttpServlet.java:626)
	at org.springframework.web.servlet.FrameworkServlet.service(FrameworkServlet.java:883)
	at javax.servlet.http.HttpServlet.service(HttpServlet.java:733)
	at org.apache.catalina.core.ApplicationFilterChain.internalDoFilter(ApplicationFilterChain.java:227)
	at org.apache.catalina.core.ApplicationFilterChain.doFilter(ApplicationFilterChain.java:162)
	at org.apache.tomcat.websocket.server.WsFilter.doFilter(WsFilter.java:53)
	at org.apache.catalina.core.ApplicationFilterChain.internalDoFilter(ApplicationFilterChain.java:189)
	at org.apache.catalina.core.ApplicationFilterChain.doFilter(ApplicationFilterChain.java:162)
	at org.springframework.web.filter.CorsFilter.doFilterInternal(CorsFilter.java:92)
	at org.springframework.web.filter.OncePerRequestFilter.doFilter(OncePerRequestFilter.java:119)
	at org.apache.catalina.core.ApplicationFilterChain.internalDoFilter(ApplicationFilterChain.java:189)
	at org.apache.catalina.core.ApplicationFilterChain.doFilter(ApplicationFilterChain.java:162)
	at org.springframework.web.filter.RequestContextFilter.doFilterInternal(RequestContextFilter.java:100)
	at org.springframework.web.filter.OncePerRequestFilter.doFilter(OncePerRequestFilter.java:119)
	at org.apache.catalina.core.ApplicationFilterChain.internalDoFilter(ApplicationFilterChain.java:189)
	at org.apache.catalina.core.ApplicationFilterChain.doFilter(ApplicationFilterChain.java:162)
	at org.springframework.web.filter.FormContentFilter.doFilterInternal(FormContentFilter.java:93)
	at org.springframework.web.filter.OncePerRequestFilter.doFilter(OncePerRequestFilter.java:119)
	at org.apache.catalina.core.ApplicationFilterChain.internalDoFilter(ApplicationFilterChain.java:189)
	at org.apache.catalina.core.ApplicationFilterChain.doFilter(ApplicationFilterChain.java:162)
	at org.springframework.web.filter.CharacterEncodingFilter.doFilterInternal(CharacterEncodingFilter.java:201)
	at org.springframework.web.filter.OncePerRequestFilter.doFilter(OncePerRequestFilter.java:119)
	at org.apache.catalina.core.ApplicationFilterChain.internalDoFilter(ApplicationFilterChain.java:189)
	at org.apache.catalina.core.ApplicationFilterChain.doFilter(ApplicationFilterChain.java:162)
	at org.apache.catalina.core.StandardWrapperValve.invoke(StandardWrapperValve.java:202)
	at org.apache.catalina.core.StandardContextValve.invoke(StandardContextValve.java:97)
	at org.apache.catalina.authenticator.AuthenticatorBase.invoke(AuthenticatorBase.java:542)
	at org.apache.catalina.core.StandardHostValve.invoke(StandardHostValve.java:143)
	at org.apache.catalina.valves.ErrorReportValve.invoke(ErrorReportValve.java:92)
	at org.apache.catalina.core.StandardEngineValve.invoke(StandardEngineValve.java:78)
	at org.apache.catalina.connector.CoyoteAdapter.service(CoyoteAdapter.java:357)
	at org.apache.coyote.http11.Http11Processor.service(Http11Processor.java:374)
	at org.apache.coyote.AbstractProcessorLight.process(AbstractProcessorLight.java:65)
	at org.apache.coyote.AbstractProtocol$ConnectionHandler.process(AbstractProtocol.java:893)
	at org.apache.tomcat.util.net.NioEndpoint$SocketProcessor.doRun(NioEndpoint.java:1707)
	at org.apache.tomcat.util.net.SocketProcessorBase.run(SocketProcessorBase.java:49)
	at java.util.concurrent.ThreadPoolExecutor.runWorker(ThreadPoolExecutor.java:1149)
	at java.util.concurrent.ThreadPoolExecutor$Worker.run(ThreadPoolExecutor.java:624)
	at org.apache.tomcat.util.threads.TaskThread$WrappingRunnable.run(TaskThread.java:61)
	at java.lang.Thread.run(Thread.java:748)
Caused by: java.io.IOException: 你的主机中的软件中止了一个已建立的连接。
	at sun.nio.ch.SocketDispatcher.write0(Native Method)
	at sun.nio.ch.SocketDispatcher.write(SocketDispatcher.java:51)
	at sun.nio.ch.IOUtil.writeFromNativeBuffer(IOUtil.java:93)
	at sun.nio.ch.IOUtil.write(IOUtil.java:65)
	at sun.nio.ch.SocketChannelImpl.write(SocketChannelImpl.java:469)
	at org.apache.tomcat.util.net.NioChannel.write(NioChannel.java:135)
	at org.apache.tomcat.util.net.NioBlockingSelector.write(NioBlockingSelector.java:118)
	at org.apache.tomcat.util.net.NioSelectorPool.write(NioSelectorPool.java:151)
	at org.apache.tomcat.util.net.NioEndpoint$NioSocketWrapper.doWrite(NioEndpoint.java:1367)
	at org.apache.tomcat.util.net.SocketWrapperBase.doWrite(SocketWrapperBase.java:766)
	at org.apache.tomcat.util.net.SocketWrapperBase.flushBlocking(SocketWrapperBase.java:719)
	at org.apache.tomcat.util.net.SocketWrapperBase.flush(SocketWrapperBase.java:709)
	at org.apache.coyote.http11.Http11OutputBuffer$SocketOutputBuffer.flush(Http11OutputBuffer.java:572)
	at org.apache.coyote.http11.filters.IdentityOutputFilter.flush(IdentityOutputFilter.java:117)
	at org.apache.coyote.http11.Http11OutputBuffer.flush(Http11OutputBuffer.java:220)
	at org.apache.coyote.http11.Http11Processor.flush(Http11Processor.java:1196)
	at org.apache.coyote.AbstractProcessor.action(AbstractProcessor.java:402)
	at org.apache.coyote.Response.action(Response.java:209)
	at org.apache.catalina.connector.OutputBuffer.doFlush(OutputBuffer.java:306)
	... 58 more

2022-02-14 19:49:35.404 [http-nio-8081-exec-19] ERROR com.novedu.nov.common.aspect.NovExceptionHandler -
                org.apache.catalina.connector.ClientAbortException: java.io.IOException: 你的主机中的软件中止了一个已建立的连接。
	at org.apache.catalina.connector.OutputBuffer.doFlush(OutputBuffer.java:310)
	at org.apache.catalina.connector.OutputBuffer.flush(OutputBuffer.java:273)
	at org.apache.catalina.connector.CoyoteOutputStream.flush(CoyoteOutputStream.java:118)
	at java.io.FilterOutputStream.flush(FilterOutputStream.java:140)
	at com.fasterxml.jackson.core.json.UTF8JsonGenerator.flush(UTF8JsonGenerator.java:1178)
	at com.fasterxml.jackson.databind.ObjectWriter.writeValue(ObjectWriter.java:1008)
	at org.springframework.http.converter.json.AbstractJackson2HttpMessageConverter.writeInternal(AbstractJackson2HttpMessageConverter.java:346)
	at org.springframework.http.converter.AbstractGenericHttpMessageConverter.write(AbstractGenericHttpMessageConverter.java:104)
	at org.springframework.web.servlet.mvc.method.annotation.AbstractMessageConverterMethodProcessor.writeWithMessageConverters(AbstractMessageConverterMethodProcessor.java:277)
	at org.springframework.web.servlet.mvc.method.annotation.RequestResponseBodyMethodProcessor.handleReturnValue(RequestResponseBodyMethodProcessor.java:181)
	at org.springframework.web.method.support.HandlerMethodReturnValueHandlerComposite.handleReturnValue(HandlerMethodReturnValueHandlerComposite.java:82)
	at org.springframework.web.servlet.mvc.method.annotation.ServletInvocableHandlerMethod.invokeAndHandle(ServletInvocableHandlerMethod.java:123)
	at org.springframework.web.servlet.mvc.method.annotation.RequestMappingHandlerAdapter.invokeHandlerMethod(RequestMappingHandlerAdapter.java:878)
	at org.springframework.web.servlet.mvc.method.annotation.RequestMappingHandlerAdapter.handleInternal(RequestMappingHandlerAdapter.java:792)
	at org.springframework.web.servlet.mvc.method.AbstractHandlerMethodAdapter.handle(AbstractHandlerMethodAdapter.java:87)
	at org.springframework.web.servlet.DispatcherServlet.doDispatch(DispatcherServlet.java:1040)
	at org.springframework.web.servlet.DispatcherServlet.doService(DispatcherServlet.java:943)
	at org.springframework.web.servlet.FrameworkServlet.processRequest(FrameworkServlet.java:1006)
	at org.springframework.web.servlet.FrameworkServlet.doGet(FrameworkServlet.java:898)
	at javax.servlet.http.HttpServlet.service(HttpServlet.java:626)
	at org.springframework.web.servlet.FrameworkServlet.service(FrameworkServlet.java:883)
	at javax.servlet.http.HttpServlet.service(HttpServlet.java:733)
	at org.apache.catalina.core.ApplicationFilterChain.internalDoFilter(ApplicationFilterChain.java:227)
	at org.apache.catalina.core.ApplicationFilterChain.doFilter(ApplicationFilterChain.java:162)
	at org.apache.tomcat.websocket.server.WsFilter.doFilter(WsFilter.java:53)
	at org.apache.catalina.core.ApplicationFilterChain.internalDoFilter(ApplicationFilterChain.java:189)
	at org.apache.catalina.core.ApplicationFilterChain.doFilter(ApplicationFilterChain.java:162)
	at org.springframework.web.filter.CorsFilter.doFilterInternal(CorsFilter.java:92)
	at org.springframework.web.filter.OncePerRequestFilter.doFilter(OncePerRequestFilter.java:119)
	at org.apache.catalina.core.ApplicationFilterChain.internalDoFilter(ApplicationFilterChain.java:189)
	at org.apache.catalina.core.ApplicationFilterChain.doFilter(ApplicationFilterChain.java:162)
	at org.springframework.web.filter.RequestContextFilter.doFilterInternal(RequestContextFilter.java:100)
	at org.springframework.web.filter.OncePerRequestFilter.doFilter(OncePerRequestFilter.java:119)
	at org.apache.catalina.core.ApplicationFilterChain.internalDoFilter(ApplicationFilterChain.java:189)
	at org.apache.catalina.core.ApplicationFilterChain.doFilter(ApplicationFilterChain.java:162)
	at org.springframework.web.filter.FormContentFilter.doFilterInternal(FormContentFilter.java:93)
	at org.springframework.web.filter.OncePerRequestFilter.doFilter(OncePerRequestFilter.java:119)
	at org.apache.catalina.core.ApplicationFilterChain.internalDoFilter(ApplicationFilterChain.java:189)
	at org.apache.catalina.core.ApplicationFilterChain.doFilter(ApplicationFilterChain.java:162)
	at org.springframework.web.filter.CharacterEncodingFilter.doFilterInternal(CharacterEncodingFilter.java:201)
	at org.springframework.web.filter.OncePerRequestFilter.doFilter(OncePerRequestFilter.java:119)
	at org.apache.catalina.core.ApplicationFilterChain.internalDoFilter(ApplicationFilterChain.java:189)
	at org.apache.catalina.core.ApplicationFilterChain.doFilter(ApplicationFilterChain.java:162)
	at org.apache.catalina.core.StandardWrapperValve.invoke(StandardWrapperValve.java:202)
	at org.apache.catalina.core.StandardContextValve.invoke(StandardContextValve.java:97)
	at org.apache.catalina.authenticator.AuthenticatorBase.invoke(AuthenticatorBase.java:542)
	at org.apache.catalina.core.StandardHostValve.invoke(StandardHostValve.java:143)
	at org.apache.catalina.valves.ErrorReportValve.invoke(ErrorReportValve.java:92)
	at org.apache.catalina.core.StandardEngineValve.invoke(StandardEngineValve.java:78)
	at org.apache.catalina.connector.CoyoteAdapter.service(CoyoteAdapter.java:357)
	at org.apache.coyote.http11.Http11Processor.service(Http11Processor.java:374)
	at org.apache.coyote.AbstractProcessorLight.process(AbstractProcessorLight.java:65)
	at org.apache.coyote.AbstractProtocol$ConnectionHandler.process(AbstractProtocol.java:893)
	at org.apache.tomcat.util.net.NioEndpoint$SocketProcessor.doRun(NioEndpoint.java:1707)
	at org.apache.tomcat.util.net.SocketProcessorBase.run(SocketProcessorBase.java:49)
	at java.util.concurrent.ThreadPoolExecutor.runWorker(ThreadPoolExecutor.java:1149)
	at java.util.concurrent.ThreadPoolExecutor$Worker.run(ThreadPoolExecutor.java:624)
	at org.apache.tomcat.util.threads.TaskThread$WrappingRunnable.run(TaskThread.java:61)
	at java.lang.Thread.run(Thread.java:748)
Caused by: java.io.IOException: 你的主机中的软件中止了一个已建立的连接。
	at sun.nio.ch.SocketDispatcher.write0(Native Method)
	at sun.nio.ch.SocketDispatcher.write(SocketDispatcher.java:51)
	at sun.nio.ch.IOUtil.writeFromNativeBuffer(IOUtil.java:93)
	at sun.nio.ch.IOUtil.write(IOUtil.java:65)
	at sun.nio.ch.SocketChannelImpl.write(SocketChannelImpl.java:469)
	at org.apache.tomcat.util.net.NioChannel.write(NioChannel.java:135)
	at org.apache.tomcat.util.net.NioBlockingSelector.write(NioBlockingSelector.java:118)
	at org.apache.tomcat.util.net.NioSelectorPool.write(NioSelectorPool.java:151)
	at org.apache.tomcat.util.net.NioEndpoint$NioSocketWrapper.doWrite(NioEndpoint.java:1367)
	at org.apache.tomcat.util.net.SocketWrapperBase.doWrite(SocketWrapperBase.java:766)
	at org.apache.tomcat.util.net.SocketWrapperBase.flushBlocking(SocketWrapperBase.java:719)
	at org.apache.tomcat.util.net.SocketWrapperBase.flush(SocketWrapperBase.java:709)
	at org.apache.coyote.http11.Http11OutputBuffer$SocketOutputBuffer.flush(Http11OutputBuffer.java:572)
	at org.apache.coyote.http11.filters.IdentityOutputFilter.flush(IdentityOutputFilter.java:117)
	at org.apache.coyote.http11.Http11OutputBuffer.flush(Http11OutputBuffer.java:220)
	at org.apache.coyote.http11.Http11Processor.flush(Http11Processor.java:1196)
	at org.apache.coyote.AbstractProcessor.action(AbstractProcessor.java:402)
	at org.apache.coyote.Response.action(Response.java:209)
	at org.apache.catalina.connector.OutputBuffer.doFlush(OutputBuffer.java:306)
	... 58 more

2022-02-14 19:49:35.418 [http-nio-8081-exec-21] ERROR com.novedu.nov.common.aspect.NovExceptionHandler -
                org.apache.catalina.connector.ClientAbortException: java.io.IOException: 你的主机中的软件中止了一个已建立的连接。
	at org.apache.catalina.connector.OutputBuffer.doFlush(OutputBuffer.java:310)
	at org.apache.catalina.connector.OutputBuffer.flush(OutputBuffer.java:273)
	at org.apache.catalina.connector.CoyoteOutputStream.flush(CoyoteOutputStream.java:118)
	at java.io.FilterOutputStream.flush(FilterOutputStream.java:140)
	at com.fasterxml.jackson.core.json.UTF8JsonGenerator.flush(UTF8JsonGenerator.java:1178)
	at com.fasterxml.jackson.databind.ObjectWriter.writeValue(ObjectWriter.java:1008)
	at org.springframework.http.converter.json.AbstractJackson2HttpMessageConverter.writeInternal(AbstractJackson2HttpMessageConverter.java:346)
	at org.springframework.http.converter.AbstractGenericHttpMessageConverter.write(AbstractGenericHttpMessageConverter.java:104)
	at org.springframework.web.servlet.mvc.method.annotation.AbstractMessageConverterMethodProcessor.writeWithMessageConverters(AbstractMessageConverterMethodProcessor.java:277)
	at org.springframework.web.servlet.mvc.method.annotation.RequestResponseBodyMethodProcessor.handleReturnValue(RequestResponseBodyMethodProcessor.java:181)
	at org.springframework.web.method.support.HandlerMethodReturnValueHandlerComposite.handleReturnValue(HandlerMethodReturnValueHandlerComposite.java:82)
	at org.springframework.web.servlet.mvc.method.annotation.ServletInvocableHandlerMethod.invokeAndHandle(ServletInvocableHandlerMethod.java:123)
	at org.springframework.web.servlet.mvc.method.annotation.RequestMappingHandlerAdapter.invokeHandlerMethod(RequestMappingHandlerAdapter.java:878)
	at org.springframework.web.servlet.mvc.method.annotation.RequestMappingHandlerAdapter.handleInternal(RequestMappingHandlerAdapter.java:792)
	at org.springframework.web.servlet.mvc.method.AbstractHandlerMethodAdapter.handle(AbstractHandlerMethodAdapter.java:87)
	at org.springframework.web.servlet.DispatcherServlet.doDispatch(DispatcherServlet.java:1040)
	at org.springframework.web.servlet.DispatcherServlet.doService(DispatcherServlet.java:943)
	at org.springframework.web.servlet.FrameworkServlet.processRequest(FrameworkServlet.java:1006)
	at org.springframework.web.servlet.FrameworkServlet.doGet(FrameworkServlet.java:898)
	at javax.servlet.http.HttpServlet.service(HttpServlet.java:626)
	at org.springframework.web.servlet.FrameworkServlet.service(FrameworkServlet.java:883)
	at javax.servlet.http.HttpServlet.service(HttpServlet.java:733)
	at org.apache.catalina.core.ApplicationFilterChain.internalDoFilter(ApplicationFilterChain.java:227)
	at org.apache.catalina.core.ApplicationFilterChain.doFilter(ApplicationFilterChain.java:162)
	at org.apache.tomcat.websocket.server.WsFilter.doFilter(WsFilter.java:53)
	at org.apache.catalina.core.ApplicationFilterChain.internalDoFilter(ApplicationFilterChain.java:189)
	at org.apache.catalina.core.ApplicationFilterChain.doFilter(ApplicationFilterChain.java:162)
	at org.springframework.web.filter.CorsFilter.doFilterInternal(CorsFilter.java:92)
	at org.springframework.web.filter.OncePerRequestFilter.doFilter(OncePerRequestFilter.java:119)
	at org.apache.catalina.core.ApplicationFilterChain.internalDoFilter(ApplicationFilterChain.java:189)
	at org.apache.catalina.core.ApplicationFilterChain.doFilter(ApplicationFilterChain.java:162)
	at org.springframework.web.filter.RequestContextFilter.doFilterInternal(RequestContextFilter.java:100)
	at org.springframework.web.filter.OncePerRequestFilter.doFilter(OncePerRequestFilter.java:119)
	at org.apache.catalina.core.ApplicationFilterChain.internalDoFilter(ApplicationFilterChain.java:189)
	at org.apache.catalina.core.ApplicationFilterChain.doFilter(ApplicationFilterChain.java:162)
	at org.springframework.web.filter.FormContentFilter.doFilterInternal(FormContentFilter.java:93)
	at org.springframework.web.filter.OncePerRequestFilter.doFilter(OncePerRequestFilter.java:119)
	at org.apache.catalina.core.ApplicationFilterChain.internalDoFilter(ApplicationFilterChain.java:189)
	at org.apache.catalina.core.ApplicationFilterChain.doFilter(ApplicationFilterChain.java:162)
	at org.springframework.web.filter.CharacterEncodingFilter.doFilterInternal(CharacterEncodingFilter.java:201)
	at org.springframework.web.filter.OncePerRequestFilter.doFilter(OncePerRequestFilter.java:119)
	at org.apache.catalina.core.ApplicationFilterChain.internalDoFilter(ApplicationFilterChain.java:189)
	at org.apache.catalina.core.ApplicationFilterChain.doFilter(ApplicationFilterChain.java:162)
	at org.apache.catalina.core.StandardWrapperValve.invoke(StandardWrapperValve.java:202)
	at org.apache.catalina.core.StandardContextValve.invoke(StandardContextValve.java:97)
	at org.apache.catalina.authenticator.AuthenticatorBase.invoke(AuthenticatorBase.java:542)
	at org.apache.catalina.core.StandardHostValve.invoke(StandardHostValve.java:143)
	at org.apache.catalina.valves.ErrorReportValve.invoke(ErrorReportValve.java:92)
	at org.apache.catalina.core.StandardEngineValve.invoke(StandardEngineValve.java:78)
	at org.apache.catalina.connector.CoyoteAdapter.service(CoyoteAdapter.java:357)
	at org.apache.coyote.http11.Http11Processor.service(Http11Processor.java:374)
	at org.apache.coyote.AbstractProcessorLight.process(AbstractProcessorLight.java:65)
	at org.apache.coyote.AbstractProtocol$ConnectionHandler.process(AbstractProtocol.java:893)
	at org.apache.tomcat.util.net.NioEndpoint$SocketProcessor.doRun(NioEndpoint.java:1707)
	at org.apache.tomcat.util.net.SocketProcessorBase.run(SocketProcessorBase.java:49)
	at java.util.concurrent.ThreadPoolExecutor.runWorker(ThreadPoolExecutor.java:1149)
	at java.util.concurrent.ThreadPoolExecutor$Worker.run(ThreadPoolExecutor.java:624)
	at org.apache.tomcat.util.threads.TaskThread$WrappingRunnable.run(TaskThread.java:61)
	at java.lang.Thread.run(Thread.java:748)
Caused by: java.io.IOException: 你的主机中的软件中止了一个已建立的连接。
	at sun.nio.ch.SocketDispatcher.write0(Native Method)
	at sun.nio.ch.SocketDispatcher.write(SocketDispatcher.java:51)
	at sun.nio.ch.IOUtil.writeFromNativeBuffer(IOUtil.java:93)
	at sun.nio.ch.IOUtil.write(IOUtil.java:65)
	at sun.nio.ch.SocketChannelImpl.write(SocketChannelImpl.java:469)
	at org.apache.tomcat.util.net.NioChannel.write(NioChannel.java:135)
	at org.apache.tomcat.util.net.NioBlockingSelector.write(NioBlockingSelector.java:118)
	at org.apache.tomcat.util.net.NioSelectorPool.write(NioSelectorPool.java:151)
	at org.apache.tomcat.util.net.NioEndpoint$NioSocketWrapper.doWrite(NioEndpoint.java:1367)
	at org.apache.tomcat.util.net.SocketWrapperBase.doWrite(SocketWrapperBase.java:766)
	at org.apache.tomcat.util.net.SocketWrapperBase.flushBlocking(SocketWrapperBase.java:719)
	at org.apache.tomcat.util.net.SocketWrapperBase.flush(SocketWrapperBase.java:709)
	at org.apache.coyote.http11.Http11OutputBuffer$SocketOutputBuffer.flush(Http11OutputBuffer.java:572)
	at org.apache.coyote.http11.filters.IdentityOutputFilter.flush(IdentityOutputFilter.java:117)
	at org.apache.coyote.http11.Http11OutputBuffer.flush(Http11OutputBuffer.java:220)
	at org.apache.coyote.http11.Http11Processor.flush(Http11Processor.java:1196)
	at org.apache.coyote.AbstractProcessor.action(AbstractProcessor.java:402)
	at org.apache.coyote.Response.action(Response.java:209)
	at org.apache.catalina.connector.OutputBuffer.doFlush(OutputBuffer.java:306)
	... 58 more

2022-02-14 19:49:35.452 [http-nio-8081-exec-17] ERROR com.novedu.nov.common.aspect.NovExceptionHandler -
                org.apache.catalina.connector.ClientAbortException: java.io.IOException: 你的主机中的软件中止了一个已建立的连接。
	at org.apache.catalina.connector.OutputBuffer.doFlush(OutputBuffer.java:310)
	at org.apache.catalina.connector.OutputBuffer.flush(OutputBuffer.java:273)
	at org.apache.catalina.connector.CoyoteOutputStream.flush(CoyoteOutputStream.java:118)
	at java.io.FilterOutputStream.flush(FilterOutputStream.java:140)
	at com.fasterxml.jackson.core.json.UTF8JsonGenerator.flush(UTF8JsonGenerator.java:1178)
	at com.fasterxml.jackson.databind.ObjectWriter.writeValue(ObjectWriter.java:1008)
	at org.springframework.http.converter.json.AbstractJackson2HttpMessageConverter.writeInternal(AbstractJackson2HttpMessageConverter.java:346)
	at org.springframework.http.converter.AbstractGenericHttpMessageConverter.write(AbstractGenericHttpMessageConverter.java:104)
	at org.springframework.web.servlet.mvc.method.annotation.AbstractMessageConverterMethodProcessor.writeWithMessageConverters(AbstractMessageConverterMethodProcessor.java:277)
	at org.springframework.web.servlet.mvc.method.annotation.RequestResponseBodyMethodProcessor.handleReturnValue(RequestResponseBodyMethodProcessor.java:181)
	at org.springframework.web.method.support.HandlerMethodReturnValueHandlerComposite.handleReturnValue(HandlerMethodReturnValueHandlerComposite.java:82)
	at org.springframework.web.servlet.mvc.method.annotation.ServletInvocableHandlerMethod.invokeAndHandle(ServletInvocableHandlerMethod.java:123)
	at org.springframework.web.servlet.mvc.method.annotation.RequestMappingHandlerAdapter.invokeHandlerMethod(RequestMappingHandlerAdapter.java:878)
	at org.springframework.web.servlet.mvc.method.annotation.RequestMappingHandlerAdapter.handleInternal(RequestMappingHandlerAdapter.java:792)
	at org.springframework.web.servlet.mvc.method.AbstractHandlerMethodAdapter.handle(AbstractHandlerMethodAdapter.java:87)
	at org.springframework.web.servlet.DispatcherServlet.doDispatch(DispatcherServlet.java:1040)
	at org.springframework.web.servlet.DispatcherServlet.doService(DispatcherServlet.java:943)
	at org.springframework.web.servlet.FrameworkServlet.processRequest(FrameworkServlet.java:1006)
	at org.springframework.web.servlet.FrameworkServlet.doGet(FrameworkServlet.java:898)
	at javax.servlet.http.HttpServlet.service(HttpServlet.java:626)
	at org.springframework.web.servlet.FrameworkServlet.service(FrameworkServlet.java:883)
	at javax.servlet.http.HttpServlet.service(HttpServlet.java:733)
	at org.apache.catalina.core.ApplicationFilterChain.internalDoFilter(ApplicationFilterChain.java:227)
	at org.apache.catalina.core.ApplicationFilterChain.doFilter(ApplicationFilterChain.java:162)
	at org.apache.tomcat.websocket.server.WsFilter.doFilter(WsFilter.java:53)
	at org.apache.catalina.core.ApplicationFilterChain.internalDoFilter(ApplicationFilterChain.java:189)
	at org.apache.catalina.core.ApplicationFilterChain.doFilter(ApplicationFilterChain.java:162)
	at org.springframework.web.filter.CorsFilter.doFilterInternal(CorsFilter.java:92)
	at org.springframework.web.filter.OncePerRequestFilter.doFilter(OncePerRequestFilter.java:119)
	at org.apache.catalina.core.ApplicationFilterChain.internalDoFilter(ApplicationFilterChain.java:189)
	at org.apache.catalina.core.ApplicationFilterChain.doFilter(ApplicationFilterChain.java:162)
	at org.springframework.web.filter.RequestContextFilter.doFilterInternal(RequestContextFilter.java:100)
	at org.springframework.web.filter.OncePerRequestFilter.doFilter(OncePerRequestFilter.java:119)
	at org.apache.catalina.core.ApplicationFilterChain.internalDoFilter(ApplicationFilterChain.java:189)
	at org.apache.catalina.core.ApplicationFilterChain.doFilter(ApplicationFilterChain.java:162)
	at org.springframework.web.filter.FormContentFilter.doFilterInternal(FormContentFilter.java:93)
	at org.springframework.web.filter.OncePerRequestFilter.doFilter(OncePerRequestFilter.java:119)
	at org.apache.catalina.core.ApplicationFilterChain.internalDoFilter(ApplicationFilterChain.java:189)
	at org.apache.catalina.core.ApplicationFilterChain.doFilter(ApplicationFilterChain.java:162)
	at org.springframework.web.filter.CharacterEncodingFilter.doFilterInternal(CharacterEncodingFilter.java:201)
	at org.springframework.web.filter.OncePerRequestFilter.doFilter(OncePerRequestFilter.java:119)
	at org.apache.catalina.core.ApplicationFilterChain.internalDoFilter(ApplicationFilterChain.java:189)
	at org.apache.catalina.core.ApplicationFilterChain.doFilter(ApplicationFilterChain.java:162)
	at org.apache.catalina.core.StandardWrapperValve.invoke(StandardWrapperValve.java:202)
	at org.apache.catalina.core.StandardContextValve.invoke(StandardContextValve.java:97)
	at org.apache.catalina.authenticator.AuthenticatorBase.invoke(AuthenticatorBase.java:542)
	at org.apache.catalina.core.StandardHostValve.invoke(StandardHostValve.java:143)
	at org.apache.catalina.valves.ErrorReportValve.invoke(ErrorReportValve.java:92)
	at org.apache.catalina.core.StandardEngineValve.invoke(StandardEngineValve.java:78)
	at org.apache.catalina.connector.CoyoteAdapter.service(CoyoteAdapter.java:357)
	at org.apache.coyote.http11.Http11Processor.service(Http11Processor.java:374)
	at org.apache.coyote.AbstractProcessorLight.process(AbstractProcessorLight.java:65)
	at org.apache.coyote.AbstractProtocol$ConnectionHandler.process(AbstractProtocol.java:893)
	at org.apache.tomcat.util.net.NioEndpoint$SocketProcessor.doRun(NioEndpoint.java:1707)
	at org.apache.tomcat.util.net.SocketProcessorBase.run(SocketProcessorBase.java:49)
	at java.util.concurrent.ThreadPoolExecutor.runWorker(ThreadPoolExecutor.java:1149)
	at java.util.concurrent.ThreadPoolExecutor$Worker.run(ThreadPoolExecutor.java:624)
	at org.apache.tomcat.util.threads.TaskThread$WrappingRunnable.run(TaskThread.java:61)
	at java.lang.Thread.run(Thread.java:748)
Caused by: java.io.IOException: 你的主机中的软件中止了一个已建立的连接。
	at sun.nio.ch.SocketDispatcher.write0(Native Method)
	at sun.nio.ch.SocketDispatcher.write(SocketDispatcher.java:51)
	at sun.nio.ch.IOUtil.writeFromNativeBuffer(IOUtil.java:93)
	at sun.nio.ch.IOUtil.write(IOUtil.java:65)
	at sun.nio.ch.SocketChannelImpl.write(SocketChannelImpl.java:469)
	at org.apache.tomcat.util.net.NioChannel.write(NioChannel.java:135)
	at org.apache.tomcat.util.net.NioBlockingSelector.write(NioBlockingSelector.java:118)
	at org.apache.tomcat.util.net.NioSelectorPool.write(NioSelectorPool.java:151)
	at org.apache.tomcat.util.net.NioEndpoint$NioSocketWrapper.doWrite(NioEndpoint.java:1367)
	at org.apache.tomcat.util.net.SocketWrapperBase.doWrite(SocketWrapperBase.java:766)
	at org.apache.tomcat.util.net.SocketWrapperBase.flushBlocking(SocketWrapperBase.java:719)
	at org.apache.tomcat.util.net.SocketWrapperBase.flush(SocketWrapperBase.java:709)
	at org.apache.coyote.http11.Http11OutputBuffer$SocketOutputBuffer.flush(Http11OutputBuffer.java:572)
	at org.apache.coyote.http11.filters.IdentityOutputFilter.flush(IdentityOutputFilter.java:117)
	at org.apache.coyote.http11.Http11OutputBuffer.flush(Http11OutputBuffer.java:220)
	at org.apache.coyote.http11.Http11Processor.flush(Http11Processor.java:1196)
	at org.apache.coyote.AbstractProcessor.action(AbstractProcessor.java:402)
	at org.apache.coyote.Response.action(Response.java:209)
	at org.apache.catalina.connector.OutputBuffer.doFlush(OutputBuffer.java:306)
	... 58 more

2022-02-14 19:49:35.470 [http-nio-8081-exec-31] ERROR com.novedu.nov.common.aspect.NovExceptionHandler -
                org.apache.catalina.connector.ClientAbortException: java.io.IOException: 你的主机中的软件中止了一个已建立的连接。
	at org.apache.catalina.connector.OutputBuffer.doFlush(OutputBuffer.java:310)
	at org.apache.catalina.connector.OutputBuffer.flush(OutputBuffer.java:273)
	at org.apache.catalina.connector.CoyoteOutputStream.flush(CoyoteOutputStream.java:118)
	at java.io.FilterOutputStream.flush(FilterOutputStream.java:140)
	at com.fasterxml.jackson.core.json.UTF8JsonGenerator.flush(UTF8JsonGenerator.java:1178)
	at com.fasterxml.jackson.databind.ObjectWriter.writeValue(ObjectWriter.java:1008)
	at org.springframework.http.converter.json.AbstractJackson2HttpMessageConverter.writeInternal(AbstractJackson2HttpMessageConverter.java:346)
	at org.springframework.http.converter.AbstractGenericHttpMessageConverter.write(AbstractGenericHttpMessageConverter.java:104)
	at org.springframework.web.servlet.mvc.method.annotation.AbstractMessageConverterMethodProcessor.writeWithMessageConverters(AbstractMessageConverterMethodProcessor.java:277)
	at org.springframework.web.servlet.mvc.method.annotation.RequestResponseBodyMethodProcessor.handleReturnValue(RequestResponseBodyMethodProcessor.java:181)
	at org.springframework.web.method.support.HandlerMethodReturnValueHandlerComposite.handleReturnValue(HandlerMethodReturnValueHandlerComposite.java:82)
	at org.springframework.web.servlet.mvc.method.annotation.ServletInvocableHandlerMethod.invokeAndHandle(ServletInvocableHandlerMethod.java:123)
	at org.springframework.web.servlet.mvc.method.annotation.RequestMappingHandlerAdapter.invokeHandlerMethod(RequestMappingHandlerAdapter.java:878)
	at org.springframework.web.servlet.mvc.method.annotation.RequestMappingHandlerAdapter.handleInternal(RequestMappingHandlerAdapter.java:792)
	at org.springframework.web.servlet.mvc.method.AbstractHandlerMethodAdapter.handle(AbstractHandlerMethodAdapter.java:87)
	at org.springframework.web.servlet.DispatcherServlet.doDispatch(DispatcherServlet.java:1040)
	at org.springframework.web.servlet.DispatcherServlet.doService(DispatcherServlet.java:943)
	at org.springframework.web.servlet.FrameworkServlet.processRequest(FrameworkServlet.java:1006)
	at org.springframework.web.servlet.FrameworkServlet.doGet(FrameworkServlet.java:898)
	at javax.servlet.http.HttpServlet.service(HttpServlet.java:626)
	at org.springframework.web.servlet.FrameworkServlet.service(FrameworkServlet.java:883)
	at javax.servlet.http.HttpServlet.service(HttpServlet.java:733)
	at org.apache.catalina.core.ApplicationFilterChain.internalDoFilter(ApplicationFilterChain.java:227)
	at org.apache.catalina.core.ApplicationFilterChain.doFilter(ApplicationFilterChain.java:162)
	at org.apache.tomcat.websocket.server.WsFilter.doFilter(WsFilter.java:53)
	at org.apache.catalina.core.ApplicationFilterChain.internalDoFilter(ApplicationFilterChain.java:189)
	at org.apache.catalina.core.ApplicationFilterChain.doFilter(ApplicationFilterChain.java:162)
	at org.springframework.web.filter.CorsFilter.doFilterInternal(CorsFilter.java:92)
	at org.springframework.web.filter.OncePerRequestFilter.doFilter(OncePerRequestFilter.java:119)
	at org.apache.catalina.core.ApplicationFilterChain.internalDoFilter(ApplicationFilterChain.java:189)
	at org.apache.catalina.core.ApplicationFilterChain.doFilter(ApplicationFilterChain.java:162)
	at org.springframework.web.filter.RequestContextFilter.doFilterInternal(RequestContextFilter.java:100)
	at org.springframework.web.filter.OncePerRequestFilter.doFilter(OncePerRequestFilter.java:119)
	at org.apache.catalina.core.ApplicationFilterChain.internalDoFilter(ApplicationFilterChain.java:189)
	at org.apache.catalina.core.ApplicationFilterChain.doFilter(ApplicationFilterChain.java:162)
	at org.springframework.web.filter.FormContentFilter.doFilterInternal(FormContentFilter.java:93)
	at org.springframework.web.filter.OncePerRequestFilter.doFilter(OncePerRequestFilter.java:119)
	at org.apache.catalina.core.ApplicationFilterChain.internalDoFilter(ApplicationFilterChain.java:189)
	at org.apache.catalina.core.ApplicationFilterChain.doFilter(ApplicationFilterChain.java:162)
	at org.springframework.web.filter.CharacterEncodingFilter.doFilterInternal(CharacterEncodingFilter.java:201)
	at org.springframework.web.filter.OncePerRequestFilter.doFilter(OncePerRequestFilter.java:119)
	at org.apache.catalina.core.ApplicationFilterChain.internalDoFilter(ApplicationFilterChain.java:189)
	at org.apache.catalina.core.ApplicationFilterChain.doFilter(ApplicationFilterChain.java:162)
	at org.apache.catalina.core.StandardWrapperValve.invoke(StandardWrapperValve.java:202)
	at org.apache.catalina.core.StandardContextValve.invoke(StandardContextValve.java:97)
	at org.apache.catalina.authenticator.AuthenticatorBase.invoke(AuthenticatorBase.java:542)
	at org.apache.catalina.core.StandardHostValve.invoke(StandardHostValve.java:143)
	at org.apache.catalina.valves.ErrorReportValve.invoke(ErrorReportValve.java:92)
	at org.apache.catalina.core.StandardEngineValve.invoke(StandardEngineValve.java:78)
	at org.apache.catalina.connector.CoyoteAdapter.service(CoyoteAdapter.java:357)
	at org.apache.coyote.http11.Http11Processor.service(Http11Processor.java:374)
	at org.apache.coyote.AbstractProcessorLight.process(AbstractProcessorLight.java:65)
	at org.apache.coyote.AbstractProtocol$ConnectionHandler.process(AbstractProtocol.java:893)
	at org.apache.tomcat.util.net.NioEndpoint$SocketProcessor.doRun(NioEndpoint.java:1707)
	at org.apache.tomcat.util.net.SocketProcessorBase.run(SocketProcessorBase.java:49)
	at java.util.concurrent.ThreadPoolExecutor.runWorker(ThreadPoolExecutor.java:1149)
	at java.util.concurrent.ThreadPoolExecutor$Worker.run(ThreadPoolExecutor.java:624)
	at org.apache.tomcat.util.threads.TaskThread$WrappingRunnable.run(TaskThread.java:61)
	at java.lang.Thread.run(Thread.java:748)
Caused by: java.io.IOException: 你的主机中的软件中止了一个已建立的连接。
	at sun.nio.ch.SocketDispatcher.write0(Native Method)
	at sun.nio.ch.SocketDispatcher.write(SocketDispatcher.java:51)
	at sun.nio.ch.IOUtil.writeFromNativeBuffer(IOUtil.java:93)
	at sun.nio.ch.IOUtil.write(IOUtil.java:65)
	at sun.nio.ch.SocketChannelImpl.write(SocketChannelImpl.java:469)
	at org.apache.tomcat.util.net.NioChannel.write(NioChannel.java:135)
	at org.apache.tomcat.util.net.NioBlockingSelector.write(NioBlockingSelector.java:118)
	at org.apache.tomcat.util.net.NioSelectorPool.write(NioSelectorPool.java:151)
	at org.apache.tomcat.util.net.NioEndpoint$NioSocketWrapper.doWrite(NioEndpoint.java:1367)
	at org.apache.tomcat.util.net.SocketWrapperBase.doWrite(SocketWrapperBase.java:766)
	at org.apache.tomcat.util.net.SocketWrapperBase.flushBlocking(SocketWrapperBase.java:719)
	at org.apache.tomcat.util.net.SocketWrapperBase.flush(SocketWrapperBase.java:709)
	at org.apache.coyote.http11.Http11OutputBuffer$SocketOutputBuffer.flush(Http11OutputBuffer.java:572)
	at org.apache.coyote.http11.filters.IdentityOutputFilter.flush(IdentityOutputFilter.java:117)
	at org.apache.coyote.http11.Http11OutputBuffer.flush(Http11OutputBuffer.java:220)
	at org.apache.coyote.http11.Http11Processor.flush(Http11Processor.java:1196)
	at org.apache.coyote.AbstractProcessor.action(AbstractProcessor.java:402)
	at org.apache.coyote.Response.action(Response.java:209)
	at org.apache.catalina.connector.OutputBuffer.doFlush(OutputBuffer.java:306)
	... 58 more

2022-02-14 19:49:35.492 [http-nio-8081-exec-29] ERROR com.novedu.nov.common.aspect.NovExceptionHandler -
                org.apache.catalina.connector.ClientAbortException: java.io.IOException: 你的主机中的软件中止了一个已建立的连接。
	at org.apache.catalina.connector.OutputBuffer.doFlush(OutputBuffer.java:310)
	at org.apache.catalina.connector.OutputBuffer.flush(OutputBuffer.java:273)
	at org.apache.catalina.connector.CoyoteOutputStream.flush(CoyoteOutputStream.java:118)
	at java.io.FilterOutputStream.flush(FilterOutputStream.java:140)
	at com.fasterxml.jackson.core.json.UTF8JsonGenerator.flush(UTF8JsonGenerator.java:1178)
	at com.fasterxml.jackson.databind.ObjectWriter.writeValue(ObjectWriter.java:1008)
	at org.springframework.http.converter.json.AbstractJackson2HttpMessageConverter.writeInternal(AbstractJackson2HttpMessageConverter.java:346)
	at org.springframework.http.converter.AbstractGenericHttpMessageConverter.write(AbstractGenericHttpMessageConverter.java:104)
	at org.springframework.web.servlet.mvc.method.annotation.AbstractMessageConverterMethodProcessor.writeWithMessageConverters(AbstractMessageConverterMethodProcessor.java:277)
	at org.springframework.web.servlet.mvc.method.annotation.RequestResponseBodyMethodProcessor.handleReturnValue(RequestResponseBodyMethodProcessor.java:181)
	at org.springframework.web.method.support.HandlerMethodReturnValueHandlerComposite.handleReturnValue(HandlerMethodReturnValueHandlerComposite.java:82)
	at org.springframework.web.servlet.mvc.method.annotation.ServletInvocableHandlerMethod.invokeAndHandle(ServletInvocableHandlerMethod.java:123)
	at org.springframework.web.servlet.mvc.method.annotation.RequestMappingHandlerAdapter.invokeHandlerMethod(RequestMappingHandlerAdapter.java:878)
	at org.springframework.web.servlet.mvc.method.annotation.RequestMappingHandlerAdapter.handleInternal(RequestMappingHandlerAdapter.java:792)
	at org.springframework.web.servlet.mvc.method.AbstractHandlerMethodAdapter.handle(AbstractHandlerMethodAdapter.java:87)
	at org.springframework.web.servlet.DispatcherServlet.doDispatch(DispatcherServlet.java:1040)
	at org.springframework.web.servlet.DispatcherServlet.doService(DispatcherServlet.java:943)
	at org.springframework.web.servlet.FrameworkServlet.processRequest(FrameworkServlet.java:1006)
	at org.springframework.web.servlet.FrameworkServlet.doGet(FrameworkServlet.java:898)
	at javax.servlet.http.HttpServlet.service(HttpServlet.java:626)
	at org.springframework.web.servlet.FrameworkServlet.service(FrameworkServlet.java:883)
	at javax.servlet.http.HttpServlet.service(HttpServlet.java:733)
	at org.apache.catalina.core.ApplicationFilterChain.internalDoFilter(ApplicationFilterChain.java:227)
	at org.apache.catalina.core.ApplicationFilterChain.doFilter(ApplicationFilterChain.java:162)
	at org.apache.tomcat.websocket.server.WsFilter.doFilter(WsFilter.java:53)
	at org.apache.catalina.core.ApplicationFilterChain.internalDoFilter(ApplicationFilterChain.java:189)
	at org.apache.catalina.core.ApplicationFilterChain.doFilter(ApplicationFilterChain.java:162)
	at org.springframework.web.filter.CorsFilter.doFilterInternal(CorsFilter.java:92)
	at org.springframework.web.filter.OncePerRequestFilter.doFilter(OncePerRequestFilter.java:119)
	at org.apache.catalina.core.ApplicationFilterChain.internalDoFilter(ApplicationFilterChain.java:189)
	at org.apache.catalina.core.ApplicationFilterChain.doFilter(ApplicationFilterChain.java:162)
	at org.springframework.web.filter.RequestContextFilter.doFilterInternal(RequestContextFilter.java:100)
	at org.springframework.web.filter.OncePerRequestFilter.doFilter(OncePerRequestFilter.java:119)
	at org.apache.catalina.core.ApplicationFilterChain.internalDoFilter(ApplicationFilterChain.java:189)
	at org.apache.catalina.core.ApplicationFilterChain.doFilter(ApplicationFilterChain.java:162)
	at org.springframework.web.filter.FormContentFilter.doFilterInternal(FormContentFilter.java:93)
	at org.springframework.web.filter.OncePerRequestFilter.doFilter(OncePerRequestFilter.java:119)
	at org.apache.catalina.core.ApplicationFilterChain.internalDoFilter(ApplicationFilterChain.java:189)
	at org.apache.catalina.core.ApplicationFilterChain.doFilter(ApplicationFilterChain.java:162)
	at org.springframework.web.filter.CharacterEncodingFilter.doFilterInternal(CharacterEncodingFilter.java:201)
	at org.springframework.web.filter.OncePerRequestFilter.doFilter(OncePerRequestFilter.java:119)
	at org.apache.catalina.core.ApplicationFilterChain.internalDoFilter(ApplicationFilterChain.java:189)
	at org.apache.catalina.core.ApplicationFilterChain.doFilter(ApplicationFilterChain.java:162)
	at org.apache.catalina.core.StandardWrapperValve.invoke(StandardWrapperValve.java:202)
	at org.apache.catalina.core.StandardContextValve.invoke(StandardContextValve.java:97)
	at org.apache.catalina.authenticator.AuthenticatorBase.invoke(AuthenticatorBase.java:542)
	at org.apache.catalina.core.StandardHostValve.invoke(StandardHostValve.java:143)
	at org.apache.catalina.valves.ErrorReportValve.invoke(ErrorReportValve.java:92)
	at org.apache.catalina.core.StandardEngineValve.invoke(StandardEngineValve.java:78)
	at org.apache.catalina.connector.CoyoteAdapter.service(CoyoteAdapter.java:357)
	at org.apache.coyote.http11.Http11Processor.service(Http11Processor.java:374)
	at org.apache.coyote.AbstractProcessorLight.process(AbstractProcessorLight.java:65)
	at org.apache.coyote.AbstractProtocol$ConnectionHandler.process(AbstractProtocol.java:893)
	at org.apache.tomcat.util.net.NioEndpoint$SocketProcessor.doRun(NioEndpoint.java:1707)
	at org.apache.tomcat.util.net.SocketProcessorBase.run(SocketProcessorBase.java:49)
	at java.util.concurrent.ThreadPoolExecutor.runWorker(ThreadPoolExecutor.java:1149)
	at java.util.concurrent.ThreadPoolExecutor$Worker.run(ThreadPoolExecutor.java:624)
	at org.apache.tomcat.util.threads.TaskThread$WrappingRunnable.run(TaskThread.java:61)
	at java.lang.Thread.run(Thread.java:748)
Caused by: java.io.IOException: 你的主机中的软件中止了一个已建立的连接。
	at sun.nio.ch.SocketDispatcher.write0(Native Method)
	at sun.nio.ch.SocketDispatcher.write(SocketDispatcher.java:51)
	at sun.nio.ch.IOUtil.writeFromNativeBuffer(IOUtil.java:93)
	at sun.nio.ch.IOUtil.write(IOUtil.java:65)
	at sun.nio.ch.SocketChannelImpl.write(SocketChannelImpl.java:469)
	at org.apache.tomcat.util.net.NioChannel.write(NioChannel.java:135)
	at org.apache.tomcat.util.net.NioBlockingSelector.write(NioBlockingSelector.java:118)
	at org.apache.tomcat.util.net.NioSelectorPool.write(NioSelectorPool.java:151)
	at org.apache.tomcat.util.net.NioEndpoint$NioSocketWrapper.doWrite(NioEndpoint.java:1367)
	at org.apache.tomcat.util.net.SocketWrapperBase.doWrite(SocketWrapperBase.java:766)
	at org.apache.tomcat.util.net.SocketWrapperBase.flushBlocking(SocketWrapperBase.java:719)
	at org.apache.tomcat.util.net.SocketWrapperBase.flush(SocketWrapperBase.java:709)
	at org.apache.coyote.http11.Http11OutputBuffer$SocketOutputBuffer.flush(Http11OutputBuffer.java:572)
	at org.apache.coyote.http11.filters.IdentityOutputFilter.flush(IdentityOutputFilter.java:117)
	at org.apache.coyote.http11.Http11OutputBuffer.flush(Http11OutputBuffer.java:220)
	at org.apache.coyote.http11.Http11Processor.flush(Http11Processor.java:1196)
	at org.apache.coyote.AbstractProcessor.action(AbstractProcessor.java:402)
	at org.apache.coyote.Response.action(Response.java:209)
	at org.apache.catalina.connector.OutputBuffer.doFlush(OutputBuffer.java:306)
	... 58 more

2022-02-14 19:49:35.515 [http-nio-8081-exec-35] ERROR com.novedu.nov.common.aspect.NovExceptionHandler -
                org.apache.catalina.connector.ClientAbortException: java.io.IOException: 你的主机中的软件中止了一个已建立的连接。
	at org.apache.catalina.connector.OutputBuffer.doFlush(OutputBuffer.java:310)
	at org.apache.catalina.connector.OutputBuffer.flush(OutputBuffer.java:273)
	at org.apache.catalina.connector.CoyoteOutputStream.flush(CoyoteOutputStream.java:118)
	at java.io.FilterOutputStream.flush(FilterOutputStream.java:140)
	at com.fasterxml.jackson.core.json.UTF8JsonGenerator.flush(UTF8JsonGenerator.java:1178)
	at com.fasterxml.jackson.databind.ObjectWriter.writeValue(ObjectWriter.java:1008)
	at org.springframework.http.converter.json.AbstractJackson2HttpMessageConverter.writeInternal(AbstractJackson2HttpMessageConverter.java:346)
	at org.springframework.http.converter.AbstractGenericHttpMessageConverter.write(AbstractGenericHttpMessageConverter.java:104)
	at org.springframework.web.servlet.mvc.method.annotation.AbstractMessageConverterMethodProcessor.writeWithMessageConverters(AbstractMessageConverterMethodProcessor.java:277)
	at org.springframework.web.servlet.mvc.method.annotation.RequestResponseBodyMethodProcessor.handleReturnValue(RequestResponseBodyMethodProcessor.java:181)
	at org.springframework.web.method.support.HandlerMethodReturnValueHandlerComposite.handleReturnValue(HandlerMethodReturnValueHandlerComposite.java:82)
	at org.springframework.web.servlet.mvc.method.annotation.ServletInvocableHandlerMethod.invokeAndHandle(ServletInvocableHandlerMethod.java:123)
	at org.springframework.web.servlet.mvc.method.annotation.RequestMappingHandlerAdapter.invokeHandlerMethod(RequestMappingHandlerAdapter.java:878)
	at org.springframework.web.servlet.mvc.method.annotation.RequestMappingHandlerAdapter.handleInternal(RequestMappingHandlerAdapter.java:792)
	at org.springframework.web.servlet.mvc.method.AbstractHandlerMethodAdapter.handle(AbstractHandlerMethodAdapter.java:87)
	at org.springframework.web.servlet.DispatcherServlet.doDispatch(DispatcherServlet.java:1040)
	at org.springframework.web.servlet.DispatcherServlet.doService(DispatcherServlet.java:943)
	at org.springframework.web.servlet.FrameworkServlet.processRequest(FrameworkServlet.java:1006)
	at org.springframework.web.servlet.FrameworkServlet.doGet(FrameworkServlet.java:898)
	at javax.servlet.http.HttpServlet.service(HttpServlet.java:626)
	at org.springframework.web.servlet.FrameworkServlet.service(FrameworkServlet.java:883)
	at javax.servlet.http.HttpServlet.service(HttpServlet.java:733)
	at org.apache.catalina.core.ApplicationFilterChain.internalDoFilter(ApplicationFilterChain.java:227)
	at org.apache.catalina.core.ApplicationFilterChain.doFilter(ApplicationFilterChain.java:162)
	at org.apache.tomcat.websocket.server.WsFilter.doFilter(WsFilter.java:53)
	at org.apache.catalina.core.ApplicationFilterChain.internalDoFilter(ApplicationFilterChain.java:189)
	at org.apache.catalina.core.ApplicationFilterChain.doFilter(ApplicationFilterChain.java:162)
	at org.springframework.web.filter.CorsFilter.doFilterInternal(CorsFilter.java:92)
	at org.springframework.web.filter.OncePerRequestFilter.doFilter(OncePerRequestFilter.java:119)
	at org.apache.catalina.core.ApplicationFilterChain.internalDoFilter(ApplicationFilterChain.java:189)
	at org.apache.catalina.core.ApplicationFilterChain.doFilter(ApplicationFilterChain.java:162)
	at org.springframework.web.filter.RequestContextFilter.doFilterInternal(RequestContextFilter.java:100)
	at org.springframework.web.filter.OncePerRequestFilter.doFilter(OncePerRequestFilter.java:119)
	at org.apache.catalina.core.ApplicationFilterChain.internalDoFilter(ApplicationFilterChain.java:189)
	at org.apache.catalina.core.ApplicationFilterChain.doFilter(ApplicationFilterChain.java:162)
	at org.springframework.web.filter.FormContentFilter.doFilterInternal(FormContentFilter.java:93)
	at org.springframework.web.filter.OncePerRequestFilter.doFilter(OncePerRequestFilter.java:119)
	at org.apache.catalina.core.ApplicationFilterChain.internalDoFilter(ApplicationFilterChain.java:189)
	at org.apache.catalina.core.ApplicationFilterChain.doFilter(ApplicationFilterChain.java:162)
	at org.springframework.web.filter.CharacterEncodingFilter.doFilterInternal(CharacterEncodingFilter.java:201)
	at org.springframework.web.filter.OncePerRequestFilter.doFilter(OncePerRequestFilter.java:119)
	at org.apache.catalina.core.ApplicationFilterChain.internalDoFilter(ApplicationFilterChain.java:189)
	at org.apache.catalina.core.ApplicationFilterChain.doFilter(ApplicationFilterChain.java:162)
	at org.apache.catalina.core.StandardWrapperValve.invoke(StandardWrapperValve.java:202)
	at org.apache.catalina.core.StandardContextValve.invoke(StandardContextValve.java:97)
	at org.apache.catalina.authenticator.AuthenticatorBase.invoke(AuthenticatorBase.java:542)
	at org.apache.catalina.core.StandardHostValve.invoke(StandardHostValve.java:143)
	at org.apache.catalina.valves.ErrorReportValve.invoke(ErrorReportValve.java:92)
	at org.apache.catalina.core.StandardEngineValve.invoke(StandardEngineValve.java:78)
	at org.apache.catalina.connector.CoyoteAdapter.service(CoyoteAdapter.java:357)
	at org.apache.coyote.http11.Http11Processor.service(Http11Processor.java:374)
	at org.apache.coyote.AbstractProcessorLight.process(AbstractProcessorLight.java:65)
	at org.apache.coyote.AbstractProtocol$ConnectionHandler.process(AbstractProtocol.java:893)
	at org.apache.tomcat.util.net.NioEndpoint$SocketProcessor.doRun(NioEndpoint.java:1707)
	at org.apache.tomcat.util.net.SocketProcessorBase.run(SocketProcessorBase.java:49)
	at java.util.concurrent.ThreadPoolExecutor.runWorker(ThreadPoolExecutor.java:1149)
	at java.util.concurrent.ThreadPoolExecutor$Worker.run(ThreadPoolExecutor.java:624)
	at org.apache.tomcat.util.threads.TaskThread$WrappingRunnable.run(TaskThread.java:61)
	at java.lang.Thread.run(Thread.java:748)
Caused by: java.io.IOException: 你的主机中的软件中止了一个已建立的连接。
	at sun.nio.ch.SocketDispatcher.write0(Native Method)
	at sun.nio.ch.SocketDispatcher.write(SocketDispatcher.java:51)
	at sun.nio.ch.IOUtil.writeFromNativeBuffer(IOUtil.java:93)
	at sun.nio.ch.IOUtil.write(IOUtil.java:65)
	at sun.nio.ch.SocketChannelImpl.write(SocketChannelImpl.java:469)
	at org.apache.tomcat.util.net.NioChannel.write(NioChannel.java:135)
	at org.apache.tomcat.util.net.NioBlockingSelector.write(NioBlockingSelector.java:118)
	at org.apache.tomcat.util.net.NioSelectorPool.write(NioSelectorPool.java:151)
	at org.apache.tomcat.util.net.NioEndpoint$NioSocketWrapper.doWrite(NioEndpoint.java:1367)
	at org.apache.tomcat.util.net.SocketWrapperBase.doWrite(SocketWrapperBase.java:766)
	at org.apache.tomcat.util.net.SocketWrapperBase.flushBlocking(SocketWrapperBase.java:719)
	at org.apache.tomcat.util.net.SocketWrapperBase.flush(SocketWrapperBase.java:709)
	at org.apache.coyote.http11.Http11OutputBuffer$SocketOutputBuffer.flush(Http11OutputBuffer.java:572)
	at org.apache.coyote.http11.filters.IdentityOutputFilter.flush(IdentityOutputFilter.java:117)
	at org.apache.coyote.http11.Http11OutputBuffer.flush(Http11OutputBuffer.java:220)
	at org.apache.coyote.http11.Http11Processor.flush(Http11Processor.java:1196)
	at org.apache.coyote.AbstractProcessor.action(AbstractProcessor.java:402)
	at org.apache.coyote.Response.action(Response.java:209)
	at org.apache.catalina.connector.OutputBuffer.doFlush(OutputBuffer.java:306)
	... 58 more

2022-02-14 19:49:35.520 [http-nio-8081-exec-38] ERROR com.novedu.nov.common.aspect.NovExceptionHandler -
                org.apache.catalina.connector.ClientAbortException: java.io.IOException: 你的主机中的软件中止了一个已建立的连接。
	at org.apache.catalina.connector.OutputBuffer.doFlush(OutputBuffer.java:310)
	at org.apache.catalina.connector.OutputBuffer.flush(OutputBuffer.java:273)
	at org.apache.catalina.connector.CoyoteOutputStream.flush(CoyoteOutputStream.java:118)
	at java.io.FilterOutputStream.flush(FilterOutputStream.java:140)
	at com.fasterxml.jackson.core.json.UTF8JsonGenerator.flush(UTF8JsonGenerator.java:1178)
	at com.fasterxml.jackson.databind.ObjectWriter.writeValue(ObjectWriter.java:1008)
	at org.springframework.http.converter.json.AbstractJackson2HttpMessageConverter.writeInternal(AbstractJackson2HttpMessageConverter.java:346)
	at org.springframework.http.converter.AbstractGenericHttpMessageConverter.write(AbstractGenericHttpMessageConverter.java:104)
	at org.springframework.web.servlet.mvc.method.annotation.AbstractMessageConverterMethodProcessor.writeWithMessageConverters(AbstractMessageConverterMethodProcessor.java:277)
	at org.springframework.web.servlet.mvc.method.annotation.RequestResponseBodyMethodProcessor.handleReturnValue(RequestResponseBodyMethodProcessor.java:181)
	at org.springframework.web.method.support.HandlerMethodReturnValueHandlerComposite.handleReturnValue(HandlerMethodReturnValueHandlerComposite.java:82)
	at org.springframework.web.servlet.mvc.method.annotation.ServletInvocableHandlerMethod.invokeAndHandle(ServletInvocableHandlerMethod.java:123)
	at org.springframework.web.servlet.mvc.method.annotation.RequestMappingHandlerAdapter.invokeHandlerMethod(RequestMappingHandlerAdapter.java:878)
	at org.springframework.web.servlet.mvc.method.annotation.RequestMappingHandlerAdapter.handleInternal(RequestMappingHandlerAdapter.java:792)
	at org.springframework.web.servlet.mvc.method.AbstractHandlerMethodAdapter.handle(AbstractHandlerMethodAdapter.java:87)
	at org.springframework.web.servlet.DispatcherServlet.doDispatch(DispatcherServlet.java:1040)
	at org.springframework.web.servlet.DispatcherServlet.doService(DispatcherServlet.java:943)
	at org.springframework.web.servlet.FrameworkServlet.processRequest(FrameworkServlet.java:1006)
	at org.springframework.web.servlet.FrameworkServlet.doGet(FrameworkServlet.java:898)
	at javax.servlet.http.HttpServlet.service(HttpServlet.java:626)
	at org.springframework.web.servlet.FrameworkServlet.service(FrameworkServlet.java:883)
	at javax.servlet.http.HttpServlet.service(HttpServlet.java:733)
	at org.apache.catalina.core.ApplicationFilterChain.internalDoFilter(ApplicationFilterChain.java:227)
	at org.apache.catalina.core.ApplicationFilterChain.doFilter(ApplicationFilterChain.java:162)
	at org.apache.tomcat.websocket.server.WsFilter.doFilter(WsFilter.java:53)
	at org.apache.catalina.core.ApplicationFilterChain.internalDoFilter(ApplicationFilterChain.java:189)
	at org.apache.catalina.core.ApplicationFilterChain.doFilter(ApplicationFilterChain.java:162)
	at org.springframework.web.filter.CorsFilter.doFilterInternal(CorsFilter.java:92)
	at org.springframework.web.filter.OncePerRequestFilter.doFilter(OncePerRequestFilter.java:119)
	at org.apache.catalina.core.ApplicationFilterChain.internalDoFilter(ApplicationFilterChain.java:189)
	at org.apache.catalina.core.ApplicationFilterChain.doFilter(ApplicationFilterChain.java:162)
	at org.springframework.web.filter.RequestContextFilter.doFilterInternal(RequestContextFilter.java:100)
	at org.springframework.web.filter.OncePerRequestFilter.doFilter(OncePerRequestFilter.java:119)
	at org.apache.catalina.core.ApplicationFilterChain.internalDoFilter(ApplicationFilterChain.java:189)
	at org.apache.catalina.core.ApplicationFilterChain.doFilter(ApplicationFilterChain.java:162)
	at org.springframework.web.filter.FormContentFilter.doFilterInternal(FormContentFilter.java:93)
	at org.springframework.web.filter.OncePerRequestFilter.doFilter(OncePerRequestFilter.java:119)
	at org.apache.catalina.core.ApplicationFilterChain.internalDoFilter(ApplicationFilterChain.java:189)
	at org.apache.catalina.core.ApplicationFilterChain.doFilter(ApplicationFilterChain.java:162)
	at org.springframework.web.filter.CharacterEncodingFilter.doFilterInternal(CharacterEncodingFilter.java:201)
	at org.springframework.web.filter.OncePerRequestFilter.doFilter(OncePerRequestFilter.java:119)
	at org.apache.catalina.core.ApplicationFilterChain.internalDoFilter(ApplicationFilterChain.java:189)
	at org.apache.catalina.core.ApplicationFilterChain.doFilter(ApplicationFilterChain.java:162)
	at org.apache.catalina.core.StandardWrapperValve.invoke(StandardWrapperValve.java:202)
	at org.apache.catalina.core.StandardContextValve.invoke(StandardContextValve.java:97)
	at org.apache.catalina.authenticator.AuthenticatorBase.invoke(AuthenticatorBase.java:542)
	at org.apache.catalina.core.StandardHostValve.invoke(StandardHostValve.java:143)
	at org.apache.catalina.valves.ErrorReportValve.invoke(ErrorReportValve.java:92)
	at org.apache.catalina.core.StandardEngineValve.invoke(StandardEngineValve.java:78)
	at org.apache.catalina.connector.CoyoteAdapter.service(CoyoteAdapter.java:357)
	at org.apache.coyote.http11.Http11Processor.service(Http11Processor.java:374)
	at org.apache.coyote.AbstractProcessorLight.process(AbstractProcessorLight.java:65)
	at org.apache.coyote.AbstractProtocol$ConnectionHandler.process(AbstractProtocol.java:893)
	at org.apache.tomcat.util.net.NioEndpoint$SocketProcessor.doRun(NioEndpoint.java:1707)
	at org.apache.tomcat.util.net.SocketProcessorBase.run(SocketProcessorBase.java:49)
	at java.util.concurrent.ThreadPoolExecutor.runWorker(ThreadPoolExecutor.java:1149)
	at java.util.concurrent.ThreadPoolExecutor$Worker.run(ThreadPoolExecutor.java:624)
	at org.apache.tomcat.util.threads.TaskThread$WrappingRunnable.run(TaskThread.java:61)
	at java.lang.Thread.run(Thread.java:748)
Caused by: java.io.IOException: 你的主机中的软件中止了一个已建立的连接。
	at sun.nio.ch.SocketDispatcher.write0(Native Method)
	at sun.nio.ch.SocketDispatcher.write(SocketDispatcher.java:51)
	at sun.nio.ch.IOUtil.writeFromNativeBuffer(IOUtil.java:93)
	at sun.nio.ch.IOUtil.write(IOUtil.java:65)
	at sun.nio.ch.SocketChannelImpl.write(SocketChannelImpl.java:469)
	at org.apache.tomcat.util.net.NioChannel.write(NioChannel.java:135)
	at org.apache.tomcat.util.net.NioBlockingSelector.write(NioBlockingSelector.java:118)
	at org.apache.tomcat.util.net.NioSelectorPool.write(NioSelectorPool.java:151)
	at org.apache.tomcat.util.net.NioEndpoint$NioSocketWrapper.doWrite(NioEndpoint.java:1367)
	at org.apache.tomcat.util.net.SocketWrapperBase.doWrite(SocketWrapperBase.java:766)
	at org.apache.tomcat.util.net.SocketWrapperBase.flushBlocking(SocketWrapperBase.java:719)
	at org.apache.tomcat.util.net.SocketWrapperBase.flush(SocketWrapperBase.java:709)
	at org.apache.coyote.http11.Http11OutputBuffer$SocketOutputBuffer.flush(Http11OutputBuffer.java:572)
	at org.apache.coyote.http11.filters.IdentityOutputFilter.flush(IdentityOutputFilter.java:117)
	at org.apache.coyote.http11.Http11OutputBuffer.flush(Http11OutputBuffer.java:220)
	at org.apache.coyote.http11.Http11Processor.flush(Http11Processor.java:1196)
	at org.apache.coyote.AbstractProcessor.action(AbstractProcessor.java:402)
	at org.apache.coyote.Response.action(Response.java:209)
	at org.apache.catalina.connector.OutputBuffer.doFlush(OutputBuffer.java:306)
	... 58 more

2022-02-14 19:49:37.174 [http-nio-8081-exec-3] ERROR com.novedu.nov.common.aspect.NovExceptionHandler -
                org.springframework.data.redis.RedisSystemException: Redis command interrupted; nested exception is io.lettuce.core.RedisCommandInterruptedException: Command interrupted
	at org.springframework.data.redis.connection.lettuce.LettuceExceptionConverter.convert(LettuceExceptionConverter.java:62)
	at org.springframework.data.redis.connection.lettuce.LettuceExceptionConverter.convert(LettuceExceptionConverter.java:41)
	at org.springframework.data.redis.PassThroughExceptionTranslationStrategy.translate(PassThroughExceptionTranslationStrategy.java:44)
	at org.springframework.data.redis.FallbackExceptionTranslationStrategy.translate(FallbackExceptionTranslationStrategy.java:42)
	at org.springframework.data.redis.connection.lettuce.LettuceConnection.convertLettuceAccessException(LettuceConnection.java:275)
	at org.springframework.data.redis.connection.lettuce.LettuceKeyCommands.convertLettuceAccessException(LettuceKeyCommands.java:809)
	at org.springframework.data.redis.connection.lettuce.LettuceKeyCommands.exists(LettuceKeyCommands.java:77)
	at org.springframework.data.redis.connection.DefaultedRedisConnection.exists(DefaultedRedisConnection.java:68)
	at org.springframework.data.redis.core.RedisTemplate.lambda$hasKey$6(RedisTemplate.java:773)
	at org.springframework.data.redis.core.RedisTemplate.execute(RedisTemplate.java:228)
	at org.springframework.data.redis.core.RedisTemplate.execute(RedisTemplate.java:188)
	at org.springframework.data.redis.core.RedisTemplate.hasKey(RedisTemplate.java:773)
	at com.novedu.nov.edu.service.impl.EduCourseServiceImpl.statisticsCoursePlayCount(EduCourseServiceImpl.java:256)
	at com.novedu.nov.edu.service.impl.EduCourseServiceImpl$$FastClassBySpringCGLIB$$3b93ac8.invoke(<generated>)
	at org.springframework.cglib.proxy.MethodProxy.invoke(MethodProxy.java:218)
	at org.springframework.aop.framework.CglibAopProxy$DynamicAdvisedInterceptor.intercept(CglibAopProxy.java:688)
	at com.novedu.nov.edu.service.impl.EduCourseServiceImpl$$EnhancerBySpringCGLIB$$c7b031e1.statisticsCoursePlayCount(<generated>)
	at com.novedu.nov.edu.controller.EduCourseController.statisticsCoursePlayCount(EduCourseController.java:112)
	at com.novedu.nov.edu.controller.EduCourseController$$FastClassBySpringCGLIB$$5454e38c.invoke(<generated>)
	at org.springframework.cglib.proxy.MethodProxy.invoke(MethodProxy.java:218)
	at org.springframework.aop.framework.CglibAopProxy$CglibMethodInvocation.invokeJoinpoint(CglibAopProxy.java:779)
	at org.springframework.aop.framework.ReflectiveMethodInvocation.proceed(ReflectiveMethodInvocation.java:163)
	at org.springframework.aop.framework.CglibAopProxy$CglibMethodInvocation.proceed(CglibAopProxy.java:750)
	at org.springframework.aop.aspectj.MethodInvocationProceedingJoinPoint.proceed(MethodInvocationProceedingJoinPoint.java:88)
	at com.novedu.nov.common.aspect.NovLogHandler.around(NovLogHandler.java:56)
	at sun.reflect.GeneratedMethodAccessor270.invoke(Unknown Source)
	at sun.reflect.DelegatingMethodAccessorImpl.invoke(DelegatingMethodAccessorImpl.java:43)
	at java.lang.reflect.Method.invoke(Method.java:498)
	at org.springframework.aop.aspectj.AbstractAspectJAdvice.invokeAdviceMethodWithGivenArgs(AbstractAspectJAdvice.java:644)
	at org.springframework.aop.aspectj.AbstractAspectJAdvice.invokeAdviceMethod(AbstractAspectJAdvice.java:633)
	at org.springframework.aop.aspectj.AspectJAroundAdvice.invoke(AspectJAroundAdvice.java:70)
	at org.springframework.aop.framework.ReflectiveMethodInvocation.proceed(ReflectiveMethodInvocation.java:186)
	at org.springframework.aop.framework.CglibAopProxy$CglibMethodInvocation.proceed(CglibAopProxy.java:750)
	at org.springframework.aop.interceptor.ExposeInvocationInterceptor.invoke(ExposeInvocationInterceptor.java:95)
	at org.springframework.aop.framework.ReflectiveMethodInvocation.proceed(ReflectiveMethodInvocation.java:186)
	at org.springframework.aop.framework.CglibAopProxy$CglibMethodInvocation.proceed(CglibAopProxy.java:750)
	at org.springframework.aop.framework.CglibAopProxy$DynamicAdvisedInterceptor.intercept(CglibAopProxy.java:692)
	at com.novedu.nov.edu.controller.EduCourseController$$EnhancerBySpringCGLIB$$8ad6a164.statisticsCoursePlayCount(<generated>)
	at sun.reflect.GeneratedMethodAccessor334.invoke(Unknown Source)
	at sun.reflect.DelegatingMethodAccessorImpl.invoke(DelegatingMethodAccessorImpl.java:43)
	at java.lang.reflect.Method.invoke(Method.java:498)
	at org.springframework.web.method.support.InvocableHandlerMethod.doInvoke(InvocableHandlerMethod.java:190)
	at org.springframework.web.method.support.InvocableHandlerMethod.invokeForRequest(InvocableHandlerMethod.java:138)
	at org.springframework.web.servlet.mvc.method.annotation.ServletInvocableHandlerMethod.invokeAndHandle(ServletInvocableHandlerMethod.java:105)
	at org.springframework.web.servlet.mvc.method.annotation.RequestMappingHandlerAdapter.invokeHandlerMethod(RequestMappingHandlerAdapter.java:878)
	at org.springframework.web.servlet.mvc.method.annotation.RequestMappingHandlerAdapter.handleInternal(RequestMappingHandlerAdapter.java:792)
	at org.springframework.web.servlet.mvc.method.AbstractHandlerMethodAdapter.handle(AbstractHandlerMethodAdapter.java:87)
	at org.springframework.web.servlet.DispatcherServlet.doDispatch(DispatcherServlet.java:1040)
	at org.springframework.web.servlet.DispatcherServlet.doService(DispatcherServlet.java:943)
	at org.springframework.web.servlet.FrameworkServlet.processRequest(FrameworkServlet.java:1006)
	at org.springframework.web.servlet.FrameworkServlet.doGet(FrameworkServlet.java:898)
	at javax.servlet.http.HttpServlet.service(HttpServlet.java:626)
	at org.springframework.web.servlet.FrameworkServlet.service(FrameworkServlet.java:883)
	at javax.servlet.http.HttpServlet.service(HttpServlet.java:733)
	at org.apache.catalina.core.ApplicationFilterChain.internalDoFilter(ApplicationFilterChain.java:227)
	at org.apache.catalina.core.ApplicationFilterChain.doFilter(ApplicationFilterChain.java:162)
	at org.apache.tomcat.websocket.server.WsFilter.doFilter(WsFilter.java:53)
	at org.apache.catalina.core.ApplicationFilterChain.internalDoFilter(ApplicationFilterChain.java:189)
	at org.apache.catalina.core.ApplicationFilterChain.doFilter(ApplicationFilterChain.java:162)
	at org.springframework.web.filter.CorsFilter.doFilterInternal(CorsFilter.java:92)
	at org.springframework.web.filter.OncePerRequestFilter.doFilter(OncePerRequestFilter.java:119)
	at org.apache.catalina.core.ApplicationFilterChain.internalDoFilter(ApplicationFilterChain.java:189)
	at org.apache.catalina.core.ApplicationFilterChain.doFilter(ApplicationFilterChain.java:162)
	at org.springframework.web.filter.RequestContextFilter.doFilterInternal(RequestContextFilter.java:100)
	at org.springframework.web.filter.OncePerRequestFilter.doFilter(OncePerRequestFilter.java:119)
	at org.apache.catalina.core.ApplicationFilterChain.internalDoFilter(ApplicationFilterChain.java:189)
	at org.apache.catalina.core.ApplicationFilterChain.doFilter(ApplicationFilterChain.java:162)
	at org.springframework.web.filter.FormContentFilter.doFilterInternal(FormContentFilter.java:93)
	at org.springframework.web.filter.OncePerRequestFilter.doFilter(OncePerRequestFilter.java:119)
	at org.apache.catalina.core.ApplicationFilterChain.internalDoFilter(ApplicationFilterChain.java:189)
	at org.apache.catalina.core.ApplicationFilterChain.doFilter(ApplicationFilterChain.java:162)
	at org.springframework.web.filter.CharacterEncodingFilter.doFilterInternal(CharacterEncodingFilter.java:201)
	at org.springframework.web.filter.OncePerRequestFilter.doFilter(OncePerRequestFilter.java:119)
	at org.apache.catalina.core.ApplicationFilterChain.internalDoFilter(ApplicationFilterChain.java:189)
	at org.apache.catalina.core.ApplicationFilterChain.doFilter(ApplicationFilterChain.java:162)
	at org.apache.catalina.core.StandardWrapperValve.invoke(StandardWrapperValve.java:202)
	at org.apache.catalina.core.StandardContextValve.invoke(StandardContextValve.java:97)
	at org.apache.catalina.authenticator.AuthenticatorBase.invoke(AuthenticatorBase.java:542)
	at org.apache.catalina.core.StandardHostValve.invoke(StandardHostValve.java:143)
	at org.apache.catalina.valves.ErrorReportValve.invoke(ErrorReportValve.java:92)
	at org.apache.catalina.core.StandardEngineValve.invoke(StandardEngineValve.java:78)
	at org.apache.catalina.connector.CoyoteAdapter.service(CoyoteAdapter.java:357)
	at org.apache.coyote.http11.Http11Processor.service(Http11Processor.java:374)
	at org.apache.coyote.AbstractProcessorLight.process(AbstractProcessorLight.java:65)
	at org.apache.coyote.AbstractProtocol$ConnectionHandler.process(AbstractProtocol.java:893)
	at org.apache.tomcat.util.net.NioEndpoint$SocketProcessor.doRun(NioEndpoint.java:1707)
	at org.apache.tomcat.util.net.SocketProcessorBase.run(SocketProcessorBase.java:49)
	at java.util.concurrent.ThreadPoolExecutor.runWorker(ThreadPoolExecutor.java:1149)
	at java.util.concurrent.ThreadPoolExecutor$Worker.run(ThreadPoolExecutor.java:624)
	at org.apache.tomcat.util.threads.TaskThread$WrappingRunnable.run(TaskThread.java:61)
	at java.lang.Thread.run(Thread.java:748)
Caused by: io.lettuce.core.RedisCommandInterruptedException: Command interrupted
	at io.lettuce.core.protocol.AsyncCommand.await(AsyncCommand.java:85)
	at io.lettuce.core.LettuceFutures.awaitOrCancel(LettuceFutures.java:117)
	at io.lettuce.core.FutureSyncInvocationHandler.handleInvocation(FutureSyncInvocationHandler.java:75)
	at io.lettuce.core.internal.AbstractInvocationHandler.invoke(AbstractInvocationHandler.java:79)
	at com.sun.proxy.$Proxy188.exists(Unknown Source)
	at org.springframework.data.redis.connection.lettuce.LettuceKeyCommands.exists(LettuceKeyCommands.java:75)
	... 84 more
Caused by: java.lang.InterruptedException
	at java.util.concurrent.CompletableFuture.reportGet(CompletableFuture.java:347)
	at java.util.concurrent.CompletableFuture.get(CompletableFuture.java:1928)
	at io.lettuce.core.protocol.AsyncCommand.await(AsyncCommand.java:81)
	... 89 more

2022-02-14 19:50:00.009 [task-52] ERROR org.springframework.aop.interceptor.SimpleAsyncUncaughtExceptionHandler -
                Unexpected exception occurred invoking async method: public void com.novedu.nov.statistics.task.MultiThreadScheduleTask.asyncCourseViewCount()
java.lang.RuntimeException: com.netflix.client.ClientException: Load balancer does not have available server for client: service-edu
	at org.springframework.cloud.openfeign.ribbon.LoadBalancerFeignClient.execute(LoadBalancerFeignClient.java:91)
	at feign.SynchronousMethodHandler.executeAndDecode(SynchronousMethodHandler.java:119)
	at feign.SynchronousMethodHandler.invoke(SynchronousMethodHandler.java:89)
	at feign.ReflectiveFeign$FeignInvocationHandler.invoke(ReflectiveFeign.java:100)
	at com.sun.proxy.$Proxy121.statisticsCoursePlayCount(Unknown Source)
	at com.novedu.nov.statistics.task.MultiThreadScheduleTask.asyncCourseViewCount(MultiThreadScheduleTask.java:33)
	at com.novedu.nov.statistics.task.MultiThreadScheduleTask$$FastClassBySpringCGLIB$$a711be28.invoke(<generated>)
	at org.springframework.cglib.proxy.MethodProxy.invoke(MethodProxy.java:218)
	at org.springframework.aop.framework.CglibAopProxy$CglibMethodInvocation.invokeJoinpoint(CglibAopProxy.java:779)
	at org.springframework.aop.framework.ReflectiveMethodInvocation.proceed(ReflectiveMethodInvocation.java:163)
	at org.springframework.aop.framework.CglibAopProxy$CglibMethodInvocation.proceed(CglibAopProxy.java:750)
	at org.springframework.aop.interceptor.AsyncExecutionInterceptor.lambda$invoke$0(AsyncExecutionInterceptor.java:115)
	at java.util.concurrent.FutureTask.run$$$capture(FutureTask.java:266)
	at java.util.concurrent.FutureTask.run(FutureTask.java)
	at java.util.concurrent.ThreadPoolExecutor.runWorker(ThreadPoolExecutor.java:1149)
	at java.util.concurrent.ThreadPoolExecutor$Worker.run(ThreadPoolExecutor.java:624)
	at java.lang.Thread.run(Thread.java:748)
Caused by: com.netflix.client.ClientException: Load balancer does not have available server for client: service-edu
	at com.netflix.loadbalancer.LoadBalancerContext.getServerFromLoadBalancer(LoadBalancerContext.java:483)
	at com.netflix.loadbalancer.reactive.LoadBalancerCommand$1.call(LoadBalancerCommand.java:184)
	at com.netflix.loadbalancer.reactive.LoadBalancerCommand$1.call(LoadBalancerCommand.java:180)
	at rx.Observable.unsafeSubscribe(Observable.java:10327)
	at rx.internal.operators.OnSubscribeConcatMap.call(OnSubscribeConcatMap.java:94)
	at rx.internal.operators.OnSubscribeConcatMap.call(OnSubscribeConcatMap.java:42)
	at rx.internal.operators.OnSubscribeLift.call(OnSubscribeLift.java:48)
	at rx.internal.operators.OnSubscribeLift.call(OnSubscribeLift.java:30)
	at rx.internal.operators.OnSubscribeLift.call(OnSubscribeLift.java:48)
	at rx.internal.operators.OnSubscribeLift.call(OnSubscribeLift.java:30)
	at rx.Observable.subscribe(Observable.java:10423)
	at rx.Observable.subscribe(Observable.java:10390)
	at rx.observables.BlockingObservable.blockForSingle(BlockingObservable.java:443)
	at rx.observables.BlockingObservable.single(BlockingObservable.java:340)
	at com.netflix.client.AbstractLoadBalancerAwareClient.executeWithLoadBalancer(AbstractLoadBalancerAwareClient.java:112)
	at org.springframework.cloud.openfeign.ribbon.LoadBalancerFeignClient.execute(LoadBalancerFeignClient.java:84)
	... 16 common frames omitted
2022-02-14 21:23:10.017 [task-238] ERROR org.springframework.aop.interceptor.SimpleAsyncUncaughtExceptionHandler -
                Unexpected exception occurred invoking async method: public void com.novedu.nov.statistics.task.MultiThreadScheduleTask.asyncCourseViewCount()
feign.RetryableException: Read timed out executing GET http://service-edu/edu/course/statistics/course/playCount
	at feign.FeignException.errorExecuting(FeignException.java:249)
	at feign.SynchronousMethodHandler.executeAndDecode(SynchronousMethodHandler.java:129)
	at feign.SynchronousMethodHandler.invoke(SynchronousMethodHandler.java:89)
	at feign.ReflectiveFeign$FeignInvocationHandler.invoke(ReflectiveFeign.java:100)
	at com.sun.proxy.$Proxy121.statisticsCoursePlayCount(Unknown Source)
	at com.novedu.nov.statistics.task.MultiThreadScheduleTask.asyncCourseViewCount(MultiThreadScheduleTask.java:33)
	at com.novedu.nov.statistics.task.MultiThreadScheduleTask$$FastClassBySpringCGLIB$$a711be28.invoke(<generated>)
	at org.springframework.cglib.proxy.MethodProxy.invoke(MethodProxy.java:218)
	at org.springframework.aop.framework.CglibAopProxy$CglibMethodInvocation.invokeJoinpoint(CglibAopProxy.java:779)
	at org.springframework.aop.framework.ReflectiveMethodInvocation.proceed(ReflectiveMethodInvocation.java:163)
	at org.springframework.aop.framework.CglibAopProxy$CglibMethodInvocation.proceed(CglibAopProxy.java:750)
	at org.springframework.aop.interceptor.AsyncExecutionInterceptor.lambda$invoke$0(AsyncExecutionInterceptor.java:115)
	at java.util.concurrent.FutureTask.run$$$capture(FutureTask.java:266)
	at java.util.concurrent.FutureTask.run(FutureTask.java)
	at java.util.concurrent.ThreadPoolExecutor.runWorker(ThreadPoolExecutor.java:1149)
	at java.util.concurrent.ThreadPoolExecutor$Worker.run(ThreadPoolExecutor.java:624)
	at java.lang.Thread.run(Thread.java:748)
Caused by: java.net.SocketTimeoutException: Read timed out
	at java.net.SocketInputStream.socketRead0(Native Method)
	at java.net.SocketInputStream.socketRead(SocketInputStream.java:116)
	at java.net.SocketInputStream.read(SocketInputStream.java:171)
	at java.net.SocketInputStream.read(SocketInputStream.java:141)
	at java.io.BufferedInputStream.fill(BufferedInputStream.java:246)
	at java.io.BufferedInputStream.read1(BufferedInputStream.java:286)
	at java.io.BufferedInputStream.read(BufferedInputStream.java:345)
	at sun.net.www.http.HttpClient.parseHTTPHeader(HttpClient.java:735)
	at sun.net.www.http.HttpClient.parseHTTP(HttpClient.java:678)
	at sun.net.www.protocol.http.HttpURLConnection.getInputStream0(HttpURLConnection.java:1593)
	at sun.net.www.protocol.http.HttpURLConnection.getInputStream(HttpURLConnection.java:1498)
	at java.net.HttpURLConnection.getResponseCode(HttpURLConnection.java:480)
	at feign.Client$Default.convertResponse(Client.java:108)
	at feign.Client$Default.execute(Client.java:104)
	at org.springframework.cloud.openfeign.ribbon.FeignLoadBalancer.execute(FeignLoadBalancer.java:98)
	at org.springframework.cloud.openfeign.ribbon.FeignLoadBalancer.execute(FeignLoadBalancer.java:56)
	at com.netflix.client.AbstractLoadBalancerAwareClient$1.call(AbstractLoadBalancerAwareClient.java:104)
	at com.netflix.loadbalancer.reactive.LoadBalancerCommand$3$1.call(LoadBalancerCommand.java:303)
	at com.netflix.loadbalancer.reactive.LoadBalancerCommand$3$1.call(LoadBalancerCommand.java:287)
	at rx.internal.util.ScalarSynchronousObservable$3.call(ScalarSynchronousObservable.java:231)
	at rx.internal.util.ScalarSynchronousObservable$3.call(ScalarSynchronousObservable.java:228)
	at rx.Observable.unsafeSubscribe(Observable.java:10327)
	at rx.internal.operators.OnSubscribeConcatMap$ConcatMapSubscriber.drain(OnSubscribeConcatMap.java:286)
	at rx.internal.operators.OnSubscribeConcatMap$ConcatMapSubscriber.onNext(OnSubscribeConcatMap.java:144)
	at com.netflix.loadbalancer.reactive.LoadBalancerCommand$1.call(LoadBalancerCommand.java:185)
	at com.netflix.loadbalancer.reactive.LoadBalancerCommand$1.call(LoadBalancerCommand.java:180)
	at rx.Observable.unsafeSubscribe(Observable.java:10327)
	at rx.internal.operators.OnSubscribeConcatMap.call(OnSubscribeConcatMap.java:94)
	at rx.internal.operators.OnSubscribeConcatMap.call(OnSubscribeConcatMap.java:42)
	at rx.internal.operators.OnSubscribeLift.call(OnSubscribeLift.java:48)
	at rx.internal.operators.OnSubscribeLift.call(OnSubscribeLift.java:30)
	at rx.internal.operators.OnSubscribeLift.call(OnSubscribeLift.java:48)
	at rx.internal.operators.OnSubscribeLift.call(OnSubscribeLift.java:30)
	at rx.Observable.subscribe(Observable.java:10423)
	at rx.Observable.subscribe(Observable.java:10390)
	at rx.observables.BlockingObservable.blockForSingle(BlockingObservable.java:443)
	at rx.observables.BlockingObservable.single(BlockingObservable.java:340)
	at com.netflix.client.AbstractLoadBalancerAwareClient.executeWithLoadBalancer(AbstractLoadBalancerAwareClient.java:112)
	at org.springframework.cloud.openfeign.ribbon.LoadBalancerFeignClient.execute(LoadBalancerFeignClient.java:84)
	at feign.SynchronousMethodHandler.executeAndDecode(SynchronousMethodHandler.java:119)
	... 15 common frames omitted
2022-02-14 21:23:19.231 [http-nio-8081-exec-3] ERROR com.alibaba.druid.pool.DruidPooledStatement -
                CommunicationsException, druid version 1.2.8, jdbcUrl : jdbc:mysql://106.13.225.159:3306/nov_edu?useUnicode=true&characterEncoding=utf-8, testWhileIdle true, idle millis 46304, minIdle 0, poolingCount 1, timeBetweenEvictionRunsMillis 60000, lastValidIdleMillis 46304, driver com.mysql.cj.jdbc.Driver, exceptionSorter com.alibaba.druid.pool.vendor.MySqlExceptionSorter
2022-02-14 21:23:19.243 [http-nio-8081-exec-3] ERROR com.alibaba.druid.pool.DruidDataSource -
                {conn-10008} discard
com.mysql.cj.jdbc.exceptions.CommunicationsException: Communications link failure

The last packet successfully received from the server was 46,300 milliseconds ago. The last packet sent successfully to the server was 46,333 milliseconds ago.
	at com.mysql.cj.jdbc.exceptions.SQLError.createCommunicationsException(SQLError.java:174)
	at com.mysql.cj.jdbc.exceptions.SQLExceptionsMapping.translateException(SQLExceptionsMapping.java:64)
	at com.mysql.cj.jdbc.ClientPreparedStatement.executeInternal(ClientPreparedStatement.java:953)
	at com.mysql.cj.jdbc.ClientPreparedStatement.execute(ClientPreparedStatement.java:371)
	at com.alibaba.druid.pool.DruidPooledPreparedStatement.execute(DruidPooledPreparedStatement.java:497)
	at org.apache.ibatis.executor.statement.PreparedStatementHandler.query(PreparedStatementHandler.java:64)
	at org.apache.ibatis.executor.statement.RoutingStatementHandler.query(RoutingStatementHandler.java:79)
	at sun.reflect.GeneratedMethodAccessor151.invoke(Unknown Source)
	at sun.reflect.DelegatingMethodAccessorImpl.invoke(DelegatingMethodAccessorImpl.java:43)
	at java.lang.reflect.Method.invoke(Method.java:498)
	at org.apache.ibatis.plugin.Plugin.invoke(Plugin.java:63)
	at com.sun.proxy.$Proxy161.query(Unknown Source)
	at com.baomidou.mybatisplus.core.executor.MybatisSimpleExecutor.doQuery(MybatisSimpleExecutor.java:69)
	at org.apache.ibatis.executor.BaseExecutor.queryFromDatabase(BaseExecutor.java:325)
	at org.apache.ibatis.executor.BaseExecutor.query(BaseExecutor.java:156)
	at com.baomidou.mybatisplus.core.executor.MybatisCachingExecutor.query(MybatisCachingExecutor.java:165)
	at com.baomidou.mybatisplus.extension.plugins.MybatisPlusInterceptor.intercept(MybatisPlusInterceptor.java:65)
	at org.apache.ibatis.plugin.Plugin.invoke(Plugin.java:61)
	at com.sun.proxy.$Proxy160.query(Unknown Source)
	at org.apache.ibatis.session.defaults.DefaultSqlSession.selectList(DefaultSqlSession.java:147)
	at org.apache.ibatis.session.defaults.DefaultSqlSession.selectList(DefaultSqlSession.java:140)
	at org.apache.ibatis.session.defaults.DefaultSqlSession.selectOne(DefaultSqlSession.java:76)
	at sun.reflect.GeneratedMethodAccessor381.invoke(Unknown Source)
	at sun.reflect.DelegatingMethodAccessorImpl.invoke(DelegatingMethodAccessorImpl.java:43)
	at java.lang.reflect.Method.invoke(Method.java:498)
	at org.mybatis.spring.SqlSessionTemplate$SqlSessionInterceptor.invoke(SqlSessionTemplate.java:426)
	at com.sun.proxy.$Proxy117.selectOne(Unknown Source)
	at org.mybatis.spring.SqlSessionTemplate.selectOne(SqlSessionTemplate.java:159)
	at com.baomidou.mybatisplus.core.override.MybatisMapperMethod.execute(MybatisMapperMethod.java:90)
	at com.baomidou.mybatisplus.core.override.MybatisMapperProxy$PlainMethodInvoker.invoke(MybatisMapperProxy.java:148)
	at com.baomidou.mybatisplus.core.override.MybatisMapperProxy.invoke(MybatisMapperProxy.java:89)
	at com.sun.proxy.$Proxy133.selectCount(Unknown Source)
	at sun.reflect.GeneratedMethodAccessor382.invoke(Unknown Source)
	at sun.reflect.DelegatingMethodAccessorImpl.invoke(DelegatingMethodAccessorImpl.java:43)
	at java.lang.reflect.Method.invoke(Method.java:498)
	at org.springframework.aop.support.AopUtils.invokeJoinpointUsingReflection(AopUtils.java:344)
	at org.springframework.aop.framework.ReflectiveMethodInvocation.invokeJoinpoint(ReflectiveMethodInvocation.java:198)
	at org.springframework.aop.framework.ReflectiveMethodInvocation.proceed(ReflectiveMethodInvocation.java:163)
	at org.springframework.dao.support.PersistenceExceptionTranslationInterceptor.invoke(PersistenceExceptionTranslationInterceptor.java:139)
	at org.springframework.aop.framework.ReflectiveMethodInvocation.proceed(ReflectiveMethodInvocation.java:186)
	at org.springframework.aop.framework.JdkDynamicAopProxy.invoke(JdkDynamicAopProxy.java:212)
	at com.sun.proxy.$Proxy134.selectCount(Unknown Source)
	at com.baomidou.mybatisplus.extension.service.IService.count(IService.java:270)
	at com.baomidou.mybatisplus.extension.service.IService.count(IService.java:261)
	at com.novedu.nov.edu.service.impl.EduCourseServiceImpl.statisticsCoursePlayCount(EduCourseServiceImpl.java:253)
	at com.novedu.nov.edu.service.impl.EduCourseServiceImpl$$FastClassBySpringCGLIB$$3b93ac8.invoke(<generated>)
	at org.springframework.cglib.proxy.MethodProxy.invoke(MethodProxy.java:218)
	at org.springframework.aop.framework.CglibAopProxy$DynamicAdvisedInterceptor.intercept(CglibAopProxy.java:688)
	at com.novedu.nov.edu.service.impl.EduCourseServiceImpl$$EnhancerBySpringCGLIB$$cfa2b3e6.statisticsCoursePlayCount(<generated>)
	at com.novedu.nov.edu.controller.EduCourseController.statisticsCoursePlayCount(EduCourseController.java:112)
	at com.novedu.nov.edu.controller.EduCourseController$$FastClassBySpringCGLIB$$5454e38c.invoke(<generated>)
	at org.springframework.cglib.proxy.MethodProxy.invoke(MethodProxy.java:218)
	at org.springframework.aop.framework.CglibAopProxy$CglibMethodInvocation.invokeJoinpoint(CglibAopProxy.java:779)
	at org.springframework.aop.framework.ReflectiveMethodInvocation.proceed(ReflectiveMethodInvocation.java:163)
	at org.springframework.aop.framework.CglibAopProxy$CglibMethodInvocation.proceed(CglibAopProxy.java:750)
	at org.springframework.aop.aspectj.MethodInvocationProceedingJoinPoint.proceed(MethodInvocationProceedingJoinPoint.java:88)
	at com.novedu.nov.common.aspect.NovLogHandler.around(NovLogHandler.java:56)
	at sun.reflect.GeneratedMethodAccessor238.invoke(Unknown Source)
	at sun.reflect.DelegatingMethodAccessorImpl.invoke(DelegatingMethodAccessorImpl.java:43)
	at java.lang.reflect.Method.invoke(Method.java:498)
	at org.springframework.aop.aspectj.AbstractAspectJAdvice.invokeAdviceMethodWithGivenArgs(AbstractAspectJAdvice.java:644)
	at org.springframework.aop.aspectj.AbstractAspectJAdvice.invokeAdviceMethod(AbstractAspectJAdvice.java:633)
	at org.springframework.aop.aspectj.AspectJAroundAdvice.invoke(AspectJAroundAdvice.java:70)
	at org.springframework.aop.framework.ReflectiveMethodInvocation.proceed(ReflectiveMethodInvocation.java:186)
	at org.springframework.aop.framework.CglibAopProxy$CglibMethodInvocation.proceed(CglibAopProxy.java:750)
	at org.springframework.aop.interceptor.ExposeInvocationInterceptor.invoke(ExposeInvocationInterceptor.java:95)
	at org.springframework.aop.framework.ReflectiveMethodInvocation.proceed(ReflectiveMethodInvocation.java:186)
	at org.springframework.aop.framework.CglibAopProxy$CglibMethodInvocation.proceed(CglibAopProxy.java:750)
	at org.springframework.aop.framework.CglibAopProxy$DynamicAdvisedInterceptor.intercept(CglibAopProxy.java:692)
	at com.novedu.nov.edu.controller.EduCourseController$$EnhancerBySpringCGLIB$$69bfbbbe.statisticsCoursePlayCount(<generated>)
	at sun.reflect.GeneratedMethodAccessor394.invoke(Unknown Source)
	at sun.reflect.DelegatingMethodAccessorImpl.invoke(DelegatingMethodAccessorImpl.java:43)
	at java.lang.reflect.Method.invoke(Method.java:498)
	at org.springframework.web.method.support.InvocableHandlerMethod.doInvoke(InvocableHandlerMethod.java:190)
	at org.springframework.web.method.support.InvocableHandlerMethod.invokeForRequest(InvocableHandlerMethod.java:138)
	at org.springframework.web.servlet.mvc.method.annotation.ServletInvocableHandlerMethod.invokeAndHandle(ServletInvocableHandlerMethod.java:105)
	at org.springframework.web.servlet.mvc.method.annotation.RequestMappingHandlerAdapter.invokeHandlerMethod(RequestMappingHandlerAdapter.java:878)
	at org.springframework.web.servlet.mvc.method.annotation.RequestMappingHandlerAdapter.handleInternal(RequestMappingHandlerAdapter.java:792)
	at org.springframework.web.servlet.mvc.method.AbstractHandlerMethodAdapter.handle(AbstractHandlerMethodAdapter.java:87)
	at org.springframework.web.servlet.DispatcherServlet.doDispatch(DispatcherServlet.java:1040)
	at org.springframework.web.servlet.DispatcherServlet.doService(DispatcherServlet.java:943)
	at org.springframework.web.servlet.FrameworkServlet.processRequest(FrameworkServlet.java:1006)
	at org.springframework.web.servlet.FrameworkServlet.doGet(FrameworkServlet.java:898)
	at javax.servlet.http.HttpServlet.service(HttpServlet.java:626)
	at org.springframework.web.servlet.FrameworkServlet.service(FrameworkServlet.java:883)
	at javax.servlet.http.HttpServlet.service(HttpServlet.java:733)
	at org.apache.catalina.core.ApplicationFilterChain.internalDoFilter(ApplicationFilterChain.java:227)
	at org.apache.catalina.core.ApplicationFilterChain.doFilter(ApplicationFilterChain.java:162)
	at org.apache.tomcat.websocket.server.WsFilter.doFilter(WsFilter.java:53)
	at org.apache.catalina.core.ApplicationFilterChain.internalDoFilter(ApplicationFilterChain.java:189)
	at org.apache.catalina.core.ApplicationFilterChain.doFilter(ApplicationFilterChain.java:162)
	at org.springframework.web.filter.CorsFilter.doFilterInternal(CorsFilter.java:92)
	at org.springframework.web.filter.OncePerRequestFilter.doFilter(OncePerRequestFilter.java:119)
	at org.apache.catalina.core.ApplicationFilterChain.internalDoFilter(ApplicationFilterChain.java:189)
	at org.apache.catalina.core.ApplicationFilterChain.doFilter(ApplicationFilterChain.java:162)
	at org.springframework.web.filter.RequestContextFilter.doFilterInternal(RequestContextFilter.java:100)
	at org.springframework.web.filter.OncePerRequestFilter.doFilter(OncePerRequestFilter.java:119)
	at org.apache.catalina.core.ApplicationFilterChain.internalDoFilter(ApplicationFilterChain.java:189)
	at org.apache.catalina.core.ApplicationFilterChain.doFilter(ApplicationFilterChain.java:162)
	at org.springframework.web.filter.FormContentFilter.doFilterInternal(FormContentFilter.java:93)
	at org.springframework.web.filter.OncePerRequestFilter.doFilter(OncePerRequestFilter.java:119)
	at org.apache.catalina.core.ApplicationFilterChain.internalDoFilter(ApplicationFilterChain.java:189)
	at org.apache.catalina.core.ApplicationFilterChain.doFilter(ApplicationFilterChain.java:162)
	at org.springframework.web.filter.CharacterEncodingFilter.doFilterInternal(CharacterEncodingFilter.java:201)
	at org.springframework.web.filter.OncePerRequestFilter.doFilter(OncePerRequestFilter.java:119)
	at org.apache.catalina.core.ApplicationFilterChain.internalDoFilter(ApplicationFilterChain.java:189)
	at org.apache.catalina.core.ApplicationFilterChain.doFilter(ApplicationFilterChain.java:162)
	at org.apache.catalina.core.StandardWrapperValve.invoke(StandardWrapperValve.java:202)
	at org.apache.catalina.core.StandardContextValve.invoke(StandardContextValve.java:97)
	at org.apache.catalina.authenticator.AuthenticatorBase.invoke(AuthenticatorBase.java:542)
	at org.apache.catalina.core.StandardHostValve.invoke(StandardHostValve.java:143)
	at org.apache.catalina.valves.ErrorReportValve.invoke(ErrorReportValve.java:92)
	at org.apache.catalina.core.StandardEngineValve.invoke(StandardEngineValve.java:78)
	at org.apache.catalina.connector.CoyoteAdapter.service(CoyoteAdapter.java:357)
	at org.apache.coyote.http11.Http11Processor.service(Http11Processor.java:374)
	at org.apache.coyote.AbstractProcessorLight.process(AbstractProcessorLight.java:65)
	at org.apache.coyote.AbstractProtocol$ConnectionHandler.process(AbstractProtocol.java:893)
	at org.apache.tomcat.util.net.NioEndpoint$SocketProcessor.doRun(NioEndpoint.java:1707)
	at org.apache.tomcat.util.net.SocketProcessorBase.run(SocketProcessorBase.java:49)
	at java.util.concurrent.ThreadPoolExecutor.runWorker(ThreadPoolExecutor.java:1149)
	at java.util.concurrent.ThreadPoolExecutor$Worker.run(ThreadPoolExecutor.java:624)
	at org.apache.tomcat.util.threads.TaskThread$WrappingRunnable.run(TaskThread.java:61)
	at java.lang.Thread.run(Thread.java:748)
Caused by: com.mysql.cj.exceptions.CJCommunicationsException: Communications link failure

The last packet successfully received from the server was 46,300 milliseconds ago. The last packet sent successfully to the server was 46,333 milliseconds ago.
	at sun.reflect.NativeConstructorAccessorImpl.newInstance0(Native Method)
	at sun.reflect.NativeConstructorAccessorImpl.newInstance(NativeConstructorAccessorImpl.java:62)
	at sun.reflect.DelegatingConstructorAccessorImpl.newInstance(DelegatingConstructorAccessorImpl.java:45)
	at java.lang.reflect.Constructor.newInstance(Constructor.java:423)
	at com.mysql.cj.exceptions.ExceptionFactory.createException(ExceptionFactory.java:61)
	at com.mysql.cj.exceptions.ExceptionFactory.createException(ExceptionFactory.java:105)
	at com.mysql.cj.exceptions.ExceptionFactory.createException(ExceptionFactory.java:151)
	at com.mysql.cj.exceptions.ExceptionFactory.createCommunicationsException(ExceptionFactory.java:167)
	at com.mysql.cj.protocol.a.NativeProtocol.readMessage(NativeProtocol.java:520)
	at com.mysql.cj.protocol.a.NativeProtocol.checkErrorMessage(NativeProtocol.java:700)
	at com.mysql.cj.protocol.a.NativeProtocol.sendCommand(NativeProtocol.java:639)
	at com.mysql.cj.protocol.a.NativeProtocol.sendQueryPacket(NativeProtocol.java:987)
	at com.mysql.cj.NativeSession.execSQL(NativeSession.java:666)
	at com.mysql.cj.jdbc.ClientPreparedStatement.executeInternal(ClientPreparedStatement.java:930)
	... 120 common frames omitted
Caused by: java.net.SocketTimeoutException: Read timed out
	at java.net.SocketInputStream.socketRead0(Native Method)
	at java.net.SocketInputStream.socketRead(SocketInputStream.java:116)
	at java.net.SocketInputStream.read(SocketInputStream.java:171)
	at java.net.SocketInputStream.read(SocketInputStream.java:141)
	at sun.security.ssl.SSLSocketInputRecord.read(SSLSocketInputRecord.java:475)
	at sun.security.ssl.SSLSocketInputRecord.readHeader(SSLSocketInputRecord.java:469)
	at sun.security.ssl.SSLSocketInputRecord.bytesInCompletePacket(SSLSocketInputRecord.java:69)
	at sun.security.ssl.SSLSocketImpl.readApplicationRecord(SSLSocketImpl.java:1239)
	at sun.security.ssl.SSLSocketImpl.access$300(SSLSocketImpl.java:75)
	at sun.security.ssl.SSLSocketImpl$AppInputStream.read(SSLSocketImpl.java:926)
	at java.io.FilterInputStream.read(FilterInputStream.java:133)
	at com.mysql.cj.protocol.FullReadInputStream.readFully(FullReadInputStream.java:64)
	at com.mysql.cj.protocol.a.SimplePacketReader.readHeaderLocal(SimplePacketReader.java:81)
	at com.mysql.cj.protocol.a.SimplePacketReader.readHeader(SimplePacketReader.java:63)
	at com.mysql.cj.protocol.a.SimplePacketReader.readHeader(SimplePacketReader.java:45)
	at com.mysql.cj.protocol.a.TimeTrackingPacketReader.readHeader(TimeTrackingPacketReader.java:52)
	at com.mysql.cj.protocol.a.TimeTrackingPacketReader.readHeader(TimeTrackingPacketReader.java:41)
	at com.mysql.cj.protocol.a.MultiPacketReader.readHeader(MultiPacketReader.java:54)
	at com.mysql.cj.protocol.a.MultiPacketReader.readHeader(MultiPacketReader.java:44)
	at com.mysql.cj.protocol.a.NativeProtocol.readMessage(NativeProtocol.java:514)
	... 125 common frames omitted
2022-02-14 21:23:19.285 [http-nio-8081-exec-3] ERROR com.novedu.nov.common.aspect.NovExceptionHandler -
                org.springframework.dao.RecoverableDataAccessException: 
### Error querying database.  Cause: com.mysql.cj.jdbc.exceptions.CommunicationsException: Communications link failure

The last packet successfully received from the server was 46,300 milliseconds ago. The last packet sent successfully to the server was 46,333 milliseconds ago.
### The error may exist in com/novedu/nov/edu/mapper/EduCourseMapper.java (best guess)
### The error may involve defaultParameterMap
### The error occurred while setting parameters
### SQL: SELECT COUNT( * ) FROM edu_course   WHERE  is_deleted=0
### Cause: com.mysql.cj.jdbc.exceptions.CommunicationsException: Communications link failure

The last packet successfully received from the server was 46,300 milliseconds ago. The last packet sent successfully to the server was 46,333 milliseconds ago.
; Communications link failure

The last packet successfully received from the server was 46,300 milliseconds ago. The last packet sent successfully to the server was 46,333 milliseconds ago.; nested exception is com.mysql.cj.jdbc.exceptions.CommunicationsException: Communications link failure

The last packet successfully received from the server was 46,300 milliseconds ago. The last packet sent successfully to the server was 46,333 milliseconds ago.
	at org.springframework.jdbc.support.SQLExceptionSubclassTranslator.doTranslate(SQLExceptionSubclassTranslator.java:100)
	at org.springframework.jdbc.support.AbstractFallbackSQLExceptionTranslator.translate(AbstractFallbackSQLExceptionTranslator.java:72)
	at org.springframework.jdbc.support.AbstractFallbackSQLExceptionTranslator.translate(AbstractFallbackSQLExceptionTranslator.java:81)
	at org.mybatis.spring.MyBatisExceptionTranslator.translateExceptionIfPossible(MyBatisExceptionTranslator.java:88)
	at org.mybatis.spring.SqlSessionTemplate$SqlSessionInterceptor.invoke(SqlSessionTemplate.java:440)
	at com.sun.proxy.$Proxy117.selectOne(Unknown Source)
	at org.mybatis.spring.SqlSessionTemplate.selectOne(SqlSessionTemplate.java:159)
	at com.baomidou.mybatisplus.core.override.MybatisMapperMethod.execute(MybatisMapperMethod.java:90)
	at com.baomidou.mybatisplus.core.override.MybatisMapperProxy$PlainMethodInvoker.invoke(MybatisMapperProxy.java:148)
	at com.baomidou.mybatisplus.core.override.MybatisMapperProxy.invoke(MybatisMapperProxy.java:89)
	at com.sun.proxy.$Proxy133.selectCount(Unknown Source)
	at sun.reflect.GeneratedMethodAccessor382.invoke(Unknown Source)
	at sun.reflect.DelegatingMethodAccessorImpl.invoke(DelegatingMethodAccessorImpl.java:43)
	at java.lang.reflect.Method.invoke(Method.java:498)
	at org.springframework.aop.support.AopUtils.invokeJoinpointUsingReflection(AopUtils.java:344)
	at org.springframework.aop.framework.ReflectiveMethodInvocation.invokeJoinpoint(ReflectiveMethodInvocation.java:198)
	at org.springframework.aop.framework.ReflectiveMethodInvocation.proceed(ReflectiveMethodInvocation.java:163)
	at org.springframework.dao.support.PersistenceExceptionTranslationInterceptor.invoke(PersistenceExceptionTranslationInterceptor.java:139)
	at org.springframework.aop.framework.ReflectiveMethodInvocation.proceed(ReflectiveMethodInvocation.java:186)
	at org.springframework.aop.framework.JdkDynamicAopProxy.invoke(JdkDynamicAopProxy.java:212)
	at com.sun.proxy.$Proxy134.selectCount(Unknown Source)
	at com.baomidou.mybatisplus.extension.service.IService.count(IService.java:270)
	at com.baomidou.mybatisplus.extension.service.IService.count(IService.java:261)
	at com.novedu.nov.edu.service.impl.EduCourseServiceImpl.statisticsCoursePlayCount(EduCourseServiceImpl.java:253)
	at com.novedu.nov.edu.service.impl.EduCourseServiceImpl$$FastClassBySpringCGLIB$$3b93ac8.invoke(<generated>)
	at org.springframework.cglib.proxy.MethodProxy.invoke(MethodProxy.java:218)
	at org.springframework.aop.framework.CglibAopProxy$DynamicAdvisedInterceptor.intercept(CglibAopProxy.java:688)
	at com.novedu.nov.edu.service.impl.EduCourseServiceImpl$$EnhancerBySpringCGLIB$$cfa2b3e6.statisticsCoursePlayCount(<generated>)
	at com.novedu.nov.edu.controller.EduCourseController.statisticsCoursePlayCount(EduCourseController.java:112)
	at com.novedu.nov.edu.controller.EduCourseController$$FastClassBySpringCGLIB$$5454e38c.invoke(<generated>)
	at org.springframework.cglib.proxy.MethodProxy.invoke(MethodProxy.java:218)
	at org.springframework.aop.framework.CglibAopProxy$CglibMethodInvocation.invokeJoinpoint(CglibAopProxy.java:779)
	at org.springframework.aop.framework.ReflectiveMethodInvocation.proceed(ReflectiveMethodInvocation.java:163)
	at org.springframework.aop.framework.CglibAopProxy$CglibMethodInvocation.proceed(CglibAopProxy.java:750)
	at org.springframework.aop.aspectj.MethodInvocationProceedingJoinPoint.proceed(MethodInvocationProceedingJoinPoint.java:88)
	at com.novedu.nov.common.aspect.NovLogHandler.around(NovLogHandler.java:56)
	at sun.reflect.GeneratedMethodAccessor238.invoke(Unknown Source)
	at sun.reflect.DelegatingMethodAccessorImpl.invoke(DelegatingMethodAccessorImpl.java:43)
	at java.lang.reflect.Method.invoke(Method.java:498)
	at org.springframework.aop.aspectj.AbstractAspectJAdvice.invokeAdviceMethodWithGivenArgs(AbstractAspectJAdvice.java:644)
	at org.springframework.aop.aspectj.AbstractAspectJAdvice.invokeAdviceMethod(AbstractAspectJAdvice.java:633)
	at org.springframework.aop.aspectj.AspectJAroundAdvice.invoke(AspectJAroundAdvice.java:70)
	at org.springframework.aop.framework.ReflectiveMethodInvocation.proceed(ReflectiveMethodInvocation.java:186)
	at org.springframework.aop.framework.CglibAopProxy$CglibMethodInvocation.proceed(CglibAopProxy.java:750)
	at org.springframework.aop.interceptor.ExposeInvocationInterceptor.invoke(ExposeInvocationInterceptor.java:95)
	at org.springframework.aop.framework.ReflectiveMethodInvocation.proceed(ReflectiveMethodInvocation.java:186)
	at org.springframework.aop.framework.CglibAopProxy$CglibMethodInvocation.proceed(CglibAopProxy.java:750)
	at org.springframework.aop.framework.CglibAopProxy$DynamicAdvisedInterceptor.intercept(CglibAopProxy.java:692)
	at com.novedu.nov.edu.controller.EduCourseController$$EnhancerBySpringCGLIB$$69bfbbbe.statisticsCoursePlayCount(<generated>)
	at sun.reflect.GeneratedMethodAccessor394.invoke(Unknown Source)
	at sun.reflect.DelegatingMethodAccessorImpl.invoke(DelegatingMethodAccessorImpl.java:43)
	at java.lang.reflect.Method.invoke(Method.java:498)
	at org.springframework.web.method.support.InvocableHandlerMethod.doInvoke(InvocableHandlerMethod.java:190)
	at org.springframework.web.method.support.InvocableHandlerMethod.invokeForRequest(InvocableHandlerMethod.java:138)
	at org.springframework.web.servlet.mvc.method.annotation.ServletInvocableHandlerMethod.invokeAndHandle(ServletInvocableHandlerMethod.java:105)
	at org.springframework.web.servlet.mvc.method.annotation.RequestMappingHandlerAdapter.invokeHandlerMethod(RequestMappingHandlerAdapter.java:878)
	at org.springframework.web.servlet.mvc.method.annotation.RequestMappingHandlerAdapter.handleInternal(RequestMappingHandlerAdapter.java:792)
	at org.springframework.web.servlet.mvc.method.AbstractHandlerMethodAdapter.handle(AbstractHandlerMethodAdapter.java:87)
	at org.springframework.web.servlet.DispatcherServlet.doDispatch(DispatcherServlet.java:1040)
	at org.springframework.web.servlet.DispatcherServlet.doService(DispatcherServlet.java:943)
	at org.springframework.web.servlet.FrameworkServlet.processRequest(FrameworkServlet.java:1006)
	at org.springframework.web.servlet.FrameworkServlet.doGet(FrameworkServlet.java:898)
	at javax.servlet.http.HttpServlet.service(HttpServlet.java:626)
	at org.springframework.web.servlet.FrameworkServlet.service(FrameworkServlet.java:883)
	at javax.servlet.http.HttpServlet.service(HttpServlet.java:733)
	at org.apache.catalina.core.ApplicationFilterChain.internalDoFilter(ApplicationFilterChain.java:227)
	at org.apache.catalina.core.ApplicationFilterChain.doFilter(ApplicationFilterChain.java:162)
	at org.apache.tomcat.websocket.server.WsFilter.doFilter(WsFilter.java:53)
	at org.apache.catalina.core.ApplicationFilterChain.internalDoFilter(ApplicationFilterChain.java:189)
	at org.apache.catalina.core.ApplicationFilterChain.doFilter(ApplicationFilterChain.java:162)
	at org.springframework.web.filter.CorsFilter.doFilterInternal(CorsFilter.java:92)
	at org.springframework.web.filter.OncePerRequestFilter.doFilter(OncePerRequestFilter.java:119)
	at org.apache.catalina.core.ApplicationFilterChain.internalDoFilter(ApplicationFilterChain.java:189)
	at org.apache.catalina.core.ApplicationFilterChain.doFilter(ApplicationFilterChain.java:162)
	at org.springframework.web.filter.RequestContextFilter.doFilterInternal(RequestContextFilter.java:100)
	at org.springframework.web.filter.OncePerRequestFilter.doFilter(OncePerRequestFilter.java:119)
	at org.apache.catalina.core.ApplicationFilterChain.internalDoFilter(ApplicationFilterChain.java:189)
	at org.apache.catalina.core.ApplicationFilterChain.doFilter(ApplicationFilterChain.java:162)
	at org.springframework.web.filter.FormContentFilter.doFilterInternal(FormContentFilter.java:93)
	at org.springframework.web.filter.OncePerRequestFilter.doFilter(OncePerRequestFilter.java:119)
	at org.apache.catalina.core.ApplicationFilterChain.internalDoFilter(ApplicationFilterChain.java:189)
	at org.apache.catalina.core.ApplicationFilterChain.doFilter(ApplicationFilterChain.java:162)
	at org.springframework.web.filter.CharacterEncodingFilter.doFilterInternal(CharacterEncodingFilter.java:201)
	at org.springframework.web.filter.OncePerRequestFilter.doFilter(OncePerRequestFilter.java:119)
	at org.apache.catalina.core.ApplicationFilterChain.internalDoFilter(ApplicationFilterChain.java:189)
	at org.apache.catalina.core.ApplicationFilterChain.doFilter(ApplicationFilterChain.java:162)
	at org.apache.catalina.core.StandardWrapperValve.invoke(StandardWrapperValve.java:202)
	at org.apache.catalina.core.StandardContextValve.invoke(StandardContextValve.java:97)
	at org.apache.catalina.authenticator.AuthenticatorBase.invoke(AuthenticatorBase.java:542)
	at org.apache.catalina.core.StandardHostValve.invoke(StandardHostValve.java:143)
	at org.apache.catalina.valves.ErrorReportValve.invoke(ErrorReportValve.java:92)
	at org.apache.catalina.core.StandardEngineValve.invoke(StandardEngineValve.java:78)
	at org.apache.catalina.connector.CoyoteAdapter.service(CoyoteAdapter.java:357)
	at org.apache.coyote.http11.Http11Processor.service(Http11Processor.java:374)
	at org.apache.coyote.AbstractProcessorLight.process(AbstractProcessorLight.java:65)
	at org.apache.coyote.AbstractProtocol$ConnectionHandler.process(AbstractProtocol.java:893)
	at org.apache.tomcat.util.net.NioEndpoint$SocketProcessor.doRun(NioEndpoint.java:1707)
	at org.apache.tomcat.util.net.SocketProcessorBase.run(SocketProcessorBase.java:49)
	at java.util.concurrent.ThreadPoolExecutor.runWorker(ThreadPoolExecutor.java:1149)
	at java.util.concurrent.ThreadPoolExecutor$Worker.run(ThreadPoolExecutor.java:624)
	at org.apache.tomcat.util.threads.TaskThread$WrappingRunnable.run(TaskThread.java:61)
	at java.lang.Thread.run(Thread.java:748)
Caused by: com.mysql.cj.jdbc.exceptions.CommunicationsException: Communications link failure

The last packet successfully received from the server was 46,300 milliseconds ago. The last packet sent successfully to the server was 46,333 milliseconds ago.
	at com.mysql.cj.jdbc.exceptions.SQLError.createCommunicationsException(SQLError.java:174)
	at com.mysql.cj.jdbc.exceptions.SQLExceptionsMapping.translateException(SQLExceptionsMapping.java:64)
	at com.mysql.cj.jdbc.ClientPreparedStatement.executeInternal(ClientPreparedStatement.java:953)
	at com.mysql.cj.jdbc.ClientPreparedStatement.execute(ClientPreparedStatement.java:371)
	at com.alibaba.druid.pool.DruidPooledPreparedStatement.execute(DruidPooledPreparedStatement.java:497)
	at org.apache.ibatis.executor.statement.PreparedStatementHandler.query(PreparedStatementHandler.java:64)
	at org.apache.ibatis.executor.statement.RoutingStatementHandler.query(RoutingStatementHandler.java:79)
	at sun.reflect.GeneratedMethodAccessor151.invoke(Unknown Source)
	at sun.reflect.DelegatingMethodAccessorImpl.invoke(DelegatingMethodAccessorImpl.java:43)
	at java.lang.reflect.Method.invoke(Method.java:498)
	at org.apache.ibatis.plugin.Plugin.invoke(Plugin.java:63)
	at com.sun.proxy.$Proxy161.query(Unknown Source)
	at com.baomidou.mybatisplus.core.executor.MybatisSimpleExecutor.doQuery(MybatisSimpleExecutor.java:69)
	at org.apache.ibatis.executor.BaseExecutor.queryFromDatabase(BaseExecutor.java:325)
	at org.apache.ibatis.executor.BaseExecutor.query(BaseExecutor.java:156)
	at com.baomidou.mybatisplus.core.executor.MybatisCachingExecutor.query(MybatisCachingExecutor.java:165)
	at com.baomidou.mybatisplus.extension.plugins.MybatisPlusInterceptor.intercept(MybatisPlusInterceptor.java:65)
	at org.apache.ibatis.plugin.Plugin.invoke(Plugin.java:61)
	at com.sun.proxy.$Proxy160.query(Unknown Source)
	at org.apache.ibatis.session.defaults.DefaultSqlSession.selectList(DefaultSqlSession.java:147)
	at org.apache.ibatis.session.defaults.DefaultSqlSession.selectList(DefaultSqlSession.java:140)
	at org.apache.ibatis.session.defaults.DefaultSqlSession.selectOne(DefaultSqlSession.java:76)
	at sun.reflect.GeneratedMethodAccessor381.invoke(Unknown Source)
	at sun.reflect.DelegatingMethodAccessorImpl.invoke(DelegatingMethodAccessorImpl.java:43)
	at java.lang.reflect.Method.invoke(Method.java:498)
	at org.mybatis.spring.SqlSessionTemplate$SqlSessionInterceptor.invoke(SqlSessionTemplate.java:426)
	... 97 more
Caused by: com.mysql.cj.exceptions.CJCommunicationsException: Communications link failure

The last packet successfully received from the server was 46,300 milliseconds ago. The last packet sent successfully to the server was 46,333 milliseconds ago.
	at sun.reflect.NativeConstructorAccessorImpl.newInstance0(Native Method)
	at sun.reflect.NativeConstructorAccessorImpl.newInstance(NativeConstructorAccessorImpl.java:62)
	at sun.reflect.DelegatingConstructorAccessorImpl.newInstance(DelegatingConstructorAccessorImpl.java:45)
	at java.lang.reflect.Constructor.newInstance(Constructor.java:423)
	at com.mysql.cj.exceptions.ExceptionFactory.createException(ExceptionFactory.java:61)
	at com.mysql.cj.exceptions.ExceptionFactory.createException(ExceptionFactory.java:105)
	at com.mysql.cj.exceptions.ExceptionFactory.createException(ExceptionFactory.java:151)
	at com.mysql.cj.exceptions.ExceptionFactory.createCommunicationsException(ExceptionFactory.java:167)
	at com.mysql.cj.protocol.a.NativeProtocol.readMessage(NativeProtocol.java:520)
	at com.mysql.cj.protocol.a.NativeProtocol.checkErrorMessage(NativeProtocol.java:700)
	at com.mysql.cj.protocol.a.NativeProtocol.sendCommand(NativeProtocol.java:639)
	at com.mysql.cj.protocol.a.NativeProtocol.sendQueryPacket(NativeProtocol.java:987)
	at com.mysql.cj.NativeSession.execSQL(NativeSession.java:666)
	at com.mysql.cj.jdbc.ClientPreparedStatement.executeInternal(ClientPreparedStatement.java:930)
	... 120 more
Caused by: java.net.SocketTimeoutException: Read timed out
	at java.net.SocketInputStream.socketRead0(Native Method)
	at java.net.SocketInputStream.socketRead(SocketInputStream.java:116)
	at java.net.SocketInputStream.read(SocketInputStream.java:171)
	at java.net.SocketInputStream.read(SocketInputStream.java:141)
	at sun.security.ssl.SSLSocketInputRecord.read(SSLSocketInputRecord.java:475)
	at sun.security.ssl.SSLSocketInputRecord.readHeader(SSLSocketInputRecord.java:469)
	at sun.security.ssl.SSLSocketInputRecord.bytesInCompletePacket(SSLSocketInputRecord.java:69)
	at sun.security.ssl.SSLSocketImpl.readApplicationRecord(SSLSocketImpl.java:1239)
	at sun.security.ssl.SSLSocketImpl.access$300(SSLSocketImpl.java:75)
	at sun.security.ssl.SSLSocketImpl$AppInputStream.read(SSLSocketImpl.java:926)
	at java.io.FilterInputStream.read(FilterInputStream.java:133)
	at com.mysql.cj.protocol.FullReadInputStream.readFully(FullReadInputStream.java:64)
	at com.mysql.cj.protocol.a.SimplePacketReader.readHeaderLocal(SimplePacketReader.java:81)
	at com.mysql.cj.protocol.a.SimplePacketReader.readHeader(SimplePacketReader.java:63)
	at com.mysql.cj.protocol.a.SimplePacketReader.readHeader(SimplePacketReader.java:45)
	at com.mysql.cj.protocol.a.TimeTrackingPacketReader.readHeader(TimeTrackingPacketReader.java:52)
	at com.mysql.cj.protocol.a.TimeTrackingPacketReader.readHeader(TimeTrackingPacketReader.java:41)
	at com.mysql.cj.protocol.a.MultiPacketReader.readHeader(MultiPacketReader.java:54)
	at com.mysql.cj.protocol.a.MultiPacketReader.readHeader(MultiPacketReader.java:44)
	at com.mysql.cj.protocol.a.NativeProtocol.readMessage(NativeProtocol.java:514)
	... 125 more

2022-02-14 21:43:40.011 [task-279] ERROR org.springframework.aop.interceptor.SimpleAsyncUncaughtExceptionHandler -
                Unexpected exception occurred invoking async method: public void com.novedu.nov.statistics.task.MultiThreadScheduleTask.asyncCourseViewCount()
feign.RetryableException: Read timed out executing GET http://service-edu/edu/course/statistics/course/playCount
	at feign.FeignException.errorExecuting(FeignException.java:249)
	at feign.SynchronousMethodHandler.executeAndDecode(SynchronousMethodHandler.java:129)
	at feign.SynchronousMethodHandler.invoke(SynchronousMethodHandler.java:89)
	at feign.ReflectiveFeign$FeignInvocationHandler.invoke(ReflectiveFeign.java:100)
	at com.sun.proxy.$Proxy121.statisticsCoursePlayCount(Unknown Source)
	at com.novedu.nov.statistics.task.MultiThreadScheduleTask.asyncCourseViewCount(MultiThreadScheduleTask.java:33)
	at com.novedu.nov.statistics.task.MultiThreadScheduleTask$$FastClassBySpringCGLIB$$a711be28.invoke(<generated>)
	at org.springframework.cglib.proxy.MethodProxy.invoke(MethodProxy.java:218)
	at org.springframework.aop.framework.CglibAopProxy$CglibMethodInvocation.invokeJoinpoint(CglibAopProxy.java:779)
	at org.springframework.aop.framework.ReflectiveMethodInvocation.proceed(ReflectiveMethodInvocation.java:163)
	at org.springframework.aop.framework.CglibAopProxy$CglibMethodInvocation.proceed(CglibAopProxy.java:750)
	at org.springframework.aop.interceptor.AsyncExecutionInterceptor.lambda$invoke$0(AsyncExecutionInterceptor.java:115)
	at java.util.concurrent.FutureTask.run$$$capture(FutureTask.java:266)
	at java.util.concurrent.FutureTask.run(FutureTask.java)
	at java.util.concurrent.ThreadPoolExecutor.runWorker(ThreadPoolExecutor.java:1149)
	at java.util.concurrent.ThreadPoolExecutor$Worker.run(ThreadPoolExecutor.java:624)
	at java.lang.Thread.run(Thread.java:748)
Caused by: java.net.SocketTimeoutException: Read timed out
	at java.net.SocketInputStream.socketRead0(Native Method)
	at java.net.SocketInputStream.socketRead(SocketInputStream.java:116)
	at java.net.SocketInputStream.read(SocketInputStream.java:171)
	at java.net.SocketInputStream.read(SocketInputStream.java:141)
	at java.io.BufferedInputStream.fill(BufferedInputStream.java:246)
	at java.io.BufferedInputStream.read1(BufferedInputStream.java:286)
	at java.io.BufferedInputStream.read(BufferedInputStream.java:345)
	at sun.net.www.http.HttpClient.parseHTTPHeader(HttpClient.java:735)
	at sun.net.www.http.HttpClient.parseHTTP(HttpClient.java:678)
	at sun.net.www.protocol.http.HttpURLConnection.getInputStream0(HttpURLConnection.java:1593)
	at sun.net.www.protocol.http.HttpURLConnection.getInputStream(HttpURLConnection.java:1498)
	at java.net.HttpURLConnection.getResponseCode(HttpURLConnection.java:480)
	at feign.Client$Default.convertResponse(Client.java:108)
	at feign.Client$Default.execute(Client.java:104)
	at org.springframework.cloud.openfeign.ribbon.FeignLoadBalancer.execute(FeignLoadBalancer.java:98)
	at org.springframework.cloud.openfeign.ribbon.FeignLoadBalancer.execute(FeignLoadBalancer.java:56)
	at com.netflix.client.AbstractLoadBalancerAwareClient$1.call(AbstractLoadBalancerAwareClient.java:104)
	at com.netflix.loadbalancer.reactive.LoadBalancerCommand$3$1.call(LoadBalancerCommand.java:303)
	at com.netflix.loadbalancer.reactive.LoadBalancerCommand$3$1.call(LoadBalancerCommand.java:287)
	at rx.internal.util.ScalarSynchronousObservable$3.call(ScalarSynchronousObservable.java:231)
	at rx.internal.util.ScalarSynchronousObservable$3.call(ScalarSynchronousObservable.java:228)
	at rx.Observable.unsafeSubscribe(Observable.java:10327)
	at rx.internal.operators.OnSubscribeConcatMap$ConcatMapSubscriber.drain(OnSubscribeConcatMap.java:286)
	at rx.internal.operators.OnSubscribeConcatMap$ConcatMapSubscriber.onNext(OnSubscribeConcatMap.java:144)
	at com.netflix.loadbalancer.reactive.LoadBalancerCommand$1.call(LoadBalancerCommand.java:185)
	at com.netflix.loadbalancer.reactive.LoadBalancerCommand$1.call(LoadBalancerCommand.java:180)
	at rx.Observable.unsafeSubscribe(Observable.java:10327)
	at rx.internal.operators.OnSubscribeConcatMap.call(OnSubscribeConcatMap.java:94)
	at rx.internal.operators.OnSubscribeConcatMap.call(OnSubscribeConcatMap.java:42)
	at rx.internal.operators.OnSubscribeLift.call(OnSubscribeLift.java:48)
	at rx.internal.operators.OnSubscribeLift.call(OnSubscribeLift.java:30)
	at rx.internal.operators.OnSubscribeLift.call(OnSubscribeLift.java:48)
	at rx.internal.operators.OnSubscribeLift.call(OnSubscribeLift.java:30)
	at rx.Observable.subscribe(Observable.java:10423)
	at rx.Observable.subscribe(Observable.java:10390)
	at rx.observables.BlockingObservable.blockForSingle(BlockingObservable.java:443)
	at rx.observables.BlockingObservable.single(BlockingObservable.java:340)
	at com.netflix.client.AbstractLoadBalancerAwareClient.executeWithLoadBalancer(AbstractLoadBalancerAwareClient.java:112)
	at org.springframework.cloud.openfeign.ribbon.LoadBalancerFeignClient.execute(LoadBalancerFeignClient.java:84)
	at feign.SynchronousMethodHandler.executeAndDecode(SynchronousMethodHandler.java:119)
	... 15 common frames omitted
2022-02-14 21:56:40.016 [task-305] ERROR org.springframework.aop.interceptor.SimpleAsyncUncaughtExceptionHandler -
                Unexpected exception occurred invoking async method: public void com.novedu.nov.statistics.task.MultiThreadScheduleTask.asyncCourseViewCount()
feign.RetryableException: Read timed out executing GET http://service-edu/edu/course/statistics/course/playCount
	at feign.FeignException.errorExecuting(FeignException.java:249)
	at feign.SynchronousMethodHandler.executeAndDecode(SynchronousMethodHandler.java:129)
	at feign.SynchronousMethodHandler.invoke(SynchronousMethodHandler.java:89)
	at feign.ReflectiveFeign$FeignInvocationHandler.invoke(ReflectiveFeign.java:100)
	at com.sun.proxy.$Proxy121.statisticsCoursePlayCount(Unknown Source)
	at com.novedu.nov.statistics.task.MultiThreadScheduleTask.asyncCourseViewCount(MultiThreadScheduleTask.java:33)
	at com.novedu.nov.statistics.task.MultiThreadScheduleTask$$FastClassBySpringCGLIB$$a711be28.invoke(<generated>)
	at org.springframework.cglib.proxy.MethodProxy.invoke(MethodProxy.java:218)
	at org.springframework.aop.framework.CglibAopProxy$CglibMethodInvocation.invokeJoinpoint(CglibAopProxy.java:779)
	at org.springframework.aop.framework.ReflectiveMethodInvocation.proceed(ReflectiveMethodInvocation.java:163)
	at org.springframework.aop.framework.CglibAopProxy$CglibMethodInvocation.proceed(CglibAopProxy.java:750)
	at org.springframework.aop.interceptor.AsyncExecutionInterceptor.lambda$invoke$0(AsyncExecutionInterceptor.java:115)
	at java.util.concurrent.FutureTask.run$$$capture(FutureTask.java:266)
	at java.util.concurrent.FutureTask.run(FutureTask.java)
	at java.util.concurrent.ThreadPoolExecutor.runWorker(ThreadPoolExecutor.java:1149)
	at java.util.concurrent.ThreadPoolExecutor$Worker.run(ThreadPoolExecutor.java:624)
	at java.lang.Thread.run(Thread.java:748)
Caused by: java.net.SocketTimeoutException: Read timed out
	at java.net.SocketInputStream.socketRead0(Native Method)
	at java.net.SocketInputStream.socketRead(SocketInputStream.java:116)
	at java.net.SocketInputStream.read(SocketInputStream.java:171)
	at java.net.SocketInputStream.read(SocketInputStream.java:141)
	at java.io.BufferedInputStream.fill(BufferedInputStream.java:246)
	at java.io.BufferedInputStream.read1(BufferedInputStream.java:286)
	at java.io.BufferedInputStream.read(BufferedInputStream.java:345)
	at sun.net.www.http.HttpClient.parseHTTPHeader(HttpClient.java:735)
	at sun.net.www.http.HttpClient.parseHTTP(HttpClient.java:678)
	at sun.net.www.protocol.http.HttpURLConnection.getInputStream0(HttpURLConnection.java:1593)
	at sun.net.www.protocol.http.HttpURLConnection.getInputStream(HttpURLConnection.java:1498)
	at java.net.HttpURLConnection.getResponseCode(HttpURLConnection.java:480)
	at feign.Client$Default.convertResponse(Client.java:108)
	at feign.Client$Default.execute(Client.java:104)
	at org.springframework.cloud.openfeign.ribbon.FeignLoadBalancer.execute(FeignLoadBalancer.java:98)
	at org.springframework.cloud.openfeign.ribbon.FeignLoadBalancer.execute(FeignLoadBalancer.java:56)
	at com.netflix.client.AbstractLoadBalancerAwareClient$1.call(AbstractLoadBalancerAwareClient.java:104)
	at com.netflix.loadbalancer.reactive.LoadBalancerCommand$3$1.call(LoadBalancerCommand.java:303)
	at com.netflix.loadbalancer.reactive.LoadBalancerCommand$3$1.call(LoadBalancerCommand.java:287)
	at rx.internal.util.ScalarSynchronousObservable$3.call(ScalarSynchronousObservable.java:231)
	at rx.internal.util.ScalarSynchronousObservable$3.call(ScalarSynchronousObservable.java:228)
	at rx.Observable.unsafeSubscribe(Observable.java:10327)
	at rx.internal.operators.OnSubscribeConcatMap$ConcatMapSubscriber.drain(OnSubscribeConcatMap.java:286)
	at rx.internal.operators.OnSubscribeConcatMap$ConcatMapSubscriber.onNext(OnSubscribeConcatMap.java:144)
	at com.netflix.loadbalancer.reactive.LoadBalancerCommand$1.call(LoadBalancerCommand.java:185)
	at com.netflix.loadbalancer.reactive.LoadBalancerCommand$1.call(LoadBalancerCommand.java:180)
	at rx.Observable.unsafeSubscribe(Observable.java:10327)
	at rx.internal.operators.OnSubscribeConcatMap.call(OnSubscribeConcatMap.java:94)
	at rx.internal.operators.OnSubscribeConcatMap.call(OnSubscribeConcatMap.java:42)
	at rx.internal.operators.OnSubscribeLift.call(OnSubscribeLift.java:48)
	at rx.internal.operators.OnSubscribeLift.call(OnSubscribeLift.java:30)
	at rx.internal.operators.OnSubscribeLift.call(OnSubscribeLift.java:48)
	at rx.internal.operators.OnSubscribeLift.call(OnSubscribeLift.java:30)
	at rx.Observable.subscribe(Observable.java:10423)
	at rx.Observable.subscribe(Observable.java:10390)
	at rx.observables.BlockingObservable.blockForSingle(BlockingObservable.java:443)
	at rx.observables.BlockingObservable.single(BlockingObservable.java:340)
	at com.netflix.client.AbstractLoadBalancerAwareClient.executeWithLoadBalancer(AbstractLoadBalancerAwareClient.java:112)
	at org.springframework.cloud.openfeign.ribbon.LoadBalancerFeignClient.execute(LoadBalancerFeignClient.java:84)
	at feign.SynchronousMethodHandler.executeAndDecode(SynchronousMethodHandler.java:119)
	... 15 common frames omitted
2022-02-14 21:56:49.222 [http-nio-8081-exec-6] ERROR com.alibaba.druid.pool.DruidPooledStatement -
                CommunicationsException, druid version 1.2.8, jdbcUrl : jdbc:mysql://106.13.225.159:3306/nov_edu?useUnicode=true&characterEncoding=utf-8, testWhileIdle true, idle millis 45733, minIdle 0, poolingCount 1, timeBetweenEvictionRunsMillis 60000, lastValidIdleMillis 45733, driver com.mysql.cj.jdbc.Driver, exceptionSorter com.alibaba.druid.pool.vendor.MySqlExceptionSorter
2022-02-14 21:56:49.233 [http-nio-8081-exec-6] ERROR com.alibaba.druid.pool.DruidDataSource -
                {conn-10007} discard
com.mysql.cj.jdbc.exceptions.CommunicationsException: Communications link failure

The last packet successfully received from the server was 45,664 milliseconds ago. The last packet sent successfully to the server was 45,697 milliseconds ago.
	at com.mysql.cj.jdbc.exceptions.SQLError.createCommunicationsException(SQLError.java:174)
	at com.mysql.cj.jdbc.exceptions.SQLExceptionsMapping.translateException(SQLExceptionsMapping.java:64)
	at com.mysql.cj.jdbc.ClientPreparedStatement.executeInternal(ClientPreparedStatement.java:953)
	at com.mysql.cj.jdbc.ClientPreparedStatement.execute(ClientPreparedStatement.java:371)
	at com.alibaba.druid.pool.DruidPooledPreparedStatement.execute(DruidPooledPreparedStatement.java:497)
	at org.apache.ibatis.executor.statement.PreparedStatementHandler.query(PreparedStatementHandler.java:64)
	at org.apache.ibatis.executor.statement.RoutingStatementHandler.query(RoutingStatementHandler.java:79)
	at sun.reflect.GeneratedMethodAccessor150.invoke(Unknown Source)
	at sun.reflect.DelegatingMethodAccessorImpl.invoke(DelegatingMethodAccessorImpl.java:43)
	at java.lang.reflect.Method.invoke(Method.java:498)
	at org.apache.ibatis.plugin.Plugin.invoke(Plugin.java:63)
	at com.sun.proxy.$Proxy161.query(Unknown Source)
	at com.baomidou.mybatisplus.core.executor.MybatisSimpleExecutor.doQuery(MybatisSimpleExecutor.java:69)
	at org.apache.ibatis.executor.BaseExecutor.queryFromDatabase(BaseExecutor.java:325)
	at org.apache.ibatis.executor.BaseExecutor.query(BaseExecutor.java:156)
	at com.baomidou.mybatisplus.core.executor.MybatisCachingExecutor.query(MybatisCachingExecutor.java:165)
	at com.baomidou.mybatisplus.extension.plugins.MybatisPlusInterceptor.intercept(MybatisPlusInterceptor.java:65)
	at org.apache.ibatis.plugin.Plugin.invoke(Plugin.java:61)
	at com.sun.proxy.$Proxy160.query(Unknown Source)
	at org.apache.ibatis.session.defaults.DefaultSqlSession.selectList(DefaultSqlSession.java:147)
	at org.apache.ibatis.session.defaults.DefaultSqlSession.selectList(DefaultSqlSession.java:140)
	at org.apache.ibatis.session.defaults.DefaultSqlSession.selectOne(DefaultSqlSession.java:76)
	at sun.reflect.GeneratedMethodAccessor244.invoke(Unknown Source)
	at sun.reflect.DelegatingMethodAccessorImpl.invoke(DelegatingMethodAccessorImpl.java:43)
	at java.lang.reflect.Method.invoke(Method.java:498)
	at org.mybatis.spring.SqlSessionTemplate$SqlSessionInterceptor.invoke(SqlSessionTemplate.java:426)
	at com.sun.proxy.$Proxy117.selectOne(Unknown Source)
	at org.mybatis.spring.SqlSessionTemplate.selectOne(SqlSessionTemplate.java:159)
	at com.baomidou.mybatisplus.core.override.MybatisMapperMethod.execute(MybatisMapperMethod.java:90)
	at com.baomidou.mybatisplus.core.override.MybatisMapperProxy$PlainMethodInvoker.invoke(MybatisMapperProxy.java:148)
	at com.baomidou.mybatisplus.core.override.MybatisMapperProxy.invoke(MybatisMapperProxy.java:89)
	at com.sun.proxy.$Proxy133.selectCount(Unknown Source)
	at sun.reflect.GeneratedMethodAccessor243.invoke(Unknown Source)
	at sun.reflect.DelegatingMethodAccessorImpl.invoke(DelegatingMethodAccessorImpl.java:43)
	at java.lang.reflect.Method.invoke(Method.java:498)
	at org.springframework.aop.support.AopUtils.invokeJoinpointUsingReflection(AopUtils.java:344)
	at org.springframework.aop.framework.ReflectiveMethodInvocation.invokeJoinpoint(ReflectiveMethodInvocation.java:198)
	at org.springframework.aop.framework.ReflectiveMethodInvocation.proceed(ReflectiveMethodInvocation.java:163)
	at org.springframework.dao.support.PersistenceExceptionTranslationInterceptor.invoke(PersistenceExceptionTranslationInterceptor.java:139)
	at org.springframework.aop.framework.ReflectiveMethodInvocation.proceed(ReflectiveMethodInvocation.java:186)
	at org.springframework.aop.framework.JdkDynamicAopProxy.invoke(JdkDynamicAopProxy.java:212)
	at com.sun.proxy.$Proxy134.selectCount(Unknown Source)
	at com.baomidou.mybatisplus.extension.service.IService.count(IService.java:270)
	at com.baomidou.mybatisplus.extension.service.IService.count(IService.java:261)
	at com.novedu.nov.edu.service.impl.EduCourseServiceImpl.statisticsCoursePlayCount(EduCourseServiceImpl.java:253)
	at com.novedu.nov.edu.service.impl.EduCourseServiceImpl$$FastClassBySpringCGLIB$$3b93ac8.invoke(<generated>)
	at org.springframework.cglib.proxy.MethodProxy.invoke(MethodProxy.java:218)
	at org.springframework.aop.framework.CglibAopProxy$DynamicAdvisedInterceptor.intercept(CglibAopProxy.java:688)
	at com.novedu.nov.edu.service.impl.EduCourseServiceImpl$$EnhancerBySpringCGLIB$$cfa2b3e6.statisticsCoursePlayCount(<generated>)
	at com.novedu.nov.edu.controller.EduCourseController.statisticsCoursePlayCount(EduCourseController.java:117)
	at com.novedu.nov.edu.controller.EduCourseController$$FastClassBySpringCGLIB$$5454e38c.invoke(<generated>)
	at org.springframework.cglib.proxy.MethodProxy.invoke(MethodProxy.java:218)
	at org.springframework.aop.framework.CglibAopProxy$CglibMethodInvocation.invokeJoinpoint(CglibAopProxy.java:779)
	at org.springframework.aop.framework.ReflectiveMethodInvocation.proceed(ReflectiveMethodInvocation.java:163)
	at org.springframework.aop.framework.CglibAopProxy$CglibMethodInvocation.proceed(CglibAopProxy.java:750)
	at org.springframework.aop.aspectj.MethodInvocationProceedingJoinPoint.proceed(MethodInvocationProceedingJoinPoint.java:88)
	at com.novedu.nov.common.aspect.NovLogHandler.around(NovLogHandler.java:56)
	at sun.reflect.GeneratedMethodAccessor228.invoke(Unknown Source)
	at sun.reflect.DelegatingMethodAccessorImpl.invoke(DelegatingMethodAccessorImpl.java:43)
	at java.lang.reflect.Method.invoke(Method.java:498)
	at org.springframework.aop.aspectj.AbstractAspectJAdvice.invokeAdviceMethodWithGivenArgs(AbstractAspectJAdvice.java:644)
	at org.springframework.aop.aspectj.AbstractAspectJAdvice.invokeAdviceMethod(AbstractAspectJAdvice.java:633)
	at org.springframework.aop.aspectj.AspectJAroundAdvice.invoke(AspectJAroundAdvice.java:70)
	at org.springframework.aop.framework.ReflectiveMethodInvocation.proceed(ReflectiveMethodInvocation.java:186)
	at org.springframework.aop.framework.CglibAopProxy$CglibMethodInvocation.proceed(CglibAopProxy.java:750)
	at org.springframework.aop.interceptor.ExposeInvocationInterceptor.invoke(ExposeInvocationInterceptor.java:95)
	at org.springframework.aop.framework.ReflectiveMethodInvocation.proceed(ReflectiveMethodInvocation.java:186)
	at org.springframework.aop.framework.CglibAopProxy$CglibMethodInvocation.proceed(CglibAopProxy.java:750)
	at org.springframework.aop.framework.CglibAopProxy$DynamicAdvisedInterceptor.intercept(CglibAopProxy.java:692)
	at com.novedu.nov.edu.controller.EduCourseController$$EnhancerBySpringCGLIB$$63926f80.statisticsCoursePlayCount(<generated>)
	at sun.reflect.NativeMethodAccessorImpl.invoke0(Native Method)
	at sun.reflect.NativeMethodAccessorImpl.invoke(NativeMethodAccessorImpl.java:62)
	at sun.reflect.DelegatingMethodAccessorImpl.invoke(DelegatingMethodAccessorImpl.java:43)
	at java.lang.reflect.Method.invoke(Method.java:498)
	at org.springframework.web.method.support.InvocableHandlerMethod.doInvoke(InvocableHandlerMethod.java:190)
	at org.springframework.web.method.support.InvocableHandlerMethod.invokeForRequest(InvocableHandlerMethod.java:138)
	at org.springframework.web.servlet.mvc.method.annotation.ServletInvocableHandlerMethod.invokeAndHandle(ServletInvocableHandlerMethod.java:105)
	at org.springframework.web.servlet.mvc.method.annotation.RequestMappingHandlerAdapter.invokeHandlerMethod(RequestMappingHandlerAdapter.java:878)
	at org.springframework.web.servlet.mvc.method.annotation.RequestMappingHandlerAdapter.handleInternal(RequestMappingHandlerAdapter.java:792)
	at org.springframework.web.servlet.mvc.method.AbstractHandlerMethodAdapter.handle(AbstractHandlerMethodAdapter.java:87)
	at org.springframework.web.servlet.DispatcherServlet.doDispatch(DispatcherServlet.java:1040)
	at org.springframework.web.servlet.DispatcherServlet.doService(DispatcherServlet.java:943)
	at org.springframework.web.servlet.FrameworkServlet.processRequest(FrameworkServlet.java:1006)
	at org.springframework.web.servlet.FrameworkServlet.doGet(FrameworkServlet.java:898)
	at javax.servlet.http.HttpServlet.service(HttpServlet.java:626)
	at org.springframework.web.servlet.FrameworkServlet.service(FrameworkServlet.java:883)
	at javax.servlet.http.HttpServlet.service(HttpServlet.java:733)
	at org.apache.catalina.core.ApplicationFilterChain.internalDoFilter(ApplicationFilterChain.java:227)
	at org.apache.catalina.core.ApplicationFilterChain.doFilter(ApplicationFilterChain.java:162)
	at org.apache.tomcat.websocket.server.WsFilter.doFilter(WsFilter.java:53)
	at org.apache.catalina.core.ApplicationFilterChain.internalDoFilter(ApplicationFilterChain.java:189)
	at org.apache.catalina.core.ApplicationFilterChain.doFilter(ApplicationFilterChain.java:162)
	at org.springframework.web.filter.CorsFilter.doFilterInternal(CorsFilter.java:92)
	at org.springframework.web.filter.OncePerRequestFilter.doFilter(OncePerRequestFilter.java:119)
	at org.apache.catalina.core.ApplicationFilterChain.internalDoFilter(ApplicationFilterChain.java:189)
	at org.apache.catalina.core.ApplicationFilterChain.doFilter(ApplicationFilterChain.java:162)
	at org.springframework.web.filter.RequestContextFilter.doFilterInternal(RequestContextFilter.java:100)
	at org.springframework.web.filter.OncePerRequestFilter.doFilter(OncePerRequestFilter.java:119)
	at org.apache.catalina.core.ApplicationFilterChain.internalDoFilter(ApplicationFilterChain.java:189)
	at org.apache.catalina.core.ApplicationFilterChain.doFilter(ApplicationFilterChain.java:162)
	at org.springframework.web.filter.FormContentFilter.doFilterInternal(FormContentFilter.java:93)
	at org.springframework.web.filter.OncePerRequestFilter.doFilter(OncePerRequestFilter.java:119)
	at org.apache.catalina.core.ApplicationFilterChain.internalDoFilter(ApplicationFilterChain.java:189)
	at org.apache.catalina.core.ApplicationFilterChain.doFilter(ApplicationFilterChain.java:162)
	at org.springframework.web.filter.CharacterEncodingFilter.doFilterInternal(CharacterEncodingFilter.java:201)
	at org.springframework.web.filter.OncePerRequestFilter.doFilter(OncePerRequestFilter.java:119)
	at org.apache.catalina.core.ApplicationFilterChain.internalDoFilter(ApplicationFilterChain.java:189)
	at org.apache.catalina.core.ApplicationFilterChain.doFilter(ApplicationFilterChain.java:162)
	at org.apache.catalina.core.StandardWrapperValve.invoke(StandardWrapperValve.java:202)
	at org.apache.catalina.core.StandardContextValve.invoke(StandardContextValve.java:97)
	at org.apache.catalina.authenticator.AuthenticatorBase.invoke(AuthenticatorBase.java:542)
	at org.apache.catalina.core.StandardHostValve.invoke(StandardHostValve.java:143)
	at org.apache.catalina.valves.ErrorReportValve.invoke(ErrorReportValve.java:92)
	at org.apache.catalina.core.StandardEngineValve.invoke(StandardEngineValve.java:78)
	at org.apache.catalina.connector.CoyoteAdapter.service(CoyoteAdapter.java:357)
	at org.apache.coyote.http11.Http11Processor.service(Http11Processor.java:374)
	at org.apache.coyote.AbstractProcessorLight.process(AbstractProcessorLight.java:65)
	at org.apache.coyote.AbstractProtocol$ConnectionHandler.process(AbstractProtocol.java:893)
	at org.apache.tomcat.util.net.NioEndpoint$SocketProcessor.doRun(NioEndpoint.java:1707)
	at org.apache.tomcat.util.net.SocketProcessorBase.run(SocketProcessorBase.java:49)
	at java.util.concurrent.ThreadPoolExecutor.runWorker(ThreadPoolExecutor.java:1149)
	at java.util.concurrent.ThreadPoolExecutor$Worker.run(ThreadPoolExecutor.java:624)
	at org.apache.tomcat.util.threads.TaskThread$WrappingRunnable.run(TaskThread.java:61)
	at java.lang.Thread.run(Thread.java:748)
Caused by: com.mysql.cj.exceptions.CJCommunicationsException: Communications link failure

The last packet successfully received from the server was 45,664 milliseconds ago. The last packet sent successfully to the server was 45,697 milliseconds ago.
	at sun.reflect.NativeConstructorAccessorImpl.newInstance0(Native Method)
	at sun.reflect.NativeConstructorAccessorImpl.newInstance(NativeConstructorAccessorImpl.java:62)
	at sun.reflect.DelegatingConstructorAccessorImpl.newInstance(DelegatingConstructorAccessorImpl.java:45)
	at java.lang.reflect.Constructor.newInstance(Constructor.java:423)
	at com.mysql.cj.exceptions.ExceptionFactory.createException(ExceptionFactory.java:61)
	at com.mysql.cj.exceptions.ExceptionFactory.createException(ExceptionFactory.java:105)
	at com.mysql.cj.exceptions.ExceptionFactory.createException(ExceptionFactory.java:151)
	at com.mysql.cj.exceptions.ExceptionFactory.createCommunicationsException(ExceptionFactory.java:167)
	at com.mysql.cj.protocol.a.NativeProtocol.readMessage(NativeProtocol.java:520)
	at com.mysql.cj.protocol.a.NativeProtocol.checkErrorMessage(NativeProtocol.java:700)
	at com.mysql.cj.protocol.a.NativeProtocol.sendCommand(NativeProtocol.java:639)
	at com.mysql.cj.protocol.a.NativeProtocol.sendQueryPacket(NativeProtocol.java:987)
	at com.mysql.cj.NativeSession.execSQL(NativeSession.java:666)
	at com.mysql.cj.jdbc.ClientPreparedStatement.executeInternal(ClientPreparedStatement.java:930)
	... 121 common frames omitted
Caused by: java.net.SocketTimeoutException: Read timed out
	at java.net.SocketInputStream.socketRead0(Native Method)
	at java.net.SocketInputStream.socketRead(SocketInputStream.java:116)
	at java.net.SocketInputStream.read(SocketInputStream.java:171)
	at java.net.SocketInputStream.read(SocketInputStream.java:141)
	at sun.security.ssl.SSLSocketInputRecord.read(SSLSocketInputRecord.java:475)
	at sun.security.ssl.SSLSocketInputRecord.readHeader(SSLSocketInputRecord.java:469)
	at sun.security.ssl.SSLSocketInputRecord.bytesInCompletePacket(SSLSocketInputRecord.java:69)
	at sun.security.ssl.SSLSocketImpl.readApplicationRecord(SSLSocketImpl.java:1239)
	at sun.security.ssl.SSLSocketImpl.access$300(SSLSocketImpl.java:75)
	at sun.security.ssl.SSLSocketImpl$AppInputStream.read(SSLSocketImpl.java:926)
	at java.io.FilterInputStream.read(FilterInputStream.java:133)
	at com.mysql.cj.protocol.FullReadInputStream.readFully(FullReadInputStream.java:64)
	at com.mysql.cj.protocol.a.SimplePacketReader.readHeaderLocal(SimplePacketReader.java:81)
	at com.mysql.cj.protocol.a.SimplePacketReader.readHeader(SimplePacketReader.java:63)
	at com.mysql.cj.protocol.a.SimplePacketReader.readHeader(SimplePacketReader.java:45)
	at com.mysql.cj.protocol.a.TimeTrackingPacketReader.readHeader(TimeTrackingPacketReader.java:52)
	at com.mysql.cj.protocol.a.TimeTrackingPacketReader.readHeader(TimeTrackingPacketReader.java:41)
	at com.mysql.cj.protocol.a.MultiPacketReader.readHeader(MultiPacketReader.java:54)
	at com.mysql.cj.protocol.a.MultiPacketReader.readHeader(MultiPacketReader.java:44)
	at com.mysql.cj.protocol.a.NativeProtocol.readMessage(NativeProtocol.java:514)
	... 126 common frames omitted
2022-02-14 21:56:49.301 [http-nio-8081-exec-6] ERROR com.novedu.nov.common.aspect.NovExceptionHandler -
                org.springframework.dao.RecoverableDataAccessException: 
### Error querying database.  Cause: com.mysql.cj.jdbc.exceptions.CommunicationsException: Communications link failure

The last packet successfully received from the server was 45,664 milliseconds ago. The last packet sent successfully to the server was 45,697 milliseconds ago.
### The error may exist in com/novedu/nov/edu/mapper/EduCourseMapper.java (best guess)
### The error may involve defaultParameterMap
### The error occurred while setting parameters
### SQL: SELECT COUNT( * ) FROM edu_course   WHERE  is_deleted=0
### Cause: com.mysql.cj.jdbc.exceptions.CommunicationsException: Communications link failure

The last packet successfully received from the server was 45,664 milliseconds ago. The last packet sent successfully to the server was 45,697 milliseconds ago.
; Communications link failure

The last packet successfully received from the server was 45,664 milliseconds ago. The last packet sent successfully to the server was 45,697 milliseconds ago.; nested exception is com.mysql.cj.jdbc.exceptions.CommunicationsException: Communications link failure

The last packet successfully received from the server was 45,664 milliseconds ago. The last packet sent successfully to the server was 45,697 milliseconds ago.
	at org.springframework.jdbc.support.SQLExceptionSubclassTranslator.doTranslate(SQLExceptionSubclassTranslator.java:100)
	at org.springframework.jdbc.support.AbstractFallbackSQLExceptionTranslator.translate(AbstractFallbackSQLExceptionTranslator.java:72)
	at org.springframework.jdbc.support.AbstractFallbackSQLExceptionTranslator.translate(AbstractFallbackSQLExceptionTranslator.java:81)
	at org.mybatis.spring.MyBatisExceptionTranslator.translateExceptionIfPossible(MyBatisExceptionTranslator.java:88)
	at org.mybatis.spring.SqlSessionTemplate$SqlSessionInterceptor.invoke(SqlSessionTemplate.java:440)
	at com.sun.proxy.$Proxy117.selectOne(Unknown Source)
	at org.mybatis.spring.SqlSessionTemplate.selectOne(SqlSessionTemplate.java:159)
	at com.baomidou.mybatisplus.core.override.MybatisMapperMethod.execute(MybatisMapperMethod.java:90)
	at com.baomidou.mybatisplus.core.override.MybatisMapperProxy$PlainMethodInvoker.invoke(MybatisMapperProxy.java:148)
	at com.baomidou.mybatisplus.core.override.MybatisMapperProxy.invoke(MybatisMapperProxy.java:89)
	at com.sun.proxy.$Proxy133.selectCount(Unknown Source)
	at sun.reflect.GeneratedMethodAccessor243.invoke(Unknown Source)
	at sun.reflect.DelegatingMethodAccessorImpl.invoke(DelegatingMethodAccessorImpl.java:43)
	at java.lang.reflect.Method.invoke(Method.java:498)
	at org.springframework.aop.support.AopUtils.invokeJoinpointUsingReflection(AopUtils.java:344)
	at org.springframework.aop.framework.ReflectiveMethodInvocation.invokeJoinpoint(ReflectiveMethodInvocation.java:198)
	at org.springframework.aop.framework.ReflectiveMethodInvocation.proceed(ReflectiveMethodInvocation.java:163)
	at org.springframework.dao.support.PersistenceExceptionTranslationInterceptor.invoke(PersistenceExceptionTranslationInterceptor.java:139)
	at org.springframework.aop.framework.ReflectiveMethodInvocation.proceed(ReflectiveMethodInvocation.java:186)
	at org.springframework.aop.framework.JdkDynamicAopProxy.invoke(JdkDynamicAopProxy.java:212)
	at com.sun.proxy.$Proxy134.selectCount(Unknown Source)
	at com.baomidou.mybatisplus.extension.service.IService.count(IService.java:270)
	at com.baomidou.mybatisplus.extension.service.IService.count(IService.java:261)
	at com.novedu.nov.edu.service.impl.EduCourseServiceImpl.statisticsCoursePlayCount(EduCourseServiceImpl.java:253)
	at com.novedu.nov.edu.service.impl.EduCourseServiceImpl$$FastClassBySpringCGLIB$$3b93ac8.invoke(<generated>)
	at org.springframework.cglib.proxy.MethodProxy.invoke(MethodProxy.java:218)
	at org.springframework.aop.framework.CglibAopProxy$DynamicAdvisedInterceptor.intercept(CglibAopProxy.java:688)
	at com.novedu.nov.edu.service.impl.EduCourseServiceImpl$$EnhancerBySpringCGLIB$$cfa2b3e6.statisticsCoursePlayCount(<generated>)
	at com.novedu.nov.edu.controller.EduCourseController.statisticsCoursePlayCount(EduCourseController.java:117)
	at com.novedu.nov.edu.controller.EduCourseController$$FastClassBySpringCGLIB$$5454e38c.invoke(<generated>)
	at org.springframework.cglib.proxy.MethodProxy.invoke(MethodProxy.java:218)
	at org.springframework.aop.framework.CglibAopProxy$CglibMethodInvocation.invokeJoinpoint(CglibAopProxy.java:779)
	at org.springframework.aop.framework.ReflectiveMethodInvocation.proceed(ReflectiveMethodInvocation.java:163)
	at org.springframework.aop.framework.CglibAopProxy$CglibMethodInvocation.proceed(CglibAopProxy.java:750)
	at org.springframework.aop.aspectj.MethodInvocationProceedingJoinPoint.proceed(MethodInvocationProceedingJoinPoint.java:88)
	at com.novedu.nov.common.aspect.NovLogHandler.around(NovLogHandler.java:56)
	at sun.reflect.GeneratedMethodAccessor228.invoke(Unknown Source)
	at sun.reflect.DelegatingMethodAccessorImpl.invoke(DelegatingMethodAccessorImpl.java:43)
	at java.lang.reflect.Method.invoke(Method.java:498)
	at org.springframework.aop.aspectj.AbstractAspectJAdvice.invokeAdviceMethodWithGivenArgs(AbstractAspectJAdvice.java:644)
	at org.springframework.aop.aspectj.AbstractAspectJAdvice.invokeAdviceMethod(AbstractAspectJAdvice.java:633)
	at org.springframework.aop.aspectj.AspectJAroundAdvice.invoke(AspectJAroundAdvice.java:70)
	at org.springframework.aop.framework.ReflectiveMethodInvocation.proceed(ReflectiveMethodInvocation.java:186)
	at org.springframework.aop.framework.CglibAopProxy$CglibMethodInvocation.proceed(CglibAopProxy.java:750)
	at org.springframework.aop.interceptor.ExposeInvocationInterceptor.invoke(ExposeInvocationInterceptor.java:95)
	at org.springframework.aop.framework.ReflectiveMethodInvocation.proceed(ReflectiveMethodInvocation.java:186)
	at org.springframework.aop.framework.CglibAopProxy$CglibMethodInvocation.proceed(CglibAopProxy.java:750)
	at org.springframework.aop.framework.CglibAopProxy$DynamicAdvisedInterceptor.intercept(CglibAopProxy.java:692)
	at com.novedu.nov.edu.controller.EduCourseController$$EnhancerBySpringCGLIB$$63926f80.statisticsCoursePlayCount(<generated>)
	at sun.reflect.NativeMethodAccessorImpl.invoke0(Native Method)
	at sun.reflect.NativeMethodAccessorImpl.invoke(NativeMethodAccessorImpl.java:62)
	at sun.reflect.DelegatingMethodAccessorImpl.invoke(DelegatingMethodAccessorImpl.java:43)
	at java.lang.reflect.Method.invoke(Method.java:498)
	at org.springframework.web.method.support.InvocableHandlerMethod.doInvoke(InvocableHandlerMethod.java:190)
	at org.springframework.web.method.support.InvocableHandlerMethod.invokeForRequest(InvocableHandlerMethod.java:138)
	at org.springframework.web.servlet.mvc.method.annotation.ServletInvocableHandlerMethod.invokeAndHandle(ServletInvocableHandlerMethod.java:105)
	at org.springframework.web.servlet.mvc.method.annotation.RequestMappingHandlerAdapter.invokeHandlerMethod(RequestMappingHandlerAdapter.java:878)
	at org.springframework.web.servlet.mvc.method.annotation.RequestMappingHandlerAdapter.handleInternal(RequestMappingHandlerAdapter.java:792)
	at org.springframework.web.servlet.mvc.method.AbstractHandlerMethodAdapter.handle(AbstractHandlerMethodAdapter.java:87)
	at org.springframework.web.servlet.DispatcherServlet.doDispatch(DispatcherServlet.java:1040)
	at org.springframework.web.servlet.DispatcherServlet.doService(DispatcherServlet.java:943)
	at org.springframework.web.servlet.FrameworkServlet.processRequest(FrameworkServlet.java:1006)
	at org.springframework.web.servlet.FrameworkServlet.doGet(FrameworkServlet.java:898)
	at javax.servlet.http.HttpServlet.service(HttpServlet.java:626)
	at org.springframework.web.servlet.FrameworkServlet.service(FrameworkServlet.java:883)
	at javax.servlet.http.HttpServlet.service(HttpServlet.java:733)
	at org.apache.catalina.core.ApplicationFilterChain.internalDoFilter(ApplicationFilterChain.java:227)
	at org.apache.catalina.core.ApplicationFilterChain.doFilter(ApplicationFilterChain.java:162)
	at org.apache.tomcat.websocket.server.WsFilter.doFilter(WsFilter.java:53)
	at org.apache.catalina.core.ApplicationFilterChain.internalDoFilter(ApplicationFilterChain.java:189)
	at org.apache.catalina.core.ApplicationFilterChain.doFilter(ApplicationFilterChain.java:162)
	at org.springframework.web.filter.CorsFilter.doFilterInternal(CorsFilter.java:92)
	at org.springframework.web.filter.OncePerRequestFilter.doFilter(OncePerRequestFilter.java:119)
	at org.apache.catalina.core.ApplicationFilterChain.internalDoFilter(ApplicationFilterChain.java:189)
	at org.apache.catalina.core.ApplicationFilterChain.doFilter(ApplicationFilterChain.java:162)
	at org.springframework.web.filter.RequestContextFilter.doFilterInternal(RequestContextFilter.java:100)
	at org.springframework.web.filter.OncePerRequestFilter.doFilter(OncePerRequestFilter.java:119)
	at org.apache.catalina.core.ApplicationFilterChain.internalDoFilter(ApplicationFilterChain.java:189)
	at org.apache.catalina.core.ApplicationFilterChain.doFilter(ApplicationFilterChain.java:162)
	at org.springframework.web.filter.FormContentFilter.doFilterInternal(FormContentFilter.java:93)
	at org.springframework.web.filter.OncePerRequestFilter.doFilter(OncePerRequestFilter.java:119)
	at org.apache.catalina.core.ApplicationFilterChain.internalDoFilter(ApplicationFilterChain.java:189)
	at org.apache.catalina.core.ApplicationFilterChain.doFilter(ApplicationFilterChain.java:162)
	at org.springframework.web.filter.CharacterEncodingFilter.doFilterInternal(CharacterEncodingFilter.java:201)
	at org.springframework.web.filter.OncePerRequestFilter.doFilter(OncePerRequestFilter.java:119)
	at org.apache.catalina.core.ApplicationFilterChain.internalDoFilter(ApplicationFilterChain.java:189)
	at org.apache.catalina.core.ApplicationFilterChain.doFilter(ApplicationFilterChain.java:162)
	at org.apache.catalina.core.StandardWrapperValve.invoke(StandardWrapperValve.java:202)
	at org.apache.catalina.core.StandardContextValve.invoke(StandardContextValve.java:97)
	at org.apache.catalina.authenticator.AuthenticatorBase.invoke(AuthenticatorBase.java:542)
	at org.apache.catalina.core.StandardHostValve.invoke(StandardHostValve.java:143)
	at org.apache.catalina.valves.ErrorReportValve.invoke(ErrorReportValve.java:92)
	at org.apache.catalina.core.StandardEngineValve.invoke(StandardEngineValve.java:78)
	at org.apache.catalina.connector.CoyoteAdapter.service(CoyoteAdapter.java:357)
	at org.apache.coyote.http11.Http11Processor.service(Http11Processor.java:374)
	at org.apache.coyote.AbstractProcessorLight.process(AbstractProcessorLight.java:65)
	at org.apache.coyote.AbstractProtocol$ConnectionHandler.process(AbstractProtocol.java:893)
	at org.apache.tomcat.util.net.NioEndpoint$SocketProcessor.doRun(NioEndpoint.java:1707)
	at org.apache.tomcat.util.net.SocketProcessorBase.run(SocketProcessorBase.java:49)
	at java.util.concurrent.ThreadPoolExecutor.runWorker(ThreadPoolExecutor.java:1149)
	at java.util.concurrent.ThreadPoolExecutor$Worker.run(ThreadPoolExecutor.java:624)
	at org.apache.tomcat.util.threads.TaskThread$WrappingRunnable.run(TaskThread.java:61)
	at java.lang.Thread.run(Thread.java:748)
Caused by: com.mysql.cj.jdbc.exceptions.CommunicationsException: Communications link failure

The last packet successfully received from the server was 45,664 milliseconds ago. The last packet sent successfully to the server was 45,697 milliseconds ago.
	at com.mysql.cj.jdbc.exceptions.SQLError.createCommunicationsException(SQLError.java:174)
	at com.mysql.cj.jdbc.exceptions.SQLExceptionsMapping.translateException(SQLExceptionsMapping.java:64)
	at com.mysql.cj.jdbc.ClientPreparedStatement.executeInternal(ClientPreparedStatement.java:953)
	at com.mysql.cj.jdbc.ClientPreparedStatement.execute(ClientPreparedStatement.java:371)
	at com.alibaba.druid.pool.DruidPooledPreparedStatement.execute(DruidPooledPreparedStatement.java:497)
	at org.apache.ibatis.executor.statement.PreparedStatementHandler.query(PreparedStatementHandler.java:64)
	at org.apache.ibatis.executor.statement.RoutingStatementHandler.query(RoutingStatementHandler.java:79)
	at sun.reflect.GeneratedMethodAccessor150.invoke(Unknown Source)
	at sun.reflect.DelegatingMethodAccessorImpl.invoke(DelegatingMethodAccessorImpl.java:43)
	at java.lang.reflect.Method.invoke(Method.java:498)
	at org.apache.ibatis.plugin.Plugin.invoke(Plugin.java:63)
	at com.sun.proxy.$Proxy161.query(Unknown Source)
	at com.baomidou.mybatisplus.core.executor.MybatisSimpleExecutor.doQuery(MybatisSimpleExecutor.java:69)
	at org.apache.ibatis.executor.BaseExecutor.queryFromDatabase(BaseExecutor.java:325)
	at org.apache.ibatis.executor.BaseExecutor.query(BaseExecutor.java:156)
	at com.baomidou.mybatisplus.core.executor.MybatisCachingExecutor.query(MybatisCachingExecutor.java:165)
	at com.baomidou.mybatisplus.extension.plugins.MybatisPlusInterceptor.intercept(MybatisPlusInterceptor.java:65)
	at org.apache.ibatis.plugin.Plugin.invoke(Plugin.java:61)
	at com.sun.proxy.$Proxy160.query(Unknown Source)
	at org.apache.ibatis.session.defaults.DefaultSqlSession.selectList(DefaultSqlSession.java:147)
	at org.apache.ibatis.session.defaults.DefaultSqlSession.selectList(DefaultSqlSession.java:140)
	at org.apache.ibatis.session.defaults.DefaultSqlSession.selectOne(DefaultSqlSession.java:76)
	at sun.reflect.GeneratedMethodAccessor244.invoke(Unknown Source)
	at sun.reflect.DelegatingMethodAccessorImpl.invoke(DelegatingMethodAccessorImpl.java:43)
	at java.lang.reflect.Method.invoke(Method.java:498)
	at org.mybatis.spring.SqlSessionTemplate$SqlSessionInterceptor.invoke(SqlSessionTemplate.java:426)
	... 98 more
Caused by: com.mysql.cj.exceptions.CJCommunicationsException: Communications link failure

The last packet successfully received from the server was 45,664 milliseconds ago. The last packet sent successfully to the server was 45,697 milliseconds ago.
	at sun.reflect.NativeConstructorAccessorImpl.newInstance0(Native Method)
	at sun.reflect.NativeConstructorAccessorImpl.newInstance(NativeConstructorAccessorImpl.java:62)
	at sun.reflect.DelegatingConstructorAccessorImpl.newInstance(DelegatingConstructorAccessorImpl.java:45)
	at java.lang.reflect.Constructor.newInstance(Constructor.java:423)
	at com.mysql.cj.exceptions.ExceptionFactory.createException(ExceptionFactory.java:61)
	at com.mysql.cj.exceptions.ExceptionFactory.createException(ExceptionFactory.java:105)
	at com.mysql.cj.exceptions.ExceptionFactory.createException(ExceptionFactory.java:151)
	at com.mysql.cj.exceptions.ExceptionFactory.createCommunicationsException(ExceptionFactory.java:167)
	at com.mysql.cj.protocol.a.NativeProtocol.readMessage(NativeProtocol.java:520)
	at com.mysql.cj.protocol.a.NativeProtocol.checkErrorMessage(NativeProtocol.java:700)
	at com.mysql.cj.protocol.a.NativeProtocol.sendCommand(NativeProtocol.java:639)
	at com.mysql.cj.protocol.a.NativeProtocol.sendQueryPacket(NativeProtocol.java:987)
	at com.mysql.cj.NativeSession.execSQL(NativeSession.java:666)
	at com.mysql.cj.jdbc.ClientPreparedStatement.executeInternal(ClientPreparedStatement.java:930)
	... 121 more
Caused by: java.net.SocketTimeoutException: Read timed out
	at java.net.SocketInputStream.socketRead0(Native Method)
	at java.net.SocketInputStream.socketRead(SocketInputStream.java:116)
	at java.net.SocketInputStream.read(SocketInputStream.java:171)
	at java.net.SocketInputStream.read(SocketInputStream.java:141)
	at sun.security.ssl.SSLSocketInputRecord.read(SSLSocketInputRecord.java:475)
	at sun.security.ssl.SSLSocketInputRecord.readHeader(SSLSocketInputRecord.java:469)
	at sun.security.ssl.SSLSocketInputRecord.bytesInCompletePacket(SSLSocketInputRecord.java:69)
	at sun.security.ssl.SSLSocketImpl.readApplicationRecord(SSLSocketImpl.java:1239)
	at sun.security.ssl.SSLSocketImpl.access$300(SSLSocketImpl.java:75)
	at sun.security.ssl.SSLSocketImpl$AppInputStream.read(SSLSocketImpl.java:926)
	at java.io.FilterInputStream.read(FilterInputStream.java:133)
	at com.mysql.cj.protocol.FullReadInputStream.readFully(FullReadInputStream.java:64)
	at com.mysql.cj.protocol.a.SimplePacketReader.readHeaderLocal(SimplePacketReader.java:81)
	at com.mysql.cj.protocol.a.SimplePacketReader.readHeader(SimplePacketReader.java:63)
	at com.mysql.cj.protocol.a.SimplePacketReader.readHeader(SimplePacketReader.java:45)
	at com.mysql.cj.protocol.a.TimeTrackingPacketReader.readHeader(TimeTrackingPacketReader.java:52)
	at com.mysql.cj.protocol.a.TimeTrackingPacketReader.readHeader(TimeTrackingPacketReader.java:41)
	at com.mysql.cj.protocol.a.MultiPacketReader.readHeader(MultiPacketReader.java:54)
	at com.mysql.cj.protocol.a.MultiPacketReader.readHeader(MultiPacketReader.java:44)
	at com.mysql.cj.protocol.a.NativeProtocol.readMessage(NativeProtocol.java:514)
	... 126 more

