2022-01-10 15:22:57,940 INFO [long-pulling] client count 0

2022-01-10 15:23:07,942 INFO toNotifyTaskSize = 0

2022-01-10 15:23:07,945 INFO toClientNotifyTaskSize = 0

2022-01-10 15:23:07,943 INFO groupCount = 0, subscriberClientCount = 0, subscriberCount = 0

2022-01-10 15:23:08,027 INFO [long-pulling] client count 0

2022-01-10 15:23:17,947 INFO groupCount = 0, subscriberClientCount = 0, subscriberCount = 0

2022-01-10 15:23:17,947 INFO toNotifyTaskSize = 0

2022-01-10 15:23:17,948 INFO toClientNotifyTaskSize = 0

2022-01-10 15:23:18,039 INFO [long-pulling] client count 0

2022-01-10 15:23:27,963 INFO groupCount = 0, subscriberClientCount = 0, subscriberCount = 0

2022-01-10 15:23:27,963 INFO toNotifyTaskSize = 0

2022-01-10 15:23:27,967 INFO toClientNotifyTaskSize = 0

2022-01-10 15:23:28,041 INFO [long-pulling] client count 0

2022-01-10 15:23:37,969 INFO groupCount = 0, subscriberClientCount = 0, subscriberCount = 0

2022-01-10 15:23:37,969 INFO toNotifyTaskSize = 0

2022-01-10 15:23:37,969 INFO toClientNotifyTaskSize = 0

2022-01-10 15:23:38,063 INFO [long-pulling] client count 0

2022-01-10 15:25:19,342 INFO [long-pulling] client count 0

2022-01-10 15:25:29,310 INFO toNotifyTaskSize = 0

2022-01-10 15:25:29,317 INFO toClientNotifyTaskSize = 0

2022-01-10 15:25:29,316 INFO groupCount = 0, subscriberClientCount = 0, subscriberCount = 0

2022-01-10 15:25:29,355 INFO [long-pulling] client count 0

2022-01-10 15:25:39,334 INFO groupCount = 0, subscriberClientCount = 0, subscriberCount = 0

2022-01-10 15:25:39,335 INFO toNotifyTaskSize = 0

2022-01-10 15:25:39,336 INFO toClientNotifyTaskSize = 0

2022-01-10 15:25:39,363 INFO [long-pulling] client count 0

2022-01-10 15:25:49,346 INFO toNotifyTaskSize = 0

2022-01-10 15:25:49,346 INFO groupCount = 0, subscriberClientCount = 0, subscriberCount = 0

2022-01-10 15:25:49,346 INFO toClientNotifyTaskSize = 0

2022-01-10 15:25:49,378 INFO [long-pulling] client count 0

2022-01-10 15:25:59,355 INFO toNotifyTaskSize = 0

2022-01-10 15:25:59,355 INFO toClientNotifyTaskSize = 0

2022-01-10 15:25:59,355 INFO groupCount = 0, subscriberClientCount = 0, subscriberCount = 0

2022-01-10 15:25:59,386 INFO [long-pulling] client count 0

2022-01-10 15:26:09,359 INFO groupCount = 0, subscriberClientCount = 0, subscriberCount = 0

2022-01-10 15:26:09,359 INFO toNotifyTaskSize = 0

2022-01-10 15:26:09,359 INFO toClientNotifyTaskSize = 0

2022-01-10 15:26:09,389 INFO [long-pulling] client count 0

2022-01-10 15:26:19,372 INFO toNotifyTaskSize = 0

2022-01-10 15:26:19,372 INFO groupCount = 0, subscriberClientCount = 0, subscriberCount = 0

2022-01-10 15:26:19,372 INFO toClientNotifyTaskSize = 0

2022-01-10 15:26:19,404 INFO [long-pulling] client count 0

2022-01-10 15:26:29,384 INFO toNotifyTaskSize = 0

2022-01-10 15:26:29,384 INFO toClientNotifyTaskSize = 0

2022-01-10 15:26:29,385 INFO groupCount = 0, subscriberClientCount = 0, subscriberCount = 0

2022-01-10 15:26:29,417 INFO [long-pulling] client count 0

2022-01-10 15:26:39,385 INFO groupCount = 0, subscriberClientCount = 0, subscriberCount = 0

2022-01-10 15:26:39,386 INFO toNotifyTaskSize = 0

2022-01-10 15:26:39,386 INFO toClientNotifyTaskSize = 0

2022-01-10 15:26:39,431 INFO [long-pulling] client count 0

2022-01-10 15:26:49,399 INFO groupCount = 0, subscriberClientCount = 0, subscriberCount = 0

2022-01-10 15:26:49,399 INFO toNotifyTaskSize = 0

2022-01-10 15:26:49,399 INFO toClientNotifyTaskSize = 0

2022-01-10 15:26:49,445 INFO [long-pulling] client count 0

2022-01-10 15:26:59,399 INFO toNotifyTaskSize = 0

2022-01-10 15:26:59,399 INFO groupCount = 0, subscriberClientCount = 0, subscriberCount = 0

2022-01-10 15:26:59,399 INFO toClientNotifyTaskSize = 0

2022-01-10 15:26:59,460 INFO [long-pulling] client count 0

2022-01-10 15:27:09,403 INFO toNotifyTaskSize = 0

2022-01-10 15:27:09,403 INFO groupCount = 0, subscriberClientCount = 0, subscriberCount = 0

2022-01-10 15:27:09,403 INFO toClientNotifyTaskSize = 0

2022-01-10 15:27:09,475 INFO [long-pulling] client count 0

2022-01-10 15:27:19,411 INFO toNotifyTaskSize = 0

2022-01-10 15:27:19,411 INFO groupCount = 0, subscriberClientCount = 0, subscriberCount = 0

2022-01-10 15:27:19,412 INFO toClientNotifyTaskSize = 0

2022-01-10 15:27:19,489 INFO [long-pulling] client count 0

2022-01-10 15:27:29,417 INFO toNotifyTaskSize = 0

2022-01-10 15:27:29,417 INFO groupCount = 0, subscriberClientCount = 0, subscriberCount = 0

2022-01-10 15:27:29,418 INFO toClientNotifyTaskSize = 0

2022-01-10 15:27:29,495 INFO [long-pulling] client count 0

2022-01-10 15:27:39,422 INFO groupCount = 0, subscriberClientCount = 0, subscriberCount = 0

2022-01-10 15:27:39,422 INFO toNotifyTaskSize = 0

2022-01-10 15:27:39,422 INFO toClientNotifyTaskSize = 0

2022-01-10 15:27:39,499 INFO [long-pulling] client count 0

2022-01-10 15:27:49,428 INFO toNotifyTaskSize = 0

2022-01-10 15:27:49,428 INFO groupCount = 0, subscriberClientCount = 0, subscriberCount = 0

2022-01-10 15:27:49,429 INFO toClientNotifyTaskSize = 0

2022-01-10 15:27:49,504 INFO [long-pulling] client count 0

2022-01-10 15:27:59,447 INFO toNotifyTaskSize = 0

2022-01-10 15:27:59,448 INFO groupCount = 0, subscriberClientCount = 0, subscriberCount = 0

2022-01-10 15:27:59,448 INFO toClientNotifyTaskSize = 0

2022-01-10 15:27:59,513 INFO [long-pulling] client count 0

2022-01-10 15:28:09,458 INFO toNotifyTaskSize = 0

2022-01-10 15:28:09,458 INFO toClientNotifyTaskSize = 0

2022-01-10 15:28:09,458 INFO groupCount = 0, subscriberClientCount = 0, subscriberCount = 0

2022-01-10 15:28:09,521 INFO [long-pulling] client count 0

2022-01-10 15:28:19,468 INFO groupCount = 0, subscriberClientCount = 0, subscriberCount = 0

2022-01-10 15:28:19,468 INFO toNotifyTaskSize = 0

2022-01-10 15:28:19,468 INFO toClientNotifyTaskSize = 0

2022-01-10 15:28:19,529 INFO [long-pulling] client count 0

2022-01-10 15:28:29,482 INFO toNotifyTaskSize = 0

2022-01-10 15:28:29,482 INFO toClientNotifyTaskSize = 0

2022-01-10 15:28:29,482 INFO groupCount = 0, subscriberClientCount = 0, subscriberCount = 0

2022-01-10 15:28:29,543 INFO [long-pulling] client count 0

2022-01-10 15:28:39,490 INFO groupCount = 0, subscriberClientCount = 0, subscriberCount = 0

2022-01-10 15:28:39,490 INFO toNotifyTaskSize = 0

2022-01-10 15:28:39,490 INFO toClientNotifyTaskSize = 0

2022-01-10 15:28:39,552 INFO [long-pulling] client count 0

2022-01-10 15:28:49,495 INFO toNotifyTaskSize = 0

2022-01-10 15:28:49,495 INFO groupCount = 0, subscriberClientCount = 0, subscriberCount = 0

2022-01-10 15:28:49,496 INFO toClientNotifyTaskSize = 0

2022-01-10 15:28:49,559 INFO [long-pulling] client count 0

2022-01-10 15:28:59,503 INFO groupCount = 0, subscriberClientCount = 0, subscriberCount = 0

2022-01-10 15:28:59,503 INFO toNotifyTaskSize = 0

2022-01-10 15:28:59,503 INFO toClientNotifyTaskSize = 0

2022-01-10 15:28:59,565 INFO [long-pulling] client count 0

2022-01-10 15:29:09,505 INFO toNotifyTaskSize = 0

2022-01-10 15:29:09,505 INFO groupCount = 0, subscriberClientCount = 0, subscriberCount = 0

2022-01-10 15:29:09,505 INFO toClientNotifyTaskSize = 0

2022-01-10 15:29:09,567 INFO [long-pulling] client count 0

2022-01-10 15:29:19,507 INFO toNotifyTaskSize = 0

2022-01-10 15:29:19,507 INFO toClientNotifyTaskSize = 0

2022-01-10 15:29:19,507 INFO groupCount = 0, subscriberClientCount = 0, subscriberCount = 0

2022-01-10 15:29:19,570 INFO [long-pulling] client count 0

2022-01-10 15:29:29,510 INFO groupCount = 0, subscriberClientCount = 0, subscriberCount = 0

2022-01-10 15:29:29,510 INFO toNotifyTaskSize = 0

2022-01-10 15:29:29,511 INFO toClientNotifyTaskSize = 0

2022-01-10 15:29:29,572 INFO [long-pulling] client count 0

2022-01-10 15:29:39,515 INFO groupCount = 0, subscriberClientCount = 0, subscriberCount = 0

2022-01-10 15:29:39,515 INFO toNotifyTaskSize = 0

2022-01-10 15:29:39,515 INFO toClientNotifyTaskSize = 0

2022-01-10 15:29:39,577 INFO [long-pulling] client count 0

2022-01-10 15:29:49,526 INFO toNotifyTaskSize = 0

2022-01-10 15:29:49,526 INFO groupCount = 0, subscriberClientCount = 0, subscriberCount = 0

2022-01-10 15:29:49,526 INFO toClientNotifyTaskSize = 0

2022-01-10 15:29:49,588 INFO [long-pulling] client count 0

2022-01-10 15:29:59,537 INFO toNotifyTaskSize = 0

2022-01-10 15:29:59,537 INFO groupCount = 0, subscriberClientCount = 0, subscriberCount = 0

2022-01-10 15:29:59,537 INFO toClientNotifyTaskSize = 0

2022-01-10 15:29:59,598 INFO [long-pulling] client count 0

2022-01-10 15:30:09,538 INFO toNotifyTaskSize = 0

2022-01-10 15:30:09,538 INFO groupCount = 0, subscriberClientCount = 0, subscriberCount = 0

2022-01-10 15:30:09,538 INFO toClientNotifyTaskSize = 0

2022-01-10 15:30:09,601 INFO [long-pulling] client count 0

2022-01-10 15:30:19,541 INFO toNotifyTaskSize = 0

2022-01-10 15:30:19,542 INFO groupCount = 0, subscriberClientCount = 0, subscriberCount = 0

2022-01-10 15:30:19,542 INFO toClientNotifyTaskSize = 0

2022-01-10 15:30:19,604 INFO [long-pulling] client count 0

2022-01-10 15:30:29,554 INFO toNotifyTaskSize = 0

2022-01-10 15:30:29,554 INFO groupCount = 0, subscriberClientCount = 0, subscriberCount = 0

2022-01-10 15:30:29,554 INFO toClientNotifyTaskSize = 0

2022-01-10 15:30:29,615 INFO [long-pulling] client count 0

2022-01-10 15:30:39,567 INFO groupCount = 0, subscriberClientCount = 0, subscriberCount = 0

2022-01-10 15:30:39,567 INFO toNotifyTaskSize = 0

2022-01-10 15:30:39,568 INFO toClientNotifyTaskSize = 0

2022-01-10 15:30:39,629 INFO [long-pulling] client count 0

2022-01-10 15:30:49,576 INFO toNotifyTaskSize = 0

2022-01-10 15:30:49,576 INFO groupCount = 0, subscriberClientCount = 0, subscriberCount = 0

2022-01-10 15:30:49,576 INFO toClientNotifyTaskSize = 0

2022-01-10 15:30:49,637 INFO [long-pulling] client count 0

2022-01-10 15:30:59,581 INFO toNotifyTaskSize = 0

2022-01-10 15:30:59,581 INFO groupCount = 0, subscriberClientCount = 0, subscriberCount = 0

2022-01-10 15:30:59,582 INFO toClientNotifyTaskSize = 0

2022-01-10 15:30:59,643 INFO [long-pulling] client count 0

2022-01-10 15:31:09,581 INFO groupCount = 0, subscriberClientCount = 0, subscriberCount = 0

2022-01-10 15:31:09,582 INFO toNotifyTaskSize = 0

2022-01-10 15:31:09,582 INFO toClientNotifyTaskSize = 0

2022-01-10 15:31:09,644 INFO [long-pulling] client count 0

2022-01-10 15:31:19,596 INFO toNotifyTaskSize = 0

2022-01-10 15:31:19,596 INFO groupCount = 0, subscriberClientCount = 0, subscriberCount = 0

2022-01-10 15:31:19,596 INFO toClientNotifyTaskSize = 0

2022-01-10 15:31:19,658 INFO [long-pulling] client count 0

2022-01-10 15:31:29,600 INFO toNotifyTaskSize = 0

2022-01-10 15:31:29,600 INFO groupCount = 0, subscriberClientCount = 0, subscriberCount = 0

2022-01-10 15:31:29,601 INFO toClientNotifyTaskSize = 0

2022-01-10 15:31:29,662 INFO [long-pulling] client count 0

2022-01-10 15:31:39,608 INFO toNotifyTaskSize = 0

2022-01-10 15:31:39,608 INFO groupCount = 0, subscriberClientCount = 0, subscriberCount = 0

2022-01-10 15:31:39,608 INFO toClientNotifyTaskSize = 0

2022-01-10 15:31:39,671 INFO [long-pulling] client count 0

2022-01-10 15:31:49,619 INFO toNotifyTaskSize = 0

2022-01-10 15:31:49,619 INFO groupCount = 0, subscriberClientCount = 0, subscriberCount = 0

2022-01-10 15:31:49,619 INFO toClientNotifyTaskSize = 0

2022-01-10 15:31:49,681 INFO [long-pulling] client count 0

2022-01-10 15:31:59,632 INFO toNotifyTaskSize = 0

2022-01-10 15:31:59,632 INFO groupCount = 0, subscriberClientCount = 0, subscriberCount = 0

2022-01-10 15:31:59,632 INFO toClientNotifyTaskSize = 0

2022-01-10 15:31:59,695 INFO [long-pulling] client count 0

2022-01-10 15:32:09,648 INFO toNotifyTaskSize = 0

2022-01-10 15:32:09,648 INFO toClientNotifyTaskSize = 0

2022-01-10 15:32:09,648 INFO groupCount = 0, subscriberClientCount = 0, subscriberCount = 0

2022-01-10 15:32:09,709 INFO [long-pulling] client count 0

2022-01-10 15:32:19,654 INFO groupCount = 0, subscriberClientCount = 0, subscriberCount = 0

2022-01-10 15:32:19,654 INFO toNotifyTaskSize = 0

2022-01-10 15:32:19,655 INFO toClientNotifyTaskSize = 0

2022-01-10 15:32:19,715 INFO [long-pulling] client count 0

2022-01-10 15:32:29,661 INFO toNotifyTaskSize = 0

2022-01-10 15:32:29,661 INFO groupCount = 0, subscriberClientCount = 0, subscriberCount = 0

2022-01-10 15:32:29,661 INFO toClientNotifyTaskSize = 0

2022-01-10 15:32:29,723 INFO [long-pulling] client count 0

2022-01-10 15:32:39,676 INFO toNotifyTaskSize = 0

2022-01-10 15:32:39,676 INFO groupCount = 0, subscriberClientCount = 0, subscriberCount = 0

2022-01-10 15:32:39,677 INFO toClientNotifyTaskSize = 0

2022-01-10 15:32:39,738 INFO [long-pulling] client count 0

2022-01-10 15:32:49,691 INFO toNotifyTaskSize = 0

2022-01-10 15:32:49,691 INFO groupCount = 0, subscriberClientCount = 0, subscriberCount = 0

2022-01-10 15:32:49,691 INFO toClientNotifyTaskSize = 0

2022-01-10 15:32:49,753 INFO [long-pulling] client count 0

2022-01-10 15:32:59,703 INFO toNotifyTaskSize = 0

2022-01-10 15:32:59,703 INFO groupCount = 0, subscriberClientCount = 0, subscriberCount = 0

2022-01-10 15:32:59,704 INFO toClientNotifyTaskSize = 0

2022-01-10 15:32:59,765 INFO [long-pulling] client count 0

2022-01-10 15:33:09,713 INFO toNotifyTaskSize = 0

2022-01-10 15:33:09,713 INFO groupCount = 0, subscriberClientCount = 0, subscriberCount = 0

2022-01-10 15:33:09,713 INFO toClientNotifyTaskSize = 0

2022-01-10 15:33:09,776 INFO [long-pulling] client count 0

2022-01-10 15:33:19,718 INFO toNotifyTaskSize = 0

2022-01-10 15:33:19,718 INFO groupCount = 0, subscriberClientCount = 0, subscriberCount = 0

2022-01-10 15:33:19,718 INFO toClientNotifyTaskSize = 0

2022-01-10 15:33:19,781 INFO [long-pulling] client count 0

2022-01-10 15:33:29,723 INFO toNotifyTaskSize = 0

2022-01-10 15:33:29,723 INFO groupCount = 0, subscriberClientCount = 0, subscriberCount = 0

2022-01-10 15:33:29,723 INFO toClientNotifyTaskSize = 0

2022-01-10 15:33:29,785 INFO [long-pulling] client count 0

2022-01-10 15:33:39,731 INFO groupCount = 0, subscriberClientCount = 0, subscriberCount = 0

2022-01-10 15:33:39,731 INFO toNotifyTaskSize = 0

2022-01-10 15:33:39,732 INFO toClientNotifyTaskSize = 0

2022-01-10 15:33:39,792 INFO [long-pulling] client count 0

2022-01-10 15:33:49,745 INFO toNotifyTaskSize = 0

2022-01-10 15:33:49,745 INFO groupCount = 0, subscriberClientCount = 0, subscriberCount = 0

2022-01-10 15:33:49,745 INFO toClientNotifyTaskSize = 0

2022-01-10 15:33:49,793 INFO [long-pulling] client count 0

2022-01-10 15:33:59,750 INFO toNotifyTaskSize = 0

2022-01-10 15:33:59,750 INFO groupCount = 0, subscriberClientCount = 0, subscriberCount = 0

2022-01-10 15:33:59,750 INFO toClientNotifyTaskSize = 0

2022-01-10 15:33:59,797 INFO [long-pulling] client count 0

2022-01-10 15:34:09,757 INFO toNotifyTaskSize = 0

2022-01-10 15:34:09,757 INFO groupCount = 0, subscriberClientCount = 0, subscriberCount = 0

2022-01-10 15:34:09,757 INFO toClientNotifyTaskSize = 0

2022-01-10 15:34:09,803 INFO [long-pulling] client count 0

2022-01-10 15:34:19,761 INFO toNotifyTaskSize = 0

2022-01-10 15:34:19,761 INFO groupCount = 0, subscriberClientCount = 0, subscriberCount = 0

2022-01-10 15:34:19,762 INFO toClientNotifyTaskSize = 0

2022-01-10 15:34:19,808 INFO [long-pulling] client count 0

2022-01-10 15:34:29,776 INFO groupCount = 0, subscriberClientCount = 0, subscriberCount = 0

2022-01-10 15:34:29,776 INFO toNotifyTaskSize = 0

2022-01-10 15:34:29,776 INFO toClientNotifyTaskSize = 0

2022-01-10 15:34:29,824 INFO [long-pulling] client count 0

2022-01-10 15:34:39,779 INFO groupCount = 0, subscriberClientCount = 0, subscriberCount = 0

2022-01-10 15:34:39,779 INFO toNotifyTaskSize = 0

2022-01-10 15:34:39,779 INFO toClientNotifyTaskSize = 0

2022-01-10 15:34:39,828 INFO [long-pulling] client count 0

2022-01-10 15:34:49,780 INFO toNotifyTaskSize = 0

2022-01-10 15:34:49,780 INFO groupCount = 0, subscriberClientCount = 0, subscriberCount = 0

2022-01-10 15:34:49,782 INFO toClientNotifyTaskSize = 0

2022-01-10 15:34:49,843 INFO [long-pulling] client count 0

2022-01-10 15:34:59,792 INFO groupCount = 0, subscriberClientCount = 0, subscriberCount = 0

2022-01-10 15:34:59,792 INFO toNotifyTaskSize = 0

2022-01-10 15:34:59,792 INFO toClientNotifyTaskSize = 0

2022-01-10 15:34:59,856 INFO [long-pulling] client count 0

2022-01-10 15:35:09,801 INFO toNotifyTaskSize = 0

2022-01-10 15:35:09,801 INFO groupCount = 0, subscriberClientCount = 0, subscriberCount = 0

2022-01-10 15:35:09,801 INFO toClientNotifyTaskSize = 0

2022-01-10 15:35:09,864 INFO [long-pulling] client count 0

2022-01-10 15:35:19,809 INFO toNotifyTaskSize = 0

2022-01-10 15:35:19,809 INFO groupCount = 0, subscriberClientCount = 0, subscriberCount = 0

2022-01-10 15:35:19,809 INFO toClientNotifyTaskSize = 0

2022-01-10 15:35:19,873 INFO [long-pulling] client count 0

2022-01-10 15:35:29,811 INFO groupCount = 0, subscriberClientCount = 0, subscriberCount = 0

2022-01-10 15:35:29,811 INFO toNotifyTaskSize = 0

2022-01-10 15:35:29,811 INFO toClientNotifyTaskSize = 0

2022-01-10 15:35:29,874 INFO [long-pulling] client count 0

2022-01-10 15:35:39,818 INFO toNotifyTaskSize = 0

2022-01-10 15:35:39,818 INFO groupCount = 0, subscriberClientCount = 0, subscriberCount = 0

2022-01-10 15:35:39,818 INFO toClientNotifyTaskSize = 0

2022-01-10 15:35:39,881 INFO [long-pulling] client count 0

2022-01-10 15:35:49,824 INFO toNotifyTaskSize = 0

2022-01-10 15:35:49,824 INFO groupCount = 0, subscriberClientCount = 0, subscriberCount = 0

2022-01-10 15:35:49,824 INFO toClientNotifyTaskSize = 0

2022-01-10 15:35:49,887 INFO [long-pulling] client count 0

2022-01-10 15:35:59,836 INFO toNotifyTaskSize = 0

2022-01-10 15:35:59,836 INFO groupCount = 0, subscriberClientCount = 0, subscriberCount = 0

2022-01-10 15:35:59,836 INFO toClientNotifyTaskSize = 0

2022-01-10 15:35:59,898 INFO [long-pulling] client count 0

2022-01-10 15:36:09,843 INFO toNotifyTaskSize = 0

2022-01-10 15:36:09,843 INFO groupCount = 0, subscriberClientCount = 0, subscriberCount = 0

2022-01-10 15:36:09,843 INFO toClientNotifyTaskSize = 0

2022-01-10 15:36:09,905 INFO [long-pulling] client count 0

2022-01-10 15:36:19,857 INFO toNotifyTaskSize = 0

2022-01-10 15:36:19,857 INFO groupCount = 0, subscriberClientCount = 0, subscriberCount = 0

2022-01-10 15:36:19,857 INFO toClientNotifyTaskSize = 0

2022-01-10 15:36:19,919 INFO [long-pulling] client count 0

2022-01-10 15:36:29,863 INFO toNotifyTaskSize = 0

2022-01-10 15:36:29,864 INFO toClientNotifyTaskSize = 0

2022-01-10 15:36:29,864 INFO groupCount = 0, subscriberClientCount = 0, subscriberCount = 0

2022-01-10 15:36:29,926 INFO [long-pulling] client count 0

2022-01-10 15:36:39,875 INFO toNotifyTaskSize = 0

2022-01-10 15:36:39,875 INFO groupCount = 0, subscriberClientCount = 0, subscriberCount = 0

2022-01-10 15:36:39,875 INFO toClientNotifyTaskSize = 0

2022-01-10 15:36:39,938 INFO [long-pulling] client count 0

2022-01-10 15:36:49,886 INFO toNotifyTaskSize = 0

2022-01-10 15:36:49,886 INFO toClientNotifyTaskSize = 0

2022-01-10 15:36:49,889 INFO groupCount = 0, subscriberClientCount = 0, subscriberCount = 0

2022-01-10 15:36:49,947 INFO [long-pulling] client count 0

2022-01-10 15:36:59,902 INFO toNotifyTaskSize = 0

2022-01-10 15:36:59,902 INFO groupCount = 0, subscriberClientCount = 0, subscriberCount = 0

2022-01-10 15:36:59,903 INFO toClientNotifyTaskSize = 0

2022-01-10 15:36:59,949 INFO [long-pulling] client count 0

2022-01-10 15:37:09,906 INFO toNotifyTaskSize = 0

2022-01-10 15:37:09,906 INFO groupCount = 0, subscriberClientCount = 0, subscriberCount = 0

2022-01-10 15:37:09,906 INFO toClientNotifyTaskSize = 0

2022-01-10 15:37:09,952 INFO [long-pulling] client count 0

2022-01-10 15:37:19,908 INFO toNotifyTaskSize = 0

2022-01-10 15:37:19,908 INFO toClientNotifyTaskSize = 0

2022-01-10 15:37:19,908 INFO groupCount = 0, subscriberClientCount = 0, subscriberCount = 0

2022-01-10 15:37:19,954 INFO [long-pulling] client count 0

2022-01-10 15:37:29,914 INFO toNotifyTaskSize = 0

2022-01-10 15:37:29,914 INFO groupCount = 0, subscriberClientCount = 0, subscriberCount = 0

2022-01-10 15:37:29,914 INFO toClientNotifyTaskSize = 0

2022-01-10 15:37:29,961 INFO [long-pulling] client count 0

2022-01-10 15:37:39,928 INFO toNotifyTaskSize = 0

2022-01-10 15:37:39,928 INFO groupCount = 0, subscriberClientCount = 0, subscriberCount = 0

2022-01-10 15:37:39,928 INFO toClientNotifyTaskSize = 0

2022-01-10 15:37:39,974 INFO [long-pulling] client count 0

2022-01-10 15:37:49,938 INFO toNotifyTaskSize = 0

2022-01-10 15:37:49,938 INFO groupCount = 0, subscriberClientCount = 0, subscriberCount = 0

2022-01-10 15:37:49,938 INFO toClientNotifyTaskSize = 0

2022-01-10 15:37:49,984 INFO [long-pulling] client count 0

2022-01-10 15:37:59,941 INFO toNotifyTaskSize = 0

2022-01-10 15:37:59,941 INFO groupCount = 0, subscriberClientCount = 0, subscriberCount = 0

2022-01-10 15:37:59,942 INFO toClientNotifyTaskSize = 0

2022-01-10 15:37:59,987 INFO [long-pulling] client count 0

2022-01-10 15:38:09,954 INFO toNotifyTaskSize = 0

2022-01-10 15:38:09,954 INFO groupCount = 0, subscriberClientCount = 0, subscriberCount = 0

2022-01-10 15:38:09,955 INFO toClientNotifyTaskSize = 0

2022-01-10 15:38:10,001 INFO [long-pulling] client count 0

2022-01-10 15:38:19,968 INFO toNotifyTaskSize = 0

2022-01-10 15:38:19,968 INFO groupCount = 0, subscriberClientCount = 0, subscriberCount = 0

2022-01-10 15:38:19,969 INFO toClientNotifyTaskSize = 0

2022-01-10 15:38:20,015 INFO [long-pulling] client count 0

2022-01-10 15:38:29,973 INFO toNotifyTaskSize = 0

2022-01-10 15:38:29,973 INFO groupCount = 0, subscriberClientCount = 0, subscriberCount = 0

2022-01-10 15:38:29,973 INFO toClientNotifyTaskSize = 0

2022-01-10 15:38:30,020 INFO [long-pulling] client count 0

2022-01-10 15:38:39,973 INFO toNotifyTaskSize = 0

2022-01-10 15:38:39,973 INFO groupCount = 0, subscriberClientCount = 0, subscriberCount = 0

2022-01-10 15:38:39,974 INFO toClientNotifyTaskSize = 0

2022-01-10 15:38:40,035 INFO [long-pulling] client count 0

2022-01-10 15:38:49,990 INFO toNotifyTaskSize = 0

2022-01-10 15:38:49,991 INFO toClientNotifyTaskSize = 0

2022-01-10 15:38:49,991 INFO groupCount = 0, subscriberClientCount = 0, subscriberCount = 0

2022-01-10 15:38:50,037 INFO [long-pulling] client count 0

2022-01-10 15:38:59,994 INFO groupCount = 0, subscriberClientCount = 0, subscriberCount = 0

2022-01-10 15:38:59,995 INFO toNotifyTaskSize = 0

2022-01-10 15:38:59,995 INFO toClientNotifyTaskSize = 0

2022-01-10 15:39:00,042 INFO [long-pulling] client count 0

2022-01-10 15:39:10,008 INFO toNotifyTaskSize = 0

2022-01-10 15:39:10,009 INFO groupCount = 0, subscriberClientCount = 0, subscriberCount = 0

2022-01-10 15:39:10,009 INFO toClientNotifyTaskSize = 0

2022-01-10 15:39:10,056 INFO [long-pulling] client count 0

2022-01-10 15:39:20,021 INFO toNotifyTaskSize = 0

2022-01-10 15:39:20,021 INFO groupCount = 0, subscriberClientCount = 0, subscriberCount = 0

2022-01-10 15:39:20,021 INFO toClientNotifyTaskSize = 0

2022-01-10 15:39:20,068 INFO [long-pulling] client count 0

2022-01-10 15:39:30,028 INFO toNotifyTaskSize = 0

2022-01-10 15:39:30,028 INFO groupCount = 0, subscriberClientCount = 0, subscriberCount = 0

2022-01-10 15:39:30,028 INFO toClientNotifyTaskSize = 0

2022-01-10 15:39:30,073 INFO [long-pulling] client count 0

2022-01-10 15:39:40,036 INFO toNotifyTaskSize = 0

2022-01-10 15:39:40,036 INFO groupCount = 0, subscriberClientCount = 0, subscriberCount = 0

2022-01-10 15:39:40,036 INFO toClientNotifyTaskSize = 0

2022-01-10 15:39:40,081 INFO [long-pulling] client count 0

2022-01-10 15:39:50,050 INFO toNotifyTaskSize = 0

2022-01-10 15:39:50,050 INFO groupCount = 0, subscriberClientCount = 0, subscriberCount = 0

2022-01-10 15:39:50,050 INFO toClientNotifyTaskSize = 0

2022-01-10 15:39:50,095 INFO [long-pulling] client count 0

2022-01-10 15:40:00,054 INFO toNotifyTaskSize = 0

2022-01-10 15:40:00,054 INFO groupCount = 0, subscriberClientCount = 0, subscriberCount = 0

2022-01-10 15:40:00,054 INFO toClientNotifyTaskSize = 0

2022-01-10 15:40:00,099 INFO [long-pulling] client count 0

2022-01-10 15:40:10,065 INFO toNotifyTaskSize = 0

2022-01-10 15:40:10,065 INFO groupCount = 0, subscriberClientCount = 0, subscriberCount = 0

2022-01-10 15:40:10,065 INFO toClientNotifyTaskSize = 0

2022-01-10 15:40:10,111 INFO [long-pulling] client count 0

2022-01-10 15:40:20,069 INFO toNotifyTaskSize = 0

2022-01-10 15:40:20,070 INFO toClientNotifyTaskSize = 0

2022-01-10 15:40:20,070 INFO groupCount = 0, subscriberClientCount = 0, subscriberCount = 0

2022-01-10 15:40:20,116 INFO [long-pulling] client count 0

2022-01-10 15:40:30,083 INFO groupCount = 0, subscriberClientCount = 0, subscriberCount = 0

2022-01-10 15:40:30,083 INFO toNotifyTaskSize = 0

2022-01-10 15:40:30,084 INFO toClientNotifyTaskSize = 0

2022-01-10 15:40:30,130 INFO [long-pulling] client count 0

2022-01-10 15:40:40,098 INFO toNotifyTaskSize = 0

2022-01-10 15:40:40,098 INFO groupCount = 0, subscriberClientCount = 0, subscriberCount = 0

2022-01-10 15:40:40,099 INFO toClientNotifyTaskSize = 0

2022-01-10 15:40:40,147 INFO [long-pulling] client count 0

2022-01-10 15:40:50,112 INFO toNotifyTaskSize = 0

2022-01-10 15:40:50,112 INFO groupCount = 0, subscriberClientCount = 0, subscriberCount = 0

2022-01-10 15:40:50,113 INFO toClientNotifyTaskSize = 0

2022-01-10 15:40:50,160 INFO [long-pulling] client count 0

2022-01-10 15:41:00,116 INFO toNotifyTaskSize = 0

2022-01-10 15:41:00,116 INFO toClientNotifyTaskSize = 0

2022-01-10 15:41:00,116 INFO groupCount = 0, subscriberClientCount = 0, subscriberCount = 0

2022-01-10 15:41:00,163 INFO [long-pulling] client count 0

2022-01-10 15:41:10,121 INFO groupCount = 0, subscriberClientCount = 0, subscriberCount = 0

2022-01-10 15:41:10,121 INFO toNotifyTaskSize = 0

2022-01-10 15:41:10,122 INFO toClientNotifyTaskSize = 0

2022-01-10 15:41:10,167 INFO [long-pulling] client count 0

2022-01-10 15:41:20,122 INFO toNotifyTaskSize = 0

2022-01-10 15:41:20,123 INFO toClientNotifyTaskSize = 0

2022-01-10 15:41:20,123 INFO groupCount = 0, subscriberClientCount = 0, subscriberCount = 0

2022-01-10 15:41:20,168 INFO [long-pulling] client count 0

2022-01-10 15:41:30,134 INFO groupCount = 0, subscriberClientCount = 0, subscriberCount = 0

2022-01-10 15:41:30,134 INFO toNotifyTaskSize = 0

2022-01-10 15:41:30,134 INFO toClientNotifyTaskSize = 0

2022-01-10 15:41:30,181 INFO [long-pulling] client count 0

2022-01-10 15:41:40,138 INFO toNotifyTaskSize = 0

2022-01-10 15:41:40,138 INFO groupCount = 0, subscriberClientCount = 0, subscriberCount = 0

2022-01-10 15:41:40,138 INFO toClientNotifyTaskSize = 0

2022-01-10 15:41:40,184 INFO [long-pulling] client count 0

2022-01-10 15:41:50,145 INFO toNotifyTaskSize = 0

2022-01-10 15:41:50,145 INFO groupCount = 0, subscriberClientCount = 0, subscriberCount = 0

2022-01-10 15:41:50,145 INFO toClientNotifyTaskSize = 0

2022-01-10 15:41:50,193 INFO [long-pulling] client count 0

2022-01-10 15:42:00,147 INFO groupCount = 0, subscriberClientCount = 0, subscriberCount = 0

2022-01-10 15:42:00,147 INFO toNotifyTaskSize = 0

2022-01-10 15:42:00,148 INFO toClientNotifyTaskSize = 0

2022-01-10 15:42:00,199 INFO [long-pulling] client count 0

2022-01-10 15:42:10,154 INFO toNotifyTaskSize = 0

2022-01-10 15:42:10,154 INFO toClientNotifyTaskSize = 0

2022-01-10 15:42:10,154 INFO groupCount = 0, subscriberClientCount = 0, subscriberCount = 0

2022-01-10 15:42:10,200 INFO [long-pulling] client count 0

2022-01-10 15:42:20,163 INFO toNotifyTaskSize = 0

2022-01-10 15:42:20,163 INFO groupCount = 0, subscriberClientCount = 0, subscriberCount = 0

2022-01-10 15:42:20,163 INFO toClientNotifyTaskSize = 0

2022-01-10 15:42:20,211 INFO [long-pulling] client count 0

2022-01-10 15:42:30,167 INFO toNotifyTaskSize = 0

2022-01-10 15:42:30,167 INFO groupCount = 0, subscriberClientCount = 0, subscriberCount = 0

2022-01-10 15:42:30,167 INFO toClientNotifyTaskSize = 0

2022-01-10 15:42:30,213 INFO [long-pulling] client count 0

2022-01-10 15:42:40,186 INFO toNotifyTaskSize = 0

2022-01-10 15:42:40,186 INFO toClientNotifyTaskSize = 0

2022-01-10 15:42:40,186 INFO groupCount = 0, subscriberClientCount = 0, subscriberCount = 0

2022-01-10 15:42:40,222 INFO [long-pulling] client count 0

2022-01-10 15:42:50,198 INFO toNotifyTaskSize = 0

2022-01-10 15:42:50,198 INFO groupCount = 0, subscriberClientCount = 0, subscriberCount = 0

2022-01-10 15:42:50,198 INFO toClientNotifyTaskSize = 0

2022-01-10 15:42:50,229 INFO [long-pulling] client count 0

2022-01-10 15:43:00,203 INFO toNotifyTaskSize = 0

2022-01-10 15:43:00,203 INFO groupCount = 0, subscriberClientCount = 0, subscriberCount = 0

2022-01-10 15:43:00,203 INFO toClientNotifyTaskSize = 0

2022-01-10 15:43:00,233 INFO [long-pulling] client count 0

2022-01-10 15:43:10,203 INFO toNotifyTaskSize = 0

2022-01-10 15:43:10,203 INFO toClientNotifyTaskSize = 0

2022-01-10 15:43:10,219 INFO groupCount = 0, subscriberClientCount = 0, subscriberCount = 0

2022-01-10 15:43:10,234 INFO [long-pulling] client count 0

2022-01-10 15:43:20,209 INFO toNotifyTaskSize = 0

2022-01-10 15:43:20,210 INFO toClientNotifyTaskSize = 0

2022-01-10 15:43:20,224 INFO groupCount = 0, subscriberClientCount = 0, subscriberCount = 0

2022-01-10 15:43:20,240 INFO [long-pulling] client count 0

2022-01-10 15:43:30,220 INFO toNotifyTaskSize = 0

2022-01-10 15:43:30,220 INFO toClientNotifyTaskSize = 0

2022-01-10 15:43:30,236 INFO groupCount = 0, subscriberClientCount = 0, subscriberCount = 0

2022-01-10 15:43:30,251 INFO [long-pulling] client count 0

2022-01-10 15:43:40,233 INFO toNotifyTaskSize = 0

2022-01-10 15:43:40,233 INFO toClientNotifyTaskSize = 0

2022-01-10 15:43:40,249 INFO groupCount = 0, subscriberClientCount = 0, subscriberCount = 0

2022-01-10 15:43:40,264 INFO [long-pulling] client count 0

2022-01-10 15:43:50,243 INFO toNotifyTaskSize = 0

2022-01-10 15:43:50,243 INFO toClientNotifyTaskSize = 0

2022-01-10 15:43:50,260 INFO groupCount = 0, subscriberClientCount = 0, subscriberCount = 0

2022-01-10 15:43:50,275 INFO [long-pulling] client count 0

2022-01-10 15:44:00,252 INFO toNotifyTaskSize = 0

2022-01-10 15:44:00,252 INFO toClientNotifyTaskSize = 0

2022-01-10 15:44:00,262 INFO groupCount = 0, subscriberClientCount = 0, subscriberCount = 0

2022-01-10 15:44:00,278 INFO [long-pulling] client count 0

2022-01-10 15:44:10,277 INFO toNotifyTaskSize = 0

2022-01-10 15:44:10,277 INFO groupCount = 0, subscriberClientCount = 0, subscriberCount = 0

2022-01-10 15:44:10,277 INFO toClientNotifyTaskSize = 0

2022-01-10 15:44:10,287 INFO [long-pulling] client count 0

2022-01-10 15:44:20,280 INFO toNotifyTaskSize = 0

2022-01-10 15:44:20,280 INFO groupCount = 0, subscriberClientCount = 0, subscriberCount = 0

2022-01-10 15:44:20,280 INFO toClientNotifyTaskSize = 0

2022-01-10 15:44:20,296 INFO [long-pulling] client count 0

2022-01-10 15:44:30,291 INFO toNotifyTaskSize = 0

2022-01-10 15:44:30,291 INFO groupCount = 0, subscriberClientCount = 0, subscriberCount = 0

2022-01-10 15:44:30,291 INFO toClientNotifyTaskSize = 0

2022-01-10 15:44:30,307 INFO [long-pulling] client count 0

2022-01-10 15:44:40,299 INFO toNotifyTaskSize = 0

2022-01-10 15:44:40,299 INFO groupCount = 0, subscriberClientCount = 0, subscriberCount = 0

2022-01-10 15:44:40,299 INFO toClientNotifyTaskSize = 0

2022-01-10 15:44:40,314 INFO [long-pulling] client count 0

2022-01-10 15:44:50,300 INFO toNotifyTaskSize = 0

2022-01-10 15:44:50,300 INFO toClientNotifyTaskSize = 0

2022-01-10 15:44:50,300 INFO groupCount = 0, subscriberClientCount = 0, subscriberCount = 0

2022-01-10 15:44:50,315 INFO [long-pulling] client count 0

2022-01-10 15:45:00,305 INFO groupCount = 0, subscriberClientCount = 0, subscriberCount = 0

2022-01-10 15:45:00,305 INFO toNotifyTaskSize = 0

2022-01-10 15:45:00,305 INFO toClientNotifyTaskSize = 0

2022-01-10 15:45:00,320 INFO [long-pulling] client count 0

2022-01-10 15:45:10,308 INFO toNotifyTaskSize = 0

2022-01-10 15:45:10,308 INFO groupCount = 0, subscriberClientCount = 0, subscriberCount = 0

2022-01-10 15:45:10,308 INFO toClientNotifyTaskSize = 0

2022-01-10 15:45:10,324 INFO [long-pulling] client count 0

2022-01-10 15:45:20,314 INFO groupCount = 0, subscriberClientCount = 0, subscriberCount = 0

2022-01-10 15:45:20,314 INFO toNotifyTaskSize = 0

2022-01-10 15:45:20,314 INFO toClientNotifyTaskSize = 0

2022-01-10 15:45:20,327 INFO [long-pulling] client count 0

2022-01-10 15:45:30,326 INFO toNotifyTaskSize = 0

2022-01-10 15:45:30,326 INFO toClientNotifyTaskSize = 0

2022-01-10 15:45:30,326 INFO groupCount = 0, subscriberClientCount = 0, subscriberCount = 0

2022-01-10 15:45:30,340 INFO [long-pulling] client count 0

2022-01-10 15:45:40,336 INFO groupCount = 0, subscriberClientCount = 0, subscriberCount = 0

2022-01-10 15:45:40,336 INFO toNotifyTaskSize = 0

2022-01-10 15:45:40,336 INFO toClientNotifyTaskSize = 0

2022-01-10 15:45:40,351 INFO [long-pulling] client count 0

2022-01-10 15:45:50,343 INFO toNotifyTaskSize = 0

2022-01-10 15:45:50,343 INFO groupCount = 0, subscriberClientCount = 0, subscriberCount = 0

2022-01-10 15:45:50,344 INFO toClientNotifyTaskSize = 0

2022-01-10 15:45:50,360 INFO [long-pulling] client count 0

2022-01-10 15:46:00,345 INFO toNotifyTaskSize = 0

2022-01-10 15:46:00,345 INFO groupCount = 0, subscriberClientCount = 0, subscriberCount = 0

2022-01-10 15:46:00,346 INFO toClientNotifyTaskSize = 0

2022-01-10 15:46:00,362 INFO [long-pulling] client count 0

2022-01-10 15:46:10,354 INFO toNotifyTaskSize = 0

2022-01-10 15:46:10,354 INFO groupCount = 0, subscriberClientCount = 0, subscriberCount = 0

2022-01-10 15:46:10,355 INFO toClientNotifyTaskSize = 0

2022-01-10 15:46:10,370 INFO [long-pulling] client count 0

2022-01-10 15:46:20,363 INFO toNotifyTaskSize = 0

2022-01-10 15:46:20,363 INFO groupCount = 0, subscriberClientCount = 0, subscriberCount = 0

2022-01-10 15:46:20,363 INFO toClientNotifyTaskSize = 0

2022-01-10 15:46:20,378 INFO [long-pulling] client count 0

2022-01-10 15:46:30,369 INFO toNotifyTaskSize = 0

2022-01-10 15:46:30,369 INFO groupCount = 0, subscriberClientCount = 0, subscriberCount = 0

2022-01-10 15:46:30,369 INFO toClientNotifyTaskSize = 0

2022-01-10 15:46:30,385 INFO [long-pulling] client count 0

2022-01-10 15:46:40,379 INFO toNotifyTaskSize = 0

2022-01-10 15:46:40,379 INFO toClientNotifyTaskSize = 0

2022-01-10 15:46:40,379 INFO groupCount = 0, subscriberClientCount = 0, subscriberCount = 0

2022-01-10 15:46:40,394 INFO [long-pulling] client count 0

2022-01-10 15:46:50,380 INFO groupCount = 0, subscriberClientCount = 0, subscriberCount = 0

2022-01-10 15:46:50,380 INFO toNotifyTaskSize = 0

2022-01-10 15:46:50,381 INFO toClientNotifyTaskSize = 0

2022-01-10 15:46:50,397 INFO [long-pulling] client count 0

2022-01-10 15:47:00,385 INFO groupCount = 0, subscriberClientCount = 0, subscriberCount = 0

2022-01-10 15:47:00,385 INFO toNotifyTaskSize = 0

2022-01-10 15:47:00,385 INFO toClientNotifyTaskSize = 0

2022-01-10 15:47:00,401 INFO [long-pulling] client count 0

2022-01-10 15:47:10,394 INFO toNotifyTaskSize = 0

2022-01-10 15:47:10,394 INFO toClientNotifyTaskSize = 0

2022-01-10 15:47:10,394 INFO groupCount = 0, subscriberClientCount = 0, subscriberCount = 0

2022-01-10 15:47:10,409 INFO [long-pulling] client count 0

2022-01-10 15:47:20,398 INFO toNotifyTaskSize = 0

2022-01-10 15:47:20,398 INFO groupCount = 0, subscriberClientCount = 0, subscriberCount = 0

2022-01-10 15:47:20,398 INFO toClientNotifyTaskSize = 0

2022-01-10 15:47:20,414 INFO [long-pulling] client count 0

2022-01-10 15:47:30,404 INFO toNotifyTaskSize = 0

2022-01-10 15:47:30,404 INFO groupCount = 0, subscriberClientCount = 0, subscriberCount = 0

2022-01-10 15:47:30,404 INFO toClientNotifyTaskSize = 0

2022-01-10 15:47:30,420 INFO [long-pulling] client count 0

2022-01-10 15:47:40,419 INFO toNotifyTaskSize = 0

2022-01-10 15:47:40,419 INFO toClientNotifyTaskSize = 0

2022-01-10 15:47:40,419 INFO groupCount = 0, subscriberClientCount = 0, subscriberCount = 0

2022-01-10 15:47:40,434 INFO [long-pulling] client count 0

2022-01-10 15:47:50,429 INFO groupCount = 0, subscriberClientCount = 0, subscriberCount = 0

2022-01-10 15:47:50,430 INFO toNotifyTaskSize = 0

2022-01-10 15:47:50,430 INFO toClientNotifyTaskSize = 0

2022-01-10 15:47:50,444 INFO [long-pulling] client count 0

2022-01-10 15:48:00,442 INFO toNotifyTaskSize = 0

2022-01-10 15:48:00,442 INFO toClientNotifyTaskSize = 0

2022-01-10 15:48:00,442 INFO groupCount = 0, subscriberClientCount = 0, subscriberCount = 0

2022-01-10 15:48:00,457 INFO [long-pulling] client count 0

2022-01-10 15:48:10,456 INFO toNotifyTaskSize = 0

2022-01-10 15:48:10,456 INFO groupCount = 0, subscriberClientCount = 0, subscriberCount = 0

2022-01-10 15:48:10,457 INFO toClientNotifyTaskSize = 0

2022-01-10 15:48:10,471 INFO [long-pulling] client count 0

2022-01-10 15:48:20,457 INFO toNotifyTaskSize = 0

2022-01-10 15:48:20,457 INFO groupCount = 0, subscriberClientCount = 0, subscriberCount = 0

2022-01-10 15:48:20,457 INFO toClientNotifyTaskSize = 0

2022-01-10 15:48:20,472 INFO [long-pulling] client count 0

2022-01-10 15:48:30,459 INFO toNotifyTaskSize = 0

2022-01-10 15:48:30,459 INFO groupCount = 0, subscriberClientCount = 0, subscriberCount = 0

2022-01-10 15:48:30,459 INFO toClientNotifyTaskSize = 0

2022-01-10 15:48:30,473 INFO [long-pulling] client count 0

2022-01-10 15:48:40,469 INFO toNotifyTaskSize = 0

2022-01-10 15:48:40,469 INFO groupCount = 0, subscriberClientCount = 0, subscriberCount = 0

2022-01-10 15:48:40,469 INFO toClientNotifyTaskSize = 0

2022-01-10 15:48:40,486 INFO [long-pulling] client count 0

2022-01-10 15:48:50,479 INFO toNotifyTaskSize = 0

2022-01-10 15:48:50,479 INFO groupCount = 0, subscriberClientCount = 0, subscriberCount = 0

2022-01-10 15:48:50,479 INFO toClientNotifyTaskSize = 0

2022-01-10 15:48:50,494 INFO [long-pulling] client count 0

2022-01-10 15:49:00,573 INFO toNotifyTaskSize = 0

2022-01-10 15:49:00,573 INFO toClientNotifyTaskSize = 0

2022-01-10 15:49:00,573 INFO groupCount = 0, subscriberClientCount = 0, subscriberCount = 0

2022-01-10 15:49:00,574 INFO [long-pulling] client count 0

2022-01-10 15:49:10,579 INFO groupCount = 0, subscriberClientCount = 0, subscriberCount = 0

2022-01-10 15:49:10,579 INFO toNotifyTaskSize = 0

2022-01-10 15:49:10,580 INFO toClientNotifyTaskSize = 0

2022-01-10 15:49:10,580 INFO [long-pulling] client count 0

2022-01-10 15:49:20,590 INFO toNotifyTaskSize = 0

2022-01-10 15:49:20,590 INFO toClientNotifyTaskSize = 0

2022-01-10 15:49:20,590 INFO groupCount = 0, subscriberClientCount = 0, subscriberCount = 0

2022-01-10 15:49:20,591 INFO [long-pulling] client count 0

2022-01-10 15:49:30,603 INFO toNotifyTaskSize = 0

2022-01-10 15:49:30,604 INFO toClientNotifyTaskSize = 0

2022-01-10 15:49:30,603 INFO [long-pulling] client count 0

2022-01-10 15:49:30,603 INFO groupCount = 0, subscriberClientCount = 0, subscriberCount = 0

2022-01-10 15:49:40,620 INFO [long-pulling] client count 0

2022-01-10 15:49:40,620 INFO toNotifyTaskSize = 0

2022-01-10 15:49:40,620 INFO toClientNotifyTaskSize = 0

2022-01-10 15:49:40,620 INFO groupCount = 0, subscriberClientCount = 0, subscriberCount = 0

2022-01-10 15:49:50,632 INFO [long-pulling] client count 0

2022-01-10 15:49:50,633 INFO toNotifyTaskSize = 0

2022-01-10 15:49:50,632 INFO groupCount = 0, subscriberClientCount = 0, subscriberCount = 0

2022-01-10 15:49:50,633 INFO toClientNotifyTaskSize = 0

2022-01-10 15:50:00,638 INFO [long-pulling] client count 0

2022-01-10 15:50:00,638 INFO groupCount = 0, subscriberClientCount = 0, subscriberCount = 0

2022-01-10 15:50:00,638 INFO toNotifyTaskSize = 0

2022-01-10 15:50:00,638 INFO toClientNotifyTaskSize = 0

2022-01-10 15:50:10,647 INFO toNotifyTaskSize = 0

2022-01-10 15:50:10,647 INFO groupCount = 0, subscriberClientCount = 0, subscriberCount = 0

2022-01-10 15:50:10,647 INFO toClientNotifyTaskSize = 0

2022-01-10 15:50:10,647 INFO [long-pulling] client count 0

2022-01-10 15:50:20,654 INFO groupCount = 0, subscriberClientCount = 0, subscriberCount = 0

2022-01-10 15:50:20,654 INFO [long-pulling] client count 0

2022-01-10 15:50:20,654 INFO toNotifyTaskSize = 0

2022-01-10 15:50:20,655 INFO toClientNotifyTaskSize = 0

2022-01-10 15:50:30,656 INFO toNotifyTaskSize = 0

2022-01-10 15:50:30,656 INFO [long-pulling] client count 0

2022-01-10 15:50:30,656 INFO groupCount = 0, subscriberClientCount = 0, subscriberCount = 0

2022-01-10 15:50:30,657 INFO toClientNotifyTaskSize = 0

2022-01-10 15:50:40,662 INFO [long-pulling] client count 0

2022-01-10 15:50:40,662 INFO groupCount = 0, subscriberClientCount = 0, subscriberCount = 0

2022-01-10 15:50:40,662 INFO toNotifyTaskSize = 0

2022-01-10 15:50:40,663 INFO toClientNotifyTaskSize = 0

2022-01-10 15:50:50,671 INFO toNotifyTaskSize = 0

2022-01-10 15:50:50,672 INFO groupCount = 0, subscriberClientCount = 0, subscriberCount = 0

2022-01-10 15:50:50,672 INFO [long-pulling] client count 0

2022-01-10 15:50:50,671 INFO toClientNotifyTaskSize = 0

2022-01-10 15:51:00,685 INFO toNotifyTaskSize = 0

2022-01-10 15:51:00,685 INFO groupCount = 0, subscriberClientCount = 0, subscriberCount = 0

2022-01-10 15:51:00,686 INFO [long-pulling] client count 0

2022-01-10 15:51:00,685 INFO toClientNotifyTaskSize = 0

2022-01-10 15:51:10,687 INFO [long-pulling] client count 0

2022-01-10 15:51:10,687 INFO toNotifyTaskSize = 0

2022-01-10 15:51:10,687 INFO groupCount = 0, subscriberClientCount = 0, subscriberCount = 0

2022-01-10 15:51:10,688 INFO toClientNotifyTaskSize = 0

2022-01-10 15:51:20,693 INFO groupCount = 0, subscriberClientCount = 0, subscriberCount = 0

2022-01-10 15:51:20,693 INFO toNotifyTaskSize = 0

2022-01-10 15:51:20,693 INFO [long-pulling] client count 0

2022-01-10 15:51:20,693 INFO toClientNotifyTaskSize = 0

2022-01-10 15:51:30,698 INFO [long-pulling] client count 0

2022-01-10 15:51:30,698 INFO groupCount = 0, subscriberClientCount = 0, subscriberCount = 0

2022-01-10 15:51:30,698 INFO toNotifyTaskSize = 0

2022-01-10 15:51:30,699 INFO toClientNotifyTaskSize = 0

2022-01-10 15:51:40,707 INFO toNotifyTaskSize = 0

2022-01-10 15:51:40,707 INFO toClientNotifyTaskSize = 0

2022-01-10 15:51:40,707 INFO groupCount = 0, subscriberClientCount = 0, subscriberCount = 0

2022-01-10 15:51:40,708 INFO [long-pulling] client count 0

2022-01-10 15:51:50,713 INFO [long-pulling] client count 0

2022-01-10 15:51:50,713 INFO groupCount = 0, subscriberClientCount = 0, subscriberCount = 0

2022-01-10 15:51:50,713 INFO toNotifyTaskSize = 0

2022-01-10 15:51:50,714 INFO toClientNotifyTaskSize = 0

2022-01-10 15:52:00,720 INFO [long-pulling] client count 0

2022-01-10 15:52:00,722 INFO toNotifyTaskSize = 0

2022-01-10 15:52:00,722 INFO groupCount = 0, subscriberClientCount = 0, subscriberCount = 0

2022-01-10 15:52:00,723 INFO toClientNotifyTaskSize = 0

2022-01-10 15:52:10,728 INFO toNotifyTaskSize = 0

2022-01-10 15:52:10,728 INFO groupCount = 0, subscriberClientCount = 0, subscriberCount = 0

2022-01-10 15:52:10,729 INFO [long-pulling] client count 0

2022-01-10 15:52:10,729 INFO toClientNotifyTaskSize = 0

2022-01-10 15:52:20,729 INFO [long-pulling] client count 0

2022-01-10 15:52:20,729 INFO toNotifyTaskSize = 0

2022-01-10 15:52:20,729 INFO groupCount = 0, subscriberClientCount = 0, subscriberCount = 0

2022-01-10 15:52:20,730 INFO toClientNotifyTaskSize = 0

2022-01-10 15:52:30,737 INFO groupCount = 0, subscriberClientCount = 0, subscriberCount = 0

2022-01-10 15:52:30,737 INFO toNotifyTaskSize = 0

2022-01-10 15:52:30,737 INFO [long-pulling] client count 0

2022-01-10 15:52:30,737 INFO toClientNotifyTaskSize = 0

2022-01-10 15:52:40,746 INFO [long-pulling] client count 0

2022-01-10 15:52:40,746 INFO toNotifyTaskSize = 0

2022-01-10 15:52:40,746 INFO groupCount = 0, subscriberClientCount = 0, subscriberCount = 0

2022-01-10 15:52:40,747 INFO toClientNotifyTaskSize = 0

2022-01-10 15:52:50,753 INFO groupCount = 0, subscriberClientCount = 0, subscriberCount = 0

2022-01-10 15:52:50,753 INFO toNotifyTaskSize = 0

2022-01-10 15:52:50,753 INFO toClientNotifyTaskSize = 0

2022-01-10 15:52:50,753 INFO [long-pulling] client count 0

2022-01-10 15:53:00,759 INFO [long-pulling] client count 0

2022-01-10 15:53:00,760 INFO groupCount = 0, subscriberClientCount = 0, subscriberCount = 0

2022-01-10 15:53:00,760 INFO toNotifyTaskSize = 0

2022-01-10 15:53:00,760 INFO toClientNotifyTaskSize = 0

2022-01-10 15:53:10,768 INFO toNotifyTaskSize = 0

2022-01-10 15:53:10,768 INFO [long-pulling] client count 0

2022-01-10 15:53:10,768 INFO toClientNotifyTaskSize = 0

2022-01-10 15:53:10,768 INFO groupCount = 0, subscriberClientCount = 0, subscriberCount = 0

2022-01-10 15:53:20,771 INFO groupCount = 0, subscriberClientCount = 0, subscriberCount = 0

2022-01-10 15:53:20,771 INFO [long-pulling] client count 0

2022-01-10 15:53:20,772 INFO toNotifyTaskSize = 0

2022-01-10 15:53:20,772 INFO toClientNotifyTaskSize = 0

2022-01-10 15:53:30,782 INFO toNotifyTaskSize = 0

2022-01-10 15:53:30,782 INFO groupCount = 0, subscriberClientCount = 0, subscriberCount = 0

2022-01-10 15:53:30,782 INFO [long-pulling] client count 0

2022-01-10 15:53:30,782 INFO toClientNotifyTaskSize = 0

2022-01-10 15:53:40,788 INFO toNotifyTaskSize = 0

2022-01-10 15:53:40,788 INFO groupCount = 0, subscriberClientCount = 0, subscriberCount = 0

2022-01-10 15:53:40,788 INFO toClientNotifyTaskSize = 0

2022-01-10 15:53:40,788 INFO [long-pulling] client count 0

2022-01-10 15:53:50,801 INFO toNotifyTaskSize = 0

2022-01-10 15:53:50,801 INFO [long-pulling] client count 0

2022-01-10 15:53:50,801 INFO toClientNotifyTaskSize = 0

2022-01-10 15:53:50,801 INFO groupCount = 0, subscriberClientCount = 0, subscriberCount = 0

2022-01-10 15:54:00,810 INFO toNotifyTaskSize = 0

2022-01-10 15:54:00,810 INFO groupCount = 0, subscriberClientCount = 0, subscriberCount = 0

2022-01-10 15:54:00,810 INFO toClientNotifyTaskSize = 0

2022-01-10 15:54:00,810 INFO [long-pulling] client count 0

2022-01-10 15:54:10,815 INFO toNotifyTaskSize = 0

2022-01-10 15:54:10,815 INFO toClientNotifyTaskSize = 0

2022-01-10 15:54:10,815 INFO groupCount = 0, subscriberClientCount = 0, subscriberCount = 0

2022-01-10 15:54:10,815 INFO [long-pulling] client count 0

2022-01-10 15:54:20,832 INFO groupCount = 0, subscriberClientCount = 0, subscriberCount = 0

2022-01-10 15:54:20,832 INFO [long-pulling] client count 0

2022-01-10 15:54:20,833 INFO toNotifyTaskSize = 0

2022-01-10 15:54:20,833 INFO toClientNotifyTaskSize = 0

2022-01-10 15:54:30,834 INFO [long-pulling] client count 0

2022-01-10 15:54:30,834 INFO groupCount = 0, subscriberClientCount = 0, subscriberCount = 0

2022-01-10 15:54:30,834 INFO toNotifyTaskSize = 0

2022-01-10 15:54:30,835 INFO toClientNotifyTaskSize = 0

2022-01-10 15:54:40,842 INFO [long-pulling] client count 0

2022-01-10 15:54:40,842 INFO toNotifyTaskSize = 0

2022-01-10 15:54:40,842 INFO toClientNotifyTaskSize = 0

2022-01-10 15:54:40,842 INFO groupCount = 0, subscriberClientCount = 0, subscriberCount = 0

2022-01-10 15:54:50,846 INFO [long-pulling] client count 0

2022-01-10 15:54:50,846 INFO toNotifyTaskSize = 0

2022-01-10 15:54:50,847 INFO groupCount = 0, subscriberClientCount = 0, subscriberCount = 0

2022-01-10 15:54:50,847 INFO toClientNotifyTaskSize = 0

2022-01-10 15:55:00,860 INFO [long-pulling] client count 0

2022-01-10 15:55:00,860 INFO toNotifyTaskSize = 0

2022-01-10 15:55:00,860 INFO groupCount = 0, subscriberClientCount = 0, subscriberCount = 0

2022-01-10 15:55:00,860 INFO toClientNotifyTaskSize = 0

2022-01-10 15:55:10,873 INFO [long-pulling] client count 0

2022-01-10 15:55:10,873 INFO toNotifyTaskSize = 0

2022-01-10 15:55:10,874 INFO groupCount = 0, subscriberClientCount = 0, subscriberCount = 0

2022-01-10 15:55:10,874 INFO toClientNotifyTaskSize = 0

2022-01-10 15:55:20,885 INFO [long-pulling] client count 0

2022-01-10 15:55:20,885 INFO toNotifyTaskSize = 0

2022-01-10 15:55:20,885 INFO groupCount = 0, subscriberClientCount = 0, subscriberCount = 0

2022-01-10 15:55:20,885 INFO toClientNotifyTaskSize = 0

2022-01-10 15:55:30,886 INFO [long-pulling] client count 0

2022-01-10 15:55:30,886 INFO groupCount = 0, subscriberClientCount = 0, subscriberCount = 0

2022-01-10 15:55:30,886 INFO toNotifyTaskSize = 0

2022-01-10 15:55:30,887 INFO toClientNotifyTaskSize = 0

2022-01-10 15:55:40,898 INFO toNotifyTaskSize = 0

2022-01-10 15:55:40,898 INFO groupCount = 0, subscriberClientCount = 0, subscriberCount = 0

2022-01-10 15:55:40,898 INFO [long-pulling] client count 0

2022-01-10 15:55:40,899 INFO toClientNotifyTaskSize = 0

2022-01-10 15:55:50,900 INFO toNotifyTaskSize = 0

2022-01-10 15:55:50,901 INFO [long-pulling] client count 0

2022-01-10 15:55:50,901 INFO toClientNotifyTaskSize = 0

2022-01-10 15:55:50,901 INFO groupCount = 0, subscriberClientCount = 0, subscriberCount = 0

2022-01-10 15:56:00,903 INFO [long-pulling] client count 0

2022-01-10 15:56:00,903 INFO groupCount = 0, subscriberClientCount = 0, subscriberCount = 0

2022-01-10 15:56:00,904 INFO toNotifyTaskSize = 0

2022-01-10 15:56:00,904 INFO toClientNotifyTaskSize = 0

2022-01-10 15:56:10,910 INFO [long-pulling] client count 0

2022-01-10 15:56:10,911 INFO groupCount = 0, subscriberClientCount = 0, subscriberCount = 0

2022-01-10 15:56:10,911 INFO toNotifyTaskSize = 0

2022-01-10 15:56:10,912 INFO toClientNotifyTaskSize = 0

2022-01-10 15:56:20,920 INFO toNotifyTaskSize = 0

2022-01-10 15:56:20,920 INFO toClientNotifyTaskSize = 0

2022-01-10 15:56:20,920 INFO groupCount = 0, subscriberClientCount = 0, subscriberCount = 0

2022-01-10 15:56:20,920 INFO [long-pulling] client count 0

2022-01-10 15:56:30,926 INFO [long-pulling] client count 0

2022-01-10 15:56:30,926 INFO groupCount = 0, subscriberClientCount = 0, subscriberCount = 0

2022-01-10 15:56:30,926 INFO toNotifyTaskSize = 0

2022-01-10 15:56:30,926 INFO toClientNotifyTaskSize = 0

2022-01-10 15:56:40,938 INFO toNotifyTaskSize = 0

2022-01-10 15:56:40,939 INFO [long-pulling] client count 0

2022-01-10 15:56:40,938 INFO groupCount = 0, subscriberClientCount = 0, subscriberCount = 0

2022-01-10 15:56:40,939 INFO toClientNotifyTaskSize = 0

2022-01-10 15:56:50,953 INFO [long-pulling] client count 0

2022-01-10 15:56:50,953 INFO toNotifyTaskSize = 0

2022-01-10 15:56:50,953 INFO toClientNotifyTaskSize = 0

2022-01-10 15:56:50,953 INFO groupCount = 0, subscriberClientCount = 0, subscriberCount = 0

2022-01-10 15:57:00,964 INFO toNotifyTaskSize = 0

2022-01-10 15:57:00,964 INFO [long-pulling] client count 0

2022-01-10 15:57:00,964 INFO groupCount = 0, subscriberClientCount = 0, subscriberCount = 0

2022-01-10 15:57:00,966 INFO toClientNotifyTaskSize = 0

2022-01-10 15:57:10,978 INFO [long-pulling] client count 0

2022-01-10 15:57:10,978 INFO groupCount = 0, subscriberClientCount = 0, subscriberCount = 0

2022-01-10 15:57:10,978 INFO toNotifyTaskSize = 0

2022-01-10 15:57:10,979 INFO toClientNotifyTaskSize = 0

2022-01-10 15:57:20,980 INFO groupCount = 0, subscriberClientCount = 0, subscriberCount = 0

2022-01-10 15:57:20,981 INFO [long-pulling] client count 0

2022-01-10 15:57:20,980 INFO toNotifyTaskSize = 0

2022-01-10 15:57:20,981 INFO toClientNotifyTaskSize = 0

2022-01-10 15:57:30,989 INFO [long-pulling] client count 0

2022-01-10 15:57:30,989 INFO toNotifyTaskSize = 0

2022-01-10 15:57:30,989 INFO groupCount = 0, subscriberClientCount = 0, subscriberCount = 0

2022-01-10 15:57:30,990 INFO toClientNotifyTaskSize = 0

2022-01-10 15:57:41,004 INFO [long-pulling] client count 0

2022-01-10 15:57:41,005 INFO groupCount = 0, subscriberClientCount = 0, subscriberCount = 0

2022-01-10 15:57:41,005 INFO toNotifyTaskSize = 0

2022-01-10 15:57:41,006 INFO toClientNotifyTaskSize = 0

2022-01-10 15:57:51,013 INFO [long-pulling] client count 0

2022-01-10 15:57:51,013 INFO groupCount = 0, subscriberClientCount = 0, subscriberCount = 0

2022-01-10 15:57:51,013 INFO toNotifyTaskSize = 0

2022-01-10 15:57:51,014 INFO toClientNotifyTaskSize = 0

2022-01-10 15:58:01,029 INFO toNotifyTaskSize = 0

2022-01-10 15:58:01,029 INFO toClientNotifyTaskSize = 0

2022-01-10 15:58:01,029 INFO groupCount = 0, subscriberClientCount = 0, subscriberCount = 0

2022-01-10 15:58:01,030 INFO [long-pulling] client count 0

2022-01-10 15:58:11,032 INFO [long-pulling] client count 0

2022-01-10 15:58:11,033 INFO groupCount = 0, subscriberClientCount = 0, subscriberCount = 0

2022-01-10 15:58:11,032 INFO toNotifyTaskSize = 0

2022-01-10 15:58:11,033 INFO toClientNotifyTaskSize = 0

2022-01-10 15:58:21,043 INFO groupCount = 0, subscriberClientCount = 0, subscriberCount = 0

2022-01-10 15:58:21,043 INFO [long-pulling] client count 0

2022-01-10 15:58:21,043 INFO toNotifyTaskSize = 0

2022-01-10 15:58:21,044 INFO toClientNotifyTaskSize = 0

2022-01-10 15:58:31,053 INFO toNotifyTaskSize = 0

2022-01-10 15:58:31,054 INFO groupCount = 0, subscriberClientCount = 0, subscriberCount = 0

2022-01-10 15:58:31,054 INFO [long-pulling] client count 0

2022-01-10 15:58:31,054 INFO toClientNotifyTaskSize = 0

2022-01-10 15:58:41,066 INFO toNotifyTaskSize = 0

2022-01-10 15:58:41,066 INFO toClientNotifyTaskSize = 0

2022-01-10 15:58:41,067 INFO groupCount = 0, subscriberClientCount = 0, subscriberCount = 0

2022-01-10 15:58:41,067 INFO [long-pulling] client count 0

2022-01-10 15:58:51,067 INFO toNotifyTaskSize = 0

2022-01-10 15:58:51,067 INFO groupCount = 0, subscriberClientCount = 0, subscriberCount = 0

2022-01-10 15:58:51,068 INFO toClientNotifyTaskSize = 0

2022-01-10 15:58:51,083 INFO [long-pulling] client count 0

2022-01-10 15:59:01,081 INFO toNotifyTaskSize = 0

2022-01-10 15:59:01,081 INFO toClientNotifyTaskSize = 0

2022-01-10 15:59:01,081 INFO groupCount = 0, subscriberClientCount = 0, subscriberCount = 0

2022-01-10 15:59:01,095 INFO [long-pulling] client count 0

2022-01-10 15:59:11,082 INFO toNotifyTaskSize = 0

2022-01-10 15:59:11,082 INFO groupCount = 0, subscriberClientCount = 0, subscriberCount = 0

2022-01-10 15:59:11,082 INFO toClientNotifyTaskSize = 0

2022-01-10 15:59:11,096 INFO [long-pulling] client count 0

2022-01-10 15:59:21,086 INFO toNotifyTaskSize = 0

2022-01-10 15:59:21,086 INFO groupCount = 0, subscriberClientCount = 0, subscriberCount = 0

2022-01-10 15:59:21,086 INFO toClientNotifyTaskSize = 0

2022-01-10 15:59:21,101 INFO [long-pulling] client count 0

2022-01-10 15:59:31,090 INFO toNotifyTaskSize = 0

2022-01-10 15:59:31,090 INFO groupCount = 0, subscriberClientCount = 0, subscriberCount = 0

2022-01-10 15:59:31,090 INFO toClientNotifyTaskSize = 0

2022-01-10 15:59:31,106 INFO [long-pulling] client count 0

2022-01-10 15:59:41,103 INFO toNotifyTaskSize = 0

2022-01-10 15:59:41,104 INFO toClientNotifyTaskSize = 0

2022-01-10 15:59:41,104 INFO groupCount = 0, subscriberClientCount = 0, subscriberCount = 0

2022-01-10 15:59:41,119 INFO [long-pulling] client count 0

2022-01-10 15:59:51,119 INFO groupCount = 0, subscriberClientCount = 0, subscriberCount = 0

2022-01-10 15:59:51,119 INFO toNotifyTaskSize = 0

2022-01-10 15:59:51,119 INFO toClientNotifyTaskSize = 0

2022-01-10 15:59:51,139 INFO [long-pulling] client count 0

2022-01-10 16:00:01,130 INFO toNotifyTaskSize = 0

2022-01-10 16:00:01,130 INFO toClientNotifyTaskSize = 0

2022-01-10 16:00:01,130 INFO groupCount = 0, subscriberClientCount = 0, subscriberCount = 0

2022-01-10 16:00:01,147 INFO [long-pulling] client count 0

2022-01-10 16:00:11,131 INFO toNotifyTaskSize = 0

2022-01-10 16:00:11,131 INFO groupCount = 0, subscriberClientCount = 0, subscriberCount = 0

2022-01-10 16:00:11,131 INFO toClientNotifyTaskSize = 0

2022-01-10 16:00:11,162 INFO [long-pulling] client count 0

2022-01-10 16:00:21,133 INFO toNotifyTaskSize = 0

2022-01-10 16:00:21,133 INFO groupCount = 0, subscriberClientCount = 0, subscriberCount = 0

2022-01-10 16:00:21,133 INFO toClientNotifyTaskSize = 0

2022-01-10 16:00:21,164 INFO [long-pulling] client count 0

2022-01-10 16:00:31,143 INFO toNotifyTaskSize = 0

2022-01-10 16:00:31,143 INFO toClientNotifyTaskSize = 0

2022-01-10 16:00:31,143 INFO groupCount = 0, subscriberClientCount = 0, subscriberCount = 0

2022-01-10 16:00:31,177 INFO [long-pulling] client count 0

2022-01-10 16:00:41,145 INFO groupCount = 0, subscriberClientCount = 0, subscriberCount = 0

2022-01-10 16:00:41,145 INFO toNotifyTaskSize = 0

2022-01-10 16:00:41,145 INFO toClientNotifyTaskSize = 0

2022-01-10 16:00:41,191 INFO [long-pulling] client count 0

2022-01-10 16:00:51,155 INFO toNotifyTaskSize = 0

2022-01-10 16:00:51,156 INFO toClientNotifyTaskSize = 0

2022-01-10 16:00:51,156 INFO groupCount = 0, subscriberClientCount = 0, subscriberCount = 0

2022-01-10 16:00:51,203 INFO [long-pulling] client count 0

2022-01-10 16:01:01,169 INFO toNotifyTaskSize = 0

2022-01-10 16:01:01,169 INFO groupCount = 0, subscriberClientCount = 0, subscriberCount = 0

2022-01-10 16:01:01,171 INFO toClientNotifyTaskSize = 0

2022-01-10 16:01:01,216 INFO [long-pulling] client count 0

2022-01-10 16:01:11,185 INFO toNotifyTaskSize = 0

2022-01-10 16:01:11,185 INFO toClientNotifyTaskSize = 0

2022-01-10 16:01:11,185 INFO groupCount = 0, subscriberClientCount = 0, subscriberCount = 0

2022-01-10 16:01:11,217 INFO [long-pulling] client count 0

2022-01-10 16:01:21,191 INFO groupCount = 0, subscriberClientCount = 0, subscriberCount = 0

2022-01-10 16:01:21,191 INFO toNotifyTaskSize = 0

2022-01-10 16:01:21,192 INFO toClientNotifyTaskSize = 0

2022-01-10 16:01:21,220 INFO [long-pulling] client count 0

2022-01-10 16:01:31,205 INFO toNotifyTaskSize = 0

2022-01-10 16:01:31,205 INFO toClientNotifyTaskSize = 0

2022-01-10 16:01:31,205 INFO groupCount = 0, subscriberClientCount = 0, subscriberCount = 0

2022-01-10 16:01:31,221 INFO [long-pulling] client count 0

2022-01-10 16:01:41,207 INFO toNotifyTaskSize = 0

2022-01-10 16:01:41,207 INFO groupCount = 0, subscriberClientCount = 0, subscriberCount = 0

2022-01-10 16:01:41,207 INFO toClientNotifyTaskSize = 0

2022-01-10 16:01:41,222 INFO [long-pulling] client count 0

2022-01-10 16:01:51,208 INFO toNotifyTaskSize = 0

2022-01-10 16:01:51,208 INFO groupCount = 0, subscriberClientCount = 0, subscriberCount = 0

2022-01-10 16:01:51,209 INFO toClientNotifyTaskSize = 0

2022-01-10 16:01:51,228 INFO [long-pulling] client count 0

2022-01-10 16:02:01,214 INFO toNotifyTaskSize = 0

2022-01-10 16:02:01,214 INFO groupCount = 0, subscriberClientCount = 0, subscriberCount = 0

2022-01-10 16:02:01,214 INFO toClientNotifyTaskSize = 0

2022-01-10 16:02:01,230 INFO [long-pulling] client count 0

2022-01-10 16:02:11,224 INFO groupCount = 0, subscriberClientCount = 0, subscriberCount = 0

2022-01-10 16:02:11,224 INFO toNotifyTaskSize = 0

2022-01-10 16:02:11,224 INFO toClientNotifyTaskSize = 0

2022-01-10 16:02:11,239 INFO [long-pulling] client count 0

2022-01-10 16:02:21,235 INFO groupCount = 0, subscriberClientCount = 0, subscriberCount = 0

2022-01-10 16:02:21,235 INFO toNotifyTaskSize = 0

2022-01-10 16:02:21,235 INFO toClientNotifyTaskSize = 0

2022-01-10 16:02:21,251 INFO [long-pulling] client count 0

2022-01-10 16:02:31,246 INFO groupCount = 0, subscriberClientCount = 0, subscriberCount = 0

2022-01-10 16:02:31,246 INFO toNotifyTaskSize = 0

2022-01-10 16:02:31,246 INFO toClientNotifyTaskSize = 0

2022-01-10 16:02:31,262 INFO [long-pulling] client count 0

2022-01-10 16:02:41,256 INFO toNotifyTaskSize = 0

2022-01-10 16:02:41,256 INFO groupCount = 0, subscriberClientCount = 0, subscriberCount = 0

2022-01-10 16:02:41,257 INFO toClientNotifyTaskSize = 0

2022-01-10 16:02:41,272 INFO [long-pulling] client count 0

2022-01-10 16:02:51,271 INFO groupCount = 0, subscriberClientCount = 0, subscriberCount = 0

2022-01-10 16:02:51,271 INFO toNotifyTaskSize = 0

2022-01-10 16:02:51,272 INFO toClientNotifyTaskSize = 0

2022-01-10 16:02:51,286 INFO [long-pulling] client count 0

2022-01-10 16:03:01,285 INFO groupCount = 0, subscriberClientCount = 0, subscriberCount = 0

2022-01-10 16:03:01,285 INFO toNotifyTaskSize = 0

2022-01-10 16:03:01,285 INFO toClientNotifyTaskSize = 0

2022-01-10 16:03:01,300 INFO [long-pulling] client count 0

2022-01-10 16:03:11,291 INFO toNotifyTaskSize = 0

2022-01-10 16:03:11,291 INFO groupCount = 0, subscriberClientCount = 0, subscriberCount = 0

2022-01-10 16:03:11,291 INFO toClientNotifyTaskSize = 0

2022-01-10 16:03:11,307 INFO [long-pulling] client count 0

2022-01-10 16:03:21,303 INFO toNotifyTaskSize = 0

2022-01-10 16:03:21,303 INFO groupCount = 0, subscriberClientCount = 0, subscriberCount = 0

2022-01-10 16:03:21,303 INFO toClientNotifyTaskSize = 0

2022-01-10 16:03:21,319 INFO [long-pulling] client count 0

2022-01-10 16:03:31,310 INFO groupCount = 0, subscriberClientCount = 0, subscriberCount = 0

2022-01-10 16:03:31,310 INFO toNotifyTaskSize = 0

2022-01-10 16:03:31,310 INFO toClientNotifyTaskSize = 0

2022-01-10 16:03:31,326 INFO [long-pulling] client count 0

2022-01-10 16:03:41,317 INFO toNotifyTaskSize = 0

2022-01-10 16:03:41,318 INFO toClientNotifyTaskSize = 0

2022-01-10 16:03:41,317 INFO groupCount = 0, subscriberClientCount = 0, subscriberCount = 0

2022-01-10 16:03:41,335 INFO [long-pulling] client count 0

2022-01-10 16:03:51,332 INFO groupCount = 0, subscriberClientCount = 0, subscriberCount = 0

2022-01-10 16:03:51,333 INFO toNotifyTaskSize = 0

2022-01-10 16:03:51,333 INFO toClientNotifyTaskSize = 0

2022-01-10 16:03:51,349 INFO [long-pulling] client count 0

2022-01-10 16:04:01,339 INFO groupCount = 0, subscriberClientCount = 0, subscriberCount = 0

2022-01-10 16:04:01,339 INFO toNotifyTaskSize = 0

2022-01-10 16:04:01,339 INFO toClientNotifyTaskSize = 0

2022-01-10 16:04:01,355 INFO [long-pulling] client count 0

2022-01-10 16:04:11,347 INFO toNotifyTaskSize = 0

2022-01-10 16:04:11,347 INFO toClientNotifyTaskSize = 0

2022-01-10 16:04:11,347 INFO groupCount = 0, subscriberClientCount = 0, subscriberCount = 0

2022-01-10 16:04:11,363 INFO [long-pulling] client count 0

2022-01-10 16:04:21,352 INFO toNotifyTaskSize = 0

2022-01-10 16:04:21,352 INFO toClientNotifyTaskSize = 0

2022-01-10 16:04:21,352 INFO groupCount = 0, subscriberClientCount = 0, subscriberCount = 0

2022-01-10 16:04:21,367 INFO [long-pulling] client count 0

2022-01-10 16:04:31,357 INFO groupCount = 0, subscriberClientCount = 0, subscriberCount = 0

2022-01-10 16:04:31,357 INFO toNotifyTaskSize = 0

2022-01-10 16:04:31,358 INFO toClientNotifyTaskSize = 0

2022-01-10 16:04:31,372 INFO [long-pulling] client count 0

2022-01-10 16:04:41,370 INFO toNotifyTaskSize = 0

2022-01-10 16:04:41,370 INFO groupCount = 0, subscriberClientCount = 0, subscriberCount = 0

2022-01-10 16:04:41,370 INFO toClientNotifyTaskSize = 0

2022-01-10 16:04:41,385 INFO [long-pulling] client count 0

2022-01-10 16:04:51,380 INFO toNotifyTaskSize = 0

2022-01-10 16:04:51,380 INFO groupCount = 0, subscriberClientCount = 0, subscriberCount = 0

2022-01-10 16:04:51,380 INFO toClientNotifyTaskSize = 0

2022-01-10 16:04:51,396 INFO [long-pulling] client count 0

2022-01-10 16:05:01,384 INFO toNotifyTaskSize = 0

2022-01-10 16:05:01,384 INFO groupCount = 0, subscriberClientCount = 0, subscriberCount = 0

2022-01-10 16:05:01,384 INFO toClientNotifyTaskSize = 0

2022-01-10 16:05:01,399 INFO [long-pulling] client count 0

2022-01-10 16:05:11,385 INFO toNotifyTaskSize = 0

2022-01-10 16:05:11,385 INFO groupCount = 0, subscriberClientCount = 0, subscriberCount = 0

2022-01-10 16:05:11,386 INFO toClientNotifyTaskSize = 0

2022-01-10 16:05:11,419 INFO [long-pulling] client count 0

2022-01-10 16:05:21,400 INFO toNotifyTaskSize = 0

2022-01-10 16:05:21,400 INFO groupCount = 0, subscriberClientCount = 0, subscriberCount = 0

2022-01-10 16:05:21,400 INFO toClientNotifyTaskSize = 0

2022-01-10 16:05:21,430 INFO [long-pulling] client count 0

2022-01-10 16:05:31,407 INFO toNotifyTaskSize = 0

2022-01-10 16:05:31,408 INFO toClientNotifyTaskSize = 0

2022-01-10 16:05:31,407 INFO groupCount = 0, subscriberClientCount = 0, subscriberCount = 0

2022-01-10 16:05:31,439 INFO [long-pulling] client count 0

2022-01-10 16:05:41,422 INFO groupCount = 0, subscriberClientCount = 0, subscriberCount = 0

2022-01-10 16:05:41,422 INFO toNotifyTaskSize = 0

2022-01-10 16:05:41,422 INFO toClientNotifyTaskSize = 0

2022-01-10 16:05:41,454 INFO [long-pulling] client count 0

2022-01-10 16:05:51,427 INFO toNotifyTaskSize = 0

2022-01-10 16:05:51,427 INFO groupCount = 0, subscriberClientCount = 0, subscriberCount = 0

2022-01-10 16:05:51,427 INFO toClientNotifyTaskSize = 0

2022-01-10 16:05:51,458 INFO [long-pulling] client count 0

2022-01-10 16:06:01,442 INFO toNotifyTaskSize = 0

2022-01-10 16:06:01,442 INFO groupCount = 0, subscriberClientCount = 0, subscriberCount = 0

2022-01-10 16:06:01,442 INFO toClientNotifyTaskSize = 0

2022-01-10 16:06:01,473 INFO [long-pulling] client count 0

2022-01-10 16:06:11,447 INFO groupCount = 0, subscriberClientCount = 0, subscriberCount = 0

2022-01-10 16:06:11,447 INFO toNotifyTaskSize = 0

2022-01-10 16:06:11,447 INFO toClientNotifyTaskSize = 0

2022-01-10 16:06:11,477 INFO [long-pulling] client count 0

2022-01-10 16:06:21,462 INFO toNotifyTaskSize = 0

2022-01-10 16:06:21,462 INFO groupCount = 0, subscriberClientCount = 0, subscriberCount = 0

2022-01-10 16:06:21,462 INFO toClientNotifyTaskSize = 0

2022-01-10 16:06:21,492 INFO [long-pulling] client count 0

2022-01-10 16:06:31,477 INFO toNotifyTaskSize = 0

2022-01-10 16:06:31,477 INFO groupCount = 0, subscriberClientCount = 0, subscriberCount = 0

2022-01-10 16:06:31,478 INFO toClientNotifyTaskSize = 0

2022-01-10 16:06:31,507 INFO [long-pulling] client count 0

2022-01-10 16:06:41,483 INFO toNotifyTaskSize = 0

2022-01-10 16:06:41,483 INFO toClientNotifyTaskSize = 0

2022-01-10 16:06:41,483 INFO groupCount = 0, subscriberClientCount = 0, subscriberCount = 0

2022-01-10 16:06:41,513 INFO [long-pulling] client count 0

2022-01-10 16:06:51,496 INFO groupCount = 0, subscriberClientCount = 0, subscriberCount = 0

2022-01-10 16:06:51,496 INFO toNotifyTaskSize = 0

2022-01-10 16:06:51,496 INFO toClientNotifyTaskSize = 0

2022-01-10 16:06:51,527 INFO [long-pulling] client count 0

2022-01-10 16:07:01,499 INFO toNotifyTaskSize = 0

2022-01-10 16:07:01,499 INFO toClientNotifyTaskSize = 0

2022-01-10 16:07:01,499 INFO groupCount = 0, subscriberClientCount = 0, subscriberCount = 0

2022-01-10 16:07:01,530 INFO [long-pulling] client count 0

2022-01-10 16:07:11,507 INFO groupCount = 0, subscriberClientCount = 0, subscriberCount = 0

2022-01-10 16:07:11,507 INFO toNotifyTaskSize = 0

2022-01-10 16:07:11,507 INFO toClientNotifyTaskSize = 0

2022-01-10 16:07:11,537 INFO [long-pulling] client count 0

2022-01-10 16:07:21,514 INFO toNotifyTaskSize = 0

2022-01-10 16:07:21,514 INFO groupCount = 0, subscriberClientCount = 0, subscriberCount = 0

2022-01-10 16:07:21,514 INFO toClientNotifyTaskSize = 0

2022-01-10 16:07:21,546 INFO [long-pulling] client count 0

2022-01-10 16:07:31,523 INFO toNotifyTaskSize = 0

2022-01-10 16:07:31,523 INFO groupCount = 0, subscriberClientCount = 0, subscriberCount = 0

2022-01-10 16:07:31,524 INFO toClientNotifyTaskSize = 0

2022-01-10 16:07:31,553 INFO [long-pulling] client count 0

2022-01-10 16:07:41,539 INFO toNotifyTaskSize = 0

2022-01-10 16:07:41,540 INFO toClientNotifyTaskSize = 0

2022-01-10 16:07:41,540 INFO groupCount = 0, subscriberClientCount = 0, subscriberCount = 0

2022-01-10 16:07:41,556 INFO [long-pulling] client count 0

2022-01-10 16:07:51,553 INFO groupCount = 0, subscriberClientCount = 0, subscriberCount = 0

2022-01-10 16:07:51,554 INFO toNotifyTaskSize = 0

2022-01-10 16:07:51,554 INFO toClientNotifyTaskSize = 0

2022-01-10 16:07:51,560 INFO [long-pulling] client count 0

2022-01-10 16:08:01,639 INFO toNotifyTaskSize = 0

2022-01-10 16:08:01,639 INFO toClientNotifyTaskSize = 0

2022-01-10 16:08:01,640 INFO groupCount = 0, subscriberClientCount = 0, subscriberCount = 0

2022-01-10 16:08:01,640 INFO [long-pulling] client count 0

2022-01-10 16:08:11,646 INFO toNotifyTaskSize = 0

2022-01-10 16:08:11,646 INFO groupCount = 0, subscriberClientCount = 0, subscriberCount = 0

2022-01-10 16:08:11,646 INFO [long-pulling] client count 0

2022-01-10 16:08:11,646 INFO toClientNotifyTaskSize = 0

2022-01-10 16:08:21,648 INFO toNotifyTaskSize = 0

2022-01-10 16:08:21,648 INFO groupCount = 0, subscriberClientCount = 0, subscriberCount = 0

2022-01-10 16:08:21,648 INFO toClientNotifyTaskSize = 0

2022-01-10 16:08:21,648 INFO [long-pulling] client count 0

2022-01-10 16:08:31,669 INFO [long-pulling] client count 0

2022-01-10 16:08:31,671 INFO toNotifyTaskSize = 0

2022-01-10 16:08:31,683 INFO toClientNotifyTaskSize = 0

2022-01-10 16:08:31,672 INFO groupCount = 0, subscriberClientCount = 0, subscriberCount = 0

2022-01-10 16:08:41,683 INFO toNotifyTaskSize = 0

2022-01-10 16:08:41,683 INFO toClientNotifyTaskSize = 0

2022-01-10 16:08:41,683 INFO [long-pulling] client count 0

2022-01-10 16:08:41,699 INFO groupCount = 0, subscriberClientCount = 0, subscriberCount = 0

2022-01-10 16:08:51,684 INFO [long-pulling] client count 0

2022-01-10 16:08:51,684 INFO toNotifyTaskSize = 0

2022-01-10 16:08:51,685 INFO toClientNotifyTaskSize = 0

2022-01-10 16:08:51,714 INFO groupCount = 0, subscriberClientCount = 0, subscriberCount = 0

2022-01-10 16:09:01,692 INFO [long-pulling] client count 0

2022-01-10 16:09:01,692 INFO toNotifyTaskSize = 0

2022-01-10 16:09:01,692 INFO toClientNotifyTaskSize = 0

2022-01-10 16:09:01,722 INFO groupCount = 0, subscriberClientCount = 0, subscriberCount = 0

2022-01-10 16:09:11,701 INFO toNotifyTaskSize = 0

2022-01-10 16:09:11,701 INFO [long-pulling] client count 0

2022-01-10 16:09:11,701 INFO toClientNotifyTaskSize = 0

2022-01-10 16:09:11,733 INFO groupCount = 0, subscriberClientCount = 0, subscriberCount = 0

2022-01-10 16:09:21,705 INFO [long-pulling] client count 0

2022-01-10 16:09:21,705 INFO toNotifyTaskSize = 0

2022-01-10 16:09:21,705 INFO toClientNotifyTaskSize = 0

2022-01-10 16:09:21,751 INFO groupCount = 0, subscriberClientCount = 0, subscriberCount = 0

2022-01-10 16:09:31,708 INFO [long-pulling] client count 0

2022-01-10 16:09:31,708 INFO toNotifyTaskSize = 0

2022-01-10 16:09:31,708 INFO toClientNotifyTaskSize = 0

2022-01-10 16:09:31,762 INFO groupCount = 0, subscriberClientCount = 0, subscriberCount = 0

2022-01-10 16:09:41,718 INFO toNotifyTaskSize = 0

2022-01-10 16:09:41,718 INFO toClientNotifyTaskSize = 0

2022-01-10 16:09:41,718 INFO [long-pulling] client count 0

2022-01-10 16:09:41,777 INFO groupCount = 0, subscriberClientCount = 0, subscriberCount = 0

2022-01-10 16:09:51,731 INFO toNotifyTaskSize = 0

2022-01-10 16:09:51,731 INFO [long-pulling] client count 0

2022-01-10 16:09:51,731 INFO toClientNotifyTaskSize = 0

2022-01-10 16:09:51,778 INFO groupCount = 0, subscriberClientCount = 0, subscriberCount = 0

2022-01-10 16:10:01,753 INFO toNotifyTaskSize = 0

2022-01-10 16:10:01,753 INFO toClientNotifyTaskSize = 0

2022-01-10 16:10:01,753 INFO [long-pulling] client count 0

2022-01-10 16:10:01,789 INFO groupCount = 0, subscriberClientCount = 0, subscriberCount = 0

2022-01-10 16:10:11,766 INFO toNotifyTaskSize = 0

2022-01-10 16:10:11,766 INFO toClientNotifyTaskSize = 0

2022-01-10 16:10:11,766 INFO [long-pulling] client count 0

2022-01-10 16:10:11,819 INFO groupCount = 0, subscriberClientCount = 0, subscriberCount = 0

2022-01-10 16:10:21,777 INFO [long-pulling] client count 0

2022-01-10 16:10:21,777 INFO toNotifyTaskSize = 0

2022-01-10 16:10:21,781 INFO toClientNotifyTaskSize = 0

2022-01-10 16:10:21,822 INFO groupCount = 0, subscriberClientCount = 0, subscriberCount = 0

2022-01-10 16:10:31,794 INFO toNotifyTaskSize = 0

2022-01-10 16:10:31,795 INFO [long-pulling] client count 0

2022-01-10 16:10:31,795 INFO toClientNotifyTaskSize = 0

2022-01-10 16:10:31,826 INFO groupCount = 0, subscriberClientCount = 0, subscriberCount = 0

2022-01-10 16:10:41,800 INFO [long-pulling] client count 0

2022-01-10 16:10:41,800 INFO toNotifyTaskSize = 0

2022-01-10 16:10:41,800 INFO toClientNotifyTaskSize = 0

2022-01-10 16:10:41,831 INFO groupCount = 0, subscriberClientCount = 0, subscriberCount = 0

2022-01-10 16:10:51,802 INFO toNotifyTaskSize = 0

2022-01-10 16:10:51,803 INFO toClientNotifyTaskSize = 0

2022-01-10 16:10:51,803 INFO [long-pulling] client count 0

2022-01-10 16:10:51,847 INFO groupCount = 0, subscriberClientCount = 0, subscriberCount = 0

2022-01-10 16:11:01,817 INFO toNotifyTaskSize = 0

2022-01-10 16:11:01,817 INFO [long-pulling] client count 0

2022-01-10 16:11:01,817 INFO toClientNotifyTaskSize = 0

2022-01-10 16:11:01,848 INFO groupCount = 0, subscriberClientCount = 0, subscriberCount = 0

2022-01-10 16:11:11,826 INFO [long-pulling] client count 0

2022-01-10 16:11:11,826 INFO toNotifyTaskSize = 0

2022-01-10 16:11:11,826 INFO toClientNotifyTaskSize = 0

2022-01-10 16:11:11,858 INFO groupCount = 0, subscriberClientCount = 0, subscriberCount = 0

2022-01-10 16:11:21,834 INFO toNotifyTaskSize = 0

2022-01-10 16:11:21,834 INFO [long-pulling] client count 0

2022-01-10 16:11:21,834 INFO toClientNotifyTaskSize = 0

2022-01-10 16:11:21,866 INFO groupCount = 0, subscriberClientCount = 0, subscriberCount = 0

2022-01-10 16:11:31,844 INFO [long-pulling] client count 0

2022-01-10 16:11:31,844 INFO toNotifyTaskSize = 0

2022-01-10 16:11:31,844 INFO toClientNotifyTaskSize = 0

2022-01-10 16:11:31,876 INFO groupCount = 0, subscriberClientCount = 0, subscriberCount = 0

2022-01-10 16:11:41,853 INFO [long-pulling] client count 0

2022-01-10 16:11:41,856 INFO toNotifyTaskSize = 0

2022-01-10 16:11:41,856 INFO toClientNotifyTaskSize = 0

2022-01-10 16:11:41,881 INFO groupCount = 0, subscriberClientCount = 0, subscriberCount = 0

2022-01-10 16:11:51,868 INFO [long-pulling] client count 0

2022-01-10 16:11:51,869 INFO toNotifyTaskSize = 0

2022-01-10 16:11:51,869 INFO toClientNotifyTaskSize = 0

2022-01-10 16:11:51,895 INFO groupCount = 0, subscriberClientCount = 0, subscriberCount = 0

2022-01-10 16:12:01,876 INFO toNotifyTaskSize = 0

2022-01-10 16:12:01,876 INFO toClientNotifyTaskSize = 0

2022-01-10 16:12:01,876 INFO [long-pulling] client count 0

2022-01-10 16:12:01,908 INFO groupCount = 0, subscriberClientCount = 0, subscriberCount = 0

2022-01-10 16:12:11,888 INFO toNotifyTaskSize = 0

2022-01-10 16:12:11,888 INFO toClientNotifyTaskSize = 0

2022-01-10 16:12:11,888 INFO [long-pulling] client count 0

2022-01-10 16:12:11,909 INFO groupCount = 0, subscriberClientCount = 0, subscriberCount = 0

2022-01-10 16:12:21,889 INFO [long-pulling] client count 0

2022-01-10 16:12:21,889 INFO toNotifyTaskSize = 0

2022-01-10 16:12:21,889 INFO toClientNotifyTaskSize = 0

2022-01-10 16:12:21,920 INFO groupCount = 0, subscriberClientCount = 0, subscriberCount = 0

2022-01-10 16:12:31,897 INFO toNotifyTaskSize = 0

2022-01-10 16:12:31,897 INFO toClientNotifyTaskSize = 0

2022-01-10 16:12:31,898 INFO [long-pulling] client count 0

2022-01-10 16:12:31,927 INFO groupCount = 0, subscriberClientCount = 0, subscriberCount = 0

2022-01-10 16:12:41,908 INFO [long-pulling] client count 0

2022-01-10 16:12:41,908 INFO toNotifyTaskSize = 0

2022-01-10 16:12:41,908 INFO toClientNotifyTaskSize = 0

2022-01-10 16:12:41,943 INFO groupCount = 0, subscriberClientCount = 0, subscriberCount = 0

2022-01-10 16:12:51,920 INFO toNotifyTaskSize = 0

2022-01-10 16:12:51,921 INFO toClientNotifyTaskSize = 0

2022-01-10 16:12:51,921 INFO [long-pulling] client count 0

2022-01-10 16:12:51,950 INFO groupCount = 0, subscriberClientCount = 0, subscriberCount = 0

2022-01-10 16:13:01,937 INFO toNotifyTaskSize = 0

2022-01-10 16:13:01,937 INFO toClientNotifyTaskSize = 0

2022-01-10 16:13:01,938 INFO [long-pulling] client count 0

2022-01-10 16:13:01,960 INFO groupCount = 0, subscriberClientCount = 0, subscriberCount = 0

2022-01-10 16:13:11,950 INFO toNotifyTaskSize = 0

2022-01-10 16:13:11,950 INFO [long-pulling] client count 0

2022-01-10 16:13:11,950 INFO toClientNotifyTaskSize = 0

2022-01-10 16:13:11,966 INFO groupCount = 0, subscriberClientCount = 0, subscriberCount = 0

2022-01-10 16:13:21,952 INFO toNotifyTaskSize = 0

2022-01-10 16:13:21,953 INFO toClientNotifyTaskSize = 0

2022-01-10 16:13:21,953 INFO [long-pulling] client count 0

2022-01-10 16:13:21,968 INFO groupCount = 0, subscriberClientCount = 0, subscriberCount = 0

2022-01-10 16:13:31,960 INFO [long-pulling] client count 0

2022-01-10 16:13:31,960 INFO toNotifyTaskSize = 0

2022-01-10 16:13:31,960 INFO toClientNotifyTaskSize = 0

2022-01-10 16:13:31,978 INFO groupCount = 0, subscriberClientCount = 0, subscriberCount = 0

2022-01-10 16:13:41,973 INFO [long-pulling] client count 0

2022-01-10 16:13:41,973 INFO toNotifyTaskSize = 0

2022-01-10 16:13:41,974 INFO toClientNotifyTaskSize = 0

2022-01-10 16:13:41,989 INFO groupCount = 0, subscriberClientCount = 0, subscriberCount = 0

2022-01-10 16:13:51,990 INFO [long-pulling] client count 0

2022-01-10 16:13:51,990 INFO toNotifyTaskSize = 0

2022-01-10 16:13:51,990 INFO toClientNotifyTaskSize = 0

2022-01-10 16:13:51,990 INFO groupCount = 0, subscriberClientCount = 0, subscriberCount = 0

2022-01-10 16:14:01,996 INFO toNotifyTaskSize = 0

2022-01-10 16:14:01,996 INFO groupCount = 0, subscriberClientCount = 0, subscriberCount = 0

2022-01-10 16:14:01,996 INFO toClientNotifyTaskSize = 0

2022-01-10 16:14:01,997 INFO [long-pulling] client count 0

2022-01-10 16:14:12,002 INFO [long-pulling] client count 0

2022-01-10 16:14:12,003 INFO toNotifyTaskSize = 0

2022-01-10 16:14:12,003 INFO groupCount = 0, subscriberClientCount = 0, subscriberCount = 0

2022-01-10 16:14:12,007 INFO toClientNotifyTaskSize = 0

2022-01-10 16:14:22,010 INFO [long-pulling] client count 0

2022-01-10 16:14:22,010 INFO toNotifyTaskSize = 0

2022-01-10 16:14:22,010 INFO groupCount = 0, subscriberClientCount = 0, subscriberCount = 0

2022-01-10 16:14:22,010 INFO toClientNotifyTaskSize = 0

2022-01-10 16:14:32,016 INFO [long-pulling] client count 0

2022-01-10 16:14:32,016 INFO groupCount = 0, subscriberClientCount = 0, subscriberCount = 0

2022-01-10 16:14:32,016 INFO toNotifyTaskSize = 0

2022-01-10 16:14:32,017 INFO toClientNotifyTaskSize = 0

2022-01-10 16:14:42,025 INFO toNotifyTaskSize = 0

2022-01-10 16:14:42,025 INFO groupCount = 0, subscriberClientCount = 0, subscriberCount = 0

2022-01-10 16:14:42,025 INFO [long-pulling] client count 0

2022-01-10 16:14:42,025 INFO toClientNotifyTaskSize = 0

2022-01-10 16:14:52,040 INFO toNotifyTaskSize = 0

2022-01-10 16:14:52,040 INFO toClientNotifyTaskSize = 0

2022-01-10 16:14:52,040 INFO groupCount = 0, subscriberClientCount = 0, subscriberCount = 0

2022-01-10 16:14:52,040 INFO [long-pulling] client count 0

2022-01-10 16:15:02,051 INFO toNotifyTaskSize = 0

2022-01-10 16:15:02,051 INFO [long-pulling] client count 0

2022-01-10 16:15:02,051 INFO groupCount = 0, subscriberClientCount = 0, subscriberCount = 0

2022-01-10 16:15:02,051 INFO toClientNotifyTaskSize = 0

2022-01-10 16:15:12,058 INFO toNotifyTaskSize = 0

2022-01-10 16:15:12,059 INFO toClientNotifyTaskSize = 0

2022-01-10 16:15:12,059 INFO [long-pulling] client count 0

2022-01-10 16:15:12,059 INFO groupCount = 0, subscriberClientCount = 0, subscriberCount = 0

2022-01-10 16:15:22,062 INFO groupCount = 0, subscriberClientCount = 0, subscriberCount = 0

2022-01-10 16:15:22,062 INFO [long-pulling] client count 0

2022-01-10 16:15:22,062 INFO toNotifyTaskSize = 0

2022-01-10 16:15:22,062 INFO toClientNotifyTaskSize = 0

2022-01-10 16:15:32,076 INFO [long-pulling] client count 0

2022-01-10 16:15:32,076 INFO toNotifyTaskSize = 0

2022-01-10 16:15:32,076 INFO toClientNotifyTaskSize = 0

2022-01-10 16:15:32,076 INFO groupCount = 0, subscriberClientCount = 0, subscriberCount = 0

2022-01-10 16:15:42,090 INFO [long-pulling] client count 0

2022-01-10 16:15:42,090 INFO toNotifyTaskSize = 0

2022-01-10 16:15:42,090 INFO toClientNotifyTaskSize = 0

2022-01-10 16:15:42,090 INFO groupCount = 0, subscriberClientCount = 0, subscriberCount = 0

2022-01-10 16:15:52,100 INFO [long-pulling] client count 0

2022-01-10 16:15:52,101 INFO groupCount = 0, subscriberClientCount = 0, subscriberCount = 0

2022-01-10 16:15:52,101 INFO toNotifyTaskSize = 0

2022-01-10 16:15:52,103 INFO toClientNotifyTaskSize = 0

2022-01-10 16:16:02,107 INFO [long-pulling] client count 0

2022-01-10 16:16:02,107 INFO toNotifyTaskSize = 0

2022-01-10 16:16:02,107 INFO groupCount = 0, subscriberClientCount = 0, subscriberCount = 0

2022-01-10 16:16:02,107 INFO toClientNotifyTaskSize = 0

2022-01-10 16:16:12,111 INFO groupCount = 0, subscriberClientCount = 0, subscriberCount = 0

2022-01-10 16:16:12,111 INFO [long-pulling] client count 0

2022-01-10 16:16:12,111 INFO toNotifyTaskSize = 0

2022-01-10 16:16:12,112 INFO toClientNotifyTaskSize = 0

2022-01-10 16:16:22,127 INFO toNotifyTaskSize = 0

2022-01-10 16:16:22,127 INFO groupCount = 0, subscriberClientCount = 0, subscriberCount = 0

2022-01-10 16:16:22,127 INFO [long-pulling] client count 0

2022-01-10 16:16:22,127 INFO toClientNotifyTaskSize = 0

2022-01-10 16:16:32,133 INFO toNotifyTaskSize = 0

2022-01-10 16:16:32,133 INFO toClientNotifyTaskSize = 0

2022-01-10 16:16:32,133 INFO groupCount = 0, subscriberClientCount = 0, subscriberCount = 0

2022-01-10 16:16:32,133 INFO [long-pulling] client count 0

2022-01-10 16:16:42,150 INFO toNotifyTaskSize = 0

2022-01-10 16:16:42,150 INFO groupCount = 0, subscriberClientCount = 0, subscriberCount = 0

2022-01-10 16:16:42,150 INFO toClientNotifyTaskSize = 0

2022-01-10 16:16:42,150 INFO [long-pulling] client count 0

2022-01-10 16:16:52,164 INFO [long-pulling] client count 0

2022-01-10 16:16:52,164 INFO groupCount = 0, subscriberClientCount = 0, subscriberCount = 0

2022-01-10 16:16:52,164 INFO toNotifyTaskSize = 0

2022-01-10 16:16:52,167 INFO toClientNotifyTaskSize = 0

2022-01-10 16:17:02,167 INFO [long-pulling] client count 0

2022-01-10 16:17:02,167 INFO groupCount = 0, subscriberClientCount = 0, subscriberCount = 0

2022-01-10 16:17:02,181 INFO toNotifyTaskSize = 0

2022-01-10 16:17:02,181 INFO toClientNotifyTaskSize = 0

2022-01-10 16:17:12,180 INFO [long-pulling] client count 0

2022-01-10 16:17:12,180 INFO groupCount = 0, subscriberClientCount = 0, subscriberCount = 0

2022-01-10 16:17:12,196 INFO toNotifyTaskSize = 0

2022-01-10 16:17:12,196 INFO toClientNotifyTaskSize = 0

2022-01-10 16:17:22,193 INFO [long-pulling] client count 0

2022-01-10 16:17:22,193 INFO groupCount = 0, subscriberClientCount = 0, subscriberCount = 0

2022-01-10 16:17:22,209 INFO toNotifyTaskSize = 0

2022-01-10 16:17:22,209 INFO toClientNotifyTaskSize = 0

2022-01-10 16:17:32,202 INFO [long-pulling] client count 0

2022-01-10 16:17:32,202 INFO groupCount = 0, subscriberClientCount = 0, subscriberCount = 0

2022-01-10 16:17:32,217 INFO toNotifyTaskSize = 0

2022-01-10 16:17:32,218 INFO toClientNotifyTaskSize = 0

2022-01-10 16:17:42,206 INFO groupCount = 0, subscriberClientCount = 0, subscriberCount = 0

2022-01-10 16:17:42,206 INFO [long-pulling] client count 0

2022-01-10 16:17:42,221 INFO toNotifyTaskSize = 0

2022-01-10 16:17:42,221 INFO toClientNotifyTaskSize = 0

2022-01-10 16:17:52,211 INFO groupCount = 0, subscriberClientCount = 0, subscriberCount = 0

2022-01-10 16:17:52,226 INFO toNotifyTaskSize = 0

2022-01-10 16:17:52,226 INFO toClientNotifyTaskSize = 0

2022-01-10 16:17:52,226 INFO [long-pulling] client count 0

2022-01-10 16:18:02,227 INFO toNotifyTaskSize = 0

2022-01-10 16:18:02,227 INFO toClientNotifyTaskSize = 0

2022-01-10 16:18:02,227 INFO groupCount = 0, subscriberClientCount = 0, subscriberCount = 0

2022-01-10 16:18:02,240 INFO [long-pulling] client count 0

2022-01-10 16:18:12,236 INFO toNotifyTaskSize = 0

2022-01-10 16:18:12,236 INFO groupCount = 0, subscriberClientCount = 0, subscriberCount = 0

2022-01-10 16:18:12,241 INFO toClientNotifyTaskSize = 0

2022-01-10 16:18:12,252 INFO [long-pulling] client count 0

2022-01-10 16:18:22,247 INFO toNotifyTaskSize = 0

2022-01-10 16:18:22,247 INFO groupCount = 0, subscriberClientCount = 0, subscriberCount = 0

2022-01-10 16:18:22,247 INFO toClientNotifyTaskSize = 0

2022-01-10 16:18:22,262 INFO [long-pulling] client count 0

2022-01-10 16:18:32,257 INFO groupCount = 0, subscriberClientCount = 0, subscriberCount = 0

2022-01-10 16:18:32,257 INFO toNotifyTaskSize = 0

2022-01-10 16:18:32,258 INFO toClientNotifyTaskSize = 0

2022-01-10 16:18:32,273 INFO [long-pulling] client count 0

2022-01-10 16:18:42,265 INFO toNotifyTaskSize = 0

2022-01-10 16:18:42,265 INFO groupCount = 0, subscriberClientCount = 0, subscriberCount = 0

2022-01-10 16:18:42,265 INFO toClientNotifyTaskSize = 0

2022-01-10 16:18:42,280 INFO [long-pulling] client count 0

2022-01-10 16:18:52,279 INFO toNotifyTaskSize = 0

2022-01-10 16:18:52,279 INFO groupCount = 0, subscriberClientCount = 0, subscriberCount = 0

2022-01-10 16:18:52,279 INFO toClientNotifyTaskSize = 0

2022-01-10 16:18:52,293 INFO [long-pulling] client count 0

2022-01-10 16:19:02,282 INFO toNotifyTaskSize = 0

2022-01-10 16:19:02,282 INFO toClientNotifyTaskSize = 0

2022-01-10 16:19:02,282 INFO groupCount = 0, subscriberClientCount = 0, subscriberCount = 0

2022-01-10 16:19:02,297 INFO [long-pulling] client count 0

2022-01-10 16:19:12,297 INFO toNotifyTaskSize = 0

2022-01-10 16:19:12,297 INFO groupCount = 0, subscriberClientCount = 0, subscriberCount = 0

2022-01-10 16:19:12,298 INFO toClientNotifyTaskSize = 0

2022-01-10 16:19:12,312 INFO [long-pulling] client count 0

2022-01-10 16:19:22,311 INFO toNotifyTaskSize = 0

2022-01-10 16:19:22,311 INFO toClientNotifyTaskSize = 0

2022-01-10 16:19:22,311 INFO groupCount = 0, subscriberClientCount = 0, subscriberCount = 0

2022-01-10 16:19:22,326 INFO [long-pulling] client count 0

2022-01-10 16:19:32,325 INFO groupCount = 0, subscriberClientCount = 0, subscriberCount = 0

2022-01-10 16:19:32,325 INFO toNotifyTaskSize = 0

2022-01-10 16:19:32,325 INFO toClientNotifyTaskSize = 0

2022-01-10 16:19:32,340 INFO [long-pulling] client count 0

2022-01-10 16:19:42,330 INFO groupCount = 0, subscriberClientCount = 0, subscriberCount = 0

2022-01-10 16:19:42,330 INFO toNotifyTaskSize = 0

2022-01-10 16:19:42,331 INFO toClientNotifyTaskSize = 0

2022-01-10 16:19:42,345 INFO [long-pulling] client count 0

2022-01-10 16:19:52,344 INFO toNotifyTaskSize = 0

2022-01-10 16:19:52,344 INFO groupCount = 0, subscriberClientCount = 0, subscriberCount = 0

2022-01-10 16:19:52,344 INFO toClientNotifyTaskSize = 0

2022-01-10 16:19:52,359 INFO [long-pulling] client count 0

2022-01-10 16:20:02,350 INFO toNotifyTaskSize = 0

2022-01-10 16:20:02,350 INFO toClientNotifyTaskSize = 0

2022-01-10 16:20:02,350 INFO groupCount = 0, subscriberClientCount = 0, subscriberCount = 0

2022-01-10 16:20:02,390 INFO [long-pulling] client count 0

2022-01-10 16:20:12,355 INFO toNotifyTaskSize = 0

2022-01-10 16:20:12,356 INFO groupCount = 0, subscriberClientCount = 0, subscriberCount = 0

2022-01-10 16:20:12,356 INFO toClientNotifyTaskSize = 0

2022-01-10 16:20:12,401 INFO [long-pulling] client count 0

2022-01-10 16:20:22,362 INFO toNotifyTaskSize = 0

2022-01-10 16:20:22,362 INFO toClientNotifyTaskSize = 0

2022-01-10 16:20:22,362 INFO groupCount = 0, subscriberClientCount = 0, subscriberCount = 0

2022-01-10 16:20:22,412 INFO [long-pulling] client count 0

2022-01-10 16:20:32,380 INFO groupCount = 0, subscriberClientCount = 0, subscriberCount = 0

2022-01-10 16:20:32,381 INFO toNotifyTaskSize = 0

2022-01-10 16:20:32,381 INFO toClientNotifyTaskSize = 0

2022-01-10 16:20:32,443 INFO [long-pulling] client count 0

2022-01-10 16:20:42,383 INFO toNotifyTaskSize = 0

2022-01-10 16:20:42,383 INFO groupCount = 0, subscriberClientCount = 0, subscriberCount = 0

2022-01-10 16:20:42,384 INFO toClientNotifyTaskSize = 0

2022-01-10 16:20:42,448 INFO [long-pulling] client count 0

2022-01-10 16:20:52,391 INFO toNotifyTaskSize = 0

2022-01-10 16:20:52,391 INFO groupCount = 0, subscriberClientCount = 0, subscriberCount = 0

2022-01-10 16:20:52,391 INFO toClientNotifyTaskSize = 0

2022-01-10 16:20:52,455 INFO [long-pulling] client count 0

2022-01-10 16:21:02,395 INFO toNotifyTaskSize = 0

2022-01-10 16:21:02,395 INFO groupCount = 0, subscriberClientCount = 0, subscriberCount = 0

2022-01-10 16:21:02,395 INFO toClientNotifyTaskSize = 0

2022-01-10 16:21:02,458 INFO [long-pulling] client count 0

2022-01-10 16:21:12,405 INFO groupCount = 0, subscriberClientCount = 0, subscriberCount = 0

2022-01-10 16:21:12,405 INFO toNotifyTaskSize = 0

2022-01-10 16:21:12,406 INFO toClientNotifyTaskSize = 0

2022-01-10 16:21:12,467 INFO [long-pulling] client count 0

2022-01-10 16:21:22,409 INFO groupCount = 0, subscriberClientCount = 0, subscriberCount = 0

2022-01-10 16:21:22,410 INFO toNotifyTaskSize = 0

2022-01-10 16:21:22,410 INFO toClientNotifyTaskSize = 0

2022-01-10 16:21:22,471 INFO [long-pulling] client count 0

2022-01-10 16:21:32,417 INFO toNotifyTaskSize = 0

2022-01-10 16:21:32,417 INFO groupCount = 0, subscriberClientCount = 0, subscriberCount = 0

2022-01-10 16:21:32,417 INFO toClientNotifyTaskSize = 0

2022-01-10 16:21:32,478 INFO [long-pulling] client count 0

2022-01-10 16:21:42,424 INFO groupCount = 0, subscriberClientCount = 0, subscriberCount = 0

2022-01-10 16:21:42,423 INFO toNotifyTaskSize = 0

2022-01-10 16:21:42,427 INFO toClientNotifyTaskSize = 0

2022-01-10 16:21:42,484 INFO [long-pulling] client count 0

2022-01-10 16:21:52,433 INFO toNotifyTaskSize = 0

2022-01-10 16:21:52,433 INFO groupCount = 0, subscriberClientCount = 0, subscriberCount = 0

2022-01-10 16:21:52,433 INFO toClientNotifyTaskSize = 0

2022-01-10 16:21:52,492 INFO [long-pulling] client count 0

2022-01-10 16:22:02,443 INFO toNotifyTaskSize = 0

2022-01-10 16:22:02,444 INFO groupCount = 0, subscriberClientCount = 0, subscriberCount = 0

2022-01-10 16:22:02,444 INFO toClientNotifyTaskSize = 0

2022-01-10 16:22:02,505 INFO [long-pulling] client count 0

2022-01-10 16:22:12,454 INFO toNotifyTaskSize = 0

2022-01-10 16:22:12,454 INFO groupCount = 0, subscriberClientCount = 0, subscriberCount = 0

2022-01-10 16:22:12,454 INFO toClientNotifyTaskSize = 0

2022-01-10 16:22:12,515 INFO [long-pulling] client count 0

2022-01-10 16:22:22,459 INFO toNotifyTaskSize = 0

2022-01-10 16:22:22,459 INFO groupCount = 0, subscriberClientCount = 0, subscriberCount = 0

2022-01-10 16:22:22,459 INFO toClientNotifyTaskSize = 0

2022-01-10 16:22:22,522 INFO [long-pulling] client count 0

2022-01-10 16:22:32,463 INFO toNotifyTaskSize = 0

2022-01-10 16:22:32,463 INFO groupCount = 0, subscriberClientCount = 0, subscriberCount = 0

2022-01-10 16:22:32,463 INFO toClientNotifyTaskSize = 0

2022-01-10 16:22:32,526 INFO [long-pulling] client count 0

2022-01-10 16:22:42,472 INFO groupCount = 0, subscriberClientCount = 0, subscriberCount = 0

2022-01-10 16:22:42,472 INFO toNotifyTaskSize = 0

2022-01-10 16:22:42,473 INFO toClientNotifyTaskSize = 0

2022-01-10 16:22:42,545 INFO [long-pulling] client count 0

2022-01-10 16:22:52,515 INFO toNotifyTaskSize = 0

2022-01-10 16:22:52,515 INFO toClientNotifyTaskSize = 0

2022-01-10 16:22:52,515 INFO groupCount = 0, subscriberClientCount = 0, subscriberCount = 0

2022-01-10 16:22:52,560 INFO [long-pulling] client count 0

2022-01-10 16:23:02,519 INFO groupCount = 0, subscriberClientCount = 0, subscriberCount = 0

2022-01-10 16:23:02,520 INFO toNotifyTaskSize = 0

2022-01-10 16:23:02,520 INFO toClientNotifyTaskSize = 0

2022-01-10 16:23:02,590 INFO [long-pulling] client count 0

2022-01-10 16:23:12,658 INFO toNotifyTaskSize = 0

2022-01-10 16:23:12,659 INFO toClientNotifyTaskSize = 0

2022-01-10 16:23:12,661 INFO groupCount = 0, subscriberClientCount = 0, subscriberCount = 0

2022-01-10 16:23:12,673 INFO [long-pulling] client count 0

2022-01-10 16:23:22,675 INFO groupCount = 0, subscriberClientCount = 0, subscriberCount = 0

2022-01-10 16:23:22,675 INFO toNotifyTaskSize = 0

2022-01-10 16:23:22,675 INFO toClientNotifyTaskSize = 0

2022-01-10 16:23:22,675 INFO [long-pulling] client count 0

2022-01-10 16:23:32,675 INFO toNotifyTaskSize = 0

2022-01-10 16:23:32,675 INFO groupCount = 0, subscriberClientCount = 0, subscriberCount = 0

2022-01-10 16:23:32,675 INFO toClientNotifyTaskSize = 0

2022-01-10 16:23:32,691 INFO [long-pulling] client count 0

2022-01-10 16:23:42,689 INFO toNotifyTaskSize = 0

2022-01-10 16:23:42,689 INFO groupCount = 0, subscriberClientCount = 0, subscriberCount = 0

2022-01-10 16:23:42,689 INFO toClientNotifyTaskSize = 0

2022-01-10 16:23:42,698 INFO [long-pulling] client count 0

2022-01-10 16:23:52,711 INFO toNotifyTaskSize = 0

2022-01-10 16:23:52,711 INFO groupCount = 0, subscriberClientCount = 0, subscriberCount = 0

2022-01-10 16:23:52,711 INFO toClientNotifyTaskSize = 0

2022-01-10 16:23:52,721 INFO [long-pulling] client count 0

2022-01-10 16:24:02,734 INFO toNotifyTaskSize = 0

2022-01-10 16:24:02,735 INFO [long-pulling] client count 0

2022-01-10 16:24:02,734 INFO groupCount = 0, subscriberClientCount = 0, subscriberCount = 0

2022-01-10 16:24:02,735 INFO toClientNotifyTaskSize = 0

2022-01-10 16:24:12,745 INFO [long-pulling] client count 0

2022-01-10 16:24:12,746 INFO groupCount = 0, subscriberClientCount = 0, subscriberCount = 0

2022-01-10 16:24:12,746 INFO toNotifyTaskSize = 0

2022-01-10 16:24:12,751 INFO toClientNotifyTaskSize = 0

2022-01-10 16:24:22,760 INFO [long-pulling] client count 0

2022-01-10 16:24:22,760 INFO toNotifyTaskSize = 0

2022-01-10 16:24:22,760 INFO groupCount = 0, subscriberClientCount = 0, subscriberCount = 0

2022-01-10 16:24:22,760 INFO toClientNotifyTaskSize = 0

2022-01-10 16:24:32,761 INFO [long-pulling] client count 0

2022-01-10 16:24:32,761 INFO groupCount = 0, subscriberClientCount = 0, subscriberCount = 0

2022-01-10 16:24:32,777 INFO toNotifyTaskSize = 0

2022-01-10 16:24:32,777 INFO toClientNotifyTaskSize = 0

2022-01-10 16:24:42,764 INFO groupCount = 0, subscriberClientCount = 0, subscriberCount = 0

2022-01-10 16:24:42,764 INFO [long-pulling] client count 0

2022-01-10 16:24:42,795 INFO toNotifyTaskSize = 0

2022-01-10 16:24:42,795 INFO toClientNotifyTaskSize = 0

2022-01-10 16:24:52,772 INFO [long-pulling] client count 0

2022-01-10 16:24:52,772 INFO groupCount = 0, subscriberClientCount = 0, subscriberCount = 0

2022-01-10 16:24:52,814 INFO toNotifyTaskSize = 0

2022-01-10 16:24:52,815 INFO toClientNotifyTaskSize = 0

2022-01-10 16:25:02,779 INFO [long-pulling] client count 0

2022-01-10 16:25:02,780 INFO groupCount = 0, subscriberClientCount = 0, subscriberCount = 0

2022-01-10 16:25:02,823 INFO toNotifyTaskSize = 0

2022-01-10 16:25:02,934 INFO toClientNotifyTaskSize = 0

2022-01-10 16:25:12,790 INFO [long-pulling] client count 0

2022-01-10 16:25:12,790 INFO groupCount = 0, subscriberClientCount = 0, subscriberCount = 0

2022-01-10 16:25:12,944 INFO toNotifyTaskSize = 0

2022-01-10 16:25:12,944 INFO toClientNotifyTaskSize = 0

2022-01-10 16:25:22,804 INFO groupCount = 0, subscriberClientCount = 0, subscriberCount = 0

2022-01-10 16:25:22,804 INFO [long-pulling] client count 0

2022-01-10 16:25:22,958 INFO toNotifyTaskSize = 0

2022-01-10 16:25:22,958 INFO toClientNotifyTaskSize = 0

2022-01-10 16:25:32,815 INFO [long-pulling] client count 0

2022-01-10 16:25:32,815 INFO groupCount = 0, subscriberClientCount = 0, subscriberCount = 0

2022-01-10 16:25:32,968 INFO toNotifyTaskSize = 0

2022-01-10 16:25:32,973 INFO toClientNotifyTaskSize = 0

2022-01-10 16:25:42,828 INFO groupCount = 0, subscriberClientCount = 0, subscriberCount = 0

2022-01-10 16:25:42,828 INFO [long-pulling] client count 0

2022-01-10 16:25:42,984 INFO toNotifyTaskSize = 0

2022-01-10 16:25:42,985 INFO toClientNotifyTaskSize = 0

2022-01-10 16:25:52,837 INFO [long-pulling] client count 0

2022-01-10 16:25:52,837 INFO groupCount = 0, subscriberClientCount = 0, subscriberCount = 0

2022-01-10 16:25:52,991 INFO toNotifyTaskSize = 0

2022-01-10 16:25:52,991 INFO toClientNotifyTaskSize = 0

2022-01-10 16:26:02,883 INFO groupCount = 0, subscriberClientCount = 0, subscriberCount = 0

2022-01-10 16:26:02,888 INFO [long-pulling] client count 0

2022-01-10 16:26:02,998 INFO toNotifyTaskSize = 0

2022-01-10 16:26:02,998 INFO toClientNotifyTaskSize = 0

2022-01-10 16:26:12,888 INFO [long-pulling] client count 0

2022-01-10 16:26:12,888 INFO groupCount = 0, subscriberClientCount = 0, subscriberCount = 0

2022-01-10 16:26:13,011 INFO toNotifyTaskSize = 0

2022-01-10 16:26:13,011 INFO toClientNotifyTaskSize = 0

2022-01-10 16:26:22,891 INFO [long-pulling] client count 0

2022-01-10 16:26:22,891 INFO groupCount = 0, subscriberClientCount = 0, subscriberCount = 0

2022-01-10 16:26:23,014 INFO toNotifyTaskSize = 0

2022-01-10 16:26:23,014 INFO toClientNotifyTaskSize = 0

2022-01-10 16:26:32,908 INFO groupCount = 0, subscriberClientCount = 0, subscriberCount = 0

2022-01-10 16:26:32,909 INFO [long-pulling] client count 0

2022-01-10 16:26:33,027 INFO toNotifyTaskSize = 0

2022-01-10 16:26:33,028 INFO toClientNotifyTaskSize = 0

2022-01-10 16:26:42,915 INFO [long-pulling] client count 0

2022-01-10 16:26:42,915 INFO groupCount = 0, subscriberClientCount = 0, subscriberCount = 0

2022-01-10 16:26:43,038 INFO toNotifyTaskSize = 0

2022-01-10 16:26:43,038 INFO toClientNotifyTaskSize = 0

2022-01-10 16:26:52,918 INFO [long-pulling] client count 0

2022-01-10 16:26:52,918 INFO groupCount = 0, subscriberClientCount = 0, subscriberCount = 0

2022-01-10 16:26:53,043 INFO toNotifyTaskSize = 0

2022-01-10 16:26:53,043 INFO toClientNotifyTaskSize = 0

2022-01-10 16:27:02,931 INFO groupCount = 0, subscriberClientCount = 0, subscriberCount = 0

2022-01-10 16:27:02,931 INFO [long-pulling] client count 0

2022-01-10 16:27:03,055 INFO toNotifyTaskSize = 0

2022-01-10 16:27:03,055 INFO toClientNotifyTaskSize = 0

2022-01-10 16:27:12,944 INFO groupCount = 0, subscriberClientCount = 0, subscriberCount = 0

2022-01-10 16:27:12,944 INFO [long-pulling] client count 0

2022-01-10 16:27:13,069 INFO toNotifyTaskSize = 0

2022-01-10 16:27:13,069 INFO toClientNotifyTaskSize = 0

2022-01-10 16:27:22,958 INFO groupCount = 0, subscriberClientCount = 0, subscriberCount = 0

2022-01-10 16:27:22,958 INFO [long-pulling] client count 0

2022-01-10 16:27:23,081 INFO toNotifyTaskSize = 0

2022-01-10 16:27:23,082 INFO toClientNotifyTaskSize = 0

2022-01-10 16:27:32,973 INFO [long-pulling] client count 0

2022-01-10 16:27:32,973 INFO groupCount = 0, subscriberClientCount = 0, subscriberCount = 0

2022-01-10 16:27:33,082 INFO toNotifyTaskSize = 0

2022-01-10 16:27:33,082 INFO toClientNotifyTaskSize = 0

2022-01-10 16:27:42,988 INFO [long-pulling] client count 0

2022-01-10 16:27:42,988 INFO groupCount = 0, subscriberClientCount = 0, subscriberCount = 0

2022-01-10 16:27:43,085 INFO toNotifyTaskSize = 0

2022-01-10 16:27:43,085 INFO toClientNotifyTaskSize = 0

2022-01-10 16:27:53,005 INFO groupCount = 0, subscriberClientCount = 0, subscriberCount = 0

2022-01-10 16:27:53,005 INFO [long-pulling] client count 0

2022-01-10 16:27:53,096 INFO toNotifyTaskSize = 0

2022-01-10 16:27:53,097 INFO toClientNotifyTaskSize = 0

2022-01-10 16:28:03,008 INFO [long-pulling] client count 0

2022-01-10 16:28:03,008 INFO groupCount = 0, subscriberClientCount = 0, subscriberCount = 0

2022-01-10 16:28:03,099 INFO toNotifyTaskSize = 0

2022-01-10 16:28:03,099 INFO toClientNotifyTaskSize = 0

2022-01-10 16:28:13,019 INFO [long-pulling] client count 0

2022-01-10 16:28:13,019 INFO groupCount = 0, subscriberClientCount = 0, subscriberCount = 0

2022-01-10 16:28:13,112 INFO toNotifyTaskSize = 0

2022-01-10 16:28:13,112 INFO toClientNotifyTaskSize = 0

2022-01-10 16:28:23,022 INFO [long-pulling] client count 0

2022-01-10 16:28:23,037 INFO groupCount = 0, subscriberClientCount = 0, subscriberCount = 0

2022-01-10 16:28:23,116 INFO toNotifyTaskSize = 0

2022-01-10 16:28:23,116 INFO toClientNotifyTaskSize = 0

2022-01-10 16:28:33,031 INFO [long-pulling] client count 0

2022-01-10 16:28:33,058 INFO groupCount = 0, subscriberClientCount = 0, subscriberCount = 0

2022-01-10 16:28:33,158 INFO toNotifyTaskSize = 0

2022-01-10 16:28:33,158 INFO toClientNotifyTaskSize = 0

2022-01-10 16:28:43,046 INFO [long-pulling] client count 0

2022-01-10 16:28:43,077 INFO groupCount = 0, subscriberClientCount = 0, subscriberCount = 0

2022-01-10 16:28:43,165 INFO toNotifyTaskSize = 0

2022-01-10 16:28:43,166 INFO toClientNotifyTaskSize = 0

2022-01-10 16:28:53,109 INFO [long-pulling] client count 0

2022-01-10 16:28:53,118 INFO groupCount = 0, subscriberClientCount = 0, subscriberCount = 0

2022-01-10 16:28:53,180 INFO toNotifyTaskSize = 0

2022-01-10 16:28:53,180 INFO toClientNotifyTaskSize = 0

2022-01-10 16:29:03,116 INFO [long-pulling] client count 0

2022-01-10 16:29:03,131 INFO groupCount = 0, subscriberClientCount = 0, subscriberCount = 0

2022-01-10 16:29:03,197 INFO toNotifyTaskSize = 0

2022-01-10 16:29:03,197 INFO toClientNotifyTaskSize = 0

2022-01-10 16:29:13,131 INFO [long-pulling] client count 0

2022-01-10 16:29:13,147 INFO groupCount = 0, subscriberClientCount = 0, subscriberCount = 0

2022-01-10 16:29:13,211 INFO toNotifyTaskSize = 0

2022-01-10 16:29:13,211 INFO toClientNotifyTaskSize = 0

2022-01-10 16:29:23,140 INFO [long-pulling] client count 0

2022-01-10 16:29:23,162 INFO groupCount = 0, subscriberClientCount = 0, subscriberCount = 0

2022-01-10 16:29:23,217 INFO toNotifyTaskSize = 0

2022-01-10 16:29:23,217 INFO toClientNotifyTaskSize = 0

2022-01-10 16:29:33,148 INFO [long-pulling] client count 0

2022-01-10 16:29:33,163 INFO groupCount = 0, subscriberClientCount = 0, subscriberCount = 0

2022-01-10 16:29:33,224 INFO toNotifyTaskSize = 0

2022-01-10 16:29:33,224 INFO toClientNotifyTaskSize = 0

2022-01-10 16:29:43,160 INFO [long-pulling] client count 0

2022-01-10 16:29:43,174 INFO groupCount = 0, subscriberClientCount = 0, subscriberCount = 0

2022-01-10 16:29:43,237 INFO toNotifyTaskSize = 0

2022-01-10 16:29:43,237 INFO toClientNotifyTaskSize = 0

2022-01-10 16:29:53,173 INFO [long-pulling] client count 0

2022-01-10 16:29:53,188 INFO groupCount = 0, subscriberClientCount = 0, subscriberCount = 0

2022-01-10 16:29:53,249 INFO toNotifyTaskSize = 0

2022-01-10 16:29:53,249 INFO toClientNotifyTaskSize = 0

2022-01-10 16:30:03,178 INFO [long-pulling] client count 0

2022-01-10 16:30:03,194 INFO groupCount = 0, subscriberClientCount = 0, subscriberCount = 0

2022-01-10 16:30:03,258 INFO toNotifyTaskSize = 0

2022-01-10 16:30:03,258 INFO toClientNotifyTaskSize = 0

2022-01-10 16:30:13,183 INFO [long-pulling] client count 0

2022-01-10 16:30:13,198 INFO groupCount = 0, subscriberClientCount = 0, subscriberCount = 0

2022-01-10 16:30:13,260 INFO toNotifyTaskSize = 0

2022-01-10 16:30:13,260 INFO toClientNotifyTaskSize = 0

2022-01-10 16:30:23,186 INFO [long-pulling] client count 0

2022-01-10 16:30:23,201 INFO groupCount = 0, subscriberClientCount = 0, subscriberCount = 0

2022-01-10 16:30:23,263 INFO toNotifyTaskSize = 0

2022-01-10 16:30:23,263 INFO toClientNotifyTaskSize = 0

2022-01-10 16:30:33,187 INFO [long-pulling] client count 0

2022-01-10 16:30:33,204 INFO groupCount = 0, subscriberClientCount = 0, subscriberCount = 0

2022-01-10 16:30:33,265 INFO toNotifyTaskSize = 0

2022-01-10 16:30:33,265 INFO toClientNotifyTaskSize = 0

2022-01-10 16:30:43,188 INFO [long-pulling] client count 0

2022-01-10 16:30:43,205 INFO groupCount = 0, subscriberClientCount = 0, subscriberCount = 0

2022-01-10 16:30:43,268 INFO toNotifyTaskSize = 0

2022-01-10 16:30:43,268 INFO toClientNotifyTaskSize = 0

2022-01-10 16:30:53,203 INFO [long-pulling] client count 0

2022-01-10 16:30:53,219 INFO groupCount = 0, subscriberClientCount = 0, subscriberCount = 0

2022-01-10 16:30:53,281 INFO toNotifyTaskSize = 0

2022-01-10 16:30:53,281 INFO toClientNotifyTaskSize = 0

2022-01-10 16:31:03,213 INFO [long-pulling] client count 0

2022-01-10 16:31:03,231 INFO groupCount = 0, subscriberClientCount = 0, subscriberCount = 0

2022-01-10 16:31:03,299 INFO toNotifyTaskSize = 0

2022-01-10 16:31:03,299 INFO toClientNotifyTaskSize = 0

2022-01-10 16:31:13,228 INFO [long-pulling] client count 0

2022-01-10 16:31:13,243 INFO groupCount = 0, subscriberClientCount = 0, subscriberCount = 0

2022-01-10 16:31:13,321 INFO toNotifyTaskSize = 0

2022-01-10 16:31:13,321 INFO toClientNotifyTaskSize = 0

2022-01-10 16:31:23,235 INFO [long-pulling] client count 0

2022-01-10 16:31:23,252 INFO groupCount = 0, subscriberClientCount = 0, subscriberCount = 0

2022-01-10 16:31:23,330 INFO toNotifyTaskSize = 0

2022-01-10 16:31:23,330 INFO toClientNotifyTaskSize = 0

2022-01-10 16:31:33,238 INFO [long-pulling] client count 0

2022-01-10 16:31:33,253 INFO groupCount = 0, subscriberClientCount = 0, subscriberCount = 0

2022-01-10 16:31:33,345 INFO toNotifyTaskSize = 0

2022-01-10 16:31:33,345 INFO toClientNotifyTaskSize = 0

2022-01-10 16:31:43,248 INFO [long-pulling] client count 0

2022-01-10 16:31:43,264 INFO groupCount = 0, subscriberClientCount = 0, subscriberCount = 0

2022-01-10 16:31:43,357 INFO toNotifyTaskSize = 0

2022-01-10 16:31:43,357 INFO toClientNotifyTaskSize = 0

2022-01-10 16:31:53,256 INFO [long-pulling] client count 0

2022-01-10 16:31:53,271 INFO groupCount = 0, subscriberClientCount = 0, subscriberCount = 0

2022-01-10 16:31:53,364 INFO toNotifyTaskSize = 0

2022-01-10 16:31:53,364 INFO toClientNotifyTaskSize = 0

2022-01-10 16:32:03,269 INFO [long-pulling] client count 0

2022-01-10 16:32:03,285 INFO groupCount = 0, subscriberClientCount = 0, subscriberCount = 0

2022-01-10 16:32:03,378 INFO toNotifyTaskSize = 0

2022-01-10 16:32:03,378 INFO toClientNotifyTaskSize = 0

2022-01-10 16:32:13,284 INFO [long-pulling] client count 0

2022-01-10 16:32:13,299 INFO groupCount = 0, subscriberClientCount = 0, subscriberCount = 0

2022-01-10 16:32:13,392 INFO toNotifyTaskSize = 0

2022-01-10 16:32:13,392 INFO toClientNotifyTaskSize = 0

2022-01-10 16:32:23,287 INFO [long-pulling] client count 0

2022-01-10 16:32:23,318 INFO groupCount = 0, subscriberClientCount = 0, subscriberCount = 0

2022-01-10 16:32:23,417 INFO toNotifyTaskSize = 0

2022-01-10 16:32:23,417 INFO toClientNotifyTaskSize = 0

2022-01-10 16:32:33,296 INFO [long-pulling] client count 0

2022-01-10 16:32:33,326 INFO groupCount = 0, subscriberClientCount = 0, subscriberCount = 0

2022-01-10 16:32:33,421 INFO toNotifyTaskSize = 0

2022-01-10 16:32:33,421 INFO toClientNotifyTaskSize = 0

2022-01-10 16:32:43,297 INFO [long-pulling] client count 0

2022-01-10 16:32:43,329 INFO groupCount = 0, subscriberClientCount = 0, subscriberCount = 0

2022-01-10 16:32:43,435 INFO toNotifyTaskSize = 0

2022-01-10 16:32:43,435 INFO toClientNotifyTaskSize = 0

2022-01-10 16:32:53,311 INFO [long-pulling] client count 0

2022-01-10 16:32:53,340 INFO groupCount = 0, subscriberClientCount = 0, subscriberCount = 0

2022-01-10 16:32:53,450 INFO toNotifyTaskSize = 0

2022-01-10 16:32:53,450 INFO toClientNotifyTaskSize = 0

2022-01-10 16:33:03,323 INFO [long-pulling] client count 0

2022-01-10 16:33:03,354 INFO groupCount = 0, subscriberClientCount = 0, subscriberCount = 0

2022-01-10 16:33:03,462 INFO toNotifyTaskSize = 0

2022-01-10 16:33:03,462 INFO toClientNotifyTaskSize = 0

2022-01-10 16:33:13,330 INFO [long-pulling] client count 0

2022-01-10 16:33:13,361 INFO groupCount = 0, subscriberClientCount = 0, subscriberCount = 0

2022-01-10 16:33:13,470 INFO toNotifyTaskSize = 0

2022-01-10 16:33:13,470 INFO toClientNotifyTaskSize = 0

2022-01-10 16:33:23,344 INFO [long-pulling] client count 0

2022-01-10 16:33:23,374 INFO groupCount = 0, subscriberClientCount = 0, subscriberCount = 0

2022-01-10 16:33:23,481 INFO toNotifyTaskSize = 0

2022-01-10 16:33:23,481 INFO toClientNotifyTaskSize = 0

2022-01-10 16:33:33,347 INFO [long-pulling] client count 0

2022-01-10 16:33:33,379 INFO groupCount = 0, subscriberClientCount = 0, subscriberCount = 0

2022-01-10 16:33:33,486 INFO toNotifyTaskSize = 0

2022-01-10 16:33:33,486 INFO toClientNotifyTaskSize = 0

2022-01-10 16:33:43,362 INFO [long-pulling] client count 0

2022-01-10 16:33:43,393 INFO groupCount = 0, subscriberClientCount = 0, subscriberCount = 0

2022-01-10 16:33:43,502 INFO toNotifyTaskSize = 0

2022-01-10 16:33:43,502 INFO toClientNotifyTaskSize = 0

2022-01-10 16:33:53,373 INFO [long-pulling] client count 0

2022-01-10 16:33:53,403 INFO groupCount = 0, subscriberClientCount = 0, subscriberCount = 0

2022-01-10 16:33:53,510 INFO toNotifyTaskSize = 0

2022-01-10 16:33:53,510 INFO toClientNotifyTaskSize = 0

2022-01-10 16:34:03,508 INFO [long-pulling] client count 0

2022-01-10 16:34:03,509 INFO groupCount = 0, subscriberClientCount = 0, subscriberCount = 0

2022-01-10 16:34:03,513 INFO toNotifyTaskSize = 0

2022-01-10 16:34:03,513 INFO toClientNotifyTaskSize = 0

2022-01-10 16:34:13,594 INFO toNotifyTaskSize = 0

2022-01-10 16:34:13,594 INFO toClientNotifyTaskSize = 0

2022-01-10 16:34:13,594 INFO groupCount = 0, subscriberClientCount = 0, subscriberCount = 0

2022-01-10 16:34:13,595 INFO [long-pulling] client count 0

2022-01-10 16:34:23,603 INFO [long-pulling] client count 0

2022-01-10 16:34:23,603 INFO toNotifyTaskSize = 0

2022-01-10 16:34:23,603 INFO toClientNotifyTaskSize = 0

2022-01-10 16:34:23,603 INFO groupCount = 0, subscriberClientCount = 0, subscriberCount = 0

2022-01-10 16:34:33,615 INFO groupCount = 0, subscriberClientCount = 0, subscriberCount = 0

2022-01-10 16:34:33,615 INFO toNotifyTaskSize = 0

2022-01-10 16:34:33,615 INFO toClientNotifyTaskSize = 0

2022-01-10 16:34:33,615 INFO [long-pulling] client count 0

2022-01-10 16:34:43,630 INFO toNotifyTaskSize = 0

2022-01-10 16:34:43,630 INFO groupCount = 0, subscriberClientCount = 0, subscriberCount = 0

2022-01-10 16:34:43,630 INFO toClientNotifyTaskSize = 0

2022-01-10 16:34:43,630 INFO [long-pulling] client count 0

2022-01-10 16:34:53,653 INFO groupCount = 0, subscriberClientCount = 0, subscriberCount = 0

2022-01-10 16:34:53,653 INFO toNotifyTaskSize = 0

2022-01-10 16:34:53,654 INFO toClientNotifyTaskSize = 0

2022-01-10 16:34:53,653 INFO [long-pulling] client count 0

2022-01-10 16:35:03,667 INFO [long-pulling] client count 0

2022-01-10 16:35:03,668 INFO groupCount = 0, subscriberClientCount = 0, subscriberCount = 0

2022-01-10 16:35:03,668 INFO toNotifyTaskSize = 0

2022-01-10 16:35:03,668 INFO toClientNotifyTaskSize = 0

2022-01-10 16:35:13,675 INFO toNotifyTaskSize = 0

2022-01-10 16:35:13,675 INFO toClientNotifyTaskSize = 0

2022-01-10 16:35:13,675 INFO groupCount = 0, subscriberClientCount = 0, subscriberCount = 0

2022-01-10 16:35:13,675 INFO [long-pulling] client count 0

2022-01-10 16:35:23,689 INFO [long-pulling] client count 0

2022-01-10 16:35:23,699 INFO groupCount = 0, subscriberClientCount = 0, subscriberCount = 0

2022-01-10 16:35:23,699 INFO toNotifyTaskSize = 0

2022-01-10 16:35:23,701 INFO toClientNotifyTaskSize = 0

2022-01-10 16:35:33,705 INFO [long-pulling] client count 0

2022-01-10 16:35:33,712 INFO groupCount = 0, subscriberClientCount = 0, subscriberCount = 0

2022-01-10 16:35:33,712 INFO toNotifyTaskSize = 0

2022-01-10 16:35:33,712 INFO toClientNotifyTaskSize = 0

2022-01-10 16:35:43,706 INFO [long-pulling] client count 0

2022-01-10 16:35:43,720 INFO toNotifyTaskSize = 0

2022-01-10 16:35:43,720 INFO toClientNotifyTaskSize = 0

2022-01-10 16:35:43,720 INFO groupCount = 0, subscriberClientCount = 0, subscriberCount = 0

2022-01-10 16:35:53,718 INFO [long-pulling] client count 0

2022-01-10 16:35:53,734 INFO groupCount = 0, subscriberClientCount = 0, subscriberCount = 0

2022-01-10 16:35:53,734 INFO toNotifyTaskSize = 0

2022-01-10 16:35:53,734 INFO toClientNotifyTaskSize = 0

2022-01-10 16:36:03,724 INFO [long-pulling] client count 0

2022-01-10 16:36:03,739 INFO toNotifyTaskSize = 0

2022-01-10 16:36:03,739 INFO groupCount = 0, subscriberClientCount = 0, subscriberCount = 0

2022-01-10 16:36:03,739 INFO toClientNotifyTaskSize = 0

2022-01-10 16:36:13,773 INFO [long-pulling] client count 0

2022-01-10 16:36:13,773 INFO groupCount = 0, subscriberClientCount = 0, subscriberCount = 0

2022-01-10 16:36:13,773 INFO toNotifyTaskSize = 0

2022-01-10 16:36:13,773 INFO toClientNotifyTaskSize = 0

2022-01-10 16:36:23,780 INFO [long-pulling] client count 0

2022-01-10 16:36:23,780 INFO groupCount = 0, subscriberClientCount = 0, subscriberCount = 0

2022-01-10 16:36:23,780 INFO toNotifyTaskSize = 0

2022-01-10 16:36:23,781 INFO toClientNotifyTaskSize = 0

2022-01-10 16:36:33,795 INFO toNotifyTaskSize = 0

2022-01-10 16:36:33,795 INFO toClientNotifyTaskSize = 0

2022-01-10 16:36:33,795 INFO groupCount = 0, subscriberClientCount = 0, subscriberCount = 0

2022-01-10 16:36:33,795 INFO [long-pulling] client count 0

2022-01-10 16:36:43,840 INFO [long-pulling] client count 0

2022-01-10 16:36:43,840 INFO groupCount = 0, subscriberClientCount = 0, subscriberCount = 0

2022-01-10 16:36:43,840 INFO toNotifyTaskSize = 0

2022-01-10 16:36:43,840 INFO toClientNotifyTaskSize = 0

2022-01-10 16:36:53,848 INFO [long-pulling] client count 0

2022-01-10 16:36:53,848 INFO toNotifyTaskSize = 0

2022-01-10 16:36:53,848 INFO groupCount = 0, subscriberClientCount = 0, subscriberCount = 0

2022-01-10 16:36:53,849 INFO toClientNotifyTaskSize = 0

2022-01-10 16:37:03,849 INFO groupCount = 0, subscriberClientCount = 0, subscriberCount = 0

2022-01-10 16:37:03,849 INFO [long-pulling] client count 0

2022-01-10 16:37:03,849 INFO toNotifyTaskSize = 0

2022-01-10 16:37:03,849 INFO toClientNotifyTaskSize = 0

2022-01-10 16:37:13,854 INFO toNotifyTaskSize = 0

2022-01-10 16:37:13,854 INFO toClientNotifyTaskSize = 0

2022-01-10 16:37:13,854 INFO groupCount = 0, subscriberClientCount = 0, subscriberCount = 0

2022-01-10 16:37:13,855 INFO [long-pulling] client count 0

2022-01-10 16:37:23,863 INFO [long-pulling] client count 0

2022-01-10 16:37:23,863 INFO toNotifyTaskSize = 0

2022-01-10 16:37:23,863 INFO groupCount = 0, subscriberClientCount = 0, subscriberCount = 0

2022-01-10 16:37:23,863 INFO toClientNotifyTaskSize = 0

2022-01-10 16:37:33,877 INFO groupCount = 0, subscriberClientCount = 0, subscriberCount = 0

2022-01-10 16:37:33,876 INFO toNotifyTaskSize = 0

2022-01-10 16:37:33,876 INFO [long-pulling] client count 0

2022-01-10 16:37:33,877 INFO toClientNotifyTaskSize = 0

2022-01-10 16:37:43,893 INFO toNotifyTaskSize = 0

2022-01-10 16:37:43,893 INFO toClientNotifyTaskSize = 0

2022-01-10 16:37:43,893 INFO groupCount = 0, subscriberClientCount = 0, subscriberCount = 0

2022-01-10 16:37:43,893 INFO [long-pulling] client count 0

2022-01-10 16:37:53,900 INFO groupCount = 0, subscriberClientCount = 0, subscriberCount = 0

2022-01-10 16:37:53,900 INFO toNotifyTaskSize = 0

2022-01-10 16:37:53,900 INFO [long-pulling] client count 0

2022-01-10 16:37:53,900 INFO toClientNotifyTaskSize = 0

2022-01-10 16:38:03,908 INFO [long-pulling] client count 0

2022-01-10 16:38:03,908 INFO toNotifyTaskSize = 0

2022-01-10 16:38:03,908 INFO toClientNotifyTaskSize = 0

2022-01-10 16:38:03,908 INFO groupCount = 0, subscriberClientCount = 0, subscriberCount = 0

2022-01-10 16:38:13,918 INFO [long-pulling] client count 0

2022-01-10 16:38:13,918 INFO groupCount = 0, subscriberClientCount = 0, subscriberCount = 0

2022-01-10 16:38:13,918 INFO toNotifyTaskSize = 0

2022-01-10 16:38:13,918 INFO toClientNotifyTaskSize = 0

2022-01-10 16:38:23,932 INFO [long-pulling] client count 0

2022-01-10 16:38:23,933 INFO groupCount = 0, subscriberClientCount = 0, subscriberCount = 0

2022-01-10 16:38:23,933 INFO toNotifyTaskSize = 0

2022-01-10 16:38:23,933 INFO toClientNotifyTaskSize = 0

2022-01-10 16:38:33,942 INFO [long-pulling] client count 0

2022-01-10 16:38:33,943 INFO groupCount = 0, subscriberClientCount = 0, subscriberCount = 0

2022-01-10 16:38:33,943 INFO toNotifyTaskSize = 0

2022-01-10 16:38:33,943 INFO toClientNotifyTaskSize = 0

2022-01-10 16:38:43,946 INFO groupCount = 0, subscriberClientCount = 0, subscriberCount = 0

2022-01-10 16:38:43,946 INFO [long-pulling] client count 0

2022-01-10 16:38:43,946 INFO toNotifyTaskSize = 0

2022-01-10 16:38:43,951 INFO toClientNotifyTaskSize = 0

2022-01-10 16:38:53,949 INFO [long-pulling] client count 0

2022-01-10 16:38:53,949 INFO groupCount = 0, subscriberClientCount = 0, subscriberCount = 0

2022-01-10 16:38:53,964 INFO toNotifyTaskSize = 0

2022-01-10 16:38:53,965 INFO toClientNotifyTaskSize = 0

2022-01-10 16:39:03,956 INFO groupCount = 0, subscriberClientCount = 0, subscriberCount = 0

2022-01-10 16:39:03,956 INFO [long-pulling] client count 0

2022-01-10 16:39:03,972 INFO toNotifyTaskSize = 0

2022-01-10 16:39:03,972 INFO toClientNotifyTaskSize = 0

2022-01-10 16:39:13,969 INFO [long-pulling] client count 0

2022-01-10 16:39:13,969 INFO groupCount = 0, subscriberClientCount = 0, subscriberCount = 0

2022-01-10 16:39:13,984 INFO toNotifyTaskSize = 0

2022-01-10 16:39:13,984 INFO toClientNotifyTaskSize = 0

2022-01-10 16:39:23,979 INFO [long-pulling] client count 0

2022-01-10 16:39:23,979 INFO groupCount = 0, subscriberClientCount = 0, subscriberCount = 0

2022-01-10 16:39:23,995 INFO toNotifyTaskSize = 0

2022-01-10 16:39:24,000 INFO toClientNotifyTaskSize = 0

2022-01-10 16:39:33,992 INFO [long-pulling] client count 0

2022-01-10 16:39:33,997 INFO groupCount = 0, subscriberClientCount = 0, subscriberCount = 0

2022-01-10 16:39:34,007 INFO toNotifyTaskSize = 0

2022-01-10 16:39:34,007 INFO toClientNotifyTaskSize = 0

2022-01-10 16:39:44,011 INFO groupCount = 0, subscriberClientCount = 0, subscriberCount = 0

2022-01-10 16:39:44,011 INFO toNotifyTaskSize = 0

2022-01-10 16:39:44,012 INFO toClientNotifyTaskSize = 0

2022-01-10 16:39:44,023 INFO [long-pulling] client count 0

2022-01-10 16:39:54,028 INFO groupCount = 0, subscriberClientCount = 0, subscriberCount = 0

2022-01-10 16:39:54,028 INFO [long-pulling] client count 0

2022-01-10 16:39:54,028 INFO toNotifyTaskSize = 0

2022-01-10 16:39:54,028 INFO toClientNotifyTaskSize = 0

2022-01-10 16:40:04,040 INFO [long-pulling] client count 0

2022-01-10 16:40:04,040 INFO toNotifyTaskSize = 0

2022-01-10 16:40:04,040 INFO groupCount = 0, subscriberClientCount = 0, subscriberCount = 0

2022-01-10 16:40:04,040 INFO toClientNotifyTaskSize = 0

2022-01-10 16:40:14,043 INFO toNotifyTaskSize = 0

2022-01-10 16:40:14,043 INFO groupCount = 0, subscriberClientCount = 0, subscriberCount = 0

2022-01-10 16:40:14,043 INFO [long-pulling] client count 0

2022-01-10 16:40:14,043 INFO toClientNotifyTaskSize = 0

2022-01-10 16:40:24,047 INFO groupCount = 0, subscriberClientCount = 0, subscriberCount = 0

2022-01-10 16:40:24,046 INFO [long-pulling] client count 0

2022-01-10 16:40:24,047 INFO toNotifyTaskSize = 0

2022-01-10 16:40:24,051 INFO toClientNotifyTaskSize = 0

2022-01-10 16:40:34,061 INFO [long-pulling] client count 0

2022-01-10 16:40:34,061 INFO toNotifyTaskSize = 0

2022-01-10 16:40:34,061 INFO groupCount = 0, subscriberClientCount = 0, subscriberCount = 0

2022-01-10 16:40:34,062 INFO toClientNotifyTaskSize = 0

2022-01-10 16:40:44,172 INFO toNotifyTaskSize = 0

2022-01-10 16:40:44,172 INFO toClientNotifyTaskSize = 0

2022-01-10 16:40:44,172 INFO groupCount = 0, subscriberClientCount = 0, subscriberCount = 0

2022-01-10 16:40:44,172 INFO [long-pulling] client count 0

2022-01-10 16:40:54,187 INFO groupCount = 0, subscriberClientCount = 0, subscriberCount = 0

2022-01-10 16:40:54,187 INFO toNotifyTaskSize = 0

2022-01-10 16:40:54,187 INFO toClientNotifyTaskSize = 0

2022-01-10 16:40:54,187 INFO [long-pulling] client count 0

2022-01-10 16:41:04,219 INFO toNotifyTaskSize = 0

2022-01-10 16:41:04,220 INFO toClientNotifyTaskSize = 0

2022-01-10 16:41:04,220 INFO [long-pulling] client count 0

2022-01-10 16:41:04,220 INFO groupCount = 0, subscriberClientCount = 0, subscriberCount = 0

2022-01-10 16:41:14,281 INFO groupCount = 0, subscriberClientCount = 0, subscriberCount = 0

2022-01-10 16:41:14,281 INFO toNotifyTaskSize = 0

2022-01-10 16:41:14,281 INFO toClientNotifyTaskSize = 0

2022-01-10 16:41:14,281 INFO [long-pulling] client count 0

2022-01-10 16:41:24,386 INFO toNotifyTaskSize = 0

2022-01-10 16:41:24,386 INFO groupCount = 0, subscriberClientCount = 0, subscriberCount = 0

2022-01-10 16:41:24,386 INFO toClientNotifyTaskSize = 0

2022-01-10 16:41:24,387 INFO [long-pulling] client count 0

2022-01-10 16:41:34,530 INFO toNotifyTaskSize = 0

2022-01-10 16:41:34,530 INFO groupCount = 0, subscriberClientCount = 0, subscriberCount = 0

2022-01-10 16:41:34,530 INFO toClientNotifyTaskSize = 0

2022-01-10 16:41:34,530 INFO [long-pulling] client count 0

2022-01-10 16:41:44,540 INFO [long-pulling] client count 0

2022-01-10 16:41:44,540 INFO groupCount = 0, subscriberClientCount = 0, subscriberCount = 0

2022-01-10 16:41:44,541 INFO toNotifyTaskSize = 0

2022-01-10 16:41:44,541 INFO toClientNotifyTaskSize = 0

2022-01-10 16:41:54,553 INFO [long-pulling] client count 0

2022-01-10 16:41:54,553 INFO groupCount = 0, subscriberClientCount = 0, subscriberCount = 0

2022-01-10 16:41:54,553 INFO toNotifyTaskSize = 0

2022-01-10 16:41:54,553 INFO toClientNotifyTaskSize = 0

2022-01-10 16:42:04,556 INFO [long-pulling] client count 0

2022-01-10 16:42:04,556 INFO groupCount = 0, subscriberClientCount = 0, subscriberCount = 0

2022-01-10 16:42:04,556 INFO toNotifyTaskSize = 0

2022-01-10 16:42:04,561 INFO toClientNotifyTaskSize = 0

2022-01-10 16:42:14,561 INFO [long-pulling] client count 0

2022-01-10 16:42:14,561 INFO toNotifyTaskSize = 0

2022-01-10 16:42:14,561 INFO groupCount = 0, subscriberClientCount = 0, subscriberCount = 0

2022-01-10 16:42:14,562 INFO toClientNotifyTaskSize = 0

2022-01-10 16:42:24,571 INFO toNotifyTaskSize = 0

2022-01-10 16:42:24,571 INFO toClientNotifyTaskSize = 0

2022-01-10 16:42:24,571 INFO groupCount = 0, subscriberClientCount = 0, subscriberCount = 0

2022-01-10 16:42:24,571 INFO [long-pulling] client count 0

2022-01-10 16:42:34,585 INFO [long-pulling] client count 0

2022-01-10 16:42:34,585 INFO toNotifyTaskSize = 0

2022-01-10 16:42:34,585 INFO groupCount = 0, subscriberClientCount = 0, subscriberCount = 0

2022-01-10 16:42:34,585 INFO toClientNotifyTaskSize = 0

2022-01-10 16:42:44,588 INFO [long-pulling] client count 0

2022-01-10 16:42:44,588 INFO toNotifyTaskSize = 0

2022-01-10 16:42:44,588 INFO toClientNotifyTaskSize = 0

2022-01-10 16:42:44,588 INFO groupCount = 0, subscriberClientCount = 0, subscriberCount = 0

2022-01-10 16:42:54,591 INFO [long-pulling] client count 0

2022-01-10 16:42:54,591 INFO groupCount = 0, subscriberClientCount = 0, subscriberCount = 0

2022-01-10 16:42:54,591 INFO toNotifyTaskSize = 0

2022-01-10 16:42:54,596 INFO toClientNotifyTaskSize = 0

2022-01-10 16:43:04,600 INFO toNotifyTaskSize = 0

2022-01-10 16:43:04,600 INFO groupCount = 0, subscriberClientCount = 0, subscriberCount = 0

2022-01-10 16:43:04,600 INFO [long-pulling] client count 0

2022-01-10 16:43:04,600 INFO toClientNotifyTaskSize = 0

2022-01-10 16:43:14,605 INFO [long-pulling] client count 0

2022-01-10 16:43:14,605 INFO toNotifyTaskSize = 0

2022-01-10 16:43:14,605 INFO groupCount = 0, subscriberClientCount = 0, subscriberCount = 0

2022-01-10 16:43:14,605 INFO toClientNotifyTaskSize = 0

2022-01-10 16:43:24,608 INFO toNotifyTaskSize = 0

2022-01-10 16:43:24,609 INFO toClientNotifyTaskSize = 0

2022-01-10 16:43:24,609 INFO [long-pulling] client count 0

2022-01-10 16:43:24,608 INFO groupCount = 0, subscriberClientCount = 0, subscriberCount = 0

2022-01-10 16:43:34,630 INFO [long-pulling] client count 0

2022-01-10 16:43:34,630 INFO groupCount = 0, subscriberClientCount = 0, subscriberCount = 0

2022-01-10 16:43:34,631 INFO toNotifyTaskSize = 0

2022-01-10 16:43:34,631 INFO toClientNotifyTaskSize = 0

2022-01-10 16:43:44,636 INFO toNotifyTaskSize = 0

2022-01-10 16:43:44,636 INFO toClientNotifyTaskSize = 0

2022-01-10 16:43:44,636 INFO groupCount = 0, subscriberClientCount = 0, subscriberCount = 0

2022-01-10 16:43:44,636 INFO [long-pulling] client count 0

2022-01-10 16:43:54,657 INFO [long-pulling] client count 0

2022-01-10 16:43:54,657 INFO toNotifyTaskSize = 0

2022-01-10 16:43:54,657 INFO groupCount = 0, subscriberClientCount = 0, subscriberCount = 0

2022-01-10 16:43:54,657 INFO toClientNotifyTaskSize = 0

2022-01-10 16:44:04,671 INFO toNotifyTaskSize = 0

2022-01-10 16:44:04,671 INFO toClientNotifyTaskSize = 0

2022-01-10 16:44:04,671 INFO [long-pulling] client count 0

2022-01-10 16:44:04,671 INFO groupCount = 0, subscriberClientCount = 0, subscriberCount = 0

2022-01-10 16:44:14,677 INFO groupCount = 0, subscriberClientCount = 0, subscriberCount = 0

2022-01-10 16:44:14,677 INFO toNotifyTaskSize = 0

2022-01-10 16:44:14,677 INFO [long-pulling] client count 0

2022-01-10 16:44:14,677 INFO toClientNotifyTaskSize = 0

2022-01-10 16:44:24,679 INFO [long-pulling] client count 0

2022-01-10 16:44:24,679 INFO groupCount = 0, subscriberClientCount = 0, subscriberCount = 0

2022-01-10 16:44:24,679 INFO toNotifyTaskSize = 0

2022-01-10 16:44:24,680 INFO toClientNotifyTaskSize = 0

2022-01-10 16:44:34,701 INFO toNotifyTaskSize = 0

2022-01-10 16:44:34,701 INFO groupCount = 0, subscriberClientCount = 0, subscriberCount = 0

2022-01-10 16:44:34,701 INFO toClientNotifyTaskSize = 0

2022-01-10 16:44:34,702 INFO [long-pulling] client count 0

2022-01-10 16:44:44,715 INFO groupCount = 0, subscriberClientCount = 0, subscriberCount = 0

2022-01-10 16:44:44,715 INFO toNotifyTaskSize = 0

2022-01-10 16:44:44,715 INFO toClientNotifyTaskSize = 0

2022-01-10 16:44:44,715 INFO [long-pulling] client count 0

2022-01-10 16:44:54,715 INFO [long-pulling] client count 0

2022-01-10 16:44:54,715 INFO toNotifyTaskSize = 0

2022-01-10 16:44:54,715 INFO toClientNotifyTaskSize = 0

2022-01-10 16:44:54,715 INFO groupCount = 0, subscriberClientCount = 0, subscriberCount = 0

2022-01-10 16:45:04,717 INFO toNotifyTaskSize = 0

2022-01-10 16:45:04,717 INFO toClientNotifyTaskSize = 0

2022-01-10 16:45:04,717 INFO groupCount = 0, subscriberClientCount = 0, subscriberCount = 0

2022-01-10 16:45:04,717 INFO [long-pulling] client count 0

2022-01-10 16:45:14,728 INFO toNotifyTaskSize = 0

2022-01-10 16:45:14,728 INFO groupCount = 0, subscriberClientCount = 0, subscriberCount = 0

2022-01-10 16:45:14,728 INFO toClientNotifyTaskSize = 0

2022-01-10 16:45:14,728 INFO [long-pulling] client count 0

2022-01-10 16:45:24,738 INFO [long-pulling] client count 0

2022-01-10 16:45:24,738 INFO groupCount = 0, subscriberClientCount = 0, subscriberCount = 0

2022-01-10 16:45:24,738 INFO toNotifyTaskSize = 0

2022-01-10 16:45:24,738 INFO toClientNotifyTaskSize = 0

2022-01-10 16:45:34,743 INFO toNotifyTaskSize = 0

2022-01-10 16:45:34,743 INFO groupCount = 0, subscriberClientCount = 0, subscriberCount = 0

2022-01-10 16:45:34,743 INFO toClientNotifyTaskSize = 0

2022-01-10 16:45:34,743 INFO [long-pulling] client count 0

2022-01-10 16:45:44,747 INFO toNotifyTaskSize = 0

2022-01-10 16:45:44,747 INFO groupCount = 0, subscriberClientCount = 0, subscriberCount = 0

2022-01-10 16:45:44,747 INFO [long-pulling] client count 0

2022-01-10 16:45:44,747 INFO toClientNotifyTaskSize = 0

2022-01-10 16:45:54,760 INFO toNotifyTaskSize = 0

2022-01-10 16:45:54,760 INFO toClientNotifyTaskSize = 0

2022-01-10 16:45:54,760 INFO [long-pulling] client count 0

2022-01-10 16:45:54,760 INFO groupCount = 0, subscriberClientCount = 0, subscriberCount = 0

2022-01-10 16:46:04,768 INFO [long-pulling] client count 0

2022-01-10 16:46:04,768 INFO toNotifyTaskSize = 0

2022-01-10 16:46:04,768 INFO toClientNotifyTaskSize = 0

2022-01-10 16:46:04,768 INFO groupCount = 0, subscriberClientCount = 0, subscriberCount = 0

2022-01-10 16:46:14,772 INFO toNotifyTaskSize = 0

2022-01-10 16:46:14,772 INFO groupCount = 0, subscriberClientCount = 0, subscriberCount = 0

2022-01-10 16:46:14,772 INFO toClientNotifyTaskSize = 0

2022-01-10 16:46:14,772 INFO [long-pulling] client count 0

2022-01-10 16:46:24,777 INFO groupCount = 0, subscriberClientCount = 0, subscriberCount = 0

2022-01-10 16:46:24,777 INFO toNotifyTaskSize = 0

2022-01-10 16:46:24,777 INFO toClientNotifyTaskSize = 0

2022-01-10 16:46:24,792 INFO [long-pulling] client count 0

2022-01-10 16:46:34,783 INFO groupCount = 0, subscriberClientCount = 0, subscriberCount = 0

2022-01-10 16:46:34,783 INFO toNotifyTaskSize = 0

2022-01-10 16:46:34,784 INFO toClientNotifyTaskSize = 0

2022-01-10 16:46:34,799 INFO [long-pulling] client count 0

2022-01-10 16:46:44,789 INFO toNotifyTaskSize = 0

2022-01-10 16:46:44,790 INFO toClientNotifyTaskSize = 0

2022-01-10 16:46:44,790 INFO groupCount = 0, subscriberClientCount = 0, subscriberCount = 0

2022-01-10 16:46:44,805 INFO [long-pulling] client count 0

2022-01-10 16:46:54,795 INFO groupCount = 0, subscriberClientCount = 0, subscriberCount = 0

2022-01-10 16:46:54,796 INFO toNotifyTaskSize = 0

2022-01-10 16:46:54,796 INFO toClientNotifyTaskSize = 0

2022-01-10 16:46:54,810 INFO [long-pulling] client count 0

2022-01-10 16:47:04,844 INFO toNotifyTaskSize = 0

2022-01-10 16:47:04,845 INFO toClientNotifyTaskSize = 0

2022-01-10 16:47:04,845 INFO groupCount = 0, subscriberClientCount = 0, subscriberCount = 0

2022-01-10 16:47:04,845 INFO [long-pulling] client count 0

2022-01-10 16:47:14,878 INFO toNotifyTaskSize = 0

2022-01-10 16:47:14,878 INFO groupCount = 0, subscriberClientCount = 0, subscriberCount = 0

2022-01-10 16:47:14,879 INFO toClientNotifyTaskSize = 0

2022-01-10 16:47:14,879 INFO [long-pulling] client count 0

2022-01-10 16:47:24,892 INFO toNotifyTaskSize = 0

2022-01-10 16:47:24,892 INFO groupCount = 0, subscriberClientCount = 0, subscriberCount = 0

2022-01-10 16:47:24,892 INFO toClientNotifyTaskSize = 0

2022-01-10 16:47:24,892 INFO [long-pulling] client count 0

2022-01-10 16:47:34,896 INFO [long-pulling] client count 0

2022-01-10 16:47:34,896 INFO groupCount = 0, subscriberClientCount = 0, subscriberCount = 0

2022-01-10 16:47:34,896 INFO toNotifyTaskSize = 0

2022-01-10 16:47:34,896 INFO toClientNotifyTaskSize = 0

2022-01-10 16:47:44,911 INFO [long-pulling] client count 0

2022-01-10 16:47:44,911 INFO toNotifyTaskSize = 0

2022-01-10 16:47:44,911 INFO toClientNotifyTaskSize = 0

2022-01-10 16:47:44,911 INFO groupCount = 0, subscriberClientCount = 0, subscriberCount = 0

2022-01-10 16:47:54,915 INFO groupCount = 0, subscriberClientCount = 0, subscriberCount = 0

2022-01-10 16:47:54,915 INFO toNotifyTaskSize = 0

2022-01-10 16:47:54,915 INFO [long-pulling] client count 0

2022-01-10 16:47:54,916 INFO toClientNotifyTaskSize = 0

2022-01-10 16:48:04,928 INFO [long-pulling] client count 0

2022-01-10 16:48:04,928 INFO groupCount = 0, subscriberClientCount = 0, subscriberCount = 0

2022-01-10 16:48:04,928 INFO toNotifyTaskSize = 0

2022-01-10 16:48:04,928 INFO toClientNotifyTaskSize = 0

2022-01-10 16:48:14,933 INFO [long-pulling] client count 0

2022-01-10 16:48:14,933 INFO toNotifyTaskSize = 0

2022-01-10 16:48:14,933 INFO groupCount = 0, subscriberClientCount = 0, subscriberCount = 0

2022-01-10 16:48:14,933 INFO toClientNotifyTaskSize = 0

2022-01-10 16:48:24,936 INFO toNotifyTaskSize = 0

2022-01-10 16:48:24,936 INFO groupCount = 0, subscriberClientCount = 0, subscriberCount = 0

2022-01-10 16:48:24,936 INFO toClientNotifyTaskSize = 0

2022-01-10 16:48:24,937 INFO [long-pulling] client count 0

2022-01-10 16:48:34,938 INFO [long-pulling] client count 0

2022-01-10 16:48:34,938 INFO groupCount = 0, subscriberClientCount = 0, subscriberCount = 0

2022-01-10 16:48:34,938 INFO toNotifyTaskSize = 0

2022-01-10 16:48:34,942 INFO toClientNotifyTaskSize = 0

2022-01-10 16:48:44,948 INFO toNotifyTaskSize = 0

2022-01-10 16:48:44,948 INFO toClientNotifyTaskSize = 0

2022-01-10 16:48:44,948 INFO groupCount = 0, subscriberClientCount = 0, subscriberCount = 0

2022-01-10 16:48:44,948 INFO [long-pulling] client count 0

2022-01-10 16:48:54,960 INFO [long-pulling] client count 0

2022-01-10 16:48:54,960 INFO toNotifyTaskSize = 0

2022-01-10 16:48:54,960 INFO groupCount = 0, subscriberClientCount = 0, subscriberCount = 0

2022-01-10 16:48:54,961 INFO toClientNotifyTaskSize = 0

2022-01-10 16:49:04,962 INFO toNotifyTaskSize = 0

2022-01-10 16:49:04,962 INFO groupCount = 0, subscriberClientCount = 0, subscriberCount = 0

2022-01-10 16:49:04,962 INFO [long-pulling] client count 0

2022-01-10 16:49:04,963 INFO toClientNotifyTaskSize = 0

2022-01-10 16:49:14,966 INFO [long-pulling] client count 0

2022-01-10 16:49:14,966 INFO groupCount = 0, subscriberClientCount = 0, subscriberCount = 0

2022-01-10 16:49:14,966 INFO toNotifyTaskSize = 0

2022-01-10 16:49:14,966 INFO toClientNotifyTaskSize = 0

2022-01-10 16:49:24,981 INFO [long-pulling] client count 0

2022-01-10 16:49:24,981 INFO toNotifyTaskSize = 0

2022-01-10 16:49:24,981 INFO toClientNotifyTaskSize = 0

2022-01-10 16:49:24,981 INFO groupCount = 0, subscriberClientCount = 0, subscriberCount = 0

2022-01-10 16:49:34,991 INFO groupCount = 0, subscriberClientCount = 0, subscriberCount = 0

2022-01-10 16:49:34,991 INFO toNotifyTaskSize = 0

2022-01-10 16:49:34,991 INFO toClientNotifyTaskSize = 0

2022-01-10 16:49:34,991 INFO [long-pulling] client count 0

2022-01-10 16:49:45,004 INFO [long-pulling] client count 0

2022-01-10 16:49:45,005 INFO toNotifyTaskSize = 0

2022-01-10 16:49:45,005 INFO groupCount = 0, subscriberClientCount = 0, subscriberCount = 0

2022-01-10 16:49:45,005 INFO toClientNotifyTaskSize = 0

2022-01-10 16:49:55,005 INFO [long-pulling] client count 0

2022-01-10 16:49:55,005 INFO toNotifyTaskSize = 0

2022-01-10 16:49:55,005 INFO groupCount = 0, subscriberClientCount = 0, subscriberCount = 0

2022-01-10 16:49:55,006 INFO toClientNotifyTaskSize = 0

2022-01-10 16:50:05,007 INFO [long-pulling] client count 0

2022-01-10 16:50:05,007 INFO groupCount = 0, subscriberClientCount = 0, subscriberCount = 0

2022-01-10 16:50:05,022 INFO toNotifyTaskSize = 0

2022-01-10 16:50:05,022 INFO toClientNotifyTaskSize = 0

2022-01-10 16:50:15,009 INFO [long-pulling] client count 0

2022-01-10 16:50:15,009 INFO groupCount = 0, subscriberClientCount = 0, subscriberCount = 0

2022-01-10 16:50:15,024 INFO toNotifyTaskSize = 0

2022-01-10 16:50:15,024 INFO toClientNotifyTaskSize = 0

2022-01-10 16:50:25,016 INFO groupCount = 0, subscriberClientCount = 0, subscriberCount = 0

2022-01-10 16:50:25,016 INFO [long-pulling] client count 0

2022-01-10 16:50:25,032 INFO toNotifyTaskSize = 0

2022-01-10 16:50:25,032 INFO toClientNotifyTaskSize = 0

2022-01-10 16:50:35,031 INFO [long-pulling] client count 0

2022-01-10 16:50:35,031 INFO groupCount = 0, subscriberClientCount = 0, subscriberCount = 0

2022-01-10 16:50:35,046 INFO toNotifyTaskSize = 0

2022-01-10 16:50:35,046 INFO toClientNotifyTaskSize = 0

2022-01-10 16:50:45,040 INFO [long-pulling] client count 0

2022-01-10 16:50:45,040 INFO groupCount = 0, subscriberClientCount = 0, subscriberCount = 0

2022-01-10 16:50:45,055 INFO toNotifyTaskSize = 0

2022-01-10 16:50:45,055 INFO toClientNotifyTaskSize = 0

2022-01-10 16:50:55,052 INFO [long-pulling] client count 0

2022-01-10 16:50:55,052 INFO groupCount = 0, subscriberClientCount = 0, subscriberCount = 0

2022-01-10 16:50:55,068 INFO toNotifyTaskSize = 0

2022-01-10 16:50:55,069 INFO toClientNotifyTaskSize = 0

2022-01-10 16:51:05,056 INFO groupCount = 0, subscriberClientCount = 0, subscriberCount = 0

2022-01-10 16:51:05,056 INFO [long-pulling] client count 0

2022-01-10 16:51:05,072 INFO toNotifyTaskSize = 0

2022-01-10 16:51:05,072 INFO toClientNotifyTaskSize = 0

2022-01-10 16:51:15,066 INFO [long-pulling] client count 0

2022-01-10 16:51:15,066 INFO groupCount = 0, subscriberClientCount = 0, subscriberCount = 0

2022-01-10 16:51:15,082 INFO toNotifyTaskSize = 0

2022-01-10 16:51:15,082 INFO toClientNotifyTaskSize = 0

2022-01-10 16:51:25,079 INFO groupCount = 0, subscriberClientCount = 0, subscriberCount = 0

2022-01-10 16:51:25,079 INFO [long-pulling] client count 0

2022-01-10 16:51:25,093 INFO toNotifyTaskSize = 0

2022-01-10 16:51:25,093 INFO toClientNotifyTaskSize = 0

2022-01-10 16:51:35,098 INFO [long-pulling] client count 0

2022-01-10 16:51:35,098 INFO toNotifyTaskSize = 0

2022-01-10 16:51:35,098 INFO toClientNotifyTaskSize = 0

2022-01-10 16:51:35,098 INFO groupCount = 0, subscriberClientCount = 0, subscriberCount = 0

2022-01-10 16:51:45,100 INFO toNotifyTaskSize = 0

2022-01-10 16:51:45,100 INFO toClientNotifyTaskSize = 0

2022-01-10 16:51:45,100 INFO groupCount = 0, subscriberClientCount = 0, subscriberCount = 0

2022-01-10 16:51:45,100 INFO [long-pulling] client count 0

2022-01-10 16:51:55,114 INFO groupCount = 0, subscriberClientCount = 0, subscriberCount = 0

2022-01-10 16:51:55,114 INFO [long-pulling] client count 0

2022-01-10 16:51:55,114 INFO toNotifyTaskSize = 0

2022-01-10 16:51:55,115 INFO toClientNotifyTaskSize = 0

2022-01-10 16:52:05,131 INFO [long-pulling] client count 0

2022-01-10 16:52:05,131 INFO groupCount = 0, subscriberClientCount = 0, subscriberCount = 0

2022-01-10 16:52:05,131 INFO toNotifyTaskSize = 0

2022-01-10 16:52:05,132 INFO toClientNotifyTaskSize = 0

2022-01-10 16:52:15,151 INFO toNotifyTaskSize = 0

2022-01-10 16:52:15,151 INFO groupCount = 0, subscriberClientCount = 0, subscriberCount = 0

2022-01-10 16:52:15,152 INFO toClientNotifyTaskSize = 0

2022-01-10 16:52:15,152 INFO [long-pulling] client count 0

2022-01-10 16:52:25,163 INFO toNotifyTaskSize = 0

2022-01-10 16:52:25,163 INFO groupCount = 0, subscriberClientCount = 0, subscriberCount = 0

2022-01-10 16:52:25,163 INFO [long-pulling] client count 0

2022-01-10 16:52:25,163 INFO toClientNotifyTaskSize = 0

2022-01-10 16:52:35,172 INFO [long-pulling] client count 0

2022-01-10 16:52:35,172 INFO toNotifyTaskSize = 0

2022-01-10 16:52:35,172 INFO groupCount = 0, subscriberClientCount = 0, subscriberCount = 0

2022-01-10 16:52:35,172 INFO toClientNotifyTaskSize = 0

2022-01-10 16:52:45,184 INFO [long-pulling] client count 0

2022-01-10 16:52:45,184 INFO toNotifyTaskSize = 0

2022-01-10 16:52:45,184 INFO groupCount = 0, subscriberClientCount = 0, subscriberCount = 0

2022-01-10 16:52:45,184 INFO toClientNotifyTaskSize = 0

2022-01-10 16:52:55,192 INFO [long-pulling] client count 0

2022-01-10 16:52:55,193 INFO groupCount = 0, subscriberClientCount = 0, subscriberCount = 0

2022-01-10 16:52:55,193 INFO toNotifyTaskSize = 0

2022-01-10 16:52:55,194 INFO toClientNotifyTaskSize = 0

2022-01-10 16:53:05,203 INFO [long-pulling] client count 0

2022-01-10 16:53:05,204 INFO toNotifyTaskSize = 0

2022-01-10 16:53:05,204 INFO groupCount = 0, subscriberClientCount = 0, subscriberCount = 0

2022-01-10 16:53:05,204 INFO toClientNotifyTaskSize = 0

2022-01-10 16:53:15,214 INFO toNotifyTaskSize = 0

2022-01-10 16:53:15,214 INFO [long-pulling] client count 0

2022-01-10 16:53:15,214 INFO groupCount = 0, subscriberClientCount = 0, subscriberCount = 0

2022-01-10 16:53:15,214 INFO toClientNotifyTaskSize = 0

2022-01-10 16:53:25,230 INFO [long-pulling] client count 0

2022-01-10 16:53:25,230 INFO toNotifyTaskSize = 0

2022-01-10 16:53:25,230 INFO toClientNotifyTaskSize = 0

2022-01-10 16:53:25,231 INFO groupCount = 0, subscriberClientCount = 0, subscriberCount = 0

2022-01-10 16:53:35,233 INFO [long-pulling] client count 0

2022-01-10 16:53:35,233 INFO toNotifyTaskSize = 0

2022-01-10 16:53:35,233 INFO toClientNotifyTaskSize = 0

2022-01-10 16:53:35,233 INFO groupCount = 0, subscriberClientCount = 0, subscriberCount = 0

2022-01-10 16:53:45,245 INFO [long-pulling] client count 0

2022-01-10 16:53:45,245 INFO toNotifyTaskSize = 0

2022-01-10 16:53:45,245 INFO toClientNotifyTaskSize = 0

2022-01-10 16:53:45,249 INFO groupCount = 0, subscriberClientCount = 0, subscriberCount = 0

2022-01-10 16:53:55,246 INFO [long-pulling] client count 0

2022-01-10 16:53:55,246 INFO toNotifyTaskSize = 0

2022-01-10 16:53:55,247 INFO toClientNotifyTaskSize = 0

2022-01-10 16:53:55,261 INFO groupCount = 0, subscriberClientCount = 0, subscriberCount = 0

2022-01-10 16:54:05,254 INFO toNotifyTaskSize = 0

2022-01-10 16:54:05,254 INFO [long-pulling] client count 0

2022-01-10 16:54:05,254 INFO toClientNotifyTaskSize = 0

2022-01-10 16:54:05,270 INFO groupCount = 0, subscriberClientCount = 0, subscriberCount = 0

2022-01-10 16:54:15,256 INFO toNotifyTaskSize = 0

2022-01-10 16:54:15,257 INFO toClientNotifyTaskSize = 0

2022-01-10 16:54:15,257 INFO [long-pulling] client count 0

2022-01-10 16:54:15,271 INFO groupCount = 0, subscriberClientCount = 0, subscriberCount = 0

2022-01-10 16:54:25,271 INFO groupCount = 0, subscriberClientCount = 0, subscriberCount = 0

2022-01-10 16:54:25,271 INFO toNotifyTaskSize = 0

2022-01-10 16:54:25,271 INFO [long-pulling] client count 0

2022-01-10 16:54:25,271 INFO toClientNotifyTaskSize = 0

2022-01-10 16:54:35,284 INFO toNotifyTaskSize = 0

2022-01-10 16:54:35,284 INFO groupCount = 0, subscriberClientCount = 0, subscriberCount = 0

2022-01-10 16:54:35,284 INFO toClientNotifyTaskSize = 0

2022-01-10 16:54:35,284 INFO [long-pulling] client count 0

2022-01-10 16:54:45,299 INFO toNotifyTaskSize = 0

2022-01-10 16:54:45,299 INFO groupCount = 0, subscriberClientCount = 0, subscriberCount = 0

2022-01-10 16:54:45,299 INFO [long-pulling] client count 0

2022-01-10 16:54:45,299 INFO toClientNotifyTaskSize = 0

2022-01-10 16:54:55,304 INFO toNotifyTaskSize = 0

2022-01-10 16:54:55,304 INFO [long-pulling] client count 0

2022-01-10 16:54:55,304 INFO groupCount = 0, subscriberClientCount = 0, subscriberCount = 0

2022-01-10 16:54:55,305 INFO toClientNotifyTaskSize = 0

2022-01-10 16:55:05,327 INFO groupCount = 0, subscriberClientCount = 0, subscriberCount = 0

2022-01-10 16:55:05,327 INFO toNotifyTaskSize = 0

2022-01-10 16:55:05,327 INFO toClientNotifyTaskSize = 0

2022-01-10 16:55:05,326 INFO [long-pulling] client count 0

2022-01-10 16:55:15,339 INFO [long-pulling] client count 0

2022-01-10 16:55:15,339 INFO toNotifyTaskSize = 0

2022-01-10 16:55:15,339 INFO toClientNotifyTaskSize = 0

2022-01-10 16:55:15,340 INFO groupCount = 0, subscriberClientCount = 0, subscriberCount = 0

2022-01-10 16:55:25,353 INFO toNotifyTaskSize = 0

2022-01-10 16:55:25,353 INFO toClientNotifyTaskSize = 0

2022-01-10 16:55:25,353 INFO [long-pulling] client count 0

2022-01-10 16:55:25,352 INFO groupCount = 0, subscriberClientCount = 0, subscriberCount = 0

2022-01-10 16:55:35,367 INFO groupCount = 0, subscriberClientCount = 0, subscriberCount = 0

2022-01-10 16:55:35,367 INFO [long-pulling] client count 0

2022-01-10 16:55:35,367 INFO toNotifyTaskSize = 0

2022-01-10 16:55:35,367 INFO toClientNotifyTaskSize = 0

2022-01-10 16:55:45,392 INFO toNotifyTaskSize = 0

2022-01-10 16:55:45,392 INFO groupCount = 0, subscriberClientCount = 0, subscriberCount = 0

2022-01-10 16:55:45,393 INFO [long-pulling] client count 0

2022-01-10 16:55:45,392 INFO toClientNotifyTaskSize = 0

2022-01-10 16:55:55,398 INFO groupCount = 0, subscriberClientCount = 0, subscriberCount = 0

2022-01-10 16:55:55,398 INFO toNotifyTaskSize = 0

2022-01-10 16:55:55,398 INFO [long-pulling] client count 0

2022-01-10 16:55:55,398 INFO toClientNotifyTaskSize = 0

2022-01-10 16:56:05,411 INFO toNotifyTaskSize = 0

2022-01-10 16:56:05,411 INFO [long-pulling] client count 0

2022-01-10 16:56:05,411 INFO groupCount = 0, subscriberClientCount = 0, subscriberCount = 0

2022-01-10 16:56:05,411 INFO toClientNotifyTaskSize = 0

2022-01-10 16:56:15,418 INFO toNotifyTaskSize = 0

2022-01-10 16:56:15,418 INFO groupCount = 0, subscriberClientCount = 0, subscriberCount = 0

2022-01-10 16:56:15,418 INFO [long-pulling] client count 0

2022-01-10 16:56:15,418 INFO toClientNotifyTaskSize = 0

2022-01-10 16:56:25,429 INFO toNotifyTaskSize = 0

2022-01-10 16:56:25,429 INFO groupCount = 0, subscriberClientCount = 0, subscriberCount = 0

2022-01-10 16:56:25,429 INFO [long-pulling] client count 0

2022-01-10 16:56:25,429 INFO toClientNotifyTaskSize = 0

2022-01-10 16:56:35,557 INFO groupCount = 0, subscriberClientCount = 0, subscriberCount = 0

2022-01-10 16:56:35,557 INFO [long-pulling] client count 0

2022-01-10 16:56:35,558 INFO toNotifyTaskSize = 0

2022-01-10 16:56:35,558 INFO toClientNotifyTaskSize = 0

2022-01-10 16:56:45,563 INFO toNotifyTaskSize = 0

2022-01-10 16:56:45,563 INFO toClientNotifyTaskSize = 0

2022-01-10 16:56:45,563 INFO [long-pulling] client count 0

2022-01-10 16:56:45,563 INFO groupCount = 0, subscriberClientCount = 0, subscriberCount = 0

2022-01-10 16:56:55,571 INFO groupCount = 0, subscriberClientCount = 0, subscriberCount = 0

2022-01-10 16:56:55,571 INFO toNotifyTaskSize = 0

2022-01-10 16:56:55,571 INFO [long-pulling] client count 0

2022-01-10 16:56:55,571 INFO toClientNotifyTaskSize = 0

2022-01-10 16:57:05,585 INFO groupCount = 0, subscriberClientCount = 0, subscriberCount = 0

2022-01-10 16:57:05,585 INFO [long-pulling] client count 0

2022-01-10 16:57:05,585 INFO toNotifyTaskSize = 0

2022-01-10 16:57:05,590 INFO toClientNotifyTaskSize = 0

2022-01-10 16:57:15,598 INFO [long-pulling] client count 0

2022-01-10 16:57:15,598 INFO toNotifyTaskSize = 0

2022-01-10 16:57:15,598 INFO groupCount = 0, subscriberClientCount = 0, subscriberCount = 0

2022-01-10 16:57:15,598 INFO toClientNotifyTaskSize = 0

2022-01-10 16:57:25,603 INFO [long-pulling] client count 0

2022-01-10 16:57:25,604 INFO groupCount = 0, subscriberClientCount = 0, subscriberCount = 0

2022-01-10 16:57:25,603 INFO toNotifyTaskSize = 0

2022-01-10 16:57:25,608 INFO toClientNotifyTaskSize = 0

2022-01-10 16:57:35,612 INFO toNotifyTaskSize = 0

2022-01-10 16:57:35,612 INFO groupCount = 0, subscriberClientCount = 0, subscriberCount = 0

2022-01-10 16:57:35,612 INFO toClientNotifyTaskSize = 0

2022-01-10 16:57:35,612 INFO [long-pulling] client count 0

2022-01-10 16:57:45,623 INFO [long-pulling] client count 0

2022-01-10 16:57:45,623 INFO toNotifyTaskSize = 0

2022-01-10 16:57:45,623 INFO groupCount = 0, subscriberClientCount = 0, subscriberCount = 0

2022-01-10 16:57:45,623 INFO toClientNotifyTaskSize = 0

2022-01-10 16:57:55,628 INFO toNotifyTaskSize = 0

2022-01-10 16:57:55,628 INFO [long-pulling] client count 0

2022-01-10 16:57:55,628 INFO groupCount = 0, subscriberClientCount = 0, subscriberCount = 0

2022-01-10 16:57:55,628 INFO toClientNotifyTaskSize = 0

2022-01-10 16:58:05,640 INFO toNotifyTaskSize = 0

2022-01-10 16:58:05,640 INFO toClientNotifyTaskSize = 0

2022-01-10 16:58:05,640 INFO groupCount = 0, subscriberClientCount = 0, subscriberCount = 0

2022-01-10 16:58:05,640 INFO [long-pulling] client count 0

2022-01-10 16:58:15,649 INFO [long-pulling] client count 0

2022-01-10 16:58:15,649 INFO toNotifyTaskSize = 0

2022-01-10 16:58:15,649 INFO toClientNotifyTaskSize = 0

2022-01-10 16:58:15,649 INFO groupCount = 0, subscriberClientCount = 0, subscriberCount = 0

2022-01-10 16:58:25,653 INFO groupCount = 0, subscriberClientCount = 0, subscriberCount = 0

2022-01-10 16:58:25,653 INFO toNotifyTaskSize = 0

2022-01-10 16:58:25,653 INFO [long-pulling] client count 0

2022-01-10 16:58:25,654 INFO toClientNotifyTaskSize = 0

2022-01-10 16:58:35,668 INFO [long-pulling] client count 0

2022-01-10 16:58:35,668 INFO groupCount = 0, subscriberClientCount = 0, subscriberCount = 0

2022-01-10 16:58:35,668 INFO toNotifyTaskSize = 0

2022-01-10 16:58:35,673 INFO toClientNotifyTaskSize = 0

2022-01-10 16:58:45,673 INFO toNotifyTaskSize = 0

2022-01-10 16:58:45,674 INFO toClientNotifyTaskSize = 0

2022-01-10 16:58:45,673 INFO groupCount = 0, subscriberClientCount = 0, subscriberCount = 0

2022-01-10 16:58:45,674 INFO [long-pulling] client count 0

2022-01-10 16:58:55,676 INFO toNotifyTaskSize = 0

2022-01-10 16:58:55,676 INFO [long-pulling] client count 0

2022-01-10 16:58:55,676 INFO toClientNotifyTaskSize = 0

2022-01-10 16:58:55,676 INFO groupCount = 0, subscriberClientCount = 0, subscriberCount = 0

2022-01-10 16:59:05,680 INFO [long-pulling] client count 0

2022-01-10 16:59:05,680 INFO toNotifyTaskSize = 0

2022-01-10 16:59:05,680 INFO toClientNotifyTaskSize = 0

2022-01-10 16:59:05,680 INFO groupCount = 0, subscriberClientCount = 0, subscriberCount = 0

2022-01-10 16:59:15,684 INFO toNotifyTaskSize = 0

2022-01-10 16:59:15,684 INFO [long-pulling] client count 0

2022-01-10 16:59:15,684 INFO toClientNotifyTaskSize = 0

2022-01-10 16:59:15,684 INFO groupCount = 0, subscriberClientCount = 0, subscriberCount = 0

2022-01-10 16:59:25,728 INFO groupCount = 0, subscriberClientCount = 0, subscriberCount = 0

2022-01-10 16:59:25,728 INFO [long-pulling] client count 0

2022-01-10 16:59:25,732 INFO toNotifyTaskSize = 0

2022-01-10 16:59:25,732 INFO toClientNotifyTaskSize = 0

2022-01-10 16:59:35,772 INFO [long-pulling] client count 0

2022-01-10 16:59:35,772 INFO toNotifyTaskSize = 0

2022-01-10 16:59:35,772 INFO toClientNotifyTaskSize = 0

2022-01-10 16:59:35,772 INFO groupCount = 0, subscriberClientCount = 0, subscriberCount = 0

2022-01-10 16:59:45,783 INFO groupCount = 0, subscriberClientCount = 0, subscriberCount = 0

2022-01-10 16:59:45,783 INFO toNotifyTaskSize = 0

2022-01-10 16:59:45,783 INFO toClientNotifyTaskSize = 0

2022-01-10 16:59:45,783 INFO [long-pulling] client count 0

2022-01-10 16:59:55,789 INFO toNotifyTaskSize = 0

2022-01-10 16:59:55,789 INFO toClientNotifyTaskSize = 0

2022-01-10 16:59:55,789 INFO groupCount = 0, subscriberClientCount = 0, subscriberCount = 0

2022-01-10 16:59:55,790 INFO [long-pulling] client count 0

2022-01-10 17:00:05,790 INFO [long-pulling] client count 0

2022-01-10 17:00:05,790 INFO toNotifyTaskSize = 0

2022-01-10 17:00:05,790 INFO groupCount = 0, subscriberClientCount = 0, subscriberCount = 0

2022-01-10 17:00:05,790 INFO toClientNotifyTaskSize = 0

2022-01-10 17:00:15,797 INFO [long-pulling] client count 0

2022-01-10 17:00:15,797 INFO groupCount = 0, subscriberClientCount = 0, subscriberCount = 0

2022-01-10 17:00:15,797 INFO toNotifyTaskSize = 0

2022-01-10 17:00:15,797 INFO toClientNotifyTaskSize = 0

2022-01-10 17:00:25,812 INFO [long-pulling] client count 0

2022-01-10 17:00:25,812 INFO toNotifyTaskSize = 0

2022-01-10 17:00:25,812 INFO toClientNotifyTaskSize = 0

2022-01-10 17:00:25,812 INFO groupCount = 0, subscriberClientCount = 0, subscriberCount = 0

2022-01-10 17:00:35,825 INFO groupCount = 0, subscriberClientCount = 0, subscriberCount = 0

2022-01-10 17:00:35,825 INFO toNotifyTaskSize = 0

2022-01-10 17:00:35,825 INFO toClientNotifyTaskSize = 0

2022-01-10 17:00:35,825 INFO [long-pulling] client count 0

2022-01-10 17:00:45,835 INFO [long-pulling] client count 0

2022-01-10 17:00:45,835 INFO toNotifyTaskSize = 0

2022-01-10 17:00:45,835 INFO groupCount = 0, subscriberClientCount = 0, subscriberCount = 0

2022-01-10 17:00:45,836 INFO toClientNotifyTaskSize = 0

2022-01-10 17:00:55,842 INFO toNotifyTaskSize = 0

2022-01-10 17:00:55,842 INFO groupCount = 0, subscriberClientCount = 0, subscriberCount = 0

2022-01-10 17:00:55,842 INFO [long-pulling] client count 0

2022-01-10 17:00:55,842 INFO toClientNotifyTaskSize = 0

2022-01-10 17:01:05,849 INFO [long-pulling] client count 0

2022-01-10 17:01:05,849 INFO toNotifyTaskSize = 0

2022-01-10 17:01:05,849 INFO toClientNotifyTaskSize = 0

2022-01-10 17:01:05,849 INFO groupCount = 0, subscriberClientCount = 0, subscriberCount = 0

2022-01-10 17:01:15,863 INFO [long-pulling] client count 0

2022-01-10 17:01:15,863 INFO groupCount = 0, subscriberClientCount = 0, subscriberCount = 0

2022-01-10 17:01:15,863 INFO toNotifyTaskSize = 0

2022-01-10 17:01:15,863 INFO toClientNotifyTaskSize = 0

2022-01-10 17:01:25,879 INFO toNotifyTaskSize = 0

2022-01-10 17:01:25,879 INFO toClientNotifyTaskSize = 0

2022-01-10 17:01:25,879 INFO groupCount = 0, subscriberClientCount = 0, subscriberCount = 0

2022-01-10 17:01:25,879 INFO [long-pulling] client count 0

2022-01-10 17:01:35,945 INFO groupCount = 0, subscriberClientCount = 0, subscriberCount = 0

2022-01-10 17:01:35,945 INFO toNotifyTaskSize = 0

2022-01-10 17:01:35,945 INFO toClientNotifyTaskSize = 0

2022-01-10 17:01:35,945 INFO [long-pulling] client count 0

2022-01-10 17:01:46,012 INFO toNotifyTaskSize = 0

2022-01-10 17:01:46,012 INFO [long-pulling] client count 0

2022-01-10 17:01:46,013 INFO toClientNotifyTaskSize = 0

2022-01-10 17:01:46,016 INFO groupCount = 0, subscriberClientCount = 0, subscriberCount = 0

2022-01-10 17:01:56,077 INFO [long-pulling] client count 0

2022-01-10 17:01:56,077 INFO groupCount = 0, subscriberClientCount = 0, subscriberCount = 0

2022-01-10 17:01:56,078 INFO toNotifyTaskSize = 0

2022-01-10 17:01:56,078 INFO toClientNotifyTaskSize = 0

2022-01-10 17:02:06,089 INFO toNotifyTaskSize = 0

2022-01-10 17:02:06,089 INFO toClientNotifyTaskSize = 0

2022-01-10 17:02:06,089 INFO groupCount = 0, subscriberClientCount = 0, subscriberCount = 0

2022-01-10 17:02:06,089 INFO [long-pulling] client count 0

2022-01-10 17:02:16,198 INFO toNotifyTaskSize = 0

2022-01-10 17:02:16,198 INFO groupCount = 0, subscriberClientCount = 0, subscriberCount = 0

2022-01-10 17:02:16,198 INFO toClientNotifyTaskSize = 0

2022-01-10 17:02:16,198 INFO [long-pulling] client count 0

2022-01-10 17:02:26,210 INFO groupCount = 0, subscriberClientCount = 0, subscriberCount = 0

2022-01-10 17:02:26,210 INFO [long-pulling] client count 0

2022-01-10 17:02:26,210 INFO toNotifyTaskSize = 0

2022-01-10 17:02:26,210 INFO toClientNotifyTaskSize = 0

2022-01-10 17:02:36,210 INFO toNotifyTaskSize = 0

2022-01-10 17:02:36,210 INFO toClientNotifyTaskSize = 0

2022-01-10 17:02:36,210 INFO [long-pulling] client count 0

2022-01-10 17:02:36,210 INFO groupCount = 0, subscriberClientCount = 0, subscriberCount = 0

2022-01-10 17:02:46,278 INFO groupCount = 0, subscriberClientCount = 0, subscriberCount = 0

2022-01-10 17:02:46,283 INFO [long-pulling] client count 0

2022-01-10 17:02:46,282 INFO toNotifyTaskSize = 0

2022-01-10 17:02:46,309 INFO toClientNotifyTaskSize = 0

2022-01-10 17:02:56,318 INFO groupCount = 0, subscriberClientCount = 0, subscriberCount = 0

2022-01-10 17:02:56,317 INFO [long-pulling] client count 0

2022-01-10 17:02:56,318 INFO toNotifyTaskSize = 0

2022-01-10 17:02:56,322 INFO toClientNotifyTaskSize = 0

2022-01-10 17:03:06,321 INFO groupCount = 0, subscriberClientCount = 0, subscriberCount = 0

2022-01-10 17:03:06,322 INFO [long-pulling] client count 0

2022-01-10 17:03:06,322 INFO toNotifyTaskSize = 0

2022-01-10 17:03:06,322 INFO toClientNotifyTaskSize = 0

2022-01-10 17:03:16,326 INFO toNotifyTaskSize = 0

2022-01-10 17:03:16,326 INFO toClientNotifyTaskSize = 0

2022-01-10 17:03:16,326 INFO [long-pulling] client count 0

2022-01-10 17:03:16,326 INFO groupCount = 0, subscriberClientCount = 0, subscriberCount = 0

2022-01-10 17:03:26,336 INFO groupCount = 0, subscriberClientCount = 0, subscriberCount = 0

2022-01-10 17:03:26,336 INFO toNotifyTaskSize = 0

2022-01-10 17:03:26,337 INFO toClientNotifyTaskSize = 0

2022-01-10 17:03:26,338 INFO [long-pulling] client count 0

2022-01-10 17:03:36,397 INFO [long-pulling] client count 0

2022-01-10 17:03:36,397 INFO groupCount = 0, subscriberClientCount = 0, subscriberCount = 0

2022-01-10 17:03:36,397 INFO toNotifyTaskSize = 0

2022-01-10 17:03:36,397 INFO toClientNotifyTaskSize = 0

2022-01-10 17:03:46,410 INFO toNotifyTaskSize = 0

2022-01-10 17:03:46,410 INFO toClientNotifyTaskSize = 0

2022-01-10 17:03:46,410 INFO groupCount = 0, subscriberClientCount = 0, subscriberCount = 0

2022-01-10 17:03:46,410 INFO [long-pulling] client count 0

2022-01-10 17:03:56,419 INFO [long-pulling] client count 0

2022-01-10 17:03:56,419 INFO toNotifyTaskSize = 0

2022-01-10 17:03:56,424 INFO toClientNotifyTaskSize = 0

2022-01-10 17:03:56,419 INFO groupCount = 0, subscriberClientCount = 0, subscriberCount = 0

2022-01-10 17:04:06,426 INFO groupCount = 0, subscriberClientCount = 0, subscriberCount = 0

2022-01-10 17:04:06,426 INFO toNotifyTaskSize = 0

2022-01-10 17:04:06,426 INFO toClientNotifyTaskSize = 0

2022-01-10 17:04:06,426 INFO [long-pulling] client count 0

2022-01-10 17:04:16,434 INFO [long-pulling] client count 0

2022-01-10 17:04:16,434 INFO groupCount = 0, subscriberClientCount = 0, subscriberCount = 0

2022-01-10 17:04:16,434 INFO toNotifyTaskSize = 0

2022-01-10 17:04:16,435 INFO toClientNotifyTaskSize = 0

2022-01-10 17:04:26,435 INFO [long-pulling] client count 0

2022-01-10 17:04:26,439 INFO groupCount = 0, subscriberClientCount = 0, subscriberCount = 0

2022-01-10 17:04:26,439 INFO toNotifyTaskSize = 0

2022-01-10 17:04:26,439 INFO toClientNotifyTaskSize = 0

2022-01-10 17:04:36,448 INFO toNotifyTaskSize = 0

2022-01-10 17:04:36,448 INFO toClientNotifyTaskSize = 0

2022-01-10 17:04:36,448 INFO [long-pulling] client count 0

2022-01-10 17:04:36,448 INFO groupCount = 0, subscriberClientCount = 0, subscriberCount = 0

2022-01-10 17:04:46,461 INFO toNotifyTaskSize = 0

2022-01-10 17:04:46,461 INFO [long-pulling] client count 0

2022-01-10 17:04:46,461 INFO groupCount = 0, subscriberClientCount = 0, subscriberCount = 0

2022-01-10 17:04:46,461 INFO toClientNotifyTaskSize = 0

2022-01-10 17:04:56,465 INFO [long-pulling] client count 0

2022-01-10 17:04:56,465 INFO groupCount = 0, subscriberClientCount = 0, subscriberCount = 0

2022-01-10 17:04:56,465 INFO toNotifyTaskSize = 0

2022-01-10 17:04:56,465 INFO toClientNotifyTaskSize = 0

2022-01-10 17:05:06,476 INFO groupCount = 0, subscriberClientCount = 0, subscriberCount = 0

2022-01-10 17:05:06,476 INFO [long-pulling] client count 0

2022-01-10 17:05:06,476 INFO toNotifyTaskSize = 0

2022-01-10 17:05:06,481 INFO toClientNotifyTaskSize = 0

2022-01-10 17:05:16,493 INFO [long-pulling] client count 0

2022-01-10 17:05:16,493 INFO groupCount = 0, subscriberClientCount = 0, subscriberCount = 0

2022-01-10 17:05:16,493 INFO toNotifyTaskSize = 0

2022-01-10 17:05:16,493 INFO toClientNotifyTaskSize = 0

2022-01-10 17:05:26,498 INFO [long-pulling] client count 0

2022-01-10 17:05:26,498 INFO toNotifyTaskSize = 0

2022-01-10 17:05:26,498 INFO groupCount = 0, subscriberClientCount = 0, subscriberCount = 0

2022-01-10 17:05:26,499 INFO toClientNotifyTaskSize = 0

2022-01-10 17:05:36,502 INFO toNotifyTaskSize = 0

2022-01-10 17:05:36,503 INFO toClientNotifyTaskSize = 0

2022-01-10 17:05:36,502 INFO groupCount = 0, subscriberClientCount = 0, subscriberCount = 0

2022-01-10 17:05:36,502 INFO [long-pulling] client count 0

2022-01-10 17:05:46,515 INFO [long-pulling] client count 0

2022-01-10 17:05:46,515 INFO toNotifyTaskSize = 0

2022-01-10 17:05:46,515 INFO groupCount = 0, subscriberClientCount = 0, subscriberCount = 0

2022-01-10 17:05:46,515 INFO toClientNotifyTaskSize = 0

2022-01-10 17:05:56,529 INFO [long-pulling] client count 0

2022-01-10 17:05:56,529 INFO groupCount = 0, subscriberClientCount = 0, subscriberCount = 0

2022-01-10 17:05:56,529 INFO toNotifyTaskSize = 0

2022-01-10 17:05:56,529 INFO toClientNotifyTaskSize = 0

2022-01-10 17:06:06,541 INFO toNotifyTaskSize = 0

2022-01-10 17:06:06,541 INFO toClientNotifyTaskSize = 0

2022-01-10 17:06:06,541 INFO groupCount = 0, subscriberClientCount = 0, subscriberCount = 0

2022-01-10 17:06:06,541 INFO [long-pulling] client count 0

2022-01-10 17:06:16,556 INFO [long-pulling] client count 0

2022-01-10 17:06:16,556 INFO groupCount = 0, subscriberClientCount = 0, subscriberCount = 0

2022-01-10 17:06:16,556 INFO toNotifyTaskSize = 0

2022-01-10 17:06:16,556 INFO toClientNotifyTaskSize = 0

2022-01-10 17:06:26,561 INFO [long-pulling] client count 0

2022-01-10 17:06:26,561 INFO toNotifyTaskSize = 0

2022-01-10 17:06:26,561 INFO groupCount = 0, subscriberClientCount = 0, subscriberCount = 0

2022-01-10 17:06:26,561 INFO toClientNotifyTaskSize = 0

2022-01-10 17:06:36,570 INFO [long-pulling] client count 0

2022-01-10 17:06:36,570 INFO toNotifyTaskSize = 0

2022-01-10 17:06:36,571 INFO toClientNotifyTaskSize = 0

2022-01-10 17:06:36,571 INFO groupCount = 0, subscriberClientCount = 0, subscriberCount = 0

2022-01-10 17:06:46,575 INFO [long-pulling] client count 0

2022-01-10 17:06:46,576 INFO groupCount = 0, subscriberClientCount = 0, subscriberCount = 0

2022-01-10 17:06:46,576 INFO toNotifyTaskSize = 0

2022-01-10 17:06:46,576 INFO toClientNotifyTaskSize = 0

2022-01-10 17:06:56,580 INFO [long-pulling] client count 0

2022-01-10 17:06:56,580 INFO groupCount = 0, subscriberClientCount = 0, subscriberCount = 0

2022-01-10 17:06:56,580 INFO toNotifyTaskSize = 0

2022-01-10 17:06:56,580 INFO toClientNotifyTaskSize = 0

2022-01-10 17:07:06,589 INFO toNotifyTaskSize = 0

2022-01-10 17:07:06,590 INFO groupCount = 0, subscriberClientCount = 0, subscriberCount = 0

2022-01-10 17:07:06,590 INFO toClientNotifyTaskSize = 0

2022-01-10 17:07:06,590 INFO [long-pulling] client count 0

2022-01-10 17:07:16,597 INFO toNotifyTaskSize = 0

2022-01-10 17:07:16,598 INFO toClientNotifyTaskSize = 0

2022-01-10 17:07:16,598 INFO groupCount = 0, subscriberClientCount = 0, subscriberCount = 0

2022-01-10 17:07:16,598 INFO [long-pulling] client count 0

2022-01-10 17:07:26,606 INFO groupCount = 0, subscriberClientCount = 0, subscriberCount = 0

2022-01-10 17:07:26,606 INFO toNotifyTaskSize = 0

2022-01-10 17:07:26,606 INFO [long-pulling] client count 0

2022-01-10 17:07:26,606 INFO toClientNotifyTaskSize = 0

2022-01-10 17:07:36,617 INFO toNotifyTaskSize = 0

2022-01-10 17:07:36,617 INFO toClientNotifyTaskSize = 0

2022-01-10 17:07:36,617 INFO [long-pulling] client count 0

2022-01-10 17:07:36,617 INFO groupCount = 0, subscriberClientCount = 0, subscriberCount = 0

2022-01-10 17:07:46,625 INFO [long-pulling] client count 0

2022-01-10 17:07:46,625 INFO groupCount = 0, subscriberClientCount = 0, subscriberCount = 0

2022-01-10 17:07:46,625 INFO toNotifyTaskSize = 0

2022-01-10 17:07:46,625 INFO toClientNotifyTaskSize = 0

2022-01-10 17:07:56,626 INFO toNotifyTaskSize = 0

2022-01-10 17:07:56,626 INFO groupCount = 0, subscriberClientCount = 0, subscriberCount = 0

2022-01-10 17:07:56,626 INFO toClientNotifyTaskSize = 0

2022-01-10 17:07:56,626 INFO [long-pulling] client count 0

2022-01-10 17:08:06,641 INFO groupCount = 0, subscriberClientCount = 0, subscriberCount = 0

2022-01-10 17:08:06,641 INFO [long-pulling] client count 0

2022-01-10 17:08:06,641 INFO toNotifyTaskSize = 0

2022-01-10 17:08:06,642 INFO toClientNotifyTaskSize = 0

2022-01-10 17:08:16,653 INFO [long-pulling] client count 0

2022-01-10 17:08:16,653 INFO toNotifyTaskSize = 0

2022-01-10 17:08:16,653 INFO toClientNotifyTaskSize = 0

2022-01-10 17:08:16,653 INFO groupCount = 0, subscriberClientCount = 0, subscriberCount = 0

2022-01-10 17:08:26,659 INFO groupCount = 0, subscriberClientCount = 0, subscriberCount = 0

2022-01-10 17:08:26,660 INFO toNotifyTaskSize = 0

2022-01-10 17:08:26,660 INFO toClientNotifyTaskSize = 0

2022-01-10 17:08:26,660 INFO [long-pulling] client count 0

2022-01-10 17:08:36,665 INFO [long-pulling] client count 0

2022-01-10 17:08:36,665 INFO toNotifyTaskSize = 0

2022-01-10 17:08:36,665 INFO toClientNotifyTaskSize = 0

2022-01-10 17:08:36,665 INFO groupCount = 0, subscriberClientCount = 0, subscriberCount = 0

2022-01-10 17:08:46,675 INFO [long-pulling] client count 0

2022-01-10 17:08:46,675 INFO groupCount = 0, subscriberClientCount = 0, subscriberCount = 0

2022-01-10 17:08:46,675 INFO toNotifyTaskSize = 0

2022-01-10 17:08:46,675 INFO toClientNotifyTaskSize = 0

2022-01-10 17:08:56,681 INFO [long-pulling] client count 0

2022-01-10 17:08:56,681 INFO toNotifyTaskSize = 0

2022-01-10 17:08:56,682 INFO toClientNotifyTaskSize = 0

2022-01-10 17:08:56,682 INFO groupCount = 0, subscriberClientCount = 0, subscriberCount = 0

2022-01-10 17:09:06,701 INFO [long-pulling] client count 0

2022-01-10 17:09:06,702 INFO groupCount = 0, subscriberClientCount = 0, subscriberCount = 0

2022-01-10 17:09:06,702 INFO toNotifyTaskSize = 0

2022-01-10 17:09:06,702 INFO toClientNotifyTaskSize = 0

2022-01-10 17:09:16,751 INFO [long-pulling] client count 0

2022-01-10 17:09:16,751 INFO toNotifyTaskSize = 0

2022-01-10 17:09:16,751 INFO toClientNotifyTaskSize = 0

2022-01-10 17:09:16,751 INFO groupCount = 0, subscriberClientCount = 0, subscriberCount = 0

2022-01-10 17:09:26,760 INFO groupCount = 0, subscriberClientCount = 0, subscriberCount = 0

2022-01-10 17:09:26,760 INFO toNotifyTaskSize = 0

2022-01-10 17:09:26,760 INFO toClientNotifyTaskSize = 0

2022-01-10 17:09:26,760 INFO [long-pulling] client count 0

2022-01-10 17:09:36,763 INFO toNotifyTaskSize = 0

2022-01-10 17:09:36,763 INFO groupCount = 0, subscriberClientCount = 0, subscriberCount = 0

2022-01-10 17:09:36,763 INFO [long-pulling] client count 0

2022-01-10 17:09:36,764 INFO toClientNotifyTaskSize = 0

2022-01-10 17:09:46,765 INFO toNotifyTaskSize = 0

2022-01-10 17:09:46,765 INFO toClientNotifyTaskSize = 0

2022-01-10 17:09:46,766 INFO groupCount = 0, subscriberClientCount = 0, subscriberCount = 0

2022-01-10 17:09:46,766 INFO [long-pulling] client count 0

2022-01-10 17:09:56,778 INFO [long-pulling] client count 0

2022-01-10 17:09:56,778 INFO groupCount = 0, subscriberClientCount = 0, subscriberCount = 0

2022-01-10 17:09:56,779 INFO toNotifyTaskSize = 0

2022-01-10 17:09:56,779 INFO toClientNotifyTaskSize = 0

2022-01-10 17:10:06,788 INFO toNotifyTaskSize = 0

2022-01-10 17:10:06,788 INFO toClientNotifyTaskSize = 0

2022-01-10 17:10:06,788 INFO [long-pulling] client count 0

2022-01-10 17:10:06,788 INFO groupCount = 0, subscriberClientCount = 0, subscriberCount = 0

2022-01-10 17:10:16,801 INFO toNotifyTaskSize = 0

2022-01-10 17:10:16,801 INFO groupCount = 0, subscriberClientCount = 0, subscriberCount = 0

2022-01-10 17:10:16,801 INFO toClientNotifyTaskSize = 0

2022-01-10 17:10:16,801 INFO [long-pulling] client count 0

2022-01-10 17:10:26,817 INFO toNotifyTaskSize = 0

2022-01-10 17:10:26,817 INFO toClientNotifyTaskSize = 0

2022-01-10 17:10:26,817 INFO groupCount = 0, subscriberClientCount = 0, subscriberCount = 0

2022-01-10 17:10:26,817 INFO [long-pulling] client count 0

2022-01-10 17:10:36,823 INFO [long-pulling] client count 0

2022-01-10 17:10:36,823 INFO groupCount = 0, subscriberClientCount = 0, subscriberCount = 0

2022-01-10 17:10:36,823 INFO toNotifyTaskSize = 0

2022-01-10 17:10:36,824 INFO toClientNotifyTaskSize = 0

2022-01-10 17:10:46,823 INFO groupCount = 0, subscriberClientCount = 0, subscriberCount = 0

2022-01-10 17:10:46,823 INFO toNotifyTaskSize = 0

2022-01-10 17:10:46,824 INFO [long-pulling] client count 0

2022-01-10 17:10:46,824 INFO toClientNotifyTaskSize = 0

2022-01-10 17:10:56,828 INFO toNotifyTaskSize = 0

2022-01-10 17:10:56,828 INFO groupCount = 0, subscriberClientCount = 0, subscriberCount = 0

2022-01-10 17:10:56,828 INFO [long-pulling] client count 0

2022-01-10 17:10:56,828 INFO toClientNotifyTaskSize = 0

2022-01-10 17:11:06,837 INFO [long-pulling] client count 0

2022-01-10 17:11:06,837 INFO toNotifyTaskSize = 0

2022-01-10 17:11:06,838 INFO toClientNotifyTaskSize = 0

2022-01-10 17:11:06,838 INFO groupCount = 0, subscriberClientCount = 0, subscriberCount = 0

2022-01-10 17:11:16,846 INFO toNotifyTaskSize = 0

2022-01-10 17:11:16,846 INFO groupCount = 0, subscriberClientCount = 0, subscriberCount = 0

2022-01-10 17:11:16,846 INFO toClientNotifyTaskSize = 0

2022-01-10 17:11:16,846 INFO [long-pulling] client count 0

2022-01-10 17:11:26,856 INFO toNotifyTaskSize = 0

2022-01-10 17:11:26,856 INFO groupCount = 0, subscriberClientCount = 0, subscriberCount = 0

2022-01-10 17:11:26,856 INFO toClientNotifyTaskSize = 0

2022-01-10 17:11:26,856 INFO [long-pulling] client count 0

2022-01-10 17:11:36,859 INFO toNotifyTaskSize = 0

2022-01-10 17:11:36,859 INFO [long-pulling] client count 0

2022-01-10 17:11:36,859 INFO toClientNotifyTaskSize = 0

2022-01-10 17:11:36,863 INFO groupCount = 0, subscriberClientCount = 0, subscriberCount = 0

2022-01-10 17:11:46,874 INFO [long-pulling] client count 0

2022-01-10 17:11:46,874 INFO groupCount = 0, subscriberClientCount = 0, subscriberCount = 0

2022-01-10 17:11:46,874 INFO toNotifyTaskSize = 0

2022-01-10 17:11:46,874 INFO toClientNotifyTaskSize = 0

2022-01-10 17:11:56,878 INFO [long-pulling] client count 0

2022-01-10 17:11:56,878 INFO groupCount = 0, subscriberClientCount = 0, subscriberCount = 0

2022-01-10 17:11:56,878 INFO toNotifyTaskSize = 0

2022-01-10 17:11:56,878 INFO toClientNotifyTaskSize = 0

2022-01-10 17:12:06,893 INFO groupCount = 0, subscriberClientCount = 0, subscriberCount = 0

2022-01-10 17:12:06,893 INFO toNotifyTaskSize = 0

2022-01-10 17:12:06,893 INFO toClientNotifyTaskSize = 0

2022-01-10 17:12:06,893 INFO [long-pulling] client count 0

2022-01-10 17:12:16,898 INFO [long-pulling] client count 0

2022-01-10 17:12:16,898 INFO toNotifyTaskSize = 0

2022-01-10 17:12:16,898 INFO groupCount = 0, subscriberClientCount = 0, subscriberCount = 0

2022-01-10 17:12:16,898 INFO toClientNotifyTaskSize = 0

2022-01-10 17:12:26,908 INFO toNotifyTaskSize = 0

2022-01-10 17:12:26,908 INFO [long-pulling] client count 0

2022-01-10 17:12:26,908 INFO groupCount = 0, subscriberClientCount = 0, subscriberCount = 0

2022-01-10 17:12:26,908 INFO toClientNotifyTaskSize = 0

2022-01-10 17:12:36,917 INFO [long-pulling] client count 0

2022-01-10 17:12:36,917 INFO toNotifyTaskSize = 0

2022-01-10 17:12:36,917 INFO groupCount = 0, subscriberClientCount = 0, subscriberCount = 0

2022-01-10 17:12:36,917 INFO toClientNotifyTaskSize = 0

2022-01-10 17:12:46,924 INFO toNotifyTaskSize = 0

2022-01-10 17:12:46,924 INFO [long-pulling] client count 0

2022-01-10 17:12:46,924 INFO groupCount = 0, subscriberClientCount = 0, subscriberCount = 0

2022-01-10 17:12:46,925 INFO toClientNotifyTaskSize = 0

2022-01-10 17:12:56,927 INFO [long-pulling] client count 0

2022-01-10 17:12:56,928 INFO toNotifyTaskSize = 0

2022-01-10 17:12:56,928 INFO toClientNotifyTaskSize = 0

2022-01-10 17:12:56,928 INFO groupCount = 0, subscriberClientCount = 0, subscriberCount = 0

2022-01-10 17:13:06,944 INFO toNotifyTaskSize = 0

2022-01-10 17:13:06,944 INFO toClientNotifyTaskSize = 0

2022-01-10 17:13:06,944 INFO groupCount = 0, subscriberClientCount = 0, subscriberCount = 0

2022-01-10 17:13:06,945 INFO [long-pulling] client count 0

2022-01-10 17:13:17,001 INFO groupCount = 0, subscriberClientCount = 0, subscriberCount = 0

2022-01-10 17:13:17,002 INFO toNotifyTaskSize = 0

2022-01-10 17:13:17,002 INFO toClientNotifyTaskSize = 0

2022-01-10 17:13:17,002 INFO [long-pulling] client count 0

2022-01-10 17:13:27,003 INFO [long-pulling] client count 0

2022-01-10 17:13:27,003 INFO groupCount = 0, subscriberClientCount = 0, subscriberCount = 0

2022-01-10 17:13:27,003 INFO toNotifyTaskSize = 0

2022-01-10 17:13:27,003 INFO toClientNotifyTaskSize = 0

2022-01-10 17:13:37,023 INFO [long-pulling] client count 0

2022-01-10 17:13:37,023 INFO toNotifyTaskSize = 0

2022-01-10 17:13:37,023 INFO toClientNotifyTaskSize = 0

2022-01-10 17:13:37,023 INFO groupCount = 0, subscriberClientCount = 0, subscriberCount = 0

2022-01-10 17:13:47,039 INFO [long-pulling] client count 0

2022-01-10 17:13:47,039 INFO groupCount = 0, subscriberClientCount = 0, subscriberCount = 0

2022-01-10 17:13:47,040 INFO toNotifyTaskSize = 0

2022-01-10 17:13:47,040 INFO toClientNotifyTaskSize = 0

2022-01-10 17:13:57,044 INFO [long-pulling] client count 0

2022-01-10 17:13:57,044 INFO toNotifyTaskSize = 0

2022-01-10 17:13:57,044 INFO toClientNotifyTaskSize = 0

2022-01-10 17:13:57,044 INFO groupCount = 0, subscriberClientCount = 0, subscriberCount = 0

2022-01-10 17:14:07,056 INFO [long-pulling] client count 0

2022-01-10 17:14:07,056 INFO groupCount = 0, subscriberClientCount = 0, subscriberCount = 0

2022-01-10 17:14:07,056 INFO toNotifyTaskSize = 0

2022-01-10 17:14:07,056 INFO toClientNotifyTaskSize = 0

2022-01-10 17:14:17,065 INFO toNotifyTaskSize = 0

2022-01-10 17:14:17,066 INFO groupCount = 0, subscriberClientCount = 0, subscriberCount = 0

2022-01-10 17:14:17,066 INFO [long-pulling] client count 0

2022-01-10 17:14:17,066 INFO toClientNotifyTaskSize = 0

2022-01-10 17:14:27,078 INFO toNotifyTaskSize = 0

2022-01-10 17:14:27,078 INFO toClientNotifyTaskSize = 0

2022-01-10 17:14:27,078 INFO groupCount = 0, subscriberClientCount = 0, subscriberCount = 0

2022-01-10 17:14:27,079 INFO [long-pulling] client count 0

2022-01-10 17:14:37,088 INFO groupCount = 0, subscriberClientCount = 0, subscriberCount = 0

2022-01-10 17:14:37,088 INFO toNotifyTaskSize = 0

2022-01-10 17:14:37,088 INFO toClientNotifyTaskSize = 0

2022-01-10 17:14:37,088 INFO [long-pulling] client count 0

2022-01-10 17:14:47,170 INFO toNotifyTaskSize = 0

2022-01-10 17:14:47,170 INFO toClientNotifyTaskSize = 0

2022-01-10 17:14:47,171 INFO [long-pulling] client count 0

2022-01-10 17:14:47,171 INFO groupCount = 0, subscriberClientCount = 0, subscriberCount = 0

2022-01-10 17:14:57,180 INFO toNotifyTaskSize = 0

2022-01-10 17:14:57,180 INFO groupCount = 0, subscriberClientCount = 0, subscriberCount = 0

2022-01-10 17:14:57,181 INFO toClientNotifyTaskSize = 0

2022-01-10 17:14:57,181 INFO [long-pulling] client count 0

2022-01-10 17:15:07,197 INFO [long-pulling] client count 0

2022-01-10 17:15:07,197 INFO groupCount = 0, subscriberClientCount = 0, subscriberCount = 0

2022-01-10 17:15:07,197 INFO toNotifyTaskSize = 0

2022-01-10 17:15:07,197 INFO toClientNotifyTaskSize = 0

2022-01-10 17:15:17,203 INFO [long-pulling] client count 0

2022-01-10 17:15:17,203 INFO toNotifyTaskSize = 0

2022-01-10 17:15:17,203 INFO toClientNotifyTaskSize = 0

2022-01-10 17:15:17,203 INFO groupCount = 0, subscriberClientCount = 0, subscriberCount = 0

2022-01-10 17:15:27,207 INFO groupCount = 0, subscriberClientCount = 0, subscriberCount = 0

2022-01-10 17:15:27,207 INFO [long-pulling] client count 0

2022-01-10 17:15:27,207 INFO toNotifyTaskSize = 0

2022-01-10 17:15:27,207 INFO toClientNotifyTaskSize = 0

2022-01-10 17:15:37,214 INFO [long-pulling] client count 0

2022-01-10 17:15:37,214 INFO toNotifyTaskSize = 0

2022-01-10 17:15:37,214 INFO toClientNotifyTaskSize = 0

2022-01-10 17:15:37,214 INFO groupCount = 0, subscriberClientCount = 0, subscriberCount = 0

2022-01-10 17:15:47,234 INFO groupCount = 0, subscriberClientCount = 0, subscriberCount = 0

2022-01-10 17:15:47,234 INFO [long-pulling] client count 0

2022-01-10 17:15:47,234 INFO toNotifyTaskSize = 0

2022-01-10 17:15:47,235 INFO toClientNotifyTaskSize = 0

2022-01-10 17:15:57,263 INFO toNotifyTaskSize = 0

2022-01-10 17:15:57,263 INFO toClientNotifyTaskSize = 0

2022-01-10 17:15:57,263 INFO groupCount = 0, subscriberClientCount = 0, subscriberCount = 0

2022-01-10 17:15:57,263 INFO [long-pulling] client count 0

2022-01-10 17:16:07,276 INFO toNotifyTaskSize = 0

2022-01-10 17:16:07,276 INFO [long-pulling] client count 0

2022-01-10 17:16:07,276 INFO groupCount = 0, subscriberClientCount = 0, subscriberCount = 0

2022-01-10 17:16:07,276 INFO toClientNotifyTaskSize = 0

2022-01-10 17:16:17,282 INFO toNotifyTaskSize = 0

2022-01-10 17:16:17,282 INFO toClientNotifyTaskSize = 0

2022-01-10 17:16:17,282 INFO groupCount = 0, subscriberClientCount = 0, subscriberCount = 0

2022-01-10 17:16:17,283 INFO [long-pulling] client count 0

2022-01-10 17:16:27,285 INFO [long-pulling] client count 0

2022-01-10 17:16:27,285 INFO toNotifyTaskSize = 0

2022-01-10 17:16:27,286 INFO toClientNotifyTaskSize = 0

2022-01-10 17:16:27,285 INFO groupCount = 0, subscriberClientCount = 0, subscriberCount = 0

2022-01-10 17:16:37,290 INFO [long-pulling] client count 0

2022-01-10 17:16:37,290 INFO groupCount = 0, subscriberClientCount = 0, subscriberCount = 0

2022-01-10 17:16:37,290 INFO toNotifyTaskSize = 0

2022-01-10 17:16:37,290 INFO toClientNotifyTaskSize = 0

2022-01-10 17:16:47,299 INFO [long-pulling] client count 0

2022-01-10 17:16:47,299 INFO groupCount = 0, subscriberClientCount = 0, subscriberCount = 0

2022-01-10 17:16:47,299 INFO toNotifyTaskSize = 0

2022-01-10 17:16:47,299 INFO toClientNotifyTaskSize = 0

2022-01-10 17:16:57,306 INFO [long-pulling] client count 0

2022-01-10 17:16:57,306 INFO groupCount = 0, subscriberClientCount = 0, subscriberCount = 0

2022-01-10 17:16:57,306 INFO toNotifyTaskSize = 0

2022-01-10 17:16:57,306 INFO toClientNotifyTaskSize = 0

2022-01-10 17:17:07,323 INFO groupCount = 0, subscriberClientCount = 0, subscriberCount = 0

2022-01-10 17:17:07,323 INFO toNotifyTaskSize = 0

2022-01-10 17:17:07,323 INFO [long-pulling] client count 0

2022-01-10 17:17:07,324 INFO toClientNotifyTaskSize = 0

2022-01-10 17:17:17,338 INFO groupCount = 0, subscriberClientCount = 0, subscriberCount = 0

2022-01-10 17:17:17,338 INFO [long-pulling] client count 0

2022-01-10 17:17:17,338 INFO toNotifyTaskSize = 0

2022-01-10 17:17:17,338 INFO toClientNotifyTaskSize = 0

2022-01-10 17:17:27,352 INFO [long-pulling] client count 0

2022-01-10 17:17:27,352 INFO groupCount = 0, subscriberClientCount = 0, subscriberCount = 0

2022-01-10 17:17:27,352 INFO toNotifyTaskSize = 0

2022-01-10 17:17:27,353 INFO toClientNotifyTaskSize = 0

2022-01-10 17:17:37,366 INFO toNotifyTaskSize = 0

2022-01-10 17:17:37,366 INFO groupCount = 0, subscriberClientCount = 0, subscriberCount = 0

2022-01-10 17:17:37,366 INFO toClientNotifyTaskSize = 0

2022-01-10 17:17:37,366 INFO [long-pulling] client count 0

2022-01-10 17:17:47,373 INFO [long-pulling] client count 0

2022-01-10 17:17:47,373 INFO toNotifyTaskSize = 0

2022-01-10 17:17:47,374 INFO toClientNotifyTaskSize = 0

2022-01-10 17:17:47,373 INFO groupCount = 0, subscriberClientCount = 0, subscriberCount = 0

2022-01-10 17:17:57,383 INFO groupCount = 0, subscriberClientCount = 0, subscriberCount = 0

2022-01-10 17:17:57,383 INFO toNotifyTaskSize = 0

2022-01-10 17:17:57,383 INFO toClientNotifyTaskSize = 0

2022-01-10 17:17:57,383 INFO [long-pulling] client count 0

2022-01-10 17:18:07,384 INFO toNotifyTaskSize = 0

2022-01-10 17:18:07,384 INFO groupCount = 0, subscriberClientCount = 0, subscriberCount = 0

2022-01-10 17:18:07,384 INFO toClientNotifyTaskSize = 0

2022-01-10 17:18:07,384 INFO [long-pulling] client count 0

2022-01-10 17:18:17,385 INFO [long-pulling] client count 0

2022-01-10 17:18:17,385 INFO groupCount = 0, subscriberClientCount = 0, subscriberCount = 0

2022-01-10 17:18:17,385 INFO toNotifyTaskSize = 0

2022-01-10 17:18:17,386 INFO toClientNotifyTaskSize = 0

2022-01-10 17:18:27,399 INFO toNotifyTaskSize = 0

2022-01-10 17:18:27,399 INFO groupCount = 0, subscriberClientCount = 0, subscriberCount = 0

2022-01-10 17:18:27,399 INFO toClientNotifyTaskSize = 0

2022-01-10 17:18:27,399 INFO [long-pulling] client count 0

2022-01-10 17:18:37,405 INFO toNotifyTaskSize = 0

2022-01-10 17:18:37,405 INFO groupCount = 0, subscriberClientCount = 0, subscriberCount = 0

2022-01-10 17:18:37,405 INFO toClientNotifyTaskSize = 0

2022-01-10 17:18:37,405 INFO [long-pulling] client count 0

2022-01-10 17:18:47,420 INFO [long-pulling] client count 0

2022-01-10 17:18:47,420 INFO toNotifyTaskSize = 0

2022-01-10 17:18:47,420 INFO toClientNotifyTaskSize = 0

2022-01-10 17:18:47,420 INFO groupCount = 0, subscriberClientCount = 0, subscriberCount = 0

2022-01-10 17:18:57,434 INFO [long-pulling] client count 0

2022-01-10 17:18:57,434 INFO toNotifyTaskSize = 0

2022-01-10 17:18:57,434 INFO groupCount = 0, subscriberClientCount = 0, subscriberCount = 0

2022-01-10 17:18:57,434 INFO toClientNotifyTaskSize = 0

2022-01-10 17:19:07,443 INFO toNotifyTaskSize = 0

2022-01-10 17:19:07,443 INFO toClientNotifyTaskSize = 0

2022-01-10 17:19:07,443 INFO [long-pulling] client count 0

2022-01-10 17:19:07,446 INFO groupCount = 0, subscriberClientCount = 0, subscriberCount = 0

2022-01-10 17:19:17,449 INFO [long-pulling] client count 0

2022-01-10 17:19:17,450 INFO groupCount = 0, subscriberClientCount = 0, subscriberCount = 0

2022-01-10 17:19:17,450 INFO toNotifyTaskSize = 0

2022-01-10 17:19:17,450 INFO toClientNotifyTaskSize = 0

2022-01-10 17:19:27,463 INFO toNotifyTaskSize = 0

2022-01-10 17:19:27,463 INFO [long-pulling] client count 0

2022-01-10 17:19:27,463 INFO toClientNotifyTaskSize = 0

2022-01-10 17:19:27,463 INFO groupCount = 0, subscriberClientCount = 0, subscriberCount = 0

2022-01-10 17:19:37,477 INFO groupCount = 0, subscriberClientCount = 0, subscriberCount = 0

2022-01-10 17:19:37,477 INFO toNotifyTaskSize = 0

2022-01-10 17:19:37,477 INFO [long-pulling] client count 0

2022-01-10 17:19:37,477 INFO toClientNotifyTaskSize = 0

2022-01-10 17:19:47,487 INFO [long-pulling] client count 0

2022-01-10 17:19:47,487 INFO toNotifyTaskSize = 0

2022-01-10 17:19:47,487 INFO toClientNotifyTaskSize = 0

2022-01-10 17:19:47,488 INFO groupCount = 0, subscriberClientCount = 0, subscriberCount = 0

2022-01-10 17:19:57,500 INFO groupCount = 0, subscriberClientCount = 0, subscriberCount = 0

2022-01-10 17:19:57,500 INFO [long-pulling] client count 0

2022-01-10 17:19:57,500 INFO toNotifyTaskSize = 0

2022-01-10 17:19:57,501 INFO toClientNotifyTaskSize = 0

2022-01-10 17:20:07,506 INFO toNotifyTaskSize = 0

2022-01-10 17:20:07,506 INFO [long-pulling] client count 0

2022-01-10 17:20:07,506 INFO toClientNotifyTaskSize = 0

2022-01-10 17:20:07,506 INFO groupCount = 0, subscriberClientCount = 0, subscriberCount = 0

2022-01-10 17:20:17,516 INFO [long-pulling] client count 0

2022-01-10 17:20:17,516 INFO toNotifyTaskSize = 0

2022-01-10 17:20:17,516 INFO groupCount = 0, subscriberClientCount = 0, subscriberCount = 0

2022-01-10 17:20:17,517 INFO toClientNotifyTaskSize = 0

2022-01-10 17:20:27,519 INFO toNotifyTaskSize = 0

2022-01-10 17:20:27,520 INFO toClientNotifyTaskSize = 0

2022-01-10 17:20:27,520 INFO groupCount = 0, subscriberClientCount = 0, subscriberCount = 0

2022-01-10 17:20:27,520 INFO [long-pulling] client count 0

2022-01-10 17:20:37,521 INFO [long-pulling] client count 0

2022-01-10 17:20:37,521 INFO toNotifyTaskSize = 0

2022-01-10 17:20:37,522 INFO toClientNotifyTaskSize = 0

2022-01-10 17:20:37,521 INFO groupCount = 0, subscriberClientCount = 0, subscriberCount = 0

2022-01-10 17:20:47,523 INFO groupCount = 0, subscriberClientCount = 0, subscriberCount = 0

2022-01-10 17:20:47,523 INFO toNotifyTaskSize = 0

2022-01-10 17:20:47,523 INFO [long-pulling] client count 0

2022-01-10 17:20:47,523 INFO toClientNotifyTaskSize = 0

2022-01-10 17:20:57,538 INFO [long-pulling] client count 0

2022-01-10 17:20:57,538 INFO toNotifyTaskSize = 0

2022-01-10 17:20:57,538 INFO groupCount = 0, subscriberClientCount = 0, subscriberCount = 0

2022-01-10 17:20:57,538 INFO toClientNotifyTaskSize = 0

2022-01-10 17:21:07,538 INFO [long-pulling] client count 0

2022-01-10 17:21:07,553 INFO toNotifyTaskSize = 0

2022-01-10 17:21:07,553 INFO groupCount = 0, subscriberClientCount = 0, subscriberCount = 0

2022-01-10 17:21:07,553 INFO toClientNotifyTaskSize = 0

2022-01-10 17:21:17,603 INFO [long-pulling] client count 0

2022-01-10 17:21:17,617 INFO groupCount = 0, subscriberClientCount = 0, subscriberCount = 0

2022-01-10 17:21:17,617 INFO toNotifyTaskSize = 0

2022-01-10 17:21:17,617 INFO toClientNotifyTaskSize = 0

2022-01-10 17:21:27,645 INFO toNotifyTaskSize = 0

2022-01-10 17:21:27,645 INFO groupCount = 0, subscriberClientCount = 0, subscriberCount = 0

2022-01-10 17:21:27,645 INFO toClientNotifyTaskSize = 0

2022-01-10 17:21:27,645 INFO [long-pulling] client count 0

2022-01-10 17:21:37,660 INFO toNotifyTaskSize = 0

2022-01-10 17:21:37,660 INFO toClientNotifyTaskSize = 0

2022-01-10 17:21:37,660 INFO groupCount = 0, subscriberClientCount = 0, subscriberCount = 0

2022-01-10 17:21:37,660 INFO [long-pulling] client count 0

2022-01-10 17:21:47,675 INFO [long-pulling] client count 0

2022-01-10 17:21:47,675 INFO groupCount = 0, subscriberClientCount = 0, subscriberCount = 0

2022-01-10 17:21:47,675 INFO toNotifyTaskSize = 0

2022-01-10 17:21:47,675 INFO toClientNotifyTaskSize = 0

2022-01-10 17:21:57,689 INFO [long-pulling] client count 0

2022-01-10 17:21:57,689 INFO toNotifyTaskSize = 0

2022-01-10 17:21:57,689 INFO groupCount = 0, subscriberClientCount = 0, subscriberCount = 0

2022-01-10 17:21:57,689 INFO toClientNotifyTaskSize = 0

2022-01-10 17:22:07,706 INFO [long-pulling] client count 0

2022-01-10 17:22:07,707 INFO toNotifyTaskSize = 0

2022-01-10 17:22:07,707 INFO toClientNotifyTaskSize = 0

2022-01-10 17:22:07,707 INFO groupCount = 0, subscriberClientCount = 0, subscriberCount = 0

2022-01-10 17:22:17,713 INFO [long-pulling] client count 0

2022-01-10 17:22:17,713 INFO groupCount = 0, subscriberClientCount = 0, subscriberCount = 0

2022-01-10 17:22:17,713 INFO toNotifyTaskSize = 0

2022-01-10 17:22:17,713 INFO toClientNotifyTaskSize = 0

2022-01-10 17:22:27,747 INFO [long-pulling] client count 0

2022-01-10 17:22:27,747 INFO toNotifyTaskSize = 0

2022-01-10 17:22:27,748 INFO toClientNotifyTaskSize = 0

2022-01-10 17:22:27,748 INFO groupCount = 0, subscriberClientCount = 0, subscriberCount = 0

2022-01-10 17:22:37,756 INFO groupCount = 0, subscriberClientCount = 0, subscriberCount = 0

2022-01-10 17:22:37,756 INFO toNotifyTaskSize = 0

2022-01-10 17:22:37,756 INFO toClientNotifyTaskSize = 0

2022-01-10 17:22:37,756 INFO [long-pulling] client count 0

2022-01-10 17:22:47,758 INFO toNotifyTaskSize = 0

2022-01-10 17:22:47,758 INFO toClientNotifyTaskSize = 0

2022-01-10 17:22:47,758 INFO groupCount = 0, subscriberClientCount = 0, subscriberCount = 0

2022-01-10 17:22:47,758 INFO [long-pulling] client count 0

2022-01-10 17:22:57,773 INFO [long-pulling] client count 0

2022-01-10 17:22:57,774 INFO groupCount = 0, subscriberClientCount = 0, subscriberCount = 0

2022-01-10 17:22:57,774 INFO toNotifyTaskSize = 0

2022-01-10 17:22:57,774 INFO toClientNotifyTaskSize = 0

2022-01-10 17:23:07,774 INFO groupCount = 0, subscriberClientCount = 0, subscriberCount = 0

2022-01-10 17:23:07,774 INFO [long-pulling] client count 0

2022-01-10 17:23:07,774 INFO toNotifyTaskSize = 0

2022-01-10 17:23:07,775 INFO toClientNotifyTaskSize = 0

2022-01-10 17:23:17,787 INFO groupCount = 0, subscriberClientCount = 0, subscriberCount = 0

2022-01-10 17:23:17,787 INFO toNotifyTaskSize = 0

2022-01-10 17:23:17,787 INFO toClientNotifyTaskSize = 0

2022-01-10 17:23:17,787 INFO [long-pulling] client count 0

2022-01-10 17:23:27,801 INFO groupCount = 0, subscriberClientCount = 0, subscriberCount = 0

2022-01-10 17:23:27,801 INFO [long-pulling] client count 0

2022-01-10 17:23:27,801 INFO toNotifyTaskSize = 0

2022-01-10 17:23:27,801 INFO toClientNotifyTaskSize = 0

2022-01-10 17:23:37,815 INFO [long-pulling] client count 0

2022-01-10 17:23:37,815 INFO toNotifyTaskSize = 0

2022-01-10 17:23:37,815 INFO toClientNotifyTaskSize = 0

2022-01-10 17:23:37,815 INFO groupCount = 0, subscriberClientCount = 0, subscriberCount = 0

2022-01-10 17:23:47,824 INFO groupCount = 0, subscriberClientCount = 0, subscriberCount = 0

2022-01-10 17:23:47,824 INFO [long-pulling] client count 0

2022-01-10 17:23:47,824 INFO toNotifyTaskSize = 0

2022-01-10 17:23:47,825 INFO toClientNotifyTaskSize = 0

2022-01-10 17:23:57,835 INFO [long-pulling] client count 0

2022-01-10 17:23:57,835 INFO groupCount = 0, subscriberClientCount = 0, subscriberCount = 0

2022-01-10 17:23:57,835 INFO toNotifyTaskSize = 0

2022-01-10 17:23:57,836 INFO toClientNotifyTaskSize = 0

2022-01-10 17:24:07,839 INFO [long-pulling] client count 0

2022-01-10 17:24:07,839 INFO groupCount = 0, subscriberClientCount = 0, subscriberCount = 0

2022-01-10 17:24:07,839 INFO toNotifyTaskSize = 0

2022-01-10 17:24:07,839 INFO toClientNotifyTaskSize = 0

2022-01-10 17:24:17,841 INFO toNotifyTaskSize = 0

2022-01-10 17:24:17,841 INFO [long-pulling] client count 0

2022-01-10 17:24:17,841 INFO toClientNotifyTaskSize = 0

2022-01-10 17:24:17,841 INFO groupCount = 0, subscriberClientCount = 0, subscriberCount = 0

2022-01-10 17:24:27,846 INFO toNotifyTaskSize = 0

2022-01-10 17:24:27,846 INFO toClientNotifyTaskSize = 0

2022-01-10 17:24:27,846 INFO [long-pulling] client count 0

2022-01-10 17:24:27,846 INFO groupCount = 0, subscriberClientCount = 0, subscriberCount = 0

2022-01-10 17:24:37,860 INFO [long-pulling] client count 0

2022-01-10 17:24:37,860 INFO groupCount = 0, subscriberClientCount = 0, subscriberCount = 0

2022-01-10 17:24:37,860 INFO toNotifyTaskSize = 0

2022-01-10 17:24:37,860 INFO toClientNotifyTaskSize = 0

2022-01-10 17:24:47,875 INFO groupCount = 0, subscriberClientCount = 0, subscriberCount = 0

2022-01-10 17:24:47,875 INFO [long-pulling] client count 0

2022-01-10 17:24:47,875 INFO toNotifyTaskSize = 0

2022-01-10 17:24:47,875 INFO toClientNotifyTaskSize = 0

2022-01-10 17:24:57,888 INFO toNotifyTaskSize = 0

2022-01-10 17:24:57,888 INFO [long-pulling] client count 0

2022-01-10 17:24:57,888 INFO groupCount = 0, subscriberClientCount = 0, subscriberCount = 0

2022-01-10 17:24:57,888 INFO toClientNotifyTaskSize = 0

2022-01-10 17:25:07,902 INFO [long-pulling] client count 0

2022-01-10 17:25:07,902 INFO groupCount = 0, subscriberClientCount = 0, subscriberCount = 0

2022-01-10 17:25:07,902 INFO toNotifyTaskSize = 0

2022-01-10 17:25:07,902 INFO toClientNotifyTaskSize = 0

2022-01-10 17:25:17,906 INFO [long-pulling] client count 0

2022-01-10 17:25:17,906 INFO groupCount = 0, subscriberClientCount = 0, subscriberCount = 0

2022-01-10 17:25:17,906 INFO toNotifyTaskSize = 0

2022-01-10 17:25:17,906 INFO toClientNotifyTaskSize = 0

2022-01-10 17:25:27,909 INFO [long-pulling] client count 0

2022-01-10 17:25:27,909 INFO toNotifyTaskSize = 0

2022-01-10 17:25:27,909 INFO groupCount = 0, subscriberClientCount = 0, subscriberCount = 0

2022-01-10 17:25:27,909 INFO toClientNotifyTaskSize = 0

2022-01-10 17:25:37,915 INFO toNotifyTaskSize = 0

2022-01-10 17:25:37,916 INFO toClientNotifyTaskSize = 0

2022-01-10 17:25:37,915 INFO [long-pulling] client count 0

2022-01-10 17:25:37,915 INFO groupCount = 0, subscriberClientCount = 0, subscriberCount = 0

2022-01-10 17:25:47,923 INFO toNotifyTaskSize = 0

2022-01-10 17:25:47,923 INFO groupCount = 0, subscriberClientCount = 0, subscriberCount = 0

2022-01-10 17:25:47,923 INFO toClientNotifyTaskSize = 0

2022-01-10 17:25:47,923 INFO [long-pulling] client count 0

2022-01-10 17:25:57,937 INFO toNotifyTaskSize = 0

2022-01-10 17:25:57,937 INFO groupCount = 0, subscriberClientCount = 0, subscriberCount = 0

2022-01-10 17:25:57,937 INFO [long-pulling] client count 0

2022-01-10 17:25:57,937 INFO toClientNotifyTaskSize = 0

2022-01-10 17:26:07,950 INFO [long-pulling] client count 0

2022-01-10 17:26:07,950 INFO toNotifyTaskSize = 0

2022-01-10 17:26:07,950 INFO toClientNotifyTaskSize = 0

2022-01-10 17:26:07,951 INFO groupCount = 0, subscriberClientCount = 0, subscriberCount = 0

2022-01-10 17:26:17,953 INFO [long-pulling] client count 0

2022-01-10 17:26:17,953 INFO toNotifyTaskSize = 0

2022-01-10 17:26:17,953 INFO groupCount = 0, subscriberClientCount = 0, subscriberCount = 0

2022-01-10 17:26:17,953 INFO toClientNotifyTaskSize = 0

2022-01-10 17:26:27,960 INFO toNotifyTaskSize = 0

2022-01-10 17:26:27,960 INFO groupCount = 0, subscriberClientCount = 0, subscriberCount = 0

2022-01-10 17:26:27,960 INFO toClientNotifyTaskSize = 0

2022-01-10 17:26:27,960 INFO [long-pulling] client count 0

2022-01-10 17:26:37,976 INFO [long-pulling] client count 0

2022-01-10 17:26:37,976 INFO toNotifyTaskSize = 0

2022-01-10 17:26:37,976 INFO groupCount = 0, subscriberClientCount = 0, subscriberCount = 0

2022-01-10 17:26:37,976 INFO toClientNotifyTaskSize = 0

2022-01-10 17:26:47,981 INFO [long-pulling] client count 0

2022-01-10 17:26:47,981 INFO groupCount = 0, subscriberClientCount = 0, subscriberCount = 0

2022-01-10 17:26:47,981 INFO toNotifyTaskSize = 0

2022-01-10 17:26:47,981 INFO toClientNotifyTaskSize = 0

2022-01-10 17:26:57,990 INFO [long-pulling] client count 0

2022-01-10 17:26:57,990 INFO toNotifyTaskSize = 0

2022-01-10 17:26:57,990 INFO groupCount = 0, subscriberClientCount = 0, subscriberCount = 0

2022-01-10 17:26:57,990 INFO toClientNotifyTaskSize = 0

2022-01-10 17:27:07,997 INFO toNotifyTaskSize = 0

2022-01-10 17:27:07,997 INFO toClientNotifyTaskSize = 0

2022-01-10 17:27:07,998 INFO groupCount = 0, subscriberClientCount = 0, subscriberCount = 0

2022-01-10 17:27:07,998 INFO [long-pulling] client count 0

2022-01-10 17:27:18,020 INFO [long-pulling] client count 0

2022-01-10 17:27:18,020 INFO toNotifyTaskSize = 0

2022-01-10 17:27:18,020 INFO toClientNotifyTaskSize = 0

2022-01-10 17:27:18,020 INFO groupCount = 0, subscriberClientCount = 0, subscriberCount = 0

2022-01-10 17:27:28,026 INFO groupCount = 0, subscriberClientCount = 0, subscriberCount = 0

2022-01-10 17:27:28,026 INFO toNotifyTaskSize = 0

2022-01-10 17:27:28,026 INFO toClientNotifyTaskSize = 0

2022-01-10 17:27:28,026 INFO [long-pulling] client count 0

2022-01-10 17:27:38,043 INFO [long-pulling] client count 0

2022-01-10 17:27:38,043 INFO toNotifyTaskSize = 0

2022-01-10 17:27:38,044 INFO toClientNotifyTaskSize = 0

2022-01-10 17:27:38,043 INFO groupCount = 0, subscriberClientCount = 0, subscriberCount = 0

2022-01-10 17:27:48,053 INFO [long-pulling] client count 0

2022-01-10 17:27:48,053 INFO toNotifyTaskSize = 0

2022-01-10 17:27:48,053 INFO toClientNotifyTaskSize = 0

2022-01-10 17:27:48,053 INFO groupCount = 0, subscriberClientCount = 0, subscriberCount = 0

2022-01-10 17:27:58,064 INFO [long-pulling] client count 0

2022-01-10 17:27:58,065 INFO toNotifyTaskSize = 0

2022-01-10 17:27:58,065 INFO toClientNotifyTaskSize = 0

2022-01-10 17:27:58,065 INFO groupCount = 0, subscriberClientCount = 0, subscriberCount = 0

2022-01-10 17:28:08,071 INFO [long-pulling] client count 0

2022-01-10 17:28:08,071 INFO groupCount = 0, subscriberClientCount = 0, subscriberCount = 0

2022-01-10 17:28:08,071 INFO toNotifyTaskSize = 0

2022-01-10 17:28:08,071 INFO toClientNotifyTaskSize = 0

2022-01-10 17:28:18,077 INFO [long-pulling] client count 0

2022-01-10 17:28:18,077 INFO toNotifyTaskSize = 0

2022-01-10 17:28:18,078 INFO groupCount = 0, subscriberClientCount = 0, subscriberCount = 0

2022-01-10 17:28:18,078 INFO toClientNotifyTaskSize = 0

2022-01-10 17:28:28,087 INFO toNotifyTaskSize = 0

2022-01-10 17:28:28,087 INFO [long-pulling] client count 0

2022-01-10 17:28:28,087 INFO toClientNotifyTaskSize = 0

2022-01-10 17:28:28,087 INFO groupCount = 0, subscriberClientCount = 0, subscriberCount = 0

2022-01-10 17:28:38,094 INFO groupCount = 0, subscriberClientCount = 0, subscriberCount = 0

2022-01-10 17:28:38,094 INFO toNotifyTaskSize = 0

2022-01-10 17:28:38,094 INFO [long-pulling] client count 0

2022-01-10 17:28:38,094 INFO toClientNotifyTaskSize = 0

2022-01-10 17:28:48,103 INFO groupCount = 0, subscriberClientCount = 0, subscriberCount = 0

2022-01-10 17:28:48,103 INFO toNotifyTaskSize = 0

2022-01-10 17:28:48,103 INFO toClientNotifyTaskSize = 0

2022-01-10 17:28:48,104 INFO [long-pulling] client count 0

2022-01-10 17:28:58,113 INFO [long-pulling] client count 0

2022-01-10 17:28:58,114 INFO toNotifyTaskSize = 0

2022-01-10 17:28:58,114 INFO groupCount = 0, subscriberClientCount = 0, subscriberCount = 0

2022-01-10 17:28:58,115 INFO toClientNotifyTaskSize = 0

