2022-02-12 00:00:18,035 INFO PERFORMANCE:|0|0|0|-1|-1|0|0

2022-02-12 00:00:18,036 INFO Task worker status: 
naming_0%32, pending tasks: 0
naming_1%32, pending tasks: 0
naming_2%32, pending tasks: 0
naming_3%32, pending tasks: 0
naming_4%32, pending tasks: 0
naming_5%32, pending tasks: 0
naming_6%32, pending tasks: 0
naming_7%32, pending tasks: 0
naming_8%32, pending tasks: 0
naming_9%32, pending tasks: 0
naming_10%32, pending tasks: 0
naming_11%32, pending tasks: 0
naming_12%32, pending tasks: 0
naming_13%32, pending tasks: 0
naming_14%32, pending tasks: 0
naming_15%32, pending tasks: 0
naming_16%32, pending tasks: 0
naming_17%32, pending tasks: 0
naming_18%32, pending tasks: 0
naming_19%32, pending tasks: 0
naming_20%32, pending tasks: 0
naming_21%32, pending tasks: 0
naming_22%32, pending tasks: 0
naming_23%32, pending tasks: 0
naming_24%32, pending tasks: 0
naming_25%32, pending tasks: 0
naming_26%32, pending tasks: 0
naming_27%32, pending tasks: 0
naming_28%32, pending tasks: 0
naming_29%32, pending tasks: 0
naming_30%32, pending tasks: 0
naming_31%32, pending tasks: 0


2022-02-12 00:01:18,037 INFO PERFORMANCE:|0|0|0|-1|-1|0|0

2022-02-12 00:01:18,037 INFO Task worker status: 
naming_0%32, pending tasks: 0
naming_1%32, pending tasks: 0
naming_2%32, pending tasks: 0
naming_3%32, pending tasks: 0
naming_4%32, pending tasks: 0
naming_5%32, pending tasks: 0
naming_6%32, pending tasks: 0
naming_7%32, pending tasks: 0
naming_8%32, pending tasks: 0
naming_9%32, pending tasks: 0
naming_10%32, pending tasks: 0
naming_11%32, pending tasks: 0
naming_12%32, pending tasks: 0
naming_13%32, pending tasks: 0
naming_14%32, pending tasks: 0
naming_15%32, pending tasks: 0
naming_16%32, pending tasks: 0
naming_17%32, pending tasks: 0
naming_18%32, pending tasks: 0
naming_19%32, pending tasks: 0
naming_20%32, pending tasks: 0
naming_21%32, pending tasks: 0
naming_22%32, pending tasks: 0
naming_23%32, pending tasks: 0
naming_24%32, pending tasks: 0
naming_25%32, pending tasks: 0
naming_26%32, pending tasks: 0
naming_27%32, pending tasks: 0
naming_28%32, pending tasks: 0
naming_29%32, pending tasks: 0
naming_30%32, pending tasks: 0
naming_31%32, pending tasks: 0


2022-02-12 00:02:18,039 INFO PERFORMANCE:|0|0|0|-1|-1|0|0

2022-02-12 00:02:18,039 INFO Task worker status: 
naming_0%32, pending tasks: 0
naming_1%32, pending tasks: 0
naming_2%32, pending tasks: 0
naming_3%32, pending tasks: 0
naming_4%32, pending tasks: 0
naming_5%32, pending tasks: 0
naming_6%32, pending tasks: 0
naming_7%32, pending tasks: 0
naming_8%32, pending tasks: 0
naming_9%32, pending tasks: 0
naming_10%32, pending tasks: 0
naming_11%32, pending tasks: 0
naming_12%32, pending tasks: 0
naming_13%32, pending tasks: 0
naming_14%32, pending tasks: 0
naming_15%32, pending tasks: 0
naming_16%32, pending tasks: 0
naming_17%32, pending tasks: 0
naming_18%32, pending tasks: 0
naming_19%32, pending tasks: 0
naming_20%32, pending tasks: 0
naming_21%32, pending tasks: 0
naming_22%32, pending tasks: 0
naming_23%32, pending tasks: 0
naming_24%32, pending tasks: 0
naming_25%32, pending tasks: 0
naming_26%32, pending tasks: 0
naming_27%32, pending tasks: 0
naming_28%32, pending tasks: 0
naming_29%32, pending tasks: 0
naming_30%32, pending tasks: 0
naming_31%32, pending tasks: 0


2022-02-12 00:03:18,040 INFO PERFORMANCE:|0|0|0|-1|-1|0|0

2022-02-12 00:03:18,040 INFO Task worker status: 
naming_0%32, pending tasks: 0
naming_1%32, pending tasks: 0
naming_2%32, pending tasks: 0
naming_3%32, pending tasks: 0
naming_4%32, pending tasks: 0
naming_5%32, pending tasks: 0
naming_6%32, pending tasks: 0
naming_7%32, pending tasks: 0
naming_8%32, pending tasks: 0
naming_9%32, pending tasks: 0
naming_10%32, pending tasks: 0
naming_11%32, pending tasks: 0
naming_12%32, pending tasks: 0
naming_13%32, pending tasks: 0
naming_14%32, pending tasks: 0
naming_15%32, pending tasks: 0
naming_16%32, pending tasks: 0
naming_17%32, pending tasks: 0
naming_18%32, pending tasks: 0
naming_19%32, pending tasks: 0
naming_20%32, pending tasks: 0
naming_21%32, pending tasks: 0
naming_22%32, pending tasks: 0
naming_23%32, pending tasks: 0
naming_24%32, pending tasks: 0
naming_25%32, pending tasks: 0
naming_26%32, pending tasks: 0
naming_27%32, pending tasks: 0
naming_28%32, pending tasks: 0
naming_29%32, pending tasks: 0
naming_30%32, pending tasks: 0
naming_31%32, pending tasks: 0


2022-02-12 00:04:18,042 INFO PERFORMANCE:|0|0|0|-1|-1|0|0

2022-02-12 00:04:18,042 INFO Task worker status: 
naming_0%32, pending tasks: 0
naming_1%32, pending tasks: 0
naming_2%32, pending tasks: 0
naming_3%32, pending tasks: 0
naming_4%32, pending tasks: 0
naming_5%32, pending tasks: 0
naming_6%32, pending tasks: 0
naming_7%32, pending tasks: 0
naming_8%32, pending tasks: 0
naming_9%32, pending tasks: 0
naming_10%32, pending tasks: 0
naming_11%32, pending tasks: 0
naming_12%32, pending tasks: 0
naming_13%32, pending tasks: 0
naming_14%32, pending tasks: 0
naming_15%32, pending tasks: 0
naming_16%32, pending tasks: 0
naming_17%32, pending tasks: 0
naming_18%32, pending tasks: 0
naming_19%32, pending tasks: 0
naming_20%32, pending tasks: 0
naming_21%32, pending tasks: 0
naming_22%32, pending tasks: 0
naming_23%32, pending tasks: 0
naming_24%32, pending tasks: 0
naming_25%32, pending tasks: 0
naming_26%32, pending tasks: 0
naming_27%32, pending tasks: 0
naming_28%32, pending tasks: 0
naming_29%32, pending tasks: 0
naming_30%32, pending tasks: 0
naming_31%32, pending tasks: 0


2022-02-12 00:05:18,043 INFO PERFORMANCE:|serviceCount|ipCount|subscribeCount|maxPushCost|avgPushCost|totalPushCount|failPushCount

2022-02-12 00:05:18,043 INFO PERFORMANCE:|0|0|0|-1|-1|0|0

2022-02-12 00:05:18,043 INFO Task worker status: 
naming_0%32, pending tasks: 0
naming_1%32, pending tasks: 0
naming_2%32, pending tasks: 0
naming_3%32, pending tasks: 0
naming_4%32, pending tasks: 0
naming_5%32, pending tasks: 0
naming_6%32, pending tasks: 0
naming_7%32, pending tasks: 0
naming_8%32, pending tasks: 0
naming_9%32, pending tasks: 0
naming_10%32, pending tasks: 0
naming_11%32, pending tasks: 0
naming_12%32, pending tasks: 0
naming_13%32, pending tasks: 0
naming_14%32, pending tasks: 0
naming_15%32, pending tasks: 0
naming_16%32, pending tasks: 0
naming_17%32, pending tasks: 0
naming_18%32, pending tasks: 0
naming_19%32, pending tasks: 0
naming_20%32, pending tasks: 0
naming_21%32, pending tasks: 0
naming_22%32, pending tasks: 0
naming_23%32, pending tasks: 0
naming_24%32, pending tasks: 0
naming_25%32, pending tasks: 0
naming_26%32, pending tasks: 0
naming_27%32, pending tasks: 0
naming_28%32, pending tasks: 0
naming_29%32, pending tasks: 0
naming_30%32, pending tasks: 0
naming_31%32, pending tasks: 0


2022-02-12 00:06:18,045 INFO PERFORMANCE:|0|0|0|-1|-1|0|0

2022-02-12 00:06:18,045 INFO Task worker status: 
naming_0%32, pending tasks: 0
naming_1%32, pending tasks: 0
naming_2%32, pending tasks: 0
naming_3%32, pending tasks: 0
naming_4%32, pending tasks: 0
naming_5%32, pending tasks: 0
naming_6%32, pending tasks: 0
naming_7%32, pending tasks: 0
naming_8%32, pending tasks: 0
naming_9%32, pending tasks: 0
naming_10%32, pending tasks: 0
naming_11%32, pending tasks: 0
naming_12%32, pending tasks: 0
naming_13%32, pending tasks: 0
naming_14%32, pending tasks: 0
naming_15%32, pending tasks: 0
naming_16%32, pending tasks: 0
naming_17%32, pending tasks: 0
naming_18%32, pending tasks: 0
naming_19%32, pending tasks: 0
naming_20%32, pending tasks: 0
naming_21%32, pending tasks: 0
naming_22%32, pending tasks: 0
naming_23%32, pending tasks: 0
naming_24%32, pending tasks: 0
naming_25%32, pending tasks: 0
naming_26%32, pending tasks: 0
naming_27%32, pending tasks: 0
naming_28%32, pending tasks: 0
naming_29%32, pending tasks: 0
naming_30%32, pending tasks: 0
naming_31%32, pending tasks: 0


2022-02-12 00:07:18,047 INFO PERFORMANCE:|0|0|0|-1|-1|0|0

2022-02-12 00:07:18,047 INFO Task worker status: 
naming_0%32, pending tasks: 0
naming_1%32, pending tasks: 0
naming_2%32, pending tasks: 0
naming_3%32, pending tasks: 0
naming_4%32, pending tasks: 0
naming_5%32, pending tasks: 0
naming_6%32, pending tasks: 0
naming_7%32, pending tasks: 0
naming_8%32, pending tasks: 0
naming_9%32, pending tasks: 0
naming_10%32, pending tasks: 0
naming_11%32, pending tasks: 0
naming_12%32, pending tasks: 0
naming_13%32, pending tasks: 0
naming_14%32, pending tasks: 0
naming_15%32, pending tasks: 0
naming_16%32, pending tasks: 0
naming_17%32, pending tasks: 0
naming_18%32, pending tasks: 0
naming_19%32, pending tasks: 0
naming_20%32, pending tasks: 0
naming_21%32, pending tasks: 0
naming_22%32, pending tasks: 0
naming_23%32, pending tasks: 0
naming_24%32, pending tasks: 0
naming_25%32, pending tasks: 0
naming_26%32, pending tasks: 0
naming_27%32, pending tasks: 0
naming_28%32, pending tasks: 0
naming_29%32, pending tasks: 0
naming_30%32, pending tasks: 0
naming_31%32, pending tasks: 0


2022-02-12 00:08:18,048 INFO PERFORMANCE:|0|0|0|-1|-1|0|0

2022-02-12 00:08:18,048 INFO Task worker status: 
naming_0%32, pending tasks: 0
naming_1%32, pending tasks: 0
naming_2%32, pending tasks: 0
naming_3%32, pending tasks: 0
naming_4%32, pending tasks: 0
naming_5%32, pending tasks: 0
naming_6%32, pending tasks: 0
naming_7%32, pending tasks: 0
naming_8%32, pending tasks: 0
naming_9%32, pending tasks: 0
naming_10%32, pending tasks: 0
naming_11%32, pending tasks: 0
naming_12%32, pending tasks: 0
naming_13%32, pending tasks: 0
naming_14%32, pending tasks: 0
naming_15%32, pending tasks: 0
naming_16%32, pending tasks: 0
naming_17%32, pending tasks: 0
naming_18%32, pending tasks: 0
naming_19%32, pending tasks: 0
naming_20%32, pending tasks: 0
naming_21%32, pending tasks: 0
naming_22%32, pending tasks: 0
naming_23%32, pending tasks: 0
naming_24%32, pending tasks: 0
naming_25%32, pending tasks: 0
naming_26%32, pending tasks: 0
naming_27%32, pending tasks: 0
naming_28%32, pending tasks: 0
naming_29%32, pending tasks: 0
naming_30%32, pending tasks: 0
naming_31%32, pending tasks: 0


2022-02-12 00:09:18,050 INFO PERFORMANCE:|0|0|0|-1|-1|0|0

2022-02-12 00:09:18,050 INFO Task worker status: 
naming_0%32, pending tasks: 0
naming_1%32, pending tasks: 0
naming_2%32, pending tasks: 0
naming_3%32, pending tasks: 0
naming_4%32, pending tasks: 0
naming_5%32, pending tasks: 0
naming_6%32, pending tasks: 0
naming_7%32, pending tasks: 0
naming_8%32, pending tasks: 0
naming_9%32, pending tasks: 0
naming_10%32, pending tasks: 0
naming_11%32, pending tasks: 0
naming_12%32, pending tasks: 0
naming_13%32, pending tasks: 0
naming_14%32, pending tasks: 0
naming_15%32, pending tasks: 0
naming_16%32, pending tasks: 0
naming_17%32, pending tasks: 0
naming_18%32, pending tasks: 0
naming_19%32, pending tasks: 0
naming_20%32, pending tasks: 0
naming_21%32, pending tasks: 0
naming_22%32, pending tasks: 0
naming_23%32, pending tasks: 0
naming_24%32, pending tasks: 0
naming_25%32, pending tasks: 0
naming_26%32, pending tasks: 0
naming_27%32, pending tasks: 0
naming_28%32, pending tasks: 0
naming_29%32, pending tasks: 0
naming_30%32, pending tasks: 0
naming_31%32, pending tasks: 0


2022-02-12 00:10:18,051 INFO PERFORMANCE:|0|0|0|-1|-1|0|0

2022-02-12 00:10:18,051 INFO Task worker status: 
naming_0%32, pending tasks: 0
naming_1%32, pending tasks: 0
naming_2%32, pending tasks: 0
naming_3%32, pending tasks: 0
naming_4%32, pending tasks: 0
naming_5%32, pending tasks: 0
naming_6%32, pending tasks: 0
naming_7%32, pending tasks: 0
naming_8%32, pending tasks: 0
naming_9%32, pending tasks: 0
naming_10%32, pending tasks: 0
naming_11%32, pending tasks: 0
naming_12%32, pending tasks: 0
naming_13%32, pending tasks: 0
naming_14%32, pending tasks: 0
naming_15%32, pending tasks: 0
naming_16%32, pending tasks: 0
naming_17%32, pending tasks: 0
naming_18%32, pending tasks: 0
naming_19%32, pending tasks: 0
naming_20%32, pending tasks: 0
naming_21%32, pending tasks: 0
naming_22%32, pending tasks: 0
naming_23%32, pending tasks: 0
naming_24%32, pending tasks: 0
naming_25%32, pending tasks: 0
naming_26%32, pending tasks: 0
naming_27%32, pending tasks: 0
naming_28%32, pending tasks: 0
naming_29%32, pending tasks: 0
naming_30%32, pending tasks: 0
naming_31%32, pending tasks: 0


2022-02-12 00:11:18,052 INFO PERFORMANCE:|0|0|0|-1|-1|0|0

2022-02-12 00:11:18,052 INFO Task worker status: 
naming_0%32, pending tasks: 0
naming_1%32, pending tasks: 0
naming_2%32, pending tasks: 0
naming_3%32, pending tasks: 0
naming_4%32, pending tasks: 0
naming_5%32, pending tasks: 0
naming_6%32, pending tasks: 0
naming_7%32, pending tasks: 0
naming_8%32, pending tasks: 0
naming_9%32, pending tasks: 0
naming_10%32, pending tasks: 0
naming_11%32, pending tasks: 0
naming_12%32, pending tasks: 0
naming_13%32, pending tasks: 0
naming_14%32, pending tasks: 0
naming_15%32, pending tasks: 0
naming_16%32, pending tasks: 0
naming_17%32, pending tasks: 0
naming_18%32, pending tasks: 0
naming_19%32, pending tasks: 0
naming_20%32, pending tasks: 0
naming_21%32, pending tasks: 0
naming_22%32, pending tasks: 0
naming_23%32, pending tasks: 0
naming_24%32, pending tasks: 0
naming_25%32, pending tasks: 0
naming_26%32, pending tasks: 0
naming_27%32, pending tasks: 0
naming_28%32, pending tasks: 0
naming_29%32, pending tasks: 0
naming_30%32, pending tasks: 0
naming_31%32, pending tasks: 0


2022-02-12 00:12:18,053 INFO PERFORMANCE:|0|0|0|-1|-1|0|0

2022-02-12 00:12:18,053 INFO Task worker status: 
naming_0%32, pending tasks: 0
naming_1%32, pending tasks: 0
naming_2%32, pending tasks: 0
naming_3%32, pending tasks: 0
naming_4%32, pending tasks: 0
naming_5%32, pending tasks: 0
naming_6%32, pending tasks: 0
naming_7%32, pending tasks: 0
naming_8%32, pending tasks: 0
naming_9%32, pending tasks: 0
naming_10%32, pending tasks: 0
naming_11%32, pending tasks: 0
naming_12%32, pending tasks: 0
naming_13%32, pending tasks: 0
naming_14%32, pending tasks: 0
naming_15%32, pending tasks: 0
naming_16%32, pending tasks: 0
naming_17%32, pending tasks: 0
naming_18%32, pending tasks: 0
naming_19%32, pending tasks: 0
naming_20%32, pending tasks: 0
naming_21%32, pending tasks: 0
naming_22%32, pending tasks: 0
naming_23%32, pending tasks: 0
naming_24%32, pending tasks: 0
naming_25%32, pending tasks: 0
naming_26%32, pending tasks: 0
naming_27%32, pending tasks: 0
naming_28%32, pending tasks: 0
naming_29%32, pending tasks: 0
naming_30%32, pending tasks: 0
naming_31%32, pending tasks: 0


2022-02-12 00:13:18,054 INFO PERFORMANCE:|0|0|0|-1|-1|0|0

2022-02-12 00:13:18,054 INFO Task worker status: 
naming_0%32, pending tasks: 0
naming_1%32, pending tasks: 0
naming_2%32, pending tasks: 0
naming_3%32, pending tasks: 0
naming_4%32, pending tasks: 0
naming_5%32, pending tasks: 0
naming_6%32, pending tasks: 0
naming_7%32, pending tasks: 0
naming_8%32, pending tasks: 0
naming_9%32, pending tasks: 0
naming_10%32, pending tasks: 0
naming_11%32, pending tasks: 0
naming_12%32, pending tasks: 0
naming_13%32, pending tasks: 0
naming_14%32, pending tasks: 0
naming_15%32, pending tasks: 0
naming_16%32, pending tasks: 0
naming_17%32, pending tasks: 0
naming_18%32, pending tasks: 0
naming_19%32, pending tasks: 0
naming_20%32, pending tasks: 0
naming_21%32, pending tasks: 0
naming_22%32, pending tasks: 0
naming_23%32, pending tasks: 0
naming_24%32, pending tasks: 0
naming_25%32, pending tasks: 0
naming_26%32, pending tasks: 0
naming_27%32, pending tasks: 0
naming_28%32, pending tasks: 0
naming_29%32, pending tasks: 0
naming_30%32, pending tasks: 0
naming_31%32, pending tasks: 0


2022-02-12 00:14:18,055 INFO PERFORMANCE:|0|0|0|-1|-1|0|0

2022-02-12 00:14:18,055 INFO Task worker status: 
naming_0%32, pending tasks: 0
naming_1%32, pending tasks: 0
naming_2%32, pending tasks: 0
naming_3%32, pending tasks: 0
naming_4%32, pending tasks: 0
naming_5%32, pending tasks: 0
naming_6%32, pending tasks: 0
naming_7%32, pending tasks: 0
naming_8%32, pending tasks: 0
naming_9%32, pending tasks: 0
naming_10%32, pending tasks: 0
naming_11%32, pending tasks: 0
naming_12%32, pending tasks: 0
naming_13%32, pending tasks: 0
naming_14%32, pending tasks: 0
naming_15%32, pending tasks: 0
naming_16%32, pending tasks: 0
naming_17%32, pending tasks: 0
naming_18%32, pending tasks: 0
naming_19%32, pending tasks: 0
naming_20%32, pending tasks: 0
naming_21%32, pending tasks: 0
naming_22%32, pending tasks: 0
naming_23%32, pending tasks: 0
naming_24%32, pending tasks: 0
naming_25%32, pending tasks: 0
naming_26%32, pending tasks: 0
naming_27%32, pending tasks: 0
naming_28%32, pending tasks: 0
naming_29%32, pending tasks: 0
naming_30%32, pending tasks: 0
naming_31%32, pending tasks: 0


2022-02-12 00:15:18,057 INFO PERFORMANCE:|serviceCount|ipCount|subscribeCount|maxPushCost|avgPushCost|totalPushCount|failPushCount

2022-02-12 00:15:18,057 INFO PERFORMANCE:|0|0|0|-1|-1|0|0

2022-02-12 00:15:18,057 INFO Task worker status: 
naming_0%32, pending tasks: 0
naming_1%32, pending tasks: 0
naming_2%32, pending tasks: 0
naming_3%32, pending tasks: 0
naming_4%32, pending tasks: 0
naming_5%32, pending tasks: 0
naming_6%32, pending tasks: 0
naming_7%32, pending tasks: 0
naming_8%32, pending tasks: 0
naming_9%32, pending tasks: 0
naming_10%32, pending tasks: 0
naming_11%32, pending tasks: 0
naming_12%32, pending tasks: 0
naming_13%32, pending tasks: 0
naming_14%32, pending tasks: 0
naming_15%32, pending tasks: 0
naming_16%32, pending tasks: 0
naming_17%32, pending tasks: 0
naming_18%32, pending tasks: 0
naming_19%32, pending tasks: 0
naming_20%32, pending tasks: 0
naming_21%32, pending tasks: 0
naming_22%32, pending tasks: 0
naming_23%32, pending tasks: 0
naming_24%32, pending tasks: 0
naming_25%32, pending tasks: 0
naming_26%32, pending tasks: 0
naming_27%32, pending tasks: 0
naming_28%32, pending tasks: 0
naming_29%32, pending tasks: 0
naming_30%32, pending tasks: 0
naming_31%32, pending tasks: 0


2022-02-12 00:16:18,059 INFO PERFORMANCE:|0|0|0|-1|-1|0|0

2022-02-12 00:16:18,059 INFO Task worker status: 
naming_0%32, pending tasks: 0
naming_1%32, pending tasks: 0
naming_2%32, pending tasks: 0
naming_3%32, pending tasks: 0
naming_4%32, pending tasks: 0
naming_5%32, pending tasks: 0
naming_6%32, pending tasks: 0
naming_7%32, pending tasks: 0
naming_8%32, pending tasks: 0
naming_9%32, pending tasks: 0
naming_10%32, pending tasks: 0
naming_11%32, pending tasks: 0
naming_12%32, pending tasks: 0
naming_13%32, pending tasks: 0
naming_14%32, pending tasks: 0
naming_15%32, pending tasks: 0
naming_16%32, pending tasks: 0
naming_17%32, pending tasks: 0
naming_18%32, pending tasks: 0
naming_19%32, pending tasks: 0
naming_20%32, pending tasks: 0
naming_21%32, pending tasks: 0
naming_22%32, pending tasks: 0
naming_23%32, pending tasks: 0
naming_24%32, pending tasks: 0
naming_25%32, pending tasks: 0
naming_26%32, pending tasks: 0
naming_27%32, pending tasks: 0
naming_28%32, pending tasks: 0
naming_29%32, pending tasks: 0
naming_30%32, pending tasks: 0
naming_31%32, pending tasks: 0


2022-02-12 00:17:18,061 INFO PERFORMANCE:|0|0|0|-1|-1|0|0

2022-02-12 00:17:18,061 INFO Task worker status: 
naming_0%32, pending tasks: 0
naming_1%32, pending tasks: 0
naming_2%32, pending tasks: 0
naming_3%32, pending tasks: 0
naming_4%32, pending tasks: 0
naming_5%32, pending tasks: 0
naming_6%32, pending tasks: 0
naming_7%32, pending tasks: 0
naming_8%32, pending tasks: 0
naming_9%32, pending tasks: 0
naming_10%32, pending tasks: 0
naming_11%32, pending tasks: 0
naming_12%32, pending tasks: 0
naming_13%32, pending tasks: 0
naming_14%32, pending tasks: 0
naming_15%32, pending tasks: 0
naming_16%32, pending tasks: 0
naming_17%32, pending tasks: 0
naming_18%32, pending tasks: 0
naming_19%32, pending tasks: 0
naming_20%32, pending tasks: 0
naming_21%32, pending tasks: 0
naming_22%32, pending tasks: 0
naming_23%32, pending tasks: 0
naming_24%32, pending tasks: 0
naming_25%32, pending tasks: 0
naming_26%32, pending tasks: 0
naming_27%32, pending tasks: 0
naming_28%32, pending tasks: 0
naming_29%32, pending tasks: 0
naming_30%32, pending tasks: 0
naming_31%32, pending tasks: 0


2022-02-12 00:18:18,062 INFO PERFORMANCE:|0|0|0|-1|-1|0|0

2022-02-12 00:18:18,062 INFO Task worker status: 
naming_0%32, pending tasks: 0
naming_1%32, pending tasks: 0
naming_2%32, pending tasks: 0
naming_3%32, pending tasks: 0
naming_4%32, pending tasks: 0
naming_5%32, pending tasks: 0
naming_6%32, pending tasks: 0
naming_7%32, pending tasks: 0
naming_8%32, pending tasks: 0
naming_9%32, pending tasks: 0
naming_10%32, pending tasks: 0
naming_11%32, pending tasks: 0
naming_12%32, pending tasks: 0
naming_13%32, pending tasks: 0
naming_14%32, pending tasks: 0
naming_15%32, pending tasks: 0
naming_16%32, pending tasks: 0
naming_17%32, pending tasks: 0
naming_18%32, pending tasks: 0
naming_19%32, pending tasks: 0
naming_20%32, pending tasks: 0
naming_21%32, pending tasks: 0
naming_22%32, pending tasks: 0
naming_23%32, pending tasks: 0
naming_24%32, pending tasks: 0
naming_25%32, pending tasks: 0
naming_26%32, pending tasks: 0
naming_27%32, pending tasks: 0
naming_28%32, pending tasks: 0
naming_29%32, pending tasks: 0
naming_30%32, pending tasks: 0
naming_31%32, pending tasks: 0


2022-02-12 00:19:18,063 INFO PERFORMANCE:|0|0|0|-1|-1|0|0

2022-02-12 00:19:18,063 INFO Task worker status: 
naming_0%32, pending tasks: 0
naming_1%32, pending tasks: 0
naming_2%32, pending tasks: 0
naming_3%32, pending tasks: 0
naming_4%32, pending tasks: 0
naming_5%32, pending tasks: 0
naming_6%32, pending tasks: 0
naming_7%32, pending tasks: 0
naming_8%32, pending tasks: 0
naming_9%32, pending tasks: 0
naming_10%32, pending tasks: 0
naming_11%32, pending tasks: 0
naming_12%32, pending tasks: 0
naming_13%32, pending tasks: 0
naming_14%32, pending tasks: 0
naming_15%32, pending tasks: 0
naming_16%32, pending tasks: 0
naming_17%32, pending tasks: 0
naming_18%32, pending tasks: 0
naming_19%32, pending tasks: 0
naming_20%32, pending tasks: 0
naming_21%32, pending tasks: 0
naming_22%32, pending tasks: 0
naming_23%32, pending tasks: 0
naming_24%32, pending tasks: 0
naming_25%32, pending tasks: 0
naming_26%32, pending tasks: 0
naming_27%32, pending tasks: 0
naming_28%32, pending tasks: 0
naming_29%32, pending tasks: 0
naming_30%32, pending tasks: 0
naming_31%32, pending tasks: 0


2022-02-12 00:20:18,065 INFO PERFORMANCE:|0|0|0|-1|-1|0|0

2022-02-12 00:20:18,065 INFO Task worker status: 
naming_0%32, pending tasks: 0
naming_1%32, pending tasks: 0
naming_2%32, pending tasks: 0
naming_3%32, pending tasks: 0
naming_4%32, pending tasks: 0
naming_5%32, pending tasks: 0
naming_6%32, pending tasks: 0
naming_7%32, pending tasks: 0
naming_8%32, pending tasks: 0
naming_9%32, pending tasks: 0
naming_10%32, pending tasks: 0
naming_11%32, pending tasks: 0
naming_12%32, pending tasks: 0
naming_13%32, pending tasks: 0
naming_14%32, pending tasks: 0
naming_15%32, pending tasks: 0
naming_16%32, pending tasks: 0
naming_17%32, pending tasks: 0
naming_18%32, pending tasks: 0
naming_19%32, pending tasks: 0
naming_20%32, pending tasks: 0
naming_21%32, pending tasks: 0
naming_22%32, pending tasks: 0
naming_23%32, pending tasks: 0
naming_24%32, pending tasks: 0
naming_25%32, pending tasks: 0
naming_26%32, pending tasks: 0
naming_27%32, pending tasks: 0
naming_28%32, pending tasks: 0
naming_29%32, pending tasks: 0
naming_30%32, pending tasks: 0
naming_31%32, pending tasks: 0


2022-02-12 00:21:18,066 INFO PERFORMANCE:|0|0|0|-1|-1|0|0

2022-02-12 00:21:18,066 INFO Task worker status: 
naming_0%32, pending tasks: 0
naming_1%32, pending tasks: 0
naming_2%32, pending tasks: 0
naming_3%32, pending tasks: 0
naming_4%32, pending tasks: 0
naming_5%32, pending tasks: 0
naming_6%32, pending tasks: 0
naming_7%32, pending tasks: 0
naming_8%32, pending tasks: 0
naming_9%32, pending tasks: 0
naming_10%32, pending tasks: 0
naming_11%32, pending tasks: 0
naming_12%32, pending tasks: 0
naming_13%32, pending tasks: 0
naming_14%32, pending tasks: 0
naming_15%32, pending tasks: 0
naming_16%32, pending tasks: 0
naming_17%32, pending tasks: 0
naming_18%32, pending tasks: 0
naming_19%32, pending tasks: 0
naming_20%32, pending tasks: 0
naming_21%32, pending tasks: 0
naming_22%32, pending tasks: 0
naming_23%32, pending tasks: 0
naming_24%32, pending tasks: 0
naming_25%32, pending tasks: 0
naming_26%32, pending tasks: 0
naming_27%32, pending tasks: 0
naming_28%32, pending tasks: 0
naming_29%32, pending tasks: 0
naming_30%32, pending tasks: 0
naming_31%32, pending tasks: 0


2022-02-12 00:22:18,067 INFO PERFORMANCE:|0|0|0|-1|-1|0|0

2022-02-12 00:22:18,067 INFO Task worker status: 
naming_0%32, pending tasks: 0
naming_1%32, pending tasks: 0
naming_2%32, pending tasks: 0
naming_3%32, pending tasks: 0
naming_4%32, pending tasks: 0
naming_5%32, pending tasks: 0
naming_6%32, pending tasks: 0
naming_7%32, pending tasks: 0
naming_8%32, pending tasks: 0
naming_9%32, pending tasks: 0
naming_10%32, pending tasks: 0
naming_11%32, pending tasks: 0
naming_12%32, pending tasks: 0
naming_13%32, pending tasks: 0
naming_14%32, pending tasks: 0
naming_15%32, pending tasks: 0
naming_16%32, pending tasks: 0
naming_17%32, pending tasks: 0
naming_18%32, pending tasks: 0
naming_19%32, pending tasks: 0
naming_20%32, pending tasks: 0
naming_21%32, pending tasks: 0
naming_22%32, pending tasks: 0
naming_23%32, pending tasks: 0
naming_24%32, pending tasks: 0
naming_25%32, pending tasks: 0
naming_26%32, pending tasks: 0
naming_27%32, pending tasks: 0
naming_28%32, pending tasks: 0
naming_29%32, pending tasks: 0
naming_30%32, pending tasks: 0
naming_31%32, pending tasks: 0


2022-02-12 00:23:18,068 INFO PERFORMANCE:|0|0|0|-1|-1|0|0

2022-02-12 00:23:18,068 INFO Task worker status: 
naming_0%32, pending tasks: 0
naming_1%32, pending tasks: 0
naming_2%32, pending tasks: 0
naming_3%32, pending tasks: 0
naming_4%32, pending tasks: 0
naming_5%32, pending tasks: 0
naming_6%32, pending tasks: 0
naming_7%32, pending tasks: 0
naming_8%32, pending tasks: 0
naming_9%32, pending tasks: 0
naming_10%32, pending tasks: 0
naming_11%32, pending tasks: 0
naming_12%32, pending tasks: 0
naming_13%32, pending tasks: 0
naming_14%32, pending tasks: 0
naming_15%32, pending tasks: 0
naming_16%32, pending tasks: 0
naming_17%32, pending tasks: 0
naming_18%32, pending tasks: 0
naming_19%32, pending tasks: 0
naming_20%32, pending tasks: 0
naming_21%32, pending tasks: 0
naming_22%32, pending tasks: 0
naming_23%32, pending tasks: 0
naming_24%32, pending tasks: 0
naming_25%32, pending tasks: 0
naming_26%32, pending tasks: 0
naming_27%32, pending tasks: 0
naming_28%32, pending tasks: 0
naming_29%32, pending tasks: 0
naming_30%32, pending tasks: 0
naming_31%32, pending tasks: 0


2022-02-12 00:24:18,070 INFO PERFORMANCE:|0|0|0|-1|-1|0|0

2022-02-12 00:24:18,070 INFO Task worker status: 
naming_0%32, pending tasks: 0
naming_1%32, pending tasks: 0
naming_2%32, pending tasks: 0
naming_3%32, pending tasks: 0
naming_4%32, pending tasks: 0
naming_5%32, pending tasks: 0
naming_6%32, pending tasks: 0
naming_7%32, pending tasks: 0
naming_8%32, pending tasks: 0
naming_9%32, pending tasks: 0
naming_10%32, pending tasks: 0
naming_11%32, pending tasks: 0
naming_12%32, pending tasks: 0
naming_13%32, pending tasks: 0
naming_14%32, pending tasks: 0
naming_15%32, pending tasks: 0
naming_16%32, pending tasks: 0
naming_17%32, pending tasks: 0
naming_18%32, pending tasks: 0
naming_19%32, pending tasks: 0
naming_20%32, pending tasks: 0
naming_21%32, pending tasks: 0
naming_22%32, pending tasks: 0
naming_23%32, pending tasks: 0
naming_24%32, pending tasks: 0
naming_25%32, pending tasks: 0
naming_26%32, pending tasks: 0
naming_27%32, pending tasks: 0
naming_28%32, pending tasks: 0
naming_29%32, pending tasks: 0
naming_30%32, pending tasks: 0
naming_31%32, pending tasks: 0


2022-02-12 00:25:18,070 INFO PERFORMANCE:|serviceCount|ipCount|subscribeCount|maxPushCost|avgPushCost|totalPushCount|failPushCount

2022-02-12 00:25:18,070 INFO PERFORMANCE:|0|0|0|-1|-1|0|0

2022-02-12 00:25:18,070 INFO Task worker status: 
naming_0%32, pending tasks: 0
naming_1%32, pending tasks: 0
naming_2%32, pending tasks: 0
naming_3%32, pending tasks: 0
naming_4%32, pending tasks: 0
naming_5%32, pending tasks: 0
naming_6%32, pending tasks: 0
naming_7%32, pending tasks: 0
naming_8%32, pending tasks: 0
naming_9%32, pending tasks: 0
naming_10%32, pending tasks: 0
naming_11%32, pending tasks: 0
naming_12%32, pending tasks: 0
naming_13%32, pending tasks: 0
naming_14%32, pending tasks: 0
naming_15%32, pending tasks: 0
naming_16%32, pending tasks: 0
naming_17%32, pending tasks: 0
naming_18%32, pending tasks: 0
naming_19%32, pending tasks: 0
naming_20%32, pending tasks: 0
naming_21%32, pending tasks: 0
naming_22%32, pending tasks: 0
naming_23%32, pending tasks: 0
naming_24%32, pending tasks: 0
naming_25%32, pending tasks: 0
naming_26%32, pending tasks: 0
naming_27%32, pending tasks: 0
naming_28%32, pending tasks: 0
naming_29%32, pending tasks: 0
naming_30%32, pending tasks: 0
naming_31%32, pending tasks: 0


2022-02-12 00:26:18,072 INFO PERFORMANCE:|0|0|0|-1|-1|0|0

2022-02-12 00:26:18,072 INFO Task worker status: 
naming_0%32, pending tasks: 0
naming_1%32, pending tasks: 0
naming_2%32, pending tasks: 0
naming_3%32, pending tasks: 0
naming_4%32, pending tasks: 0
naming_5%32, pending tasks: 0
naming_6%32, pending tasks: 0
naming_7%32, pending tasks: 0
naming_8%32, pending tasks: 0
naming_9%32, pending tasks: 0
naming_10%32, pending tasks: 0
naming_11%32, pending tasks: 0
naming_12%32, pending tasks: 0
naming_13%32, pending tasks: 0
naming_14%32, pending tasks: 0
naming_15%32, pending tasks: 0
naming_16%32, pending tasks: 0
naming_17%32, pending tasks: 0
naming_18%32, pending tasks: 0
naming_19%32, pending tasks: 0
naming_20%32, pending tasks: 0
naming_21%32, pending tasks: 0
naming_22%32, pending tasks: 0
naming_23%32, pending tasks: 0
naming_24%32, pending tasks: 0
naming_25%32, pending tasks: 0
naming_26%32, pending tasks: 0
naming_27%32, pending tasks: 0
naming_28%32, pending tasks: 0
naming_29%32, pending tasks: 0
naming_30%32, pending tasks: 0
naming_31%32, pending tasks: 0


2022-02-12 00:27:18,074 INFO PERFORMANCE:|0|0|0|-1|-1|0|0

2022-02-12 00:27:18,074 INFO Task worker status: 
naming_0%32, pending tasks: 0
naming_1%32, pending tasks: 0
naming_2%32, pending tasks: 0
naming_3%32, pending tasks: 0
naming_4%32, pending tasks: 0
naming_5%32, pending tasks: 0
naming_6%32, pending tasks: 0
naming_7%32, pending tasks: 0
naming_8%32, pending tasks: 0
naming_9%32, pending tasks: 0
naming_10%32, pending tasks: 0
naming_11%32, pending tasks: 0
naming_12%32, pending tasks: 0
naming_13%32, pending tasks: 0
naming_14%32, pending tasks: 0
naming_15%32, pending tasks: 0
naming_16%32, pending tasks: 0
naming_17%32, pending tasks: 0
naming_18%32, pending tasks: 0
naming_19%32, pending tasks: 0
naming_20%32, pending tasks: 0
naming_21%32, pending tasks: 0
naming_22%32, pending tasks: 0
naming_23%32, pending tasks: 0
naming_24%32, pending tasks: 0
naming_25%32, pending tasks: 0
naming_26%32, pending tasks: 0
naming_27%32, pending tasks: 0
naming_28%32, pending tasks: 0
naming_29%32, pending tasks: 0
naming_30%32, pending tasks: 0
naming_31%32, pending tasks: 0


2022-02-12 00:28:18,075 INFO PERFORMANCE:|0|0|0|-1|-1|0|0

2022-02-12 00:28:18,075 INFO Task worker status: 
naming_0%32, pending tasks: 0
naming_1%32, pending tasks: 0
naming_2%32, pending tasks: 0
naming_3%32, pending tasks: 0
naming_4%32, pending tasks: 0
naming_5%32, pending tasks: 0
naming_6%32, pending tasks: 0
naming_7%32, pending tasks: 0
naming_8%32, pending tasks: 0
naming_9%32, pending tasks: 0
naming_10%32, pending tasks: 0
naming_11%32, pending tasks: 0
naming_12%32, pending tasks: 0
naming_13%32, pending tasks: 0
naming_14%32, pending tasks: 0
naming_15%32, pending tasks: 0
naming_16%32, pending tasks: 0
naming_17%32, pending tasks: 0
naming_18%32, pending tasks: 0
naming_19%32, pending tasks: 0
naming_20%32, pending tasks: 0
naming_21%32, pending tasks: 0
naming_22%32, pending tasks: 0
naming_23%32, pending tasks: 0
naming_24%32, pending tasks: 0
naming_25%32, pending tasks: 0
naming_26%32, pending tasks: 0
naming_27%32, pending tasks: 0
naming_28%32, pending tasks: 0
naming_29%32, pending tasks: 0
naming_30%32, pending tasks: 0
naming_31%32, pending tasks: 0


2022-02-12 00:29:18,076 INFO PERFORMANCE:|0|0|0|-1|-1|0|0

2022-02-12 00:29:18,076 INFO Task worker status: 
naming_0%32, pending tasks: 0
naming_1%32, pending tasks: 0
naming_2%32, pending tasks: 0
naming_3%32, pending tasks: 0
naming_4%32, pending tasks: 0
naming_5%32, pending tasks: 0
naming_6%32, pending tasks: 0
naming_7%32, pending tasks: 0
naming_8%32, pending tasks: 0
naming_9%32, pending tasks: 0
naming_10%32, pending tasks: 0
naming_11%32, pending tasks: 0
naming_12%32, pending tasks: 0
naming_13%32, pending tasks: 0
naming_14%32, pending tasks: 0
naming_15%32, pending tasks: 0
naming_16%32, pending tasks: 0
naming_17%32, pending tasks: 0
naming_18%32, pending tasks: 0
naming_19%32, pending tasks: 0
naming_20%32, pending tasks: 0
naming_21%32, pending tasks: 0
naming_22%32, pending tasks: 0
naming_23%32, pending tasks: 0
naming_24%32, pending tasks: 0
naming_25%32, pending tasks: 0
naming_26%32, pending tasks: 0
naming_27%32, pending tasks: 0
naming_28%32, pending tasks: 0
naming_29%32, pending tasks: 0
naming_30%32, pending tasks: 0
naming_31%32, pending tasks: 0


2022-02-12 00:30:18,077 INFO PERFORMANCE:|0|0|0|-1|-1|0|0

2022-02-12 00:30:18,077 INFO Task worker status: 
naming_0%32, pending tasks: 0
naming_1%32, pending tasks: 0
naming_2%32, pending tasks: 0
naming_3%32, pending tasks: 0
naming_4%32, pending tasks: 0
naming_5%32, pending tasks: 0
naming_6%32, pending tasks: 0
naming_7%32, pending tasks: 0
naming_8%32, pending tasks: 0
naming_9%32, pending tasks: 0
naming_10%32, pending tasks: 0
naming_11%32, pending tasks: 0
naming_12%32, pending tasks: 0
naming_13%32, pending tasks: 0
naming_14%32, pending tasks: 0
naming_15%32, pending tasks: 0
naming_16%32, pending tasks: 0
naming_17%32, pending tasks: 0
naming_18%32, pending tasks: 0
naming_19%32, pending tasks: 0
naming_20%32, pending tasks: 0
naming_21%32, pending tasks: 0
naming_22%32, pending tasks: 0
naming_23%32, pending tasks: 0
naming_24%32, pending tasks: 0
naming_25%32, pending tasks: 0
naming_26%32, pending tasks: 0
naming_27%32, pending tasks: 0
naming_28%32, pending tasks: 0
naming_29%32, pending tasks: 0
naming_30%32, pending tasks: 0
naming_31%32, pending tasks: 0


2022-02-12 00:31:18,078 INFO PERFORMANCE:|0|0|0|-1|-1|0|0

2022-02-12 00:31:18,078 INFO Task worker status: 
naming_0%32, pending tasks: 0
naming_1%32, pending tasks: 0
naming_2%32, pending tasks: 0
naming_3%32, pending tasks: 0
naming_4%32, pending tasks: 0
naming_5%32, pending tasks: 0
naming_6%32, pending tasks: 0
naming_7%32, pending tasks: 0
naming_8%32, pending tasks: 0
naming_9%32, pending tasks: 0
naming_10%32, pending tasks: 0
naming_11%32, pending tasks: 0
naming_12%32, pending tasks: 0
naming_13%32, pending tasks: 0
naming_14%32, pending tasks: 0
naming_15%32, pending tasks: 0
naming_16%32, pending tasks: 0
naming_17%32, pending tasks: 0
naming_18%32, pending tasks: 0
naming_19%32, pending tasks: 0
naming_20%32, pending tasks: 0
naming_21%32, pending tasks: 0
naming_22%32, pending tasks: 0
naming_23%32, pending tasks: 0
naming_24%32, pending tasks: 0
naming_25%32, pending tasks: 0
naming_26%32, pending tasks: 0
naming_27%32, pending tasks: 0
naming_28%32, pending tasks: 0
naming_29%32, pending tasks: 0
naming_30%32, pending tasks: 0
naming_31%32, pending tasks: 0


2022-02-12 00:32:18,079 INFO PERFORMANCE:|0|0|0|-1|-1|0|0

2022-02-12 00:32:18,079 INFO Task worker status: 
naming_0%32, pending tasks: 0
naming_1%32, pending tasks: 0
naming_2%32, pending tasks: 0
naming_3%32, pending tasks: 0
naming_4%32, pending tasks: 0
naming_5%32, pending tasks: 0
naming_6%32, pending tasks: 0
naming_7%32, pending tasks: 0
naming_8%32, pending tasks: 0
naming_9%32, pending tasks: 0
naming_10%32, pending tasks: 0
naming_11%32, pending tasks: 0
naming_12%32, pending tasks: 0
naming_13%32, pending tasks: 0
naming_14%32, pending tasks: 0
naming_15%32, pending tasks: 0
naming_16%32, pending tasks: 0
naming_17%32, pending tasks: 0
naming_18%32, pending tasks: 0
naming_19%32, pending tasks: 0
naming_20%32, pending tasks: 0
naming_21%32, pending tasks: 0
naming_22%32, pending tasks: 0
naming_23%32, pending tasks: 0
naming_24%32, pending tasks: 0
naming_25%32, pending tasks: 0
naming_26%32, pending tasks: 0
naming_27%32, pending tasks: 0
naming_28%32, pending tasks: 0
naming_29%32, pending tasks: 0
naming_30%32, pending tasks: 0
naming_31%32, pending tasks: 0


2022-02-12 00:33:18,081 INFO PERFORMANCE:|0|0|0|-1|-1|0|0

2022-02-12 00:33:18,081 INFO Task worker status: 
naming_0%32, pending tasks: 0
naming_1%32, pending tasks: 0
naming_2%32, pending tasks: 0
naming_3%32, pending tasks: 0
naming_4%32, pending tasks: 0
naming_5%32, pending tasks: 0
naming_6%32, pending tasks: 0
naming_7%32, pending tasks: 0
naming_8%32, pending tasks: 0
naming_9%32, pending tasks: 0
naming_10%32, pending tasks: 0
naming_11%32, pending tasks: 0
naming_12%32, pending tasks: 0
naming_13%32, pending tasks: 0
naming_14%32, pending tasks: 0
naming_15%32, pending tasks: 0
naming_16%32, pending tasks: 0
naming_17%32, pending tasks: 0
naming_18%32, pending tasks: 0
naming_19%32, pending tasks: 0
naming_20%32, pending tasks: 0
naming_21%32, pending tasks: 0
naming_22%32, pending tasks: 0
naming_23%32, pending tasks: 0
naming_24%32, pending tasks: 0
naming_25%32, pending tasks: 0
naming_26%32, pending tasks: 0
naming_27%32, pending tasks: 0
naming_28%32, pending tasks: 0
naming_29%32, pending tasks: 0
naming_30%32, pending tasks: 0
naming_31%32, pending tasks: 0


2022-02-12 00:34:18,082 INFO PERFORMANCE:|0|0|0|-1|-1|0|0

2022-02-12 00:34:18,082 INFO Task worker status: 
naming_0%32, pending tasks: 0
naming_1%32, pending tasks: 0
naming_2%32, pending tasks: 0
naming_3%32, pending tasks: 0
naming_4%32, pending tasks: 0
naming_5%32, pending tasks: 0
naming_6%32, pending tasks: 0
naming_7%32, pending tasks: 0
naming_8%32, pending tasks: 0
naming_9%32, pending tasks: 0
naming_10%32, pending tasks: 0
naming_11%32, pending tasks: 0
naming_12%32, pending tasks: 0
naming_13%32, pending tasks: 0
naming_14%32, pending tasks: 0
naming_15%32, pending tasks: 0
naming_16%32, pending tasks: 0
naming_17%32, pending tasks: 0
naming_18%32, pending tasks: 0
naming_19%32, pending tasks: 0
naming_20%32, pending tasks: 0
naming_21%32, pending tasks: 0
naming_22%32, pending tasks: 0
naming_23%32, pending tasks: 0
naming_24%32, pending tasks: 0
naming_25%32, pending tasks: 0
naming_26%32, pending tasks: 0
naming_27%32, pending tasks: 0
naming_28%32, pending tasks: 0
naming_29%32, pending tasks: 0
naming_30%32, pending tasks: 0
naming_31%32, pending tasks: 0


2022-02-12 00:35:18,084 INFO PERFORMANCE:|serviceCount|ipCount|subscribeCount|maxPushCost|avgPushCost|totalPushCount|failPushCount

2022-02-12 00:35:18,084 INFO PERFORMANCE:|0|0|0|-1|-1|0|0

2022-02-12 00:35:18,084 INFO Task worker status: 
naming_0%32, pending tasks: 0
naming_1%32, pending tasks: 0
naming_2%32, pending tasks: 0
naming_3%32, pending tasks: 0
naming_4%32, pending tasks: 0
naming_5%32, pending tasks: 0
naming_6%32, pending tasks: 0
naming_7%32, pending tasks: 0
naming_8%32, pending tasks: 0
naming_9%32, pending tasks: 0
naming_10%32, pending tasks: 0
naming_11%32, pending tasks: 0
naming_12%32, pending tasks: 0
naming_13%32, pending tasks: 0
naming_14%32, pending tasks: 0
naming_15%32, pending tasks: 0
naming_16%32, pending tasks: 0
naming_17%32, pending tasks: 0
naming_18%32, pending tasks: 0
naming_19%32, pending tasks: 0
naming_20%32, pending tasks: 0
naming_21%32, pending tasks: 0
naming_22%32, pending tasks: 0
naming_23%32, pending tasks: 0
naming_24%32, pending tasks: 0
naming_25%32, pending tasks: 0
naming_26%32, pending tasks: 0
naming_27%32, pending tasks: 0
naming_28%32, pending tasks: 0
naming_29%32, pending tasks: 0
naming_30%32, pending tasks: 0
naming_31%32, pending tasks: 0


2022-02-12 00:36:18,085 INFO PERFORMANCE:|0|0|0|-1|-1|0|0

2022-02-12 00:36:18,085 INFO Task worker status: 
naming_0%32, pending tasks: 0
naming_1%32, pending tasks: 0
naming_2%32, pending tasks: 0
naming_3%32, pending tasks: 0
naming_4%32, pending tasks: 0
naming_5%32, pending tasks: 0
naming_6%32, pending tasks: 0
naming_7%32, pending tasks: 0
naming_8%32, pending tasks: 0
naming_9%32, pending tasks: 0
naming_10%32, pending tasks: 0
naming_11%32, pending tasks: 0
naming_12%32, pending tasks: 0
naming_13%32, pending tasks: 0
naming_14%32, pending tasks: 0
naming_15%32, pending tasks: 0
naming_16%32, pending tasks: 0
naming_17%32, pending tasks: 0
naming_18%32, pending tasks: 0
naming_19%32, pending tasks: 0
naming_20%32, pending tasks: 0
naming_21%32, pending tasks: 0
naming_22%32, pending tasks: 0
naming_23%32, pending tasks: 0
naming_24%32, pending tasks: 0
naming_25%32, pending tasks: 0
naming_26%32, pending tasks: 0
naming_27%32, pending tasks: 0
naming_28%32, pending tasks: 0
naming_29%32, pending tasks: 0
naming_30%32, pending tasks: 0
naming_31%32, pending tasks: 0


2022-02-12 00:37:18,086 INFO PERFORMANCE:|0|0|0|-1|-1|0|0

2022-02-12 00:37:18,086 INFO Task worker status: 
naming_0%32, pending tasks: 0
naming_1%32, pending tasks: 0
naming_2%32, pending tasks: 0
naming_3%32, pending tasks: 0
naming_4%32, pending tasks: 0
naming_5%32, pending tasks: 0
naming_6%32, pending tasks: 0
naming_7%32, pending tasks: 0
naming_8%32, pending tasks: 0
naming_9%32, pending tasks: 0
naming_10%32, pending tasks: 0
naming_11%32, pending tasks: 0
naming_12%32, pending tasks: 0
naming_13%32, pending tasks: 0
naming_14%32, pending tasks: 0
naming_15%32, pending tasks: 0
naming_16%32, pending tasks: 0
naming_17%32, pending tasks: 0
naming_18%32, pending tasks: 0
naming_19%32, pending tasks: 0
naming_20%32, pending tasks: 0
naming_21%32, pending tasks: 0
naming_22%32, pending tasks: 0
naming_23%32, pending tasks: 0
naming_24%32, pending tasks: 0
naming_25%32, pending tasks: 0
naming_26%32, pending tasks: 0
naming_27%32, pending tasks: 0
naming_28%32, pending tasks: 0
naming_29%32, pending tasks: 0
naming_30%32, pending tasks: 0
naming_31%32, pending tasks: 0


2022-02-12 11:49:02,922 INFO PERFORMANCE:|serviceCount|ipCount|subscribeCount|maxPushCost|avgPushCost|totalPushCount|failPushCount

2022-02-12 11:49:02,922 INFO PERFORMANCE:|0|0|0|-1|-1|0|0

2022-02-12 11:49:02,924 INFO Task worker status: 
naming_0%32, pending tasks: 0
naming_1%32, pending tasks: 0
naming_2%32, pending tasks: 0
naming_3%32, pending tasks: 0
naming_4%32, pending tasks: 0
naming_5%32, pending tasks: 0
naming_6%32, pending tasks: 0
naming_7%32, pending tasks: 0
naming_8%32, pending tasks: 0
naming_9%32, pending tasks: 0
naming_10%32, pending tasks: 0
naming_11%32, pending tasks: 0
naming_12%32, pending tasks: 0
naming_13%32, pending tasks: 0
naming_14%32, pending tasks: 0
naming_15%32, pending tasks: 0
naming_16%32, pending tasks: 0
naming_17%32, pending tasks: 0
naming_18%32, pending tasks: 0
naming_19%32, pending tasks: 0
naming_20%32, pending tasks: 0
naming_21%32, pending tasks: 0
naming_22%32, pending tasks: 0
naming_23%32, pending tasks: 0
naming_24%32, pending tasks: 0
naming_25%32, pending tasks: 0
naming_26%32, pending tasks: 0
naming_27%32, pending tasks: 0
naming_28%32, pending tasks: 0
naming_29%32, pending tasks: 0
naming_30%32, pending tasks: 0
naming_31%32, pending tasks: 0


2022-02-12 11:50:02,934 INFO PERFORMANCE:|2|2|2|690|610|2|0

2022-02-12 11:50:02,934 INFO Task worker status: 
naming_0%32, pending tasks: 0
naming_1%32, pending tasks: 0
naming_2%32, pending tasks: 0
naming_3%32, pending tasks: 0
naming_4%32, pending tasks: 0
naming_5%32, pending tasks: 0
naming_6%32, pending tasks: 0
naming_7%32, pending tasks: 0
naming_8%32, pending tasks: 0
naming_9%32, pending tasks: 0
naming_10%32, pending tasks: 0
naming_11%32, pending tasks: 0
naming_12%32, pending tasks: 0
naming_13%32, pending tasks: 0
naming_14%32, pending tasks: 0
naming_15%32, pending tasks: 0
naming_16%32, pending tasks: 0
naming_17%32, pending tasks: 0
naming_18%32, pending tasks: 0
naming_19%32, pending tasks: 0
naming_20%32, pending tasks: 0
naming_21%32, pending tasks: 0
naming_22%32, pending tasks: 0
naming_23%32, pending tasks: 0
naming_24%32, pending tasks: 0
naming_25%32, pending tasks: 0
naming_26%32, pending tasks: 0
naming_27%32, pending tasks: 0
naming_28%32, pending tasks: 0
naming_29%32, pending tasks: 0
naming_30%32, pending tasks: 0
naming_31%32, pending tasks: 0


2022-02-12 11:51:02,940 INFO PERFORMANCE:|5|5|6|601|554|6|0

2022-02-12 11:51:02,940 INFO Task worker status: 
naming_0%32, pending tasks: 0
naming_1%32, pending tasks: 0
naming_2%32, pending tasks: 0
naming_3%32, pending tasks: 0
naming_4%32, pending tasks: 0
naming_5%32, pending tasks: 0
naming_6%32, pending tasks: 0
naming_7%32, pending tasks: 0
naming_8%32, pending tasks: 0
naming_9%32, pending tasks: 0
naming_10%32, pending tasks: 0
naming_11%32, pending tasks: 0
naming_12%32, pending tasks: 0
naming_13%32, pending tasks: 0
naming_14%32, pending tasks: 0
naming_15%32, pending tasks: 0
naming_16%32, pending tasks: 0
naming_17%32, pending tasks: 0
naming_18%32, pending tasks: 0
naming_19%32, pending tasks: 0
naming_20%32, pending tasks: 0
naming_21%32, pending tasks: 0
naming_22%32, pending tasks: 0
naming_23%32, pending tasks: 0
naming_24%32, pending tasks: 0
naming_25%32, pending tasks: 0
naming_26%32, pending tasks: 0
naming_27%32, pending tasks: 0
naming_28%32, pending tasks: 0
naming_29%32, pending tasks: 0
naming_30%32, pending tasks: 0
naming_31%32, pending tasks: 0


2022-02-12 11:52:02,952 INFO PERFORMANCE:|5|5|6|-1|-1|6|0

2022-02-12 11:52:02,952 INFO Task worker status: 
naming_0%32, pending tasks: 0
naming_1%32, pending tasks: 0
naming_2%32, pending tasks: 0
naming_3%32, pending tasks: 0
naming_4%32, pending tasks: 0
naming_5%32, pending tasks: 0
naming_6%32, pending tasks: 0
naming_7%32, pending tasks: 0
naming_8%32, pending tasks: 0
naming_9%32, pending tasks: 0
naming_10%32, pending tasks: 0
naming_11%32, pending tasks: 0
naming_12%32, pending tasks: 0
naming_13%32, pending tasks: 0
naming_14%32, pending tasks: 0
naming_15%32, pending tasks: 0
naming_16%32, pending tasks: 0
naming_17%32, pending tasks: 0
naming_18%32, pending tasks: 0
naming_19%32, pending tasks: 0
naming_20%32, pending tasks: 0
naming_21%32, pending tasks: 0
naming_22%32, pending tasks: 0
naming_23%32, pending tasks: 0
naming_24%32, pending tasks: 0
naming_25%32, pending tasks: 0
naming_26%32, pending tasks: 0
naming_27%32, pending tasks: 0
naming_28%32, pending tasks: 0
naming_29%32, pending tasks: 0
naming_30%32, pending tasks: 0
naming_31%32, pending tasks: 0


2022-02-12 11:53:02,961 INFO PERFORMANCE:|5|5|6|-1|-1|6|0

2022-02-12 11:53:02,961 INFO Task worker status: 
naming_0%32, pending tasks: 0
naming_1%32, pending tasks: 0
naming_2%32, pending tasks: 0
naming_3%32, pending tasks: 0
naming_4%32, pending tasks: 0
naming_5%32, pending tasks: 0
naming_6%32, pending tasks: 0
naming_7%32, pending tasks: 0
naming_8%32, pending tasks: 0
naming_9%32, pending tasks: 0
naming_10%32, pending tasks: 0
naming_11%32, pending tasks: 0
naming_12%32, pending tasks: 0
naming_13%32, pending tasks: 0
naming_14%32, pending tasks: 0
naming_15%32, pending tasks: 0
naming_16%32, pending tasks: 0
naming_17%32, pending tasks: 0
naming_18%32, pending tasks: 0
naming_19%32, pending tasks: 0
naming_20%32, pending tasks: 0
naming_21%32, pending tasks: 0
naming_22%32, pending tasks: 0
naming_23%32, pending tasks: 0
naming_24%32, pending tasks: 0
naming_25%32, pending tasks: 0
naming_26%32, pending tasks: 0
naming_27%32, pending tasks: 0
naming_28%32, pending tasks: 0
naming_29%32, pending tasks: 0
naming_30%32, pending tasks: 0
naming_31%32, pending tasks: 0


2022-02-12 11:54:02,964 INFO PERFORMANCE:|5|5|6|-1|-1|6|0

2022-02-12 11:54:02,964 INFO Task worker status: 
naming_0%32, pending tasks: 0
naming_1%32, pending tasks: 0
naming_2%32, pending tasks: 0
naming_3%32, pending tasks: 0
naming_4%32, pending tasks: 0
naming_5%32, pending tasks: 0
naming_6%32, pending tasks: 0
naming_7%32, pending tasks: 0
naming_8%32, pending tasks: 0
naming_9%32, pending tasks: 0
naming_10%32, pending tasks: 0
naming_11%32, pending tasks: 0
naming_12%32, pending tasks: 0
naming_13%32, pending tasks: 0
naming_14%32, pending tasks: 0
naming_15%32, pending tasks: 0
naming_16%32, pending tasks: 0
naming_17%32, pending tasks: 0
naming_18%32, pending tasks: 0
naming_19%32, pending tasks: 0
naming_20%32, pending tasks: 0
naming_21%32, pending tasks: 0
naming_22%32, pending tasks: 0
naming_23%32, pending tasks: 0
naming_24%32, pending tasks: 0
naming_25%32, pending tasks: 0
naming_26%32, pending tasks: 0
naming_27%32, pending tasks: 0
naming_28%32, pending tasks: 0
naming_29%32, pending tasks: 0
naming_30%32, pending tasks: 0
naming_31%32, pending tasks: 0


2022-02-12 11:55:02,966 INFO PERFORMANCE:|5|5|6|-1|-1|6|0

2022-02-12 11:55:02,966 INFO Task worker status: 
naming_0%32, pending tasks: 0
naming_1%32, pending tasks: 0
naming_2%32, pending tasks: 0
naming_3%32, pending tasks: 0
naming_4%32, pending tasks: 0
naming_5%32, pending tasks: 0
naming_6%32, pending tasks: 0
naming_7%32, pending tasks: 0
naming_8%32, pending tasks: 0
naming_9%32, pending tasks: 0
naming_10%32, pending tasks: 0
naming_11%32, pending tasks: 0
naming_12%32, pending tasks: 0
naming_13%32, pending tasks: 0
naming_14%32, pending tasks: 0
naming_15%32, pending tasks: 0
naming_16%32, pending tasks: 0
naming_17%32, pending tasks: 0
naming_18%32, pending tasks: 0
naming_19%32, pending tasks: 0
naming_20%32, pending tasks: 0
naming_21%32, pending tasks: 0
naming_22%32, pending tasks: 0
naming_23%32, pending tasks: 0
naming_24%32, pending tasks: 0
naming_25%32, pending tasks: 0
naming_26%32, pending tasks: 0
naming_27%32, pending tasks: 0
naming_28%32, pending tasks: 0
naming_29%32, pending tasks: 0
naming_30%32, pending tasks: 0
naming_31%32, pending tasks: 0


2022-02-12 11:56:02,977 INFO PERFORMANCE:|5|5|6|-1|-1|6|0

2022-02-12 11:56:02,977 INFO Task worker status: 
naming_0%32, pending tasks: 0
naming_1%32, pending tasks: 0
naming_2%32, pending tasks: 0
naming_3%32, pending tasks: 0
naming_4%32, pending tasks: 0
naming_5%32, pending tasks: 0
naming_6%32, pending tasks: 0
naming_7%32, pending tasks: 0
naming_8%32, pending tasks: 0
naming_9%32, pending tasks: 0
naming_10%32, pending tasks: 0
naming_11%32, pending tasks: 0
naming_12%32, pending tasks: 0
naming_13%32, pending tasks: 0
naming_14%32, pending tasks: 0
naming_15%32, pending tasks: 0
naming_16%32, pending tasks: 0
naming_17%32, pending tasks: 0
naming_18%32, pending tasks: 0
naming_19%32, pending tasks: 0
naming_20%32, pending tasks: 0
naming_21%32, pending tasks: 0
naming_22%32, pending tasks: 0
naming_23%32, pending tasks: 0
naming_24%32, pending tasks: 0
naming_25%32, pending tasks: 0
naming_26%32, pending tasks: 0
naming_27%32, pending tasks: 0
naming_28%32, pending tasks: 0
naming_29%32, pending tasks: 0
naming_30%32, pending tasks: 0
naming_31%32, pending tasks: 0


2022-02-12 11:57:02,980 INFO PERFORMANCE:|5|5|6|-1|-1|6|0

2022-02-12 11:57:02,980 INFO Task worker status: 
naming_0%32, pending tasks: 0
naming_1%32, pending tasks: 0
naming_2%32, pending tasks: 0
naming_3%32, pending tasks: 0
naming_4%32, pending tasks: 0
naming_5%32, pending tasks: 0
naming_6%32, pending tasks: 0
naming_7%32, pending tasks: 0
naming_8%32, pending tasks: 0
naming_9%32, pending tasks: 0
naming_10%32, pending tasks: 0
naming_11%32, pending tasks: 0
naming_12%32, pending tasks: 0
naming_13%32, pending tasks: 0
naming_14%32, pending tasks: 0
naming_15%32, pending tasks: 0
naming_16%32, pending tasks: 0
naming_17%32, pending tasks: 0
naming_18%32, pending tasks: 0
naming_19%32, pending tasks: 0
naming_20%32, pending tasks: 0
naming_21%32, pending tasks: 0
naming_22%32, pending tasks: 0
naming_23%32, pending tasks: 0
naming_24%32, pending tasks: 0
naming_25%32, pending tasks: 0
naming_26%32, pending tasks: 0
naming_27%32, pending tasks: 0
naming_28%32, pending tasks: 0
naming_29%32, pending tasks: 0
naming_30%32, pending tasks: 0
naming_31%32, pending tasks: 0


2022-02-12 11:58:02,989 INFO PERFORMANCE:|5|5|6|-1|-1|6|0

2022-02-12 11:58:02,989 INFO Task worker status: 
naming_0%32, pending tasks: 0
naming_1%32, pending tasks: 0
naming_2%32, pending tasks: 0
naming_3%32, pending tasks: 0
naming_4%32, pending tasks: 0
naming_5%32, pending tasks: 0
naming_6%32, pending tasks: 0
naming_7%32, pending tasks: 0
naming_8%32, pending tasks: 0
naming_9%32, pending tasks: 0
naming_10%32, pending tasks: 0
naming_11%32, pending tasks: 0
naming_12%32, pending tasks: 0
naming_13%32, pending tasks: 0
naming_14%32, pending tasks: 0
naming_15%32, pending tasks: 0
naming_16%32, pending tasks: 0
naming_17%32, pending tasks: 0
naming_18%32, pending tasks: 0
naming_19%32, pending tasks: 0
naming_20%32, pending tasks: 0
naming_21%32, pending tasks: 0
naming_22%32, pending tasks: 0
naming_23%32, pending tasks: 0
naming_24%32, pending tasks: 0
naming_25%32, pending tasks: 0
naming_26%32, pending tasks: 0
naming_27%32, pending tasks: 0
naming_28%32, pending tasks: 0
naming_29%32, pending tasks: 0
naming_30%32, pending tasks: 0
naming_31%32, pending tasks: 0


2022-02-12 11:59:02,991 INFO PERFORMANCE:|serviceCount|ipCount|subscribeCount|maxPushCost|avgPushCost|totalPushCount|failPushCount

2022-02-12 11:59:02,991 INFO PERFORMANCE:|5|5|6|-1|-1|6|0

2022-02-12 11:59:02,991 INFO Task worker status: 
naming_0%32, pending tasks: 0
naming_1%32, pending tasks: 0
naming_2%32, pending tasks: 0
naming_3%32, pending tasks: 0
naming_4%32, pending tasks: 0
naming_5%32, pending tasks: 0
naming_6%32, pending tasks: 0
naming_7%32, pending tasks: 0
naming_8%32, pending tasks: 0
naming_9%32, pending tasks: 0
naming_10%32, pending tasks: 0
naming_11%32, pending tasks: 0
naming_12%32, pending tasks: 0
naming_13%32, pending tasks: 0
naming_14%32, pending tasks: 0
naming_15%32, pending tasks: 0
naming_16%32, pending tasks: 0
naming_17%32, pending tasks: 0
naming_18%32, pending tasks: 0
naming_19%32, pending tasks: 0
naming_20%32, pending tasks: 0
naming_21%32, pending tasks: 0
naming_22%32, pending tasks: 0
naming_23%32, pending tasks: 0
naming_24%32, pending tasks: 0
naming_25%32, pending tasks: 0
naming_26%32, pending tasks: 0
naming_27%32, pending tasks: 0
naming_28%32, pending tasks: 0
naming_29%32, pending tasks: 0
naming_30%32, pending tasks: 0
naming_31%32, pending tasks: 0


2022-02-12 12:00:03,001 INFO PERFORMANCE:|5|5|6|-1|-1|6|0

2022-02-12 12:00:03,001 INFO Task worker status: 
naming_0%32, pending tasks: 0
naming_1%32, pending tasks: 0
naming_2%32, pending tasks: 0
naming_3%32, pending tasks: 0
naming_4%32, pending tasks: 0
naming_5%32, pending tasks: 0
naming_6%32, pending tasks: 0
naming_7%32, pending tasks: 0
naming_8%32, pending tasks: 0
naming_9%32, pending tasks: 0
naming_10%32, pending tasks: 0
naming_11%32, pending tasks: 0
naming_12%32, pending tasks: 0
naming_13%32, pending tasks: 0
naming_14%32, pending tasks: 0
naming_15%32, pending tasks: 0
naming_16%32, pending tasks: 0
naming_17%32, pending tasks: 0
naming_18%32, pending tasks: 0
naming_19%32, pending tasks: 0
naming_20%32, pending tasks: 0
naming_21%32, pending tasks: 0
naming_22%32, pending tasks: 0
naming_23%32, pending tasks: 0
naming_24%32, pending tasks: 0
naming_25%32, pending tasks: 0
naming_26%32, pending tasks: 0
naming_27%32, pending tasks: 0
naming_28%32, pending tasks: 0
naming_29%32, pending tasks: 0
naming_30%32, pending tasks: 0
naming_31%32, pending tasks: 0


2022-02-12 12:01:03,006 INFO PERFORMANCE:|5|5|6|-1|-1|6|0

2022-02-12 12:01:03,006 INFO Task worker status: 
naming_0%32, pending tasks: 0
naming_1%32, pending tasks: 0
naming_2%32, pending tasks: 0
naming_3%32, pending tasks: 0
naming_4%32, pending tasks: 0
naming_5%32, pending tasks: 0
naming_6%32, pending tasks: 0
naming_7%32, pending tasks: 0
naming_8%32, pending tasks: 0
naming_9%32, pending tasks: 0
naming_10%32, pending tasks: 0
naming_11%32, pending tasks: 0
naming_12%32, pending tasks: 0
naming_13%32, pending tasks: 0
naming_14%32, pending tasks: 0
naming_15%32, pending tasks: 0
naming_16%32, pending tasks: 0
naming_17%32, pending tasks: 0
naming_18%32, pending tasks: 0
naming_19%32, pending tasks: 0
naming_20%32, pending tasks: 0
naming_21%32, pending tasks: 0
naming_22%32, pending tasks: 0
naming_23%32, pending tasks: 0
naming_24%32, pending tasks: 0
naming_25%32, pending tasks: 0
naming_26%32, pending tasks: 0
naming_27%32, pending tasks: 0
naming_28%32, pending tasks: 0
naming_29%32, pending tasks: 0
naming_30%32, pending tasks: 0
naming_31%32, pending tasks: 0


2022-02-12 12:02:03,011 INFO PERFORMANCE:|5|5|6|-1|-1|6|0

2022-02-12 12:02:03,011 INFO Task worker status: 
naming_0%32, pending tasks: 0
naming_1%32, pending tasks: 0
naming_2%32, pending tasks: 0
naming_3%32, pending tasks: 0
naming_4%32, pending tasks: 0
naming_5%32, pending tasks: 0
naming_6%32, pending tasks: 0
naming_7%32, pending tasks: 0
naming_8%32, pending tasks: 0
naming_9%32, pending tasks: 0
naming_10%32, pending tasks: 0
naming_11%32, pending tasks: 0
naming_12%32, pending tasks: 0
naming_13%32, pending tasks: 0
naming_14%32, pending tasks: 0
naming_15%32, pending tasks: 0
naming_16%32, pending tasks: 0
naming_17%32, pending tasks: 0
naming_18%32, pending tasks: 0
naming_19%32, pending tasks: 0
naming_20%32, pending tasks: 0
naming_21%32, pending tasks: 0
naming_22%32, pending tasks: 0
naming_23%32, pending tasks: 0
naming_24%32, pending tasks: 0
naming_25%32, pending tasks: 0
naming_26%32, pending tasks: 0
naming_27%32, pending tasks: 0
naming_28%32, pending tasks: 0
naming_29%32, pending tasks: 0
naming_30%32, pending tasks: 0
naming_31%32, pending tasks: 0


2022-02-12 12:03:03,022 INFO PERFORMANCE:|5|5|6|-1|-1|6|0

2022-02-12 12:03:03,022 INFO Task worker status: 
naming_0%32, pending tasks: 0
naming_1%32, pending tasks: 0
naming_2%32, pending tasks: 0
naming_3%32, pending tasks: 0
naming_4%32, pending tasks: 0
naming_5%32, pending tasks: 0
naming_6%32, pending tasks: 0
naming_7%32, pending tasks: 0
naming_8%32, pending tasks: 0
naming_9%32, pending tasks: 0
naming_10%32, pending tasks: 0
naming_11%32, pending tasks: 0
naming_12%32, pending tasks: 0
naming_13%32, pending tasks: 0
naming_14%32, pending tasks: 0
naming_15%32, pending tasks: 0
naming_16%32, pending tasks: 0
naming_17%32, pending tasks: 0
naming_18%32, pending tasks: 0
naming_19%32, pending tasks: 0
naming_20%32, pending tasks: 0
naming_21%32, pending tasks: 0
naming_22%32, pending tasks: 0
naming_23%32, pending tasks: 0
naming_24%32, pending tasks: 0
naming_25%32, pending tasks: 0
naming_26%32, pending tasks: 0
naming_27%32, pending tasks: 0
naming_28%32, pending tasks: 0
naming_29%32, pending tasks: 0
naming_30%32, pending tasks: 0
naming_31%32, pending tasks: 0


2022-02-12 12:04:03,035 INFO PERFORMANCE:|5|5|6|-1|-1|6|0

2022-02-12 12:04:03,035 INFO Task worker status: 
naming_0%32, pending tasks: 0
naming_1%32, pending tasks: 0
naming_2%32, pending tasks: 0
naming_3%32, pending tasks: 0
naming_4%32, pending tasks: 0
naming_5%32, pending tasks: 0
naming_6%32, pending tasks: 0
naming_7%32, pending tasks: 0
naming_8%32, pending tasks: 0
naming_9%32, pending tasks: 0
naming_10%32, pending tasks: 0
naming_11%32, pending tasks: 0
naming_12%32, pending tasks: 0
naming_13%32, pending tasks: 0
naming_14%32, pending tasks: 0
naming_15%32, pending tasks: 0
naming_16%32, pending tasks: 0
naming_17%32, pending tasks: 0
naming_18%32, pending tasks: 0
naming_19%32, pending tasks: 0
naming_20%32, pending tasks: 0
naming_21%32, pending tasks: 0
naming_22%32, pending tasks: 0
naming_23%32, pending tasks: 0
naming_24%32, pending tasks: 0
naming_25%32, pending tasks: 0
naming_26%32, pending tasks: 0
naming_27%32, pending tasks: 0
naming_28%32, pending tasks: 0
naming_29%32, pending tasks: 0
naming_30%32, pending tasks: 0
naming_31%32, pending tasks: 0


2022-02-12 12:05:03,045 INFO PERFORMANCE:|5|4|5|-1|-1|6|0

2022-02-12 12:05:03,045 INFO Task worker status: 
naming_0%32, pending tasks: 0
naming_1%32, pending tasks: 0
naming_2%32, pending tasks: 0
naming_3%32, pending tasks: 0
naming_4%32, pending tasks: 0
naming_5%32, pending tasks: 0
naming_6%32, pending tasks: 0
naming_7%32, pending tasks: 0
naming_8%32, pending tasks: 0
naming_9%32, pending tasks: 0
naming_10%32, pending tasks: 0
naming_11%32, pending tasks: 0
naming_12%32, pending tasks: 0
naming_13%32, pending tasks: 0
naming_14%32, pending tasks: 0
naming_15%32, pending tasks: 0
naming_16%32, pending tasks: 0
naming_17%32, pending tasks: 0
naming_18%32, pending tasks: 0
naming_19%32, pending tasks: 0
naming_20%32, pending tasks: 0
naming_21%32, pending tasks: 0
naming_22%32, pending tasks: 0
naming_23%32, pending tasks: 0
naming_24%32, pending tasks: 0
naming_25%32, pending tasks: 0
naming_26%32, pending tasks: 0
naming_27%32, pending tasks: 0
naming_28%32, pending tasks: 0
naming_29%32, pending tasks: 0
naming_30%32, pending tasks: 0
naming_31%32, pending tasks: 0


2022-02-12 12:06:03,050 INFO PERFORMANCE:|5|5|6|617|581|12|0

2022-02-12 12:06:03,050 INFO Task worker status: 
naming_0%32, pending tasks: 0
naming_1%32, pending tasks: 0
naming_2%32, pending tasks: 0
naming_3%32, pending tasks: 0
naming_4%32, pending tasks: 0
naming_5%32, pending tasks: 0
naming_6%32, pending tasks: 0
naming_7%32, pending tasks: 0
naming_8%32, pending tasks: 0
naming_9%32, pending tasks: 0
naming_10%32, pending tasks: 0
naming_11%32, pending tasks: 0
naming_12%32, pending tasks: 0
naming_13%32, pending tasks: 0
naming_14%32, pending tasks: 0
naming_15%32, pending tasks: 0
naming_16%32, pending tasks: 0
naming_17%32, pending tasks: 0
naming_18%32, pending tasks: 0
naming_19%32, pending tasks: 0
naming_20%32, pending tasks: 0
naming_21%32, pending tasks: 0
naming_22%32, pending tasks: 0
naming_23%32, pending tasks: 0
naming_24%32, pending tasks: 0
naming_25%32, pending tasks: 0
naming_26%32, pending tasks: 0
naming_27%32, pending tasks: 0
naming_28%32, pending tasks: 0
naming_29%32, pending tasks: 0
naming_30%32, pending tasks: 0
naming_31%32, pending tasks: 0


2022-02-12 12:07:03,057 INFO PERFORMANCE:|5|5|6|-1|-1|12|0

2022-02-12 12:07:03,057 INFO Task worker status: 
naming_0%32, pending tasks: 0
naming_1%32, pending tasks: 0
naming_2%32, pending tasks: 0
naming_3%32, pending tasks: 0
naming_4%32, pending tasks: 0
naming_5%32, pending tasks: 0
naming_6%32, pending tasks: 0
naming_7%32, pending tasks: 0
naming_8%32, pending tasks: 0
naming_9%32, pending tasks: 0
naming_10%32, pending tasks: 0
naming_11%32, pending tasks: 0
naming_12%32, pending tasks: 0
naming_13%32, pending tasks: 0
naming_14%32, pending tasks: 0
naming_15%32, pending tasks: 0
naming_16%32, pending tasks: 0
naming_17%32, pending tasks: 0
naming_18%32, pending tasks: 0
naming_19%32, pending tasks: 0
naming_20%32, pending tasks: 0
naming_21%32, pending tasks: 0
naming_22%32, pending tasks: 0
naming_23%32, pending tasks: 0
naming_24%32, pending tasks: 0
naming_25%32, pending tasks: 0
naming_26%32, pending tasks: 0
naming_27%32, pending tasks: 0
naming_28%32, pending tasks: 0
naming_29%32, pending tasks: 0
naming_30%32, pending tasks: 0
naming_31%32, pending tasks: 0


2022-02-12 12:08:03,072 INFO PERFORMANCE:|5|5|6|580|580|13|0

2022-02-12 12:08:03,072 INFO Task worker status: 
naming_0%32, pending tasks: 0
naming_1%32, pending tasks: 0
naming_2%32, pending tasks: 0
naming_3%32, pending tasks: 0
naming_4%32, pending tasks: 0
naming_5%32, pending tasks: 0
naming_6%32, pending tasks: 0
naming_7%32, pending tasks: 0
naming_8%32, pending tasks: 0
naming_9%32, pending tasks: 0
naming_10%32, pending tasks: 0
naming_11%32, pending tasks: 0
naming_12%32, pending tasks: 0
naming_13%32, pending tasks: 0
naming_14%32, pending tasks: 0
naming_15%32, pending tasks: 0
naming_16%32, pending tasks: 0
naming_17%32, pending tasks: 0
naming_18%32, pending tasks: 0
naming_19%32, pending tasks: 0
naming_20%32, pending tasks: 0
naming_21%32, pending tasks: 0
naming_22%32, pending tasks: 0
naming_23%32, pending tasks: 0
naming_24%32, pending tasks: 0
naming_25%32, pending tasks: 0
naming_26%32, pending tasks: 0
naming_27%32, pending tasks: 0
naming_28%32, pending tasks: 0
naming_29%32, pending tasks: 0
naming_30%32, pending tasks: 0
naming_31%32, pending tasks: 0


2022-02-12 12:09:03,080 INFO PERFORMANCE:|serviceCount|ipCount|subscribeCount|maxPushCost|avgPushCost|totalPushCount|failPushCount

2022-02-12 12:09:03,080 INFO PERFORMANCE:|5|5|8|607|558|15|0

2022-02-12 12:09:03,080 INFO Task worker status: 
naming_0%32, pending tasks: 0
naming_1%32, pending tasks: 0
naming_2%32, pending tasks: 0
naming_3%32, pending tasks: 0
naming_4%32, pending tasks: 0
naming_5%32, pending tasks: 0
naming_6%32, pending tasks: 0
naming_7%32, pending tasks: 0
naming_8%32, pending tasks: 0
naming_9%32, pending tasks: 0
naming_10%32, pending tasks: 0
naming_11%32, pending tasks: 0
naming_12%32, pending tasks: 0
naming_13%32, pending tasks: 0
naming_14%32, pending tasks: 0
naming_15%32, pending tasks: 0
naming_16%32, pending tasks: 0
naming_17%32, pending tasks: 0
naming_18%32, pending tasks: 0
naming_19%32, pending tasks: 0
naming_20%32, pending tasks: 0
naming_21%32, pending tasks: 0
naming_22%32, pending tasks: 0
naming_23%32, pending tasks: 0
naming_24%32, pending tasks: 0
naming_25%32, pending tasks: 0
naming_26%32, pending tasks: 0
naming_27%32, pending tasks: 0
naming_28%32, pending tasks: 0
naming_29%32, pending tasks: 0
naming_30%32, pending tasks: 0
naming_31%32, pending tasks: 0


2022-02-12 12:10:03,086 INFO PERFORMANCE:|5|5|8|-1|-1|15|0

2022-02-12 12:10:03,086 INFO Task worker status: 
naming_0%32, pending tasks: 0
naming_1%32, pending tasks: 0
naming_2%32, pending tasks: 0
naming_3%32, pending tasks: 0
naming_4%32, pending tasks: 0
naming_5%32, pending tasks: 0
naming_6%32, pending tasks: 0
naming_7%32, pending tasks: 0
naming_8%32, pending tasks: 0
naming_9%32, pending tasks: 0
naming_10%32, pending tasks: 0
naming_11%32, pending tasks: 0
naming_12%32, pending tasks: 0
naming_13%32, pending tasks: 0
naming_14%32, pending tasks: 0
naming_15%32, pending tasks: 0
naming_16%32, pending tasks: 0
naming_17%32, pending tasks: 0
naming_18%32, pending tasks: 0
naming_19%32, pending tasks: 0
naming_20%32, pending tasks: 0
naming_21%32, pending tasks: 0
naming_22%32, pending tasks: 0
naming_23%32, pending tasks: 0
naming_24%32, pending tasks: 0
naming_25%32, pending tasks: 0
naming_26%32, pending tasks: 0
naming_27%32, pending tasks: 0
naming_28%32, pending tasks: 0
naming_29%32, pending tasks: 0
naming_30%32, pending tasks: 0
naming_31%32, pending tasks: 0


2022-02-12 12:11:03,094 INFO PERFORMANCE:|5|5|8|-1|-1|15|0

2022-02-12 12:11:03,094 INFO Task worker status: 
naming_0%32, pending tasks: 0
naming_1%32, pending tasks: 0
naming_2%32, pending tasks: 0
naming_3%32, pending tasks: 0
naming_4%32, pending tasks: 0
naming_5%32, pending tasks: 0
naming_6%32, pending tasks: 0
naming_7%32, pending tasks: 0
naming_8%32, pending tasks: 0
naming_9%32, pending tasks: 0
naming_10%32, pending tasks: 0
naming_11%32, pending tasks: 0
naming_12%32, pending tasks: 0
naming_13%32, pending tasks: 0
naming_14%32, pending tasks: 0
naming_15%32, pending tasks: 0
naming_16%32, pending tasks: 0
naming_17%32, pending tasks: 0
naming_18%32, pending tasks: 0
naming_19%32, pending tasks: 0
naming_20%32, pending tasks: 0
naming_21%32, pending tasks: 0
naming_22%32, pending tasks: 0
naming_23%32, pending tasks: 0
naming_24%32, pending tasks: 0
naming_25%32, pending tasks: 0
naming_26%32, pending tasks: 0
naming_27%32, pending tasks: 0
naming_28%32, pending tasks: 0
naming_29%32, pending tasks: 0
naming_30%32, pending tasks: 0
naming_31%32, pending tasks: 0


2022-02-12 12:12:03,107 INFO PERFORMANCE:|5|5|8|-1|-1|15|0

2022-02-12 12:12:03,107 INFO Task worker status: 
naming_0%32, pending tasks: 0
naming_1%32, pending tasks: 0
naming_2%32, pending tasks: 0
naming_3%32, pending tasks: 0
naming_4%32, pending tasks: 0
naming_5%32, pending tasks: 0
naming_6%32, pending tasks: 0
naming_7%32, pending tasks: 0
naming_8%32, pending tasks: 0
naming_9%32, pending tasks: 0
naming_10%32, pending tasks: 0
naming_11%32, pending tasks: 0
naming_12%32, pending tasks: 0
naming_13%32, pending tasks: 0
naming_14%32, pending tasks: 0
naming_15%32, pending tasks: 0
naming_16%32, pending tasks: 0
naming_17%32, pending tasks: 0
naming_18%32, pending tasks: 0
naming_19%32, pending tasks: 0
naming_20%32, pending tasks: 0
naming_21%32, pending tasks: 0
naming_22%32, pending tasks: 0
naming_23%32, pending tasks: 0
naming_24%32, pending tasks: 0
naming_25%32, pending tasks: 0
naming_26%32, pending tasks: 0
naming_27%32, pending tasks: 0
naming_28%32, pending tasks: 0
naming_29%32, pending tasks: 0
naming_30%32, pending tasks: 0
naming_31%32, pending tasks: 0


2022-02-12 12:13:03,108 INFO PERFORMANCE:|5|5|8|-1|-1|15|0

2022-02-12 12:13:03,108 INFO Task worker status: 
naming_0%32, pending tasks: 0
naming_1%32, pending tasks: 0
naming_2%32, pending tasks: 0
naming_3%32, pending tasks: 0
naming_4%32, pending tasks: 0
naming_5%32, pending tasks: 0
naming_6%32, pending tasks: 0
naming_7%32, pending tasks: 0
naming_8%32, pending tasks: 0
naming_9%32, pending tasks: 0
naming_10%32, pending tasks: 0
naming_11%32, pending tasks: 0
naming_12%32, pending tasks: 0
naming_13%32, pending tasks: 0
naming_14%32, pending tasks: 0
naming_15%32, pending tasks: 0
naming_16%32, pending tasks: 0
naming_17%32, pending tasks: 0
naming_18%32, pending tasks: 0
naming_19%32, pending tasks: 0
naming_20%32, pending tasks: 0
naming_21%32, pending tasks: 0
naming_22%32, pending tasks: 0
naming_23%32, pending tasks: 0
naming_24%32, pending tasks: 0
naming_25%32, pending tasks: 0
naming_26%32, pending tasks: 0
naming_27%32, pending tasks: 0
naming_28%32, pending tasks: 0
naming_29%32, pending tasks: 0
naming_30%32, pending tasks: 0
naming_31%32, pending tasks: 0


2022-02-12 12:14:03,111 INFO PERFORMANCE:|5|5|8|-1|-1|15|0

2022-02-12 12:14:03,111 INFO Task worker status: 
naming_0%32, pending tasks: 0
naming_1%32, pending tasks: 0
naming_2%32, pending tasks: 0
naming_3%32, pending tasks: 0
naming_4%32, pending tasks: 0
naming_5%32, pending tasks: 0
naming_6%32, pending tasks: 0
naming_7%32, pending tasks: 0
naming_8%32, pending tasks: 0
naming_9%32, pending tasks: 0
naming_10%32, pending tasks: 0
naming_11%32, pending tasks: 0
naming_12%32, pending tasks: 0
naming_13%32, pending tasks: 0
naming_14%32, pending tasks: 0
naming_15%32, pending tasks: 0
naming_16%32, pending tasks: 0
naming_17%32, pending tasks: 0
naming_18%32, pending tasks: 0
naming_19%32, pending tasks: 0
naming_20%32, pending tasks: 0
naming_21%32, pending tasks: 0
naming_22%32, pending tasks: 0
naming_23%32, pending tasks: 0
naming_24%32, pending tasks: 0
naming_25%32, pending tasks: 0
naming_26%32, pending tasks: 0
naming_27%32, pending tasks: 0
naming_28%32, pending tasks: 0
naming_29%32, pending tasks: 0
naming_30%32, pending tasks: 0
naming_31%32, pending tasks: 0


2022-02-12 12:15:03,118 INFO PERFORMANCE:|5|5|8|-1|-1|15|0

2022-02-12 12:15:03,118 INFO Task worker status: 
naming_0%32, pending tasks: 0
naming_1%32, pending tasks: 0
naming_2%32, pending tasks: 0
naming_3%32, pending tasks: 0
naming_4%32, pending tasks: 0
naming_5%32, pending tasks: 0
naming_6%32, pending tasks: 0
naming_7%32, pending tasks: 0
naming_8%32, pending tasks: 0
naming_9%32, pending tasks: 0
naming_10%32, pending tasks: 0
naming_11%32, pending tasks: 0
naming_12%32, pending tasks: 0
naming_13%32, pending tasks: 0
naming_14%32, pending tasks: 0
naming_15%32, pending tasks: 0
naming_16%32, pending tasks: 0
naming_17%32, pending tasks: 0
naming_18%32, pending tasks: 0
naming_19%32, pending tasks: 0
naming_20%32, pending tasks: 0
naming_21%32, pending tasks: 0
naming_22%32, pending tasks: 0
naming_23%32, pending tasks: 0
naming_24%32, pending tasks: 0
naming_25%32, pending tasks: 0
naming_26%32, pending tasks: 0
naming_27%32, pending tasks: 0
naming_28%32, pending tasks: 0
naming_29%32, pending tasks: 0
naming_30%32, pending tasks: 0
naming_31%32, pending tasks: 0


2022-02-12 12:16:03,123 INFO PERFORMANCE:|5|5|8|-1|-1|15|0

2022-02-12 12:16:03,123 INFO Task worker status: 
naming_0%32, pending tasks: 0
naming_1%32, pending tasks: 0
naming_2%32, pending tasks: 0
naming_3%32, pending tasks: 0
naming_4%32, pending tasks: 0
naming_5%32, pending tasks: 0
naming_6%32, pending tasks: 0
naming_7%32, pending tasks: 0
naming_8%32, pending tasks: 0
naming_9%32, pending tasks: 0
naming_10%32, pending tasks: 0
naming_11%32, pending tasks: 0
naming_12%32, pending tasks: 0
naming_13%32, pending tasks: 0
naming_14%32, pending tasks: 0
naming_15%32, pending tasks: 0
naming_16%32, pending tasks: 0
naming_17%32, pending tasks: 0
naming_18%32, pending tasks: 0
naming_19%32, pending tasks: 0
naming_20%32, pending tasks: 0
naming_21%32, pending tasks: 0
naming_22%32, pending tasks: 0
naming_23%32, pending tasks: 0
naming_24%32, pending tasks: 0
naming_25%32, pending tasks: 0
naming_26%32, pending tasks: 0
naming_27%32, pending tasks: 0
naming_28%32, pending tasks: 0
naming_29%32, pending tasks: 0
naming_30%32, pending tasks: 0
naming_31%32, pending tasks: 0


2022-02-12 12:17:03,136 INFO PERFORMANCE:|5|5|8|-1|-1|15|0

2022-02-12 12:17:03,136 INFO Task worker status: 
naming_0%32, pending tasks: 0
naming_1%32, pending tasks: 0
naming_2%32, pending tasks: 0
naming_3%32, pending tasks: 0
naming_4%32, pending tasks: 0
naming_5%32, pending tasks: 0
naming_6%32, pending tasks: 0
naming_7%32, pending tasks: 0
naming_8%32, pending tasks: 0
naming_9%32, pending tasks: 0
naming_10%32, pending tasks: 0
naming_11%32, pending tasks: 0
naming_12%32, pending tasks: 0
naming_13%32, pending tasks: 0
naming_14%32, pending tasks: 0
naming_15%32, pending tasks: 0
naming_16%32, pending tasks: 0
naming_17%32, pending tasks: 0
naming_18%32, pending tasks: 0
naming_19%32, pending tasks: 0
naming_20%32, pending tasks: 0
naming_21%32, pending tasks: 0
naming_22%32, pending tasks: 0
naming_23%32, pending tasks: 0
naming_24%32, pending tasks: 0
naming_25%32, pending tasks: 0
naming_26%32, pending tasks: 0
naming_27%32, pending tasks: 0
naming_28%32, pending tasks: 0
naming_29%32, pending tasks: 0
naming_30%32, pending tasks: 0
naming_31%32, pending tasks: 0


2022-02-12 12:18:03,146 INFO PERFORMANCE:|5|5|8|-1|-1|15|0

2022-02-12 12:18:03,146 INFO Task worker status: 
naming_0%32, pending tasks: 0
naming_1%32, pending tasks: 0
naming_2%32, pending tasks: 0
naming_3%32, pending tasks: 0
naming_4%32, pending tasks: 0
naming_5%32, pending tasks: 0
naming_6%32, pending tasks: 0
naming_7%32, pending tasks: 0
naming_8%32, pending tasks: 0
naming_9%32, pending tasks: 0
naming_10%32, pending tasks: 0
naming_11%32, pending tasks: 0
naming_12%32, pending tasks: 0
naming_13%32, pending tasks: 0
naming_14%32, pending tasks: 0
naming_15%32, pending tasks: 0
naming_16%32, pending tasks: 0
naming_17%32, pending tasks: 0
naming_18%32, pending tasks: 0
naming_19%32, pending tasks: 0
naming_20%32, pending tasks: 0
naming_21%32, pending tasks: 0
naming_22%32, pending tasks: 0
naming_23%32, pending tasks: 0
naming_24%32, pending tasks: 0
naming_25%32, pending tasks: 0
naming_26%32, pending tasks: 0
naming_27%32, pending tasks: 0
naming_28%32, pending tasks: 0
naming_29%32, pending tasks: 0
naming_30%32, pending tasks: 0
naming_31%32, pending tasks: 0


2022-02-12 12:19:03,155 INFO PERFORMANCE:|serviceCount|ipCount|subscribeCount|maxPushCost|avgPushCost|totalPushCount|failPushCount

2022-02-12 12:19:03,155 INFO PERFORMANCE:|5|5|8|-1|-1|15|0

2022-02-12 12:19:03,155 INFO Task worker status: 
naming_0%32, pending tasks: 0
naming_1%32, pending tasks: 0
naming_2%32, pending tasks: 0
naming_3%32, pending tasks: 0
naming_4%32, pending tasks: 0
naming_5%32, pending tasks: 0
naming_6%32, pending tasks: 0
naming_7%32, pending tasks: 0
naming_8%32, pending tasks: 0
naming_9%32, pending tasks: 0
naming_10%32, pending tasks: 0
naming_11%32, pending tasks: 0
naming_12%32, pending tasks: 0
naming_13%32, pending tasks: 0
naming_14%32, pending tasks: 0
naming_15%32, pending tasks: 0
naming_16%32, pending tasks: 0
naming_17%32, pending tasks: 0
naming_18%32, pending tasks: 0
naming_19%32, pending tasks: 0
naming_20%32, pending tasks: 0
naming_21%32, pending tasks: 0
naming_22%32, pending tasks: 0
naming_23%32, pending tasks: 0
naming_24%32, pending tasks: 0
naming_25%32, pending tasks: 0
naming_26%32, pending tasks: 0
naming_27%32, pending tasks: 0
naming_28%32, pending tasks: 0
naming_29%32, pending tasks: 0
naming_30%32, pending tasks: 0
naming_31%32, pending tasks: 0


2022-02-12 12:20:03,161 INFO PERFORMANCE:|5|5|8|-1|-1|15|0

2022-02-12 12:20:03,161 INFO Task worker status: 
naming_0%32, pending tasks: 0
naming_1%32, pending tasks: 0
naming_2%32, pending tasks: 0
naming_3%32, pending tasks: 0
naming_4%32, pending tasks: 0
naming_5%32, pending tasks: 0
naming_6%32, pending tasks: 0
naming_7%32, pending tasks: 0
naming_8%32, pending tasks: 0
naming_9%32, pending tasks: 0
naming_10%32, pending tasks: 0
naming_11%32, pending tasks: 0
naming_12%32, pending tasks: 0
naming_13%32, pending tasks: 0
naming_14%32, pending tasks: 0
naming_15%32, pending tasks: 0
naming_16%32, pending tasks: 0
naming_17%32, pending tasks: 0
naming_18%32, pending tasks: 0
naming_19%32, pending tasks: 0
naming_20%32, pending tasks: 0
naming_21%32, pending tasks: 0
naming_22%32, pending tasks: 0
naming_23%32, pending tasks: 0
naming_24%32, pending tasks: 0
naming_25%32, pending tasks: 0
naming_26%32, pending tasks: 0
naming_27%32, pending tasks: 0
naming_28%32, pending tasks: 0
naming_29%32, pending tasks: 0
naming_30%32, pending tasks: 0
naming_31%32, pending tasks: 0


2022-02-12 12:21:03,168 INFO PERFORMANCE:|5|5|8|-1|-1|15|0

2022-02-12 12:21:03,168 INFO Task worker status: 
naming_0%32, pending tasks: 0
naming_1%32, pending tasks: 0
naming_2%32, pending tasks: 0
naming_3%32, pending tasks: 0
naming_4%32, pending tasks: 0
naming_5%32, pending tasks: 0
naming_6%32, pending tasks: 0
naming_7%32, pending tasks: 0
naming_8%32, pending tasks: 0
naming_9%32, pending tasks: 0
naming_10%32, pending tasks: 0
naming_11%32, pending tasks: 0
naming_12%32, pending tasks: 0
naming_13%32, pending tasks: 0
naming_14%32, pending tasks: 0
naming_15%32, pending tasks: 0
naming_16%32, pending tasks: 0
naming_17%32, pending tasks: 0
naming_18%32, pending tasks: 0
naming_19%32, pending tasks: 0
naming_20%32, pending tasks: 0
naming_21%32, pending tasks: 0
naming_22%32, pending tasks: 0
naming_23%32, pending tasks: 0
naming_24%32, pending tasks: 0
naming_25%32, pending tasks: 0
naming_26%32, pending tasks: 0
naming_27%32, pending tasks: 0
naming_28%32, pending tasks: 0
naming_29%32, pending tasks: 0
naming_30%32, pending tasks: 0
naming_31%32, pending tasks: 0


2022-02-12 12:22:03,180 INFO PERFORMANCE:|5|5|8|-1|-1|15|0

2022-02-12 12:22:03,180 INFO Task worker status: 
naming_0%32, pending tasks: 0
naming_1%32, pending tasks: 0
naming_2%32, pending tasks: 0
naming_3%32, pending tasks: 0
naming_4%32, pending tasks: 0
naming_5%32, pending tasks: 0
naming_6%32, pending tasks: 0
naming_7%32, pending tasks: 0
naming_8%32, pending tasks: 0
naming_9%32, pending tasks: 0
naming_10%32, pending tasks: 0
naming_11%32, pending tasks: 0
naming_12%32, pending tasks: 0
naming_13%32, pending tasks: 0
naming_14%32, pending tasks: 0
naming_15%32, pending tasks: 0
naming_16%32, pending tasks: 0
naming_17%32, pending tasks: 0
naming_18%32, pending tasks: 0
naming_19%32, pending tasks: 0
naming_20%32, pending tasks: 0
naming_21%32, pending tasks: 0
naming_22%32, pending tasks: 0
naming_23%32, pending tasks: 0
naming_24%32, pending tasks: 0
naming_25%32, pending tasks: 0
naming_26%32, pending tasks: 0
naming_27%32, pending tasks: 0
naming_28%32, pending tasks: 0
naming_29%32, pending tasks: 0
naming_30%32, pending tasks: 0
naming_31%32, pending tasks: 0


2022-02-12 12:23:03,186 INFO PERFORMANCE:|5|5|8|-1|-1|15|0

2022-02-12 12:23:03,186 INFO Task worker status: 
naming_0%32, pending tasks: 0
naming_1%32, pending tasks: 0
naming_2%32, pending tasks: 0
naming_3%32, pending tasks: 0
naming_4%32, pending tasks: 0
naming_5%32, pending tasks: 0
naming_6%32, pending tasks: 0
naming_7%32, pending tasks: 0
naming_8%32, pending tasks: 0
naming_9%32, pending tasks: 0
naming_10%32, pending tasks: 0
naming_11%32, pending tasks: 0
naming_12%32, pending tasks: 0
naming_13%32, pending tasks: 0
naming_14%32, pending tasks: 0
naming_15%32, pending tasks: 0
naming_16%32, pending tasks: 0
naming_17%32, pending tasks: 0
naming_18%32, pending tasks: 0
naming_19%32, pending tasks: 0
naming_20%32, pending tasks: 0
naming_21%32, pending tasks: 0
naming_22%32, pending tasks: 0
naming_23%32, pending tasks: 0
naming_24%32, pending tasks: 0
naming_25%32, pending tasks: 0
naming_26%32, pending tasks: 0
naming_27%32, pending tasks: 0
naming_28%32, pending tasks: 0
naming_29%32, pending tasks: 0
naming_30%32, pending tasks: 0
naming_31%32, pending tasks: 0


2022-02-12 12:24:03,194 INFO PERFORMANCE:|5|5|8|-1|-1|15|0

2022-02-12 12:24:03,194 INFO Task worker status: 
naming_0%32, pending tasks: 0
naming_1%32, pending tasks: 0
naming_2%32, pending tasks: 0
naming_3%32, pending tasks: 0
naming_4%32, pending tasks: 0
naming_5%32, pending tasks: 0
naming_6%32, pending tasks: 0
naming_7%32, pending tasks: 0
naming_8%32, pending tasks: 0
naming_9%32, pending tasks: 0
naming_10%32, pending tasks: 0
naming_11%32, pending tasks: 0
naming_12%32, pending tasks: 0
naming_13%32, pending tasks: 0
naming_14%32, pending tasks: 0
naming_15%32, pending tasks: 0
naming_16%32, pending tasks: 0
naming_17%32, pending tasks: 0
naming_18%32, pending tasks: 0
naming_19%32, pending tasks: 0
naming_20%32, pending tasks: 0
naming_21%32, pending tasks: 0
naming_22%32, pending tasks: 0
naming_23%32, pending tasks: 0
naming_24%32, pending tasks: 0
naming_25%32, pending tasks: 0
naming_26%32, pending tasks: 0
naming_27%32, pending tasks: 0
naming_28%32, pending tasks: 0
naming_29%32, pending tasks: 0
naming_30%32, pending tasks: 0
naming_31%32, pending tasks: 0


2022-02-12 12:25:03,198 INFO PERFORMANCE:|5|5|8|-1|-1|15|0

2022-02-12 12:25:03,198 INFO Task worker status: 
naming_0%32, pending tasks: 0
naming_1%32, pending tasks: 0
naming_2%32, pending tasks: 0
naming_3%32, pending tasks: 0
naming_4%32, pending tasks: 0
naming_5%32, pending tasks: 0
naming_6%32, pending tasks: 0
naming_7%32, pending tasks: 0
naming_8%32, pending tasks: 0
naming_9%32, pending tasks: 0
naming_10%32, pending tasks: 0
naming_11%32, pending tasks: 0
naming_12%32, pending tasks: 0
naming_13%32, pending tasks: 0
naming_14%32, pending tasks: 0
naming_15%32, pending tasks: 0
naming_16%32, pending tasks: 0
naming_17%32, pending tasks: 0
naming_18%32, pending tasks: 0
naming_19%32, pending tasks: 0
naming_20%32, pending tasks: 0
naming_21%32, pending tasks: 0
naming_22%32, pending tasks: 0
naming_23%32, pending tasks: 0
naming_24%32, pending tasks: 0
naming_25%32, pending tasks: 0
naming_26%32, pending tasks: 0
naming_27%32, pending tasks: 0
naming_28%32, pending tasks: 0
naming_29%32, pending tasks: 0
naming_30%32, pending tasks: 0
naming_31%32, pending tasks: 0


2022-02-12 12:26:03,202 INFO PERFORMANCE:|5|5|8|-1|-1|15|0

2022-02-12 12:26:03,202 INFO Task worker status: 
naming_0%32, pending tasks: 0
naming_1%32, pending tasks: 0
naming_2%32, pending tasks: 0
naming_3%32, pending tasks: 0
naming_4%32, pending tasks: 0
naming_5%32, pending tasks: 0
naming_6%32, pending tasks: 0
naming_7%32, pending tasks: 0
naming_8%32, pending tasks: 0
naming_9%32, pending tasks: 0
naming_10%32, pending tasks: 0
naming_11%32, pending tasks: 0
naming_12%32, pending tasks: 0
naming_13%32, pending tasks: 0
naming_14%32, pending tasks: 0
naming_15%32, pending tasks: 0
naming_16%32, pending tasks: 0
naming_17%32, pending tasks: 0
naming_18%32, pending tasks: 0
naming_19%32, pending tasks: 0
naming_20%32, pending tasks: 0
naming_21%32, pending tasks: 0
naming_22%32, pending tasks: 0
naming_23%32, pending tasks: 0
naming_24%32, pending tasks: 0
naming_25%32, pending tasks: 0
naming_26%32, pending tasks: 0
naming_27%32, pending tasks: 0
naming_28%32, pending tasks: 0
naming_29%32, pending tasks: 0
naming_30%32, pending tasks: 0
naming_31%32, pending tasks: 0


2022-02-12 12:27:03,217 INFO PERFORMANCE:|5|5|8|-1|-1|15|0

2022-02-12 12:27:03,217 INFO Task worker status: 
naming_0%32, pending tasks: 0
naming_1%32, pending tasks: 0
naming_2%32, pending tasks: 0
naming_3%32, pending tasks: 0
naming_4%32, pending tasks: 0
naming_5%32, pending tasks: 0
naming_6%32, pending tasks: 0
naming_7%32, pending tasks: 0
naming_8%32, pending tasks: 0
naming_9%32, pending tasks: 0
naming_10%32, pending tasks: 0
naming_11%32, pending tasks: 0
naming_12%32, pending tasks: 0
naming_13%32, pending tasks: 0
naming_14%32, pending tasks: 0
naming_15%32, pending tasks: 0
naming_16%32, pending tasks: 0
naming_17%32, pending tasks: 0
naming_18%32, pending tasks: 0
naming_19%32, pending tasks: 0
naming_20%32, pending tasks: 0
naming_21%32, pending tasks: 0
naming_22%32, pending tasks: 0
naming_23%32, pending tasks: 0
naming_24%32, pending tasks: 0
naming_25%32, pending tasks: 0
naming_26%32, pending tasks: 0
naming_27%32, pending tasks: 0
naming_28%32, pending tasks: 0
naming_29%32, pending tasks: 0
naming_30%32, pending tasks: 0
naming_31%32, pending tasks: 0


2022-02-12 12:28:03,226 INFO PERFORMANCE:|5|5|8|-1|-1|15|0

2022-02-12 12:28:03,226 INFO Task worker status: 
naming_0%32, pending tasks: 0
naming_1%32, pending tasks: 0
naming_2%32, pending tasks: 0
naming_3%32, pending tasks: 0
naming_4%32, pending tasks: 0
naming_5%32, pending tasks: 0
naming_6%32, pending tasks: 0
naming_7%32, pending tasks: 0
naming_8%32, pending tasks: 0
naming_9%32, pending tasks: 0
naming_10%32, pending tasks: 0
naming_11%32, pending tasks: 0
naming_12%32, pending tasks: 0
naming_13%32, pending tasks: 0
naming_14%32, pending tasks: 0
naming_15%32, pending tasks: 0
naming_16%32, pending tasks: 0
naming_17%32, pending tasks: 0
naming_18%32, pending tasks: 0
naming_19%32, pending tasks: 0
naming_20%32, pending tasks: 0
naming_21%32, pending tasks: 0
naming_22%32, pending tasks: 0
naming_23%32, pending tasks: 0
naming_24%32, pending tasks: 0
naming_25%32, pending tasks: 0
naming_26%32, pending tasks: 0
naming_27%32, pending tasks: 0
naming_28%32, pending tasks: 0
naming_29%32, pending tasks: 0
naming_30%32, pending tasks: 0
naming_31%32, pending tasks: 0


2022-02-12 12:29:03,235 INFO PERFORMANCE:|serviceCount|ipCount|subscribeCount|maxPushCost|avgPushCost|totalPushCount|failPushCount

2022-02-12 12:29:03,235 INFO PERFORMANCE:|5|5|8|-1|-1|15|0

2022-02-12 12:29:03,235 INFO Task worker status: 
naming_0%32, pending tasks: 0
naming_1%32, pending tasks: 0
naming_2%32, pending tasks: 0
naming_3%32, pending tasks: 0
naming_4%32, pending tasks: 0
naming_5%32, pending tasks: 0
naming_6%32, pending tasks: 0
naming_7%32, pending tasks: 0
naming_8%32, pending tasks: 0
naming_9%32, pending tasks: 0
naming_10%32, pending tasks: 0
naming_11%32, pending tasks: 0
naming_12%32, pending tasks: 0
naming_13%32, pending tasks: 0
naming_14%32, pending tasks: 0
naming_15%32, pending tasks: 0
naming_16%32, pending tasks: 0
naming_17%32, pending tasks: 0
naming_18%32, pending tasks: 0
naming_19%32, pending tasks: 0
naming_20%32, pending tasks: 0
naming_21%32, pending tasks: 0
naming_22%32, pending tasks: 0
naming_23%32, pending tasks: 0
naming_24%32, pending tasks: 0
naming_25%32, pending tasks: 0
naming_26%32, pending tasks: 0
naming_27%32, pending tasks: 0
naming_28%32, pending tasks: 0
naming_29%32, pending tasks: 0
naming_30%32, pending tasks: 0
naming_31%32, pending tasks: 0


2022-02-12 12:30:03,238 INFO PERFORMANCE:|5|5|8|-1|-1|15|0

2022-02-12 12:30:03,238 INFO Task worker status: 
naming_0%32, pending tasks: 0
naming_1%32, pending tasks: 0
naming_2%32, pending tasks: 0
naming_3%32, pending tasks: 0
naming_4%32, pending tasks: 0
naming_5%32, pending tasks: 0
naming_6%32, pending tasks: 0
naming_7%32, pending tasks: 0
naming_8%32, pending tasks: 0
naming_9%32, pending tasks: 0
naming_10%32, pending tasks: 0
naming_11%32, pending tasks: 0
naming_12%32, pending tasks: 0
naming_13%32, pending tasks: 0
naming_14%32, pending tasks: 0
naming_15%32, pending tasks: 0
naming_16%32, pending tasks: 0
naming_17%32, pending tasks: 0
naming_18%32, pending tasks: 0
naming_19%32, pending tasks: 0
naming_20%32, pending tasks: 0
naming_21%32, pending tasks: 0
naming_22%32, pending tasks: 0
naming_23%32, pending tasks: 0
naming_24%32, pending tasks: 0
naming_25%32, pending tasks: 0
naming_26%32, pending tasks: 0
naming_27%32, pending tasks: 0
naming_28%32, pending tasks: 0
naming_29%32, pending tasks: 0
naming_30%32, pending tasks: 0
naming_31%32, pending tasks: 0


2022-02-12 12:31:03,247 INFO PERFORMANCE:|5|5|8|-1|-1|15|0

2022-02-12 12:31:03,247 INFO Task worker status: 
naming_0%32, pending tasks: 0
naming_1%32, pending tasks: 0
naming_2%32, pending tasks: 0
naming_3%32, pending tasks: 0
naming_4%32, pending tasks: 0
naming_5%32, pending tasks: 0
naming_6%32, pending tasks: 0
naming_7%32, pending tasks: 0
naming_8%32, pending tasks: 0
naming_9%32, pending tasks: 0
naming_10%32, pending tasks: 0
naming_11%32, pending tasks: 0
naming_12%32, pending tasks: 0
naming_13%32, pending tasks: 0
naming_14%32, pending tasks: 0
naming_15%32, pending tasks: 0
naming_16%32, pending tasks: 0
naming_17%32, pending tasks: 0
naming_18%32, pending tasks: 0
naming_19%32, pending tasks: 0
naming_20%32, pending tasks: 0
naming_21%32, pending tasks: 0
naming_22%32, pending tasks: 0
naming_23%32, pending tasks: 0
naming_24%32, pending tasks: 0
naming_25%32, pending tasks: 0
naming_26%32, pending tasks: 0
naming_27%32, pending tasks: 0
naming_28%32, pending tasks: 0
naming_29%32, pending tasks: 0
naming_30%32, pending tasks: 0
naming_31%32, pending tasks: 0


2022-02-12 12:32:03,255 INFO PERFORMANCE:|5|5|8|-1|-1|15|0

2022-02-12 12:32:03,255 INFO Task worker status: 
naming_0%32, pending tasks: 0
naming_1%32, pending tasks: 0
naming_2%32, pending tasks: 0
naming_3%32, pending tasks: 0
naming_4%32, pending tasks: 0
naming_5%32, pending tasks: 0
naming_6%32, pending tasks: 0
naming_7%32, pending tasks: 0
naming_8%32, pending tasks: 0
naming_9%32, pending tasks: 0
naming_10%32, pending tasks: 0
naming_11%32, pending tasks: 0
naming_12%32, pending tasks: 0
naming_13%32, pending tasks: 0
naming_14%32, pending tasks: 0
naming_15%32, pending tasks: 0
naming_16%32, pending tasks: 0
naming_17%32, pending tasks: 0
naming_18%32, pending tasks: 0
naming_19%32, pending tasks: 0
naming_20%32, pending tasks: 0
naming_21%32, pending tasks: 0
naming_22%32, pending tasks: 0
naming_23%32, pending tasks: 0
naming_24%32, pending tasks: 0
naming_25%32, pending tasks: 0
naming_26%32, pending tasks: 0
naming_27%32, pending tasks: 0
naming_28%32, pending tasks: 0
naming_29%32, pending tasks: 0
naming_30%32, pending tasks: 0
naming_31%32, pending tasks: 0


2022-02-12 12:33:03,260 INFO PERFORMANCE:|5|5|8|-1|-1|15|0

2022-02-12 12:33:03,260 INFO Task worker status: 
naming_0%32, pending tasks: 0
naming_1%32, pending tasks: 0
naming_2%32, pending tasks: 0
naming_3%32, pending tasks: 0
naming_4%32, pending tasks: 0
naming_5%32, pending tasks: 0
naming_6%32, pending tasks: 0
naming_7%32, pending tasks: 0
naming_8%32, pending tasks: 0
naming_9%32, pending tasks: 0
naming_10%32, pending tasks: 0
naming_11%32, pending tasks: 0
naming_12%32, pending tasks: 0
naming_13%32, pending tasks: 0
naming_14%32, pending tasks: 0
naming_15%32, pending tasks: 0
naming_16%32, pending tasks: 0
naming_17%32, pending tasks: 0
naming_18%32, pending tasks: 0
naming_19%32, pending tasks: 0
naming_20%32, pending tasks: 0
naming_21%32, pending tasks: 0
naming_22%32, pending tasks: 0
naming_23%32, pending tasks: 0
naming_24%32, pending tasks: 0
naming_25%32, pending tasks: 0
naming_26%32, pending tasks: 0
naming_27%32, pending tasks: 0
naming_28%32, pending tasks: 0
naming_29%32, pending tasks: 0
naming_30%32, pending tasks: 0
naming_31%32, pending tasks: 0


2022-02-12 12:34:03,269 INFO PERFORMANCE:|5|5|8|-1|-1|15|0

2022-02-12 12:34:03,269 INFO Task worker status: 
naming_0%32, pending tasks: 0
naming_1%32, pending tasks: 0
naming_2%32, pending tasks: 0
naming_3%32, pending tasks: 0
naming_4%32, pending tasks: 0
naming_5%32, pending tasks: 0
naming_6%32, pending tasks: 0
naming_7%32, pending tasks: 0
naming_8%32, pending tasks: 0
naming_9%32, pending tasks: 0
naming_10%32, pending tasks: 0
naming_11%32, pending tasks: 0
naming_12%32, pending tasks: 0
naming_13%32, pending tasks: 0
naming_14%32, pending tasks: 0
naming_15%32, pending tasks: 0
naming_16%32, pending tasks: 0
naming_17%32, pending tasks: 0
naming_18%32, pending tasks: 0
naming_19%32, pending tasks: 0
naming_20%32, pending tasks: 0
naming_21%32, pending tasks: 0
naming_22%32, pending tasks: 0
naming_23%32, pending tasks: 0
naming_24%32, pending tasks: 0
naming_25%32, pending tasks: 0
naming_26%32, pending tasks: 0
naming_27%32, pending tasks: 0
naming_28%32, pending tasks: 0
naming_29%32, pending tasks: 0
naming_30%32, pending tasks: 0
naming_31%32, pending tasks: 0


2022-02-12 12:35:03,280 INFO PERFORMANCE:|5|5|8|-1|-1|15|0

2022-02-12 12:35:03,280 INFO Task worker status: 
naming_0%32, pending tasks: 0
naming_1%32, pending tasks: 0
naming_2%32, pending tasks: 0
naming_3%32, pending tasks: 0
naming_4%32, pending tasks: 0
naming_5%32, pending tasks: 0
naming_6%32, pending tasks: 0
naming_7%32, pending tasks: 0
naming_8%32, pending tasks: 0
naming_9%32, pending tasks: 0
naming_10%32, pending tasks: 0
naming_11%32, pending tasks: 0
naming_12%32, pending tasks: 0
naming_13%32, pending tasks: 0
naming_14%32, pending tasks: 0
naming_15%32, pending tasks: 0
naming_16%32, pending tasks: 0
naming_17%32, pending tasks: 0
naming_18%32, pending tasks: 0
naming_19%32, pending tasks: 0
naming_20%32, pending tasks: 0
naming_21%32, pending tasks: 0
naming_22%32, pending tasks: 0
naming_23%32, pending tasks: 0
naming_24%32, pending tasks: 0
naming_25%32, pending tasks: 0
naming_26%32, pending tasks: 0
naming_27%32, pending tasks: 0
naming_28%32, pending tasks: 0
naming_29%32, pending tasks: 0
naming_30%32, pending tasks: 0
naming_31%32, pending tasks: 0


2022-02-12 12:36:03,288 INFO PERFORMANCE:|5|5|8|616|567|20|0

2022-02-12 12:36:03,288 INFO Task worker status: 
naming_0%32, pending tasks: 0
naming_1%32, pending tasks: 0
naming_2%32, pending tasks: 0
naming_3%32, pending tasks: 0
naming_4%32, pending tasks: 0
naming_5%32, pending tasks: 0
naming_6%32, pending tasks: 0
naming_7%32, pending tasks: 0
naming_8%32, pending tasks: 0
naming_9%32, pending tasks: 0
naming_10%32, pending tasks: 0
naming_11%32, pending tasks: 0
naming_12%32, pending tasks: 0
naming_13%32, pending tasks: 0
naming_14%32, pending tasks: 0
naming_15%32, pending tasks: 0
naming_16%32, pending tasks: 0
naming_17%32, pending tasks: 0
naming_18%32, pending tasks: 0
naming_19%32, pending tasks: 0
naming_20%32, pending tasks: 0
naming_21%32, pending tasks: 0
naming_22%32, pending tasks: 0
naming_23%32, pending tasks: 0
naming_24%32, pending tasks: 0
naming_25%32, pending tasks: 0
naming_26%32, pending tasks: 0
naming_27%32, pending tasks: 0
naming_28%32, pending tasks: 0
naming_29%32, pending tasks: 0
naming_30%32, pending tasks: 0
naming_31%32, pending tasks: 0


2022-02-12 12:37:03,296 INFO PERFORMANCE:|5|5|8|-1|-1|20|0

2022-02-12 12:37:03,296 INFO Task worker status: 
naming_0%32, pending tasks: 0
naming_1%32, pending tasks: 0
naming_2%32, pending tasks: 0
naming_3%32, pending tasks: 0
naming_4%32, pending tasks: 0
naming_5%32, pending tasks: 0
naming_6%32, pending tasks: 0
naming_7%32, pending tasks: 0
naming_8%32, pending tasks: 0
naming_9%32, pending tasks: 0
naming_10%32, pending tasks: 0
naming_11%32, pending tasks: 0
naming_12%32, pending tasks: 0
naming_13%32, pending tasks: 0
naming_14%32, pending tasks: 0
naming_15%32, pending tasks: 0
naming_16%32, pending tasks: 0
naming_17%32, pending tasks: 0
naming_18%32, pending tasks: 0
naming_19%32, pending tasks: 0
naming_20%32, pending tasks: 0
naming_21%32, pending tasks: 0
naming_22%32, pending tasks: 0
naming_23%32, pending tasks: 0
naming_24%32, pending tasks: 0
naming_25%32, pending tasks: 0
naming_26%32, pending tasks: 0
naming_27%32, pending tasks: 0
naming_28%32, pending tasks: 0
naming_29%32, pending tasks: 0
naming_30%32, pending tasks: 0
naming_31%32, pending tasks: 0


2022-02-12 12:38:03,297 INFO PERFORMANCE:|5|5|8|-1|-1|20|0

2022-02-12 12:38:03,297 INFO Task worker status: 
naming_0%32, pending tasks: 0
naming_1%32, pending tasks: 0
naming_2%32, pending tasks: 0
naming_3%32, pending tasks: 0
naming_4%32, pending tasks: 0
naming_5%32, pending tasks: 0
naming_6%32, pending tasks: 0
naming_7%32, pending tasks: 0
naming_8%32, pending tasks: 0
naming_9%32, pending tasks: 0
naming_10%32, pending tasks: 0
naming_11%32, pending tasks: 0
naming_12%32, pending tasks: 0
naming_13%32, pending tasks: 0
naming_14%32, pending tasks: 0
naming_15%32, pending tasks: 0
naming_16%32, pending tasks: 0
naming_17%32, pending tasks: 0
naming_18%32, pending tasks: 0
naming_19%32, pending tasks: 0
naming_20%32, pending tasks: 0
naming_21%32, pending tasks: 0
naming_22%32, pending tasks: 0
naming_23%32, pending tasks: 0
naming_24%32, pending tasks: 0
naming_25%32, pending tasks: 0
naming_26%32, pending tasks: 0
naming_27%32, pending tasks: 0
naming_28%32, pending tasks: 0
naming_29%32, pending tasks: 0
naming_30%32, pending tasks: 0
naming_31%32, pending tasks: 0


2022-02-12 12:39:03,300 INFO PERFORMANCE:|serviceCount|ipCount|subscribeCount|maxPushCost|avgPushCost|totalPushCount|failPushCount

2022-02-12 12:39:03,300 INFO PERFORMANCE:|5|5|8|-1|-1|20|0

2022-02-12 12:39:03,300 INFO Task worker status: 
naming_0%32, pending tasks: 0
naming_1%32, pending tasks: 0
naming_2%32, pending tasks: 0
naming_3%32, pending tasks: 0
naming_4%32, pending tasks: 0
naming_5%32, pending tasks: 0
naming_6%32, pending tasks: 0
naming_7%32, pending tasks: 0
naming_8%32, pending tasks: 0
naming_9%32, pending tasks: 0
naming_10%32, pending tasks: 0
naming_11%32, pending tasks: 0
naming_12%32, pending tasks: 0
naming_13%32, pending tasks: 0
naming_14%32, pending tasks: 0
naming_15%32, pending tasks: 0
naming_16%32, pending tasks: 0
naming_17%32, pending tasks: 0
naming_18%32, pending tasks: 0
naming_19%32, pending tasks: 0
naming_20%32, pending tasks: 0
naming_21%32, pending tasks: 0
naming_22%32, pending tasks: 0
naming_23%32, pending tasks: 0
naming_24%32, pending tasks: 0
naming_25%32, pending tasks: 0
naming_26%32, pending tasks: 0
naming_27%32, pending tasks: 0
naming_28%32, pending tasks: 0
naming_29%32, pending tasks: 0
naming_30%32, pending tasks: 0
naming_31%32, pending tasks: 0


2022-02-12 12:40:03,308 INFO PERFORMANCE:|5|5|8|-1|-1|20|0

2022-02-12 12:40:03,308 INFO Task worker status: 
naming_0%32, pending tasks: 0
naming_1%32, pending tasks: 0
naming_2%32, pending tasks: 0
naming_3%32, pending tasks: 0
naming_4%32, pending tasks: 0
naming_5%32, pending tasks: 0
naming_6%32, pending tasks: 0
naming_7%32, pending tasks: 0
naming_8%32, pending tasks: 0
naming_9%32, pending tasks: 0
naming_10%32, pending tasks: 0
naming_11%32, pending tasks: 0
naming_12%32, pending tasks: 0
naming_13%32, pending tasks: 0
naming_14%32, pending tasks: 0
naming_15%32, pending tasks: 0
naming_16%32, pending tasks: 0
naming_17%32, pending tasks: 0
naming_18%32, pending tasks: 0
naming_19%32, pending tasks: 0
naming_20%32, pending tasks: 0
naming_21%32, pending tasks: 0
naming_22%32, pending tasks: 0
naming_23%32, pending tasks: 0
naming_24%32, pending tasks: 0
naming_25%32, pending tasks: 0
naming_26%32, pending tasks: 0
naming_27%32, pending tasks: 0
naming_28%32, pending tasks: 0
naming_29%32, pending tasks: 0
naming_30%32, pending tasks: 0
naming_31%32, pending tasks: 0


2022-02-12 12:41:03,312 INFO PERFORMANCE:|5|5|8|-1|-1|20|0

2022-02-12 12:41:03,312 INFO Task worker status: 
naming_0%32, pending tasks: 0
naming_1%32, pending tasks: 0
naming_2%32, pending tasks: 0
naming_3%32, pending tasks: 0
naming_4%32, pending tasks: 0
naming_5%32, pending tasks: 0
naming_6%32, pending tasks: 0
naming_7%32, pending tasks: 0
naming_8%32, pending tasks: 0
naming_9%32, pending tasks: 0
naming_10%32, pending tasks: 0
naming_11%32, pending tasks: 0
naming_12%32, pending tasks: 0
naming_13%32, pending tasks: 0
naming_14%32, pending tasks: 0
naming_15%32, pending tasks: 0
naming_16%32, pending tasks: 0
naming_17%32, pending tasks: 0
naming_18%32, pending tasks: 0
naming_19%32, pending tasks: 0
naming_20%32, pending tasks: 0
naming_21%32, pending tasks: 0
naming_22%32, pending tasks: 0
naming_23%32, pending tasks: 0
naming_24%32, pending tasks: 0
naming_25%32, pending tasks: 0
naming_26%32, pending tasks: 0
naming_27%32, pending tasks: 0
naming_28%32, pending tasks: 0
naming_29%32, pending tasks: 0
naming_30%32, pending tasks: 0
naming_31%32, pending tasks: 0


2022-02-12 12:42:03,319 INFO PERFORMANCE:|5|5|8|-1|-1|20|0

2022-02-12 12:42:03,319 INFO Task worker status: 
naming_0%32, pending tasks: 0
naming_1%32, pending tasks: 0
naming_2%32, pending tasks: 0
naming_3%32, pending tasks: 0
naming_4%32, pending tasks: 0
naming_5%32, pending tasks: 0
naming_6%32, pending tasks: 0
naming_7%32, pending tasks: 0
naming_8%32, pending tasks: 0
naming_9%32, pending tasks: 0
naming_10%32, pending tasks: 0
naming_11%32, pending tasks: 0
naming_12%32, pending tasks: 0
naming_13%32, pending tasks: 0
naming_14%32, pending tasks: 0
naming_15%32, pending tasks: 0
naming_16%32, pending tasks: 0
naming_17%32, pending tasks: 0
naming_18%32, pending tasks: 0
naming_19%32, pending tasks: 0
naming_20%32, pending tasks: 0
naming_21%32, pending tasks: 0
naming_22%32, pending tasks: 0
naming_23%32, pending tasks: 0
naming_24%32, pending tasks: 0
naming_25%32, pending tasks: 0
naming_26%32, pending tasks: 0
naming_27%32, pending tasks: 0
naming_28%32, pending tasks: 0
naming_29%32, pending tasks: 0
naming_30%32, pending tasks: 0
naming_31%32, pending tasks: 0


2022-02-12 12:43:03,333 INFO PERFORMANCE:|5|5|8|-1|-1|20|0

2022-02-12 12:43:03,333 INFO Task worker status: 
naming_0%32, pending tasks: 0
naming_1%32, pending tasks: 0
naming_2%32, pending tasks: 0
naming_3%32, pending tasks: 0
naming_4%32, pending tasks: 0
naming_5%32, pending tasks: 0
naming_6%32, pending tasks: 0
naming_7%32, pending tasks: 0
naming_8%32, pending tasks: 0
naming_9%32, pending tasks: 0
naming_10%32, pending tasks: 0
naming_11%32, pending tasks: 0
naming_12%32, pending tasks: 0
naming_13%32, pending tasks: 0
naming_14%32, pending tasks: 0
naming_15%32, pending tasks: 0
naming_16%32, pending tasks: 0
naming_17%32, pending tasks: 0
naming_18%32, pending tasks: 0
naming_19%32, pending tasks: 0
naming_20%32, pending tasks: 0
naming_21%32, pending tasks: 0
naming_22%32, pending tasks: 0
naming_23%32, pending tasks: 0
naming_24%32, pending tasks: 0
naming_25%32, pending tasks: 0
naming_26%32, pending tasks: 0
naming_27%32, pending tasks: 0
naming_28%32, pending tasks: 0
naming_29%32, pending tasks: 0
naming_30%32, pending tasks: 0
naming_31%32, pending tasks: 0


2022-02-12 12:44:03,341 INFO PERFORMANCE:|5|5|8|-1|-1|20|0

2022-02-12 12:44:03,341 INFO Task worker status: 
naming_0%32, pending tasks: 0
naming_1%32, pending tasks: 0
naming_2%32, pending tasks: 0
naming_3%32, pending tasks: 0
naming_4%32, pending tasks: 0
naming_5%32, pending tasks: 0
naming_6%32, pending tasks: 0
naming_7%32, pending tasks: 0
naming_8%32, pending tasks: 0
naming_9%32, pending tasks: 0
naming_10%32, pending tasks: 0
naming_11%32, pending tasks: 0
naming_12%32, pending tasks: 0
naming_13%32, pending tasks: 0
naming_14%32, pending tasks: 0
naming_15%32, pending tasks: 0
naming_16%32, pending tasks: 0
naming_17%32, pending tasks: 0
naming_18%32, pending tasks: 0
naming_19%32, pending tasks: 0
naming_20%32, pending tasks: 0
naming_21%32, pending tasks: 0
naming_22%32, pending tasks: 0
naming_23%32, pending tasks: 0
naming_24%32, pending tasks: 0
naming_25%32, pending tasks: 0
naming_26%32, pending tasks: 0
naming_27%32, pending tasks: 0
naming_28%32, pending tasks: 0
naming_29%32, pending tasks: 0
naming_30%32, pending tasks: 0
naming_31%32, pending tasks: 0


2022-02-12 12:45:03,349 INFO PERFORMANCE:|5|5|8|-1|-1|20|0

2022-02-12 12:45:03,349 INFO Task worker status: 
naming_0%32, pending tasks: 0
naming_1%32, pending tasks: 0
naming_2%32, pending tasks: 0
naming_3%32, pending tasks: 0
naming_4%32, pending tasks: 0
naming_5%32, pending tasks: 0
naming_6%32, pending tasks: 0
naming_7%32, pending tasks: 0
naming_8%32, pending tasks: 0
naming_9%32, pending tasks: 0
naming_10%32, pending tasks: 0
naming_11%32, pending tasks: 0
naming_12%32, pending tasks: 0
naming_13%32, pending tasks: 0
naming_14%32, pending tasks: 0
naming_15%32, pending tasks: 0
naming_16%32, pending tasks: 0
naming_17%32, pending tasks: 0
naming_18%32, pending tasks: 0
naming_19%32, pending tasks: 0
naming_20%32, pending tasks: 0
naming_21%32, pending tasks: 0
naming_22%32, pending tasks: 0
naming_23%32, pending tasks: 0
naming_24%32, pending tasks: 0
naming_25%32, pending tasks: 0
naming_26%32, pending tasks: 0
naming_27%32, pending tasks: 0
naming_28%32, pending tasks: 0
naming_29%32, pending tasks: 0
naming_30%32, pending tasks: 0
naming_31%32, pending tasks: 0


2022-02-12 12:46:03,357 INFO PERFORMANCE:|5|5|8|-1|-1|20|0

2022-02-12 12:46:03,357 INFO Task worker status: 
naming_0%32, pending tasks: 0
naming_1%32, pending tasks: 0
naming_2%32, pending tasks: 0
naming_3%32, pending tasks: 0
naming_4%32, pending tasks: 0
naming_5%32, pending tasks: 0
naming_6%32, pending tasks: 0
naming_7%32, pending tasks: 0
naming_8%32, pending tasks: 0
naming_9%32, pending tasks: 0
naming_10%32, pending tasks: 0
naming_11%32, pending tasks: 0
naming_12%32, pending tasks: 0
naming_13%32, pending tasks: 0
naming_14%32, pending tasks: 0
naming_15%32, pending tasks: 0
naming_16%32, pending tasks: 0
naming_17%32, pending tasks: 0
naming_18%32, pending tasks: 0
naming_19%32, pending tasks: 0
naming_20%32, pending tasks: 0
naming_21%32, pending tasks: 0
naming_22%32, pending tasks: 0
naming_23%32, pending tasks: 0
naming_24%32, pending tasks: 0
naming_25%32, pending tasks: 0
naming_26%32, pending tasks: 0
naming_27%32, pending tasks: 0
naming_28%32, pending tasks: 0
naming_29%32, pending tasks: 0
naming_30%32, pending tasks: 0
naming_31%32, pending tasks: 0


2022-02-12 12:47:03,369 INFO PERFORMANCE:|5|5|8|-1|-1|20|0

2022-02-12 12:47:03,369 INFO Task worker status: 
naming_0%32, pending tasks: 0
naming_1%32, pending tasks: 0
naming_2%32, pending tasks: 0
naming_3%32, pending tasks: 0
naming_4%32, pending tasks: 0
naming_5%32, pending tasks: 0
naming_6%32, pending tasks: 0
naming_7%32, pending tasks: 0
naming_8%32, pending tasks: 0
naming_9%32, pending tasks: 0
naming_10%32, pending tasks: 0
naming_11%32, pending tasks: 0
naming_12%32, pending tasks: 0
naming_13%32, pending tasks: 0
naming_14%32, pending tasks: 0
naming_15%32, pending tasks: 0
naming_16%32, pending tasks: 0
naming_17%32, pending tasks: 0
naming_18%32, pending tasks: 0
naming_19%32, pending tasks: 0
naming_20%32, pending tasks: 0
naming_21%32, pending tasks: 0
naming_22%32, pending tasks: 0
naming_23%32, pending tasks: 0
naming_24%32, pending tasks: 0
naming_25%32, pending tasks: 0
naming_26%32, pending tasks: 0
naming_27%32, pending tasks: 0
naming_28%32, pending tasks: 0
naming_29%32, pending tasks: 0
naming_30%32, pending tasks: 0
naming_31%32, pending tasks: 0


2022-02-12 12:48:03,374 INFO PERFORMANCE:|5|5|8|-1|-1|20|0

2022-02-12 12:48:03,374 INFO Task worker status: 
naming_0%32, pending tasks: 0
naming_1%32, pending tasks: 0
naming_2%32, pending tasks: 0
naming_3%32, pending tasks: 0
naming_4%32, pending tasks: 0
naming_5%32, pending tasks: 0
naming_6%32, pending tasks: 0
naming_7%32, pending tasks: 0
naming_8%32, pending tasks: 0
naming_9%32, pending tasks: 0
naming_10%32, pending tasks: 0
naming_11%32, pending tasks: 0
naming_12%32, pending tasks: 0
naming_13%32, pending tasks: 0
naming_14%32, pending tasks: 0
naming_15%32, pending tasks: 0
naming_16%32, pending tasks: 0
naming_17%32, pending tasks: 0
naming_18%32, pending tasks: 0
naming_19%32, pending tasks: 0
naming_20%32, pending tasks: 0
naming_21%32, pending tasks: 0
naming_22%32, pending tasks: 0
naming_23%32, pending tasks: 0
naming_24%32, pending tasks: 0
naming_25%32, pending tasks: 0
naming_26%32, pending tasks: 0
naming_27%32, pending tasks: 0
naming_28%32, pending tasks: 0
naming_29%32, pending tasks: 0
naming_30%32, pending tasks: 0
naming_31%32, pending tasks: 0


2022-02-12 12:49:03,384 INFO PERFORMANCE:|serviceCount|ipCount|subscribeCount|maxPushCost|avgPushCost|totalPushCount|failPushCount

2022-02-12 12:49:03,384 INFO PERFORMANCE:|5|5|8|-1|-1|20|0

2022-02-12 12:49:03,384 INFO Task worker status: 
naming_0%32, pending tasks: 0
naming_1%32, pending tasks: 0
naming_2%32, pending tasks: 0
naming_3%32, pending tasks: 0
naming_4%32, pending tasks: 0
naming_5%32, pending tasks: 0
naming_6%32, pending tasks: 0
naming_7%32, pending tasks: 0
naming_8%32, pending tasks: 0
naming_9%32, pending tasks: 0
naming_10%32, pending tasks: 0
naming_11%32, pending tasks: 0
naming_12%32, pending tasks: 0
naming_13%32, pending tasks: 0
naming_14%32, pending tasks: 0
naming_15%32, pending tasks: 0
naming_16%32, pending tasks: 0
naming_17%32, pending tasks: 0
naming_18%32, pending tasks: 0
naming_19%32, pending tasks: 0
naming_20%32, pending tasks: 0
naming_21%32, pending tasks: 0
naming_22%32, pending tasks: 0
naming_23%32, pending tasks: 0
naming_24%32, pending tasks: 0
naming_25%32, pending tasks: 0
naming_26%32, pending tasks: 0
naming_27%32, pending tasks: 0
naming_28%32, pending tasks: 0
naming_29%32, pending tasks: 0
naming_30%32, pending tasks: 0
naming_31%32, pending tasks: 0


2022-02-12 12:50:03,394 INFO PERFORMANCE:|5|5|8|-1|-1|20|0

2022-02-12 12:50:03,394 INFO Task worker status: 
naming_0%32, pending tasks: 0
naming_1%32, pending tasks: 0
naming_2%32, pending tasks: 0
naming_3%32, pending tasks: 0
naming_4%32, pending tasks: 0
naming_5%32, pending tasks: 0
naming_6%32, pending tasks: 0
naming_7%32, pending tasks: 0
naming_8%32, pending tasks: 0
naming_9%32, pending tasks: 0
naming_10%32, pending tasks: 0
naming_11%32, pending tasks: 0
naming_12%32, pending tasks: 0
naming_13%32, pending tasks: 0
naming_14%32, pending tasks: 0
naming_15%32, pending tasks: 0
naming_16%32, pending tasks: 0
naming_17%32, pending tasks: 0
naming_18%32, pending tasks: 0
naming_19%32, pending tasks: 0
naming_20%32, pending tasks: 0
naming_21%32, pending tasks: 0
naming_22%32, pending tasks: 0
naming_23%32, pending tasks: 0
naming_24%32, pending tasks: 0
naming_25%32, pending tasks: 0
naming_26%32, pending tasks: 0
naming_27%32, pending tasks: 0
naming_28%32, pending tasks: 0
naming_29%32, pending tasks: 0
naming_30%32, pending tasks: 0
naming_31%32, pending tasks: 0


2022-02-12 12:51:03,407 INFO PERFORMANCE:|5|5|8|-1|-1|20|0

2022-02-12 12:51:03,407 INFO Task worker status: 
naming_0%32, pending tasks: 0
naming_1%32, pending tasks: 0
naming_2%32, pending tasks: 0
naming_3%32, pending tasks: 0
naming_4%32, pending tasks: 0
naming_5%32, pending tasks: 0
naming_6%32, pending tasks: 0
naming_7%32, pending tasks: 0
naming_8%32, pending tasks: 0
naming_9%32, pending tasks: 0
naming_10%32, pending tasks: 0
naming_11%32, pending tasks: 0
naming_12%32, pending tasks: 0
naming_13%32, pending tasks: 0
naming_14%32, pending tasks: 0
naming_15%32, pending tasks: 0
naming_16%32, pending tasks: 0
naming_17%32, pending tasks: 0
naming_18%32, pending tasks: 0
naming_19%32, pending tasks: 0
naming_20%32, pending tasks: 0
naming_21%32, pending tasks: 0
naming_22%32, pending tasks: 0
naming_23%32, pending tasks: 0
naming_24%32, pending tasks: 0
naming_25%32, pending tasks: 0
naming_26%32, pending tasks: 0
naming_27%32, pending tasks: 0
naming_28%32, pending tasks: 0
naming_29%32, pending tasks: 0
naming_30%32, pending tasks: 0
naming_31%32, pending tasks: 0


2022-02-12 12:52:03,416 INFO PERFORMANCE:|5|5|8|-1|-1|20|0

2022-02-12 12:52:03,416 INFO Task worker status: 
naming_0%32, pending tasks: 0
naming_1%32, pending tasks: 0
naming_2%32, pending tasks: 0
naming_3%32, pending tasks: 0
naming_4%32, pending tasks: 0
naming_5%32, pending tasks: 0
naming_6%32, pending tasks: 0
naming_7%32, pending tasks: 0
naming_8%32, pending tasks: 0
naming_9%32, pending tasks: 0
naming_10%32, pending tasks: 0
naming_11%32, pending tasks: 0
naming_12%32, pending tasks: 0
naming_13%32, pending tasks: 0
naming_14%32, pending tasks: 0
naming_15%32, pending tasks: 0
naming_16%32, pending tasks: 0
naming_17%32, pending tasks: 0
naming_18%32, pending tasks: 0
naming_19%32, pending tasks: 0
naming_20%32, pending tasks: 0
naming_21%32, pending tasks: 0
naming_22%32, pending tasks: 0
naming_23%32, pending tasks: 0
naming_24%32, pending tasks: 0
naming_25%32, pending tasks: 0
naming_26%32, pending tasks: 0
naming_27%32, pending tasks: 0
naming_28%32, pending tasks: 0
naming_29%32, pending tasks: 0
naming_30%32, pending tasks: 0
naming_31%32, pending tasks: 0


2022-02-12 12:53:03,425 INFO PERFORMANCE:|5|5|8|-1|-1|20|0

2022-02-12 12:53:03,425 INFO Task worker status: 
naming_0%32, pending tasks: 0
naming_1%32, pending tasks: 0
naming_2%32, pending tasks: 0
naming_3%32, pending tasks: 0
naming_4%32, pending tasks: 0
naming_5%32, pending tasks: 0
naming_6%32, pending tasks: 0
naming_7%32, pending tasks: 0
naming_8%32, pending tasks: 0
naming_9%32, pending tasks: 0
naming_10%32, pending tasks: 0
naming_11%32, pending tasks: 0
naming_12%32, pending tasks: 0
naming_13%32, pending tasks: 0
naming_14%32, pending tasks: 0
naming_15%32, pending tasks: 0
naming_16%32, pending tasks: 0
naming_17%32, pending tasks: 0
naming_18%32, pending tasks: 0
naming_19%32, pending tasks: 0
naming_20%32, pending tasks: 0
naming_21%32, pending tasks: 0
naming_22%32, pending tasks: 0
naming_23%32, pending tasks: 0
naming_24%32, pending tasks: 0
naming_25%32, pending tasks: 0
naming_26%32, pending tasks: 0
naming_27%32, pending tasks: 0
naming_28%32, pending tasks: 0
naming_29%32, pending tasks: 0
naming_30%32, pending tasks: 0
naming_31%32, pending tasks: 0


2022-02-12 12:54:03,440 INFO PERFORMANCE:|5|5|8|-1|-1|20|0

2022-02-12 12:54:03,440 INFO Task worker status: 
naming_0%32, pending tasks: 0
naming_1%32, pending tasks: 0
naming_2%32, pending tasks: 0
naming_3%32, pending tasks: 0
naming_4%32, pending tasks: 0
naming_5%32, pending tasks: 0
naming_6%32, pending tasks: 0
naming_7%32, pending tasks: 0
naming_8%32, pending tasks: 0
naming_9%32, pending tasks: 0
naming_10%32, pending tasks: 0
naming_11%32, pending tasks: 0
naming_12%32, pending tasks: 0
naming_13%32, pending tasks: 0
naming_14%32, pending tasks: 0
naming_15%32, pending tasks: 0
naming_16%32, pending tasks: 0
naming_17%32, pending tasks: 0
naming_18%32, pending tasks: 0
naming_19%32, pending tasks: 0
naming_20%32, pending tasks: 0
naming_21%32, pending tasks: 0
naming_22%32, pending tasks: 0
naming_23%32, pending tasks: 0
naming_24%32, pending tasks: 0
naming_25%32, pending tasks: 0
naming_26%32, pending tasks: 0
naming_27%32, pending tasks: 0
naming_28%32, pending tasks: 0
naming_29%32, pending tasks: 0
naming_30%32, pending tasks: 0
naming_31%32, pending tasks: 0


2022-02-12 12:55:03,440 INFO PERFORMANCE:|5|5|8|-1|-1|20|0

2022-02-12 12:55:03,440 INFO Task worker status: 
naming_0%32, pending tasks: 0
naming_1%32, pending tasks: 0
naming_2%32, pending tasks: 0
naming_3%32, pending tasks: 0
naming_4%32, pending tasks: 0
naming_5%32, pending tasks: 0
naming_6%32, pending tasks: 0
naming_7%32, pending tasks: 0
naming_8%32, pending tasks: 0
naming_9%32, pending tasks: 0
naming_10%32, pending tasks: 0
naming_11%32, pending tasks: 0
naming_12%32, pending tasks: 0
naming_13%32, pending tasks: 0
naming_14%32, pending tasks: 0
naming_15%32, pending tasks: 0
naming_16%32, pending tasks: 0
naming_17%32, pending tasks: 0
naming_18%32, pending tasks: 0
naming_19%32, pending tasks: 0
naming_20%32, pending tasks: 0
naming_21%32, pending tasks: 0
naming_22%32, pending tasks: 0
naming_23%32, pending tasks: 0
naming_24%32, pending tasks: 0
naming_25%32, pending tasks: 0
naming_26%32, pending tasks: 0
naming_27%32, pending tasks: 0
naming_28%32, pending tasks: 0
naming_29%32, pending tasks: 0
naming_30%32, pending tasks: 0
naming_31%32, pending tasks: 0


2022-02-12 12:56:03,445 INFO PERFORMANCE:|5|5|8|-1|-1|20|0

2022-02-12 12:56:03,445 INFO Task worker status: 
naming_0%32, pending tasks: 0
naming_1%32, pending tasks: 0
naming_2%32, pending tasks: 0
naming_3%32, pending tasks: 0
naming_4%32, pending tasks: 0
naming_5%32, pending tasks: 0
naming_6%32, pending tasks: 0
naming_7%32, pending tasks: 0
naming_8%32, pending tasks: 0
naming_9%32, pending tasks: 0
naming_10%32, pending tasks: 0
naming_11%32, pending tasks: 0
naming_12%32, pending tasks: 0
naming_13%32, pending tasks: 0
naming_14%32, pending tasks: 0
naming_15%32, pending tasks: 0
naming_16%32, pending tasks: 0
naming_17%32, pending tasks: 0
naming_18%32, pending tasks: 0
naming_19%32, pending tasks: 0
naming_20%32, pending tasks: 0
naming_21%32, pending tasks: 0
naming_22%32, pending tasks: 0
naming_23%32, pending tasks: 0
naming_24%32, pending tasks: 0
naming_25%32, pending tasks: 0
naming_26%32, pending tasks: 0
naming_27%32, pending tasks: 0
naming_28%32, pending tasks: 0
naming_29%32, pending tasks: 0
naming_30%32, pending tasks: 0
naming_31%32, pending tasks: 0


2022-02-12 12:57:03,447 INFO PERFORMANCE:|5|5|8|-1|-1|20|0

2022-02-12 12:57:03,447 INFO Task worker status: 
naming_0%32, pending tasks: 0
naming_1%32, pending tasks: 0
naming_2%32, pending tasks: 0
naming_3%32, pending tasks: 0
naming_4%32, pending tasks: 0
naming_5%32, pending tasks: 0
naming_6%32, pending tasks: 0
naming_7%32, pending tasks: 0
naming_8%32, pending tasks: 0
naming_9%32, pending tasks: 0
naming_10%32, pending tasks: 0
naming_11%32, pending tasks: 0
naming_12%32, pending tasks: 0
naming_13%32, pending tasks: 0
naming_14%32, pending tasks: 0
naming_15%32, pending tasks: 0
naming_16%32, pending tasks: 0
naming_17%32, pending tasks: 0
naming_18%32, pending tasks: 0
naming_19%32, pending tasks: 0
naming_20%32, pending tasks: 0
naming_21%32, pending tasks: 0
naming_22%32, pending tasks: 0
naming_23%32, pending tasks: 0
naming_24%32, pending tasks: 0
naming_25%32, pending tasks: 0
naming_26%32, pending tasks: 0
naming_27%32, pending tasks: 0
naming_28%32, pending tasks: 0
naming_29%32, pending tasks: 0
naming_30%32, pending tasks: 0
naming_31%32, pending tasks: 0


2022-02-12 12:58:03,454 INFO PERFORMANCE:|5|5|8|-1|-1|20|0

2022-02-12 12:58:03,454 INFO Task worker status: 
naming_0%32, pending tasks: 0
naming_1%32, pending tasks: 0
naming_2%32, pending tasks: 0
naming_3%32, pending tasks: 0
naming_4%32, pending tasks: 0
naming_5%32, pending tasks: 0
naming_6%32, pending tasks: 0
naming_7%32, pending tasks: 0
naming_8%32, pending tasks: 0
naming_9%32, pending tasks: 0
naming_10%32, pending tasks: 0
naming_11%32, pending tasks: 0
naming_12%32, pending tasks: 0
naming_13%32, pending tasks: 0
naming_14%32, pending tasks: 0
naming_15%32, pending tasks: 0
naming_16%32, pending tasks: 0
naming_17%32, pending tasks: 0
naming_18%32, pending tasks: 0
naming_19%32, pending tasks: 0
naming_20%32, pending tasks: 0
naming_21%32, pending tasks: 0
naming_22%32, pending tasks: 0
naming_23%32, pending tasks: 0
naming_24%32, pending tasks: 0
naming_25%32, pending tasks: 0
naming_26%32, pending tasks: 0
naming_27%32, pending tasks: 0
naming_28%32, pending tasks: 0
naming_29%32, pending tasks: 0
naming_30%32, pending tasks: 0
naming_31%32, pending tasks: 0


2022-02-12 12:59:03,457 INFO PERFORMANCE:|serviceCount|ipCount|subscribeCount|maxPushCost|avgPushCost|totalPushCount|failPushCount

2022-02-12 12:59:03,457 INFO PERFORMANCE:|5|5|8|-1|-1|20|0

2022-02-12 12:59:03,457 INFO Task worker status: 
naming_0%32, pending tasks: 0
naming_1%32, pending tasks: 0
naming_2%32, pending tasks: 0
naming_3%32, pending tasks: 0
naming_4%32, pending tasks: 0
naming_5%32, pending tasks: 0
naming_6%32, pending tasks: 0
naming_7%32, pending tasks: 0
naming_8%32, pending tasks: 0
naming_9%32, pending tasks: 0
naming_10%32, pending tasks: 0
naming_11%32, pending tasks: 0
naming_12%32, pending tasks: 0
naming_13%32, pending tasks: 0
naming_14%32, pending tasks: 0
naming_15%32, pending tasks: 0
naming_16%32, pending tasks: 0
naming_17%32, pending tasks: 0
naming_18%32, pending tasks: 0
naming_19%32, pending tasks: 0
naming_20%32, pending tasks: 0
naming_21%32, pending tasks: 0
naming_22%32, pending tasks: 0
naming_23%32, pending tasks: 0
naming_24%32, pending tasks: 0
naming_25%32, pending tasks: 0
naming_26%32, pending tasks: 0
naming_27%32, pending tasks: 0
naming_28%32, pending tasks: 0
naming_29%32, pending tasks: 0
naming_30%32, pending tasks: 0
naming_31%32, pending tasks: 0


2022-02-12 13:00:03,460 INFO PERFORMANCE:|5|5|8|-1|-1|20|0

2022-02-12 13:00:03,461 INFO Task worker status: 
naming_0%32, pending tasks: 0
naming_1%32, pending tasks: 0
naming_2%32, pending tasks: 0
naming_3%32, pending tasks: 0
naming_4%32, pending tasks: 0
naming_5%32, pending tasks: 0
naming_6%32, pending tasks: 0
naming_7%32, pending tasks: 0
naming_8%32, pending tasks: 0
naming_9%32, pending tasks: 0
naming_10%32, pending tasks: 0
naming_11%32, pending tasks: 0
naming_12%32, pending tasks: 0
naming_13%32, pending tasks: 0
naming_14%32, pending tasks: 0
naming_15%32, pending tasks: 0
naming_16%32, pending tasks: 0
naming_17%32, pending tasks: 0
naming_18%32, pending tasks: 0
naming_19%32, pending tasks: 0
naming_20%32, pending tasks: 0
naming_21%32, pending tasks: 0
naming_22%32, pending tasks: 0
naming_23%32, pending tasks: 0
naming_24%32, pending tasks: 0
naming_25%32, pending tasks: 0
naming_26%32, pending tasks: 0
naming_27%32, pending tasks: 0
naming_28%32, pending tasks: 0
naming_29%32, pending tasks: 0
naming_30%32, pending tasks: 0
naming_31%32, pending tasks: 0


2022-02-12 13:01:03,471 INFO PERFORMANCE:|5|5|8|-1|-1|20|0

2022-02-12 13:01:03,471 INFO Task worker status: 
naming_0%32, pending tasks: 0
naming_1%32, pending tasks: 0
naming_2%32, pending tasks: 0
naming_3%32, pending tasks: 0
naming_4%32, pending tasks: 0
naming_5%32, pending tasks: 0
naming_6%32, pending tasks: 0
naming_7%32, pending tasks: 0
naming_8%32, pending tasks: 0
naming_9%32, pending tasks: 0
naming_10%32, pending tasks: 0
naming_11%32, pending tasks: 0
naming_12%32, pending tasks: 0
naming_13%32, pending tasks: 0
naming_14%32, pending tasks: 0
naming_15%32, pending tasks: 0
naming_16%32, pending tasks: 0
naming_17%32, pending tasks: 0
naming_18%32, pending tasks: 0
naming_19%32, pending tasks: 0
naming_20%32, pending tasks: 0
naming_21%32, pending tasks: 0
naming_22%32, pending tasks: 0
naming_23%32, pending tasks: 0
naming_24%32, pending tasks: 0
naming_25%32, pending tasks: 0
naming_26%32, pending tasks: 0
naming_27%32, pending tasks: 0
naming_28%32, pending tasks: 0
naming_29%32, pending tasks: 0
naming_30%32, pending tasks: 0
naming_31%32, pending tasks: 0


2022-02-12 13:02:03,472 INFO PERFORMANCE:|5|5|8|-1|-1|20|0

2022-02-12 13:02:03,472 INFO Task worker status: 
naming_0%32, pending tasks: 0
naming_1%32, pending tasks: 0
naming_2%32, pending tasks: 0
naming_3%32, pending tasks: 0
naming_4%32, pending tasks: 0
naming_5%32, pending tasks: 0
naming_6%32, pending tasks: 0
naming_7%32, pending tasks: 0
naming_8%32, pending tasks: 0
naming_9%32, pending tasks: 0
naming_10%32, pending tasks: 0
naming_11%32, pending tasks: 0
naming_12%32, pending tasks: 0
naming_13%32, pending tasks: 0
naming_14%32, pending tasks: 0
naming_15%32, pending tasks: 0
naming_16%32, pending tasks: 0
naming_17%32, pending tasks: 0
naming_18%32, pending tasks: 0
naming_19%32, pending tasks: 0
naming_20%32, pending tasks: 0
naming_21%32, pending tasks: 0
naming_22%32, pending tasks: 0
naming_23%32, pending tasks: 0
naming_24%32, pending tasks: 0
naming_25%32, pending tasks: 0
naming_26%32, pending tasks: 0
naming_27%32, pending tasks: 0
naming_28%32, pending tasks: 0
naming_29%32, pending tasks: 0
naming_30%32, pending tasks: 0
naming_31%32, pending tasks: 0


2022-02-12 13:03:03,472 INFO PERFORMANCE:|5|5|8|-1|-1|20|0

2022-02-12 13:03:03,472 INFO Task worker status: 
naming_0%32, pending tasks: 0
naming_1%32, pending tasks: 0
naming_2%32, pending tasks: 0
naming_3%32, pending tasks: 0
naming_4%32, pending tasks: 0
naming_5%32, pending tasks: 0
naming_6%32, pending tasks: 0
naming_7%32, pending tasks: 0
naming_8%32, pending tasks: 0
naming_9%32, pending tasks: 0
naming_10%32, pending tasks: 0
naming_11%32, pending tasks: 0
naming_12%32, pending tasks: 0
naming_13%32, pending tasks: 0
naming_14%32, pending tasks: 0
naming_15%32, pending tasks: 0
naming_16%32, pending tasks: 0
naming_17%32, pending tasks: 0
naming_18%32, pending tasks: 0
naming_19%32, pending tasks: 0
naming_20%32, pending tasks: 0
naming_21%32, pending tasks: 0
naming_22%32, pending tasks: 0
naming_23%32, pending tasks: 0
naming_24%32, pending tasks: 0
naming_25%32, pending tasks: 0
naming_26%32, pending tasks: 0
naming_27%32, pending tasks: 0
naming_28%32, pending tasks: 0
naming_29%32, pending tasks: 0
naming_30%32, pending tasks: 0
naming_31%32, pending tasks: 0


2022-02-12 13:04:03,484 INFO PERFORMANCE:|5|5|8|-1|-1|20|0

2022-02-12 13:04:03,484 INFO Task worker status: 
naming_0%32, pending tasks: 0
naming_1%32, pending tasks: 0
naming_2%32, pending tasks: 0
naming_3%32, pending tasks: 0
naming_4%32, pending tasks: 0
naming_5%32, pending tasks: 0
naming_6%32, pending tasks: 0
naming_7%32, pending tasks: 0
naming_8%32, pending tasks: 0
naming_9%32, pending tasks: 0
naming_10%32, pending tasks: 0
naming_11%32, pending tasks: 0
naming_12%32, pending tasks: 0
naming_13%32, pending tasks: 0
naming_14%32, pending tasks: 0
naming_15%32, pending tasks: 0
naming_16%32, pending tasks: 0
naming_17%32, pending tasks: 0
naming_18%32, pending tasks: 0
naming_19%32, pending tasks: 0
naming_20%32, pending tasks: 0
naming_21%32, pending tasks: 0
naming_22%32, pending tasks: 0
naming_23%32, pending tasks: 0
naming_24%32, pending tasks: 0
naming_25%32, pending tasks: 0
naming_26%32, pending tasks: 0
naming_27%32, pending tasks: 0
naming_28%32, pending tasks: 0
naming_29%32, pending tasks: 0
naming_30%32, pending tasks: 0
naming_31%32, pending tasks: 0


2022-02-12 13:05:03,497 INFO PERFORMANCE:|5|5|8|-1|-1|20|0

2022-02-12 13:05:03,497 INFO Task worker status: 
naming_0%32, pending tasks: 0
naming_1%32, pending tasks: 0
naming_2%32, pending tasks: 0
naming_3%32, pending tasks: 0
naming_4%32, pending tasks: 0
naming_5%32, pending tasks: 0
naming_6%32, pending tasks: 0
naming_7%32, pending tasks: 0
naming_8%32, pending tasks: 0
naming_9%32, pending tasks: 0
naming_10%32, pending tasks: 0
naming_11%32, pending tasks: 0
naming_12%32, pending tasks: 0
naming_13%32, pending tasks: 0
naming_14%32, pending tasks: 0
naming_15%32, pending tasks: 0
naming_16%32, pending tasks: 0
naming_17%32, pending tasks: 0
naming_18%32, pending tasks: 0
naming_19%32, pending tasks: 0
naming_20%32, pending tasks: 0
naming_21%32, pending tasks: 0
naming_22%32, pending tasks: 0
naming_23%32, pending tasks: 0
naming_24%32, pending tasks: 0
naming_25%32, pending tasks: 0
naming_26%32, pending tasks: 0
naming_27%32, pending tasks: 0
naming_28%32, pending tasks: 0
naming_29%32, pending tasks: 0
naming_30%32, pending tasks: 0
naming_31%32, pending tasks: 0


2022-02-12 13:06:03,506 INFO PERFORMANCE:|5|5|8|-1|-1|20|0

2022-02-12 13:06:03,506 INFO Task worker status: 
naming_0%32, pending tasks: 0
naming_1%32, pending tasks: 0
naming_2%32, pending tasks: 0
naming_3%32, pending tasks: 0
naming_4%32, pending tasks: 0
naming_5%32, pending tasks: 0
naming_6%32, pending tasks: 0
naming_7%32, pending tasks: 0
naming_8%32, pending tasks: 0
naming_9%32, pending tasks: 0
naming_10%32, pending tasks: 0
naming_11%32, pending tasks: 0
naming_12%32, pending tasks: 0
naming_13%32, pending tasks: 0
naming_14%32, pending tasks: 0
naming_15%32, pending tasks: 0
naming_16%32, pending tasks: 0
naming_17%32, pending tasks: 0
naming_18%32, pending tasks: 0
naming_19%32, pending tasks: 0
naming_20%32, pending tasks: 0
naming_21%32, pending tasks: 0
naming_22%32, pending tasks: 0
naming_23%32, pending tasks: 0
naming_24%32, pending tasks: 0
naming_25%32, pending tasks: 0
naming_26%32, pending tasks: 0
naming_27%32, pending tasks: 0
naming_28%32, pending tasks: 0
naming_29%32, pending tasks: 0
naming_30%32, pending tasks: 0
naming_31%32, pending tasks: 0


2022-02-12 13:07:03,506 INFO PERFORMANCE:|5|5|8|-1|-1|20|0

2022-02-12 13:07:03,506 INFO Task worker status: 
naming_0%32, pending tasks: 0
naming_1%32, pending tasks: 0
naming_2%32, pending tasks: 0
naming_3%32, pending tasks: 0
naming_4%32, pending tasks: 0
naming_5%32, pending tasks: 0
naming_6%32, pending tasks: 0
naming_7%32, pending tasks: 0
naming_8%32, pending tasks: 0
naming_9%32, pending tasks: 0
naming_10%32, pending tasks: 0
naming_11%32, pending tasks: 0
naming_12%32, pending tasks: 0
naming_13%32, pending tasks: 0
naming_14%32, pending tasks: 0
naming_15%32, pending tasks: 0
naming_16%32, pending tasks: 0
naming_17%32, pending tasks: 0
naming_18%32, pending tasks: 0
naming_19%32, pending tasks: 0
naming_20%32, pending tasks: 0
naming_21%32, pending tasks: 0
naming_22%32, pending tasks: 0
naming_23%32, pending tasks: 0
naming_24%32, pending tasks: 0
naming_25%32, pending tasks: 0
naming_26%32, pending tasks: 0
naming_27%32, pending tasks: 0
naming_28%32, pending tasks: 0
naming_29%32, pending tasks: 0
naming_30%32, pending tasks: 0
naming_31%32, pending tasks: 0


2022-02-12 13:08:03,511 INFO PERFORMANCE:|5|5|8|-1|-1|20|0

2022-02-12 13:08:03,511 INFO Task worker status: 
naming_0%32, pending tasks: 0
naming_1%32, pending tasks: 0
naming_2%32, pending tasks: 0
naming_3%32, pending tasks: 0
naming_4%32, pending tasks: 0
naming_5%32, pending tasks: 0
naming_6%32, pending tasks: 0
naming_7%32, pending tasks: 0
naming_8%32, pending tasks: 0
naming_9%32, pending tasks: 0
naming_10%32, pending tasks: 0
naming_11%32, pending tasks: 0
naming_12%32, pending tasks: 0
naming_13%32, pending tasks: 0
naming_14%32, pending tasks: 0
naming_15%32, pending tasks: 0
naming_16%32, pending tasks: 0
naming_17%32, pending tasks: 0
naming_18%32, pending tasks: 0
naming_19%32, pending tasks: 0
naming_20%32, pending tasks: 0
naming_21%32, pending tasks: 0
naming_22%32, pending tasks: 0
naming_23%32, pending tasks: 0
naming_24%32, pending tasks: 0
naming_25%32, pending tasks: 0
naming_26%32, pending tasks: 0
naming_27%32, pending tasks: 0
naming_28%32, pending tasks: 0
naming_29%32, pending tasks: 0
naming_30%32, pending tasks: 0
naming_31%32, pending tasks: 0


2022-02-12 13:09:03,514 INFO PERFORMANCE:|serviceCount|ipCount|subscribeCount|maxPushCost|avgPushCost|totalPushCount|failPushCount

2022-02-12 13:09:03,514 INFO PERFORMANCE:|5|5|8|-1|-1|20|0

2022-02-12 13:09:03,514 INFO Task worker status: 
naming_0%32, pending tasks: 0
naming_1%32, pending tasks: 0
naming_2%32, pending tasks: 0
naming_3%32, pending tasks: 0
naming_4%32, pending tasks: 0
naming_5%32, pending tasks: 0
naming_6%32, pending tasks: 0
naming_7%32, pending tasks: 0
naming_8%32, pending tasks: 0
naming_9%32, pending tasks: 0
naming_10%32, pending tasks: 0
naming_11%32, pending tasks: 0
naming_12%32, pending tasks: 0
naming_13%32, pending tasks: 0
naming_14%32, pending tasks: 0
naming_15%32, pending tasks: 0
naming_16%32, pending tasks: 0
naming_17%32, pending tasks: 0
naming_18%32, pending tasks: 0
naming_19%32, pending tasks: 0
naming_20%32, pending tasks: 0
naming_21%32, pending tasks: 0
naming_22%32, pending tasks: 0
naming_23%32, pending tasks: 0
naming_24%32, pending tasks: 0
naming_25%32, pending tasks: 0
naming_26%32, pending tasks: 0
naming_27%32, pending tasks: 0
naming_28%32, pending tasks: 0
naming_29%32, pending tasks: 0
naming_30%32, pending tasks: 0
naming_31%32, pending tasks: 0


2022-02-12 13:10:03,528 INFO PERFORMANCE:|5|5|8|-1|-1|20|0

2022-02-12 13:10:03,528 INFO Task worker status: 
naming_0%32, pending tasks: 0
naming_1%32, pending tasks: 0
naming_2%32, pending tasks: 0
naming_3%32, pending tasks: 0
naming_4%32, pending tasks: 0
naming_5%32, pending tasks: 0
naming_6%32, pending tasks: 0
naming_7%32, pending tasks: 0
naming_8%32, pending tasks: 0
naming_9%32, pending tasks: 0
naming_10%32, pending tasks: 0
naming_11%32, pending tasks: 0
naming_12%32, pending tasks: 0
naming_13%32, pending tasks: 0
naming_14%32, pending tasks: 0
naming_15%32, pending tasks: 0
naming_16%32, pending tasks: 0
naming_17%32, pending tasks: 0
naming_18%32, pending tasks: 0
naming_19%32, pending tasks: 0
naming_20%32, pending tasks: 0
naming_21%32, pending tasks: 0
naming_22%32, pending tasks: 0
naming_23%32, pending tasks: 0
naming_24%32, pending tasks: 0
naming_25%32, pending tasks: 0
naming_26%32, pending tasks: 0
naming_27%32, pending tasks: 0
naming_28%32, pending tasks: 0
naming_29%32, pending tasks: 0
naming_30%32, pending tasks: 0
naming_31%32, pending tasks: 0


2022-02-12 13:11:03,540 INFO PERFORMANCE:|5|5|8|-1|-1|20|0

2022-02-12 13:11:03,540 INFO Task worker status: 
naming_0%32, pending tasks: 0
naming_1%32, pending tasks: 0
naming_2%32, pending tasks: 0
naming_3%32, pending tasks: 0
naming_4%32, pending tasks: 0
naming_5%32, pending tasks: 0
naming_6%32, pending tasks: 0
naming_7%32, pending tasks: 0
naming_8%32, pending tasks: 0
naming_9%32, pending tasks: 0
naming_10%32, pending tasks: 0
naming_11%32, pending tasks: 0
naming_12%32, pending tasks: 0
naming_13%32, pending tasks: 0
naming_14%32, pending tasks: 0
naming_15%32, pending tasks: 0
naming_16%32, pending tasks: 0
naming_17%32, pending tasks: 0
naming_18%32, pending tasks: 0
naming_19%32, pending tasks: 0
naming_20%32, pending tasks: 0
naming_21%32, pending tasks: 0
naming_22%32, pending tasks: 0
naming_23%32, pending tasks: 0
naming_24%32, pending tasks: 0
naming_25%32, pending tasks: 0
naming_26%32, pending tasks: 0
naming_27%32, pending tasks: 0
naming_28%32, pending tasks: 0
naming_29%32, pending tasks: 0
naming_30%32, pending tasks: 0
naming_31%32, pending tasks: 0


2022-02-12 13:12:03,549 INFO PERFORMANCE:|5|5|8|-1|-1|20|0

2022-02-12 13:12:03,549 INFO Task worker status: 
naming_0%32, pending tasks: 0
naming_1%32, pending tasks: 0
naming_2%32, pending tasks: 0
naming_3%32, pending tasks: 0
naming_4%32, pending tasks: 0
naming_5%32, pending tasks: 0
naming_6%32, pending tasks: 0
naming_7%32, pending tasks: 0
naming_8%32, pending tasks: 0
naming_9%32, pending tasks: 0
naming_10%32, pending tasks: 0
naming_11%32, pending tasks: 0
naming_12%32, pending tasks: 0
naming_13%32, pending tasks: 0
naming_14%32, pending tasks: 0
naming_15%32, pending tasks: 0
naming_16%32, pending tasks: 0
naming_17%32, pending tasks: 0
naming_18%32, pending tasks: 0
naming_19%32, pending tasks: 0
naming_20%32, pending tasks: 0
naming_21%32, pending tasks: 0
naming_22%32, pending tasks: 0
naming_23%32, pending tasks: 0
naming_24%32, pending tasks: 0
naming_25%32, pending tasks: 0
naming_26%32, pending tasks: 0
naming_27%32, pending tasks: 0
naming_28%32, pending tasks: 0
naming_29%32, pending tasks: 0
naming_30%32, pending tasks: 0
naming_31%32, pending tasks: 0


2022-02-12 13:13:03,549 INFO PERFORMANCE:|5|5|8|-1|-1|20|0

2022-02-12 13:13:03,549 INFO Task worker status: 
naming_0%32, pending tasks: 0
naming_1%32, pending tasks: 0
naming_2%32, pending tasks: 0
naming_3%32, pending tasks: 0
naming_4%32, pending tasks: 0
naming_5%32, pending tasks: 0
naming_6%32, pending tasks: 0
naming_7%32, pending tasks: 0
naming_8%32, pending tasks: 0
naming_9%32, pending tasks: 0
naming_10%32, pending tasks: 0
naming_11%32, pending tasks: 0
naming_12%32, pending tasks: 0
naming_13%32, pending tasks: 0
naming_14%32, pending tasks: 0
naming_15%32, pending tasks: 0
naming_16%32, pending tasks: 0
naming_17%32, pending tasks: 0
naming_18%32, pending tasks: 0
naming_19%32, pending tasks: 0
naming_20%32, pending tasks: 0
naming_21%32, pending tasks: 0
naming_22%32, pending tasks: 0
naming_23%32, pending tasks: 0
naming_24%32, pending tasks: 0
naming_25%32, pending tasks: 0
naming_26%32, pending tasks: 0
naming_27%32, pending tasks: 0
naming_28%32, pending tasks: 0
naming_29%32, pending tasks: 0
naming_30%32, pending tasks: 0
naming_31%32, pending tasks: 0


2022-02-12 13:14:03,563 INFO PERFORMANCE:|5|5|8|-1|-1|20|0

2022-02-12 13:14:03,563 INFO Task worker status: 
naming_0%32, pending tasks: 0
naming_1%32, pending tasks: 0
naming_2%32, pending tasks: 0
naming_3%32, pending tasks: 0
naming_4%32, pending tasks: 0
naming_5%32, pending tasks: 0
naming_6%32, pending tasks: 0
naming_7%32, pending tasks: 0
naming_8%32, pending tasks: 0
naming_9%32, pending tasks: 0
naming_10%32, pending tasks: 0
naming_11%32, pending tasks: 0
naming_12%32, pending tasks: 0
naming_13%32, pending tasks: 0
naming_14%32, pending tasks: 0
naming_15%32, pending tasks: 0
naming_16%32, pending tasks: 0
naming_17%32, pending tasks: 0
naming_18%32, pending tasks: 0
naming_19%32, pending tasks: 0
naming_20%32, pending tasks: 0
naming_21%32, pending tasks: 0
naming_22%32, pending tasks: 0
naming_23%32, pending tasks: 0
naming_24%32, pending tasks: 0
naming_25%32, pending tasks: 0
naming_26%32, pending tasks: 0
naming_27%32, pending tasks: 0
naming_28%32, pending tasks: 0
naming_29%32, pending tasks: 0
naming_30%32, pending tasks: 0
naming_31%32, pending tasks: 0


2022-02-12 13:15:03,576 INFO PERFORMANCE:|5|5|8|-1|-1|20|0

2022-02-12 13:15:03,576 INFO Task worker status: 
naming_0%32, pending tasks: 0
naming_1%32, pending tasks: 0
naming_2%32, pending tasks: 0
naming_3%32, pending tasks: 0
naming_4%32, pending tasks: 0
naming_5%32, pending tasks: 0
naming_6%32, pending tasks: 0
naming_7%32, pending tasks: 0
naming_8%32, pending tasks: 0
naming_9%32, pending tasks: 0
naming_10%32, pending tasks: 0
naming_11%32, pending tasks: 0
naming_12%32, pending tasks: 0
naming_13%32, pending tasks: 0
naming_14%32, pending tasks: 0
naming_15%32, pending tasks: 0
naming_16%32, pending tasks: 0
naming_17%32, pending tasks: 0
naming_18%32, pending tasks: 0
naming_19%32, pending tasks: 0
naming_20%32, pending tasks: 0
naming_21%32, pending tasks: 0
naming_22%32, pending tasks: 0
naming_23%32, pending tasks: 0
naming_24%32, pending tasks: 0
naming_25%32, pending tasks: 0
naming_26%32, pending tasks: 0
naming_27%32, pending tasks: 0
naming_28%32, pending tasks: 0
naming_29%32, pending tasks: 0
naming_30%32, pending tasks: 0
naming_31%32, pending tasks: 0


2022-02-12 13:16:03,585 INFO PERFORMANCE:|5|5|8|-1|-1|20|0

2022-02-12 13:16:03,585 INFO Task worker status: 
naming_0%32, pending tasks: 0
naming_1%32, pending tasks: 0
naming_2%32, pending tasks: 0
naming_3%32, pending tasks: 0
naming_4%32, pending tasks: 0
naming_5%32, pending tasks: 0
naming_6%32, pending tasks: 0
naming_7%32, pending tasks: 0
naming_8%32, pending tasks: 0
naming_9%32, pending tasks: 0
naming_10%32, pending tasks: 0
naming_11%32, pending tasks: 0
naming_12%32, pending tasks: 0
naming_13%32, pending tasks: 0
naming_14%32, pending tasks: 0
naming_15%32, pending tasks: 0
naming_16%32, pending tasks: 0
naming_17%32, pending tasks: 0
naming_18%32, pending tasks: 0
naming_19%32, pending tasks: 0
naming_20%32, pending tasks: 0
naming_21%32, pending tasks: 0
naming_22%32, pending tasks: 0
naming_23%32, pending tasks: 0
naming_24%32, pending tasks: 0
naming_25%32, pending tasks: 0
naming_26%32, pending tasks: 0
naming_27%32, pending tasks: 0
naming_28%32, pending tasks: 0
naming_29%32, pending tasks: 0
naming_30%32, pending tasks: 0
naming_31%32, pending tasks: 0


2022-02-12 13:17:03,597 INFO PERFORMANCE:|5|5|8|-1|-1|20|0

2022-02-12 13:17:03,597 INFO Task worker status: 
naming_0%32, pending tasks: 0
naming_1%32, pending tasks: 0
naming_2%32, pending tasks: 0
naming_3%32, pending tasks: 0
naming_4%32, pending tasks: 0
naming_5%32, pending tasks: 0
naming_6%32, pending tasks: 0
naming_7%32, pending tasks: 0
naming_8%32, pending tasks: 0
naming_9%32, pending tasks: 0
naming_10%32, pending tasks: 0
naming_11%32, pending tasks: 0
naming_12%32, pending tasks: 0
naming_13%32, pending tasks: 0
naming_14%32, pending tasks: 0
naming_15%32, pending tasks: 0
naming_16%32, pending tasks: 0
naming_17%32, pending tasks: 0
naming_18%32, pending tasks: 0
naming_19%32, pending tasks: 0
naming_20%32, pending tasks: 0
naming_21%32, pending tasks: 0
naming_22%32, pending tasks: 0
naming_23%32, pending tasks: 0
naming_24%32, pending tasks: 0
naming_25%32, pending tasks: 0
naming_26%32, pending tasks: 0
naming_27%32, pending tasks: 0
naming_28%32, pending tasks: 0
naming_29%32, pending tasks: 0
naming_30%32, pending tasks: 0
naming_31%32, pending tasks: 0


2022-02-12 13:18:03,610 INFO PERFORMANCE:|5|5|8|-1|-1|20|0

2022-02-12 13:18:03,610 INFO Task worker status: 
naming_0%32, pending tasks: 0
naming_1%32, pending tasks: 0
naming_2%32, pending tasks: 0
naming_3%32, pending tasks: 0
naming_4%32, pending tasks: 0
naming_5%32, pending tasks: 0
naming_6%32, pending tasks: 0
naming_7%32, pending tasks: 0
naming_8%32, pending tasks: 0
naming_9%32, pending tasks: 0
naming_10%32, pending tasks: 0
naming_11%32, pending tasks: 0
naming_12%32, pending tasks: 0
naming_13%32, pending tasks: 0
naming_14%32, pending tasks: 0
naming_15%32, pending tasks: 0
naming_16%32, pending tasks: 0
naming_17%32, pending tasks: 0
naming_18%32, pending tasks: 0
naming_19%32, pending tasks: 0
naming_20%32, pending tasks: 0
naming_21%32, pending tasks: 0
naming_22%32, pending tasks: 0
naming_23%32, pending tasks: 0
naming_24%32, pending tasks: 0
naming_25%32, pending tasks: 0
naming_26%32, pending tasks: 0
naming_27%32, pending tasks: 0
naming_28%32, pending tasks: 0
naming_29%32, pending tasks: 0
naming_30%32, pending tasks: 0
naming_31%32, pending tasks: 0


2022-02-12 13:19:03,623 INFO PERFORMANCE:|serviceCount|ipCount|subscribeCount|maxPushCost|avgPushCost|totalPushCount|failPushCount

2022-02-12 13:19:03,623 INFO PERFORMANCE:|5|5|8|-1|-1|20|0

2022-02-12 13:19:03,623 INFO Task worker status: 
naming_0%32, pending tasks: 0
naming_1%32, pending tasks: 0
naming_2%32, pending tasks: 0
naming_3%32, pending tasks: 0
naming_4%32, pending tasks: 0
naming_5%32, pending tasks: 0
naming_6%32, pending tasks: 0
naming_7%32, pending tasks: 0
naming_8%32, pending tasks: 0
naming_9%32, pending tasks: 0
naming_10%32, pending tasks: 0
naming_11%32, pending tasks: 0
naming_12%32, pending tasks: 0
naming_13%32, pending tasks: 0
naming_14%32, pending tasks: 0
naming_15%32, pending tasks: 0
naming_16%32, pending tasks: 0
naming_17%32, pending tasks: 0
naming_18%32, pending tasks: 0
naming_19%32, pending tasks: 0
naming_20%32, pending tasks: 0
naming_21%32, pending tasks: 0
naming_22%32, pending tasks: 0
naming_23%32, pending tasks: 0
naming_24%32, pending tasks: 0
naming_25%32, pending tasks: 0
naming_26%32, pending tasks: 0
naming_27%32, pending tasks: 0
naming_28%32, pending tasks: 0
naming_29%32, pending tasks: 0
naming_30%32, pending tasks: 0
naming_31%32, pending tasks: 0


2022-02-12 13:20:03,625 INFO PERFORMANCE:|5|5|8|-1|-1|20|0

2022-02-12 13:20:03,625 INFO Task worker status: 
naming_0%32, pending tasks: 0
naming_1%32, pending tasks: 0
naming_2%32, pending tasks: 0
naming_3%32, pending tasks: 0
naming_4%32, pending tasks: 0
naming_5%32, pending tasks: 0
naming_6%32, pending tasks: 0
naming_7%32, pending tasks: 0
naming_8%32, pending tasks: 0
naming_9%32, pending tasks: 0
naming_10%32, pending tasks: 0
naming_11%32, pending tasks: 0
naming_12%32, pending tasks: 0
naming_13%32, pending tasks: 0
naming_14%32, pending tasks: 0
naming_15%32, pending tasks: 0
naming_16%32, pending tasks: 0
naming_17%32, pending tasks: 0
naming_18%32, pending tasks: 0
naming_19%32, pending tasks: 0
naming_20%32, pending tasks: 0
naming_21%32, pending tasks: 0
naming_22%32, pending tasks: 0
naming_23%32, pending tasks: 0
naming_24%32, pending tasks: 0
naming_25%32, pending tasks: 0
naming_26%32, pending tasks: 0
naming_27%32, pending tasks: 0
naming_28%32, pending tasks: 0
naming_29%32, pending tasks: 0
naming_30%32, pending tasks: 0
naming_31%32, pending tasks: 0


2022-02-12 13:21:03,640 INFO PERFORMANCE:|5|5|8|-1|-1|20|0

2022-02-12 13:21:03,640 INFO Task worker status: 
naming_0%32, pending tasks: 0
naming_1%32, pending tasks: 0
naming_2%32, pending tasks: 0
naming_3%32, pending tasks: 0
naming_4%32, pending tasks: 0
naming_5%32, pending tasks: 0
naming_6%32, pending tasks: 0
naming_7%32, pending tasks: 0
naming_8%32, pending tasks: 0
naming_9%32, pending tasks: 0
naming_10%32, pending tasks: 0
naming_11%32, pending tasks: 0
naming_12%32, pending tasks: 0
naming_13%32, pending tasks: 0
naming_14%32, pending tasks: 0
naming_15%32, pending tasks: 0
naming_16%32, pending tasks: 0
naming_17%32, pending tasks: 0
naming_18%32, pending tasks: 0
naming_19%32, pending tasks: 0
naming_20%32, pending tasks: 0
naming_21%32, pending tasks: 0
naming_22%32, pending tasks: 0
naming_23%32, pending tasks: 0
naming_24%32, pending tasks: 0
naming_25%32, pending tasks: 0
naming_26%32, pending tasks: 0
naming_27%32, pending tasks: 0
naming_28%32, pending tasks: 0
naming_29%32, pending tasks: 0
naming_30%32, pending tasks: 0
naming_31%32, pending tasks: 0


2022-02-12 13:22:03,650 INFO PERFORMANCE:|5|5|8|-1|-1|20|0

2022-02-12 13:22:03,650 INFO Task worker status: 
naming_0%32, pending tasks: 0
naming_1%32, pending tasks: 0
naming_2%32, pending tasks: 0
naming_3%32, pending tasks: 0
naming_4%32, pending tasks: 0
naming_5%32, pending tasks: 0
naming_6%32, pending tasks: 0
naming_7%32, pending tasks: 0
naming_8%32, pending tasks: 0
naming_9%32, pending tasks: 0
naming_10%32, pending tasks: 0
naming_11%32, pending tasks: 0
naming_12%32, pending tasks: 0
naming_13%32, pending tasks: 0
naming_14%32, pending tasks: 0
naming_15%32, pending tasks: 0
naming_16%32, pending tasks: 0
naming_17%32, pending tasks: 0
naming_18%32, pending tasks: 0
naming_19%32, pending tasks: 0
naming_20%32, pending tasks: 0
naming_21%32, pending tasks: 0
naming_22%32, pending tasks: 0
naming_23%32, pending tasks: 0
naming_24%32, pending tasks: 0
naming_25%32, pending tasks: 0
naming_26%32, pending tasks: 0
naming_27%32, pending tasks: 0
naming_28%32, pending tasks: 0
naming_29%32, pending tasks: 0
naming_30%32, pending tasks: 0
naming_31%32, pending tasks: 0


2022-02-12 13:23:03,663 INFO PERFORMANCE:|5|5|8|-1|-1|20|0

2022-02-12 13:23:03,663 INFO Task worker status: 
naming_0%32, pending tasks: 0
naming_1%32, pending tasks: 0
naming_2%32, pending tasks: 0
naming_3%32, pending tasks: 0
naming_4%32, pending tasks: 0
naming_5%32, pending tasks: 0
naming_6%32, pending tasks: 0
naming_7%32, pending tasks: 0
naming_8%32, pending tasks: 0
naming_9%32, pending tasks: 0
naming_10%32, pending tasks: 0
naming_11%32, pending tasks: 0
naming_12%32, pending tasks: 0
naming_13%32, pending tasks: 0
naming_14%32, pending tasks: 0
naming_15%32, pending tasks: 0
naming_16%32, pending tasks: 0
naming_17%32, pending tasks: 0
naming_18%32, pending tasks: 0
naming_19%32, pending tasks: 0
naming_20%32, pending tasks: 0
naming_21%32, pending tasks: 0
naming_22%32, pending tasks: 0
naming_23%32, pending tasks: 0
naming_24%32, pending tasks: 0
naming_25%32, pending tasks: 0
naming_26%32, pending tasks: 0
naming_27%32, pending tasks: 0
naming_28%32, pending tasks: 0
naming_29%32, pending tasks: 0
naming_30%32, pending tasks: 0
naming_31%32, pending tasks: 0


2022-02-12 13:24:03,675 INFO PERFORMANCE:|5|5|8|-1|-1|20|0

2022-02-12 13:24:03,675 INFO Task worker status: 
naming_0%32, pending tasks: 0
naming_1%32, pending tasks: 0
naming_2%32, pending tasks: 0
naming_3%32, pending tasks: 0
naming_4%32, pending tasks: 0
naming_5%32, pending tasks: 0
naming_6%32, pending tasks: 0
naming_7%32, pending tasks: 0
naming_8%32, pending tasks: 0
naming_9%32, pending tasks: 0
naming_10%32, pending tasks: 0
naming_11%32, pending tasks: 0
naming_12%32, pending tasks: 0
naming_13%32, pending tasks: 0
naming_14%32, pending tasks: 0
naming_15%32, pending tasks: 0
naming_16%32, pending tasks: 0
naming_17%32, pending tasks: 0
naming_18%32, pending tasks: 0
naming_19%32, pending tasks: 0
naming_20%32, pending tasks: 0
naming_21%32, pending tasks: 0
naming_22%32, pending tasks: 0
naming_23%32, pending tasks: 0
naming_24%32, pending tasks: 0
naming_25%32, pending tasks: 0
naming_26%32, pending tasks: 0
naming_27%32, pending tasks: 0
naming_28%32, pending tasks: 0
naming_29%32, pending tasks: 0
naming_30%32, pending tasks: 0
naming_31%32, pending tasks: 0


2022-02-12 13:25:03,689 INFO PERFORMANCE:|5|5|8|-1|-1|20|0

2022-02-12 13:25:03,689 INFO Task worker status: 
naming_0%32, pending tasks: 0
naming_1%32, pending tasks: 0
naming_2%32, pending tasks: 0
naming_3%32, pending tasks: 0
naming_4%32, pending tasks: 0
naming_5%32, pending tasks: 0
naming_6%32, pending tasks: 0
naming_7%32, pending tasks: 0
naming_8%32, pending tasks: 0
naming_9%32, pending tasks: 0
naming_10%32, pending tasks: 0
naming_11%32, pending tasks: 0
naming_12%32, pending tasks: 0
naming_13%32, pending tasks: 0
naming_14%32, pending tasks: 0
naming_15%32, pending tasks: 0
naming_16%32, pending tasks: 0
naming_17%32, pending tasks: 0
naming_18%32, pending tasks: 0
naming_19%32, pending tasks: 0
naming_20%32, pending tasks: 0
naming_21%32, pending tasks: 0
naming_22%32, pending tasks: 0
naming_23%32, pending tasks: 0
naming_24%32, pending tasks: 0
naming_25%32, pending tasks: 0
naming_26%32, pending tasks: 0
naming_27%32, pending tasks: 0
naming_28%32, pending tasks: 0
naming_29%32, pending tasks: 0
naming_30%32, pending tasks: 0
naming_31%32, pending tasks: 0


2022-02-12 13:26:03,695 INFO PERFORMANCE:|5|5|8|-1|-1|20|0

2022-02-12 13:26:03,695 INFO Task worker status: 
naming_0%32, pending tasks: 0
naming_1%32, pending tasks: 0
naming_2%32, pending tasks: 0
naming_3%32, pending tasks: 0
naming_4%32, pending tasks: 0
naming_5%32, pending tasks: 0
naming_6%32, pending tasks: 0
naming_7%32, pending tasks: 0
naming_8%32, pending tasks: 0
naming_9%32, pending tasks: 0
naming_10%32, pending tasks: 0
naming_11%32, pending tasks: 0
naming_12%32, pending tasks: 0
naming_13%32, pending tasks: 0
naming_14%32, pending tasks: 0
naming_15%32, pending tasks: 0
naming_16%32, pending tasks: 0
naming_17%32, pending tasks: 0
naming_18%32, pending tasks: 0
naming_19%32, pending tasks: 0
naming_20%32, pending tasks: 0
naming_21%32, pending tasks: 0
naming_22%32, pending tasks: 0
naming_23%32, pending tasks: 0
naming_24%32, pending tasks: 0
naming_25%32, pending tasks: 0
naming_26%32, pending tasks: 0
naming_27%32, pending tasks: 0
naming_28%32, pending tasks: 0
naming_29%32, pending tasks: 0
naming_30%32, pending tasks: 0
naming_31%32, pending tasks: 0


2022-02-12 13:27:03,708 INFO PERFORMANCE:|5|5|8|-1|-1|20|0

2022-02-12 13:27:03,708 INFO Task worker status: 
naming_0%32, pending tasks: 0
naming_1%32, pending tasks: 0
naming_2%32, pending tasks: 0
naming_3%32, pending tasks: 0
naming_4%32, pending tasks: 0
naming_5%32, pending tasks: 0
naming_6%32, pending tasks: 0
naming_7%32, pending tasks: 0
naming_8%32, pending tasks: 0
naming_9%32, pending tasks: 0
naming_10%32, pending tasks: 0
naming_11%32, pending tasks: 0
naming_12%32, pending tasks: 0
naming_13%32, pending tasks: 0
naming_14%32, pending tasks: 0
naming_15%32, pending tasks: 0
naming_16%32, pending tasks: 0
naming_17%32, pending tasks: 0
naming_18%32, pending tasks: 0
naming_19%32, pending tasks: 0
naming_20%32, pending tasks: 0
naming_21%32, pending tasks: 0
naming_22%32, pending tasks: 0
naming_23%32, pending tasks: 0
naming_24%32, pending tasks: 0
naming_25%32, pending tasks: 0
naming_26%32, pending tasks: 0
naming_27%32, pending tasks: 0
naming_28%32, pending tasks: 0
naming_29%32, pending tasks: 0
naming_30%32, pending tasks: 0
naming_31%32, pending tasks: 0


2022-02-12 13:28:03,721 INFO PERFORMANCE:|5|5|8|-1|-1|20|0

2022-02-12 13:28:03,721 INFO Task worker status: 
naming_0%32, pending tasks: 0
naming_1%32, pending tasks: 0
naming_2%32, pending tasks: 0
naming_3%32, pending tasks: 0
naming_4%32, pending tasks: 0
naming_5%32, pending tasks: 0
naming_6%32, pending tasks: 0
naming_7%32, pending tasks: 0
naming_8%32, pending tasks: 0
naming_9%32, pending tasks: 0
naming_10%32, pending tasks: 0
naming_11%32, pending tasks: 0
naming_12%32, pending tasks: 0
naming_13%32, pending tasks: 0
naming_14%32, pending tasks: 0
naming_15%32, pending tasks: 0
naming_16%32, pending tasks: 0
naming_17%32, pending tasks: 0
naming_18%32, pending tasks: 0
naming_19%32, pending tasks: 0
naming_20%32, pending tasks: 0
naming_21%32, pending tasks: 0
naming_22%32, pending tasks: 0
naming_23%32, pending tasks: 0
naming_24%32, pending tasks: 0
naming_25%32, pending tasks: 0
naming_26%32, pending tasks: 0
naming_27%32, pending tasks: 0
naming_28%32, pending tasks: 0
naming_29%32, pending tasks: 0
naming_30%32, pending tasks: 0
naming_31%32, pending tasks: 0


2022-02-12 13:29:03,732 INFO PERFORMANCE:|serviceCount|ipCount|subscribeCount|maxPushCost|avgPushCost|totalPushCount|failPushCount

2022-02-12 13:29:03,732 INFO PERFORMANCE:|5|5|8|-1|-1|20|0

2022-02-12 13:29:03,732 INFO Task worker status: 
naming_0%32, pending tasks: 0
naming_1%32, pending tasks: 0
naming_2%32, pending tasks: 0
naming_3%32, pending tasks: 0
naming_4%32, pending tasks: 0
naming_5%32, pending tasks: 0
naming_6%32, pending tasks: 0
naming_7%32, pending tasks: 0
naming_8%32, pending tasks: 0
naming_9%32, pending tasks: 0
naming_10%32, pending tasks: 0
naming_11%32, pending tasks: 0
naming_12%32, pending tasks: 0
naming_13%32, pending tasks: 0
naming_14%32, pending tasks: 0
naming_15%32, pending tasks: 0
naming_16%32, pending tasks: 0
naming_17%32, pending tasks: 0
naming_18%32, pending tasks: 0
naming_19%32, pending tasks: 0
naming_20%32, pending tasks: 0
naming_21%32, pending tasks: 0
naming_22%32, pending tasks: 0
naming_23%32, pending tasks: 0
naming_24%32, pending tasks: 0
naming_25%32, pending tasks: 0
naming_26%32, pending tasks: 0
naming_27%32, pending tasks: 0
naming_28%32, pending tasks: 0
naming_29%32, pending tasks: 0
naming_30%32, pending tasks: 0
naming_31%32, pending tasks: 0


2022-02-12 13:30:03,741 INFO PERFORMANCE:|5|5|8|-1|-1|20|0

2022-02-12 13:30:03,741 INFO Task worker status: 
naming_0%32, pending tasks: 0
naming_1%32, pending tasks: 0
naming_2%32, pending tasks: 0
naming_3%32, pending tasks: 0
naming_4%32, pending tasks: 0
naming_5%32, pending tasks: 0
naming_6%32, pending tasks: 0
naming_7%32, pending tasks: 0
naming_8%32, pending tasks: 0
naming_9%32, pending tasks: 0
naming_10%32, pending tasks: 0
naming_11%32, pending tasks: 0
naming_12%32, pending tasks: 0
naming_13%32, pending tasks: 0
naming_14%32, pending tasks: 0
naming_15%32, pending tasks: 0
naming_16%32, pending tasks: 0
naming_17%32, pending tasks: 0
naming_18%32, pending tasks: 0
naming_19%32, pending tasks: 0
naming_20%32, pending tasks: 0
naming_21%32, pending tasks: 0
naming_22%32, pending tasks: 0
naming_23%32, pending tasks: 0
naming_24%32, pending tasks: 0
naming_25%32, pending tasks: 0
naming_26%32, pending tasks: 0
naming_27%32, pending tasks: 0
naming_28%32, pending tasks: 0
naming_29%32, pending tasks: 0
naming_30%32, pending tasks: 0
naming_31%32, pending tasks: 0


2022-02-12 13:31:03,741 INFO PERFORMANCE:|5|5|8|-1|-1|20|0

2022-02-12 13:31:03,741 INFO Task worker status: 
naming_0%32, pending tasks: 0
naming_1%32, pending tasks: 0
naming_2%32, pending tasks: 0
naming_3%32, pending tasks: 0
naming_4%32, pending tasks: 0
naming_5%32, pending tasks: 0
naming_6%32, pending tasks: 0
naming_7%32, pending tasks: 0
naming_8%32, pending tasks: 0
naming_9%32, pending tasks: 0
naming_10%32, pending tasks: 0
naming_11%32, pending tasks: 0
naming_12%32, pending tasks: 0
naming_13%32, pending tasks: 0
naming_14%32, pending tasks: 0
naming_15%32, pending tasks: 0
naming_16%32, pending tasks: 0
naming_17%32, pending tasks: 0
naming_18%32, pending tasks: 0
naming_19%32, pending tasks: 0
naming_20%32, pending tasks: 0
naming_21%32, pending tasks: 0
naming_22%32, pending tasks: 0
naming_23%32, pending tasks: 0
naming_24%32, pending tasks: 0
naming_25%32, pending tasks: 0
naming_26%32, pending tasks: 0
naming_27%32, pending tasks: 0
naming_28%32, pending tasks: 0
naming_29%32, pending tasks: 0
naming_30%32, pending tasks: 0
naming_31%32, pending tasks: 0


2022-02-12 13:32:03,755 INFO PERFORMANCE:|5|5|8|-1|-1|20|0

2022-02-12 13:32:03,755 INFO Task worker status: 
naming_0%32, pending tasks: 0
naming_1%32, pending tasks: 0
naming_2%32, pending tasks: 0
naming_3%32, pending tasks: 0
naming_4%32, pending tasks: 0
naming_5%32, pending tasks: 0
naming_6%32, pending tasks: 0
naming_7%32, pending tasks: 0
naming_8%32, pending tasks: 0
naming_9%32, pending tasks: 0
naming_10%32, pending tasks: 0
naming_11%32, pending tasks: 0
naming_12%32, pending tasks: 0
naming_13%32, pending tasks: 0
naming_14%32, pending tasks: 0
naming_15%32, pending tasks: 0
naming_16%32, pending tasks: 0
naming_17%32, pending tasks: 0
naming_18%32, pending tasks: 0
naming_19%32, pending tasks: 0
naming_20%32, pending tasks: 0
naming_21%32, pending tasks: 0
naming_22%32, pending tasks: 0
naming_23%32, pending tasks: 0
naming_24%32, pending tasks: 0
naming_25%32, pending tasks: 0
naming_26%32, pending tasks: 0
naming_27%32, pending tasks: 0
naming_28%32, pending tasks: 0
naming_29%32, pending tasks: 0
naming_30%32, pending tasks: 0
naming_31%32, pending tasks: 0


2022-02-12 13:33:03,756 INFO PERFORMANCE:|5|5|8|-1|-1|20|0

2022-02-12 13:33:03,756 INFO Task worker status: 
naming_0%32, pending tasks: 0
naming_1%32, pending tasks: 0
naming_2%32, pending tasks: 0
naming_3%32, pending tasks: 0
naming_4%32, pending tasks: 0
naming_5%32, pending tasks: 0
naming_6%32, pending tasks: 0
naming_7%32, pending tasks: 0
naming_8%32, pending tasks: 0
naming_9%32, pending tasks: 0
naming_10%32, pending tasks: 0
naming_11%32, pending tasks: 0
naming_12%32, pending tasks: 0
naming_13%32, pending tasks: 0
naming_14%32, pending tasks: 0
naming_15%32, pending tasks: 0
naming_16%32, pending tasks: 0
naming_17%32, pending tasks: 0
naming_18%32, pending tasks: 0
naming_19%32, pending tasks: 0
naming_20%32, pending tasks: 0
naming_21%32, pending tasks: 0
naming_22%32, pending tasks: 0
naming_23%32, pending tasks: 0
naming_24%32, pending tasks: 0
naming_25%32, pending tasks: 0
naming_26%32, pending tasks: 0
naming_27%32, pending tasks: 0
naming_28%32, pending tasks: 0
naming_29%32, pending tasks: 0
naming_30%32, pending tasks: 0
naming_31%32, pending tasks: 0


2022-02-12 13:34:03,764 INFO PERFORMANCE:|5|5|8|-1|-1|20|0

2022-02-12 13:34:03,764 INFO Task worker status: 
naming_0%32, pending tasks: 0
naming_1%32, pending tasks: 0
naming_2%32, pending tasks: 0
naming_3%32, pending tasks: 0
naming_4%32, pending tasks: 0
naming_5%32, pending tasks: 0
naming_6%32, pending tasks: 0
naming_7%32, pending tasks: 0
naming_8%32, pending tasks: 0
naming_9%32, pending tasks: 0
naming_10%32, pending tasks: 0
naming_11%32, pending tasks: 0
naming_12%32, pending tasks: 0
naming_13%32, pending tasks: 0
naming_14%32, pending tasks: 0
naming_15%32, pending tasks: 0
naming_16%32, pending tasks: 0
naming_17%32, pending tasks: 0
naming_18%32, pending tasks: 0
naming_19%32, pending tasks: 0
naming_20%32, pending tasks: 0
naming_21%32, pending tasks: 0
naming_22%32, pending tasks: 0
naming_23%32, pending tasks: 0
naming_24%32, pending tasks: 0
naming_25%32, pending tasks: 0
naming_26%32, pending tasks: 0
naming_27%32, pending tasks: 0
naming_28%32, pending tasks: 0
naming_29%32, pending tasks: 0
naming_30%32, pending tasks: 0
naming_31%32, pending tasks: 0


2022-02-12 13:35:03,771 INFO PERFORMANCE:|5|5|8|-1|-1|20|0

2022-02-12 13:35:03,771 INFO Task worker status: 
naming_0%32, pending tasks: 0
naming_1%32, pending tasks: 0
naming_2%32, pending tasks: 0
naming_3%32, pending tasks: 0
naming_4%32, pending tasks: 0
naming_5%32, pending tasks: 0
naming_6%32, pending tasks: 0
naming_7%32, pending tasks: 0
naming_8%32, pending tasks: 0
naming_9%32, pending tasks: 0
naming_10%32, pending tasks: 0
naming_11%32, pending tasks: 0
naming_12%32, pending tasks: 0
naming_13%32, pending tasks: 0
naming_14%32, pending tasks: 0
naming_15%32, pending tasks: 0
naming_16%32, pending tasks: 0
naming_17%32, pending tasks: 0
naming_18%32, pending tasks: 0
naming_19%32, pending tasks: 0
naming_20%32, pending tasks: 0
naming_21%32, pending tasks: 0
naming_22%32, pending tasks: 0
naming_23%32, pending tasks: 0
naming_24%32, pending tasks: 0
naming_25%32, pending tasks: 0
naming_26%32, pending tasks: 0
naming_27%32, pending tasks: 0
naming_28%32, pending tasks: 0
naming_29%32, pending tasks: 0
naming_30%32, pending tasks: 0
naming_31%32, pending tasks: 0


2022-02-12 13:36:03,779 INFO PERFORMANCE:|5|5|8|548|525|25|0

2022-02-12 13:36:03,779 INFO Task worker status: 
naming_0%32, pending tasks: 0
naming_1%32, pending tasks: 0
naming_2%32, pending tasks: 0
naming_3%32, pending tasks: 0
naming_4%32, pending tasks: 0
naming_5%32, pending tasks: 0
naming_6%32, pending tasks: 0
naming_7%32, pending tasks: 0
naming_8%32, pending tasks: 0
naming_9%32, pending tasks: 0
naming_10%32, pending tasks: 0
naming_11%32, pending tasks: 0
naming_12%32, pending tasks: 0
naming_13%32, pending tasks: 0
naming_14%32, pending tasks: 0
naming_15%32, pending tasks: 0
naming_16%32, pending tasks: 0
naming_17%32, pending tasks: 0
naming_18%32, pending tasks: 0
naming_19%32, pending tasks: 0
naming_20%32, pending tasks: 0
naming_21%32, pending tasks: 0
naming_22%32, pending tasks: 0
naming_23%32, pending tasks: 0
naming_24%32, pending tasks: 0
naming_25%32, pending tasks: 0
naming_26%32, pending tasks: 0
naming_27%32, pending tasks: 0
naming_28%32, pending tasks: 0
naming_29%32, pending tasks: 0
naming_30%32, pending tasks: 0
naming_31%32, pending tasks: 0


2022-02-12 13:37:03,787 INFO PERFORMANCE:|5|5|8|-1|-1|25|0

2022-02-12 13:37:03,787 INFO Task worker status: 
naming_0%32, pending tasks: 0
naming_1%32, pending tasks: 0
naming_2%32, pending tasks: 0
naming_3%32, pending tasks: 0
naming_4%32, pending tasks: 0
naming_5%32, pending tasks: 0
naming_6%32, pending tasks: 0
naming_7%32, pending tasks: 0
naming_8%32, pending tasks: 0
naming_9%32, pending tasks: 0
naming_10%32, pending tasks: 0
naming_11%32, pending tasks: 0
naming_12%32, pending tasks: 0
naming_13%32, pending tasks: 0
naming_14%32, pending tasks: 0
naming_15%32, pending tasks: 0
naming_16%32, pending tasks: 0
naming_17%32, pending tasks: 0
naming_18%32, pending tasks: 0
naming_19%32, pending tasks: 0
naming_20%32, pending tasks: 0
naming_21%32, pending tasks: 0
naming_22%32, pending tasks: 0
naming_23%32, pending tasks: 0
naming_24%32, pending tasks: 0
naming_25%32, pending tasks: 0
naming_26%32, pending tasks: 0
naming_27%32, pending tasks: 0
naming_28%32, pending tasks: 0
naming_29%32, pending tasks: 0
naming_30%32, pending tasks: 0
naming_31%32, pending tasks: 0


2022-02-12 13:38:03,792 INFO PERFORMANCE:|5|5|8|-1|-1|25|0

2022-02-12 13:38:03,792 INFO Task worker status: 
naming_0%32, pending tasks: 0
naming_1%32, pending tasks: 0
naming_2%32, pending tasks: 0
naming_3%32, pending tasks: 0
naming_4%32, pending tasks: 0
naming_5%32, pending tasks: 0
naming_6%32, pending tasks: 0
naming_7%32, pending tasks: 0
naming_8%32, pending tasks: 0
naming_9%32, pending tasks: 0
naming_10%32, pending tasks: 0
naming_11%32, pending tasks: 0
naming_12%32, pending tasks: 0
naming_13%32, pending tasks: 0
naming_14%32, pending tasks: 0
naming_15%32, pending tasks: 0
naming_16%32, pending tasks: 0
naming_17%32, pending tasks: 0
naming_18%32, pending tasks: 0
naming_19%32, pending tasks: 0
naming_20%32, pending tasks: 0
naming_21%32, pending tasks: 0
naming_22%32, pending tasks: 0
naming_23%32, pending tasks: 0
naming_24%32, pending tasks: 0
naming_25%32, pending tasks: 0
naming_26%32, pending tasks: 0
naming_27%32, pending tasks: 0
naming_28%32, pending tasks: 0
naming_29%32, pending tasks: 0
naming_30%32, pending tasks: 0
naming_31%32, pending tasks: 0


2022-02-12 13:39:03,797 INFO PERFORMANCE:|serviceCount|ipCount|subscribeCount|maxPushCost|avgPushCost|totalPushCount|failPushCount

2022-02-12 13:39:03,797 INFO PERFORMANCE:|5|5|8|-1|-1|25|0

2022-02-12 13:39:03,797 INFO Task worker status: 
naming_0%32, pending tasks: 0
naming_1%32, pending tasks: 0
naming_2%32, pending tasks: 0
naming_3%32, pending tasks: 0
naming_4%32, pending tasks: 0
naming_5%32, pending tasks: 0
naming_6%32, pending tasks: 0
naming_7%32, pending tasks: 0
naming_8%32, pending tasks: 0
naming_9%32, pending tasks: 0
naming_10%32, pending tasks: 0
naming_11%32, pending tasks: 0
naming_12%32, pending tasks: 0
naming_13%32, pending tasks: 0
naming_14%32, pending tasks: 0
naming_15%32, pending tasks: 0
naming_16%32, pending tasks: 0
naming_17%32, pending tasks: 0
naming_18%32, pending tasks: 0
naming_19%32, pending tasks: 0
naming_20%32, pending tasks: 0
naming_21%32, pending tasks: 0
naming_22%32, pending tasks: 0
naming_23%32, pending tasks: 0
naming_24%32, pending tasks: 0
naming_25%32, pending tasks: 0
naming_26%32, pending tasks: 0
naming_27%32, pending tasks: 0
naming_28%32, pending tasks: 0
naming_29%32, pending tasks: 0
naming_30%32, pending tasks: 0
naming_31%32, pending tasks: 0


2022-02-12 13:40:03,810 INFO PERFORMANCE:|5|5|8|-1|-1|25|0

2022-02-12 13:40:03,810 INFO Task worker status: 
naming_0%32, pending tasks: 0
naming_1%32, pending tasks: 0
naming_2%32, pending tasks: 0
naming_3%32, pending tasks: 0
naming_4%32, pending tasks: 0
naming_5%32, pending tasks: 0
naming_6%32, pending tasks: 0
naming_7%32, pending tasks: 0
naming_8%32, pending tasks: 0
naming_9%32, pending tasks: 0
naming_10%32, pending tasks: 0
naming_11%32, pending tasks: 0
naming_12%32, pending tasks: 0
naming_13%32, pending tasks: 0
naming_14%32, pending tasks: 0
naming_15%32, pending tasks: 0
naming_16%32, pending tasks: 0
naming_17%32, pending tasks: 0
naming_18%32, pending tasks: 0
naming_19%32, pending tasks: 0
naming_20%32, pending tasks: 0
naming_21%32, pending tasks: 0
naming_22%32, pending tasks: 0
naming_23%32, pending tasks: 0
naming_24%32, pending tasks: 0
naming_25%32, pending tasks: 0
naming_26%32, pending tasks: 0
naming_27%32, pending tasks: 0
naming_28%32, pending tasks: 0
naming_29%32, pending tasks: 0
naming_30%32, pending tasks: 0
naming_31%32, pending tasks: 0


2022-02-12 13:41:03,814 INFO PERFORMANCE:|5|5|8|-1|-1|25|0

2022-02-12 13:41:03,814 INFO Task worker status: 
naming_0%32, pending tasks: 0
naming_1%32, pending tasks: 0
naming_2%32, pending tasks: 0
naming_3%32, pending tasks: 0
naming_4%32, pending tasks: 0
naming_5%32, pending tasks: 0
naming_6%32, pending tasks: 0
naming_7%32, pending tasks: 0
naming_8%32, pending tasks: 0
naming_9%32, pending tasks: 0
naming_10%32, pending tasks: 0
naming_11%32, pending tasks: 0
naming_12%32, pending tasks: 0
naming_13%32, pending tasks: 0
naming_14%32, pending tasks: 0
naming_15%32, pending tasks: 0
naming_16%32, pending tasks: 0
naming_17%32, pending tasks: 0
naming_18%32, pending tasks: 0
naming_19%32, pending tasks: 0
naming_20%32, pending tasks: 0
naming_21%32, pending tasks: 0
naming_22%32, pending tasks: 0
naming_23%32, pending tasks: 0
naming_24%32, pending tasks: 0
naming_25%32, pending tasks: 0
naming_26%32, pending tasks: 0
naming_27%32, pending tasks: 0
naming_28%32, pending tasks: 0
naming_29%32, pending tasks: 0
naming_30%32, pending tasks: 0
naming_31%32, pending tasks: 0


2022-02-12 13:42:03,822 INFO PERFORMANCE:|5|5|8|-1|-1|25|0

2022-02-12 13:42:03,822 INFO Task worker status: 
naming_0%32, pending tasks: 0
naming_1%32, pending tasks: 0
naming_2%32, pending tasks: 0
naming_3%32, pending tasks: 0
naming_4%32, pending tasks: 0
naming_5%32, pending tasks: 0
naming_6%32, pending tasks: 0
naming_7%32, pending tasks: 0
naming_8%32, pending tasks: 0
naming_9%32, pending tasks: 0
naming_10%32, pending tasks: 0
naming_11%32, pending tasks: 0
naming_12%32, pending tasks: 0
naming_13%32, pending tasks: 0
naming_14%32, pending tasks: 0
naming_15%32, pending tasks: 0
naming_16%32, pending tasks: 0
naming_17%32, pending tasks: 0
naming_18%32, pending tasks: 0
naming_19%32, pending tasks: 0
naming_20%32, pending tasks: 0
naming_21%32, pending tasks: 0
naming_22%32, pending tasks: 0
naming_23%32, pending tasks: 0
naming_24%32, pending tasks: 0
naming_25%32, pending tasks: 0
naming_26%32, pending tasks: 0
naming_27%32, pending tasks: 0
naming_28%32, pending tasks: 0
naming_29%32, pending tasks: 0
naming_30%32, pending tasks: 0
naming_31%32, pending tasks: 0


2022-02-12 13:43:03,837 INFO PERFORMANCE:|5|5|8|-1|-1|25|0

2022-02-12 13:43:03,837 INFO Task worker status: 
naming_0%32, pending tasks: 0
naming_1%32, pending tasks: 0
naming_2%32, pending tasks: 0
naming_3%32, pending tasks: 0
naming_4%32, pending tasks: 0
naming_5%32, pending tasks: 0
naming_6%32, pending tasks: 0
naming_7%32, pending tasks: 0
naming_8%32, pending tasks: 0
naming_9%32, pending tasks: 0
naming_10%32, pending tasks: 0
naming_11%32, pending tasks: 0
naming_12%32, pending tasks: 0
naming_13%32, pending tasks: 0
naming_14%32, pending tasks: 0
naming_15%32, pending tasks: 0
naming_16%32, pending tasks: 0
naming_17%32, pending tasks: 0
naming_18%32, pending tasks: 0
naming_19%32, pending tasks: 0
naming_20%32, pending tasks: 0
naming_21%32, pending tasks: 0
naming_22%32, pending tasks: 0
naming_23%32, pending tasks: 0
naming_24%32, pending tasks: 0
naming_25%32, pending tasks: 0
naming_26%32, pending tasks: 0
naming_27%32, pending tasks: 0
naming_28%32, pending tasks: 0
naming_29%32, pending tasks: 0
naming_30%32, pending tasks: 0
naming_31%32, pending tasks: 0


2022-02-12 13:44:03,847 INFO PERFORMANCE:|5|5|8|-1|-1|25|0

2022-02-12 13:44:03,847 INFO Task worker status: 
naming_0%32, pending tasks: 0
naming_1%32, pending tasks: 0
naming_2%32, pending tasks: 0
naming_3%32, pending tasks: 0
naming_4%32, pending tasks: 0
naming_5%32, pending tasks: 0
naming_6%32, pending tasks: 0
naming_7%32, pending tasks: 0
naming_8%32, pending tasks: 0
naming_9%32, pending tasks: 0
naming_10%32, pending tasks: 0
naming_11%32, pending tasks: 0
naming_12%32, pending tasks: 0
naming_13%32, pending tasks: 0
naming_14%32, pending tasks: 0
naming_15%32, pending tasks: 0
naming_16%32, pending tasks: 0
naming_17%32, pending tasks: 0
naming_18%32, pending tasks: 0
naming_19%32, pending tasks: 0
naming_20%32, pending tasks: 0
naming_21%32, pending tasks: 0
naming_22%32, pending tasks: 0
naming_23%32, pending tasks: 0
naming_24%32, pending tasks: 0
naming_25%32, pending tasks: 0
naming_26%32, pending tasks: 0
naming_27%32, pending tasks: 0
naming_28%32, pending tasks: 0
naming_29%32, pending tasks: 0
naming_30%32, pending tasks: 0
naming_31%32, pending tasks: 0


2022-02-12 13:45:03,848 INFO PERFORMANCE:|5|5|8|-1|-1|25|0

2022-02-12 13:45:03,848 INFO Task worker status: 
naming_0%32, pending tasks: 0
naming_1%32, pending tasks: 0
naming_2%32, pending tasks: 0
naming_3%32, pending tasks: 0
naming_4%32, pending tasks: 0
naming_5%32, pending tasks: 0
naming_6%32, pending tasks: 0
naming_7%32, pending tasks: 0
naming_8%32, pending tasks: 0
naming_9%32, pending tasks: 0
naming_10%32, pending tasks: 0
naming_11%32, pending tasks: 0
naming_12%32, pending tasks: 0
naming_13%32, pending tasks: 0
naming_14%32, pending tasks: 0
naming_15%32, pending tasks: 0
naming_16%32, pending tasks: 0
naming_17%32, pending tasks: 0
naming_18%32, pending tasks: 0
naming_19%32, pending tasks: 0
naming_20%32, pending tasks: 0
naming_21%32, pending tasks: 0
naming_22%32, pending tasks: 0
naming_23%32, pending tasks: 0
naming_24%32, pending tasks: 0
naming_25%32, pending tasks: 0
naming_26%32, pending tasks: 0
naming_27%32, pending tasks: 0
naming_28%32, pending tasks: 0
naming_29%32, pending tasks: 0
naming_30%32, pending tasks: 0
naming_31%32, pending tasks: 0


2022-02-12 13:46:03,850 INFO PERFORMANCE:|5|5|8|-1|-1|25|0

2022-02-12 13:46:03,850 INFO Task worker status: 
naming_0%32, pending tasks: 0
naming_1%32, pending tasks: 0
naming_2%32, pending tasks: 0
naming_3%32, pending tasks: 0
naming_4%32, pending tasks: 0
naming_5%32, pending tasks: 0
naming_6%32, pending tasks: 0
naming_7%32, pending tasks: 0
naming_8%32, pending tasks: 0
naming_9%32, pending tasks: 0
naming_10%32, pending tasks: 0
naming_11%32, pending tasks: 0
naming_12%32, pending tasks: 0
naming_13%32, pending tasks: 0
naming_14%32, pending tasks: 0
naming_15%32, pending tasks: 0
naming_16%32, pending tasks: 0
naming_17%32, pending tasks: 0
naming_18%32, pending tasks: 0
naming_19%32, pending tasks: 0
naming_20%32, pending tasks: 0
naming_21%32, pending tasks: 0
naming_22%32, pending tasks: 0
naming_23%32, pending tasks: 0
naming_24%32, pending tasks: 0
naming_25%32, pending tasks: 0
naming_26%32, pending tasks: 0
naming_27%32, pending tasks: 0
naming_28%32, pending tasks: 0
naming_29%32, pending tasks: 0
naming_30%32, pending tasks: 0
naming_31%32, pending tasks: 0


2022-02-12 13:47:03,858 INFO PERFORMANCE:|5|5|8|-1|-1|25|0

2022-02-12 13:47:03,858 INFO Task worker status: 
naming_0%32, pending tasks: 0
naming_1%32, pending tasks: 0
naming_2%32, pending tasks: 0
naming_3%32, pending tasks: 0
naming_4%32, pending tasks: 0
naming_5%32, pending tasks: 0
naming_6%32, pending tasks: 0
naming_7%32, pending tasks: 0
naming_8%32, pending tasks: 0
naming_9%32, pending tasks: 0
naming_10%32, pending tasks: 0
naming_11%32, pending tasks: 0
naming_12%32, pending tasks: 0
naming_13%32, pending tasks: 0
naming_14%32, pending tasks: 0
naming_15%32, pending tasks: 0
naming_16%32, pending tasks: 0
naming_17%32, pending tasks: 0
naming_18%32, pending tasks: 0
naming_19%32, pending tasks: 0
naming_20%32, pending tasks: 0
naming_21%32, pending tasks: 0
naming_22%32, pending tasks: 0
naming_23%32, pending tasks: 0
naming_24%32, pending tasks: 0
naming_25%32, pending tasks: 0
naming_26%32, pending tasks: 0
naming_27%32, pending tasks: 0
naming_28%32, pending tasks: 0
naming_29%32, pending tasks: 0
naming_30%32, pending tasks: 0
naming_31%32, pending tasks: 0


2022-02-12 13:48:03,862 INFO PERFORMANCE:|5|5|8|-1|-1|25|0

2022-02-12 13:48:03,862 INFO Task worker status: 
naming_0%32, pending tasks: 0
naming_1%32, pending tasks: 0
naming_2%32, pending tasks: 0
naming_3%32, pending tasks: 0
naming_4%32, pending tasks: 0
naming_5%32, pending tasks: 0
naming_6%32, pending tasks: 0
naming_7%32, pending tasks: 0
naming_8%32, pending tasks: 0
naming_9%32, pending tasks: 0
naming_10%32, pending tasks: 0
naming_11%32, pending tasks: 0
naming_12%32, pending tasks: 0
naming_13%32, pending tasks: 0
naming_14%32, pending tasks: 0
naming_15%32, pending tasks: 0
naming_16%32, pending tasks: 0
naming_17%32, pending tasks: 0
naming_18%32, pending tasks: 0
naming_19%32, pending tasks: 0
naming_20%32, pending tasks: 0
naming_21%32, pending tasks: 0
naming_22%32, pending tasks: 0
naming_23%32, pending tasks: 0
naming_24%32, pending tasks: 0
naming_25%32, pending tasks: 0
naming_26%32, pending tasks: 0
naming_27%32, pending tasks: 0
naming_28%32, pending tasks: 0
naming_29%32, pending tasks: 0
naming_30%32, pending tasks: 0
naming_31%32, pending tasks: 0


2022-02-12 13:49:03,871 INFO PERFORMANCE:|serviceCount|ipCount|subscribeCount|maxPushCost|avgPushCost|totalPushCount|failPushCount

2022-02-12 13:49:03,871 INFO PERFORMANCE:|5|5|8|-1|-1|25|0

2022-02-12 13:49:03,871 INFO Task worker status: 
naming_0%32, pending tasks: 0
naming_1%32, pending tasks: 0
naming_2%32, pending tasks: 0
naming_3%32, pending tasks: 0
naming_4%32, pending tasks: 0
naming_5%32, pending tasks: 0
naming_6%32, pending tasks: 0
naming_7%32, pending tasks: 0
naming_8%32, pending tasks: 0
naming_9%32, pending tasks: 0
naming_10%32, pending tasks: 0
naming_11%32, pending tasks: 0
naming_12%32, pending tasks: 0
naming_13%32, pending tasks: 0
naming_14%32, pending tasks: 0
naming_15%32, pending tasks: 0
naming_16%32, pending tasks: 0
naming_17%32, pending tasks: 0
naming_18%32, pending tasks: 0
naming_19%32, pending tasks: 0
naming_20%32, pending tasks: 0
naming_21%32, pending tasks: 0
naming_22%32, pending tasks: 0
naming_23%32, pending tasks: 0
naming_24%32, pending tasks: 0
naming_25%32, pending tasks: 0
naming_26%32, pending tasks: 0
naming_27%32, pending tasks: 0
naming_28%32, pending tasks: 0
naming_29%32, pending tasks: 0
naming_30%32, pending tasks: 0
naming_31%32, pending tasks: 0


2022-02-12 13:50:03,886 INFO PERFORMANCE:|5|5|6|615|615|26|0

2022-02-12 13:50:03,886 INFO Task worker status: 
naming_0%32, pending tasks: 0
naming_1%32, pending tasks: 0
naming_2%32, pending tasks: 0
naming_3%32, pending tasks: 0
naming_4%32, pending tasks: 0
naming_5%32, pending tasks: 0
naming_6%32, pending tasks: 0
naming_7%32, pending tasks: 0
naming_8%32, pending tasks: 0
naming_9%32, pending tasks: 0
naming_10%32, pending tasks: 0
naming_11%32, pending tasks: 0
naming_12%32, pending tasks: 0
naming_13%32, pending tasks: 0
naming_14%32, pending tasks: 0
naming_15%32, pending tasks: 0
naming_16%32, pending tasks: 0
naming_17%32, pending tasks: 0
naming_18%32, pending tasks: 0
naming_19%32, pending tasks: 0
naming_20%32, pending tasks: 0
naming_21%32, pending tasks: 0
naming_22%32, pending tasks: 0
naming_23%32, pending tasks: 0
naming_24%32, pending tasks: 0
naming_25%32, pending tasks: 0
naming_26%32, pending tasks: 0
naming_27%32, pending tasks: 0
naming_28%32, pending tasks: 0
naming_29%32, pending tasks: 0
naming_30%32, pending tasks: 0
naming_31%32, pending tasks: 0


2022-02-12 13:51:03,889 INFO PERFORMANCE:|5|5|8|608|605|28|0

2022-02-12 13:51:03,889 INFO Task worker status: 
naming_0%32, pending tasks: 0
naming_1%32, pending tasks: 0
naming_2%32, pending tasks: 0
naming_3%32, pending tasks: 0
naming_4%32, pending tasks: 0
naming_5%32, pending tasks: 0
naming_6%32, pending tasks: 0
naming_7%32, pending tasks: 0
naming_8%32, pending tasks: 0
naming_9%32, pending tasks: 0
naming_10%32, pending tasks: 0
naming_11%32, pending tasks: 0
naming_12%32, pending tasks: 0
naming_13%32, pending tasks: 0
naming_14%32, pending tasks: 0
naming_15%32, pending tasks: 0
naming_16%32, pending tasks: 0
naming_17%32, pending tasks: 0
naming_18%32, pending tasks: 0
naming_19%32, pending tasks: 0
naming_20%32, pending tasks: 0
naming_21%32, pending tasks: 0
naming_22%32, pending tasks: 0
naming_23%32, pending tasks: 0
naming_24%32, pending tasks: 0
naming_25%32, pending tasks: 0
naming_26%32, pending tasks: 0
naming_27%32, pending tasks: 0
naming_28%32, pending tasks: 0
naming_29%32, pending tasks: 0
naming_30%32, pending tasks: 0
naming_31%32, pending tasks: 0


2022-02-12 13:52:03,891 INFO PERFORMANCE:|5|5|8|-1|-1|28|0

2022-02-12 13:52:03,891 INFO Task worker status: 
naming_0%32, pending tasks: 0
naming_1%32, pending tasks: 0
naming_2%32, pending tasks: 0
naming_3%32, pending tasks: 0
naming_4%32, pending tasks: 0
naming_5%32, pending tasks: 0
naming_6%32, pending tasks: 0
naming_7%32, pending tasks: 0
naming_8%32, pending tasks: 0
naming_9%32, pending tasks: 0
naming_10%32, pending tasks: 0
naming_11%32, pending tasks: 0
naming_12%32, pending tasks: 0
naming_13%32, pending tasks: 0
naming_14%32, pending tasks: 0
naming_15%32, pending tasks: 0
naming_16%32, pending tasks: 0
naming_17%32, pending tasks: 0
naming_18%32, pending tasks: 0
naming_19%32, pending tasks: 0
naming_20%32, pending tasks: 0
naming_21%32, pending tasks: 0
naming_22%32, pending tasks: 0
naming_23%32, pending tasks: 0
naming_24%32, pending tasks: 0
naming_25%32, pending tasks: 0
naming_26%32, pending tasks: 0
naming_27%32, pending tasks: 0
naming_28%32, pending tasks: 0
naming_29%32, pending tasks: 0
naming_30%32, pending tasks: 0
naming_31%32, pending tasks: 0


2022-02-12 13:53:03,896 INFO PERFORMANCE:|5|5|8|-1|-1|28|0

2022-02-12 13:53:03,896 INFO Task worker status: 
naming_0%32, pending tasks: 0
naming_1%32, pending tasks: 0
naming_2%32, pending tasks: 0
naming_3%32, pending tasks: 0
naming_4%32, pending tasks: 0
naming_5%32, pending tasks: 0
naming_6%32, pending tasks: 0
naming_7%32, pending tasks: 0
naming_8%32, pending tasks: 0
naming_9%32, pending tasks: 0
naming_10%32, pending tasks: 0
naming_11%32, pending tasks: 0
naming_12%32, pending tasks: 0
naming_13%32, pending tasks: 0
naming_14%32, pending tasks: 0
naming_15%32, pending tasks: 0
naming_16%32, pending tasks: 0
naming_17%32, pending tasks: 0
naming_18%32, pending tasks: 0
naming_19%32, pending tasks: 0
naming_20%32, pending tasks: 0
naming_21%32, pending tasks: 0
naming_22%32, pending tasks: 0
naming_23%32, pending tasks: 0
naming_24%32, pending tasks: 0
naming_25%32, pending tasks: 0
naming_26%32, pending tasks: 0
naming_27%32, pending tasks: 0
naming_28%32, pending tasks: 0
naming_29%32, pending tasks: 0
naming_30%32, pending tasks: 0
naming_31%32, pending tasks: 0


2022-02-12 13:54:03,901 INFO PERFORMANCE:|5|5|8|-1|-1|28|0

2022-02-12 13:54:03,901 INFO Task worker status: 
naming_0%32, pending tasks: 0
naming_1%32, pending tasks: 0
naming_2%32, pending tasks: 0
naming_3%32, pending tasks: 0
naming_4%32, pending tasks: 0
naming_5%32, pending tasks: 0
naming_6%32, pending tasks: 0
naming_7%32, pending tasks: 0
naming_8%32, pending tasks: 0
naming_9%32, pending tasks: 0
naming_10%32, pending tasks: 0
naming_11%32, pending tasks: 0
naming_12%32, pending tasks: 0
naming_13%32, pending tasks: 0
naming_14%32, pending tasks: 0
naming_15%32, pending tasks: 0
naming_16%32, pending tasks: 0
naming_17%32, pending tasks: 0
naming_18%32, pending tasks: 0
naming_19%32, pending tasks: 0
naming_20%32, pending tasks: 0
naming_21%32, pending tasks: 0
naming_22%32, pending tasks: 0
naming_23%32, pending tasks: 0
naming_24%32, pending tasks: 0
naming_25%32, pending tasks: 0
naming_26%32, pending tasks: 0
naming_27%32, pending tasks: 0
naming_28%32, pending tasks: 0
naming_29%32, pending tasks: 0
naming_30%32, pending tasks: 0
naming_31%32, pending tasks: 0


2022-02-12 13:55:03,913 INFO PERFORMANCE:|5|5|8|-1|-1|28|0

2022-02-12 13:55:03,913 INFO Task worker status: 
naming_0%32, pending tasks: 0
naming_1%32, pending tasks: 0
naming_2%32, pending tasks: 0
naming_3%32, pending tasks: 0
naming_4%32, pending tasks: 0
naming_5%32, pending tasks: 0
naming_6%32, pending tasks: 0
naming_7%32, pending tasks: 0
naming_8%32, pending tasks: 0
naming_9%32, pending tasks: 0
naming_10%32, pending tasks: 0
naming_11%32, pending tasks: 0
naming_12%32, pending tasks: 0
naming_13%32, pending tasks: 0
naming_14%32, pending tasks: 0
naming_15%32, pending tasks: 0
naming_16%32, pending tasks: 0
naming_17%32, pending tasks: 0
naming_18%32, pending tasks: 0
naming_19%32, pending tasks: 0
naming_20%32, pending tasks: 0
naming_21%32, pending tasks: 0
naming_22%32, pending tasks: 0
naming_23%32, pending tasks: 0
naming_24%32, pending tasks: 0
naming_25%32, pending tasks: 0
naming_26%32, pending tasks: 0
naming_27%32, pending tasks: 0
naming_28%32, pending tasks: 0
naming_29%32, pending tasks: 0
naming_30%32, pending tasks: 0
naming_31%32, pending tasks: 0


2022-02-12 13:56:03,927 INFO PERFORMANCE:|5|5|8|-1|-1|28|0

2022-02-12 13:56:03,927 INFO Task worker status: 
naming_0%32, pending tasks: 0
naming_1%32, pending tasks: 0
naming_2%32, pending tasks: 0
naming_3%32, pending tasks: 0
naming_4%32, pending tasks: 0
naming_5%32, pending tasks: 0
naming_6%32, pending tasks: 0
naming_7%32, pending tasks: 0
naming_8%32, pending tasks: 0
naming_9%32, pending tasks: 0
naming_10%32, pending tasks: 0
naming_11%32, pending tasks: 0
naming_12%32, pending tasks: 0
naming_13%32, pending tasks: 0
naming_14%32, pending tasks: 0
naming_15%32, pending tasks: 0
naming_16%32, pending tasks: 0
naming_17%32, pending tasks: 0
naming_18%32, pending tasks: 0
naming_19%32, pending tasks: 0
naming_20%32, pending tasks: 0
naming_21%32, pending tasks: 0
naming_22%32, pending tasks: 0
naming_23%32, pending tasks: 0
naming_24%32, pending tasks: 0
naming_25%32, pending tasks: 0
naming_26%32, pending tasks: 0
naming_27%32, pending tasks: 0
naming_28%32, pending tasks: 0
naming_29%32, pending tasks: 0
naming_30%32, pending tasks: 0
naming_31%32, pending tasks: 0


2022-02-12 13:57:03,941 INFO PERFORMANCE:|5|5|8|-1|-1|28|0

2022-02-12 13:57:03,941 INFO Task worker status: 
naming_0%32, pending tasks: 0
naming_1%32, pending tasks: 0
naming_2%32, pending tasks: 0
naming_3%32, pending tasks: 0
naming_4%32, pending tasks: 0
naming_5%32, pending tasks: 0
naming_6%32, pending tasks: 0
naming_7%32, pending tasks: 0
naming_8%32, pending tasks: 0
naming_9%32, pending tasks: 0
naming_10%32, pending tasks: 0
naming_11%32, pending tasks: 0
naming_12%32, pending tasks: 0
naming_13%32, pending tasks: 0
naming_14%32, pending tasks: 0
naming_15%32, pending tasks: 0
naming_16%32, pending tasks: 0
naming_17%32, pending tasks: 0
naming_18%32, pending tasks: 0
naming_19%32, pending tasks: 0
naming_20%32, pending tasks: 0
naming_21%32, pending tasks: 0
naming_22%32, pending tasks: 0
naming_23%32, pending tasks: 0
naming_24%32, pending tasks: 0
naming_25%32, pending tasks: 0
naming_26%32, pending tasks: 0
naming_27%32, pending tasks: 0
naming_28%32, pending tasks: 0
naming_29%32, pending tasks: 0
naming_30%32, pending tasks: 0
naming_31%32, pending tasks: 0


2022-02-12 13:58:03,952 INFO PERFORMANCE:|5|5|8|-1|-1|28|0

2022-02-12 13:58:03,952 INFO Task worker status: 
naming_0%32, pending tasks: 0
naming_1%32, pending tasks: 0
naming_2%32, pending tasks: 0
naming_3%32, pending tasks: 0
naming_4%32, pending tasks: 0
naming_5%32, pending tasks: 0
naming_6%32, pending tasks: 0
naming_7%32, pending tasks: 0
naming_8%32, pending tasks: 0
naming_9%32, pending tasks: 0
naming_10%32, pending tasks: 0
naming_11%32, pending tasks: 0
naming_12%32, pending tasks: 0
naming_13%32, pending tasks: 0
naming_14%32, pending tasks: 0
naming_15%32, pending tasks: 0
naming_16%32, pending tasks: 0
naming_17%32, pending tasks: 0
naming_18%32, pending tasks: 0
naming_19%32, pending tasks: 0
naming_20%32, pending tasks: 0
naming_21%32, pending tasks: 0
naming_22%32, pending tasks: 0
naming_23%32, pending tasks: 0
naming_24%32, pending tasks: 0
naming_25%32, pending tasks: 0
naming_26%32, pending tasks: 0
naming_27%32, pending tasks: 0
naming_28%32, pending tasks: 0
naming_29%32, pending tasks: 0
naming_30%32, pending tasks: 0
naming_31%32, pending tasks: 0


2022-02-12 13:59:03,964 INFO PERFORMANCE:|serviceCount|ipCount|subscribeCount|maxPushCost|avgPushCost|totalPushCount|failPushCount

2022-02-12 13:59:03,965 INFO PERFORMANCE:|5|5|8|-1|-1|28|0

2022-02-12 13:59:03,965 INFO Task worker status: 
naming_0%32, pending tasks: 0
naming_1%32, pending tasks: 0
naming_2%32, pending tasks: 0
naming_3%32, pending tasks: 0
naming_4%32, pending tasks: 0
naming_5%32, pending tasks: 0
naming_6%32, pending tasks: 0
naming_7%32, pending tasks: 0
naming_8%32, pending tasks: 0
naming_9%32, pending tasks: 0
naming_10%32, pending tasks: 0
naming_11%32, pending tasks: 0
naming_12%32, pending tasks: 0
naming_13%32, pending tasks: 0
naming_14%32, pending tasks: 0
naming_15%32, pending tasks: 0
naming_16%32, pending tasks: 0
naming_17%32, pending tasks: 0
naming_18%32, pending tasks: 0
naming_19%32, pending tasks: 0
naming_20%32, pending tasks: 0
naming_21%32, pending tasks: 0
naming_22%32, pending tasks: 0
naming_23%32, pending tasks: 0
naming_24%32, pending tasks: 0
naming_25%32, pending tasks: 0
naming_26%32, pending tasks: 0
naming_27%32, pending tasks: 0
naming_28%32, pending tasks: 0
naming_29%32, pending tasks: 0
naming_30%32, pending tasks: 0
naming_31%32, pending tasks: 0


2022-02-12 14:00:03,979 INFO PERFORMANCE:|5|5|8|-1|-1|28|0

2022-02-12 14:00:03,979 INFO Task worker status: 
naming_0%32, pending tasks: 0
naming_1%32, pending tasks: 0
naming_2%32, pending tasks: 0
naming_3%32, pending tasks: 0
naming_4%32, pending tasks: 0
naming_5%32, pending tasks: 0
naming_6%32, pending tasks: 0
naming_7%32, pending tasks: 0
naming_8%32, pending tasks: 0
naming_9%32, pending tasks: 0
naming_10%32, pending tasks: 0
naming_11%32, pending tasks: 0
naming_12%32, pending tasks: 0
naming_13%32, pending tasks: 0
naming_14%32, pending tasks: 0
naming_15%32, pending tasks: 0
naming_16%32, pending tasks: 0
naming_17%32, pending tasks: 0
naming_18%32, pending tasks: 0
naming_19%32, pending tasks: 0
naming_20%32, pending tasks: 0
naming_21%32, pending tasks: 0
naming_22%32, pending tasks: 0
naming_23%32, pending tasks: 0
naming_24%32, pending tasks: 0
naming_25%32, pending tasks: 0
naming_26%32, pending tasks: 0
naming_27%32, pending tasks: 0
naming_28%32, pending tasks: 0
naming_29%32, pending tasks: 0
naming_30%32, pending tasks: 0
naming_31%32, pending tasks: 0


2022-02-12 14:01:03,981 INFO PERFORMANCE:|5|5|8|-1|-1|28|0

2022-02-12 14:01:03,981 INFO Task worker status: 
naming_0%32, pending tasks: 0
naming_1%32, pending tasks: 0
naming_2%32, pending tasks: 0
naming_3%32, pending tasks: 0
naming_4%32, pending tasks: 0
naming_5%32, pending tasks: 0
naming_6%32, pending tasks: 0
naming_7%32, pending tasks: 0
naming_8%32, pending tasks: 0
naming_9%32, pending tasks: 0
naming_10%32, pending tasks: 0
naming_11%32, pending tasks: 0
naming_12%32, pending tasks: 0
naming_13%32, pending tasks: 0
naming_14%32, pending tasks: 0
naming_15%32, pending tasks: 0
naming_16%32, pending tasks: 0
naming_17%32, pending tasks: 0
naming_18%32, pending tasks: 0
naming_19%32, pending tasks: 0
naming_20%32, pending tasks: 0
naming_21%32, pending tasks: 0
naming_22%32, pending tasks: 0
naming_23%32, pending tasks: 0
naming_24%32, pending tasks: 0
naming_25%32, pending tasks: 0
naming_26%32, pending tasks: 0
naming_27%32, pending tasks: 0
naming_28%32, pending tasks: 0
naming_29%32, pending tasks: 0
naming_30%32, pending tasks: 0
naming_31%32, pending tasks: 0


2022-02-12 14:02:03,984 INFO PERFORMANCE:|5|5|8|-1|-1|28|0

2022-02-12 14:02:03,984 INFO Task worker status: 
naming_0%32, pending tasks: 0
naming_1%32, pending tasks: 0
naming_2%32, pending tasks: 0
naming_3%32, pending tasks: 0
naming_4%32, pending tasks: 0
naming_5%32, pending tasks: 0
naming_6%32, pending tasks: 0
naming_7%32, pending tasks: 0
naming_8%32, pending tasks: 0
naming_9%32, pending tasks: 0
naming_10%32, pending tasks: 0
naming_11%32, pending tasks: 0
naming_12%32, pending tasks: 0
naming_13%32, pending tasks: 0
naming_14%32, pending tasks: 0
naming_15%32, pending tasks: 0
naming_16%32, pending tasks: 0
naming_17%32, pending tasks: 0
naming_18%32, pending tasks: 0
naming_19%32, pending tasks: 0
naming_20%32, pending tasks: 0
naming_21%32, pending tasks: 0
naming_22%32, pending tasks: 0
naming_23%32, pending tasks: 0
naming_24%32, pending tasks: 0
naming_25%32, pending tasks: 0
naming_26%32, pending tasks: 0
naming_27%32, pending tasks: 0
naming_28%32, pending tasks: 0
naming_29%32, pending tasks: 0
naming_30%32, pending tasks: 0
naming_31%32, pending tasks: 0


2022-02-12 14:03:03,989 INFO PERFORMANCE:|5|5|8|-1|-1|28|0

2022-02-12 14:03:03,989 INFO Task worker status: 
naming_0%32, pending tasks: 0
naming_1%32, pending tasks: 0
naming_2%32, pending tasks: 0
naming_3%32, pending tasks: 0
naming_4%32, pending tasks: 0
naming_5%32, pending tasks: 0
naming_6%32, pending tasks: 0
naming_7%32, pending tasks: 0
naming_8%32, pending tasks: 0
naming_9%32, pending tasks: 0
naming_10%32, pending tasks: 0
naming_11%32, pending tasks: 0
naming_12%32, pending tasks: 0
naming_13%32, pending tasks: 0
naming_14%32, pending tasks: 0
naming_15%32, pending tasks: 0
naming_16%32, pending tasks: 0
naming_17%32, pending tasks: 0
naming_18%32, pending tasks: 0
naming_19%32, pending tasks: 0
naming_20%32, pending tasks: 0
naming_21%32, pending tasks: 0
naming_22%32, pending tasks: 0
naming_23%32, pending tasks: 0
naming_24%32, pending tasks: 0
naming_25%32, pending tasks: 0
naming_26%32, pending tasks: 0
naming_27%32, pending tasks: 0
naming_28%32, pending tasks: 0
naming_29%32, pending tasks: 0
naming_30%32, pending tasks: 0
naming_31%32, pending tasks: 0


2022-02-12 14:04:03,991 INFO PERFORMANCE:|5|5|8|-1|-1|28|0

2022-02-12 14:04:03,991 INFO Task worker status: 
naming_0%32, pending tasks: 0
naming_1%32, pending tasks: 0
naming_2%32, pending tasks: 0
naming_3%32, pending tasks: 0
naming_4%32, pending tasks: 0
naming_5%32, pending tasks: 0
naming_6%32, pending tasks: 0
naming_7%32, pending tasks: 0
naming_8%32, pending tasks: 0
naming_9%32, pending tasks: 0
naming_10%32, pending tasks: 0
naming_11%32, pending tasks: 0
naming_12%32, pending tasks: 0
naming_13%32, pending tasks: 0
naming_14%32, pending tasks: 0
naming_15%32, pending tasks: 0
naming_16%32, pending tasks: 0
naming_17%32, pending tasks: 0
naming_18%32, pending tasks: 0
naming_19%32, pending tasks: 0
naming_20%32, pending tasks: 0
naming_21%32, pending tasks: 0
naming_22%32, pending tasks: 0
naming_23%32, pending tasks: 0
naming_24%32, pending tasks: 0
naming_25%32, pending tasks: 0
naming_26%32, pending tasks: 0
naming_27%32, pending tasks: 0
naming_28%32, pending tasks: 0
naming_29%32, pending tasks: 0
naming_30%32, pending tasks: 0
naming_31%32, pending tasks: 0


2022-02-12 14:05:04,003 INFO PERFORMANCE:|5|5|8|-1|-1|28|0

2022-02-12 14:05:04,003 INFO Task worker status: 
naming_0%32, pending tasks: 0
naming_1%32, pending tasks: 0
naming_2%32, pending tasks: 0
naming_3%32, pending tasks: 0
naming_4%32, pending tasks: 0
naming_5%32, pending tasks: 0
naming_6%32, pending tasks: 0
naming_7%32, pending tasks: 0
naming_8%32, pending tasks: 0
naming_9%32, pending tasks: 0
naming_10%32, pending tasks: 0
naming_11%32, pending tasks: 0
naming_12%32, pending tasks: 0
naming_13%32, pending tasks: 0
naming_14%32, pending tasks: 0
naming_15%32, pending tasks: 0
naming_16%32, pending tasks: 0
naming_17%32, pending tasks: 0
naming_18%32, pending tasks: 0
naming_19%32, pending tasks: 0
naming_20%32, pending tasks: 0
naming_21%32, pending tasks: 0
naming_22%32, pending tasks: 0
naming_23%32, pending tasks: 0
naming_24%32, pending tasks: 0
naming_25%32, pending tasks: 0
naming_26%32, pending tasks: 0
naming_27%32, pending tasks: 0
naming_28%32, pending tasks: 0
naming_29%32, pending tasks: 0
naming_30%32, pending tasks: 0
naming_31%32, pending tasks: 0


2022-02-12 14:06:04,006 INFO PERFORMANCE:|5|5|8|-1|-1|28|0

2022-02-12 14:06:04,006 INFO Task worker status: 
naming_0%32, pending tasks: 0
naming_1%32, pending tasks: 0
naming_2%32, pending tasks: 0
naming_3%32, pending tasks: 0
naming_4%32, pending tasks: 0
naming_5%32, pending tasks: 0
naming_6%32, pending tasks: 0
naming_7%32, pending tasks: 0
naming_8%32, pending tasks: 0
naming_9%32, pending tasks: 0
naming_10%32, pending tasks: 0
naming_11%32, pending tasks: 0
naming_12%32, pending tasks: 0
naming_13%32, pending tasks: 0
naming_14%32, pending tasks: 0
naming_15%32, pending tasks: 0
naming_16%32, pending tasks: 0
naming_17%32, pending tasks: 0
naming_18%32, pending tasks: 0
naming_19%32, pending tasks: 0
naming_20%32, pending tasks: 0
naming_21%32, pending tasks: 0
naming_22%32, pending tasks: 0
naming_23%32, pending tasks: 0
naming_24%32, pending tasks: 0
naming_25%32, pending tasks: 0
naming_26%32, pending tasks: 0
naming_27%32, pending tasks: 0
naming_28%32, pending tasks: 0
naming_29%32, pending tasks: 0
naming_30%32, pending tasks: 0
naming_31%32, pending tasks: 0


2022-02-12 14:07:04,011 INFO PERFORMANCE:|5|5|8|-1|-1|28|0

2022-02-12 14:07:04,011 INFO Task worker status: 
naming_0%32, pending tasks: 0
naming_1%32, pending tasks: 0
naming_2%32, pending tasks: 0
naming_3%32, pending tasks: 0
naming_4%32, pending tasks: 0
naming_5%32, pending tasks: 0
naming_6%32, pending tasks: 0
naming_7%32, pending tasks: 0
naming_8%32, pending tasks: 0
naming_9%32, pending tasks: 0
naming_10%32, pending tasks: 0
naming_11%32, pending tasks: 0
naming_12%32, pending tasks: 0
naming_13%32, pending tasks: 0
naming_14%32, pending tasks: 0
naming_15%32, pending tasks: 0
naming_16%32, pending tasks: 0
naming_17%32, pending tasks: 0
naming_18%32, pending tasks: 0
naming_19%32, pending tasks: 0
naming_20%32, pending tasks: 0
naming_21%32, pending tasks: 0
naming_22%32, pending tasks: 0
naming_23%32, pending tasks: 0
naming_24%32, pending tasks: 0
naming_25%32, pending tasks: 0
naming_26%32, pending tasks: 0
naming_27%32, pending tasks: 0
naming_28%32, pending tasks: 0
naming_29%32, pending tasks: 0
naming_30%32, pending tasks: 0
naming_31%32, pending tasks: 0


2022-02-12 14:08:04,019 INFO PERFORMANCE:|5|5|6|542|542|29|0

2022-02-12 14:08:04,019 INFO Task worker status: 
naming_0%32, pending tasks: 0
naming_1%32, pending tasks: 0
naming_2%32, pending tasks: 0
naming_3%32, pending tasks: 0
naming_4%32, pending tasks: 0
naming_5%32, pending tasks: 0
naming_6%32, pending tasks: 0
naming_7%32, pending tasks: 0
naming_8%32, pending tasks: 0
naming_9%32, pending tasks: 0
naming_10%32, pending tasks: 0
naming_11%32, pending tasks: 0
naming_12%32, pending tasks: 0
naming_13%32, pending tasks: 0
naming_14%32, pending tasks: 0
naming_15%32, pending tasks: 0
naming_16%32, pending tasks: 0
naming_17%32, pending tasks: 0
naming_18%32, pending tasks: 0
naming_19%32, pending tasks: 0
naming_20%32, pending tasks: 0
naming_21%32, pending tasks: 0
naming_22%32, pending tasks: 0
naming_23%32, pending tasks: 0
naming_24%32, pending tasks: 0
naming_25%32, pending tasks: 0
naming_26%32, pending tasks: 0
naming_27%32, pending tasks: 0
naming_28%32, pending tasks: 0
naming_29%32, pending tasks: 0
naming_30%32, pending tasks: 0
naming_31%32, pending tasks: 0


2022-02-12 14:09:04,034 INFO PERFORMANCE:|serviceCount|ipCount|subscribeCount|maxPushCost|avgPushCost|totalPushCount|failPushCount

2022-02-12 14:09:04,034 INFO PERFORMANCE:|5|5|6|617|544|33|0

2022-02-12 14:09:04,034 INFO Task worker status: 
naming_0%32, pending tasks: 0
naming_1%32, pending tasks: 0
naming_2%32, pending tasks: 0
naming_3%32, pending tasks: 0
naming_4%32, pending tasks: 0
naming_5%32, pending tasks: 0
naming_6%32, pending tasks: 0
naming_7%32, pending tasks: 0
naming_8%32, pending tasks: 0
naming_9%32, pending tasks: 0
naming_10%32, pending tasks: 0
naming_11%32, pending tasks: 0
naming_12%32, pending tasks: 0
naming_13%32, pending tasks: 0
naming_14%32, pending tasks: 0
naming_15%32, pending tasks: 0
naming_16%32, pending tasks: 0
naming_17%32, pending tasks: 0
naming_18%32, pending tasks: 0
naming_19%32, pending tasks: 0
naming_20%32, pending tasks: 0
naming_21%32, pending tasks: 0
naming_22%32, pending tasks: 0
naming_23%32, pending tasks: 0
naming_24%32, pending tasks: 0
naming_25%32, pending tasks: 0
naming_26%32, pending tasks: 0
naming_27%32, pending tasks: 0
naming_28%32, pending tasks: 0
naming_29%32, pending tasks: 0
naming_30%32, pending tasks: 0
naming_31%32, pending tasks: 0


2022-02-12 14:10:04,045 INFO PERFORMANCE:|5|5|7|541|541|34|0

2022-02-12 14:10:04,045 INFO Task worker status: 
naming_0%32, pending tasks: 0
naming_1%32, pending tasks: 0
naming_2%32, pending tasks: 0
naming_3%32, pending tasks: 0
naming_4%32, pending tasks: 0
naming_5%32, pending tasks: 0
naming_6%32, pending tasks: 0
naming_7%32, pending tasks: 0
naming_8%32, pending tasks: 0
naming_9%32, pending tasks: 0
naming_10%32, pending tasks: 0
naming_11%32, pending tasks: 0
naming_12%32, pending tasks: 0
naming_13%32, pending tasks: 0
naming_14%32, pending tasks: 0
naming_15%32, pending tasks: 0
naming_16%32, pending tasks: 0
naming_17%32, pending tasks: 0
naming_18%32, pending tasks: 0
naming_19%32, pending tasks: 0
naming_20%32, pending tasks: 0
naming_21%32, pending tasks: 0
naming_22%32, pending tasks: 0
naming_23%32, pending tasks: 0
naming_24%32, pending tasks: 0
naming_25%32, pending tasks: 0
naming_26%32, pending tasks: 0
naming_27%32, pending tasks: 0
naming_28%32, pending tasks: 0
naming_29%32, pending tasks: 0
naming_30%32, pending tasks: 0
naming_31%32, pending tasks: 0


2022-02-12 14:11:04,054 INFO PERFORMANCE:|5|5|7|-1|-1|34|0

2022-02-12 14:11:04,054 INFO Task worker status: 
naming_0%32, pending tasks: 0
naming_1%32, pending tasks: 0
naming_2%32, pending tasks: 0
naming_3%32, pending tasks: 0
naming_4%32, pending tasks: 0
naming_5%32, pending tasks: 0
naming_6%32, pending tasks: 0
naming_7%32, pending tasks: 0
naming_8%32, pending tasks: 0
naming_9%32, pending tasks: 0
naming_10%32, pending tasks: 0
naming_11%32, pending tasks: 0
naming_12%32, pending tasks: 0
naming_13%32, pending tasks: 0
naming_14%32, pending tasks: 0
naming_15%32, pending tasks: 0
naming_16%32, pending tasks: 0
naming_17%32, pending tasks: 0
naming_18%32, pending tasks: 0
naming_19%32, pending tasks: 0
naming_20%32, pending tasks: 0
naming_21%32, pending tasks: 0
naming_22%32, pending tasks: 0
naming_23%32, pending tasks: 0
naming_24%32, pending tasks: 0
naming_25%32, pending tasks: 0
naming_26%32, pending tasks: 0
naming_27%32, pending tasks: 0
naming_28%32, pending tasks: 0
naming_29%32, pending tasks: 0
naming_30%32, pending tasks: 0
naming_31%32, pending tasks: 0


2022-02-12 14:12:04,059 INFO PERFORMANCE:|5|5|7|-1|-1|34|0

2022-02-12 14:12:04,059 INFO Task worker status: 
naming_0%32, pending tasks: 0
naming_1%32, pending tasks: 0
naming_2%32, pending tasks: 0
naming_3%32, pending tasks: 0
naming_4%32, pending tasks: 0
naming_5%32, pending tasks: 0
naming_6%32, pending tasks: 0
naming_7%32, pending tasks: 0
naming_8%32, pending tasks: 0
naming_9%32, pending tasks: 0
naming_10%32, pending tasks: 0
naming_11%32, pending tasks: 0
naming_12%32, pending tasks: 0
naming_13%32, pending tasks: 0
naming_14%32, pending tasks: 0
naming_15%32, pending tasks: 0
naming_16%32, pending tasks: 0
naming_17%32, pending tasks: 0
naming_18%32, pending tasks: 0
naming_19%32, pending tasks: 0
naming_20%32, pending tasks: 0
naming_21%32, pending tasks: 0
naming_22%32, pending tasks: 0
naming_23%32, pending tasks: 0
naming_24%32, pending tasks: 0
naming_25%32, pending tasks: 0
naming_26%32, pending tasks: 0
naming_27%32, pending tasks: 0
naming_28%32, pending tasks: 0
naming_29%32, pending tasks: 0
naming_30%32, pending tasks: 0
naming_31%32, pending tasks: 0


2022-02-12 14:13:04,060 INFO PERFORMANCE:|5|5|7|-1|-1|34|0

2022-02-12 14:13:04,060 INFO Task worker status: 
naming_0%32, pending tasks: 0
naming_1%32, pending tasks: 0
naming_2%32, pending tasks: 0
naming_3%32, pending tasks: 0
naming_4%32, pending tasks: 0
naming_5%32, pending tasks: 0
naming_6%32, pending tasks: 0
naming_7%32, pending tasks: 0
naming_8%32, pending tasks: 0
naming_9%32, pending tasks: 0
naming_10%32, pending tasks: 0
naming_11%32, pending tasks: 0
naming_12%32, pending tasks: 0
naming_13%32, pending tasks: 0
naming_14%32, pending tasks: 0
naming_15%32, pending tasks: 0
naming_16%32, pending tasks: 0
naming_17%32, pending tasks: 0
naming_18%32, pending tasks: 0
naming_19%32, pending tasks: 0
naming_20%32, pending tasks: 0
naming_21%32, pending tasks: 0
naming_22%32, pending tasks: 0
naming_23%32, pending tasks: 0
naming_24%32, pending tasks: 0
naming_25%32, pending tasks: 0
naming_26%32, pending tasks: 0
naming_27%32, pending tasks: 0
naming_28%32, pending tasks: 0
naming_29%32, pending tasks: 0
naming_30%32, pending tasks: 0
naming_31%32, pending tasks: 0


2022-02-12 14:14:04,064 INFO PERFORMANCE:|5|5|7|-1|-1|34|0

2022-02-12 14:14:04,064 INFO Task worker status: 
naming_0%32, pending tasks: 0
naming_1%32, pending tasks: 0
naming_2%32, pending tasks: 0
naming_3%32, pending tasks: 0
naming_4%32, pending tasks: 0
naming_5%32, pending tasks: 0
naming_6%32, pending tasks: 0
naming_7%32, pending tasks: 0
naming_8%32, pending tasks: 0
naming_9%32, pending tasks: 0
naming_10%32, pending tasks: 0
naming_11%32, pending tasks: 0
naming_12%32, pending tasks: 0
naming_13%32, pending tasks: 0
naming_14%32, pending tasks: 0
naming_15%32, pending tasks: 0
naming_16%32, pending tasks: 0
naming_17%32, pending tasks: 0
naming_18%32, pending tasks: 0
naming_19%32, pending tasks: 0
naming_20%32, pending tasks: 0
naming_21%32, pending tasks: 0
naming_22%32, pending tasks: 0
naming_23%32, pending tasks: 0
naming_24%32, pending tasks: 0
naming_25%32, pending tasks: 0
naming_26%32, pending tasks: 0
naming_27%32, pending tasks: 0
naming_28%32, pending tasks: 0
naming_29%32, pending tasks: 0
naming_30%32, pending tasks: 0
naming_31%32, pending tasks: 0


2022-02-12 14:15:04,073 INFO PERFORMANCE:|5|5|7|-1|-1|34|0

2022-02-12 14:15:04,073 INFO Task worker status: 
naming_0%32, pending tasks: 0
naming_1%32, pending tasks: 0
naming_2%32, pending tasks: 0
naming_3%32, pending tasks: 0
naming_4%32, pending tasks: 0
naming_5%32, pending tasks: 0
naming_6%32, pending tasks: 0
naming_7%32, pending tasks: 0
naming_8%32, pending tasks: 0
naming_9%32, pending tasks: 0
naming_10%32, pending tasks: 0
naming_11%32, pending tasks: 0
naming_12%32, pending tasks: 0
naming_13%32, pending tasks: 0
naming_14%32, pending tasks: 0
naming_15%32, pending tasks: 0
naming_16%32, pending tasks: 0
naming_17%32, pending tasks: 0
naming_18%32, pending tasks: 0
naming_19%32, pending tasks: 0
naming_20%32, pending tasks: 0
naming_21%32, pending tasks: 0
naming_22%32, pending tasks: 0
naming_23%32, pending tasks: 0
naming_24%32, pending tasks: 0
naming_25%32, pending tasks: 0
naming_26%32, pending tasks: 0
naming_27%32, pending tasks: 0
naming_28%32, pending tasks: 0
naming_29%32, pending tasks: 0
naming_30%32, pending tasks: 0
naming_31%32, pending tasks: 0


2022-02-12 14:16:04,075 INFO PERFORMANCE:|5|5|7|-1|-1|34|0

2022-02-12 14:16:04,075 INFO Task worker status: 
naming_0%32, pending tasks: 0
naming_1%32, pending tasks: 0
naming_2%32, pending tasks: 0
naming_3%32, pending tasks: 0
naming_4%32, pending tasks: 0
naming_5%32, pending tasks: 0
naming_6%32, pending tasks: 0
naming_7%32, pending tasks: 0
naming_8%32, pending tasks: 0
naming_9%32, pending tasks: 0
naming_10%32, pending tasks: 0
naming_11%32, pending tasks: 0
naming_12%32, pending tasks: 0
naming_13%32, pending tasks: 0
naming_14%32, pending tasks: 0
naming_15%32, pending tasks: 0
naming_16%32, pending tasks: 0
naming_17%32, pending tasks: 0
naming_18%32, pending tasks: 0
naming_19%32, pending tasks: 0
naming_20%32, pending tasks: 0
naming_21%32, pending tasks: 0
naming_22%32, pending tasks: 0
naming_23%32, pending tasks: 0
naming_24%32, pending tasks: 0
naming_25%32, pending tasks: 0
naming_26%32, pending tasks: 0
naming_27%32, pending tasks: 0
naming_28%32, pending tasks: 0
naming_29%32, pending tasks: 0
naming_30%32, pending tasks: 0
naming_31%32, pending tasks: 0


2022-02-12 14:17:04,079 INFO PERFORMANCE:|5|5|7|-1|-1|34|0

2022-02-12 14:17:04,079 INFO Task worker status: 
naming_0%32, pending tasks: 0
naming_1%32, pending tasks: 0
naming_2%32, pending tasks: 0
naming_3%32, pending tasks: 0
naming_4%32, pending tasks: 0
naming_5%32, pending tasks: 0
naming_6%32, pending tasks: 0
naming_7%32, pending tasks: 0
naming_8%32, pending tasks: 0
naming_9%32, pending tasks: 0
naming_10%32, pending tasks: 0
naming_11%32, pending tasks: 0
naming_12%32, pending tasks: 0
naming_13%32, pending tasks: 0
naming_14%32, pending tasks: 0
naming_15%32, pending tasks: 0
naming_16%32, pending tasks: 0
naming_17%32, pending tasks: 0
naming_18%32, pending tasks: 0
naming_19%32, pending tasks: 0
naming_20%32, pending tasks: 0
naming_21%32, pending tasks: 0
naming_22%32, pending tasks: 0
naming_23%32, pending tasks: 0
naming_24%32, pending tasks: 0
naming_25%32, pending tasks: 0
naming_26%32, pending tasks: 0
naming_27%32, pending tasks: 0
naming_28%32, pending tasks: 0
naming_29%32, pending tasks: 0
naming_30%32, pending tasks: 0
naming_31%32, pending tasks: 0


2022-02-12 14:18:04,083 INFO PERFORMANCE:|5|5|7|-1|-1|34|0

2022-02-12 14:18:04,083 INFO Task worker status: 
naming_0%32, pending tasks: 0
naming_1%32, pending tasks: 0
naming_2%32, pending tasks: 0
naming_3%32, pending tasks: 0
naming_4%32, pending tasks: 0
naming_5%32, pending tasks: 0
naming_6%32, pending tasks: 0
naming_7%32, pending tasks: 0
naming_8%32, pending tasks: 0
naming_9%32, pending tasks: 0
naming_10%32, pending tasks: 0
naming_11%32, pending tasks: 0
naming_12%32, pending tasks: 0
naming_13%32, pending tasks: 0
naming_14%32, pending tasks: 0
naming_15%32, pending tasks: 0
naming_16%32, pending tasks: 0
naming_17%32, pending tasks: 0
naming_18%32, pending tasks: 0
naming_19%32, pending tasks: 0
naming_20%32, pending tasks: 0
naming_21%32, pending tasks: 0
naming_22%32, pending tasks: 0
naming_23%32, pending tasks: 0
naming_24%32, pending tasks: 0
naming_25%32, pending tasks: 0
naming_26%32, pending tasks: 0
naming_27%32, pending tasks: 0
naming_28%32, pending tasks: 0
naming_29%32, pending tasks: 0
naming_30%32, pending tasks: 0
naming_31%32, pending tasks: 0


2022-02-12 14:19:04,085 INFO PERFORMANCE:|serviceCount|ipCount|subscribeCount|maxPushCost|avgPushCost|totalPushCount|failPushCount

2022-02-12 14:19:04,085 INFO PERFORMANCE:|5|5|7|-1|-1|34|0

2022-02-12 14:19:04,085 INFO Task worker status: 
naming_0%32, pending tasks: 0
naming_1%32, pending tasks: 0
naming_2%32, pending tasks: 0
naming_3%32, pending tasks: 0
naming_4%32, pending tasks: 0
naming_5%32, pending tasks: 0
naming_6%32, pending tasks: 0
naming_7%32, pending tasks: 0
naming_8%32, pending tasks: 0
naming_9%32, pending tasks: 0
naming_10%32, pending tasks: 0
naming_11%32, pending tasks: 0
naming_12%32, pending tasks: 0
naming_13%32, pending tasks: 0
naming_14%32, pending tasks: 0
naming_15%32, pending tasks: 0
naming_16%32, pending tasks: 0
naming_17%32, pending tasks: 0
naming_18%32, pending tasks: 0
naming_19%32, pending tasks: 0
naming_20%32, pending tasks: 0
naming_21%32, pending tasks: 0
naming_22%32, pending tasks: 0
naming_23%32, pending tasks: 0
naming_24%32, pending tasks: 0
naming_25%32, pending tasks: 0
naming_26%32, pending tasks: 0
naming_27%32, pending tasks: 0
naming_28%32, pending tasks: 0
naming_29%32, pending tasks: 0
naming_30%32, pending tasks: 0
naming_31%32, pending tasks: 0


2022-02-12 14:20:04,098 INFO PERFORMANCE:|5|5|7|-1|-1|34|0

2022-02-12 14:20:04,098 INFO Task worker status: 
naming_0%32, pending tasks: 0
naming_1%32, pending tasks: 0
naming_2%32, pending tasks: 0
naming_3%32, pending tasks: 0
naming_4%32, pending tasks: 0
naming_5%32, pending tasks: 0
naming_6%32, pending tasks: 0
naming_7%32, pending tasks: 0
naming_8%32, pending tasks: 0
naming_9%32, pending tasks: 0
naming_10%32, pending tasks: 0
naming_11%32, pending tasks: 0
naming_12%32, pending tasks: 0
naming_13%32, pending tasks: 0
naming_14%32, pending tasks: 0
naming_15%32, pending tasks: 0
naming_16%32, pending tasks: 0
naming_17%32, pending tasks: 0
naming_18%32, pending tasks: 0
naming_19%32, pending tasks: 0
naming_20%32, pending tasks: 0
naming_21%32, pending tasks: 0
naming_22%32, pending tasks: 0
naming_23%32, pending tasks: 0
naming_24%32, pending tasks: 0
naming_25%32, pending tasks: 0
naming_26%32, pending tasks: 0
naming_27%32, pending tasks: 0
naming_28%32, pending tasks: 0
naming_29%32, pending tasks: 0
naming_30%32, pending tasks: 0
naming_31%32, pending tasks: 0


2022-02-12 14:21:04,108 INFO PERFORMANCE:|5|5|7|-1|-1|34|0

2022-02-12 14:21:04,108 INFO Task worker status: 
naming_0%32, pending tasks: 0
naming_1%32, pending tasks: 0
naming_2%32, pending tasks: 0
naming_3%32, pending tasks: 0
naming_4%32, pending tasks: 0
naming_5%32, pending tasks: 0
naming_6%32, pending tasks: 0
naming_7%32, pending tasks: 0
naming_8%32, pending tasks: 0
naming_9%32, pending tasks: 0
naming_10%32, pending tasks: 0
naming_11%32, pending tasks: 0
naming_12%32, pending tasks: 0
naming_13%32, pending tasks: 0
naming_14%32, pending tasks: 0
naming_15%32, pending tasks: 0
naming_16%32, pending tasks: 0
naming_17%32, pending tasks: 0
naming_18%32, pending tasks: 0
naming_19%32, pending tasks: 0
naming_20%32, pending tasks: 0
naming_21%32, pending tasks: 0
naming_22%32, pending tasks: 0
naming_23%32, pending tasks: 0
naming_24%32, pending tasks: 0
naming_25%32, pending tasks: 0
naming_26%32, pending tasks: 0
naming_27%32, pending tasks: 0
naming_28%32, pending tasks: 0
naming_29%32, pending tasks: 0
naming_30%32, pending tasks: 0
naming_31%32, pending tasks: 0


2022-02-12 14:22:04,113 INFO PERFORMANCE:|5|5|7|-1|-1|34|0

2022-02-12 14:22:04,113 INFO Task worker status: 
naming_0%32, pending tasks: 0
naming_1%32, pending tasks: 0
naming_2%32, pending tasks: 0
naming_3%32, pending tasks: 0
naming_4%32, pending tasks: 0
naming_5%32, pending tasks: 0
naming_6%32, pending tasks: 0
naming_7%32, pending tasks: 0
naming_8%32, pending tasks: 0
naming_9%32, pending tasks: 0
naming_10%32, pending tasks: 0
naming_11%32, pending tasks: 0
naming_12%32, pending tasks: 0
naming_13%32, pending tasks: 0
naming_14%32, pending tasks: 0
naming_15%32, pending tasks: 0
naming_16%32, pending tasks: 0
naming_17%32, pending tasks: 0
naming_18%32, pending tasks: 0
naming_19%32, pending tasks: 0
naming_20%32, pending tasks: 0
naming_21%32, pending tasks: 0
naming_22%32, pending tasks: 0
naming_23%32, pending tasks: 0
naming_24%32, pending tasks: 0
naming_25%32, pending tasks: 0
naming_26%32, pending tasks: 0
naming_27%32, pending tasks: 0
naming_28%32, pending tasks: 0
naming_29%32, pending tasks: 0
naming_30%32, pending tasks: 0
naming_31%32, pending tasks: 0


2022-02-12 14:23:04,119 INFO PERFORMANCE:|5|5|7|-1|-1|34|0

2022-02-12 14:23:04,119 INFO Task worker status: 
naming_0%32, pending tasks: 0
naming_1%32, pending tasks: 0
naming_2%32, pending tasks: 0
naming_3%32, pending tasks: 0
naming_4%32, pending tasks: 0
naming_5%32, pending tasks: 0
naming_6%32, pending tasks: 0
naming_7%32, pending tasks: 0
naming_8%32, pending tasks: 0
naming_9%32, pending tasks: 0
naming_10%32, pending tasks: 0
naming_11%32, pending tasks: 0
naming_12%32, pending tasks: 0
naming_13%32, pending tasks: 0
naming_14%32, pending tasks: 0
naming_15%32, pending tasks: 0
naming_16%32, pending tasks: 0
naming_17%32, pending tasks: 0
naming_18%32, pending tasks: 0
naming_19%32, pending tasks: 0
naming_20%32, pending tasks: 0
naming_21%32, pending tasks: 0
naming_22%32, pending tasks: 0
naming_23%32, pending tasks: 0
naming_24%32, pending tasks: 0
naming_25%32, pending tasks: 0
naming_26%32, pending tasks: 0
naming_27%32, pending tasks: 0
naming_28%32, pending tasks: 0
naming_29%32, pending tasks: 0
naming_30%32, pending tasks: 0
naming_31%32, pending tasks: 0


2022-02-12 14:24:04,120 INFO PERFORMANCE:|5|5|7|-1|-1|34|0

2022-02-12 14:24:04,120 INFO Task worker status: 
naming_0%32, pending tasks: 0
naming_1%32, pending tasks: 0
naming_2%32, pending tasks: 0
naming_3%32, pending tasks: 0
naming_4%32, pending tasks: 0
naming_5%32, pending tasks: 0
naming_6%32, pending tasks: 0
naming_7%32, pending tasks: 0
naming_8%32, pending tasks: 0
naming_9%32, pending tasks: 0
naming_10%32, pending tasks: 0
naming_11%32, pending tasks: 0
naming_12%32, pending tasks: 0
naming_13%32, pending tasks: 0
naming_14%32, pending tasks: 0
naming_15%32, pending tasks: 0
naming_16%32, pending tasks: 0
naming_17%32, pending tasks: 0
naming_18%32, pending tasks: 0
naming_19%32, pending tasks: 0
naming_20%32, pending tasks: 0
naming_21%32, pending tasks: 0
naming_22%32, pending tasks: 0
naming_23%32, pending tasks: 0
naming_24%32, pending tasks: 0
naming_25%32, pending tasks: 0
naming_26%32, pending tasks: 0
naming_27%32, pending tasks: 0
naming_28%32, pending tasks: 0
naming_29%32, pending tasks: 0
naming_30%32, pending tasks: 0
naming_31%32, pending tasks: 0


2022-02-12 14:25:04,131 INFO PERFORMANCE:|5|5|7|-1|-1|34|0

2022-02-12 14:25:04,131 INFO Task worker status: 
naming_0%32, pending tasks: 0
naming_1%32, pending tasks: 0
naming_2%32, pending tasks: 0
naming_3%32, pending tasks: 0
naming_4%32, pending tasks: 0
naming_5%32, pending tasks: 0
naming_6%32, pending tasks: 0
naming_7%32, pending tasks: 0
naming_8%32, pending tasks: 0
naming_9%32, pending tasks: 0
naming_10%32, pending tasks: 0
naming_11%32, pending tasks: 0
naming_12%32, pending tasks: 0
naming_13%32, pending tasks: 0
naming_14%32, pending tasks: 0
naming_15%32, pending tasks: 0
naming_16%32, pending tasks: 0
naming_17%32, pending tasks: 0
naming_18%32, pending tasks: 0
naming_19%32, pending tasks: 0
naming_20%32, pending tasks: 0
naming_21%32, pending tasks: 0
naming_22%32, pending tasks: 0
naming_23%32, pending tasks: 0
naming_24%32, pending tasks: 0
naming_25%32, pending tasks: 0
naming_26%32, pending tasks: 0
naming_27%32, pending tasks: 0
naming_28%32, pending tasks: 0
naming_29%32, pending tasks: 0
naming_30%32, pending tasks: 0
naming_31%32, pending tasks: 0


2022-02-12 14:26:04,136 INFO PERFORMANCE:|5|5|7|-1|-1|34|0

2022-02-12 14:26:04,136 INFO Task worker status: 
naming_0%32, pending tasks: 0
naming_1%32, pending tasks: 0
naming_2%32, pending tasks: 0
naming_3%32, pending tasks: 0
naming_4%32, pending tasks: 0
naming_5%32, pending tasks: 0
naming_6%32, pending tasks: 0
naming_7%32, pending tasks: 0
naming_8%32, pending tasks: 0
naming_9%32, pending tasks: 0
naming_10%32, pending tasks: 0
naming_11%32, pending tasks: 0
naming_12%32, pending tasks: 0
naming_13%32, pending tasks: 0
naming_14%32, pending tasks: 0
naming_15%32, pending tasks: 0
naming_16%32, pending tasks: 0
naming_17%32, pending tasks: 0
naming_18%32, pending tasks: 0
naming_19%32, pending tasks: 0
naming_20%32, pending tasks: 0
naming_21%32, pending tasks: 0
naming_22%32, pending tasks: 0
naming_23%32, pending tasks: 0
naming_24%32, pending tasks: 0
naming_25%32, pending tasks: 0
naming_26%32, pending tasks: 0
naming_27%32, pending tasks: 0
naming_28%32, pending tasks: 0
naming_29%32, pending tasks: 0
naming_30%32, pending tasks: 0
naming_31%32, pending tasks: 0


2022-02-12 14:27:04,144 INFO PERFORMANCE:|5|5|7|-1|-1|34|0

2022-02-12 14:27:04,144 INFO Task worker status: 
naming_0%32, pending tasks: 0
naming_1%32, pending tasks: 0
naming_2%32, pending tasks: 0
naming_3%32, pending tasks: 0
naming_4%32, pending tasks: 0
naming_5%32, pending tasks: 0
naming_6%32, pending tasks: 0
naming_7%32, pending tasks: 0
naming_8%32, pending tasks: 0
naming_9%32, pending tasks: 0
naming_10%32, pending tasks: 0
naming_11%32, pending tasks: 0
naming_12%32, pending tasks: 0
naming_13%32, pending tasks: 0
naming_14%32, pending tasks: 0
naming_15%32, pending tasks: 0
naming_16%32, pending tasks: 0
naming_17%32, pending tasks: 0
naming_18%32, pending tasks: 0
naming_19%32, pending tasks: 0
naming_20%32, pending tasks: 0
naming_21%32, pending tasks: 0
naming_22%32, pending tasks: 0
naming_23%32, pending tasks: 0
naming_24%32, pending tasks: 0
naming_25%32, pending tasks: 0
naming_26%32, pending tasks: 0
naming_27%32, pending tasks: 0
naming_28%32, pending tasks: 0
naming_29%32, pending tasks: 0
naming_30%32, pending tasks: 0
naming_31%32, pending tasks: 0


2022-02-12 14:28:04,158 INFO PERFORMANCE:|5|5|7|-1|-1|34|0

2022-02-12 14:28:04,158 INFO Task worker status: 
naming_0%32, pending tasks: 0
naming_1%32, pending tasks: 0
naming_2%32, pending tasks: 0
naming_3%32, pending tasks: 0
naming_4%32, pending tasks: 0
naming_5%32, pending tasks: 0
naming_6%32, pending tasks: 0
naming_7%32, pending tasks: 0
naming_8%32, pending tasks: 0
naming_9%32, pending tasks: 0
naming_10%32, pending tasks: 0
naming_11%32, pending tasks: 0
naming_12%32, pending tasks: 0
naming_13%32, pending tasks: 0
naming_14%32, pending tasks: 0
naming_15%32, pending tasks: 0
naming_16%32, pending tasks: 0
naming_17%32, pending tasks: 0
naming_18%32, pending tasks: 0
naming_19%32, pending tasks: 0
naming_20%32, pending tasks: 0
naming_21%32, pending tasks: 0
naming_22%32, pending tasks: 0
naming_23%32, pending tasks: 0
naming_24%32, pending tasks: 0
naming_25%32, pending tasks: 0
naming_26%32, pending tasks: 0
naming_27%32, pending tasks: 0
naming_28%32, pending tasks: 0
naming_29%32, pending tasks: 0
naming_30%32, pending tasks: 0
naming_31%32, pending tasks: 0


2022-02-12 14:29:04,169 INFO PERFORMANCE:|serviceCount|ipCount|subscribeCount|maxPushCost|avgPushCost|totalPushCount|failPushCount

2022-02-12 14:29:04,169 INFO PERFORMANCE:|5|5|7|585|563|39|0

2022-02-12 14:29:04,169 INFO Task worker status: 
naming_0%32, pending tasks: 0
naming_1%32, pending tasks: 0
naming_2%32, pending tasks: 0
naming_3%32, pending tasks: 0
naming_4%32, pending tasks: 0
naming_5%32, pending tasks: 0
naming_6%32, pending tasks: 0
naming_7%32, pending tasks: 0
naming_8%32, pending tasks: 0
naming_9%32, pending tasks: 0
naming_10%32, pending tasks: 0
naming_11%32, pending tasks: 0
naming_12%32, pending tasks: 0
naming_13%32, pending tasks: 0
naming_14%32, pending tasks: 0
naming_15%32, pending tasks: 0
naming_16%32, pending tasks: 0
naming_17%32, pending tasks: 0
naming_18%32, pending tasks: 0
naming_19%32, pending tasks: 0
naming_20%32, pending tasks: 0
naming_21%32, pending tasks: 0
naming_22%32, pending tasks: 0
naming_23%32, pending tasks: 0
naming_24%32, pending tasks: 0
naming_25%32, pending tasks: 0
naming_26%32, pending tasks: 0
naming_27%32, pending tasks: 0
naming_28%32, pending tasks: 0
naming_29%32, pending tasks: 0
naming_30%32, pending tasks: 0
naming_31%32, pending tasks: 0


2022-02-12 14:30:04,172 INFO PERFORMANCE:|5|5|7|-1|-1|39|0

2022-02-12 14:30:04,172 INFO Task worker status: 
naming_0%32, pending tasks: 0
naming_1%32, pending tasks: 0
naming_2%32, pending tasks: 0
naming_3%32, pending tasks: 0
naming_4%32, pending tasks: 0
naming_5%32, pending tasks: 0
naming_6%32, pending tasks: 0
naming_7%32, pending tasks: 0
naming_8%32, pending tasks: 0
naming_9%32, pending tasks: 0
naming_10%32, pending tasks: 0
naming_11%32, pending tasks: 0
naming_12%32, pending tasks: 0
naming_13%32, pending tasks: 0
naming_14%32, pending tasks: 0
naming_15%32, pending tasks: 0
naming_16%32, pending tasks: 0
naming_17%32, pending tasks: 0
naming_18%32, pending tasks: 0
naming_19%32, pending tasks: 0
naming_20%32, pending tasks: 0
naming_21%32, pending tasks: 0
naming_22%32, pending tasks: 0
naming_23%32, pending tasks: 0
naming_24%32, pending tasks: 0
naming_25%32, pending tasks: 0
naming_26%32, pending tasks: 0
naming_27%32, pending tasks: 0
naming_28%32, pending tasks: 0
naming_29%32, pending tasks: 0
naming_30%32, pending tasks: 0
naming_31%32, pending tasks: 0


2022-02-12 14:31:04,184 INFO PERFORMANCE:|5|5|7|-1|-1|39|0

2022-02-12 14:31:04,184 INFO Task worker status: 
naming_0%32, pending tasks: 0
naming_1%32, pending tasks: 0
naming_2%32, pending tasks: 0
naming_3%32, pending tasks: 0
naming_4%32, pending tasks: 0
naming_5%32, pending tasks: 0
naming_6%32, pending tasks: 0
naming_7%32, pending tasks: 0
naming_8%32, pending tasks: 0
naming_9%32, pending tasks: 0
naming_10%32, pending tasks: 0
naming_11%32, pending tasks: 0
naming_12%32, pending tasks: 0
naming_13%32, pending tasks: 0
naming_14%32, pending tasks: 0
naming_15%32, pending tasks: 0
naming_16%32, pending tasks: 0
naming_17%32, pending tasks: 0
naming_18%32, pending tasks: 0
naming_19%32, pending tasks: 0
naming_20%32, pending tasks: 0
naming_21%32, pending tasks: 0
naming_22%32, pending tasks: 0
naming_23%32, pending tasks: 0
naming_24%32, pending tasks: 0
naming_25%32, pending tasks: 0
naming_26%32, pending tasks: 0
naming_27%32, pending tasks: 0
naming_28%32, pending tasks: 0
naming_29%32, pending tasks: 0
naming_30%32, pending tasks: 0
naming_31%32, pending tasks: 0


2022-02-12 14:32:04,199 INFO PERFORMANCE:|5|5|7|-1|-1|39|0

2022-02-12 14:32:04,199 INFO Task worker status: 
naming_0%32, pending tasks: 0
naming_1%32, pending tasks: 0
naming_2%32, pending tasks: 0
naming_3%32, pending tasks: 0
naming_4%32, pending tasks: 0
naming_5%32, pending tasks: 0
naming_6%32, pending tasks: 0
naming_7%32, pending tasks: 0
naming_8%32, pending tasks: 0
naming_9%32, pending tasks: 0
naming_10%32, pending tasks: 0
naming_11%32, pending tasks: 0
naming_12%32, pending tasks: 0
naming_13%32, pending tasks: 0
naming_14%32, pending tasks: 0
naming_15%32, pending tasks: 0
naming_16%32, pending tasks: 0
naming_17%32, pending tasks: 0
naming_18%32, pending tasks: 0
naming_19%32, pending tasks: 0
naming_20%32, pending tasks: 0
naming_21%32, pending tasks: 0
naming_22%32, pending tasks: 0
naming_23%32, pending tasks: 0
naming_24%32, pending tasks: 0
naming_25%32, pending tasks: 0
naming_26%32, pending tasks: 0
naming_27%32, pending tasks: 0
naming_28%32, pending tasks: 0
naming_29%32, pending tasks: 0
naming_30%32, pending tasks: 0
naming_31%32, pending tasks: 0


2022-02-12 14:33:04,203 INFO PERFORMANCE:|5|5|7|-1|-1|39|0

2022-02-12 14:33:04,203 INFO Task worker status: 
naming_0%32, pending tasks: 0
naming_1%32, pending tasks: 0
naming_2%32, pending tasks: 0
naming_3%32, pending tasks: 0
naming_4%32, pending tasks: 0
naming_5%32, pending tasks: 0
naming_6%32, pending tasks: 0
naming_7%32, pending tasks: 0
naming_8%32, pending tasks: 0
naming_9%32, pending tasks: 0
naming_10%32, pending tasks: 0
naming_11%32, pending tasks: 0
naming_12%32, pending tasks: 0
naming_13%32, pending tasks: 0
naming_14%32, pending tasks: 0
naming_15%32, pending tasks: 0
naming_16%32, pending tasks: 0
naming_17%32, pending tasks: 0
naming_18%32, pending tasks: 0
naming_19%32, pending tasks: 0
naming_20%32, pending tasks: 0
naming_21%32, pending tasks: 0
naming_22%32, pending tasks: 0
naming_23%32, pending tasks: 0
naming_24%32, pending tasks: 0
naming_25%32, pending tasks: 0
naming_26%32, pending tasks: 0
naming_27%32, pending tasks: 0
naming_28%32, pending tasks: 0
naming_29%32, pending tasks: 0
naming_30%32, pending tasks: 0
naming_31%32, pending tasks: 0


2022-02-12 14:34:04,215 INFO PERFORMANCE:|5|5|7|555|537|44|0

2022-02-12 14:34:04,215 INFO Task worker status: 
naming_0%32, pending tasks: 0
naming_1%32, pending tasks: 0
naming_2%32, pending tasks: 0
naming_3%32, pending tasks: 0
naming_4%32, pending tasks: 0
naming_5%32, pending tasks: 0
naming_6%32, pending tasks: 0
naming_7%32, pending tasks: 0
naming_8%32, pending tasks: 0
naming_9%32, pending tasks: 0
naming_10%32, pending tasks: 0
naming_11%32, pending tasks: 0
naming_12%32, pending tasks: 0
naming_13%32, pending tasks: 0
naming_14%32, pending tasks: 0
naming_15%32, pending tasks: 0
naming_16%32, pending tasks: 0
naming_17%32, pending tasks: 0
naming_18%32, pending tasks: 0
naming_19%32, pending tasks: 0
naming_20%32, pending tasks: 0
naming_21%32, pending tasks: 0
naming_22%32, pending tasks: 0
naming_23%32, pending tasks: 0
naming_24%32, pending tasks: 0
naming_25%32, pending tasks: 0
naming_26%32, pending tasks: 0
naming_27%32, pending tasks: 0
naming_28%32, pending tasks: 0
naming_29%32, pending tasks: 0
naming_30%32, pending tasks: 0
naming_31%32, pending tasks: 0


2022-02-12 14:35:04,217 INFO PERFORMANCE:|5|5|7|-1|-1|44|0

2022-02-12 14:35:04,217 INFO Task worker status: 
naming_0%32, pending tasks: 0
naming_1%32, pending tasks: 0
naming_2%32, pending tasks: 0
naming_3%32, pending tasks: 0
naming_4%32, pending tasks: 0
naming_5%32, pending tasks: 0
naming_6%32, pending tasks: 0
naming_7%32, pending tasks: 0
naming_8%32, pending tasks: 0
naming_9%32, pending tasks: 0
naming_10%32, pending tasks: 0
naming_11%32, pending tasks: 0
naming_12%32, pending tasks: 0
naming_13%32, pending tasks: 0
naming_14%32, pending tasks: 0
naming_15%32, pending tasks: 0
naming_16%32, pending tasks: 0
naming_17%32, pending tasks: 0
naming_18%32, pending tasks: 0
naming_19%32, pending tasks: 0
naming_20%32, pending tasks: 0
naming_21%32, pending tasks: 0
naming_22%32, pending tasks: 0
naming_23%32, pending tasks: 0
naming_24%32, pending tasks: 0
naming_25%32, pending tasks: 0
naming_26%32, pending tasks: 0
naming_27%32, pending tasks: 0
naming_28%32, pending tasks: 0
naming_29%32, pending tasks: 0
naming_30%32, pending tasks: 0
naming_31%32, pending tasks: 0


2022-02-12 14:36:04,223 INFO PERFORMANCE:|5|5|7|-1|-1|44|0

2022-02-12 14:36:04,223 INFO Task worker status: 
naming_0%32, pending tasks: 0
naming_1%32, pending tasks: 0
naming_2%32, pending tasks: 0
naming_3%32, pending tasks: 0
naming_4%32, pending tasks: 0
naming_5%32, pending tasks: 0
naming_6%32, pending tasks: 0
naming_7%32, pending tasks: 0
naming_8%32, pending tasks: 0
naming_9%32, pending tasks: 0
naming_10%32, pending tasks: 0
naming_11%32, pending tasks: 0
naming_12%32, pending tasks: 0
naming_13%32, pending tasks: 0
naming_14%32, pending tasks: 0
naming_15%32, pending tasks: 0
naming_16%32, pending tasks: 0
naming_17%32, pending tasks: 0
naming_18%32, pending tasks: 0
naming_19%32, pending tasks: 0
naming_20%32, pending tasks: 0
naming_21%32, pending tasks: 0
naming_22%32, pending tasks: 0
naming_23%32, pending tasks: 0
naming_24%32, pending tasks: 0
naming_25%32, pending tasks: 0
naming_26%32, pending tasks: 0
naming_27%32, pending tasks: 0
naming_28%32, pending tasks: 0
naming_29%32, pending tasks: 0
naming_30%32, pending tasks: 0
naming_31%32, pending tasks: 0


2022-02-12 14:37:04,226 INFO PERFORMANCE:|5|5|7|-1|-1|44|0

2022-02-12 14:37:04,226 INFO Task worker status: 
naming_0%32, pending tasks: 0
naming_1%32, pending tasks: 0
naming_2%32, pending tasks: 0
naming_3%32, pending tasks: 0
naming_4%32, pending tasks: 0
naming_5%32, pending tasks: 0
naming_6%32, pending tasks: 0
naming_7%32, pending tasks: 0
naming_8%32, pending tasks: 0
naming_9%32, pending tasks: 0
naming_10%32, pending tasks: 0
naming_11%32, pending tasks: 0
naming_12%32, pending tasks: 0
naming_13%32, pending tasks: 0
naming_14%32, pending tasks: 0
naming_15%32, pending tasks: 0
naming_16%32, pending tasks: 0
naming_17%32, pending tasks: 0
naming_18%32, pending tasks: 0
naming_19%32, pending tasks: 0
naming_20%32, pending tasks: 0
naming_21%32, pending tasks: 0
naming_22%32, pending tasks: 0
naming_23%32, pending tasks: 0
naming_24%32, pending tasks: 0
naming_25%32, pending tasks: 0
naming_26%32, pending tasks: 0
naming_27%32, pending tasks: 0
naming_28%32, pending tasks: 0
naming_29%32, pending tasks: 0
naming_30%32, pending tasks: 0
naming_31%32, pending tasks: 0


2022-02-12 14:38:04,236 INFO PERFORMANCE:|5|5|7|-1|-1|44|0

2022-02-12 14:38:04,236 INFO Task worker status: 
naming_0%32, pending tasks: 0
naming_1%32, pending tasks: 0
naming_2%32, pending tasks: 0
naming_3%32, pending tasks: 0
naming_4%32, pending tasks: 0
naming_5%32, pending tasks: 0
naming_6%32, pending tasks: 0
naming_7%32, pending tasks: 0
naming_8%32, pending tasks: 0
naming_9%32, pending tasks: 0
naming_10%32, pending tasks: 0
naming_11%32, pending tasks: 0
naming_12%32, pending tasks: 0
naming_13%32, pending tasks: 0
naming_14%32, pending tasks: 0
naming_15%32, pending tasks: 0
naming_16%32, pending tasks: 0
naming_17%32, pending tasks: 0
naming_18%32, pending tasks: 0
naming_19%32, pending tasks: 0
naming_20%32, pending tasks: 0
naming_21%32, pending tasks: 0
naming_22%32, pending tasks: 0
naming_23%32, pending tasks: 0
naming_24%32, pending tasks: 0
naming_25%32, pending tasks: 0
naming_26%32, pending tasks: 0
naming_27%32, pending tasks: 0
naming_28%32, pending tasks: 0
naming_29%32, pending tasks: 0
naming_30%32, pending tasks: 0
naming_31%32, pending tasks: 0


2022-02-12 14:39:04,246 INFO PERFORMANCE:|serviceCount|ipCount|subscribeCount|maxPushCost|avgPushCost|totalPushCount|failPushCount

2022-02-12 14:39:04,246 INFO PERFORMANCE:|5|5|7|-1|-1|44|0

2022-02-12 14:39:04,246 INFO Task worker status: 
naming_0%32, pending tasks: 0
naming_1%32, pending tasks: 0
naming_2%32, pending tasks: 0
naming_3%32, pending tasks: 0
naming_4%32, pending tasks: 0
naming_5%32, pending tasks: 0
naming_6%32, pending tasks: 0
naming_7%32, pending tasks: 0
naming_8%32, pending tasks: 0
naming_9%32, pending tasks: 0
naming_10%32, pending tasks: 0
naming_11%32, pending tasks: 0
naming_12%32, pending tasks: 0
naming_13%32, pending tasks: 0
naming_14%32, pending tasks: 0
naming_15%32, pending tasks: 0
naming_16%32, pending tasks: 0
naming_17%32, pending tasks: 0
naming_18%32, pending tasks: 0
naming_19%32, pending tasks: 0
naming_20%32, pending tasks: 0
naming_21%32, pending tasks: 0
naming_22%32, pending tasks: 0
naming_23%32, pending tasks: 0
naming_24%32, pending tasks: 0
naming_25%32, pending tasks: 0
naming_26%32, pending tasks: 0
naming_27%32, pending tasks: 0
naming_28%32, pending tasks: 0
naming_29%32, pending tasks: 0
naming_30%32, pending tasks: 0
naming_31%32, pending tasks: 0


2022-02-12 14:40:04,261 INFO PERFORMANCE:|5|5|7|-1|-1|44|0

2022-02-12 14:40:04,261 INFO Task worker status: 
naming_0%32, pending tasks: 0
naming_1%32, pending tasks: 0
naming_2%32, pending tasks: 0
naming_3%32, pending tasks: 0
naming_4%32, pending tasks: 0
naming_5%32, pending tasks: 0
naming_6%32, pending tasks: 0
naming_7%32, pending tasks: 0
naming_8%32, pending tasks: 0
naming_9%32, pending tasks: 0
naming_10%32, pending tasks: 0
naming_11%32, pending tasks: 0
naming_12%32, pending tasks: 0
naming_13%32, pending tasks: 0
naming_14%32, pending tasks: 0
naming_15%32, pending tasks: 0
naming_16%32, pending tasks: 0
naming_17%32, pending tasks: 0
naming_18%32, pending tasks: 0
naming_19%32, pending tasks: 0
naming_20%32, pending tasks: 0
naming_21%32, pending tasks: 0
naming_22%32, pending tasks: 0
naming_23%32, pending tasks: 0
naming_24%32, pending tasks: 0
naming_25%32, pending tasks: 0
naming_26%32, pending tasks: 0
naming_27%32, pending tasks: 0
naming_28%32, pending tasks: 0
naming_29%32, pending tasks: 0
naming_30%32, pending tasks: 0
naming_31%32, pending tasks: 0


2022-02-12 14:41:04,261 INFO PERFORMANCE:|5|5|7|-1|-1|44|0

2022-02-12 14:41:04,261 INFO Task worker status: 
naming_0%32, pending tasks: 0
naming_1%32, pending tasks: 0
naming_2%32, pending tasks: 0
naming_3%32, pending tasks: 0
naming_4%32, pending tasks: 0
naming_5%32, pending tasks: 0
naming_6%32, pending tasks: 0
naming_7%32, pending tasks: 0
naming_8%32, pending tasks: 0
naming_9%32, pending tasks: 0
naming_10%32, pending tasks: 0
naming_11%32, pending tasks: 0
naming_12%32, pending tasks: 0
naming_13%32, pending tasks: 0
naming_14%32, pending tasks: 0
naming_15%32, pending tasks: 0
naming_16%32, pending tasks: 0
naming_17%32, pending tasks: 0
naming_18%32, pending tasks: 0
naming_19%32, pending tasks: 0
naming_20%32, pending tasks: 0
naming_21%32, pending tasks: 0
naming_22%32, pending tasks: 0
naming_23%32, pending tasks: 0
naming_24%32, pending tasks: 0
naming_25%32, pending tasks: 0
naming_26%32, pending tasks: 0
naming_27%32, pending tasks: 0
naming_28%32, pending tasks: 0
naming_29%32, pending tasks: 0
naming_30%32, pending tasks: 0
naming_31%32, pending tasks: 0


2022-02-12 14:42:04,270 INFO PERFORMANCE:|5|5|7|-1|-1|44|0

2022-02-12 14:42:04,270 INFO Task worker status: 
naming_0%32, pending tasks: 0
naming_1%32, pending tasks: 0
naming_2%32, pending tasks: 0
naming_3%32, pending tasks: 0
naming_4%32, pending tasks: 0
naming_5%32, pending tasks: 0
naming_6%32, pending tasks: 0
naming_7%32, pending tasks: 0
naming_8%32, pending tasks: 0
naming_9%32, pending tasks: 0
naming_10%32, pending tasks: 0
naming_11%32, pending tasks: 0
naming_12%32, pending tasks: 0
naming_13%32, pending tasks: 0
naming_14%32, pending tasks: 0
naming_15%32, pending tasks: 0
naming_16%32, pending tasks: 0
naming_17%32, pending tasks: 0
naming_18%32, pending tasks: 0
naming_19%32, pending tasks: 0
naming_20%32, pending tasks: 0
naming_21%32, pending tasks: 0
naming_22%32, pending tasks: 0
naming_23%32, pending tasks: 0
naming_24%32, pending tasks: 0
naming_25%32, pending tasks: 0
naming_26%32, pending tasks: 0
naming_27%32, pending tasks: 0
naming_28%32, pending tasks: 0
naming_29%32, pending tasks: 0
naming_30%32, pending tasks: 0
naming_31%32, pending tasks: 0


2022-02-12 14:43:04,272 INFO PERFORMANCE:|5|5|7|608|558|49|0

2022-02-12 14:43:04,272 INFO Task worker status: 
naming_0%32, pending tasks: 0
naming_1%32, pending tasks: 0
naming_2%32, pending tasks: 0
naming_3%32, pending tasks: 0
naming_4%32, pending tasks: 0
naming_5%32, pending tasks: 0
naming_6%32, pending tasks: 0
naming_7%32, pending tasks: 0
naming_8%32, pending tasks: 0
naming_9%32, pending tasks: 0
naming_10%32, pending tasks: 0
naming_11%32, pending tasks: 0
naming_12%32, pending tasks: 0
naming_13%32, pending tasks: 0
naming_14%32, pending tasks: 0
naming_15%32, pending tasks: 0
naming_16%32, pending tasks: 0
naming_17%32, pending tasks: 0
naming_18%32, pending tasks: 0
naming_19%32, pending tasks: 0
naming_20%32, pending tasks: 0
naming_21%32, pending tasks: 0
naming_22%32, pending tasks: 0
naming_23%32, pending tasks: 0
naming_24%32, pending tasks: 0
naming_25%32, pending tasks: 0
naming_26%32, pending tasks: 0
naming_27%32, pending tasks: 0
naming_28%32, pending tasks: 0
naming_29%32, pending tasks: 0
naming_30%32, pending tasks: 0
naming_31%32, pending tasks: 0


2022-02-12 14:44:04,282 INFO PERFORMANCE:|5|5|7|-1|-1|49|0

2022-02-12 14:44:04,282 INFO Task worker status: 
naming_0%32, pending tasks: 0
naming_1%32, pending tasks: 0
naming_2%32, pending tasks: 0
naming_3%32, pending tasks: 0
naming_4%32, pending tasks: 0
naming_5%32, pending tasks: 0
naming_6%32, pending tasks: 0
naming_7%32, pending tasks: 0
naming_8%32, pending tasks: 0
naming_9%32, pending tasks: 0
naming_10%32, pending tasks: 0
naming_11%32, pending tasks: 0
naming_12%32, pending tasks: 0
naming_13%32, pending tasks: 0
naming_14%32, pending tasks: 0
naming_15%32, pending tasks: 0
naming_16%32, pending tasks: 0
naming_17%32, pending tasks: 0
naming_18%32, pending tasks: 0
naming_19%32, pending tasks: 0
naming_20%32, pending tasks: 0
naming_21%32, pending tasks: 0
naming_22%32, pending tasks: 0
naming_23%32, pending tasks: 0
naming_24%32, pending tasks: 0
naming_25%32, pending tasks: 0
naming_26%32, pending tasks: 0
naming_27%32, pending tasks: 0
naming_28%32, pending tasks: 0
naming_29%32, pending tasks: 0
naming_30%32, pending tasks: 0
naming_31%32, pending tasks: 0


2022-02-12 14:45:04,297 INFO PERFORMANCE:|5|5|7|-1|-1|49|0

2022-02-12 14:45:04,297 INFO Task worker status: 
naming_0%32, pending tasks: 0
naming_1%32, pending tasks: 0
naming_2%32, pending tasks: 0
naming_3%32, pending tasks: 0
naming_4%32, pending tasks: 0
naming_5%32, pending tasks: 0
naming_6%32, pending tasks: 0
naming_7%32, pending tasks: 0
naming_8%32, pending tasks: 0
naming_9%32, pending tasks: 0
naming_10%32, pending tasks: 0
naming_11%32, pending tasks: 0
naming_12%32, pending tasks: 0
naming_13%32, pending tasks: 0
naming_14%32, pending tasks: 0
naming_15%32, pending tasks: 0
naming_16%32, pending tasks: 0
naming_17%32, pending tasks: 0
naming_18%32, pending tasks: 0
naming_19%32, pending tasks: 0
naming_20%32, pending tasks: 0
naming_21%32, pending tasks: 0
naming_22%32, pending tasks: 0
naming_23%32, pending tasks: 0
naming_24%32, pending tasks: 0
naming_25%32, pending tasks: 0
naming_26%32, pending tasks: 0
naming_27%32, pending tasks: 0
naming_28%32, pending tasks: 0
naming_29%32, pending tasks: 0
naming_30%32, pending tasks: 0
naming_31%32, pending tasks: 0


2022-02-12 14:46:04,298 INFO PERFORMANCE:|5|5|8|553|553|50|0

2022-02-12 14:46:04,298 INFO Task worker status: 
naming_0%32, pending tasks: 0
naming_1%32, pending tasks: 0
naming_2%32, pending tasks: 0
naming_3%32, pending tasks: 0
naming_4%32, pending tasks: 0
naming_5%32, pending tasks: 0
naming_6%32, pending tasks: 0
naming_7%32, pending tasks: 0
naming_8%32, pending tasks: 0
naming_9%32, pending tasks: 0
naming_10%32, pending tasks: 0
naming_11%32, pending tasks: 0
naming_12%32, pending tasks: 0
naming_13%32, pending tasks: 0
naming_14%32, pending tasks: 0
naming_15%32, pending tasks: 0
naming_16%32, pending tasks: 0
naming_17%32, pending tasks: 0
naming_18%32, pending tasks: 0
naming_19%32, pending tasks: 0
naming_20%32, pending tasks: 0
naming_21%32, pending tasks: 0
naming_22%32, pending tasks: 0
naming_23%32, pending tasks: 0
naming_24%32, pending tasks: 0
naming_25%32, pending tasks: 0
naming_26%32, pending tasks: 0
naming_27%32, pending tasks: 0
naming_28%32, pending tasks: 0
naming_29%32, pending tasks: 0
naming_30%32, pending tasks: 0
naming_31%32, pending tasks: 0


2022-02-12 14:47:04,299 INFO PERFORMANCE:|5|5|8|-1|-1|50|0

2022-02-12 14:47:04,299 INFO Task worker status: 
naming_0%32, pending tasks: 0
naming_1%32, pending tasks: 0
naming_2%32, pending tasks: 0
naming_3%32, pending tasks: 0
naming_4%32, pending tasks: 0
naming_5%32, pending tasks: 0
naming_6%32, pending tasks: 0
naming_7%32, pending tasks: 0
naming_8%32, pending tasks: 0
naming_9%32, pending tasks: 0
naming_10%32, pending tasks: 0
naming_11%32, pending tasks: 0
naming_12%32, pending tasks: 0
naming_13%32, pending tasks: 0
naming_14%32, pending tasks: 0
naming_15%32, pending tasks: 0
naming_16%32, pending tasks: 0
naming_17%32, pending tasks: 0
naming_18%32, pending tasks: 0
naming_19%32, pending tasks: 0
naming_20%32, pending tasks: 0
naming_21%32, pending tasks: 0
naming_22%32, pending tasks: 0
naming_23%32, pending tasks: 0
naming_24%32, pending tasks: 0
naming_25%32, pending tasks: 0
naming_26%32, pending tasks: 0
naming_27%32, pending tasks: 0
naming_28%32, pending tasks: 0
naming_29%32, pending tasks: 0
naming_30%32, pending tasks: 0
naming_31%32, pending tasks: 0


2022-02-12 14:48:04,310 INFO PERFORMANCE:|5|5|8|-1|-1|50|0

2022-02-12 14:48:04,310 INFO Task worker status: 
naming_0%32, pending tasks: 0
naming_1%32, pending tasks: 0
naming_2%32, pending tasks: 0
naming_3%32, pending tasks: 0
naming_4%32, pending tasks: 0
naming_5%32, pending tasks: 0
naming_6%32, pending tasks: 0
naming_7%32, pending tasks: 0
naming_8%32, pending tasks: 0
naming_9%32, pending tasks: 0
naming_10%32, pending tasks: 0
naming_11%32, pending tasks: 0
naming_12%32, pending tasks: 0
naming_13%32, pending tasks: 0
naming_14%32, pending tasks: 0
naming_15%32, pending tasks: 0
naming_16%32, pending tasks: 0
naming_17%32, pending tasks: 0
naming_18%32, pending tasks: 0
naming_19%32, pending tasks: 0
naming_20%32, pending tasks: 0
naming_21%32, pending tasks: 0
naming_22%32, pending tasks: 0
naming_23%32, pending tasks: 0
naming_24%32, pending tasks: 0
naming_25%32, pending tasks: 0
naming_26%32, pending tasks: 0
naming_27%32, pending tasks: 0
naming_28%32, pending tasks: 0
naming_29%32, pending tasks: 0
naming_30%32, pending tasks: 0
naming_31%32, pending tasks: 0


2022-02-12 14:49:04,314 INFO PERFORMANCE:|serviceCount|ipCount|subscribeCount|maxPushCost|avgPushCost|totalPushCount|failPushCount

2022-02-12 14:49:04,314 INFO PERFORMANCE:|5|5|8|-1|-1|50|0

2022-02-12 14:49:04,314 INFO Task worker status: 
naming_0%32, pending tasks: 0
naming_1%32, pending tasks: 0
naming_2%32, pending tasks: 0
naming_3%32, pending tasks: 0
naming_4%32, pending tasks: 0
naming_5%32, pending tasks: 0
naming_6%32, pending tasks: 0
naming_7%32, pending tasks: 0
naming_8%32, pending tasks: 0
naming_9%32, pending tasks: 0
naming_10%32, pending tasks: 0
naming_11%32, pending tasks: 0
naming_12%32, pending tasks: 0
naming_13%32, pending tasks: 0
naming_14%32, pending tasks: 0
naming_15%32, pending tasks: 0
naming_16%32, pending tasks: 0
naming_17%32, pending tasks: 0
naming_18%32, pending tasks: 0
naming_19%32, pending tasks: 0
naming_20%32, pending tasks: 0
naming_21%32, pending tasks: 0
naming_22%32, pending tasks: 0
naming_23%32, pending tasks: 0
naming_24%32, pending tasks: 0
naming_25%32, pending tasks: 0
naming_26%32, pending tasks: 0
naming_27%32, pending tasks: 0
naming_28%32, pending tasks: 0
naming_29%32, pending tasks: 0
naming_30%32, pending tasks: 0
naming_31%32, pending tasks: 0


2022-02-12 14:50:04,328 INFO PERFORMANCE:|5|5|8|-1|-1|50|0

2022-02-12 14:50:04,328 INFO Task worker status: 
naming_0%32, pending tasks: 0
naming_1%32, pending tasks: 0
naming_2%32, pending tasks: 0
naming_3%32, pending tasks: 0
naming_4%32, pending tasks: 0
naming_5%32, pending tasks: 0
naming_6%32, pending tasks: 0
naming_7%32, pending tasks: 0
naming_8%32, pending tasks: 0
naming_9%32, pending tasks: 0
naming_10%32, pending tasks: 0
naming_11%32, pending tasks: 0
naming_12%32, pending tasks: 0
naming_13%32, pending tasks: 0
naming_14%32, pending tasks: 0
naming_15%32, pending tasks: 0
naming_16%32, pending tasks: 0
naming_17%32, pending tasks: 0
naming_18%32, pending tasks: 0
naming_19%32, pending tasks: 0
naming_20%32, pending tasks: 0
naming_21%32, pending tasks: 0
naming_22%32, pending tasks: 0
naming_23%32, pending tasks: 0
naming_24%32, pending tasks: 0
naming_25%32, pending tasks: 0
naming_26%32, pending tasks: 0
naming_27%32, pending tasks: 0
naming_28%32, pending tasks: 0
naming_29%32, pending tasks: 0
naming_30%32, pending tasks: 0
naming_31%32, pending tasks: 0


2022-02-12 14:51:04,344 INFO PERFORMANCE:|5|5|8|-1|-1|50|0

2022-02-12 14:51:04,344 INFO Task worker status: 
naming_0%32, pending tasks: 0
naming_1%32, pending tasks: 0
naming_2%32, pending tasks: 0
naming_3%32, pending tasks: 0
naming_4%32, pending tasks: 0
naming_5%32, pending tasks: 0
naming_6%32, pending tasks: 0
naming_7%32, pending tasks: 0
naming_8%32, pending tasks: 0
naming_9%32, pending tasks: 0
naming_10%32, pending tasks: 0
naming_11%32, pending tasks: 0
naming_12%32, pending tasks: 0
naming_13%32, pending tasks: 0
naming_14%32, pending tasks: 0
naming_15%32, pending tasks: 0
naming_16%32, pending tasks: 0
naming_17%32, pending tasks: 0
naming_18%32, pending tasks: 0
naming_19%32, pending tasks: 0
naming_20%32, pending tasks: 0
naming_21%32, pending tasks: 0
naming_22%32, pending tasks: 0
naming_23%32, pending tasks: 0
naming_24%32, pending tasks: 0
naming_25%32, pending tasks: 0
naming_26%32, pending tasks: 0
naming_27%32, pending tasks: 0
naming_28%32, pending tasks: 0
naming_29%32, pending tasks: 0
naming_30%32, pending tasks: 0
naming_31%32, pending tasks: 0


2022-02-12 14:52:04,357 INFO PERFORMANCE:|5|5|8|-1|-1|50|0

2022-02-12 14:52:04,357 INFO Task worker status: 
naming_0%32, pending tasks: 0
naming_1%32, pending tasks: 0
naming_2%32, pending tasks: 0
naming_3%32, pending tasks: 0
naming_4%32, pending tasks: 0
naming_5%32, pending tasks: 0
naming_6%32, pending tasks: 0
naming_7%32, pending tasks: 0
naming_8%32, pending tasks: 0
naming_9%32, pending tasks: 0
naming_10%32, pending tasks: 0
naming_11%32, pending tasks: 0
naming_12%32, pending tasks: 0
naming_13%32, pending tasks: 0
naming_14%32, pending tasks: 0
naming_15%32, pending tasks: 0
naming_16%32, pending tasks: 0
naming_17%32, pending tasks: 0
naming_18%32, pending tasks: 0
naming_19%32, pending tasks: 0
naming_20%32, pending tasks: 0
naming_21%32, pending tasks: 0
naming_22%32, pending tasks: 0
naming_23%32, pending tasks: 0
naming_24%32, pending tasks: 0
naming_25%32, pending tasks: 0
naming_26%32, pending tasks: 0
naming_27%32, pending tasks: 0
naming_28%32, pending tasks: 0
naming_29%32, pending tasks: 0
naming_30%32, pending tasks: 0
naming_31%32, pending tasks: 0


2022-02-12 14:53:04,366 INFO PERFORMANCE:|5|5|8|-1|-1|50|0

2022-02-12 14:53:04,366 INFO Task worker status: 
naming_0%32, pending tasks: 0
naming_1%32, pending tasks: 0
naming_2%32, pending tasks: 0
naming_3%32, pending tasks: 0
naming_4%32, pending tasks: 0
naming_5%32, pending tasks: 0
naming_6%32, pending tasks: 0
naming_7%32, pending tasks: 0
naming_8%32, pending tasks: 0
naming_9%32, pending tasks: 0
naming_10%32, pending tasks: 0
naming_11%32, pending tasks: 0
naming_12%32, pending tasks: 0
naming_13%32, pending tasks: 0
naming_14%32, pending tasks: 0
naming_15%32, pending tasks: 0
naming_16%32, pending tasks: 0
naming_17%32, pending tasks: 0
naming_18%32, pending tasks: 0
naming_19%32, pending tasks: 0
naming_20%32, pending tasks: 0
naming_21%32, pending tasks: 0
naming_22%32, pending tasks: 0
naming_23%32, pending tasks: 0
naming_24%32, pending tasks: 0
naming_25%32, pending tasks: 0
naming_26%32, pending tasks: 0
naming_27%32, pending tasks: 0
naming_28%32, pending tasks: 0
naming_29%32, pending tasks: 0
naming_30%32, pending tasks: 0
naming_31%32, pending tasks: 0


2022-02-12 14:54:04,372 INFO PERFORMANCE:|5|5|8|-1|-1|50|0

2022-02-12 14:54:04,372 INFO Task worker status: 
naming_0%32, pending tasks: 0
naming_1%32, pending tasks: 0
naming_2%32, pending tasks: 0
naming_3%32, pending tasks: 0
naming_4%32, pending tasks: 0
naming_5%32, pending tasks: 0
naming_6%32, pending tasks: 0
naming_7%32, pending tasks: 0
naming_8%32, pending tasks: 0
naming_9%32, pending tasks: 0
naming_10%32, pending tasks: 0
naming_11%32, pending tasks: 0
naming_12%32, pending tasks: 0
naming_13%32, pending tasks: 0
naming_14%32, pending tasks: 0
naming_15%32, pending tasks: 0
naming_16%32, pending tasks: 0
naming_17%32, pending tasks: 0
naming_18%32, pending tasks: 0
naming_19%32, pending tasks: 0
naming_20%32, pending tasks: 0
naming_21%32, pending tasks: 0
naming_22%32, pending tasks: 0
naming_23%32, pending tasks: 0
naming_24%32, pending tasks: 0
naming_25%32, pending tasks: 0
naming_26%32, pending tasks: 0
naming_27%32, pending tasks: 0
naming_28%32, pending tasks: 0
naming_29%32, pending tasks: 0
naming_30%32, pending tasks: 0
naming_31%32, pending tasks: 0


2022-02-12 14:55:04,376 INFO PERFORMANCE:|5|5|8|-1|-1|50|0

2022-02-12 14:55:04,376 INFO Task worker status: 
naming_0%32, pending tasks: 0
naming_1%32, pending tasks: 0
naming_2%32, pending tasks: 0
naming_3%32, pending tasks: 0
naming_4%32, pending tasks: 0
naming_5%32, pending tasks: 0
naming_6%32, pending tasks: 0
naming_7%32, pending tasks: 0
naming_8%32, pending tasks: 0
naming_9%32, pending tasks: 0
naming_10%32, pending tasks: 0
naming_11%32, pending tasks: 0
naming_12%32, pending tasks: 0
naming_13%32, pending tasks: 0
naming_14%32, pending tasks: 0
naming_15%32, pending tasks: 0
naming_16%32, pending tasks: 0
naming_17%32, pending tasks: 0
naming_18%32, pending tasks: 0
naming_19%32, pending tasks: 0
naming_20%32, pending tasks: 0
naming_21%32, pending tasks: 0
naming_22%32, pending tasks: 0
naming_23%32, pending tasks: 0
naming_24%32, pending tasks: 0
naming_25%32, pending tasks: 0
naming_26%32, pending tasks: 0
naming_27%32, pending tasks: 0
naming_28%32, pending tasks: 0
naming_29%32, pending tasks: 0
naming_30%32, pending tasks: 0
naming_31%32, pending tasks: 0


2022-02-12 14:56:04,378 INFO PERFORMANCE:|5|5|8|-1|-1|50|0

2022-02-12 14:56:04,378 INFO Task worker status: 
naming_0%32, pending tasks: 0
naming_1%32, pending tasks: 0
naming_2%32, pending tasks: 0
naming_3%32, pending tasks: 0
naming_4%32, pending tasks: 0
naming_5%32, pending tasks: 0
naming_6%32, pending tasks: 0
naming_7%32, pending tasks: 0
naming_8%32, pending tasks: 0
naming_9%32, pending tasks: 0
naming_10%32, pending tasks: 0
naming_11%32, pending tasks: 0
naming_12%32, pending tasks: 0
naming_13%32, pending tasks: 0
naming_14%32, pending tasks: 0
naming_15%32, pending tasks: 0
naming_16%32, pending tasks: 0
naming_17%32, pending tasks: 0
naming_18%32, pending tasks: 0
naming_19%32, pending tasks: 0
naming_20%32, pending tasks: 0
naming_21%32, pending tasks: 0
naming_22%32, pending tasks: 0
naming_23%32, pending tasks: 0
naming_24%32, pending tasks: 0
naming_25%32, pending tasks: 0
naming_26%32, pending tasks: 0
naming_27%32, pending tasks: 0
naming_28%32, pending tasks: 0
naming_29%32, pending tasks: 0
naming_30%32, pending tasks: 0
naming_31%32, pending tasks: 0


2022-02-12 14:57:04,391 INFO PERFORMANCE:|5|5|8|-1|-1|50|0

2022-02-12 14:57:04,391 INFO Task worker status: 
naming_0%32, pending tasks: 0
naming_1%32, pending tasks: 0
naming_2%32, pending tasks: 0
naming_3%32, pending tasks: 0
naming_4%32, pending tasks: 0
naming_5%32, pending tasks: 0
naming_6%32, pending tasks: 0
naming_7%32, pending tasks: 0
naming_8%32, pending tasks: 0
naming_9%32, pending tasks: 0
naming_10%32, pending tasks: 0
naming_11%32, pending tasks: 0
naming_12%32, pending tasks: 0
naming_13%32, pending tasks: 0
naming_14%32, pending tasks: 0
naming_15%32, pending tasks: 0
naming_16%32, pending tasks: 0
naming_17%32, pending tasks: 0
naming_18%32, pending tasks: 0
naming_19%32, pending tasks: 0
naming_20%32, pending tasks: 0
naming_21%32, pending tasks: 0
naming_22%32, pending tasks: 0
naming_23%32, pending tasks: 0
naming_24%32, pending tasks: 0
naming_25%32, pending tasks: 0
naming_26%32, pending tasks: 0
naming_27%32, pending tasks: 0
naming_28%32, pending tasks: 0
naming_29%32, pending tasks: 0
naming_30%32, pending tasks: 0
naming_31%32, pending tasks: 0


2022-02-12 14:58:04,405 INFO PERFORMANCE:|5|5|8|-1|-1|50|0

2022-02-12 14:58:04,405 INFO Task worker status: 
naming_0%32, pending tasks: 0
naming_1%32, pending tasks: 0
naming_2%32, pending tasks: 0
naming_3%32, pending tasks: 0
naming_4%32, pending tasks: 0
naming_5%32, pending tasks: 0
naming_6%32, pending tasks: 0
naming_7%32, pending tasks: 0
naming_8%32, pending tasks: 0
naming_9%32, pending tasks: 0
naming_10%32, pending tasks: 0
naming_11%32, pending tasks: 0
naming_12%32, pending tasks: 0
naming_13%32, pending tasks: 0
naming_14%32, pending tasks: 0
naming_15%32, pending tasks: 0
naming_16%32, pending tasks: 0
naming_17%32, pending tasks: 0
naming_18%32, pending tasks: 0
naming_19%32, pending tasks: 0
naming_20%32, pending tasks: 0
naming_21%32, pending tasks: 0
naming_22%32, pending tasks: 0
naming_23%32, pending tasks: 0
naming_24%32, pending tasks: 0
naming_25%32, pending tasks: 0
naming_26%32, pending tasks: 0
naming_27%32, pending tasks: 0
naming_28%32, pending tasks: 0
naming_29%32, pending tasks: 0
naming_30%32, pending tasks: 0
naming_31%32, pending tasks: 0


2022-02-12 14:59:04,418 INFO PERFORMANCE:|serviceCount|ipCount|subscribeCount|maxPushCost|avgPushCost|totalPushCount|failPushCount

2022-02-12 14:59:04,418 INFO PERFORMANCE:|5|5|8|-1|-1|50|0

2022-02-12 14:59:04,418 INFO Task worker status: 
naming_0%32, pending tasks: 0
naming_1%32, pending tasks: 0
naming_2%32, pending tasks: 0
naming_3%32, pending tasks: 0
naming_4%32, pending tasks: 0
naming_5%32, pending tasks: 0
naming_6%32, pending tasks: 0
naming_7%32, pending tasks: 0
naming_8%32, pending tasks: 0
naming_9%32, pending tasks: 0
naming_10%32, pending tasks: 0
naming_11%32, pending tasks: 0
naming_12%32, pending tasks: 0
naming_13%32, pending tasks: 0
naming_14%32, pending tasks: 0
naming_15%32, pending tasks: 0
naming_16%32, pending tasks: 0
naming_17%32, pending tasks: 0
naming_18%32, pending tasks: 0
naming_19%32, pending tasks: 0
naming_20%32, pending tasks: 0
naming_21%32, pending tasks: 0
naming_22%32, pending tasks: 0
naming_23%32, pending tasks: 0
naming_24%32, pending tasks: 0
naming_25%32, pending tasks: 0
naming_26%32, pending tasks: 0
naming_27%32, pending tasks: 0
naming_28%32, pending tasks: 0
naming_29%32, pending tasks: 0
naming_30%32, pending tasks: 0
naming_31%32, pending tasks: 0


2022-02-12 15:00:04,425 INFO PERFORMANCE:|5|5|8|-1|-1|50|0

2022-02-12 15:00:04,425 INFO Task worker status: 
naming_0%32, pending tasks: 0
naming_1%32, pending tasks: 0
naming_2%32, pending tasks: 0
naming_3%32, pending tasks: 0
naming_4%32, pending tasks: 0
naming_5%32, pending tasks: 0
naming_6%32, pending tasks: 0
naming_7%32, pending tasks: 0
naming_8%32, pending tasks: 0
naming_9%32, pending tasks: 0
naming_10%32, pending tasks: 0
naming_11%32, pending tasks: 0
naming_12%32, pending tasks: 0
naming_13%32, pending tasks: 0
naming_14%32, pending tasks: 0
naming_15%32, pending tasks: 0
naming_16%32, pending tasks: 0
naming_17%32, pending tasks: 0
naming_18%32, pending tasks: 0
naming_19%32, pending tasks: 0
naming_20%32, pending tasks: 0
naming_21%32, pending tasks: 0
naming_22%32, pending tasks: 0
naming_23%32, pending tasks: 0
naming_24%32, pending tasks: 0
naming_25%32, pending tasks: 0
naming_26%32, pending tasks: 0
naming_27%32, pending tasks: 0
naming_28%32, pending tasks: 0
naming_29%32, pending tasks: 0
naming_30%32, pending tasks: 0
naming_31%32, pending tasks: 0


2022-02-12 15:01:04,437 INFO PERFORMANCE:|5|5|8|-1|-1|50|0

2022-02-12 15:01:04,437 INFO Task worker status: 
naming_0%32, pending tasks: 0
naming_1%32, pending tasks: 0
naming_2%32, pending tasks: 0
naming_3%32, pending tasks: 0
naming_4%32, pending tasks: 0
naming_5%32, pending tasks: 0
naming_6%32, pending tasks: 0
naming_7%32, pending tasks: 0
naming_8%32, pending tasks: 0
naming_9%32, pending tasks: 0
naming_10%32, pending tasks: 0
naming_11%32, pending tasks: 0
naming_12%32, pending tasks: 0
naming_13%32, pending tasks: 0
naming_14%32, pending tasks: 0
naming_15%32, pending tasks: 0
naming_16%32, pending tasks: 0
naming_17%32, pending tasks: 0
naming_18%32, pending tasks: 0
naming_19%32, pending tasks: 0
naming_20%32, pending tasks: 0
naming_21%32, pending tasks: 0
naming_22%32, pending tasks: 0
naming_23%32, pending tasks: 0
naming_24%32, pending tasks: 0
naming_25%32, pending tasks: 0
naming_26%32, pending tasks: 0
naming_27%32, pending tasks: 0
naming_28%32, pending tasks: 0
naming_29%32, pending tasks: 0
naming_30%32, pending tasks: 0
naming_31%32, pending tasks: 0


2022-02-12 15:02:04,445 INFO PERFORMANCE:|5|5|8|-1|-1|50|0

2022-02-12 15:02:04,445 INFO Task worker status: 
naming_0%32, pending tasks: 0
naming_1%32, pending tasks: 0
naming_2%32, pending tasks: 0
naming_3%32, pending tasks: 0
naming_4%32, pending tasks: 0
naming_5%32, pending tasks: 0
naming_6%32, pending tasks: 0
naming_7%32, pending tasks: 0
naming_8%32, pending tasks: 0
naming_9%32, pending tasks: 0
naming_10%32, pending tasks: 0
naming_11%32, pending tasks: 0
naming_12%32, pending tasks: 0
naming_13%32, pending tasks: 0
naming_14%32, pending tasks: 0
naming_15%32, pending tasks: 0
naming_16%32, pending tasks: 0
naming_17%32, pending tasks: 0
naming_18%32, pending tasks: 0
naming_19%32, pending tasks: 0
naming_20%32, pending tasks: 0
naming_21%32, pending tasks: 0
naming_22%32, pending tasks: 0
naming_23%32, pending tasks: 0
naming_24%32, pending tasks: 0
naming_25%32, pending tasks: 0
naming_26%32, pending tasks: 0
naming_27%32, pending tasks: 0
naming_28%32, pending tasks: 0
naming_29%32, pending tasks: 0
naming_30%32, pending tasks: 0
naming_31%32, pending tasks: 0


2022-02-12 15:03:04,453 INFO PERFORMANCE:|5|5|8|-1|-1|50|0

2022-02-12 15:03:04,453 INFO Task worker status: 
naming_0%32, pending tasks: 0
naming_1%32, pending tasks: 0
naming_2%32, pending tasks: 0
naming_3%32, pending tasks: 0
naming_4%32, pending tasks: 0
naming_5%32, pending tasks: 0
naming_6%32, pending tasks: 0
naming_7%32, pending tasks: 0
naming_8%32, pending tasks: 0
naming_9%32, pending tasks: 0
naming_10%32, pending tasks: 0
naming_11%32, pending tasks: 0
naming_12%32, pending tasks: 0
naming_13%32, pending tasks: 0
naming_14%32, pending tasks: 0
naming_15%32, pending tasks: 0
naming_16%32, pending tasks: 0
naming_17%32, pending tasks: 0
naming_18%32, pending tasks: 0
naming_19%32, pending tasks: 0
naming_20%32, pending tasks: 0
naming_21%32, pending tasks: 0
naming_22%32, pending tasks: 0
naming_23%32, pending tasks: 0
naming_24%32, pending tasks: 0
naming_25%32, pending tasks: 0
naming_26%32, pending tasks: 0
naming_27%32, pending tasks: 0
naming_28%32, pending tasks: 0
naming_29%32, pending tasks: 0
naming_30%32, pending tasks: 0
naming_31%32, pending tasks: 0


2022-02-12 15:04:04,454 INFO PERFORMANCE:|5|5|8|-1|-1|50|0

2022-02-12 15:04:04,454 INFO Task worker status: 
naming_0%32, pending tasks: 0
naming_1%32, pending tasks: 0
naming_2%32, pending tasks: 0
naming_3%32, pending tasks: 0
naming_4%32, pending tasks: 0
naming_5%32, pending tasks: 0
naming_6%32, pending tasks: 0
naming_7%32, pending tasks: 0
naming_8%32, pending tasks: 0
naming_9%32, pending tasks: 0
naming_10%32, pending tasks: 0
naming_11%32, pending tasks: 0
naming_12%32, pending tasks: 0
naming_13%32, pending tasks: 0
naming_14%32, pending tasks: 0
naming_15%32, pending tasks: 0
naming_16%32, pending tasks: 0
naming_17%32, pending tasks: 0
naming_18%32, pending tasks: 0
naming_19%32, pending tasks: 0
naming_20%32, pending tasks: 0
naming_21%32, pending tasks: 0
naming_22%32, pending tasks: 0
naming_23%32, pending tasks: 0
naming_24%32, pending tasks: 0
naming_25%32, pending tasks: 0
naming_26%32, pending tasks: 0
naming_27%32, pending tasks: 0
naming_28%32, pending tasks: 0
naming_29%32, pending tasks: 0
naming_30%32, pending tasks: 0
naming_31%32, pending tasks: 0


2022-02-12 15:05:04,464 INFO PERFORMANCE:|5|5|8|-1|-1|50|0

2022-02-12 15:05:04,464 INFO Task worker status: 
naming_0%32, pending tasks: 0
naming_1%32, pending tasks: 0
naming_2%32, pending tasks: 0
naming_3%32, pending tasks: 0
naming_4%32, pending tasks: 0
naming_5%32, pending tasks: 0
naming_6%32, pending tasks: 0
naming_7%32, pending tasks: 0
naming_8%32, pending tasks: 0
naming_9%32, pending tasks: 0
naming_10%32, pending tasks: 0
naming_11%32, pending tasks: 0
naming_12%32, pending tasks: 0
naming_13%32, pending tasks: 0
naming_14%32, pending tasks: 0
naming_15%32, pending tasks: 0
naming_16%32, pending tasks: 0
naming_17%32, pending tasks: 0
naming_18%32, pending tasks: 0
naming_19%32, pending tasks: 0
naming_20%32, pending tasks: 0
naming_21%32, pending tasks: 0
naming_22%32, pending tasks: 0
naming_23%32, pending tasks: 0
naming_24%32, pending tasks: 0
naming_25%32, pending tasks: 0
naming_26%32, pending tasks: 0
naming_27%32, pending tasks: 0
naming_28%32, pending tasks: 0
naming_29%32, pending tasks: 0
naming_30%32, pending tasks: 0
naming_31%32, pending tasks: 0


2022-02-12 15:06:04,474 INFO PERFORMANCE:|5|5|8|-1|-1|50|0

2022-02-12 15:06:04,474 INFO Task worker status: 
naming_0%32, pending tasks: 0
naming_1%32, pending tasks: 0
naming_2%32, pending tasks: 0
naming_3%32, pending tasks: 0
naming_4%32, pending tasks: 0
naming_5%32, pending tasks: 0
naming_6%32, pending tasks: 0
naming_7%32, pending tasks: 0
naming_8%32, pending tasks: 0
naming_9%32, pending tasks: 0
naming_10%32, pending tasks: 0
naming_11%32, pending tasks: 0
naming_12%32, pending tasks: 0
naming_13%32, pending tasks: 0
naming_14%32, pending tasks: 0
naming_15%32, pending tasks: 0
naming_16%32, pending tasks: 0
naming_17%32, pending tasks: 0
naming_18%32, pending tasks: 0
naming_19%32, pending tasks: 0
naming_20%32, pending tasks: 0
naming_21%32, pending tasks: 0
naming_22%32, pending tasks: 0
naming_23%32, pending tasks: 0
naming_24%32, pending tasks: 0
naming_25%32, pending tasks: 0
naming_26%32, pending tasks: 0
naming_27%32, pending tasks: 0
naming_28%32, pending tasks: 0
naming_29%32, pending tasks: 0
naming_30%32, pending tasks: 0
naming_31%32, pending tasks: 0


2022-02-12 15:07:04,480 INFO PERFORMANCE:|5|5|8|-1|-1|50|0

2022-02-12 15:07:04,480 INFO Task worker status: 
naming_0%32, pending tasks: 0
naming_1%32, pending tasks: 0
naming_2%32, pending tasks: 0
naming_3%32, pending tasks: 0
naming_4%32, pending tasks: 0
naming_5%32, pending tasks: 0
naming_6%32, pending tasks: 0
naming_7%32, pending tasks: 0
naming_8%32, pending tasks: 0
naming_9%32, pending tasks: 0
naming_10%32, pending tasks: 0
naming_11%32, pending tasks: 0
naming_12%32, pending tasks: 0
naming_13%32, pending tasks: 0
naming_14%32, pending tasks: 0
naming_15%32, pending tasks: 0
naming_16%32, pending tasks: 0
naming_17%32, pending tasks: 0
naming_18%32, pending tasks: 0
naming_19%32, pending tasks: 0
naming_20%32, pending tasks: 0
naming_21%32, pending tasks: 0
naming_22%32, pending tasks: 0
naming_23%32, pending tasks: 0
naming_24%32, pending tasks: 0
naming_25%32, pending tasks: 0
naming_26%32, pending tasks: 0
naming_27%32, pending tasks: 0
naming_28%32, pending tasks: 0
naming_29%32, pending tasks: 0
naming_30%32, pending tasks: 0
naming_31%32, pending tasks: 0


2022-02-12 15:08:04,495 INFO PERFORMANCE:|5|5|8|-1|-1|50|0

2022-02-12 15:08:04,495 INFO Task worker status: 
naming_0%32, pending tasks: 0
naming_1%32, pending tasks: 0
naming_2%32, pending tasks: 0
naming_3%32, pending tasks: 0
naming_4%32, pending tasks: 0
naming_5%32, pending tasks: 0
naming_6%32, pending tasks: 0
naming_7%32, pending tasks: 0
naming_8%32, pending tasks: 0
naming_9%32, pending tasks: 0
naming_10%32, pending tasks: 0
naming_11%32, pending tasks: 0
naming_12%32, pending tasks: 0
naming_13%32, pending tasks: 0
naming_14%32, pending tasks: 0
naming_15%32, pending tasks: 0
naming_16%32, pending tasks: 0
naming_17%32, pending tasks: 0
naming_18%32, pending tasks: 0
naming_19%32, pending tasks: 0
naming_20%32, pending tasks: 0
naming_21%32, pending tasks: 0
naming_22%32, pending tasks: 0
naming_23%32, pending tasks: 0
naming_24%32, pending tasks: 0
naming_25%32, pending tasks: 0
naming_26%32, pending tasks: 0
naming_27%32, pending tasks: 0
naming_28%32, pending tasks: 0
naming_29%32, pending tasks: 0
naming_30%32, pending tasks: 0
naming_31%32, pending tasks: 0


2022-02-12 15:09:04,497 INFO PERFORMANCE:|serviceCount|ipCount|subscribeCount|maxPushCost|avgPushCost|totalPushCount|failPushCount

2022-02-12 15:09:04,497 INFO PERFORMANCE:|5|5|8|-1|-1|50|0

2022-02-12 15:09:04,497 INFO Task worker status: 
naming_0%32, pending tasks: 0
naming_1%32, pending tasks: 0
naming_2%32, pending tasks: 0
naming_3%32, pending tasks: 0
naming_4%32, pending tasks: 0
naming_5%32, pending tasks: 0
naming_6%32, pending tasks: 0
naming_7%32, pending tasks: 0
naming_8%32, pending tasks: 0
naming_9%32, pending tasks: 0
naming_10%32, pending tasks: 0
naming_11%32, pending tasks: 0
naming_12%32, pending tasks: 0
naming_13%32, pending tasks: 0
naming_14%32, pending tasks: 0
naming_15%32, pending tasks: 0
naming_16%32, pending tasks: 0
naming_17%32, pending tasks: 0
naming_18%32, pending tasks: 0
naming_19%32, pending tasks: 0
naming_20%32, pending tasks: 0
naming_21%32, pending tasks: 0
naming_22%32, pending tasks: 0
naming_23%32, pending tasks: 0
naming_24%32, pending tasks: 0
naming_25%32, pending tasks: 0
naming_26%32, pending tasks: 0
naming_27%32, pending tasks: 0
naming_28%32, pending tasks: 0
naming_29%32, pending tasks: 0
naming_30%32, pending tasks: 0
naming_31%32, pending tasks: 0


2022-02-12 15:10:04,509 INFO PERFORMANCE:|5|5|8|-1|-1|50|0

2022-02-12 15:10:04,509 INFO Task worker status: 
naming_0%32, pending tasks: 0
naming_1%32, pending tasks: 0
naming_2%32, pending tasks: 0
naming_3%32, pending tasks: 0
naming_4%32, pending tasks: 0
naming_5%32, pending tasks: 0
naming_6%32, pending tasks: 0
naming_7%32, pending tasks: 0
naming_8%32, pending tasks: 0
naming_9%32, pending tasks: 0
naming_10%32, pending tasks: 0
naming_11%32, pending tasks: 0
naming_12%32, pending tasks: 0
naming_13%32, pending tasks: 0
naming_14%32, pending tasks: 0
naming_15%32, pending tasks: 0
naming_16%32, pending tasks: 0
naming_17%32, pending tasks: 0
naming_18%32, pending tasks: 0
naming_19%32, pending tasks: 0
naming_20%32, pending tasks: 0
naming_21%32, pending tasks: 0
naming_22%32, pending tasks: 0
naming_23%32, pending tasks: 0
naming_24%32, pending tasks: 0
naming_25%32, pending tasks: 0
naming_26%32, pending tasks: 0
naming_27%32, pending tasks: 0
naming_28%32, pending tasks: 0
naming_29%32, pending tasks: 0
naming_30%32, pending tasks: 0
naming_31%32, pending tasks: 0


2022-02-12 15:11:04,517 INFO PERFORMANCE:|5|5|8|-1|-1|50|0

2022-02-12 15:11:04,517 INFO Task worker status: 
naming_0%32, pending tasks: 0
naming_1%32, pending tasks: 0
naming_2%32, pending tasks: 0
naming_3%32, pending tasks: 0
naming_4%32, pending tasks: 0
naming_5%32, pending tasks: 0
naming_6%32, pending tasks: 0
naming_7%32, pending tasks: 0
naming_8%32, pending tasks: 0
naming_9%32, pending tasks: 0
naming_10%32, pending tasks: 0
naming_11%32, pending tasks: 0
naming_12%32, pending tasks: 0
naming_13%32, pending tasks: 0
naming_14%32, pending tasks: 0
naming_15%32, pending tasks: 0
naming_16%32, pending tasks: 0
naming_17%32, pending tasks: 0
naming_18%32, pending tasks: 0
naming_19%32, pending tasks: 0
naming_20%32, pending tasks: 0
naming_21%32, pending tasks: 0
naming_22%32, pending tasks: 0
naming_23%32, pending tasks: 0
naming_24%32, pending tasks: 0
naming_25%32, pending tasks: 0
naming_26%32, pending tasks: 0
naming_27%32, pending tasks: 0
naming_28%32, pending tasks: 0
naming_29%32, pending tasks: 0
naming_30%32, pending tasks: 0
naming_31%32, pending tasks: 0


2022-02-12 15:12:04,530 INFO PERFORMANCE:|5|5|8|-1|-1|50|0

2022-02-12 15:12:04,530 INFO Task worker status: 
naming_0%32, pending tasks: 0
naming_1%32, pending tasks: 0
naming_2%32, pending tasks: 0
naming_3%32, pending tasks: 0
naming_4%32, pending tasks: 0
naming_5%32, pending tasks: 0
naming_6%32, pending tasks: 0
naming_7%32, pending tasks: 0
naming_8%32, pending tasks: 0
naming_9%32, pending tasks: 0
naming_10%32, pending tasks: 0
naming_11%32, pending tasks: 0
naming_12%32, pending tasks: 0
naming_13%32, pending tasks: 0
naming_14%32, pending tasks: 0
naming_15%32, pending tasks: 0
naming_16%32, pending tasks: 0
naming_17%32, pending tasks: 0
naming_18%32, pending tasks: 0
naming_19%32, pending tasks: 0
naming_20%32, pending tasks: 0
naming_21%32, pending tasks: 0
naming_22%32, pending tasks: 0
naming_23%32, pending tasks: 0
naming_24%32, pending tasks: 0
naming_25%32, pending tasks: 0
naming_26%32, pending tasks: 0
naming_27%32, pending tasks: 0
naming_28%32, pending tasks: 0
naming_29%32, pending tasks: 0
naming_30%32, pending tasks: 0
naming_31%32, pending tasks: 0


2022-02-12 15:13:04,544 INFO PERFORMANCE:|5|5|8|-1|-1|50|0

2022-02-12 15:13:04,544 INFO Task worker status: 
naming_0%32, pending tasks: 0
naming_1%32, pending tasks: 0
naming_2%32, pending tasks: 0
naming_3%32, pending tasks: 0
naming_4%32, pending tasks: 0
naming_5%32, pending tasks: 0
naming_6%32, pending tasks: 0
naming_7%32, pending tasks: 0
naming_8%32, pending tasks: 0
naming_9%32, pending tasks: 0
naming_10%32, pending tasks: 0
naming_11%32, pending tasks: 0
naming_12%32, pending tasks: 0
naming_13%32, pending tasks: 0
naming_14%32, pending tasks: 0
naming_15%32, pending tasks: 0
naming_16%32, pending tasks: 0
naming_17%32, pending tasks: 0
naming_18%32, pending tasks: 0
naming_19%32, pending tasks: 0
naming_20%32, pending tasks: 0
naming_21%32, pending tasks: 0
naming_22%32, pending tasks: 0
naming_23%32, pending tasks: 0
naming_24%32, pending tasks: 0
naming_25%32, pending tasks: 0
naming_26%32, pending tasks: 0
naming_27%32, pending tasks: 0
naming_28%32, pending tasks: 0
naming_29%32, pending tasks: 0
naming_30%32, pending tasks: 0
naming_31%32, pending tasks: 0


2022-02-12 15:14:04,547 INFO PERFORMANCE:|5|5|8|-1|-1|50|0

2022-02-12 15:14:04,547 INFO Task worker status: 
naming_0%32, pending tasks: 0
naming_1%32, pending tasks: 0
naming_2%32, pending tasks: 0
naming_3%32, pending tasks: 0
naming_4%32, pending tasks: 0
naming_5%32, pending tasks: 0
naming_6%32, pending tasks: 0
naming_7%32, pending tasks: 0
naming_8%32, pending tasks: 0
naming_9%32, pending tasks: 0
naming_10%32, pending tasks: 0
naming_11%32, pending tasks: 0
naming_12%32, pending tasks: 0
naming_13%32, pending tasks: 0
naming_14%32, pending tasks: 0
naming_15%32, pending tasks: 0
naming_16%32, pending tasks: 0
naming_17%32, pending tasks: 0
naming_18%32, pending tasks: 0
naming_19%32, pending tasks: 0
naming_20%32, pending tasks: 0
naming_21%32, pending tasks: 0
naming_22%32, pending tasks: 0
naming_23%32, pending tasks: 0
naming_24%32, pending tasks: 0
naming_25%32, pending tasks: 0
naming_26%32, pending tasks: 0
naming_27%32, pending tasks: 0
naming_28%32, pending tasks: 0
naming_29%32, pending tasks: 0
naming_30%32, pending tasks: 0
naming_31%32, pending tasks: 0


2022-02-12 15:15:04,547 INFO PERFORMANCE:|5|5|8|-1|-1|50|0

2022-02-12 15:15:04,547 INFO Task worker status: 
naming_0%32, pending tasks: 0
naming_1%32, pending tasks: 0
naming_2%32, pending tasks: 0
naming_3%32, pending tasks: 0
naming_4%32, pending tasks: 0
naming_5%32, pending tasks: 0
naming_6%32, pending tasks: 0
naming_7%32, pending tasks: 0
naming_8%32, pending tasks: 0
naming_9%32, pending tasks: 0
naming_10%32, pending tasks: 0
naming_11%32, pending tasks: 0
naming_12%32, pending tasks: 0
naming_13%32, pending tasks: 0
naming_14%32, pending tasks: 0
naming_15%32, pending tasks: 0
naming_16%32, pending tasks: 0
naming_17%32, pending tasks: 0
naming_18%32, pending tasks: 0
naming_19%32, pending tasks: 0
naming_20%32, pending tasks: 0
naming_21%32, pending tasks: 0
naming_22%32, pending tasks: 0
naming_23%32, pending tasks: 0
naming_24%32, pending tasks: 0
naming_25%32, pending tasks: 0
naming_26%32, pending tasks: 0
naming_27%32, pending tasks: 0
naming_28%32, pending tasks: 0
naming_29%32, pending tasks: 0
naming_30%32, pending tasks: 0
naming_31%32, pending tasks: 0


2022-02-12 15:16:04,562 INFO PERFORMANCE:|5|5|8|-1|-1|50|0

2022-02-12 15:16:04,562 INFO Task worker status: 
naming_0%32, pending tasks: 0
naming_1%32, pending tasks: 0
naming_2%32, pending tasks: 0
naming_3%32, pending tasks: 0
naming_4%32, pending tasks: 0
naming_5%32, pending tasks: 0
naming_6%32, pending tasks: 0
naming_7%32, pending tasks: 0
naming_8%32, pending tasks: 0
naming_9%32, pending tasks: 0
naming_10%32, pending tasks: 0
naming_11%32, pending tasks: 0
naming_12%32, pending tasks: 0
naming_13%32, pending tasks: 0
naming_14%32, pending tasks: 0
naming_15%32, pending tasks: 0
naming_16%32, pending tasks: 0
naming_17%32, pending tasks: 0
naming_18%32, pending tasks: 0
naming_19%32, pending tasks: 0
naming_20%32, pending tasks: 0
naming_21%32, pending tasks: 0
naming_22%32, pending tasks: 0
naming_23%32, pending tasks: 0
naming_24%32, pending tasks: 0
naming_25%32, pending tasks: 0
naming_26%32, pending tasks: 0
naming_27%32, pending tasks: 0
naming_28%32, pending tasks: 0
naming_29%32, pending tasks: 0
naming_30%32, pending tasks: 0
naming_31%32, pending tasks: 0


2022-02-12 15:17:04,575 INFO PERFORMANCE:|5|5|8|-1|-1|50|0

2022-02-12 15:17:04,575 INFO Task worker status: 
naming_0%32, pending tasks: 0
naming_1%32, pending tasks: 0
naming_2%32, pending tasks: 0
naming_3%32, pending tasks: 0
naming_4%32, pending tasks: 0
naming_5%32, pending tasks: 0
naming_6%32, pending tasks: 0
naming_7%32, pending tasks: 0
naming_8%32, pending tasks: 0
naming_9%32, pending tasks: 0
naming_10%32, pending tasks: 0
naming_11%32, pending tasks: 0
naming_12%32, pending tasks: 0
naming_13%32, pending tasks: 0
naming_14%32, pending tasks: 0
naming_15%32, pending tasks: 0
naming_16%32, pending tasks: 0
naming_17%32, pending tasks: 0
naming_18%32, pending tasks: 0
naming_19%32, pending tasks: 0
naming_20%32, pending tasks: 0
naming_21%32, pending tasks: 0
naming_22%32, pending tasks: 0
naming_23%32, pending tasks: 0
naming_24%32, pending tasks: 0
naming_25%32, pending tasks: 0
naming_26%32, pending tasks: 0
naming_27%32, pending tasks: 0
naming_28%32, pending tasks: 0
naming_29%32, pending tasks: 0
naming_30%32, pending tasks: 0
naming_31%32, pending tasks: 0


2022-02-12 15:18:04,579 INFO PERFORMANCE:|5|5|8|-1|-1|50|0

2022-02-12 15:18:04,579 INFO Task worker status: 
naming_0%32, pending tasks: 0
naming_1%32, pending tasks: 0
naming_2%32, pending tasks: 0
naming_3%32, pending tasks: 0
naming_4%32, pending tasks: 0
naming_5%32, pending tasks: 0
naming_6%32, pending tasks: 0
naming_7%32, pending tasks: 0
naming_8%32, pending tasks: 0
naming_9%32, pending tasks: 0
naming_10%32, pending tasks: 0
naming_11%32, pending tasks: 0
naming_12%32, pending tasks: 0
naming_13%32, pending tasks: 0
naming_14%32, pending tasks: 0
naming_15%32, pending tasks: 0
naming_16%32, pending tasks: 0
naming_17%32, pending tasks: 0
naming_18%32, pending tasks: 0
naming_19%32, pending tasks: 0
naming_20%32, pending tasks: 0
naming_21%32, pending tasks: 0
naming_22%32, pending tasks: 0
naming_23%32, pending tasks: 0
naming_24%32, pending tasks: 0
naming_25%32, pending tasks: 0
naming_26%32, pending tasks: 0
naming_27%32, pending tasks: 0
naming_28%32, pending tasks: 0
naming_29%32, pending tasks: 0
naming_30%32, pending tasks: 0
naming_31%32, pending tasks: 0


2022-02-12 15:19:04,580 INFO PERFORMANCE:|serviceCount|ipCount|subscribeCount|maxPushCost|avgPushCost|totalPushCount|failPushCount

2022-02-12 15:19:04,580 INFO PERFORMANCE:|5|5|8|-1|-1|50|0

2022-02-12 15:19:04,580 INFO Task worker status: 
naming_0%32, pending tasks: 0
naming_1%32, pending tasks: 0
naming_2%32, pending tasks: 0
naming_3%32, pending tasks: 0
naming_4%32, pending tasks: 0
naming_5%32, pending tasks: 0
naming_6%32, pending tasks: 0
naming_7%32, pending tasks: 0
naming_8%32, pending tasks: 0
naming_9%32, pending tasks: 0
naming_10%32, pending tasks: 0
naming_11%32, pending tasks: 0
naming_12%32, pending tasks: 0
naming_13%32, pending tasks: 0
naming_14%32, pending tasks: 0
naming_15%32, pending tasks: 0
naming_16%32, pending tasks: 0
naming_17%32, pending tasks: 0
naming_18%32, pending tasks: 0
naming_19%32, pending tasks: 0
naming_20%32, pending tasks: 0
naming_21%32, pending tasks: 0
naming_22%32, pending tasks: 0
naming_23%32, pending tasks: 0
naming_24%32, pending tasks: 0
naming_25%32, pending tasks: 0
naming_26%32, pending tasks: 0
naming_27%32, pending tasks: 0
naming_28%32, pending tasks: 0
naming_29%32, pending tasks: 0
naming_30%32, pending tasks: 0
naming_31%32, pending tasks: 0


2022-02-12 15:20:04,587 INFO PERFORMANCE:|5|5|8|-1|-1|50|0

2022-02-12 15:20:04,587 INFO Task worker status: 
naming_0%32, pending tasks: 0
naming_1%32, pending tasks: 0
naming_2%32, pending tasks: 0
naming_3%32, pending tasks: 0
naming_4%32, pending tasks: 0
naming_5%32, pending tasks: 0
naming_6%32, pending tasks: 0
naming_7%32, pending tasks: 0
naming_8%32, pending tasks: 0
naming_9%32, pending tasks: 0
naming_10%32, pending tasks: 0
naming_11%32, pending tasks: 0
naming_12%32, pending tasks: 0
naming_13%32, pending tasks: 0
naming_14%32, pending tasks: 0
naming_15%32, pending tasks: 0
naming_16%32, pending tasks: 0
naming_17%32, pending tasks: 0
naming_18%32, pending tasks: 0
naming_19%32, pending tasks: 0
naming_20%32, pending tasks: 0
naming_21%32, pending tasks: 0
naming_22%32, pending tasks: 0
naming_23%32, pending tasks: 0
naming_24%32, pending tasks: 0
naming_25%32, pending tasks: 0
naming_26%32, pending tasks: 0
naming_27%32, pending tasks: 0
naming_28%32, pending tasks: 0
naming_29%32, pending tasks: 0
naming_30%32, pending tasks: 0
naming_31%32, pending tasks: 0


2022-02-12 15:21:04,589 INFO PERFORMANCE:|5|5|8|-1|-1|50|0

2022-02-12 15:21:04,589 INFO Task worker status: 
naming_0%32, pending tasks: 0
naming_1%32, pending tasks: 0
naming_2%32, pending tasks: 0
naming_3%32, pending tasks: 0
naming_4%32, pending tasks: 0
naming_5%32, pending tasks: 0
naming_6%32, pending tasks: 0
naming_7%32, pending tasks: 0
naming_8%32, pending tasks: 0
naming_9%32, pending tasks: 0
naming_10%32, pending tasks: 0
naming_11%32, pending tasks: 0
naming_12%32, pending tasks: 0
naming_13%32, pending tasks: 0
naming_14%32, pending tasks: 0
naming_15%32, pending tasks: 0
naming_16%32, pending tasks: 0
naming_17%32, pending tasks: 0
naming_18%32, pending tasks: 0
naming_19%32, pending tasks: 0
naming_20%32, pending tasks: 0
naming_21%32, pending tasks: 0
naming_22%32, pending tasks: 0
naming_23%32, pending tasks: 0
naming_24%32, pending tasks: 0
naming_25%32, pending tasks: 0
naming_26%32, pending tasks: 0
naming_27%32, pending tasks: 0
naming_28%32, pending tasks: 0
naming_29%32, pending tasks: 0
naming_30%32, pending tasks: 0
naming_31%32, pending tasks: 0


2022-02-12 15:22:04,605 INFO PERFORMANCE:|5|5|8|-1|-1|50|0

2022-02-12 15:22:04,605 INFO Task worker status: 
naming_0%32, pending tasks: 0
naming_1%32, pending tasks: 0
naming_2%32, pending tasks: 0
naming_3%32, pending tasks: 0
naming_4%32, pending tasks: 0
naming_5%32, pending tasks: 0
naming_6%32, pending tasks: 0
naming_7%32, pending tasks: 0
naming_8%32, pending tasks: 0
naming_9%32, pending tasks: 0
naming_10%32, pending tasks: 0
naming_11%32, pending tasks: 0
naming_12%32, pending tasks: 0
naming_13%32, pending tasks: 0
naming_14%32, pending tasks: 0
naming_15%32, pending tasks: 0
naming_16%32, pending tasks: 0
naming_17%32, pending tasks: 0
naming_18%32, pending tasks: 0
naming_19%32, pending tasks: 0
naming_20%32, pending tasks: 0
naming_21%32, pending tasks: 0
naming_22%32, pending tasks: 0
naming_23%32, pending tasks: 0
naming_24%32, pending tasks: 0
naming_25%32, pending tasks: 0
naming_26%32, pending tasks: 0
naming_27%32, pending tasks: 0
naming_28%32, pending tasks: 0
naming_29%32, pending tasks: 0
naming_30%32, pending tasks: 0
naming_31%32, pending tasks: 0


2022-02-12 15:23:04,607 INFO PERFORMANCE:|5|5|8|-1|-1|50|0

2022-02-12 15:23:04,607 INFO Task worker status: 
naming_0%32, pending tasks: 0
naming_1%32, pending tasks: 0
naming_2%32, pending tasks: 0
naming_3%32, pending tasks: 0
naming_4%32, pending tasks: 0
naming_5%32, pending tasks: 0
naming_6%32, pending tasks: 0
naming_7%32, pending tasks: 0
naming_8%32, pending tasks: 0
naming_9%32, pending tasks: 0
naming_10%32, pending tasks: 0
naming_11%32, pending tasks: 0
naming_12%32, pending tasks: 0
naming_13%32, pending tasks: 0
naming_14%32, pending tasks: 0
naming_15%32, pending tasks: 0
naming_16%32, pending tasks: 0
naming_17%32, pending tasks: 0
naming_18%32, pending tasks: 0
naming_19%32, pending tasks: 0
naming_20%32, pending tasks: 0
naming_21%32, pending tasks: 0
naming_22%32, pending tasks: 0
naming_23%32, pending tasks: 0
naming_24%32, pending tasks: 0
naming_25%32, pending tasks: 0
naming_26%32, pending tasks: 0
naming_27%32, pending tasks: 0
naming_28%32, pending tasks: 0
naming_29%32, pending tasks: 0
naming_30%32, pending tasks: 0
naming_31%32, pending tasks: 0


2022-02-12 15:24:04,614 INFO PERFORMANCE:|5|5|8|-1|-1|50|0

2022-02-12 15:24:04,614 INFO Task worker status: 
naming_0%32, pending tasks: 0
naming_1%32, pending tasks: 0
naming_2%32, pending tasks: 0
naming_3%32, pending tasks: 0
naming_4%32, pending tasks: 0
naming_5%32, pending tasks: 0
naming_6%32, pending tasks: 0
naming_7%32, pending tasks: 0
naming_8%32, pending tasks: 0
naming_9%32, pending tasks: 0
naming_10%32, pending tasks: 0
naming_11%32, pending tasks: 0
naming_12%32, pending tasks: 0
naming_13%32, pending tasks: 0
naming_14%32, pending tasks: 0
naming_15%32, pending tasks: 0
naming_16%32, pending tasks: 0
naming_17%32, pending tasks: 0
naming_18%32, pending tasks: 0
naming_19%32, pending tasks: 0
naming_20%32, pending tasks: 0
naming_21%32, pending tasks: 0
naming_22%32, pending tasks: 0
naming_23%32, pending tasks: 0
naming_24%32, pending tasks: 0
naming_25%32, pending tasks: 0
naming_26%32, pending tasks: 0
naming_27%32, pending tasks: 0
naming_28%32, pending tasks: 0
naming_29%32, pending tasks: 0
naming_30%32, pending tasks: 0
naming_31%32, pending tasks: 0


2022-02-12 15:25:04,624 INFO PERFORMANCE:|5|5|8|-1|-1|50|0

2022-02-12 15:25:04,624 INFO Task worker status: 
naming_0%32, pending tasks: 0
naming_1%32, pending tasks: 0
naming_2%32, pending tasks: 0
naming_3%32, pending tasks: 0
naming_4%32, pending tasks: 0
naming_5%32, pending tasks: 0
naming_6%32, pending tasks: 0
naming_7%32, pending tasks: 0
naming_8%32, pending tasks: 0
naming_9%32, pending tasks: 0
naming_10%32, pending tasks: 0
naming_11%32, pending tasks: 0
naming_12%32, pending tasks: 0
naming_13%32, pending tasks: 0
naming_14%32, pending tasks: 0
naming_15%32, pending tasks: 0
naming_16%32, pending tasks: 0
naming_17%32, pending tasks: 0
naming_18%32, pending tasks: 0
naming_19%32, pending tasks: 0
naming_20%32, pending tasks: 0
naming_21%32, pending tasks: 0
naming_22%32, pending tasks: 0
naming_23%32, pending tasks: 0
naming_24%32, pending tasks: 0
naming_25%32, pending tasks: 0
naming_26%32, pending tasks: 0
naming_27%32, pending tasks: 0
naming_28%32, pending tasks: 0
naming_29%32, pending tasks: 0
naming_30%32, pending tasks: 0
naming_31%32, pending tasks: 0


2022-02-12 15:26:04,629 INFO PERFORMANCE:|5|5|8|-1|-1|50|0

2022-02-12 15:26:04,639 INFO Task worker status: 
naming_0%32, pending tasks: 0
naming_1%32, pending tasks: 0
naming_2%32, pending tasks: 0
naming_3%32, pending tasks: 0
naming_4%32, pending tasks: 0
naming_5%32, pending tasks: 0
naming_6%32, pending tasks: 0
naming_7%32, pending tasks: 0
naming_8%32, pending tasks: 0
naming_9%32, pending tasks: 0
naming_10%32, pending tasks: 0
naming_11%32, pending tasks: 0
naming_12%32, pending tasks: 0
naming_13%32, pending tasks: 0
naming_14%32, pending tasks: 0
naming_15%32, pending tasks: 0
naming_16%32, pending tasks: 0
naming_17%32, pending tasks: 0
naming_18%32, pending tasks: 0
naming_19%32, pending tasks: 0
naming_20%32, pending tasks: 0
naming_21%32, pending tasks: 0
naming_22%32, pending tasks: 0
naming_23%32, pending tasks: 0
naming_24%32, pending tasks: 0
naming_25%32, pending tasks: 0
naming_26%32, pending tasks: 0
naming_27%32, pending tasks: 0
naming_28%32, pending tasks: 0
naming_29%32, pending tasks: 0
naming_30%32, pending tasks: 0
naming_31%32, pending tasks: 0


2022-02-12 15:27:04,640 INFO PERFORMANCE:|5|5|8|-1|-1|50|0

2022-02-12 15:27:04,640 INFO Task worker status: 
naming_0%32, pending tasks: 0
naming_1%32, pending tasks: 0
naming_2%32, pending tasks: 0
naming_3%32, pending tasks: 0
naming_4%32, pending tasks: 0
naming_5%32, pending tasks: 0
naming_6%32, pending tasks: 0
naming_7%32, pending tasks: 0
naming_8%32, pending tasks: 0
naming_9%32, pending tasks: 0
naming_10%32, pending tasks: 0
naming_11%32, pending tasks: 0
naming_12%32, pending tasks: 0
naming_13%32, pending tasks: 0
naming_14%32, pending tasks: 0
naming_15%32, pending tasks: 0
naming_16%32, pending tasks: 0
naming_17%32, pending tasks: 0
naming_18%32, pending tasks: 0
naming_19%32, pending tasks: 0
naming_20%32, pending tasks: 0
naming_21%32, pending tasks: 0
naming_22%32, pending tasks: 0
naming_23%32, pending tasks: 0
naming_24%32, pending tasks: 0
naming_25%32, pending tasks: 0
naming_26%32, pending tasks: 0
naming_27%32, pending tasks: 0
naming_28%32, pending tasks: 0
naming_29%32, pending tasks: 0
naming_30%32, pending tasks: 0
naming_31%32, pending tasks: 0


2022-02-12 15:28:04,648 INFO PERFORMANCE:|5|5|8|-1|-1|50|0

2022-02-12 15:28:04,648 INFO Task worker status: 
naming_0%32, pending tasks: 0
naming_1%32, pending tasks: 0
naming_2%32, pending tasks: 0
naming_3%32, pending tasks: 0
naming_4%32, pending tasks: 0
naming_5%32, pending tasks: 0
naming_6%32, pending tasks: 0
naming_7%32, pending tasks: 0
naming_8%32, pending tasks: 0
naming_9%32, pending tasks: 0
naming_10%32, pending tasks: 0
naming_11%32, pending tasks: 0
naming_12%32, pending tasks: 0
naming_13%32, pending tasks: 0
naming_14%32, pending tasks: 0
naming_15%32, pending tasks: 0
naming_16%32, pending tasks: 0
naming_17%32, pending tasks: 0
naming_18%32, pending tasks: 0
naming_19%32, pending tasks: 0
naming_20%32, pending tasks: 0
naming_21%32, pending tasks: 0
naming_22%32, pending tasks: 0
naming_23%32, pending tasks: 0
naming_24%32, pending tasks: 0
naming_25%32, pending tasks: 0
naming_26%32, pending tasks: 0
naming_27%32, pending tasks: 0
naming_28%32, pending tasks: 0
naming_29%32, pending tasks: 0
naming_30%32, pending tasks: 0
naming_31%32, pending tasks: 0


2022-02-12 15:29:04,662 INFO PERFORMANCE:|serviceCount|ipCount|subscribeCount|maxPushCost|avgPushCost|totalPushCount|failPushCount

2022-02-12 15:29:04,662 INFO PERFORMANCE:|5|5|8|-1|-1|50|0

2022-02-12 15:29:04,662 INFO Task worker status: 
naming_0%32, pending tasks: 0
naming_1%32, pending tasks: 0
naming_2%32, pending tasks: 0
naming_3%32, pending tasks: 0
naming_4%32, pending tasks: 0
naming_5%32, pending tasks: 0
naming_6%32, pending tasks: 0
naming_7%32, pending tasks: 0
naming_8%32, pending tasks: 0
naming_9%32, pending tasks: 0
naming_10%32, pending tasks: 0
naming_11%32, pending tasks: 0
naming_12%32, pending tasks: 0
naming_13%32, pending tasks: 0
naming_14%32, pending tasks: 0
naming_15%32, pending tasks: 0
naming_16%32, pending tasks: 0
naming_17%32, pending tasks: 0
naming_18%32, pending tasks: 0
naming_19%32, pending tasks: 0
naming_20%32, pending tasks: 0
naming_21%32, pending tasks: 0
naming_22%32, pending tasks: 0
naming_23%32, pending tasks: 0
naming_24%32, pending tasks: 0
naming_25%32, pending tasks: 0
naming_26%32, pending tasks: 0
naming_27%32, pending tasks: 0
naming_28%32, pending tasks: 0
naming_29%32, pending tasks: 0
naming_30%32, pending tasks: 0
naming_31%32, pending tasks: 0


2022-02-12 15:30:04,672 INFO PERFORMANCE:|5|5|8|-1|-1|50|0

2022-02-12 15:30:04,672 INFO Task worker status: 
naming_0%32, pending tasks: 0
naming_1%32, pending tasks: 0
naming_2%32, pending tasks: 0
naming_3%32, pending tasks: 0
naming_4%32, pending tasks: 0
naming_5%32, pending tasks: 0
naming_6%32, pending tasks: 0
naming_7%32, pending tasks: 0
naming_8%32, pending tasks: 0
naming_9%32, pending tasks: 0
naming_10%32, pending tasks: 0
naming_11%32, pending tasks: 0
naming_12%32, pending tasks: 0
naming_13%32, pending tasks: 0
naming_14%32, pending tasks: 0
naming_15%32, pending tasks: 0
naming_16%32, pending tasks: 0
naming_17%32, pending tasks: 0
naming_18%32, pending tasks: 0
naming_19%32, pending tasks: 0
naming_20%32, pending tasks: 0
naming_21%32, pending tasks: 0
naming_22%32, pending tasks: 0
naming_23%32, pending tasks: 0
naming_24%32, pending tasks: 0
naming_25%32, pending tasks: 0
naming_26%32, pending tasks: 0
naming_27%32, pending tasks: 0
naming_28%32, pending tasks: 0
naming_29%32, pending tasks: 0
naming_30%32, pending tasks: 0
naming_31%32, pending tasks: 0


2022-02-12 15:31:04,680 INFO PERFORMANCE:|5|5|8|-1|-1|50|0

2022-02-12 15:31:04,680 INFO Task worker status: 
naming_0%32, pending tasks: 0
naming_1%32, pending tasks: 0
naming_2%32, pending tasks: 0
naming_3%32, pending tasks: 0
naming_4%32, pending tasks: 0
naming_5%32, pending tasks: 0
naming_6%32, pending tasks: 0
naming_7%32, pending tasks: 0
naming_8%32, pending tasks: 0
naming_9%32, pending tasks: 0
naming_10%32, pending tasks: 0
naming_11%32, pending tasks: 0
naming_12%32, pending tasks: 0
naming_13%32, pending tasks: 0
naming_14%32, pending tasks: 0
naming_15%32, pending tasks: 0
naming_16%32, pending tasks: 0
naming_17%32, pending tasks: 0
naming_18%32, pending tasks: 0
naming_19%32, pending tasks: 0
naming_20%32, pending tasks: 0
naming_21%32, pending tasks: 0
naming_22%32, pending tasks: 0
naming_23%32, pending tasks: 0
naming_24%32, pending tasks: 0
naming_25%32, pending tasks: 0
naming_26%32, pending tasks: 0
naming_27%32, pending tasks: 0
naming_28%32, pending tasks: 0
naming_29%32, pending tasks: 0
naming_30%32, pending tasks: 0
naming_31%32, pending tasks: 0


2022-02-12 15:32:04,688 INFO PERFORMANCE:|5|5|8|-1|-1|50|0

2022-02-12 15:32:04,688 INFO Task worker status: 
naming_0%32, pending tasks: 0
naming_1%32, pending tasks: 0
naming_2%32, pending tasks: 0
naming_3%32, pending tasks: 0
naming_4%32, pending tasks: 0
naming_5%32, pending tasks: 0
naming_6%32, pending tasks: 0
naming_7%32, pending tasks: 0
naming_8%32, pending tasks: 0
naming_9%32, pending tasks: 0
naming_10%32, pending tasks: 0
naming_11%32, pending tasks: 0
naming_12%32, pending tasks: 0
naming_13%32, pending tasks: 0
naming_14%32, pending tasks: 0
naming_15%32, pending tasks: 0
naming_16%32, pending tasks: 0
naming_17%32, pending tasks: 0
naming_18%32, pending tasks: 0
naming_19%32, pending tasks: 0
naming_20%32, pending tasks: 0
naming_21%32, pending tasks: 0
naming_22%32, pending tasks: 0
naming_23%32, pending tasks: 0
naming_24%32, pending tasks: 0
naming_25%32, pending tasks: 0
naming_26%32, pending tasks: 0
naming_27%32, pending tasks: 0
naming_28%32, pending tasks: 0
naming_29%32, pending tasks: 0
naming_30%32, pending tasks: 0
naming_31%32, pending tasks: 0


2022-02-12 15:33:04,700 INFO PERFORMANCE:|5|5|8|-1|-1|50|0

2022-02-12 15:33:04,700 INFO Task worker status: 
naming_0%32, pending tasks: 0
naming_1%32, pending tasks: 0
naming_2%32, pending tasks: 0
naming_3%32, pending tasks: 0
naming_4%32, pending tasks: 0
naming_5%32, pending tasks: 0
naming_6%32, pending tasks: 0
naming_7%32, pending tasks: 0
naming_8%32, pending tasks: 0
naming_9%32, pending tasks: 0
naming_10%32, pending tasks: 0
naming_11%32, pending tasks: 0
naming_12%32, pending tasks: 0
naming_13%32, pending tasks: 0
naming_14%32, pending tasks: 0
naming_15%32, pending tasks: 0
naming_16%32, pending tasks: 0
naming_17%32, pending tasks: 0
naming_18%32, pending tasks: 0
naming_19%32, pending tasks: 0
naming_20%32, pending tasks: 0
naming_21%32, pending tasks: 0
naming_22%32, pending tasks: 0
naming_23%32, pending tasks: 0
naming_24%32, pending tasks: 0
naming_25%32, pending tasks: 0
naming_26%32, pending tasks: 0
naming_27%32, pending tasks: 0
naming_28%32, pending tasks: 0
naming_29%32, pending tasks: 0
naming_30%32, pending tasks: 0
naming_31%32, pending tasks: 0


2022-02-12 15:34:04,709 INFO PERFORMANCE:|5|5|8|-1|-1|50|0

2022-02-12 15:34:04,709 INFO Task worker status: 
naming_0%32, pending tasks: 0
naming_1%32, pending tasks: 0
naming_2%32, pending tasks: 0
naming_3%32, pending tasks: 0
naming_4%32, pending tasks: 0
naming_5%32, pending tasks: 0
naming_6%32, pending tasks: 0
naming_7%32, pending tasks: 0
naming_8%32, pending tasks: 0
naming_9%32, pending tasks: 0
naming_10%32, pending tasks: 0
naming_11%32, pending tasks: 0
naming_12%32, pending tasks: 0
naming_13%32, pending tasks: 0
naming_14%32, pending tasks: 0
naming_15%32, pending tasks: 0
naming_16%32, pending tasks: 0
naming_17%32, pending tasks: 0
naming_18%32, pending tasks: 0
naming_19%32, pending tasks: 0
naming_20%32, pending tasks: 0
naming_21%32, pending tasks: 0
naming_22%32, pending tasks: 0
naming_23%32, pending tasks: 0
naming_24%32, pending tasks: 0
naming_25%32, pending tasks: 0
naming_26%32, pending tasks: 0
naming_27%32, pending tasks: 0
naming_28%32, pending tasks: 0
naming_29%32, pending tasks: 0
naming_30%32, pending tasks: 0
naming_31%32, pending tasks: 0


2022-02-12 15:35:04,718 INFO PERFORMANCE:|5|5|8|-1|-1|50|0

2022-02-12 15:35:04,718 INFO Task worker status: 
naming_0%32, pending tasks: 0
naming_1%32, pending tasks: 0
naming_2%32, pending tasks: 0
naming_3%32, pending tasks: 0
naming_4%32, pending tasks: 0
naming_5%32, pending tasks: 0
naming_6%32, pending tasks: 0
naming_7%32, pending tasks: 0
naming_8%32, pending tasks: 0
naming_9%32, pending tasks: 0
naming_10%32, pending tasks: 0
naming_11%32, pending tasks: 0
naming_12%32, pending tasks: 0
naming_13%32, pending tasks: 0
naming_14%32, pending tasks: 0
naming_15%32, pending tasks: 0
naming_16%32, pending tasks: 0
naming_17%32, pending tasks: 0
naming_18%32, pending tasks: 0
naming_19%32, pending tasks: 0
naming_20%32, pending tasks: 0
naming_21%32, pending tasks: 0
naming_22%32, pending tasks: 0
naming_23%32, pending tasks: 0
naming_24%32, pending tasks: 0
naming_25%32, pending tasks: 0
naming_26%32, pending tasks: 0
naming_27%32, pending tasks: 0
naming_28%32, pending tasks: 0
naming_29%32, pending tasks: 0
naming_30%32, pending tasks: 0
naming_31%32, pending tasks: 0


2022-02-12 15:36:04,719 INFO PERFORMANCE:|5|5|8|-1|-1|50|0

2022-02-12 15:36:04,719 INFO Task worker status: 
naming_0%32, pending tasks: 0
naming_1%32, pending tasks: 0
naming_2%32, pending tasks: 0
naming_3%32, pending tasks: 0
naming_4%32, pending tasks: 0
naming_5%32, pending tasks: 0
naming_6%32, pending tasks: 0
naming_7%32, pending tasks: 0
naming_8%32, pending tasks: 0
naming_9%32, pending tasks: 0
naming_10%32, pending tasks: 0
naming_11%32, pending tasks: 0
naming_12%32, pending tasks: 0
naming_13%32, pending tasks: 0
naming_14%32, pending tasks: 0
naming_15%32, pending tasks: 0
naming_16%32, pending tasks: 0
naming_17%32, pending tasks: 0
naming_18%32, pending tasks: 0
naming_19%32, pending tasks: 0
naming_20%32, pending tasks: 0
naming_21%32, pending tasks: 0
naming_22%32, pending tasks: 0
naming_23%32, pending tasks: 0
naming_24%32, pending tasks: 0
naming_25%32, pending tasks: 0
naming_26%32, pending tasks: 0
naming_27%32, pending tasks: 0
naming_28%32, pending tasks: 0
naming_29%32, pending tasks: 0
naming_30%32, pending tasks: 0
naming_31%32, pending tasks: 0


2022-02-12 15:37:04,728 INFO PERFORMANCE:|5|5|8|-1|-1|50|0

2022-02-12 15:37:04,728 INFO Task worker status: 
naming_0%32, pending tasks: 0
naming_1%32, pending tasks: 0
naming_2%32, pending tasks: 0
naming_3%32, pending tasks: 0
naming_4%32, pending tasks: 0
naming_5%32, pending tasks: 0
naming_6%32, pending tasks: 0
naming_7%32, pending tasks: 0
naming_8%32, pending tasks: 0
naming_9%32, pending tasks: 0
naming_10%32, pending tasks: 0
naming_11%32, pending tasks: 0
naming_12%32, pending tasks: 0
naming_13%32, pending tasks: 0
naming_14%32, pending tasks: 0
naming_15%32, pending tasks: 0
naming_16%32, pending tasks: 0
naming_17%32, pending tasks: 0
naming_18%32, pending tasks: 0
naming_19%32, pending tasks: 0
naming_20%32, pending tasks: 0
naming_21%32, pending tasks: 0
naming_22%32, pending tasks: 0
naming_23%32, pending tasks: 0
naming_24%32, pending tasks: 0
naming_25%32, pending tasks: 0
naming_26%32, pending tasks: 0
naming_27%32, pending tasks: 0
naming_28%32, pending tasks: 0
naming_29%32, pending tasks: 0
naming_30%32, pending tasks: 0
naming_31%32, pending tasks: 0


2022-02-12 15:38:04,734 INFO PERFORMANCE:|5|5|8|-1|-1|50|0

2022-02-12 15:38:04,734 INFO Task worker status: 
naming_0%32, pending tasks: 0
naming_1%32, pending tasks: 0
naming_2%32, pending tasks: 0
naming_3%32, pending tasks: 0
naming_4%32, pending tasks: 0
naming_5%32, pending tasks: 0
naming_6%32, pending tasks: 0
naming_7%32, pending tasks: 0
naming_8%32, pending tasks: 0
naming_9%32, pending tasks: 0
naming_10%32, pending tasks: 0
naming_11%32, pending tasks: 0
naming_12%32, pending tasks: 0
naming_13%32, pending tasks: 0
naming_14%32, pending tasks: 0
naming_15%32, pending tasks: 0
naming_16%32, pending tasks: 0
naming_17%32, pending tasks: 0
naming_18%32, pending tasks: 0
naming_19%32, pending tasks: 0
naming_20%32, pending tasks: 0
naming_21%32, pending tasks: 0
naming_22%32, pending tasks: 0
naming_23%32, pending tasks: 0
naming_24%32, pending tasks: 0
naming_25%32, pending tasks: 0
naming_26%32, pending tasks: 0
naming_27%32, pending tasks: 0
naming_28%32, pending tasks: 0
naming_29%32, pending tasks: 0
naming_30%32, pending tasks: 0
naming_31%32, pending tasks: 0


2022-02-12 15:39:04,743 INFO PERFORMANCE:|serviceCount|ipCount|subscribeCount|maxPushCost|avgPushCost|totalPushCount|failPushCount

2022-02-12 15:39:04,743 INFO PERFORMANCE:|5|5|8|-1|-1|50|0

2022-02-12 15:39:04,743 INFO Task worker status: 
naming_0%32, pending tasks: 0
naming_1%32, pending tasks: 0
naming_2%32, pending tasks: 0
naming_3%32, pending tasks: 0
naming_4%32, pending tasks: 0
naming_5%32, pending tasks: 0
naming_6%32, pending tasks: 0
naming_7%32, pending tasks: 0
naming_8%32, pending tasks: 0
naming_9%32, pending tasks: 0
naming_10%32, pending tasks: 0
naming_11%32, pending tasks: 0
naming_12%32, pending tasks: 0
naming_13%32, pending tasks: 0
naming_14%32, pending tasks: 0
naming_15%32, pending tasks: 0
naming_16%32, pending tasks: 0
naming_17%32, pending tasks: 0
naming_18%32, pending tasks: 0
naming_19%32, pending tasks: 0
naming_20%32, pending tasks: 0
naming_21%32, pending tasks: 0
naming_22%32, pending tasks: 0
naming_23%32, pending tasks: 0
naming_24%32, pending tasks: 0
naming_25%32, pending tasks: 0
naming_26%32, pending tasks: 0
naming_27%32, pending tasks: 0
naming_28%32, pending tasks: 0
naming_29%32, pending tasks: 0
naming_30%32, pending tasks: 0
naming_31%32, pending tasks: 0


2022-02-12 15:40:04,759 INFO PERFORMANCE:|5|5|8|-1|-1|50|0

2022-02-12 15:40:04,759 INFO Task worker status: 
naming_0%32, pending tasks: 0
naming_1%32, pending tasks: 0
naming_2%32, pending tasks: 0
naming_3%32, pending tasks: 0
naming_4%32, pending tasks: 0
naming_5%32, pending tasks: 0
naming_6%32, pending tasks: 0
naming_7%32, pending tasks: 0
naming_8%32, pending tasks: 0
naming_9%32, pending tasks: 0
naming_10%32, pending tasks: 0
naming_11%32, pending tasks: 0
naming_12%32, pending tasks: 0
naming_13%32, pending tasks: 0
naming_14%32, pending tasks: 0
naming_15%32, pending tasks: 0
naming_16%32, pending tasks: 0
naming_17%32, pending tasks: 0
naming_18%32, pending tasks: 0
naming_19%32, pending tasks: 0
naming_20%32, pending tasks: 0
naming_21%32, pending tasks: 0
naming_22%32, pending tasks: 0
naming_23%32, pending tasks: 0
naming_24%32, pending tasks: 0
naming_25%32, pending tasks: 0
naming_26%32, pending tasks: 0
naming_27%32, pending tasks: 0
naming_28%32, pending tasks: 0
naming_29%32, pending tasks: 0
naming_30%32, pending tasks: 0
naming_31%32, pending tasks: 0


2022-02-12 15:41:04,771 INFO PERFORMANCE:|5|5|8|-1|-1|50|0

2022-02-12 15:41:04,771 INFO Task worker status: 
naming_0%32, pending tasks: 0
naming_1%32, pending tasks: 0
naming_2%32, pending tasks: 0
naming_3%32, pending tasks: 0
naming_4%32, pending tasks: 0
naming_5%32, pending tasks: 0
naming_6%32, pending tasks: 0
naming_7%32, pending tasks: 0
naming_8%32, pending tasks: 0
naming_9%32, pending tasks: 0
naming_10%32, pending tasks: 0
naming_11%32, pending tasks: 0
naming_12%32, pending tasks: 0
naming_13%32, pending tasks: 0
naming_14%32, pending tasks: 0
naming_15%32, pending tasks: 0
naming_16%32, pending tasks: 0
naming_17%32, pending tasks: 0
naming_18%32, pending tasks: 0
naming_19%32, pending tasks: 0
naming_20%32, pending tasks: 0
naming_21%32, pending tasks: 0
naming_22%32, pending tasks: 0
naming_23%32, pending tasks: 0
naming_24%32, pending tasks: 0
naming_25%32, pending tasks: 0
naming_26%32, pending tasks: 0
naming_27%32, pending tasks: 0
naming_28%32, pending tasks: 0
naming_29%32, pending tasks: 0
naming_30%32, pending tasks: 0
naming_31%32, pending tasks: 0


2022-02-12 15:42:04,781 INFO PERFORMANCE:|5|5|8|-1|-1|50|0

2022-02-12 15:42:04,781 INFO Task worker status: 
naming_0%32, pending tasks: 0
naming_1%32, pending tasks: 0
naming_2%32, pending tasks: 0
naming_3%32, pending tasks: 0
naming_4%32, pending tasks: 0
naming_5%32, pending tasks: 0
naming_6%32, pending tasks: 0
naming_7%32, pending tasks: 0
naming_8%32, pending tasks: 0
naming_9%32, pending tasks: 0
naming_10%32, pending tasks: 0
naming_11%32, pending tasks: 0
naming_12%32, pending tasks: 0
naming_13%32, pending tasks: 0
naming_14%32, pending tasks: 0
naming_15%32, pending tasks: 0
naming_16%32, pending tasks: 0
naming_17%32, pending tasks: 0
naming_18%32, pending tasks: 0
naming_19%32, pending tasks: 0
naming_20%32, pending tasks: 0
naming_21%32, pending tasks: 0
naming_22%32, pending tasks: 0
naming_23%32, pending tasks: 0
naming_24%32, pending tasks: 0
naming_25%32, pending tasks: 0
naming_26%32, pending tasks: 0
naming_27%32, pending tasks: 0
naming_28%32, pending tasks: 0
naming_29%32, pending tasks: 0
naming_30%32, pending tasks: 0
naming_31%32, pending tasks: 0


2022-02-12 15:43:04,793 INFO PERFORMANCE:|5|5|8|-1|-1|50|0

2022-02-12 15:43:04,793 INFO Task worker status: 
naming_0%32, pending tasks: 0
naming_1%32, pending tasks: 0
naming_2%32, pending tasks: 0
naming_3%32, pending tasks: 0
naming_4%32, pending tasks: 0
naming_5%32, pending tasks: 0
naming_6%32, pending tasks: 0
naming_7%32, pending tasks: 0
naming_8%32, pending tasks: 0
naming_9%32, pending tasks: 0
naming_10%32, pending tasks: 0
naming_11%32, pending tasks: 0
naming_12%32, pending tasks: 0
naming_13%32, pending tasks: 0
naming_14%32, pending tasks: 0
naming_15%32, pending tasks: 0
naming_16%32, pending tasks: 0
naming_17%32, pending tasks: 0
naming_18%32, pending tasks: 0
naming_19%32, pending tasks: 0
naming_20%32, pending tasks: 0
naming_21%32, pending tasks: 0
naming_22%32, pending tasks: 0
naming_23%32, pending tasks: 0
naming_24%32, pending tasks: 0
naming_25%32, pending tasks: 0
naming_26%32, pending tasks: 0
naming_27%32, pending tasks: 0
naming_28%32, pending tasks: 0
naming_29%32, pending tasks: 0
naming_30%32, pending tasks: 0
naming_31%32, pending tasks: 0


2022-02-12 15:44:04,797 INFO PERFORMANCE:|5|5|8|-1|-1|50|0

2022-02-12 15:44:04,797 INFO Task worker status: 
naming_0%32, pending tasks: 0
naming_1%32, pending tasks: 0
naming_2%32, pending tasks: 0
naming_3%32, pending tasks: 0
naming_4%32, pending tasks: 0
naming_5%32, pending tasks: 0
naming_6%32, pending tasks: 0
naming_7%32, pending tasks: 0
naming_8%32, pending tasks: 0
naming_9%32, pending tasks: 0
naming_10%32, pending tasks: 0
naming_11%32, pending tasks: 0
naming_12%32, pending tasks: 0
naming_13%32, pending tasks: 0
naming_14%32, pending tasks: 0
naming_15%32, pending tasks: 0
naming_16%32, pending tasks: 0
naming_17%32, pending tasks: 0
naming_18%32, pending tasks: 0
naming_19%32, pending tasks: 0
naming_20%32, pending tasks: 0
naming_21%32, pending tasks: 0
naming_22%32, pending tasks: 0
naming_23%32, pending tasks: 0
naming_24%32, pending tasks: 0
naming_25%32, pending tasks: 0
naming_26%32, pending tasks: 0
naming_27%32, pending tasks: 0
naming_28%32, pending tasks: 0
naming_29%32, pending tasks: 0
naming_30%32, pending tasks: 0
naming_31%32, pending tasks: 0


2022-02-12 15:45:04,798 INFO PERFORMANCE:|5|5|8|-1|-1|50|0

2022-02-12 15:45:04,798 INFO Task worker status: 
naming_0%32, pending tasks: 0
naming_1%32, pending tasks: 0
naming_2%32, pending tasks: 0
naming_3%32, pending tasks: 0
naming_4%32, pending tasks: 0
naming_5%32, pending tasks: 0
naming_6%32, pending tasks: 0
naming_7%32, pending tasks: 0
naming_8%32, pending tasks: 0
naming_9%32, pending tasks: 0
naming_10%32, pending tasks: 0
naming_11%32, pending tasks: 0
naming_12%32, pending tasks: 0
naming_13%32, pending tasks: 0
naming_14%32, pending tasks: 0
naming_15%32, pending tasks: 0
naming_16%32, pending tasks: 0
naming_17%32, pending tasks: 0
naming_18%32, pending tasks: 0
naming_19%32, pending tasks: 0
naming_20%32, pending tasks: 0
naming_21%32, pending tasks: 0
naming_22%32, pending tasks: 0
naming_23%32, pending tasks: 0
naming_24%32, pending tasks: 0
naming_25%32, pending tasks: 0
naming_26%32, pending tasks: 0
naming_27%32, pending tasks: 0
naming_28%32, pending tasks: 0
naming_29%32, pending tasks: 0
naming_30%32, pending tasks: 0
naming_31%32, pending tasks: 0


2022-02-12 15:46:04,808 INFO PERFORMANCE:|5|5|8|-1|-1|50|0

2022-02-12 15:46:04,808 INFO Task worker status: 
naming_0%32, pending tasks: 0
naming_1%32, pending tasks: 0
naming_2%32, pending tasks: 0
naming_3%32, pending tasks: 0
naming_4%32, pending tasks: 0
naming_5%32, pending tasks: 0
naming_6%32, pending tasks: 0
naming_7%32, pending tasks: 0
naming_8%32, pending tasks: 0
naming_9%32, pending tasks: 0
naming_10%32, pending tasks: 0
naming_11%32, pending tasks: 0
naming_12%32, pending tasks: 0
naming_13%32, pending tasks: 0
naming_14%32, pending tasks: 0
naming_15%32, pending tasks: 0
naming_16%32, pending tasks: 0
naming_17%32, pending tasks: 0
naming_18%32, pending tasks: 0
naming_19%32, pending tasks: 0
naming_20%32, pending tasks: 0
naming_21%32, pending tasks: 0
naming_22%32, pending tasks: 0
naming_23%32, pending tasks: 0
naming_24%32, pending tasks: 0
naming_25%32, pending tasks: 0
naming_26%32, pending tasks: 0
naming_27%32, pending tasks: 0
naming_28%32, pending tasks: 0
naming_29%32, pending tasks: 0
naming_30%32, pending tasks: 0
naming_31%32, pending tasks: 0


2022-02-12 15:47:04,811 INFO PERFORMANCE:|5|5|8|-1|-1|50|0

2022-02-12 15:47:04,811 INFO Task worker status: 
naming_0%32, pending tasks: 0
naming_1%32, pending tasks: 0
naming_2%32, pending tasks: 0
naming_3%32, pending tasks: 0
naming_4%32, pending tasks: 0
naming_5%32, pending tasks: 0
naming_6%32, pending tasks: 0
naming_7%32, pending tasks: 0
naming_8%32, pending tasks: 0
naming_9%32, pending tasks: 0
naming_10%32, pending tasks: 0
naming_11%32, pending tasks: 0
naming_12%32, pending tasks: 0
naming_13%32, pending tasks: 0
naming_14%32, pending tasks: 0
naming_15%32, pending tasks: 0
naming_16%32, pending tasks: 0
naming_17%32, pending tasks: 0
naming_18%32, pending tasks: 0
naming_19%32, pending tasks: 0
naming_20%32, pending tasks: 0
naming_21%32, pending tasks: 0
naming_22%32, pending tasks: 0
naming_23%32, pending tasks: 0
naming_24%32, pending tasks: 0
naming_25%32, pending tasks: 0
naming_26%32, pending tasks: 0
naming_27%32, pending tasks: 0
naming_28%32, pending tasks: 0
naming_29%32, pending tasks: 0
naming_30%32, pending tasks: 0
naming_31%32, pending tasks: 0


2022-02-12 15:48:04,820 INFO PERFORMANCE:|5|5|8|-1|-1|50|0

2022-02-12 15:48:04,820 INFO Task worker status: 
naming_0%32, pending tasks: 0
naming_1%32, pending tasks: 0
naming_2%32, pending tasks: 0
naming_3%32, pending tasks: 0
naming_4%32, pending tasks: 0
naming_5%32, pending tasks: 0
naming_6%32, pending tasks: 0
naming_7%32, pending tasks: 0
naming_8%32, pending tasks: 0
naming_9%32, pending tasks: 0
naming_10%32, pending tasks: 0
naming_11%32, pending tasks: 0
naming_12%32, pending tasks: 0
naming_13%32, pending tasks: 0
naming_14%32, pending tasks: 0
naming_15%32, pending tasks: 0
naming_16%32, pending tasks: 0
naming_17%32, pending tasks: 0
naming_18%32, pending tasks: 0
naming_19%32, pending tasks: 0
naming_20%32, pending tasks: 0
naming_21%32, pending tasks: 0
naming_22%32, pending tasks: 0
naming_23%32, pending tasks: 0
naming_24%32, pending tasks: 0
naming_25%32, pending tasks: 0
naming_26%32, pending tasks: 0
naming_27%32, pending tasks: 0
naming_28%32, pending tasks: 0
naming_29%32, pending tasks: 0
naming_30%32, pending tasks: 0
naming_31%32, pending tasks: 0


2022-02-12 15:49:04,831 INFO PERFORMANCE:|serviceCount|ipCount|subscribeCount|maxPushCost|avgPushCost|totalPushCount|failPushCount

2022-02-12 15:49:04,831 INFO PERFORMANCE:|5|5|8|-1|-1|50|0

2022-02-12 15:49:04,831 INFO Task worker status: 
naming_0%32, pending tasks: 0
naming_1%32, pending tasks: 0
naming_2%32, pending tasks: 0
naming_3%32, pending tasks: 0
naming_4%32, pending tasks: 0
naming_5%32, pending tasks: 0
naming_6%32, pending tasks: 0
naming_7%32, pending tasks: 0
naming_8%32, pending tasks: 0
naming_9%32, pending tasks: 0
naming_10%32, pending tasks: 0
naming_11%32, pending tasks: 0
naming_12%32, pending tasks: 0
naming_13%32, pending tasks: 0
naming_14%32, pending tasks: 0
naming_15%32, pending tasks: 0
naming_16%32, pending tasks: 0
naming_17%32, pending tasks: 0
naming_18%32, pending tasks: 0
naming_19%32, pending tasks: 0
naming_20%32, pending tasks: 0
naming_21%32, pending tasks: 0
naming_22%32, pending tasks: 0
naming_23%32, pending tasks: 0
naming_24%32, pending tasks: 0
naming_25%32, pending tasks: 0
naming_26%32, pending tasks: 0
naming_27%32, pending tasks: 0
naming_28%32, pending tasks: 0
naming_29%32, pending tasks: 0
naming_30%32, pending tasks: 0
naming_31%32, pending tasks: 0


2022-02-12 15:50:04,834 INFO PERFORMANCE:|5|5|8|-1|-1|50|0

2022-02-12 15:50:04,834 INFO Task worker status: 
naming_0%32, pending tasks: 0
naming_1%32, pending tasks: 0
naming_2%32, pending tasks: 0
naming_3%32, pending tasks: 0
naming_4%32, pending tasks: 0
naming_5%32, pending tasks: 0
naming_6%32, pending tasks: 0
naming_7%32, pending tasks: 0
naming_8%32, pending tasks: 0
naming_9%32, pending tasks: 0
naming_10%32, pending tasks: 0
naming_11%32, pending tasks: 0
naming_12%32, pending tasks: 0
naming_13%32, pending tasks: 0
naming_14%32, pending tasks: 0
naming_15%32, pending tasks: 0
naming_16%32, pending tasks: 0
naming_17%32, pending tasks: 0
naming_18%32, pending tasks: 0
naming_19%32, pending tasks: 0
naming_20%32, pending tasks: 0
naming_21%32, pending tasks: 0
naming_22%32, pending tasks: 0
naming_23%32, pending tasks: 0
naming_24%32, pending tasks: 0
naming_25%32, pending tasks: 0
naming_26%32, pending tasks: 0
naming_27%32, pending tasks: 0
naming_28%32, pending tasks: 0
naming_29%32, pending tasks: 0
naming_30%32, pending tasks: 0
naming_31%32, pending tasks: 0


2022-02-12 15:51:04,845 INFO PERFORMANCE:|5|5|8|-1|-1|50|0

2022-02-12 15:51:04,845 INFO Task worker status: 
naming_0%32, pending tasks: 0
naming_1%32, pending tasks: 0
naming_2%32, pending tasks: 0
naming_3%32, pending tasks: 0
naming_4%32, pending tasks: 0
naming_5%32, pending tasks: 0
naming_6%32, pending tasks: 0
naming_7%32, pending tasks: 0
naming_8%32, pending tasks: 0
naming_9%32, pending tasks: 0
naming_10%32, pending tasks: 0
naming_11%32, pending tasks: 0
naming_12%32, pending tasks: 0
naming_13%32, pending tasks: 0
naming_14%32, pending tasks: 0
naming_15%32, pending tasks: 0
naming_16%32, pending tasks: 0
naming_17%32, pending tasks: 0
naming_18%32, pending tasks: 0
naming_19%32, pending tasks: 0
naming_20%32, pending tasks: 0
naming_21%32, pending tasks: 0
naming_22%32, pending tasks: 0
naming_23%32, pending tasks: 0
naming_24%32, pending tasks: 0
naming_25%32, pending tasks: 0
naming_26%32, pending tasks: 0
naming_27%32, pending tasks: 0
naming_28%32, pending tasks: 0
naming_29%32, pending tasks: 0
naming_30%32, pending tasks: 0
naming_31%32, pending tasks: 0


2022-02-12 15:52:04,856 INFO PERFORMANCE:|5|5|8|-1|-1|50|0

2022-02-12 15:52:04,856 INFO Task worker status: 
naming_0%32, pending tasks: 0
naming_1%32, pending tasks: 0
naming_2%32, pending tasks: 0
naming_3%32, pending tasks: 0
naming_4%32, pending tasks: 0
naming_5%32, pending tasks: 0
naming_6%32, pending tasks: 0
naming_7%32, pending tasks: 0
naming_8%32, pending tasks: 0
naming_9%32, pending tasks: 0
naming_10%32, pending tasks: 0
naming_11%32, pending tasks: 0
naming_12%32, pending tasks: 0
naming_13%32, pending tasks: 0
naming_14%32, pending tasks: 0
naming_15%32, pending tasks: 0
naming_16%32, pending tasks: 0
naming_17%32, pending tasks: 0
naming_18%32, pending tasks: 0
naming_19%32, pending tasks: 0
naming_20%32, pending tasks: 0
naming_21%32, pending tasks: 0
naming_22%32, pending tasks: 0
naming_23%32, pending tasks: 0
naming_24%32, pending tasks: 0
naming_25%32, pending tasks: 0
naming_26%32, pending tasks: 0
naming_27%32, pending tasks: 0
naming_28%32, pending tasks: 0
naming_29%32, pending tasks: 0
naming_30%32, pending tasks: 0
naming_31%32, pending tasks: 0


2022-02-12 15:53:04,861 INFO PERFORMANCE:|5|5|8|-1|-1|50|0

2022-02-12 15:53:04,861 INFO Task worker status: 
naming_0%32, pending tasks: 0
naming_1%32, pending tasks: 0
naming_2%32, pending tasks: 0
naming_3%32, pending tasks: 0
naming_4%32, pending tasks: 0
naming_5%32, pending tasks: 0
naming_6%32, pending tasks: 0
naming_7%32, pending tasks: 0
naming_8%32, pending tasks: 0
naming_9%32, pending tasks: 0
naming_10%32, pending tasks: 0
naming_11%32, pending tasks: 0
naming_12%32, pending tasks: 0
naming_13%32, pending tasks: 0
naming_14%32, pending tasks: 0
naming_15%32, pending tasks: 0
naming_16%32, pending tasks: 0
naming_17%32, pending tasks: 0
naming_18%32, pending tasks: 0
naming_19%32, pending tasks: 0
naming_20%32, pending tasks: 0
naming_21%32, pending tasks: 0
naming_22%32, pending tasks: 0
naming_23%32, pending tasks: 0
naming_24%32, pending tasks: 0
naming_25%32, pending tasks: 0
naming_26%32, pending tasks: 0
naming_27%32, pending tasks: 0
naming_28%32, pending tasks: 0
naming_29%32, pending tasks: 0
naming_30%32, pending tasks: 0
naming_31%32, pending tasks: 0


2022-02-12 15:54:04,872 INFO PERFORMANCE:|5|5|8|-1|-1|50|0

2022-02-12 15:54:04,872 INFO Task worker status: 
naming_0%32, pending tasks: 0
naming_1%32, pending tasks: 0
naming_2%32, pending tasks: 0
naming_3%32, pending tasks: 0
naming_4%32, pending tasks: 0
naming_5%32, pending tasks: 0
naming_6%32, pending tasks: 0
naming_7%32, pending tasks: 0
naming_8%32, pending tasks: 0
naming_9%32, pending tasks: 0
naming_10%32, pending tasks: 0
naming_11%32, pending tasks: 0
naming_12%32, pending tasks: 0
naming_13%32, pending tasks: 0
naming_14%32, pending tasks: 0
naming_15%32, pending tasks: 0
naming_16%32, pending tasks: 0
naming_17%32, pending tasks: 0
naming_18%32, pending tasks: 0
naming_19%32, pending tasks: 0
naming_20%32, pending tasks: 0
naming_21%32, pending tasks: 0
naming_22%32, pending tasks: 0
naming_23%32, pending tasks: 0
naming_24%32, pending tasks: 0
naming_25%32, pending tasks: 0
naming_26%32, pending tasks: 0
naming_27%32, pending tasks: 0
naming_28%32, pending tasks: 0
naming_29%32, pending tasks: 0
naming_30%32, pending tasks: 0
naming_31%32, pending tasks: 0


2022-02-12 15:55:04,886 INFO PERFORMANCE:|5|5|8|-1|-1|50|0

2022-02-12 15:55:04,886 INFO Task worker status: 
naming_0%32, pending tasks: 0
naming_1%32, pending tasks: 0
naming_2%32, pending tasks: 0
naming_3%32, pending tasks: 0
naming_4%32, pending tasks: 0
naming_5%32, pending tasks: 0
naming_6%32, pending tasks: 0
naming_7%32, pending tasks: 0
naming_8%32, pending tasks: 0
naming_9%32, pending tasks: 0
naming_10%32, pending tasks: 0
naming_11%32, pending tasks: 0
naming_12%32, pending tasks: 0
naming_13%32, pending tasks: 0
naming_14%32, pending tasks: 0
naming_15%32, pending tasks: 0
naming_16%32, pending tasks: 0
naming_17%32, pending tasks: 0
naming_18%32, pending tasks: 0
naming_19%32, pending tasks: 0
naming_20%32, pending tasks: 0
naming_21%32, pending tasks: 0
naming_22%32, pending tasks: 0
naming_23%32, pending tasks: 0
naming_24%32, pending tasks: 0
naming_25%32, pending tasks: 0
naming_26%32, pending tasks: 0
naming_27%32, pending tasks: 0
naming_28%32, pending tasks: 0
naming_29%32, pending tasks: 0
naming_30%32, pending tasks: 0
naming_31%32, pending tasks: 0


2022-02-12 15:56:04,894 INFO PERFORMANCE:|5|5|8|-1|-1|50|0

2022-02-12 15:56:04,894 INFO Task worker status: 
naming_0%32, pending tasks: 0
naming_1%32, pending tasks: 0
naming_2%32, pending tasks: 0
naming_3%32, pending tasks: 0
naming_4%32, pending tasks: 0
naming_5%32, pending tasks: 0
naming_6%32, pending tasks: 0
naming_7%32, pending tasks: 0
naming_8%32, pending tasks: 0
naming_9%32, pending tasks: 0
naming_10%32, pending tasks: 0
naming_11%32, pending tasks: 0
naming_12%32, pending tasks: 0
naming_13%32, pending tasks: 0
naming_14%32, pending tasks: 0
naming_15%32, pending tasks: 0
naming_16%32, pending tasks: 0
naming_17%32, pending tasks: 0
naming_18%32, pending tasks: 0
naming_19%32, pending tasks: 0
naming_20%32, pending tasks: 0
naming_21%32, pending tasks: 0
naming_22%32, pending tasks: 0
naming_23%32, pending tasks: 0
naming_24%32, pending tasks: 0
naming_25%32, pending tasks: 0
naming_26%32, pending tasks: 0
naming_27%32, pending tasks: 0
naming_28%32, pending tasks: 0
naming_29%32, pending tasks: 0
naming_30%32, pending tasks: 0
naming_31%32, pending tasks: 0


2022-02-12 15:57:04,899 INFO PERFORMANCE:|5|5|8|-1|-1|50|0

2022-02-12 15:57:04,899 INFO Task worker status: 
naming_0%32, pending tasks: 0
naming_1%32, pending tasks: 0
naming_2%32, pending tasks: 0
naming_3%32, pending tasks: 0
naming_4%32, pending tasks: 0
naming_5%32, pending tasks: 0
naming_6%32, pending tasks: 0
naming_7%32, pending tasks: 0
naming_8%32, pending tasks: 0
naming_9%32, pending tasks: 0
naming_10%32, pending tasks: 0
naming_11%32, pending tasks: 0
naming_12%32, pending tasks: 0
naming_13%32, pending tasks: 0
naming_14%32, pending tasks: 0
naming_15%32, pending tasks: 0
naming_16%32, pending tasks: 0
naming_17%32, pending tasks: 0
naming_18%32, pending tasks: 0
naming_19%32, pending tasks: 0
naming_20%32, pending tasks: 0
naming_21%32, pending tasks: 0
naming_22%32, pending tasks: 0
naming_23%32, pending tasks: 0
naming_24%32, pending tasks: 0
naming_25%32, pending tasks: 0
naming_26%32, pending tasks: 0
naming_27%32, pending tasks: 0
naming_28%32, pending tasks: 0
naming_29%32, pending tasks: 0
naming_30%32, pending tasks: 0
naming_31%32, pending tasks: 0


2022-02-12 15:58:04,910 INFO PERFORMANCE:|5|5|8|-1|-1|50|0

2022-02-12 15:58:04,910 INFO Task worker status: 
naming_0%32, pending tasks: 0
naming_1%32, pending tasks: 0
naming_2%32, pending tasks: 0
naming_3%32, pending tasks: 0
naming_4%32, pending tasks: 0
naming_5%32, pending tasks: 0
naming_6%32, pending tasks: 0
naming_7%32, pending tasks: 0
naming_8%32, pending tasks: 0
naming_9%32, pending tasks: 0
naming_10%32, pending tasks: 0
naming_11%32, pending tasks: 0
naming_12%32, pending tasks: 0
naming_13%32, pending tasks: 0
naming_14%32, pending tasks: 0
naming_15%32, pending tasks: 0
naming_16%32, pending tasks: 0
naming_17%32, pending tasks: 0
naming_18%32, pending tasks: 0
naming_19%32, pending tasks: 0
naming_20%32, pending tasks: 0
naming_21%32, pending tasks: 0
naming_22%32, pending tasks: 0
naming_23%32, pending tasks: 0
naming_24%32, pending tasks: 0
naming_25%32, pending tasks: 0
naming_26%32, pending tasks: 0
naming_27%32, pending tasks: 0
naming_28%32, pending tasks: 0
naming_29%32, pending tasks: 0
naming_30%32, pending tasks: 0
naming_31%32, pending tasks: 0


2022-02-12 15:59:04,925 INFO PERFORMANCE:|serviceCount|ipCount|subscribeCount|maxPushCost|avgPushCost|totalPushCount|failPushCount

2022-02-12 15:59:04,925 INFO PERFORMANCE:|5|5|8|-1|-1|50|0

2022-02-12 15:59:04,925 INFO Task worker status: 
naming_0%32, pending tasks: 0
naming_1%32, pending tasks: 0
naming_2%32, pending tasks: 0
naming_3%32, pending tasks: 0
naming_4%32, pending tasks: 0
naming_5%32, pending tasks: 0
naming_6%32, pending tasks: 0
naming_7%32, pending tasks: 0
naming_8%32, pending tasks: 0
naming_9%32, pending tasks: 0
naming_10%32, pending tasks: 0
naming_11%32, pending tasks: 0
naming_12%32, pending tasks: 0
naming_13%32, pending tasks: 0
naming_14%32, pending tasks: 0
naming_15%32, pending tasks: 0
naming_16%32, pending tasks: 0
naming_17%32, pending tasks: 0
naming_18%32, pending tasks: 0
naming_19%32, pending tasks: 0
naming_20%32, pending tasks: 0
naming_21%32, pending tasks: 0
naming_22%32, pending tasks: 0
naming_23%32, pending tasks: 0
naming_24%32, pending tasks: 0
naming_25%32, pending tasks: 0
naming_26%32, pending tasks: 0
naming_27%32, pending tasks: 0
naming_28%32, pending tasks: 0
naming_29%32, pending tasks: 0
naming_30%32, pending tasks: 0
naming_31%32, pending tasks: 0


2022-02-12 16:00:04,933 INFO PERFORMANCE:|5|5|8|-1|-1|50|0

2022-02-12 16:00:04,933 INFO Task worker status: 
naming_0%32, pending tasks: 0
naming_1%32, pending tasks: 0
naming_2%32, pending tasks: 0
naming_3%32, pending tasks: 0
naming_4%32, pending tasks: 0
naming_5%32, pending tasks: 0
naming_6%32, pending tasks: 0
naming_7%32, pending tasks: 0
naming_8%32, pending tasks: 0
naming_9%32, pending tasks: 0
naming_10%32, pending tasks: 0
naming_11%32, pending tasks: 0
naming_12%32, pending tasks: 0
naming_13%32, pending tasks: 0
naming_14%32, pending tasks: 0
naming_15%32, pending tasks: 0
naming_16%32, pending tasks: 0
naming_17%32, pending tasks: 0
naming_18%32, pending tasks: 0
naming_19%32, pending tasks: 0
naming_20%32, pending tasks: 0
naming_21%32, pending tasks: 0
naming_22%32, pending tasks: 0
naming_23%32, pending tasks: 0
naming_24%32, pending tasks: 0
naming_25%32, pending tasks: 0
naming_26%32, pending tasks: 0
naming_27%32, pending tasks: 0
naming_28%32, pending tasks: 0
naming_29%32, pending tasks: 0
naming_30%32, pending tasks: 0
naming_31%32, pending tasks: 0


2022-02-12 16:01:04,949 INFO PERFORMANCE:|5|5|8|-1|-1|50|0

2022-02-12 16:01:04,949 INFO Task worker status: 
naming_0%32, pending tasks: 0
naming_1%32, pending tasks: 0
naming_2%32, pending tasks: 0
naming_3%32, pending tasks: 0
naming_4%32, pending tasks: 0
naming_5%32, pending tasks: 0
naming_6%32, pending tasks: 0
naming_7%32, pending tasks: 0
naming_8%32, pending tasks: 0
naming_9%32, pending tasks: 0
naming_10%32, pending tasks: 0
naming_11%32, pending tasks: 0
naming_12%32, pending tasks: 0
naming_13%32, pending tasks: 0
naming_14%32, pending tasks: 0
naming_15%32, pending tasks: 0
naming_16%32, pending tasks: 0
naming_17%32, pending tasks: 0
naming_18%32, pending tasks: 0
naming_19%32, pending tasks: 0
naming_20%32, pending tasks: 0
naming_21%32, pending tasks: 0
naming_22%32, pending tasks: 0
naming_23%32, pending tasks: 0
naming_24%32, pending tasks: 0
naming_25%32, pending tasks: 0
naming_26%32, pending tasks: 0
naming_27%32, pending tasks: 0
naming_28%32, pending tasks: 0
naming_29%32, pending tasks: 0
naming_30%32, pending tasks: 0
naming_31%32, pending tasks: 0


2022-02-12 16:02:04,952 INFO PERFORMANCE:|5|5|8|-1|-1|50|0

2022-02-12 16:02:04,952 INFO Task worker status: 
naming_0%32, pending tasks: 0
naming_1%32, pending tasks: 0
naming_2%32, pending tasks: 0
naming_3%32, pending tasks: 0
naming_4%32, pending tasks: 0
naming_5%32, pending tasks: 0
naming_6%32, pending tasks: 0
naming_7%32, pending tasks: 0
naming_8%32, pending tasks: 0
naming_9%32, pending tasks: 0
naming_10%32, pending tasks: 0
naming_11%32, pending tasks: 0
naming_12%32, pending tasks: 0
naming_13%32, pending tasks: 0
naming_14%32, pending tasks: 0
naming_15%32, pending tasks: 0
naming_16%32, pending tasks: 0
naming_17%32, pending tasks: 0
naming_18%32, pending tasks: 0
naming_19%32, pending tasks: 0
naming_20%32, pending tasks: 0
naming_21%32, pending tasks: 0
naming_22%32, pending tasks: 0
naming_23%32, pending tasks: 0
naming_24%32, pending tasks: 0
naming_25%32, pending tasks: 0
naming_26%32, pending tasks: 0
naming_27%32, pending tasks: 0
naming_28%32, pending tasks: 0
naming_29%32, pending tasks: 0
naming_30%32, pending tasks: 0
naming_31%32, pending tasks: 0


2022-02-12 16:03:04,954 INFO PERFORMANCE:|5|5|8|-1|-1|50|0

2022-02-12 16:03:04,954 INFO Task worker status: 
naming_0%32, pending tasks: 0
naming_1%32, pending tasks: 0
naming_2%32, pending tasks: 0
naming_3%32, pending tasks: 0
naming_4%32, pending tasks: 0
naming_5%32, pending tasks: 0
naming_6%32, pending tasks: 0
naming_7%32, pending tasks: 0
naming_8%32, pending tasks: 0
naming_9%32, pending tasks: 0
naming_10%32, pending tasks: 0
naming_11%32, pending tasks: 0
naming_12%32, pending tasks: 0
naming_13%32, pending tasks: 0
naming_14%32, pending tasks: 0
naming_15%32, pending tasks: 0
naming_16%32, pending tasks: 0
naming_17%32, pending tasks: 0
naming_18%32, pending tasks: 0
naming_19%32, pending tasks: 0
naming_20%32, pending tasks: 0
naming_21%32, pending tasks: 0
naming_22%32, pending tasks: 0
naming_23%32, pending tasks: 0
naming_24%32, pending tasks: 0
naming_25%32, pending tasks: 0
naming_26%32, pending tasks: 0
naming_27%32, pending tasks: 0
naming_28%32, pending tasks: 0
naming_29%32, pending tasks: 0
naming_30%32, pending tasks: 0
naming_31%32, pending tasks: 0


2022-02-12 16:04:04,957 INFO PERFORMANCE:|5|5|8|-1|-1|50|0

2022-02-12 16:04:04,957 INFO Task worker status: 
naming_0%32, pending tasks: 0
naming_1%32, pending tasks: 0
naming_2%32, pending tasks: 0
naming_3%32, pending tasks: 0
naming_4%32, pending tasks: 0
naming_5%32, pending tasks: 0
naming_6%32, pending tasks: 0
naming_7%32, pending tasks: 0
naming_8%32, pending tasks: 0
naming_9%32, pending tasks: 0
naming_10%32, pending tasks: 0
naming_11%32, pending tasks: 0
naming_12%32, pending tasks: 0
naming_13%32, pending tasks: 0
naming_14%32, pending tasks: 0
naming_15%32, pending tasks: 0
naming_16%32, pending tasks: 0
naming_17%32, pending tasks: 0
naming_18%32, pending tasks: 0
naming_19%32, pending tasks: 0
naming_20%32, pending tasks: 0
naming_21%32, pending tasks: 0
naming_22%32, pending tasks: 0
naming_23%32, pending tasks: 0
naming_24%32, pending tasks: 0
naming_25%32, pending tasks: 0
naming_26%32, pending tasks: 0
naming_27%32, pending tasks: 0
naming_28%32, pending tasks: 0
naming_29%32, pending tasks: 0
naming_30%32, pending tasks: 0
naming_31%32, pending tasks: 0


2022-02-12 16:05:04,962 INFO PERFORMANCE:|5|5|8|-1|-1|50|0

2022-02-12 16:05:04,962 INFO Task worker status: 
naming_0%32, pending tasks: 0
naming_1%32, pending tasks: 0
naming_2%32, pending tasks: 0
naming_3%32, pending tasks: 0
naming_4%32, pending tasks: 0
naming_5%32, pending tasks: 0
naming_6%32, pending tasks: 0
naming_7%32, pending tasks: 0
naming_8%32, pending tasks: 0
naming_9%32, pending tasks: 0
naming_10%32, pending tasks: 0
naming_11%32, pending tasks: 0
naming_12%32, pending tasks: 0
naming_13%32, pending tasks: 0
naming_14%32, pending tasks: 0
naming_15%32, pending tasks: 0
naming_16%32, pending tasks: 0
naming_17%32, pending tasks: 0
naming_18%32, pending tasks: 0
naming_19%32, pending tasks: 0
naming_20%32, pending tasks: 0
naming_21%32, pending tasks: 0
naming_22%32, pending tasks: 0
naming_23%32, pending tasks: 0
naming_24%32, pending tasks: 0
naming_25%32, pending tasks: 0
naming_26%32, pending tasks: 0
naming_27%32, pending tasks: 0
naming_28%32, pending tasks: 0
naming_29%32, pending tasks: 0
naming_30%32, pending tasks: 0
naming_31%32, pending tasks: 0


2022-02-12 16:06:04,964 INFO PERFORMANCE:|5|5|8|-1|-1|50|0

2022-02-12 16:06:04,964 INFO Task worker status: 
naming_0%32, pending tasks: 0
naming_1%32, pending tasks: 0
naming_2%32, pending tasks: 0
naming_3%32, pending tasks: 0
naming_4%32, pending tasks: 0
naming_5%32, pending tasks: 0
naming_6%32, pending tasks: 0
naming_7%32, pending tasks: 0
naming_8%32, pending tasks: 0
naming_9%32, pending tasks: 0
naming_10%32, pending tasks: 0
naming_11%32, pending tasks: 0
naming_12%32, pending tasks: 0
naming_13%32, pending tasks: 0
naming_14%32, pending tasks: 0
naming_15%32, pending tasks: 0
naming_16%32, pending tasks: 0
naming_17%32, pending tasks: 0
naming_18%32, pending tasks: 0
naming_19%32, pending tasks: 0
naming_20%32, pending tasks: 0
naming_21%32, pending tasks: 0
naming_22%32, pending tasks: 0
naming_23%32, pending tasks: 0
naming_24%32, pending tasks: 0
naming_25%32, pending tasks: 0
naming_26%32, pending tasks: 0
naming_27%32, pending tasks: 0
naming_28%32, pending tasks: 0
naming_29%32, pending tasks: 0
naming_30%32, pending tasks: 0
naming_31%32, pending tasks: 0


2022-02-12 16:07:04,974 INFO PERFORMANCE:|5|5|8|-1|-1|50|0

2022-02-12 16:07:04,974 INFO Task worker status: 
naming_0%32, pending tasks: 0
naming_1%32, pending tasks: 0
naming_2%32, pending tasks: 0
naming_3%32, pending tasks: 0
naming_4%32, pending tasks: 0
naming_5%32, pending tasks: 0
naming_6%32, pending tasks: 0
naming_7%32, pending tasks: 0
naming_8%32, pending tasks: 0
naming_9%32, pending tasks: 0
naming_10%32, pending tasks: 0
naming_11%32, pending tasks: 0
naming_12%32, pending tasks: 0
naming_13%32, pending tasks: 0
naming_14%32, pending tasks: 0
naming_15%32, pending tasks: 0
naming_16%32, pending tasks: 0
naming_17%32, pending tasks: 0
naming_18%32, pending tasks: 0
naming_19%32, pending tasks: 0
naming_20%32, pending tasks: 0
naming_21%32, pending tasks: 0
naming_22%32, pending tasks: 0
naming_23%32, pending tasks: 0
naming_24%32, pending tasks: 0
naming_25%32, pending tasks: 0
naming_26%32, pending tasks: 0
naming_27%32, pending tasks: 0
naming_28%32, pending tasks: 0
naming_29%32, pending tasks: 0
naming_30%32, pending tasks: 0
naming_31%32, pending tasks: 0


2022-02-12 16:08:04,976 INFO PERFORMANCE:|5|5|8|-1|-1|50|0

2022-02-12 16:08:04,976 INFO Task worker status: 
naming_0%32, pending tasks: 0
naming_1%32, pending tasks: 0
naming_2%32, pending tasks: 0
naming_3%32, pending tasks: 0
naming_4%32, pending tasks: 0
naming_5%32, pending tasks: 0
naming_6%32, pending tasks: 0
naming_7%32, pending tasks: 0
naming_8%32, pending tasks: 0
naming_9%32, pending tasks: 0
naming_10%32, pending tasks: 0
naming_11%32, pending tasks: 0
naming_12%32, pending tasks: 0
naming_13%32, pending tasks: 0
naming_14%32, pending tasks: 0
naming_15%32, pending tasks: 0
naming_16%32, pending tasks: 0
naming_17%32, pending tasks: 0
naming_18%32, pending tasks: 0
naming_19%32, pending tasks: 0
naming_20%32, pending tasks: 0
naming_21%32, pending tasks: 0
naming_22%32, pending tasks: 0
naming_23%32, pending tasks: 0
naming_24%32, pending tasks: 0
naming_25%32, pending tasks: 0
naming_26%32, pending tasks: 0
naming_27%32, pending tasks: 0
naming_28%32, pending tasks: 0
naming_29%32, pending tasks: 0
naming_30%32, pending tasks: 0
naming_31%32, pending tasks: 0


2022-02-12 16:09:04,987 INFO PERFORMANCE:|serviceCount|ipCount|subscribeCount|maxPushCost|avgPushCost|totalPushCount|failPushCount

2022-02-12 16:09:04,987 INFO PERFORMANCE:|5|5|8|-1|-1|50|0

2022-02-12 16:09:04,987 INFO Task worker status: 
naming_0%32, pending tasks: 0
naming_1%32, pending tasks: 0
naming_2%32, pending tasks: 0
naming_3%32, pending tasks: 0
naming_4%32, pending tasks: 0
naming_5%32, pending tasks: 0
naming_6%32, pending tasks: 0
naming_7%32, pending tasks: 0
naming_8%32, pending tasks: 0
naming_9%32, pending tasks: 0
naming_10%32, pending tasks: 0
naming_11%32, pending tasks: 0
naming_12%32, pending tasks: 0
naming_13%32, pending tasks: 0
naming_14%32, pending tasks: 0
naming_15%32, pending tasks: 0
naming_16%32, pending tasks: 0
naming_17%32, pending tasks: 0
naming_18%32, pending tasks: 0
naming_19%32, pending tasks: 0
naming_20%32, pending tasks: 0
naming_21%32, pending tasks: 0
naming_22%32, pending tasks: 0
naming_23%32, pending tasks: 0
naming_24%32, pending tasks: 0
naming_25%32, pending tasks: 0
naming_26%32, pending tasks: 0
naming_27%32, pending tasks: 0
naming_28%32, pending tasks: 0
naming_29%32, pending tasks: 0
naming_30%32, pending tasks: 0
naming_31%32, pending tasks: 0


2022-02-12 16:10:04,994 INFO PERFORMANCE:|5|5|8|-1|-1|50|0

2022-02-12 16:10:04,994 INFO Task worker status: 
naming_0%32, pending tasks: 0
naming_1%32, pending tasks: 0
naming_2%32, pending tasks: 0
naming_3%32, pending tasks: 0
naming_4%32, pending tasks: 0
naming_5%32, pending tasks: 0
naming_6%32, pending tasks: 0
naming_7%32, pending tasks: 0
naming_8%32, pending tasks: 0
naming_9%32, pending tasks: 0
naming_10%32, pending tasks: 0
naming_11%32, pending tasks: 0
naming_12%32, pending tasks: 0
naming_13%32, pending tasks: 0
naming_14%32, pending tasks: 0
naming_15%32, pending tasks: 0
naming_16%32, pending tasks: 0
naming_17%32, pending tasks: 0
naming_18%32, pending tasks: 0
naming_19%32, pending tasks: 0
naming_20%32, pending tasks: 0
naming_21%32, pending tasks: 0
naming_22%32, pending tasks: 0
naming_23%32, pending tasks: 0
naming_24%32, pending tasks: 0
naming_25%32, pending tasks: 0
naming_26%32, pending tasks: 0
naming_27%32, pending tasks: 0
naming_28%32, pending tasks: 0
naming_29%32, pending tasks: 0
naming_30%32, pending tasks: 0
naming_31%32, pending tasks: 0


2022-02-12 16:11:05,000 INFO PERFORMANCE:|5|5|8|-1|-1|50|0

2022-02-12 16:11:05,000 INFO Task worker status: 
naming_0%32, pending tasks: 0
naming_1%32, pending tasks: 0
naming_2%32, pending tasks: 0
naming_3%32, pending tasks: 0
naming_4%32, pending tasks: 0
naming_5%32, pending tasks: 0
naming_6%32, pending tasks: 0
naming_7%32, pending tasks: 0
naming_8%32, pending tasks: 0
naming_9%32, pending tasks: 0
naming_10%32, pending tasks: 0
naming_11%32, pending tasks: 0
naming_12%32, pending tasks: 0
naming_13%32, pending tasks: 0
naming_14%32, pending tasks: 0
naming_15%32, pending tasks: 0
naming_16%32, pending tasks: 0
naming_17%32, pending tasks: 0
naming_18%32, pending tasks: 0
naming_19%32, pending tasks: 0
naming_20%32, pending tasks: 0
naming_21%32, pending tasks: 0
naming_22%32, pending tasks: 0
naming_23%32, pending tasks: 0
naming_24%32, pending tasks: 0
naming_25%32, pending tasks: 0
naming_26%32, pending tasks: 0
naming_27%32, pending tasks: 0
naming_28%32, pending tasks: 0
naming_29%32, pending tasks: 0
naming_30%32, pending tasks: 0
naming_31%32, pending tasks: 0


2022-02-12 16:12:05,006 INFO PERFORMANCE:|5|5|8|-1|-1|50|0

2022-02-12 16:12:05,006 INFO Task worker status: 
naming_0%32, pending tasks: 0
naming_1%32, pending tasks: 0
naming_2%32, pending tasks: 0
naming_3%32, pending tasks: 0
naming_4%32, pending tasks: 0
naming_5%32, pending tasks: 0
naming_6%32, pending tasks: 0
naming_7%32, pending tasks: 0
naming_8%32, pending tasks: 0
naming_9%32, pending tasks: 0
naming_10%32, pending tasks: 0
naming_11%32, pending tasks: 0
naming_12%32, pending tasks: 0
naming_13%32, pending tasks: 0
naming_14%32, pending tasks: 0
naming_15%32, pending tasks: 0
naming_16%32, pending tasks: 0
naming_17%32, pending tasks: 0
naming_18%32, pending tasks: 0
naming_19%32, pending tasks: 0
naming_20%32, pending tasks: 0
naming_21%32, pending tasks: 0
naming_22%32, pending tasks: 0
naming_23%32, pending tasks: 0
naming_24%32, pending tasks: 0
naming_25%32, pending tasks: 0
naming_26%32, pending tasks: 0
naming_27%32, pending tasks: 0
naming_28%32, pending tasks: 0
naming_29%32, pending tasks: 0
naming_30%32, pending tasks: 0
naming_31%32, pending tasks: 0


2022-02-12 16:13:05,015 INFO PERFORMANCE:|5|5|8|-1|-1|50|0

2022-02-12 16:13:05,015 INFO Task worker status: 
naming_0%32, pending tasks: 0
naming_1%32, pending tasks: 0
naming_2%32, pending tasks: 0
naming_3%32, pending tasks: 0
naming_4%32, pending tasks: 0
naming_5%32, pending tasks: 0
naming_6%32, pending tasks: 0
naming_7%32, pending tasks: 0
naming_8%32, pending tasks: 0
naming_9%32, pending tasks: 0
naming_10%32, pending tasks: 0
naming_11%32, pending tasks: 0
naming_12%32, pending tasks: 0
naming_13%32, pending tasks: 0
naming_14%32, pending tasks: 0
naming_15%32, pending tasks: 0
naming_16%32, pending tasks: 0
naming_17%32, pending tasks: 0
naming_18%32, pending tasks: 0
naming_19%32, pending tasks: 0
naming_20%32, pending tasks: 0
naming_21%32, pending tasks: 0
naming_22%32, pending tasks: 0
naming_23%32, pending tasks: 0
naming_24%32, pending tasks: 0
naming_25%32, pending tasks: 0
naming_26%32, pending tasks: 0
naming_27%32, pending tasks: 0
naming_28%32, pending tasks: 0
naming_29%32, pending tasks: 0
naming_30%32, pending tasks: 0
naming_31%32, pending tasks: 0


2022-02-12 16:14:05,019 INFO PERFORMANCE:|5|5|8|-1|-1|50|0

2022-02-12 16:14:05,019 INFO Task worker status: 
naming_0%32, pending tasks: 0
naming_1%32, pending tasks: 0
naming_2%32, pending tasks: 0
naming_3%32, pending tasks: 0
naming_4%32, pending tasks: 0
naming_5%32, pending tasks: 0
naming_6%32, pending tasks: 0
naming_7%32, pending tasks: 0
naming_8%32, pending tasks: 0
naming_9%32, pending tasks: 0
naming_10%32, pending tasks: 0
naming_11%32, pending tasks: 0
naming_12%32, pending tasks: 0
naming_13%32, pending tasks: 0
naming_14%32, pending tasks: 0
naming_15%32, pending tasks: 0
naming_16%32, pending tasks: 0
naming_17%32, pending tasks: 0
naming_18%32, pending tasks: 0
naming_19%32, pending tasks: 0
naming_20%32, pending tasks: 0
naming_21%32, pending tasks: 0
naming_22%32, pending tasks: 0
naming_23%32, pending tasks: 0
naming_24%32, pending tasks: 0
naming_25%32, pending tasks: 0
naming_26%32, pending tasks: 0
naming_27%32, pending tasks: 0
naming_28%32, pending tasks: 0
naming_29%32, pending tasks: 0
naming_30%32, pending tasks: 0
naming_31%32, pending tasks: 0


2022-02-12 16:15:05,025 INFO PERFORMANCE:|5|5|8|-1|-1|50|0

2022-02-12 16:15:05,025 INFO Task worker status: 
naming_0%32, pending tasks: 0
naming_1%32, pending tasks: 0
naming_2%32, pending tasks: 0
naming_3%32, pending tasks: 0
naming_4%32, pending tasks: 0
naming_5%32, pending tasks: 0
naming_6%32, pending tasks: 0
naming_7%32, pending tasks: 0
naming_8%32, pending tasks: 0
naming_9%32, pending tasks: 0
naming_10%32, pending tasks: 0
naming_11%32, pending tasks: 0
naming_12%32, pending tasks: 0
naming_13%32, pending tasks: 0
naming_14%32, pending tasks: 0
naming_15%32, pending tasks: 0
naming_16%32, pending tasks: 0
naming_17%32, pending tasks: 0
naming_18%32, pending tasks: 0
naming_19%32, pending tasks: 0
naming_20%32, pending tasks: 0
naming_21%32, pending tasks: 0
naming_22%32, pending tasks: 0
naming_23%32, pending tasks: 0
naming_24%32, pending tasks: 0
naming_25%32, pending tasks: 0
naming_26%32, pending tasks: 0
naming_27%32, pending tasks: 0
naming_28%32, pending tasks: 0
naming_29%32, pending tasks: 0
naming_30%32, pending tasks: 0
naming_31%32, pending tasks: 0


2022-02-12 16:16:05,041 INFO PERFORMANCE:|5|5|8|-1|-1|50|0

2022-02-12 16:16:05,041 INFO Task worker status: 
naming_0%32, pending tasks: 0
naming_1%32, pending tasks: 0
naming_2%32, pending tasks: 0
naming_3%32, pending tasks: 0
naming_4%32, pending tasks: 0
naming_5%32, pending tasks: 0
naming_6%32, pending tasks: 0
naming_7%32, pending tasks: 0
naming_8%32, pending tasks: 0
naming_9%32, pending tasks: 0
naming_10%32, pending tasks: 0
naming_11%32, pending tasks: 0
naming_12%32, pending tasks: 0
naming_13%32, pending tasks: 0
naming_14%32, pending tasks: 0
naming_15%32, pending tasks: 0
naming_16%32, pending tasks: 0
naming_17%32, pending tasks: 0
naming_18%32, pending tasks: 0
naming_19%32, pending tasks: 0
naming_20%32, pending tasks: 0
naming_21%32, pending tasks: 0
naming_22%32, pending tasks: 0
naming_23%32, pending tasks: 0
naming_24%32, pending tasks: 0
naming_25%32, pending tasks: 0
naming_26%32, pending tasks: 0
naming_27%32, pending tasks: 0
naming_28%32, pending tasks: 0
naming_29%32, pending tasks: 0
naming_30%32, pending tasks: 0
naming_31%32, pending tasks: 0


2022-02-12 16:17:05,051 INFO PERFORMANCE:|5|5|8|-1|-1|50|0

2022-02-12 16:17:05,051 INFO Task worker status: 
naming_0%32, pending tasks: 0
naming_1%32, pending tasks: 0
naming_2%32, pending tasks: 0
naming_3%32, pending tasks: 0
naming_4%32, pending tasks: 0
naming_5%32, pending tasks: 0
naming_6%32, pending tasks: 0
naming_7%32, pending tasks: 0
naming_8%32, pending tasks: 0
naming_9%32, pending tasks: 0
naming_10%32, pending tasks: 0
naming_11%32, pending tasks: 0
naming_12%32, pending tasks: 0
naming_13%32, pending tasks: 0
naming_14%32, pending tasks: 0
naming_15%32, pending tasks: 0
naming_16%32, pending tasks: 0
naming_17%32, pending tasks: 0
naming_18%32, pending tasks: 0
naming_19%32, pending tasks: 0
naming_20%32, pending tasks: 0
naming_21%32, pending tasks: 0
naming_22%32, pending tasks: 0
naming_23%32, pending tasks: 0
naming_24%32, pending tasks: 0
naming_25%32, pending tasks: 0
naming_26%32, pending tasks: 0
naming_27%32, pending tasks: 0
naming_28%32, pending tasks: 0
naming_29%32, pending tasks: 0
naming_30%32, pending tasks: 0
naming_31%32, pending tasks: 0


2022-02-12 16:18:05,056 INFO PERFORMANCE:|5|5|8|-1|-1|50|0

2022-02-12 16:18:05,056 INFO Task worker status: 
naming_0%32, pending tasks: 0
naming_1%32, pending tasks: 0
naming_2%32, pending tasks: 0
naming_3%32, pending tasks: 0
naming_4%32, pending tasks: 0
naming_5%32, pending tasks: 0
naming_6%32, pending tasks: 0
naming_7%32, pending tasks: 0
naming_8%32, pending tasks: 0
naming_9%32, pending tasks: 0
naming_10%32, pending tasks: 0
naming_11%32, pending tasks: 0
naming_12%32, pending tasks: 0
naming_13%32, pending tasks: 0
naming_14%32, pending tasks: 0
naming_15%32, pending tasks: 0
naming_16%32, pending tasks: 0
naming_17%32, pending tasks: 0
naming_18%32, pending tasks: 0
naming_19%32, pending tasks: 0
naming_20%32, pending tasks: 0
naming_21%32, pending tasks: 0
naming_22%32, pending tasks: 0
naming_23%32, pending tasks: 0
naming_24%32, pending tasks: 0
naming_25%32, pending tasks: 0
naming_26%32, pending tasks: 0
naming_27%32, pending tasks: 0
naming_28%32, pending tasks: 0
naming_29%32, pending tasks: 0
naming_30%32, pending tasks: 0
naming_31%32, pending tasks: 0


2022-02-12 16:19:05,061 INFO PERFORMANCE:|serviceCount|ipCount|subscribeCount|maxPushCost|avgPushCost|totalPushCount|failPushCount

2022-02-12 16:19:05,061 INFO PERFORMANCE:|5|5|8|-1|-1|50|0

2022-02-12 16:19:05,061 INFO Task worker status: 
naming_0%32, pending tasks: 0
naming_1%32, pending tasks: 0
naming_2%32, pending tasks: 0
naming_3%32, pending tasks: 0
naming_4%32, pending tasks: 0
naming_5%32, pending tasks: 0
naming_6%32, pending tasks: 0
naming_7%32, pending tasks: 0
naming_8%32, pending tasks: 0
naming_9%32, pending tasks: 0
naming_10%32, pending tasks: 0
naming_11%32, pending tasks: 0
naming_12%32, pending tasks: 0
naming_13%32, pending tasks: 0
naming_14%32, pending tasks: 0
naming_15%32, pending tasks: 0
naming_16%32, pending tasks: 0
naming_17%32, pending tasks: 0
naming_18%32, pending tasks: 0
naming_19%32, pending tasks: 0
naming_20%32, pending tasks: 0
naming_21%32, pending tasks: 0
naming_22%32, pending tasks: 0
naming_23%32, pending tasks: 0
naming_24%32, pending tasks: 0
naming_25%32, pending tasks: 0
naming_26%32, pending tasks: 0
naming_27%32, pending tasks: 0
naming_28%32, pending tasks: 0
naming_29%32, pending tasks: 0
naming_30%32, pending tasks: 0
naming_31%32, pending tasks: 0


2022-02-12 16:20:05,068 INFO PERFORMANCE:|5|5|8|-1|-1|50|0

2022-02-12 16:20:05,068 INFO Task worker status: 
naming_0%32, pending tasks: 0
naming_1%32, pending tasks: 0
naming_2%32, pending tasks: 0
naming_3%32, pending tasks: 0
naming_4%32, pending tasks: 0
naming_5%32, pending tasks: 0
naming_6%32, pending tasks: 0
naming_7%32, pending tasks: 0
naming_8%32, pending tasks: 0
naming_9%32, pending tasks: 0
naming_10%32, pending tasks: 0
naming_11%32, pending tasks: 0
naming_12%32, pending tasks: 0
naming_13%32, pending tasks: 0
naming_14%32, pending tasks: 0
naming_15%32, pending tasks: 0
naming_16%32, pending tasks: 0
naming_17%32, pending tasks: 0
naming_18%32, pending tasks: 0
naming_19%32, pending tasks: 0
naming_20%32, pending tasks: 0
naming_21%32, pending tasks: 0
naming_22%32, pending tasks: 0
naming_23%32, pending tasks: 0
naming_24%32, pending tasks: 0
naming_25%32, pending tasks: 0
naming_26%32, pending tasks: 0
naming_27%32, pending tasks: 0
naming_28%32, pending tasks: 0
naming_29%32, pending tasks: 0
naming_30%32, pending tasks: 0
naming_31%32, pending tasks: 0


2022-02-12 16:21:05,080 INFO PERFORMANCE:|5|5|8|-1|-1|50|0

2022-02-12 16:21:05,080 INFO Task worker status: 
naming_0%32, pending tasks: 0
naming_1%32, pending tasks: 0
naming_2%32, pending tasks: 0
naming_3%32, pending tasks: 0
naming_4%32, pending tasks: 0
naming_5%32, pending tasks: 0
naming_6%32, pending tasks: 0
naming_7%32, pending tasks: 0
naming_8%32, pending tasks: 0
naming_9%32, pending tasks: 0
naming_10%32, pending tasks: 0
naming_11%32, pending tasks: 0
naming_12%32, pending tasks: 0
naming_13%32, pending tasks: 0
naming_14%32, pending tasks: 0
naming_15%32, pending tasks: 0
naming_16%32, pending tasks: 0
naming_17%32, pending tasks: 0
naming_18%32, pending tasks: 0
naming_19%32, pending tasks: 0
naming_20%32, pending tasks: 0
naming_21%32, pending tasks: 0
naming_22%32, pending tasks: 0
naming_23%32, pending tasks: 0
naming_24%32, pending tasks: 0
naming_25%32, pending tasks: 0
naming_26%32, pending tasks: 0
naming_27%32, pending tasks: 0
naming_28%32, pending tasks: 0
naming_29%32, pending tasks: 0
naming_30%32, pending tasks: 0
naming_31%32, pending tasks: 0


2022-02-12 16:22:05,093 INFO PERFORMANCE:|5|5|8|-1|-1|50|0

2022-02-12 16:22:05,093 INFO Task worker status: 
naming_0%32, pending tasks: 0
naming_1%32, pending tasks: 0
naming_2%32, pending tasks: 0
naming_3%32, pending tasks: 0
naming_4%32, pending tasks: 0
naming_5%32, pending tasks: 0
naming_6%32, pending tasks: 0
naming_7%32, pending tasks: 0
naming_8%32, pending tasks: 0
naming_9%32, pending tasks: 0
naming_10%32, pending tasks: 0
naming_11%32, pending tasks: 0
naming_12%32, pending tasks: 0
naming_13%32, pending tasks: 0
naming_14%32, pending tasks: 0
naming_15%32, pending tasks: 0
naming_16%32, pending tasks: 0
naming_17%32, pending tasks: 0
naming_18%32, pending tasks: 0
naming_19%32, pending tasks: 0
naming_20%32, pending tasks: 0
naming_21%32, pending tasks: 0
naming_22%32, pending tasks: 0
naming_23%32, pending tasks: 0
naming_24%32, pending tasks: 0
naming_25%32, pending tasks: 0
naming_26%32, pending tasks: 0
naming_27%32, pending tasks: 0
naming_28%32, pending tasks: 0
naming_29%32, pending tasks: 0
naming_30%32, pending tasks: 0
naming_31%32, pending tasks: 0


2022-02-12 16:23:05,102 INFO PERFORMANCE:|5|5|8|-1|-1|50|0

2022-02-12 16:23:05,102 INFO Task worker status: 
naming_0%32, pending tasks: 0
naming_1%32, pending tasks: 0
naming_2%32, pending tasks: 0
naming_3%32, pending tasks: 0
naming_4%32, pending tasks: 0
naming_5%32, pending tasks: 0
naming_6%32, pending tasks: 0
naming_7%32, pending tasks: 0
naming_8%32, pending tasks: 0
naming_9%32, pending tasks: 0
naming_10%32, pending tasks: 0
naming_11%32, pending tasks: 0
naming_12%32, pending tasks: 0
naming_13%32, pending tasks: 0
naming_14%32, pending tasks: 0
naming_15%32, pending tasks: 0
naming_16%32, pending tasks: 0
naming_17%32, pending tasks: 0
naming_18%32, pending tasks: 0
naming_19%32, pending tasks: 0
naming_20%32, pending tasks: 0
naming_21%32, pending tasks: 0
naming_22%32, pending tasks: 0
naming_23%32, pending tasks: 0
naming_24%32, pending tasks: 0
naming_25%32, pending tasks: 0
naming_26%32, pending tasks: 0
naming_27%32, pending tasks: 0
naming_28%32, pending tasks: 0
naming_29%32, pending tasks: 0
naming_30%32, pending tasks: 0
naming_31%32, pending tasks: 0


2022-02-12 16:24:05,109 INFO PERFORMANCE:|5|5|8|-1|-1|50|0

2022-02-12 16:24:05,109 INFO Task worker status: 
naming_0%32, pending tasks: 0
naming_1%32, pending tasks: 0
naming_2%32, pending tasks: 0
naming_3%32, pending tasks: 0
naming_4%32, pending tasks: 0
naming_5%32, pending tasks: 0
naming_6%32, pending tasks: 0
naming_7%32, pending tasks: 0
naming_8%32, pending tasks: 0
naming_9%32, pending tasks: 0
naming_10%32, pending tasks: 0
naming_11%32, pending tasks: 0
naming_12%32, pending tasks: 0
naming_13%32, pending tasks: 0
naming_14%32, pending tasks: 0
naming_15%32, pending tasks: 0
naming_16%32, pending tasks: 0
naming_17%32, pending tasks: 0
naming_18%32, pending tasks: 0
naming_19%32, pending tasks: 0
naming_20%32, pending tasks: 0
naming_21%32, pending tasks: 0
naming_22%32, pending tasks: 0
naming_23%32, pending tasks: 0
naming_24%32, pending tasks: 0
naming_25%32, pending tasks: 0
naming_26%32, pending tasks: 0
naming_27%32, pending tasks: 0
naming_28%32, pending tasks: 0
naming_29%32, pending tasks: 0
naming_30%32, pending tasks: 0
naming_31%32, pending tasks: 0


2022-02-12 16:25:05,113 INFO PERFORMANCE:|5|5|8|-1|-1|50|0

2022-02-12 16:25:05,113 INFO Task worker status: 
naming_0%32, pending tasks: 0
naming_1%32, pending tasks: 0
naming_2%32, pending tasks: 0
naming_3%32, pending tasks: 0
naming_4%32, pending tasks: 0
naming_5%32, pending tasks: 0
naming_6%32, pending tasks: 0
naming_7%32, pending tasks: 0
naming_8%32, pending tasks: 0
naming_9%32, pending tasks: 0
naming_10%32, pending tasks: 0
naming_11%32, pending tasks: 0
naming_12%32, pending tasks: 0
naming_13%32, pending tasks: 0
naming_14%32, pending tasks: 0
naming_15%32, pending tasks: 0
naming_16%32, pending tasks: 0
naming_17%32, pending tasks: 0
naming_18%32, pending tasks: 0
naming_19%32, pending tasks: 0
naming_20%32, pending tasks: 0
naming_21%32, pending tasks: 0
naming_22%32, pending tasks: 0
naming_23%32, pending tasks: 0
naming_24%32, pending tasks: 0
naming_25%32, pending tasks: 0
naming_26%32, pending tasks: 0
naming_27%32, pending tasks: 0
naming_28%32, pending tasks: 0
naming_29%32, pending tasks: 0
naming_30%32, pending tasks: 0
naming_31%32, pending tasks: 0


2022-02-12 16:26:05,113 INFO PERFORMANCE:|5|5|8|-1|-1|50|0

2022-02-12 16:26:05,113 INFO Task worker status: 
naming_0%32, pending tasks: 0
naming_1%32, pending tasks: 0
naming_2%32, pending tasks: 0
naming_3%32, pending tasks: 0
naming_4%32, pending tasks: 0
naming_5%32, pending tasks: 0
naming_6%32, pending tasks: 0
naming_7%32, pending tasks: 0
naming_8%32, pending tasks: 0
naming_9%32, pending tasks: 0
naming_10%32, pending tasks: 0
naming_11%32, pending tasks: 0
naming_12%32, pending tasks: 0
naming_13%32, pending tasks: 0
naming_14%32, pending tasks: 0
naming_15%32, pending tasks: 0
naming_16%32, pending tasks: 0
naming_17%32, pending tasks: 0
naming_18%32, pending tasks: 0
naming_19%32, pending tasks: 0
naming_20%32, pending tasks: 0
naming_21%32, pending tasks: 0
naming_22%32, pending tasks: 0
naming_23%32, pending tasks: 0
naming_24%32, pending tasks: 0
naming_25%32, pending tasks: 0
naming_26%32, pending tasks: 0
naming_27%32, pending tasks: 0
naming_28%32, pending tasks: 0
naming_29%32, pending tasks: 0
naming_30%32, pending tasks: 0
naming_31%32, pending tasks: 0


2022-02-12 16:27:05,122 INFO PERFORMANCE:|5|5|8|-1|-1|50|0

2022-02-12 16:27:05,122 INFO Task worker status: 
naming_0%32, pending tasks: 0
naming_1%32, pending tasks: 0
naming_2%32, pending tasks: 0
naming_3%32, pending tasks: 0
naming_4%32, pending tasks: 0
naming_5%32, pending tasks: 0
naming_6%32, pending tasks: 0
naming_7%32, pending tasks: 0
naming_8%32, pending tasks: 0
naming_9%32, pending tasks: 0
naming_10%32, pending tasks: 0
naming_11%32, pending tasks: 0
naming_12%32, pending tasks: 0
naming_13%32, pending tasks: 0
naming_14%32, pending tasks: 0
naming_15%32, pending tasks: 0
naming_16%32, pending tasks: 0
naming_17%32, pending tasks: 0
naming_18%32, pending tasks: 0
naming_19%32, pending tasks: 0
naming_20%32, pending tasks: 0
naming_21%32, pending tasks: 0
naming_22%32, pending tasks: 0
naming_23%32, pending tasks: 0
naming_24%32, pending tasks: 0
naming_25%32, pending tasks: 0
naming_26%32, pending tasks: 0
naming_27%32, pending tasks: 0
naming_28%32, pending tasks: 0
naming_29%32, pending tasks: 0
naming_30%32, pending tasks: 0
naming_31%32, pending tasks: 0


2022-02-12 16:28:05,123 INFO PERFORMANCE:|5|5|8|-1|-1|50|0

2022-02-12 16:28:05,123 INFO Task worker status: 
naming_0%32, pending tasks: 0
naming_1%32, pending tasks: 0
naming_2%32, pending tasks: 0
naming_3%32, pending tasks: 0
naming_4%32, pending tasks: 0
naming_5%32, pending tasks: 0
naming_6%32, pending tasks: 0
naming_7%32, pending tasks: 0
naming_8%32, pending tasks: 0
naming_9%32, pending tasks: 0
naming_10%32, pending tasks: 0
naming_11%32, pending tasks: 0
naming_12%32, pending tasks: 0
naming_13%32, pending tasks: 0
naming_14%32, pending tasks: 0
naming_15%32, pending tasks: 0
naming_16%32, pending tasks: 0
naming_17%32, pending tasks: 0
naming_18%32, pending tasks: 0
naming_19%32, pending tasks: 0
naming_20%32, pending tasks: 0
naming_21%32, pending tasks: 0
naming_22%32, pending tasks: 0
naming_23%32, pending tasks: 0
naming_24%32, pending tasks: 0
naming_25%32, pending tasks: 0
naming_26%32, pending tasks: 0
naming_27%32, pending tasks: 0
naming_28%32, pending tasks: 0
naming_29%32, pending tasks: 0
naming_30%32, pending tasks: 0
naming_31%32, pending tasks: 0


2022-02-12 16:29:05,128 INFO PERFORMANCE:|serviceCount|ipCount|subscribeCount|maxPushCost|avgPushCost|totalPushCount|failPushCount

2022-02-12 16:29:05,128 INFO PERFORMANCE:|5|5|8|-1|-1|50|0

2022-02-12 16:29:05,128 INFO Task worker status: 
naming_0%32, pending tasks: 0
naming_1%32, pending tasks: 0
naming_2%32, pending tasks: 0
naming_3%32, pending tasks: 0
naming_4%32, pending tasks: 0
naming_5%32, pending tasks: 0
naming_6%32, pending tasks: 0
naming_7%32, pending tasks: 0
naming_8%32, pending tasks: 0
naming_9%32, pending tasks: 0
naming_10%32, pending tasks: 0
naming_11%32, pending tasks: 0
naming_12%32, pending tasks: 0
naming_13%32, pending tasks: 0
naming_14%32, pending tasks: 0
naming_15%32, pending tasks: 0
naming_16%32, pending tasks: 0
naming_17%32, pending tasks: 0
naming_18%32, pending tasks: 0
naming_19%32, pending tasks: 0
naming_20%32, pending tasks: 0
naming_21%32, pending tasks: 0
naming_22%32, pending tasks: 0
naming_23%32, pending tasks: 0
naming_24%32, pending tasks: 0
naming_25%32, pending tasks: 0
naming_26%32, pending tasks: 0
naming_27%32, pending tasks: 0
naming_28%32, pending tasks: 0
naming_29%32, pending tasks: 0
naming_30%32, pending tasks: 0
naming_31%32, pending tasks: 0


2022-02-12 16:30:05,137 INFO PERFORMANCE:|5|5|8|-1|-1|50|0

2022-02-12 16:30:05,137 INFO Task worker status: 
naming_0%32, pending tasks: 0
naming_1%32, pending tasks: 0
naming_2%32, pending tasks: 0
naming_3%32, pending tasks: 0
naming_4%32, pending tasks: 0
naming_5%32, pending tasks: 0
naming_6%32, pending tasks: 0
naming_7%32, pending tasks: 0
naming_8%32, pending tasks: 0
naming_9%32, pending tasks: 0
naming_10%32, pending tasks: 0
naming_11%32, pending tasks: 0
naming_12%32, pending tasks: 0
naming_13%32, pending tasks: 0
naming_14%32, pending tasks: 0
naming_15%32, pending tasks: 0
naming_16%32, pending tasks: 0
naming_17%32, pending tasks: 0
naming_18%32, pending tasks: 0
naming_19%32, pending tasks: 0
naming_20%32, pending tasks: 0
naming_21%32, pending tasks: 0
naming_22%32, pending tasks: 0
naming_23%32, pending tasks: 0
naming_24%32, pending tasks: 0
naming_25%32, pending tasks: 0
naming_26%32, pending tasks: 0
naming_27%32, pending tasks: 0
naming_28%32, pending tasks: 0
naming_29%32, pending tasks: 0
naming_30%32, pending tasks: 0
naming_31%32, pending tasks: 0


2022-02-12 16:31:05,139 INFO PERFORMANCE:|5|5|8|-1|-1|50|0

2022-02-12 16:31:05,139 INFO Task worker status: 
naming_0%32, pending tasks: 0
naming_1%32, pending tasks: 0
naming_2%32, pending tasks: 0
naming_3%32, pending tasks: 0
naming_4%32, pending tasks: 0
naming_5%32, pending tasks: 0
naming_6%32, pending tasks: 0
naming_7%32, pending tasks: 0
naming_8%32, pending tasks: 0
naming_9%32, pending tasks: 0
naming_10%32, pending tasks: 0
naming_11%32, pending tasks: 0
naming_12%32, pending tasks: 0
naming_13%32, pending tasks: 0
naming_14%32, pending tasks: 0
naming_15%32, pending tasks: 0
naming_16%32, pending tasks: 0
naming_17%32, pending tasks: 0
naming_18%32, pending tasks: 0
naming_19%32, pending tasks: 0
naming_20%32, pending tasks: 0
naming_21%32, pending tasks: 0
naming_22%32, pending tasks: 0
naming_23%32, pending tasks: 0
naming_24%32, pending tasks: 0
naming_25%32, pending tasks: 0
naming_26%32, pending tasks: 0
naming_27%32, pending tasks: 0
naming_28%32, pending tasks: 0
naming_29%32, pending tasks: 0
naming_30%32, pending tasks: 0
naming_31%32, pending tasks: 0


2022-02-12 16:32:05,147 INFO PERFORMANCE:|5|5|8|-1|-1|50|0

2022-02-12 16:32:05,147 INFO Task worker status: 
naming_0%32, pending tasks: 0
naming_1%32, pending tasks: 0
naming_2%32, pending tasks: 0
naming_3%32, pending tasks: 0
naming_4%32, pending tasks: 0
naming_5%32, pending tasks: 0
naming_6%32, pending tasks: 0
naming_7%32, pending tasks: 0
naming_8%32, pending tasks: 0
naming_9%32, pending tasks: 0
naming_10%32, pending tasks: 0
naming_11%32, pending tasks: 0
naming_12%32, pending tasks: 0
naming_13%32, pending tasks: 0
naming_14%32, pending tasks: 0
naming_15%32, pending tasks: 0
naming_16%32, pending tasks: 0
naming_17%32, pending tasks: 0
naming_18%32, pending tasks: 0
naming_19%32, pending tasks: 0
naming_20%32, pending tasks: 0
naming_21%32, pending tasks: 0
naming_22%32, pending tasks: 0
naming_23%32, pending tasks: 0
naming_24%32, pending tasks: 0
naming_25%32, pending tasks: 0
naming_26%32, pending tasks: 0
naming_27%32, pending tasks: 0
naming_28%32, pending tasks: 0
naming_29%32, pending tasks: 0
naming_30%32, pending tasks: 0
naming_31%32, pending tasks: 0


2022-02-12 16:33:05,147 INFO PERFORMANCE:|5|5|8|-1|-1|50|0

2022-02-12 16:33:05,147 INFO Task worker status: 
naming_0%32, pending tasks: 0
naming_1%32, pending tasks: 0
naming_2%32, pending tasks: 0
naming_3%32, pending tasks: 0
naming_4%32, pending tasks: 0
naming_5%32, pending tasks: 0
naming_6%32, pending tasks: 0
naming_7%32, pending tasks: 0
naming_8%32, pending tasks: 0
naming_9%32, pending tasks: 0
naming_10%32, pending tasks: 0
naming_11%32, pending tasks: 0
naming_12%32, pending tasks: 0
naming_13%32, pending tasks: 0
naming_14%32, pending tasks: 0
naming_15%32, pending tasks: 0
naming_16%32, pending tasks: 0
naming_17%32, pending tasks: 0
naming_18%32, pending tasks: 0
naming_19%32, pending tasks: 0
naming_20%32, pending tasks: 0
naming_21%32, pending tasks: 0
naming_22%32, pending tasks: 0
naming_23%32, pending tasks: 0
naming_24%32, pending tasks: 0
naming_25%32, pending tasks: 0
naming_26%32, pending tasks: 0
naming_27%32, pending tasks: 0
naming_28%32, pending tasks: 0
naming_29%32, pending tasks: 0
naming_30%32, pending tasks: 0
naming_31%32, pending tasks: 0


2022-02-12 16:34:05,160 INFO PERFORMANCE:|5|5|8|-1|-1|50|0

2022-02-12 16:34:05,160 INFO Task worker status: 
naming_0%32, pending tasks: 0
naming_1%32, pending tasks: 0
naming_2%32, pending tasks: 0
naming_3%32, pending tasks: 0
naming_4%32, pending tasks: 0
naming_5%32, pending tasks: 0
naming_6%32, pending tasks: 0
naming_7%32, pending tasks: 0
naming_8%32, pending tasks: 0
naming_9%32, pending tasks: 0
naming_10%32, pending tasks: 0
naming_11%32, pending tasks: 0
naming_12%32, pending tasks: 0
naming_13%32, pending tasks: 0
naming_14%32, pending tasks: 0
naming_15%32, pending tasks: 0
naming_16%32, pending tasks: 0
naming_17%32, pending tasks: 0
naming_18%32, pending tasks: 0
naming_19%32, pending tasks: 0
naming_20%32, pending tasks: 0
naming_21%32, pending tasks: 0
naming_22%32, pending tasks: 0
naming_23%32, pending tasks: 0
naming_24%32, pending tasks: 0
naming_25%32, pending tasks: 0
naming_26%32, pending tasks: 0
naming_27%32, pending tasks: 0
naming_28%32, pending tasks: 0
naming_29%32, pending tasks: 0
naming_30%32, pending tasks: 0
naming_31%32, pending tasks: 0


2022-02-12 16:35:05,166 INFO PERFORMANCE:|5|5|8|-1|-1|50|0

2022-02-12 16:35:05,166 INFO Task worker status: 
naming_0%32, pending tasks: 0
naming_1%32, pending tasks: 0
naming_2%32, pending tasks: 0
naming_3%32, pending tasks: 0
naming_4%32, pending tasks: 0
naming_5%32, pending tasks: 0
naming_6%32, pending tasks: 0
naming_7%32, pending tasks: 0
naming_8%32, pending tasks: 0
naming_9%32, pending tasks: 0
naming_10%32, pending tasks: 0
naming_11%32, pending tasks: 0
naming_12%32, pending tasks: 0
naming_13%32, pending tasks: 0
naming_14%32, pending tasks: 0
naming_15%32, pending tasks: 0
naming_16%32, pending tasks: 0
naming_17%32, pending tasks: 0
naming_18%32, pending tasks: 0
naming_19%32, pending tasks: 0
naming_20%32, pending tasks: 0
naming_21%32, pending tasks: 0
naming_22%32, pending tasks: 0
naming_23%32, pending tasks: 0
naming_24%32, pending tasks: 0
naming_25%32, pending tasks: 0
naming_26%32, pending tasks: 0
naming_27%32, pending tasks: 0
naming_28%32, pending tasks: 0
naming_29%32, pending tasks: 0
naming_30%32, pending tasks: 0
naming_31%32, pending tasks: 0


2022-02-12 16:36:05,178 INFO PERFORMANCE:|5|5|8|-1|-1|50|0

2022-02-12 16:36:05,178 INFO Task worker status: 
naming_0%32, pending tasks: 0
naming_1%32, pending tasks: 0
naming_2%32, pending tasks: 0
naming_3%32, pending tasks: 0
naming_4%32, pending tasks: 0
naming_5%32, pending tasks: 0
naming_6%32, pending tasks: 0
naming_7%32, pending tasks: 0
naming_8%32, pending tasks: 0
naming_9%32, pending tasks: 0
naming_10%32, pending tasks: 0
naming_11%32, pending tasks: 0
naming_12%32, pending tasks: 0
naming_13%32, pending tasks: 0
naming_14%32, pending tasks: 0
naming_15%32, pending tasks: 0
naming_16%32, pending tasks: 0
naming_17%32, pending tasks: 0
naming_18%32, pending tasks: 0
naming_19%32, pending tasks: 0
naming_20%32, pending tasks: 0
naming_21%32, pending tasks: 0
naming_22%32, pending tasks: 0
naming_23%32, pending tasks: 0
naming_24%32, pending tasks: 0
naming_25%32, pending tasks: 0
naming_26%32, pending tasks: 0
naming_27%32, pending tasks: 0
naming_28%32, pending tasks: 0
naming_29%32, pending tasks: 0
naming_30%32, pending tasks: 0
naming_31%32, pending tasks: 0


2022-02-12 16:37:05,184 INFO PERFORMANCE:|5|5|8|-1|-1|50|0

2022-02-12 16:37:05,184 INFO Task worker status: 
naming_0%32, pending tasks: 0
naming_1%32, pending tasks: 0
naming_2%32, pending tasks: 0
naming_3%32, pending tasks: 0
naming_4%32, pending tasks: 0
naming_5%32, pending tasks: 0
naming_6%32, pending tasks: 0
naming_7%32, pending tasks: 0
naming_8%32, pending tasks: 0
naming_9%32, pending tasks: 0
naming_10%32, pending tasks: 0
naming_11%32, pending tasks: 0
naming_12%32, pending tasks: 0
naming_13%32, pending tasks: 0
naming_14%32, pending tasks: 0
naming_15%32, pending tasks: 0
naming_16%32, pending tasks: 0
naming_17%32, pending tasks: 0
naming_18%32, pending tasks: 0
naming_19%32, pending tasks: 0
naming_20%32, pending tasks: 0
naming_21%32, pending tasks: 0
naming_22%32, pending tasks: 0
naming_23%32, pending tasks: 0
naming_24%32, pending tasks: 0
naming_25%32, pending tasks: 0
naming_26%32, pending tasks: 0
naming_27%32, pending tasks: 0
naming_28%32, pending tasks: 0
naming_29%32, pending tasks: 0
naming_30%32, pending tasks: 0
naming_31%32, pending tasks: 0


2022-02-12 16:38:05,193 INFO PERFORMANCE:|5|5|8|-1|-1|50|0

2022-02-12 16:38:05,193 INFO Task worker status: 
naming_0%32, pending tasks: 0
naming_1%32, pending tasks: 0
naming_2%32, pending tasks: 0
naming_3%32, pending tasks: 0
naming_4%32, pending tasks: 0
naming_5%32, pending tasks: 0
naming_6%32, pending tasks: 0
naming_7%32, pending tasks: 0
naming_8%32, pending tasks: 0
naming_9%32, pending tasks: 0
naming_10%32, pending tasks: 0
naming_11%32, pending tasks: 0
naming_12%32, pending tasks: 0
naming_13%32, pending tasks: 0
naming_14%32, pending tasks: 0
naming_15%32, pending tasks: 0
naming_16%32, pending tasks: 0
naming_17%32, pending tasks: 0
naming_18%32, pending tasks: 0
naming_19%32, pending tasks: 0
naming_20%32, pending tasks: 0
naming_21%32, pending tasks: 0
naming_22%32, pending tasks: 0
naming_23%32, pending tasks: 0
naming_24%32, pending tasks: 0
naming_25%32, pending tasks: 0
naming_26%32, pending tasks: 0
naming_27%32, pending tasks: 0
naming_28%32, pending tasks: 0
naming_29%32, pending tasks: 0
naming_30%32, pending tasks: 0
naming_31%32, pending tasks: 0


2022-02-12 16:39:05,202 INFO PERFORMANCE:|serviceCount|ipCount|subscribeCount|maxPushCost|avgPushCost|totalPushCount|failPushCount

2022-02-12 16:39:05,202 INFO PERFORMANCE:|5|5|8|-1|-1|50|0

2022-02-12 16:39:05,202 INFO Task worker status: 
naming_0%32, pending tasks: 0
naming_1%32, pending tasks: 0
naming_2%32, pending tasks: 0
naming_3%32, pending tasks: 0
naming_4%32, pending tasks: 0
naming_5%32, pending tasks: 0
naming_6%32, pending tasks: 0
naming_7%32, pending tasks: 0
naming_8%32, pending tasks: 0
naming_9%32, pending tasks: 0
naming_10%32, pending tasks: 0
naming_11%32, pending tasks: 0
naming_12%32, pending tasks: 0
naming_13%32, pending tasks: 0
naming_14%32, pending tasks: 0
naming_15%32, pending tasks: 0
naming_16%32, pending tasks: 0
naming_17%32, pending tasks: 0
naming_18%32, pending tasks: 0
naming_19%32, pending tasks: 0
naming_20%32, pending tasks: 0
naming_21%32, pending tasks: 0
naming_22%32, pending tasks: 0
naming_23%32, pending tasks: 0
naming_24%32, pending tasks: 0
naming_25%32, pending tasks: 0
naming_26%32, pending tasks: 0
naming_27%32, pending tasks: 0
naming_28%32, pending tasks: 0
naming_29%32, pending tasks: 0
naming_30%32, pending tasks: 0
naming_31%32, pending tasks: 0


2022-02-12 16:40:05,213 INFO PERFORMANCE:|5|5|8|-1|-1|50|0

2022-02-12 16:40:05,213 INFO Task worker status: 
naming_0%32, pending tasks: 0
naming_1%32, pending tasks: 0
naming_2%32, pending tasks: 0
naming_3%32, pending tasks: 0
naming_4%32, pending tasks: 0
naming_5%32, pending tasks: 0
naming_6%32, pending tasks: 0
naming_7%32, pending tasks: 0
naming_8%32, pending tasks: 0
naming_9%32, pending tasks: 0
naming_10%32, pending tasks: 0
naming_11%32, pending tasks: 0
naming_12%32, pending tasks: 0
naming_13%32, pending tasks: 0
naming_14%32, pending tasks: 0
naming_15%32, pending tasks: 0
naming_16%32, pending tasks: 0
naming_17%32, pending tasks: 0
naming_18%32, pending tasks: 0
naming_19%32, pending tasks: 0
naming_20%32, pending tasks: 0
naming_21%32, pending tasks: 0
naming_22%32, pending tasks: 0
naming_23%32, pending tasks: 0
naming_24%32, pending tasks: 0
naming_25%32, pending tasks: 0
naming_26%32, pending tasks: 0
naming_27%32, pending tasks: 0
naming_28%32, pending tasks: 0
naming_29%32, pending tasks: 0
naming_30%32, pending tasks: 0
naming_31%32, pending tasks: 0


2022-02-12 16:41:05,219 INFO PERFORMANCE:|5|5|8|-1|-1|50|0

2022-02-12 16:41:05,219 INFO Task worker status: 
naming_0%32, pending tasks: 0
naming_1%32, pending tasks: 0
naming_2%32, pending tasks: 0
naming_3%32, pending tasks: 0
naming_4%32, pending tasks: 0
naming_5%32, pending tasks: 0
naming_6%32, pending tasks: 0
naming_7%32, pending tasks: 0
naming_8%32, pending tasks: 0
naming_9%32, pending tasks: 0
naming_10%32, pending tasks: 0
naming_11%32, pending tasks: 0
naming_12%32, pending tasks: 0
naming_13%32, pending tasks: 0
naming_14%32, pending tasks: 0
naming_15%32, pending tasks: 0
naming_16%32, pending tasks: 0
naming_17%32, pending tasks: 0
naming_18%32, pending tasks: 0
naming_19%32, pending tasks: 0
naming_20%32, pending tasks: 0
naming_21%32, pending tasks: 0
naming_22%32, pending tasks: 0
naming_23%32, pending tasks: 0
naming_24%32, pending tasks: 0
naming_25%32, pending tasks: 0
naming_26%32, pending tasks: 0
naming_27%32, pending tasks: 0
naming_28%32, pending tasks: 0
naming_29%32, pending tasks: 0
naming_30%32, pending tasks: 0
naming_31%32, pending tasks: 0


2022-02-12 16:42:05,228 INFO PERFORMANCE:|5|5|8|-1|-1|50|0

2022-02-12 16:42:05,228 INFO Task worker status: 
naming_0%32, pending tasks: 0
naming_1%32, pending tasks: 0
naming_2%32, pending tasks: 0
naming_3%32, pending tasks: 0
naming_4%32, pending tasks: 0
naming_5%32, pending tasks: 0
naming_6%32, pending tasks: 0
naming_7%32, pending tasks: 0
naming_8%32, pending tasks: 0
naming_9%32, pending tasks: 0
naming_10%32, pending tasks: 0
naming_11%32, pending tasks: 0
naming_12%32, pending tasks: 0
naming_13%32, pending tasks: 0
naming_14%32, pending tasks: 0
naming_15%32, pending tasks: 0
naming_16%32, pending tasks: 0
naming_17%32, pending tasks: 0
naming_18%32, pending tasks: 0
naming_19%32, pending tasks: 0
naming_20%32, pending tasks: 0
naming_21%32, pending tasks: 0
naming_22%32, pending tasks: 0
naming_23%32, pending tasks: 0
naming_24%32, pending tasks: 0
naming_25%32, pending tasks: 0
naming_26%32, pending tasks: 0
naming_27%32, pending tasks: 0
naming_28%32, pending tasks: 0
naming_29%32, pending tasks: 0
naming_30%32, pending tasks: 0
naming_31%32, pending tasks: 0


2022-02-12 16:43:05,239 INFO PERFORMANCE:|5|5|8|-1|-1|50|0

2022-02-12 16:43:05,239 INFO Task worker status: 
naming_0%32, pending tasks: 0
naming_1%32, pending tasks: 0
naming_2%32, pending tasks: 0
naming_3%32, pending tasks: 0
naming_4%32, pending tasks: 0
naming_5%32, pending tasks: 0
naming_6%32, pending tasks: 0
naming_7%32, pending tasks: 0
naming_8%32, pending tasks: 0
naming_9%32, pending tasks: 0
naming_10%32, pending tasks: 0
naming_11%32, pending tasks: 0
naming_12%32, pending tasks: 0
naming_13%32, pending tasks: 0
naming_14%32, pending tasks: 0
naming_15%32, pending tasks: 0
naming_16%32, pending tasks: 0
naming_17%32, pending tasks: 0
naming_18%32, pending tasks: 0
naming_19%32, pending tasks: 0
naming_20%32, pending tasks: 0
naming_21%32, pending tasks: 0
naming_22%32, pending tasks: 0
naming_23%32, pending tasks: 0
naming_24%32, pending tasks: 0
naming_25%32, pending tasks: 0
naming_26%32, pending tasks: 0
naming_27%32, pending tasks: 0
naming_28%32, pending tasks: 0
naming_29%32, pending tasks: 0
naming_30%32, pending tasks: 0
naming_31%32, pending tasks: 0


2022-02-12 16:44:05,251 INFO PERFORMANCE:|5|5|8|-1|-1|50|0

2022-02-12 16:44:05,251 INFO Task worker status: 
naming_0%32, pending tasks: 0
naming_1%32, pending tasks: 0
naming_2%32, pending tasks: 0
naming_3%32, pending tasks: 0
naming_4%32, pending tasks: 0
naming_5%32, pending tasks: 0
naming_6%32, pending tasks: 0
naming_7%32, pending tasks: 0
naming_8%32, pending tasks: 0
naming_9%32, pending tasks: 0
naming_10%32, pending tasks: 0
naming_11%32, pending tasks: 0
naming_12%32, pending tasks: 0
naming_13%32, pending tasks: 0
naming_14%32, pending tasks: 0
naming_15%32, pending tasks: 0
naming_16%32, pending tasks: 0
naming_17%32, pending tasks: 0
naming_18%32, pending tasks: 0
naming_19%32, pending tasks: 0
naming_20%32, pending tasks: 0
naming_21%32, pending tasks: 0
naming_22%32, pending tasks: 0
naming_23%32, pending tasks: 0
naming_24%32, pending tasks: 0
naming_25%32, pending tasks: 0
naming_26%32, pending tasks: 0
naming_27%32, pending tasks: 0
naming_28%32, pending tasks: 0
naming_29%32, pending tasks: 0
naming_30%32, pending tasks: 0
naming_31%32, pending tasks: 0


2022-02-12 16:45:05,265 INFO PERFORMANCE:|5|5|8|-1|-1|50|0

2022-02-12 16:45:05,265 INFO Task worker status: 
naming_0%32, pending tasks: 0
naming_1%32, pending tasks: 0
naming_2%32, pending tasks: 0
naming_3%32, pending tasks: 0
naming_4%32, pending tasks: 0
naming_5%32, pending tasks: 0
naming_6%32, pending tasks: 0
naming_7%32, pending tasks: 0
naming_8%32, pending tasks: 0
naming_9%32, pending tasks: 0
naming_10%32, pending tasks: 0
naming_11%32, pending tasks: 0
naming_12%32, pending tasks: 0
naming_13%32, pending tasks: 0
naming_14%32, pending tasks: 0
naming_15%32, pending tasks: 0
naming_16%32, pending tasks: 0
naming_17%32, pending tasks: 0
naming_18%32, pending tasks: 0
naming_19%32, pending tasks: 0
naming_20%32, pending tasks: 0
naming_21%32, pending tasks: 0
naming_22%32, pending tasks: 0
naming_23%32, pending tasks: 0
naming_24%32, pending tasks: 0
naming_25%32, pending tasks: 0
naming_26%32, pending tasks: 0
naming_27%32, pending tasks: 0
naming_28%32, pending tasks: 0
naming_29%32, pending tasks: 0
naming_30%32, pending tasks: 0
naming_31%32, pending tasks: 0


2022-02-12 16:46:05,277 INFO PERFORMANCE:|5|5|8|-1|-1|50|0

2022-02-12 16:46:05,277 INFO Task worker status: 
naming_0%32, pending tasks: 0
naming_1%32, pending tasks: 0
naming_2%32, pending tasks: 0
naming_3%32, pending tasks: 0
naming_4%32, pending tasks: 0
naming_5%32, pending tasks: 0
naming_6%32, pending tasks: 0
naming_7%32, pending tasks: 0
naming_8%32, pending tasks: 0
naming_9%32, pending tasks: 0
naming_10%32, pending tasks: 0
naming_11%32, pending tasks: 0
naming_12%32, pending tasks: 0
naming_13%32, pending tasks: 0
naming_14%32, pending tasks: 0
naming_15%32, pending tasks: 0
naming_16%32, pending tasks: 0
naming_17%32, pending tasks: 0
naming_18%32, pending tasks: 0
naming_19%32, pending tasks: 0
naming_20%32, pending tasks: 0
naming_21%32, pending tasks: 0
naming_22%32, pending tasks: 0
naming_23%32, pending tasks: 0
naming_24%32, pending tasks: 0
naming_25%32, pending tasks: 0
naming_26%32, pending tasks: 0
naming_27%32, pending tasks: 0
naming_28%32, pending tasks: 0
naming_29%32, pending tasks: 0
naming_30%32, pending tasks: 0
naming_31%32, pending tasks: 0


2022-02-12 16:47:05,291 INFO PERFORMANCE:|5|5|8|-1|-1|50|0

2022-02-12 16:47:05,291 INFO Task worker status: 
naming_0%32, pending tasks: 0
naming_1%32, pending tasks: 0
naming_2%32, pending tasks: 0
naming_3%32, pending tasks: 0
naming_4%32, pending tasks: 0
naming_5%32, pending tasks: 0
naming_6%32, pending tasks: 0
naming_7%32, pending tasks: 0
naming_8%32, pending tasks: 0
naming_9%32, pending tasks: 0
naming_10%32, pending tasks: 0
naming_11%32, pending tasks: 0
naming_12%32, pending tasks: 0
naming_13%32, pending tasks: 0
naming_14%32, pending tasks: 0
naming_15%32, pending tasks: 0
naming_16%32, pending tasks: 0
naming_17%32, pending tasks: 0
naming_18%32, pending tasks: 0
naming_19%32, pending tasks: 0
naming_20%32, pending tasks: 0
naming_21%32, pending tasks: 0
naming_22%32, pending tasks: 0
naming_23%32, pending tasks: 0
naming_24%32, pending tasks: 0
naming_25%32, pending tasks: 0
naming_26%32, pending tasks: 0
naming_27%32, pending tasks: 0
naming_28%32, pending tasks: 0
naming_29%32, pending tasks: 0
naming_30%32, pending tasks: 0
naming_31%32, pending tasks: 0


2022-02-12 16:48:05,292 INFO PERFORMANCE:|5|5|8|-1|-1|50|0

2022-02-12 16:48:05,292 INFO Task worker status: 
naming_0%32, pending tasks: 0
naming_1%32, pending tasks: 0
naming_2%32, pending tasks: 0
naming_3%32, pending tasks: 0
naming_4%32, pending tasks: 0
naming_5%32, pending tasks: 0
naming_6%32, pending tasks: 0
naming_7%32, pending tasks: 0
naming_8%32, pending tasks: 0
naming_9%32, pending tasks: 0
naming_10%32, pending tasks: 0
naming_11%32, pending tasks: 0
naming_12%32, pending tasks: 0
naming_13%32, pending tasks: 0
naming_14%32, pending tasks: 0
naming_15%32, pending tasks: 0
naming_16%32, pending tasks: 0
naming_17%32, pending tasks: 0
naming_18%32, pending tasks: 0
naming_19%32, pending tasks: 0
naming_20%32, pending tasks: 0
naming_21%32, pending tasks: 0
naming_22%32, pending tasks: 0
naming_23%32, pending tasks: 0
naming_24%32, pending tasks: 0
naming_25%32, pending tasks: 0
naming_26%32, pending tasks: 0
naming_27%32, pending tasks: 0
naming_28%32, pending tasks: 0
naming_29%32, pending tasks: 0
naming_30%32, pending tasks: 0
naming_31%32, pending tasks: 0


2022-02-12 16:49:05,306 INFO PERFORMANCE:|serviceCount|ipCount|subscribeCount|maxPushCost|avgPushCost|totalPushCount|failPushCount

2022-02-12 16:49:05,306 INFO PERFORMANCE:|5|5|8|-1|-1|50|0

2022-02-12 16:49:05,306 INFO Task worker status: 
naming_0%32, pending tasks: 0
naming_1%32, pending tasks: 0
naming_2%32, pending tasks: 0
naming_3%32, pending tasks: 0
naming_4%32, pending tasks: 0
naming_5%32, pending tasks: 0
naming_6%32, pending tasks: 0
naming_7%32, pending tasks: 0
naming_8%32, pending tasks: 0
naming_9%32, pending tasks: 0
naming_10%32, pending tasks: 0
naming_11%32, pending tasks: 0
naming_12%32, pending tasks: 0
naming_13%32, pending tasks: 0
naming_14%32, pending tasks: 0
naming_15%32, pending tasks: 0
naming_16%32, pending tasks: 0
naming_17%32, pending tasks: 0
naming_18%32, pending tasks: 0
naming_19%32, pending tasks: 0
naming_20%32, pending tasks: 0
naming_21%32, pending tasks: 0
naming_22%32, pending tasks: 0
naming_23%32, pending tasks: 0
naming_24%32, pending tasks: 0
naming_25%32, pending tasks: 0
naming_26%32, pending tasks: 0
naming_27%32, pending tasks: 0
naming_28%32, pending tasks: 0
naming_29%32, pending tasks: 0
naming_30%32, pending tasks: 0
naming_31%32, pending tasks: 0


2022-02-12 16:50:05,306 INFO PERFORMANCE:|5|5|8|-1|-1|50|0

2022-02-12 16:50:05,306 INFO Task worker status: 
naming_0%32, pending tasks: 0
naming_1%32, pending tasks: 0
naming_2%32, pending tasks: 0
naming_3%32, pending tasks: 0
naming_4%32, pending tasks: 0
naming_5%32, pending tasks: 0
naming_6%32, pending tasks: 0
naming_7%32, pending tasks: 0
naming_8%32, pending tasks: 0
naming_9%32, pending tasks: 0
naming_10%32, pending tasks: 0
naming_11%32, pending tasks: 0
naming_12%32, pending tasks: 0
naming_13%32, pending tasks: 0
naming_14%32, pending tasks: 0
naming_15%32, pending tasks: 0
naming_16%32, pending tasks: 0
naming_17%32, pending tasks: 0
naming_18%32, pending tasks: 0
naming_19%32, pending tasks: 0
naming_20%32, pending tasks: 0
naming_21%32, pending tasks: 0
naming_22%32, pending tasks: 0
naming_23%32, pending tasks: 0
naming_24%32, pending tasks: 0
naming_25%32, pending tasks: 0
naming_26%32, pending tasks: 0
naming_27%32, pending tasks: 0
naming_28%32, pending tasks: 0
naming_29%32, pending tasks: 0
naming_30%32, pending tasks: 0
naming_31%32, pending tasks: 0


2022-02-12 16:51:05,316 INFO PERFORMANCE:|5|5|8|-1|-1|50|0

2022-02-12 16:51:05,316 INFO Task worker status: 
naming_0%32, pending tasks: 0
naming_1%32, pending tasks: 0
naming_2%32, pending tasks: 0
naming_3%32, pending tasks: 0
naming_4%32, pending tasks: 0
naming_5%32, pending tasks: 0
naming_6%32, pending tasks: 0
naming_7%32, pending tasks: 0
naming_8%32, pending tasks: 0
naming_9%32, pending tasks: 0
naming_10%32, pending tasks: 0
naming_11%32, pending tasks: 0
naming_12%32, pending tasks: 0
naming_13%32, pending tasks: 0
naming_14%32, pending tasks: 0
naming_15%32, pending tasks: 0
naming_16%32, pending tasks: 0
naming_17%32, pending tasks: 0
naming_18%32, pending tasks: 0
naming_19%32, pending tasks: 0
naming_20%32, pending tasks: 0
naming_21%32, pending tasks: 0
naming_22%32, pending tasks: 0
naming_23%32, pending tasks: 0
naming_24%32, pending tasks: 0
naming_25%32, pending tasks: 0
naming_26%32, pending tasks: 0
naming_27%32, pending tasks: 0
naming_28%32, pending tasks: 0
naming_29%32, pending tasks: 0
naming_30%32, pending tasks: 0
naming_31%32, pending tasks: 0


2022-02-12 16:52:05,316 INFO PERFORMANCE:|5|5|8|-1|-1|50|0

2022-02-12 16:52:05,316 INFO Task worker status: 
naming_0%32, pending tasks: 0
naming_1%32, pending tasks: 0
naming_2%32, pending tasks: 0
naming_3%32, pending tasks: 0
naming_4%32, pending tasks: 0
naming_5%32, pending tasks: 0
naming_6%32, pending tasks: 0
naming_7%32, pending tasks: 0
naming_8%32, pending tasks: 0
naming_9%32, pending tasks: 0
naming_10%32, pending tasks: 0
naming_11%32, pending tasks: 0
naming_12%32, pending tasks: 0
naming_13%32, pending tasks: 0
naming_14%32, pending tasks: 0
naming_15%32, pending tasks: 0
naming_16%32, pending tasks: 0
naming_17%32, pending tasks: 0
naming_18%32, pending tasks: 0
naming_19%32, pending tasks: 0
naming_20%32, pending tasks: 0
naming_21%32, pending tasks: 0
naming_22%32, pending tasks: 0
naming_23%32, pending tasks: 0
naming_24%32, pending tasks: 0
naming_25%32, pending tasks: 0
naming_26%32, pending tasks: 0
naming_27%32, pending tasks: 0
naming_28%32, pending tasks: 0
naming_29%32, pending tasks: 0
naming_30%32, pending tasks: 0
naming_31%32, pending tasks: 0


2022-02-12 16:53:05,328 INFO PERFORMANCE:|5|5|8|-1|-1|50|0

2022-02-12 16:53:05,328 INFO Task worker status: 
naming_0%32, pending tasks: 0
naming_1%32, pending tasks: 0
naming_2%32, pending tasks: 0
naming_3%32, pending tasks: 0
naming_4%32, pending tasks: 0
naming_5%32, pending tasks: 0
naming_6%32, pending tasks: 0
naming_7%32, pending tasks: 0
naming_8%32, pending tasks: 0
naming_9%32, pending tasks: 0
naming_10%32, pending tasks: 0
naming_11%32, pending tasks: 0
naming_12%32, pending tasks: 0
naming_13%32, pending tasks: 0
naming_14%32, pending tasks: 0
naming_15%32, pending tasks: 0
naming_16%32, pending tasks: 0
naming_17%32, pending tasks: 0
naming_18%32, pending tasks: 0
naming_19%32, pending tasks: 0
naming_20%32, pending tasks: 0
naming_21%32, pending tasks: 0
naming_22%32, pending tasks: 0
naming_23%32, pending tasks: 0
naming_24%32, pending tasks: 0
naming_25%32, pending tasks: 0
naming_26%32, pending tasks: 0
naming_27%32, pending tasks: 0
naming_28%32, pending tasks: 0
naming_29%32, pending tasks: 0
naming_30%32, pending tasks: 0
naming_31%32, pending tasks: 0


2022-02-12 16:54:05,331 INFO PERFORMANCE:|5|5|8|-1|-1|50|0

2022-02-12 16:54:05,331 INFO Task worker status: 
naming_0%32, pending tasks: 0
naming_1%32, pending tasks: 0
naming_2%32, pending tasks: 0
naming_3%32, pending tasks: 0
naming_4%32, pending tasks: 0
naming_5%32, pending tasks: 0
naming_6%32, pending tasks: 0
naming_7%32, pending tasks: 0
naming_8%32, pending tasks: 0
naming_9%32, pending tasks: 0
naming_10%32, pending tasks: 0
naming_11%32, pending tasks: 0
naming_12%32, pending tasks: 0
naming_13%32, pending tasks: 0
naming_14%32, pending tasks: 0
naming_15%32, pending tasks: 0
naming_16%32, pending tasks: 0
naming_17%32, pending tasks: 0
naming_18%32, pending tasks: 0
naming_19%32, pending tasks: 0
naming_20%32, pending tasks: 0
naming_21%32, pending tasks: 0
naming_22%32, pending tasks: 0
naming_23%32, pending tasks: 0
naming_24%32, pending tasks: 0
naming_25%32, pending tasks: 0
naming_26%32, pending tasks: 0
naming_27%32, pending tasks: 0
naming_28%32, pending tasks: 0
naming_29%32, pending tasks: 0
naming_30%32, pending tasks: 0
naming_31%32, pending tasks: 0


2022-02-12 16:55:05,345 INFO PERFORMANCE:|5|5|8|-1|-1|50|0

2022-02-12 16:55:05,345 INFO Task worker status: 
naming_0%32, pending tasks: 0
naming_1%32, pending tasks: 0
naming_2%32, pending tasks: 0
naming_3%32, pending tasks: 0
naming_4%32, pending tasks: 0
naming_5%32, pending tasks: 0
naming_6%32, pending tasks: 0
naming_7%32, pending tasks: 0
naming_8%32, pending tasks: 0
naming_9%32, pending tasks: 0
naming_10%32, pending tasks: 0
naming_11%32, pending tasks: 0
naming_12%32, pending tasks: 0
naming_13%32, pending tasks: 0
naming_14%32, pending tasks: 0
naming_15%32, pending tasks: 0
naming_16%32, pending tasks: 0
naming_17%32, pending tasks: 0
naming_18%32, pending tasks: 0
naming_19%32, pending tasks: 0
naming_20%32, pending tasks: 0
naming_21%32, pending tasks: 0
naming_22%32, pending tasks: 0
naming_23%32, pending tasks: 0
naming_24%32, pending tasks: 0
naming_25%32, pending tasks: 0
naming_26%32, pending tasks: 0
naming_27%32, pending tasks: 0
naming_28%32, pending tasks: 0
naming_29%32, pending tasks: 0
naming_30%32, pending tasks: 0
naming_31%32, pending tasks: 0


2022-02-12 16:56:05,346 INFO PERFORMANCE:|5|5|8|-1|-1|50|0

2022-02-12 16:56:05,378 INFO Task worker status: 
naming_0%32, pending tasks: 0
naming_1%32, pending tasks: 0
naming_2%32, pending tasks: 0
naming_3%32, pending tasks: 0
naming_4%32, pending tasks: 0
naming_5%32, pending tasks: 0
naming_6%32, pending tasks: 0
naming_7%32, pending tasks: 0
naming_8%32, pending tasks: 0
naming_9%32, pending tasks: 0
naming_10%32, pending tasks: 0
naming_11%32, pending tasks: 0
naming_12%32, pending tasks: 0
naming_13%32, pending tasks: 0
naming_14%32, pending tasks: 0
naming_15%32, pending tasks: 0
naming_16%32, pending tasks: 0
naming_17%32, pending tasks: 0
naming_18%32, pending tasks: 0
naming_19%32, pending tasks: 0
naming_20%32, pending tasks: 0
naming_21%32, pending tasks: 0
naming_22%32, pending tasks: 0
naming_23%32, pending tasks: 0
naming_24%32, pending tasks: 0
naming_25%32, pending tasks: 0
naming_26%32, pending tasks: 0
naming_27%32, pending tasks: 0
naming_28%32, pending tasks: 0
naming_29%32, pending tasks: 0
naming_30%32, pending tasks: 0
naming_31%32, pending tasks: 0


2022-02-12 16:57:05,388 INFO PERFORMANCE:|5|5|8|-1|-1|50|0

2022-02-12 16:57:05,388 INFO Task worker status: 
naming_0%32, pending tasks: 0
naming_1%32, pending tasks: 0
naming_2%32, pending tasks: 0
naming_3%32, pending tasks: 0
naming_4%32, pending tasks: 0
naming_5%32, pending tasks: 0
naming_6%32, pending tasks: 0
naming_7%32, pending tasks: 0
naming_8%32, pending tasks: 0
naming_9%32, pending tasks: 0
naming_10%32, pending tasks: 0
naming_11%32, pending tasks: 0
naming_12%32, pending tasks: 0
naming_13%32, pending tasks: 0
naming_14%32, pending tasks: 0
naming_15%32, pending tasks: 0
naming_16%32, pending tasks: 0
naming_17%32, pending tasks: 0
naming_18%32, pending tasks: 0
naming_19%32, pending tasks: 0
naming_20%32, pending tasks: 0
naming_21%32, pending tasks: 0
naming_22%32, pending tasks: 0
naming_23%32, pending tasks: 0
naming_24%32, pending tasks: 0
naming_25%32, pending tasks: 0
naming_26%32, pending tasks: 0
naming_27%32, pending tasks: 0
naming_28%32, pending tasks: 0
naming_29%32, pending tasks: 0
naming_30%32, pending tasks: 0
naming_31%32, pending tasks: 0


2022-02-12 16:58:05,392 INFO PERFORMANCE:|5|5|8|-1|-1|50|0

2022-02-12 16:58:05,392 INFO Task worker status: 
naming_0%32, pending tasks: 0
naming_1%32, pending tasks: 0
naming_2%32, pending tasks: 0
naming_3%32, pending tasks: 0
naming_4%32, pending tasks: 0
naming_5%32, pending tasks: 0
naming_6%32, pending tasks: 0
naming_7%32, pending tasks: 0
naming_8%32, pending tasks: 0
naming_9%32, pending tasks: 0
naming_10%32, pending tasks: 0
naming_11%32, pending tasks: 0
naming_12%32, pending tasks: 0
naming_13%32, pending tasks: 0
naming_14%32, pending tasks: 0
naming_15%32, pending tasks: 0
naming_16%32, pending tasks: 0
naming_17%32, pending tasks: 0
naming_18%32, pending tasks: 0
naming_19%32, pending tasks: 0
naming_20%32, pending tasks: 0
naming_21%32, pending tasks: 0
naming_22%32, pending tasks: 0
naming_23%32, pending tasks: 0
naming_24%32, pending tasks: 0
naming_25%32, pending tasks: 0
naming_26%32, pending tasks: 0
naming_27%32, pending tasks: 0
naming_28%32, pending tasks: 0
naming_29%32, pending tasks: 0
naming_30%32, pending tasks: 0
naming_31%32, pending tasks: 0


2022-02-12 16:59:05,406 INFO PERFORMANCE:|serviceCount|ipCount|subscribeCount|maxPushCost|avgPushCost|totalPushCount|failPushCount

2022-02-12 16:59:05,406 INFO PERFORMANCE:|5|5|8|-1|-1|50|0

2022-02-12 16:59:05,406 INFO Task worker status: 
naming_0%32, pending tasks: 0
naming_1%32, pending tasks: 0
naming_2%32, pending tasks: 0
naming_3%32, pending tasks: 0
naming_4%32, pending tasks: 0
naming_5%32, pending tasks: 0
naming_6%32, pending tasks: 0
naming_7%32, pending tasks: 0
naming_8%32, pending tasks: 0
naming_9%32, pending tasks: 0
naming_10%32, pending tasks: 0
naming_11%32, pending tasks: 0
naming_12%32, pending tasks: 0
naming_13%32, pending tasks: 0
naming_14%32, pending tasks: 0
naming_15%32, pending tasks: 0
naming_16%32, pending tasks: 0
naming_17%32, pending tasks: 0
naming_18%32, pending tasks: 0
naming_19%32, pending tasks: 0
naming_20%32, pending tasks: 0
naming_21%32, pending tasks: 0
naming_22%32, pending tasks: 0
naming_23%32, pending tasks: 0
naming_24%32, pending tasks: 0
naming_25%32, pending tasks: 0
naming_26%32, pending tasks: 0
naming_27%32, pending tasks: 0
naming_28%32, pending tasks: 0
naming_29%32, pending tasks: 0
naming_30%32, pending tasks: 0
naming_31%32, pending tasks: 0


2022-02-12 17:00:05,413 INFO PERFORMANCE:|5|5|8|-1|-1|50|0

2022-02-12 17:00:05,413 INFO Task worker status: 
naming_0%32, pending tasks: 0
naming_1%32, pending tasks: 0
naming_2%32, pending tasks: 0
naming_3%32, pending tasks: 0
naming_4%32, pending tasks: 0
naming_5%32, pending tasks: 0
naming_6%32, pending tasks: 0
naming_7%32, pending tasks: 0
naming_8%32, pending tasks: 0
naming_9%32, pending tasks: 0
naming_10%32, pending tasks: 0
naming_11%32, pending tasks: 0
naming_12%32, pending tasks: 0
naming_13%32, pending tasks: 0
naming_14%32, pending tasks: 0
naming_15%32, pending tasks: 0
naming_16%32, pending tasks: 0
naming_17%32, pending tasks: 0
naming_18%32, pending tasks: 0
naming_19%32, pending tasks: 0
naming_20%32, pending tasks: 0
naming_21%32, pending tasks: 0
naming_22%32, pending tasks: 0
naming_23%32, pending tasks: 0
naming_24%32, pending tasks: 0
naming_25%32, pending tasks: 0
naming_26%32, pending tasks: 0
naming_27%32, pending tasks: 0
naming_28%32, pending tasks: 0
naming_29%32, pending tasks: 0
naming_30%32, pending tasks: 0
naming_31%32, pending tasks: 0


2022-02-12 17:01:05,428 INFO PERFORMANCE:|5|5|8|-1|-1|50|0

2022-02-12 17:01:05,428 INFO Task worker status: 
naming_0%32, pending tasks: 0
naming_1%32, pending tasks: 0
naming_2%32, pending tasks: 0
naming_3%32, pending tasks: 0
naming_4%32, pending tasks: 0
naming_5%32, pending tasks: 0
naming_6%32, pending tasks: 0
naming_7%32, pending tasks: 0
naming_8%32, pending tasks: 0
naming_9%32, pending tasks: 0
naming_10%32, pending tasks: 0
naming_11%32, pending tasks: 0
naming_12%32, pending tasks: 0
naming_13%32, pending tasks: 0
naming_14%32, pending tasks: 0
naming_15%32, pending tasks: 0
naming_16%32, pending tasks: 0
naming_17%32, pending tasks: 0
naming_18%32, pending tasks: 0
naming_19%32, pending tasks: 0
naming_20%32, pending tasks: 0
naming_21%32, pending tasks: 0
naming_22%32, pending tasks: 0
naming_23%32, pending tasks: 0
naming_24%32, pending tasks: 0
naming_25%32, pending tasks: 0
naming_26%32, pending tasks: 0
naming_27%32, pending tasks: 0
naming_28%32, pending tasks: 0
naming_29%32, pending tasks: 0
naming_30%32, pending tasks: 0
naming_31%32, pending tasks: 0


2022-02-12 17:02:05,431 INFO PERFORMANCE:|5|5|8|-1|-1|50|0

2022-02-12 17:02:05,431 INFO Task worker status: 
naming_0%32, pending tasks: 0
naming_1%32, pending tasks: 0
naming_2%32, pending tasks: 0
naming_3%32, pending tasks: 0
naming_4%32, pending tasks: 0
naming_5%32, pending tasks: 0
naming_6%32, pending tasks: 0
naming_7%32, pending tasks: 0
naming_8%32, pending tasks: 0
naming_9%32, pending tasks: 0
naming_10%32, pending tasks: 0
naming_11%32, pending tasks: 0
naming_12%32, pending tasks: 0
naming_13%32, pending tasks: 0
naming_14%32, pending tasks: 0
naming_15%32, pending tasks: 0
naming_16%32, pending tasks: 0
naming_17%32, pending tasks: 0
naming_18%32, pending tasks: 0
naming_19%32, pending tasks: 0
naming_20%32, pending tasks: 0
naming_21%32, pending tasks: 0
naming_22%32, pending tasks: 0
naming_23%32, pending tasks: 0
naming_24%32, pending tasks: 0
naming_25%32, pending tasks: 0
naming_26%32, pending tasks: 0
naming_27%32, pending tasks: 0
naming_28%32, pending tasks: 0
naming_29%32, pending tasks: 0
naming_30%32, pending tasks: 0
naming_31%32, pending tasks: 0


2022-02-12 17:03:05,440 INFO PERFORMANCE:|5|5|8|-1|-1|50|0

2022-02-12 17:03:05,440 INFO Task worker status: 
naming_0%32, pending tasks: 0
naming_1%32, pending tasks: 0
naming_2%32, pending tasks: 0
naming_3%32, pending tasks: 0
naming_4%32, pending tasks: 0
naming_5%32, pending tasks: 0
naming_6%32, pending tasks: 0
naming_7%32, pending tasks: 0
naming_8%32, pending tasks: 0
naming_9%32, pending tasks: 0
naming_10%32, pending tasks: 0
naming_11%32, pending tasks: 0
naming_12%32, pending tasks: 0
naming_13%32, pending tasks: 0
naming_14%32, pending tasks: 0
naming_15%32, pending tasks: 0
naming_16%32, pending tasks: 0
naming_17%32, pending tasks: 0
naming_18%32, pending tasks: 0
naming_19%32, pending tasks: 0
naming_20%32, pending tasks: 0
naming_21%32, pending tasks: 0
naming_22%32, pending tasks: 0
naming_23%32, pending tasks: 0
naming_24%32, pending tasks: 0
naming_25%32, pending tasks: 0
naming_26%32, pending tasks: 0
naming_27%32, pending tasks: 0
naming_28%32, pending tasks: 0
naming_29%32, pending tasks: 0
naming_30%32, pending tasks: 0
naming_31%32, pending tasks: 0


2022-02-12 17:04:05,450 INFO PERFORMANCE:|5|5|8|-1|-1|50|0

2022-02-12 17:04:05,450 INFO Task worker status: 
naming_0%32, pending tasks: 0
naming_1%32, pending tasks: 0
naming_2%32, pending tasks: 0
naming_3%32, pending tasks: 0
naming_4%32, pending tasks: 0
naming_5%32, pending tasks: 0
naming_6%32, pending tasks: 0
naming_7%32, pending tasks: 0
naming_8%32, pending tasks: 0
naming_9%32, pending tasks: 0
naming_10%32, pending tasks: 0
naming_11%32, pending tasks: 0
naming_12%32, pending tasks: 0
naming_13%32, pending tasks: 0
naming_14%32, pending tasks: 0
naming_15%32, pending tasks: 0
naming_16%32, pending tasks: 0
naming_17%32, pending tasks: 0
naming_18%32, pending tasks: 0
naming_19%32, pending tasks: 0
naming_20%32, pending tasks: 0
naming_21%32, pending tasks: 0
naming_22%32, pending tasks: 0
naming_23%32, pending tasks: 0
naming_24%32, pending tasks: 0
naming_25%32, pending tasks: 0
naming_26%32, pending tasks: 0
naming_27%32, pending tasks: 0
naming_28%32, pending tasks: 0
naming_29%32, pending tasks: 0
naming_30%32, pending tasks: 0
naming_31%32, pending tasks: 0


2022-02-12 17:05:05,451 INFO PERFORMANCE:|5|5|8|-1|-1|50|0

2022-02-12 17:05:05,451 INFO Task worker status: 
naming_0%32, pending tasks: 0
naming_1%32, pending tasks: 0
naming_2%32, pending tasks: 0
naming_3%32, pending tasks: 0
naming_4%32, pending tasks: 0
naming_5%32, pending tasks: 0
naming_6%32, pending tasks: 0
naming_7%32, pending tasks: 0
naming_8%32, pending tasks: 0
naming_9%32, pending tasks: 0
naming_10%32, pending tasks: 0
naming_11%32, pending tasks: 0
naming_12%32, pending tasks: 0
naming_13%32, pending tasks: 0
naming_14%32, pending tasks: 0
naming_15%32, pending tasks: 0
naming_16%32, pending tasks: 0
naming_17%32, pending tasks: 0
naming_18%32, pending tasks: 0
naming_19%32, pending tasks: 0
naming_20%32, pending tasks: 0
naming_21%32, pending tasks: 0
naming_22%32, pending tasks: 0
naming_23%32, pending tasks: 0
naming_24%32, pending tasks: 0
naming_25%32, pending tasks: 0
naming_26%32, pending tasks: 0
naming_27%32, pending tasks: 0
naming_28%32, pending tasks: 0
naming_29%32, pending tasks: 0
naming_30%32, pending tasks: 0
naming_31%32, pending tasks: 0


2022-02-12 17:06:05,465 INFO PERFORMANCE:|5|5|8|-1|-1|50|0

2022-02-12 17:06:05,465 INFO Task worker status: 
naming_0%32, pending tasks: 0
naming_1%32, pending tasks: 0
naming_2%32, pending tasks: 0
naming_3%32, pending tasks: 0
naming_4%32, pending tasks: 0
naming_5%32, pending tasks: 0
naming_6%32, pending tasks: 0
naming_7%32, pending tasks: 0
naming_8%32, pending tasks: 0
naming_9%32, pending tasks: 0
naming_10%32, pending tasks: 0
naming_11%32, pending tasks: 0
naming_12%32, pending tasks: 0
naming_13%32, pending tasks: 0
naming_14%32, pending tasks: 0
naming_15%32, pending tasks: 0
naming_16%32, pending tasks: 0
naming_17%32, pending tasks: 0
naming_18%32, pending tasks: 0
naming_19%32, pending tasks: 0
naming_20%32, pending tasks: 0
naming_21%32, pending tasks: 0
naming_22%32, pending tasks: 0
naming_23%32, pending tasks: 0
naming_24%32, pending tasks: 0
naming_25%32, pending tasks: 0
naming_26%32, pending tasks: 0
naming_27%32, pending tasks: 0
naming_28%32, pending tasks: 0
naming_29%32, pending tasks: 0
naming_30%32, pending tasks: 0
naming_31%32, pending tasks: 0


2022-02-12 17:07:05,473 INFO PERFORMANCE:|5|5|8|-1|-1|50|0

2022-02-12 17:07:05,473 INFO Task worker status: 
naming_0%32, pending tasks: 0
naming_1%32, pending tasks: 0
naming_2%32, pending tasks: 0
naming_3%32, pending tasks: 0
naming_4%32, pending tasks: 0
naming_5%32, pending tasks: 0
naming_6%32, pending tasks: 0
naming_7%32, pending tasks: 0
naming_8%32, pending tasks: 0
naming_9%32, pending tasks: 0
naming_10%32, pending tasks: 0
naming_11%32, pending tasks: 0
naming_12%32, pending tasks: 0
naming_13%32, pending tasks: 0
naming_14%32, pending tasks: 0
naming_15%32, pending tasks: 0
naming_16%32, pending tasks: 0
naming_17%32, pending tasks: 0
naming_18%32, pending tasks: 0
naming_19%32, pending tasks: 0
naming_20%32, pending tasks: 0
naming_21%32, pending tasks: 0
naming_22%32, pending tasks: 0
naming_23%32, pending tasks: 0
naming_24%32, pending tasks: 0
naming_25%32, pending tasks: 0
naming_26%32, pending tasks: 0
naming_27%32, pending tasks: 0
naming_28%32, pending tasks: 0
naming_29%32, pending tasks: 0
naming_30%32, pending tasks: 0
naming_31%32, pending tasks: 0


2022-02-12 17:08:05,477 INFO PERFORMANCE:|5|5|8|-1|-1|50|0

2022-02-12 17:08:05,477 INFO Task worker status: 
naming_0%32, pending tasks: 0
naming_1%32, pending tasks: 0
naming_2%32, pending tasks: 0
naming_3%32, pending tasks: 0
naming_4%32, pending tasks: 0
naming_5%32, pending tasks: 0
naming_6%32, pending tasks: 0
naming_7%32, pending tasks: 0
naming_8%32, pending tasks: 0
naming_9%32, pending tasks: 0
naming_10%32, pending tasks: 0
naming_11%32, pending tasks: 0
naming_12%32, pending tasks: 0
naming_13%32, pending tasks: 0
naming_14%32, pending tasks: 0
naming_15%32, pending tasks: 0
naming_16%32, pending tasks: 0
naming_17%32, pending tasks: 0
naming_18%32, pending tasks: 0
naming_19%32, pending tasks: 0
naming_20%32, pending tasks: 0
naming_21%32, pending tasks: 0
naming_22%32, pending tasks: 0
naming_23%32, pending tasks: 0
naming_24%32, pending tasks: 0
naming_25%32, pending tasks: 0
naming_26%32, pending tasks: 0
naming_27%32, pending tasks: 0
naming_28%32, pending tasks: 0
naming_29%32, pending tasks: 0
naming_30%32, pending tasks: 0
naming_31%32, pending tasks: 0


2022-02-12 17:09:05,485 INFO PERFORMANCE:|serviceCount|ipCount|subscribeCount|maxPushCost|avgPushCost|totalPushCount|failPushCount

2022-02-12 17:09:05,485 INFO PERFORMANCE:|5|5|8|-1|-1|50|0

2022-02-12 17:09:05,485 INFO Task worker status: 
naming_0%32, pending tasks: 0
naming_1%32, pending tasks: 0
naming_2%32, pending tasks: 0
naming_3%32, pending tasks: 0
naming_4%32, pending tasks: 0
naming_5%32, pending tasks: 0
naming_6%32, pending tasks: 0
naming_7%32, pending tasks: 0
naming_8%32, pending tasks: 0
naming_9%32, pending tasks: 0
naming_10%32, pending tasks: 0
naming_11%32, pending tasks: 0
naming_12%32, pending tasks: 0
naming_13%32, pending tasks: 0
naming_14%32, pending tasks: 0
naming_15%32, pending tasks: 0
naming_16%32, pending tasks: 0
naming_17%32, pending tasks: 0
naming_18%32, pending tasks: 0
naming_19%32, pending tasks: 0
naming_20%32, pending tasks: 0
naming_21%32, pending tasks: 0
naming_22%32, pending tasks: 0
naming_23%32, pending tasks: 0
naming_24%32, pending tasks: 0
naming_25%32, pending tasks: 0
naming_26%32, pending tasks: 0
naming_27%32, pending tasks: 0
naming_28%32, pending tasks: 0
naming_29%32, pending tasks: 0
naming_30%32, pending tasks: 0
naming_31%32, pending tasks: 0


2022-02-12 17:10:05,497 INFO PERFORMANCE:|5|5|8|-1|-1|50|0

2022-02-12 17:10:05,497 INFO Task worker status: 
naming_0%32, pending tasks: 0
naming_1%32, pending tasks: 0
naming_2%32, pending tasks: 0
naming_3%32, pending tasks: 0
naming_4%32, pending tasks: 0
naming_5%32, pending tasks: 0
naming_6%32, pending tasks: 0
naming_7%32, pending tasks: 0
naming_8%32, pending tasks: 0
naming_9%32, pending tasks: 0
naming_10%32, pending tasks: 0
naming_11%32, pending tasks: 0
naming_12%32, pending tasks: 0
naming_13%32, pending tasks: 0
naming_14%32, pending tasks: 0
naming_15%32, pending tasks: 0
naming_16%32, pending tasks: 0
naming_17%32, pending tasks: 0
naming_18%32, pending tasks: 0
naming_19%32, pending tasks: 0
naming_20%32, pending tasks: 0
naming_21%32, pending tasks: 0
naming_22%32, pending tasks: 0
naming_23%32, pending tasks: 0
naming_24%32, pending tasks: 0
naming_25%32, pending tasks: 0
naming_26%32, pending tasks: 0
naming_27%32, pending tasks: 0
naming_28%32, pending tasks: 0
naming_29%32, pending tasks: 0
naming_30%32, pending tasks: 0
naming_31%32, pending tasks: 0


2022-02-12 17:11:05,500 INFO PERFORMANCE:|5|5|8|-1|-1|50|0

2022-02-12 17:11:05,500 INFO Task worker status: 
naming_0%32, pending tasks: 0
naming_1%32, pending tasks: 0
naming_2%32, pending tasks: 0
naming_3%32, pending tasks: 0
naming_4%32, pending tasks: 0
naming_5%32, pending tasks: 0
naming_6%32, pending tasks: 0
naming_7%32, pending tasks: 0
naming_8%32, pending tasks: 0
naming_9%32, pending tasks: 0
naming_10%32, pending tasks: 0
naming_11%32, pending tasks: 0
naming_12%32, pending tasks: 0
naming_13%32, pending tasks: 0
naming_14%32, pending tasks: 0
naming_15%32, pending tasks: 0
naming_16%32, pending tasks: 0
naming_17%32, pending tasks: 0
naming_18%32, pending tasks: 0
naming_19%32, pending tasks: 0
naming_20%32, pending tasks: 0
naming_21%32, pending tasks: 0
naming_22%32, pending tasks: 0
naming_23%32, pending tasks: 0
naming_24%32, pending tasks: 0
naming_25%32, pending tasks: 0
naming_26%32, pending tasks: 0
naming_27%32, pending tasks: 0
naming_28%32, pending tasks: 0
naming_29%32, pending tasks: 0
naming_30%32, pending tasks: 0
naming_31%32, pending tasks: 0


2022-02-12 17:12:05,509 INFO PERFORMANCE:|5|5|8|-1|-1|50|0

2022-02-12 17:12:05,509 INFO Task worker status: 
naming_0%32, pending tasks: 0
naming_1%32, pending tasks: 0
naming_2%32, pending tasks: 0
naming_3%32, pending tasks: 0
naming_4%32, pending tasks: 0
naming_5%32, pending tasks: 0
naming_6%32, pending tasks: 0
naming_7%32, pending tasks: 0
naming_8%32, pending tasks: 0
naming_9%32, pending tasks: 0
naming_10%32, pending tasks: 0
naming_11%32, pending tasks: 0
naming_12%32, pending tasks: 0
naming_13%32, pending tasks: 0
naming_14%32, pending tasks: 0
naming_15%32, pending tasks: 0
naming_16%32, pending tasks: 0
naming_17%32, pending tasks: 0
naming_18%32, pending tasks: 0
naming_19%32, pending tasks: 0
naming_20%32, pending tasks: 0
naming_21%32, pending tasks: 0
naming_22%32, pending tasks: 0
naming_23%32, pending tasks: 0
naming_24%32, pending tasks: 0
naming_25%32, pending tasks: 0
naming_26%32, pending tasks: 0
naming_27%32, pending tasks: 0
naming_28%32, pending tasks: 0
naming_29%32, pending tasks: 0
naming_30%32, pending tasks: 0
naming_31%32, pending tasks: 0


2022-02-12 17:13:05,522 INFO PERFORMANCE:|5|5|8|-1|-1|50|0

2022-02-12 17:13:05,522 INFO Task worker status: 
naming_0%32, pending tasks: 0
naming_1%32, pending tasks: 0
naming_2%32, pending tasks: 0
naming_3%32, pending tasks: 0
naming_4%32, pending tasks: 0
naming_5%32, pending tasks: 0
naming_6%32, pending tasks: 0
naming_7%32, pending tasks: 0
naming_8%32, pending tasks: 0
naming_9%32, pending tasks: 0
naming_10%32, pending tasks: 0
naming_11%32, pending tasks: 0
naming_12%32, pending tasks: 0
naming_13%32, pending tasks: 0
naming_14%32, pending tasks: 0
naming_15%32, pending tasks: 0
naming_16%32, pending tasks: 0
naming_17%32, pending tasks: 0
naming_18%32, pending tasks: 0
naming_19%32, pending tasks: 0
naming_20%32, pending tasks: 0
naming_21%32, pending tasks: 0
naming_22%32, pending tasks: 0
naming_23%32, pending tasks: 0
naming_24%32, pending tasks: 0
naming_25%32, pending tasks: 0
naming_26%32, pending tasks: 0
naming_27%32, pending tasks: 0
naming_28%32, pending tasks: 0
naming_29%32, pending tasks: 0
naming_30%32, pending tasks: 0
naming_31%32, pending tasks: 0


2022-02-12 17:14:05,538 INFO PERFORMANCE:|5|5|8|-1|-1|50|0

2022-02-12 17:14:05,538 INFO Task worker status: 
naming_0%32, pending tasks: 0
naming_1%32, pending tasks: 0
naming_2%32, pending tasks: 0
naming_3%32, pending tasks: 0
naming_4%32, pending tasks: 0
naming_5%32, pending tasks: 0
naming_6%32, pending tasks: 0
naming_7%32, pending tasks: 0
naming_8%32, pending tasks: 0
naming_9%32, pending tasks: 0
naming_10%32, pending tasks: 0
naming_11%32, pending tasks: 0
naming_12%32, pending tasks: 0
naming_13%32, pending tasks: 0
naming_14%32, pending tasks: 0
naming_15%32, pending tasks: 0
naming_16%32, pending tasks: 0
naming_17%32, pending tasks: 0
naming_18%32, pending tasks: 0
naming_19%32, pending tasks: 0
naming_20%32, pending tasks: 0
naming_21%32, pending tasks: 0
naming_22%32, pending tasks: 0
naming_23%32, pending tasks: 0
naming_24%32, pending tasks: 0
naming_25%32, pending tasks: 0
naming_26%32, pending tasks: 0
naming_27%32, pending tasks: 0
naming_28%32, pending tasks: 0
naming_29%32, pending tasks: 0
naming_30%32, pending tasks: 0
naming_31%32, pending tasks: 0


2022-02-12 17:15:05,550 INFO PERFORMANCE:|5|5|8|-1|-1|50|0

2022-02-12 17:15:05,550 INFO Task worker status: 
naming_0%32, pending tasks: 0
naming_1%32, pending tasks: 0
naming_2%32, pending tasks: 0
naming_3%32, pending tasks: 0
naming_4%32, pending tasks: 0
naming_5%32, pending tasks: 0
naming_6%32, pending tasks: 0
naming_7%32, pending tasks: 0
naming_8%32, pending tasks: 0
naming_9%32, pending tasks: 0
naming_10%32, pending tasks: 0
naming_11%32, pending tasks: 0
naming_12%32, pending tasks: 0
naming_13%32, pending tasks: 0
naming_14%32, pending tasks: 0
naming_15%32, pending tasks: 0
naming_16%32, pending tasks: 0
naming_17%32, pending tasks: 0
naming_18%32, pending tasks: 0
naming_19%32, pending tasks: 0
naming_20%32, pending tasks: 0
naming_21%32, pending tasks: 0
naming_22%32, pending tasks: 0
naming_23%32, pending tasks: 0
naming_24%32, pending tasks: 0
naming_25%32, pending tasks: 0
naming_26%32, pending tasks: 0
naming_27%32, pending tasks: 0
naming_28%32, pending tasks: 0
naming_29%32, pending tasks: 0
naming_30%32, pending tasks: 0
naming_31%32, pending tasks: 0


2022-02-12 17:16:05,550 INFO PERFORMANCE:|5|5|8|-1|-1|50|0

2022-02-12 17:16:05,550 INFO Task worker status: 
naming_0%32, pending tasks: 0
naming_1%32, pending tasks: 0
naming_2%32, pending tasks: 0
naming_3%32, pending tasks: 0
naming_4%32, pending tasks: 0
naming_5%32, pending tasks: 0
naming_6%32, pending tasks: 0
naming_7%32, pending tasks: 0
naming_8%32, pending tasks: 0
naming_9%32, pending tasks: 0
naming_10%32, pending tasks: 0
naming_11%32, pending tasks: 0
naming_12%32, pending tasks: 0
naming_13%32, pending tasks: 0
naming_14%32, pending tasks: 0
naming_15%32, pending tasks: 0
naming_16%32, pending tasks: 0
naming_17%32, pending tasks: 0
naming_18%32, pending tasks: 0
naming_19%32, pending tasks: 0
naming_20%32, pending tasks: 0
naming_21%32, pending tasks: 0
naming_22%32, pending tasks: 0
naming_23%32, pending tasks: 0
naming_24%32, pending tasks: 0
naming_25%32, pending tasks: 0
naming_26%32, pending tasks: 0
naming_27%32, pending tasks: 0
naming_28%32, pending tasks: 0
naming_29%32, pending tasks: 0
naming_30%32, pending tasks: 0
naming_31%32, pending tasks: 0


2022-02-12 17:17:05,564 INFO PERFORMANCE:|5|5|8|-1|-1|50|0

2022-02-12 17:17:05,564 INFO Task worker status: 
naming_0%32, pending tasks: 0
naming_1%32, pending tasks: 0
naming_2%32, pending tasks: 0
naming_3%32, pending tasks: 0
naming_4%32, pending tasks: 0
naming_5%32, pending tasks: 0
naming_6%32, pending tasks: 0
naming_7%32, pending tasks: 0
naming_8%32, pending tasks: 0
naming_9%32, pending tasks: 0
naming_10%32, pending tasks: 0
naming_11%32, pending tasks: 0
naming_12%32, pending tasks: 0
naming_13%32, pending tasks: 0
naming_14%32, pending tasks: 0
naming_15%32, pending tasks: 0
naming_16%32, pending tasks: 0
naming_17%32, pending tasks: 0
naming_18%32, pending tasks: 0
naming_19%32, pending tasks: 0
naming_20%32, pending tasks: 0
naming_21%32, pending tasks: 0
naming_22%32, pending tasks: 0
naming_23%32, pending tasks: 0
naming_24%32, pending tasks: 0
naming_25%32, pending tasks: 0
naming_26%32, pending tasks: 0
naming_27%32, pending tasks: 0
naming_28%32, pending tasks: 0
naming_29%32, pending tasks: 0
naming_30%32, pending tasks: 0
naming_31%32, pending tasks: 0


2022-02-12 17:18:05,566 INFO PERFORMANCE:|5|5|8|-1|-1|50|0

2022-02-12 17:18:05,566 INFO Task worker status: 
naming_0%32, pending tasks: 0
naming_1%32, pending tasks: 0
naming_2%32, pending tasks: 0
naming_3%32, pending tasks: 0
naming_4%32, pending tasks: 0
naming_5%32, pending tasks: 0
naming_6%32, pending tasks: 0
naming_7%32, pending tasks: 0
naming_8%32, pending tasks: 0
naming_9%32, pending tasks: 0
naming_10%32, pending tasks: 0
naming_11%32, pending tasks: 0
naming_12%32, pending tasks: 0
naming_13%32, pending tasks: 0
naming_14%32, pending tasks: 0
naming_15%32, pending tasks: 0
naming_16%32, pending tasks: 0
naming_17%32, pending tasks: 0
naming_18%32, pending tasks: 0
naming_19%32, pending tasks: 0
naming_20%32, pending tasks: 0
naming_21%32, pending tasks: 0
naming_22%32, pending tasks: 0
naming_23%32, pending tasks: 0
naming_24%32, pending tasks: 0
naming_25%32, pending tasks: 0
naming_26%32, pending tasks: 0
naming_27%32, pending tasks: 0
naming_28%32, pending tasks: 0
naming_29%32, pending tasks: 0
naming_30%32, pending tasks: 0
naming_31%32, pending tasks: 0


2022-02-12 17:19:05,573 INFO PERFORMANCE:|serviceCount|ipCount|subscribeCount|maxPushCost|avgPushCost|totalPushCount|failPushCount

2022-02-12 17:19:05,573 INFO PERFORMANCE:|5|5|8|-1|-1|50|0

2022-02-12 17:19:05,573 INFO Task worker status: 
naming_0%32, pending tasks: 0
naming_1%32, pending tasks: 0
naming_2%32, pending tasks: 0
naming_3%32, pending tasks: 0
naming_4%32, pending tasks: 0
naming_5%32, pending tasks: 0
naming_6%32, pending tasks: 0
naming_7%32, pending tasks: 0
naming_8%32, pending tasks: 0
naming_9%32, pending tasks: 0
naming_10%32, pending tasks: 0
naming_11%32, pending tasks: 0
naming_12%32, pending tasks: 0
naming_13%32, pending tasks: 0
naming_14%32, pending tasks: 0
naming_15%32, pending tasks: 0
naming_16%32, pending tasks: 0
naming_17%32, pending tasks: 0
naming_18%32, pending tasks: 0
naming_19%32, pending tasks: 0
naming_20%32, pending tasks: 0
naming_21%32, pending tasks: 0
naming_22%32, pending tasks: 0
naming_23%32, pending tasks: 0
naming_24%32, pending tasks: 0
naming_25%32, pending tasks: 0
naming_26%32, pending tasks: 0
naming_27%32, pending tasks: 0
naming_28%32, pending tasks: 0
naming_29%32, pending tasks: 0
naming_30%32, pending tasks: 0
naming_31%32, pending tasks: 0


2022-02-12 17:20:05,574 INFO PERFORMANCE:|5|5|8|-1|-1|50|0

2022-02-12 17:20:05,574 INFO Task worker status: 
naming_0%32, pending tasks: 0
naming_1%32, pending tasks: 0
naming_2%32, pending tasks: 0
naming_3%32, pending tasks: 0
naming_4%32, pending tasks: 0
naming_5%32, pending tasks: 0
naming_6%32, pending tasks: 0
naming_7%32, pending tasks: 0
naming_8%32, pending tasks: 0
naming_9%32, pending tasks: 0
naming_10%32, pending tasks: 0
naming_11%32, pending tasks: 0
naming_12%32, pending tasks: 0
naming_13%32, pending tasks: 0
naming_14%32, pending tasks: 0
naming_15%32, pending tasks: 0
naming_16%32, pending tasks: 0
naming_17%32, pending tasks: 0
naming_18%32, pending tasks: 0
naming_19%32, pending tasks: 0
naming_20%32, pending tasks: 0
naming_21%32, pending tasks: 0
naming_22%32, pending tasks: 0
naming_23%32, pending tasks: 0
naming_24%32, pending tasks: 0
naming_25%32, pending tasks: 0
naming_26%32, pending tasks: 0
naming_27%32, pending tasks: 0
naming_28%32, pending tasks: 0
naming_29%32, pending tasks: 0
naming_30%32, pending tasks: 0
naming_31%32, pending tasks: 0


2022-02-12 17:21:05,588 INFO PERFORMANCE:|5|5|8|-1|-1|50|0

2022-02-12 17:21:05,588 INFO Task worker status: 
naming_0%32, pending tasks: 0
naming_1%32, pending tasks: 0
naming_2%32, pending tasks: 0
naming_3%32, pending tasks: 0
naming_4%32, pending tasks: 0
naming_5%32, pending tasks: 0
naming_6%32, pending tasks: 0
naming_7%32, pending tasks: 0
naming_8%32, pending tasks: 0
naming_9%32, pending tasks: 0
naming_10%32, pending tasks: 0
naming_11%32, pending tasks: 0
naming_12%32, pending tasks: 0
naming_13%32, pending tasks: 0
naming_14%32, pending tasks: 0
naming_15%32, pending tasks: 0
naming_16%32, pending tasks: 0
naming_17%32, pending tasks: 0
naming_18%32, pending tasks: 0
naming_19%32, pending tasks: 0
naming_20%32, pending tasks: 0
naming_21%32, pending tasks: 0
naming_22%32, pending tasks: 0
naming_23%32, pending tasks: 0
naming_24%32, pending tasks: 0
naming_25%32, pending tasks: 0
naming_26%32, pending tasks: 0
naming_27%32, pending tasks: 0
naming_28%32, pending tasks: 0
naming_29%32, pending tasks: 0
naming_30%32, pending tasks: 0
naming_31%32, pending tasks: 0


2022-02-12 17:22:05,601 INFO PERFORMANCE:|5|5|8|-1|-1|50|0

2022-02-12 17:22:05,601 INFO Task worker status: 
naming_0%32, pending tasks: 0
naming_1%32, pending tasks: 0
naming_2%32, pending tasks: 0
naming_3%32, pending tasks: 0
naming_4%32, pending tasks: 0
naming_5%32, pending tasks: 0
naming_6%32, pending tasks: 0
naming_7%32, pending tasks: 0
naming_8%32, pending tasks: 0
naming_9%32, pending tasks: 0
naming_10%32, pending tasks: 0
naming_11%32, pending tasks: 0
naming_12%32, pending tasks: 0
naming_13%32, pending tasks: 0
naming_14%32, pending tasks: 0
naming_15%32, pending tasks: 0
naming_16%32, pending tasks: 0
naming_17%32, pending tasks: 0
naming_18%32, pending tasks: 0
naming_19%32, pending tasks: 0
naming_20%32, pending tasks: 0
naming_21%32, pending tasks: 0
naming_22%32, pending tasks: 0
naming_23%32, pending tasks: 0
naming_24%32, pending tasks: 0
naming_25%32, pending tasks: 0
naming_26%32, pending tasks: 0
naming_27%32, pending tasks: 0
naming_28%32, pending tasks: 0
naming_29%32, pending tasks: 0
naming_30%32, pending tasks: 0
naming_31%32, pending tasks: 0


2022-02-12 17:23:05,602 INFO PERFORMANCE:|5|5|8|-1|-1|50|0

2022-02-12 17:23:05,602 INFO Task worker status: 
naming_0%32, pending tasks: 0
naming_1%32, pending tasks: 0
naming_2%32, pending tasks: 0
naming_3%32, pending tasks: 0
naming_4%32, pending tasks: 0
naming_5%32, pending tasks: 0
naming_6%32, pending tasks: 0
naming_7%32, pending tasks: 0
naming_8%32, pending tasks: 0
naming_9%32, pending tasks: 0
naming_10%32, pending tasks: 0
naming_11%32, pending tasks: 0
naming_12%32, pending tasks: 0
naming_13%32, pending tasks: 0
naming_14%32, pending tasks: 0
naming_15%32, pending tasks: 0
naming_16%32, pending tasks: 0
naming_17%32, pending tasks: 0
naming_18%32, pending tasks: 0
naming_19%32, pending tasks: 0
naming_20%32, pending tasks: 0
naming_21%32, pending tasks: 0
naming_22%32, pending tasks: 0
naming_23%32, pending tasks: 0
naming_24%32, pending tasks: 0
naming_25%32, pending tasks: 0
naming_26%32, pending tasks: 0
naming_27%32, pending tasks: 0
naming_28%32, pending tasks: 0
naming_29%32, pending tasks: 0
naming_30%32, pending tasks: 0
naming_31%32, pending tasks: 0


2022-02-12 17:24:05,613 INFO PERFORMANCE:|5|5|8|-1|-1|50|0

2022-02-12 17:24:05,613 INFO Task worker status: 
naming_0%32, pending tasks: 0
naming_1%32, pending tasks: 0
naming_2%32, pending tasks: 0
naming_3%32, pending tasks: 0
naming_4%32, pending tasks: 0
naming_5%32, pending tasks: 0
naming_6%32, pending tasks: 0
naming_7%32, pending tasks: 0
naming_8%32, pending tasks: 0
naming_9%32, pending tasks: 0
naming_10%32, pending tasks: 0
naming_11%32, pending tasks: 0
naming_12%32, pending tasks: 0
naming_13%32, pending tasks: 0
naming_14%32, pending tasks: 0
naming_15%32, pending tasks: 0
naming_16%32, pending tasks: 0
naming_17%32, pending tasks: 0
naming_18%32, pending tasks: 0
naming_19%32, pending tasks: 0
naming_20%32, pending tasks: 0
naming_21%32, pending tasks: 0
naming_22%32, pending tasks: 0
naming_23%32, pending tasks: 0
naming_24%32, pending tasks: 0
naming_25%32, pending tasks: 0
naming_26%32, pending tasks: 0
naming_27%32, pending tasks: 0
naming_28%32, pending tasks: 0
naming_29%32, pending tasks: 0
naming_30%32, pending tasks: 0
naming_31%32, pending tasks: 0


2022-02-12 17:25:05,618 INFO PERFORMANCE:|5|5|8|-1|-1|50|0

2022-02-12 17:25:05,618 INFO Task worker status: 
naming_0%32, pending tasks: 0
naming_1%32, pending tasks: 0
naming_2%32, pending tasks: 0
naming_3%32, pending tasks: 0
naming_4%32, pending tasks: 0
naming_5%32, pending tasks: 0
naming_6%32, pending tasks: 0
naming_7%32, pending tasks: 0
naming_8%32, pending tasks: 0
naming_9%32, pending tasks: 0
naming_10%32, pending tasks: 0
naming_11%32, pending tasks: 0
naming_12%32, pending tasks: 0
naming_13%32, pending tasks: 0
naming_14%32, pending tasks: 0
naming_15%32, pending tasks: 0
naming_16%32, pending tasks: 0
naming_17%32, pending tasks: 0
naming_18%32, pending tasks: 0
naming_19%32, pending tasks: 0
naming_20%32, pending tasks: 0
naming_21%32, pending tasks: 0
naming_22%32, pending tasks: 0
naming_23%32, pending tasks: 0
naming_24%32, pending tasks: 0
naming_25%32, pending tasks: 0
naming_26%32, pending tasks: 0
naming_27%32, pending tasks: 0
naming_28%32, pending tasks: 0
naming_29%32, pending tasks: 0
naming_30%32, pending tasks: 0
naming_31%32, pending tasks: 0


2022-02-12 17:26:05,625 INFO PERFORMANCE:|5|5|8|-1|-1|50|0

2022-02-12 17:26:05,625 INFO Task worker status: 
naming_0%32, pending tasks: 0
naming_1%32, pending tasks: 0
naming_2%32, pending tasks: 0
naming_3%32, pending tasks: 0
naming_4%32, pending tasks: 0
naming_5%32, pending tasks: 0
naming_6%32, pending tasks: 0
naming_7%32, pending tasks: 0
naming_8%32, pending tasks: 0
naming_9%32, pending tasks: 0
naming_10%32, pending tasks: 0
naming_11%32, pending tasks: 0
naming_12%32, pending tasks: 0
naming_13%32, pending tasks: 0
naming_14%32, pending tasks: 0
naming_15%32, pending tasks: 0
naming_16%32, pending tasks: 0
naming_17%32, pending tasks: 0
naming_18%32, pending tasks: 0
naming_19%32, pending tasks: 0
naming_20%32, pending tasks: 0
naming_21%32, pending tasks: 0
naming_22%32, pending tasks: 0
naming_23%32, pending tasks: 0
naming_24%32, pending tasks: 0
naming_25%32, pending tasks: 0
naming_26%32, pending tasks: 0
naming_27%32, pending tasks: 0
naming_28%32, pending tasks: 0
naming_29%32, pending tasks: 0
naming_30%32, pending tasks: 0
naming_31%32, pending tasks: 0


2022-02-12 17:27:05,638 INFO PERFORMANCE:|5|5|8|-1|-1|50|0

2022-02-12 17:27:05,638 INFO Task worker status: 
naming_0%32, pending tasks: 0
naming_1%32, pending tasks: 0
naming_2%32, pending tasks: 0
naming_3%32, pending tasks: 0
naming_4%32, pending tasks: 0
naming_5%32, pending tasks: 0
naming_6%32, pending tasks: 0
naming_7%32, pending tasks: 0
naming_8%32, pending tasks: 0
naming_9%32, pending tasks: 0
naming_10%32, pending tasks: 0
naming_11%32, pending tasks: 0
naming_12%32, pending tasks: 0
naming_13%32, pending tasks: 0
naming_14%32, pending tasks: 0
naming_15%32, pending tasks: 0
naming_16%32, pending tasks: 0
naming_17%32, pending tasks: 0
naming_18%32, pending tasks: 0
naming_19%32, pending tasks: 0
naming_20%32, pending tasks: 0
naming_21%32, pending tasks: 0
naming_22%32, pending tasks: 0
naming_23%32, pending tasks: 0
naming_24%32, pending tasks: 0
naming_25%32, pending tasks: 0
naming_26%32, pending tasks: 0
naming_27%32, pending tasks: 0
naming_28%32, pending tasks: 0
naming_29%32, pending tasks: 0
naming_30%32, pending tasks: 0
naming_31%32, pending tasks: 0


2022-02-12 17:28:05,640 INFO PERFORMANCE:|5|5|8|-1|-1|50|0

2022-02-12 17:28:05,640 INFO Task worker status: 
naming_0%32, pending tasks: 0
naming_1%32, pending tasks: 0
naming_2%32, pending tasks: 0
naming_3%32, pending tasks: 0
naming_4%32, pending tasks: 0
naming_5%32, pending tasks: 0
naming_6%32, pending tasks: 0
naming_7%32, pending tasks: 0
naming_8%32, pending tasks: 0
naming_9%32, pending tasks: 0
naming_10%32, pending tasks: 0
naming_11%32, pending tasks: 0
naming_12%32, pending tasks: 0
naming_13%32, pending tasks: 0
naming_14%32, pending tasks: 0
naming_15%32, pending tasks: 0
naming_16%32, pending tasks: 0
naming_17%32, pending tasks: 0
naming_18%32, pending tasks: 0
naming_19%32, pending tasks: 0
naming_20%32, pending tasks: 0
naming_21%32, pending tasks: 0
naming_22%32, pending tasks: 0
naming_23%32, pending tasks: 0
naming_24%32, pending tasks: 0
naming_25%32, pending tasks: 0
naming_26%32, pending tasks: 0
naming_27%32, pending tasks: 0
naming_28%32, pending tasks: 0
naming_29%32, pending tasks: 0
naming_30%32, pending tasks: 0
naming_31%32, pending tasks: 0


2022-02-12 17:29:05,641 INFO PERFORMANCE:|serviceCount|ipCount|subscribeCount|maxPushCost|avgPushCost|totalPushCount|failPushCount

2022-02-12 17:29:05,641 INFO PERFORMANCE:|5|5|8|-1|-1|50|0

2022-02-12 17:29:05,641 INFO Task worker status: 
naming_0%32, pending tasks: 0
naming_1%32, pending tasks: 0
naming_2%32, pending tasks: 0
naming_3%32, pending tasks: 0
naming_4%32, pending tasks: 0
naming_5%32, pending tasks: 0
naming_6%32, pending tasks: 0
naming_7%32, pending tasks: 0
naming_8%32, pending tasks: 0
naming_9%32, pending tasks: 0
naming_10%32, pending tasks: 0
naming_11%32, pending tasks: 0
naming_12%32, pending tasks: 0
naming_13%32, pending tasks: 0
naming_14%32, pending tasks: 0
naming_15%32, pending tasks: 0
naming_16%32, pending tasks: 0
naming_17%32, pending tasks: 0
naming_18%32, pending tasks: 0
naming_19%32, pending tasks: 0
naming_20%32, pending tasks: 0
naming_21%32, pending tasks: 0
naming_22%32, pending tasks: 0
naming_23%32, pending tasks: 0
naming_24%32, pending tasks: 0
naming_25%32, pending tasks: 0
naming_26%32, pending tasks: 0
naming_27%32, pending tasks: 0
naming_28%32, pending tasks: 0
naming_29%32, pending tasks: 0
naming_30%32, pending tasks: 0
naming_31%32, pending tasks: 0


2022-02-12 17:30:05,651 INFO PERFORMANCE:|5|5|8|-1|-1|50|0

2022-02-12 17:30:05,651 INFO Task worker status: 
naming_0%32, pending tasks: 0
naming_1%32, pending tasks: 0
naming_2%32, pending tasks: 0
naming_3%32, pending tasks: 0
naming_4%32, pending tasks: 0
naming_5%32, pending tasks: 0
naming_6%32, pending tasks: 0
naming_7%32, pending tasks: 0
naming_8%32, pending tasks: 0
naming_9%32, pending tasks: 0
naming_10%32, pending tasks: 0
naming_11%32, pending tasks: 0
naming_12%32, pending tasks: 0
naming_13%32, pending tasks: 0
naming_14%32, pending tasks: 0
naming_15%32, pending tasks: 0
naming_16%32, pending tasks: 0
naming_17%32, pending tasks: 0
naming_18%32, pending tasks: 0
naming_19%32, pending tasks: 0
naming_20%32, pending tasks: 0
naming_21%32, pending tasks: 0
naming_22%32, pending tasks: 0
naming_23%32, pending tasks: 0
naming_24%32, pending tasks: 0
naming_25%32, pending tasks: 0
naming_26%32, pending tasks: 0
naming_27%32, pending tasks: 0
naming_28%32, pending tasks: 0
naming_29%32, pending tasks: 0
naming_30%32, pending tasks: 0
naming_31%32, pending tasks: 0


2022-02-12 17:31:05,663 INFO PERFORMANCE:|5|5|8|-1|-1|50|0

2022-02-12 17:31:05,663 INFO Task worker status: 
naming_0%32, pending tasks: 0
naming_1%32, pending tasks: 0
naming_2%32, pending tasks: 0
naming_3%32, pending tasks: 0
naming_4%32, pending tasks: 0
naming_5%32, pending tasks: 0
naming_6%32, pending tasks: 0
naming_7%32, pending tasks: 0
naming_8%32, pending tasks: 0
naming_9%32, pending tasks: 0
naming_10%32, pending tasks: 0
naming_11%32, pending tasks: 0
naming_12%32, pending tasks: 0
naming_13%32, pending tasks: 0
naming_14%32, pending tasks: 0
naming_15%32, pending tasks: 0
naming_16%32, pending tasks: 0
naming_17%32, pending tasks: 0
naming_18%32, pending tasks: 0
naming_19%32, pending tasks: 0
naming_20%32, pending tasks: 0
naming_21%32, pending tasks: 0
naming_22%32, pending tasks: 0
naming_23%32, pending tasks: 0
naming_24%32, pending tasks: 0
naming_25%32, pending tasks: 0
naming_26%32, pending tasks: 0
naming_27%32, pending tasks: 0
naming_28%32, pending tasks: 0
naming_29%32, pending tasks: 0
naming_30%32, pending tasks: 0
naming_31%32, pending tasks: 0


2022-02-12 17:32:05,669 INFO PERFORMANCE:|5|5|8|-1|-1|50|0

2022-02-12 17:32:05,669 INFO Task worker status: 
naming_0%32, pending tasks: 0
naming_1%32, pending tasks: 0
naming_2%32, pending tasks: 0
naming_3%32, pending tasks: 0
naming_4%32, pending tasks: 0
naming_5%32, pending tasks: 0
naming_6%32, pending tasks: 0
naming_7%32, pending tasks: 0
naming_8%32, pending tasks: 0
naming_9%32, pending tasks: 0
naming_10%32, pending tasks: 0
naming_11%32, pending tasks: 0
naming_12%32, pending tasks: 0
naming_13%32, pending tasks: 0
naming_14%32, pending tasks: 0
naming_15%32, pending tasks: 0
naming_16%32, pending tasks: 0
naming_17%32, pending tasks: 0
naming_18%32, pending tasks: 0
naming_19%32, pending tasks: 0
naming_20%32, pending tasks: 0
naming_21%32, pending tasks: 0
naming_22%32, pending tasks: 0
naming_23%32, pending tasks: 0
naming_24%32, pending tasks: 0
naming_25%32, pending tasks: 0
naming_26%32, pending tasks: 0
naming_27%32, pending tasks: 0
naming_28%32, pending tasks: 0
naming_29%32, pending tasks: 0
naming_30%32, pending tasks: 0
naming_31%32, pending tasks: 0


2022-02-12 17:33:05,678 INFO PERFORMANCE:|5|5|8|-1|-1|50|0

2022-02-12 17:33:05,678 INFO Task worker status: 
naming_0%32, pending tasks: 0
naming_1%32, pending tasks: 0
naming_2%32, pending tasks: 0
naming_3%32, pending tasks: 0
naming_4%32, pending tasks: 0
naming_5%32, pending tasks: 0
naming_6%32, pending tasks: 0
naming_7%32, pending tasks: 0
naming_8%32, pending tasks: 0
naming_9%32, pending tasks: 0
naming_10%32, pending tasks: 0
naming_11%32, pending tasks: 0
naming_12%32, pending tasks: 0
naming_13%32, pending tasks: 0
naming_14%32, pending tasks: 0
naming_15%32, pending tasks: 0
naming_16%32, pending tasks: 0
naming_17%32, pending tasks: 0
naming_18%32, pending tasks: 0
naming_19%32, pending tasks: 0
naming_20%32, pending tasks: 0
naming_21%32, pending tasks: 0
naming_22%32, pending tasks: 0
naming_23%32, pending tasks: 0
naming_24%32, pending tasks: 0
naming_25%32, pending tasks: 0
naming_26%32, pending tasks: 0
naming_27%32, pending tasks: 0
naming_28%32, pending tasks: 0
naming_29%32, pending tasks: 0
naming_30%32, pending tasks: 0
naming_31%32, pending tasks: 0


2022-02-12 17:34:05,683 INFO PERFORMANCE:|5|5|8|-1|-1|50|0

2022-02-12 17:34:05,683 INFO Task worker status: 
naming_0%32, pending tasks: 0
naming_1%32, pending tasks: 0
naming_2%32, pending tasks: 0
naming_3%32, pending tasks: 0
naming_4%32, pending tasks: 0
naming_5%32, pending tasks: 0
naming_6%32, pending tasks: 0
naming_7%32, pending tasks: 0
naming_8%32, pending tasks: 0
naming_9%32, pending tasks: 0
naming_10%32, pending tasks: 0
naming_11%32, pending tasks: 0
naming_12%32, pending tasks: 0
naming_13%32, pending tasks: 0
naming_14%32, pending tasks: 0
naming_15%32, pending tasks: 0
naming_16%32, pending tasks: 0
naming_17%32, pending tasks: 0
naming_18%32, pending tasks: 0
naming_19%32, pending tasks: 0
naming_20%32, pending tasks: 0
naming_21%32, pending tasks: 0
naming_22%32, pending tasks: 0
naming_23%32, pending tasks: 0
naming_24%32, pending tasks: 0
naming_25%32, pending tasks: 0
naming_26%32, pending tasks: 0
naming_27%32, pending tasks: 0
naming_28%32, pending tasks: 0
naming_29%32, pending tasks: 0
naming_30%32, pending tasks: 0
naming_31%32, pending tasks: 0


2022-02-12 17:35:05,687 INFO PERFORMANCE:|5|5|8|-1|-1|50|0

2022-02-12 17:35:05,687 INFO Task worker status: 
naming_0%32, pending tasks: 0
naming_1%32, pending tasks: 0
naming_2%32, pending tasks: 0
naming_3%32, pending tasks: 0
naming_4%32, pending tasks: 0
naming_5%32, pending tasks: 0
naming_6%32, pending tasks: 0
naming_7%32, pending tasks: 0
naming_8%32, pending tasks: 0
naming_9%32, pending tasks: 0
naming_10%32, pending tasks: 0
naming_11%32, pending tasks: 0
naming_12%32, pending tasks: 0
naming_13%32, pending tasks: 0
naming_14%32, pending tasks: 0
naming_15%32, pending tasks: 0
naming_16%32, pending tasks: 0
naming_17%32, pending tasks: 0
naming_18%32, pending tasks: 0
naming_19%32, pending tasks: 0
naming_20%32, pending tasks: 0
naming_21%32, pending tasks: 0
naming_22%32, pending tasks: 0
naming_23%32, pending tasks: 0
naming_24%32, pending tasks: 0
naming_25%32, pending tasks: 0
naming_26%32, pending tasks: 0
naming_27%32, pending tasks: 0
naming_28%32, pending tasks: 0
naming_29%32, pending tasks: 0
naming_30%32, pending tasks: 0
naming_31%32, pending tasks: 0


2022-02-12 17:36:05,699 INFO PERFORMANCE:|5|5|8|-1|-1|50|0

2022-02-12 17:36:05,699 INFO Task worker status: 
naming_0%32, pending tasks: 0
naming_1%32, pending tasks: 0
naming_2%32, pending tasks: 0
naming_3%32, pending tasks: 0
naming_4%32, pending tasks: 0
naming_5%32, pending tasks: 0
naming_6%32, pending tasks: 0
naming_7%32, pending tasks: 0
naming_8%32, pending tasks: 0
naming_9%32, pending tasks: 0
naming_10%32, pending tasks: 0
naming_11%32, pending tasks: 0
naming_12%32, pending tasks: 0
naming_13%32, pending tasks: 0
naming_14%32, pending tasks: 0
naming_15%32, pending tasks: 0
naming_16%32, pending tasks: 0
naming_17%32, pending tasks: 0
naming_18%32, pending tasks: 0
naming_19%32, pending tasks: 0
naming_20%32, pending tasks: 0
naming_21%32, pending tasks: 0
naming_22%32, pending tasks: 0
naming_23%32, pending tasks: 0
naming_24%32, pending tasks: 0
naming_25%32, pending tasks: 0
naming_26%32, pending tasks: 0
naming_27%32, pending tasks: 0
naming_28%32, pending tasks: 0
naming_29%32, pending tasks: 0
naming_30%32, pending tasks: 0
naming_31%32, pending tasks: 0


2022-02-12 17:37:05,712 INFO PERFORMANCE:|5|5|8|-1|-1|50|0

2022-02-12 17:37:05,712 INFO Task worker status: 
naming_0%32, pending tasks: 0
naming_1%32, pending tasks: 0
naming_2%32, pending tasks: 0
naming_3%32, pending tasks: 0
naming_4%32, pending tasks: 0
naming_5%32, pending tasks: 0
naming_6%32, pending tasks: 0
naming_7%32, pending tasks: 0
naming_8%32, pending tasks: 0
naming_9%32, pending tasks: 0
naming_10%32, pending tasks: 0
naming_11%32, pending tasks: 0
naming_12%32, pending tasks: 0
naming_13%32, pending tasks: 0
naming_14%32, pending tasks: 0
naming_15%32, pending tasks: 0
naming_16%32, pending tasks: 0
naming_17%32, pending tasks: 0
naming_18%32, pending tasks: 0
naming_19%32, pending tasks: 0
naming_20%32, pending tasks: 0
naming_21%32, pending tasks: 0
naming_22%32, pending tasks: 0
naming_23%32, pending tasks: 0
naming_24%32, pending tasks: 0
naming_25%32, pending tasks: 0
naming_26%32, pending tasks: 0
naming_27%32, pending tasks: 0
naming_28%32, pending tasks: 0
naming_29%32, pending tasks: 0
naming_30%32, pending tasks: 0
naming_31%32, pending tasks: 0


2022-02-12 17:38:05,720 INFO PERFORMANCE:|5|5|8|-1|-1|50|0

2022-02-12 17:38:05,720 INFO Task worker status: 
naming_0%32, pending tasks: 0
naming_1%32, pending tasks: 0
naming_2%32, pending tasks: 0
naming_3%32, pending tasks: 0
naming_4%32, pending tasks: 0
naming_5%32, pending tasks: 0
naming_6%32, pending tasks: 0
naming_7%32, pending tasks: 0
naming_8%32, pending tasks: 0
naming_9%32, pending tasks: 0
naming_10%32, pending tasks: 0
naming_11%32, pending tasks: 0
naming_12%32, pending tasks: 0
naming_13%32, pending tasks: 0
naming_14%32, pending tasks: 0
naming_15%32, pending tasks: 0
naming_16%32, pending tasks: 0
naming_17%32, pending tasks: 0
naming_18%32, pending tasks: 0
naming_19%32, pending tasks: 0
naming_20%32, pending tasks: 0
naming_21%32, pending tasks: 0
naming_22%32, pending tasks: 0
naming_23%32, pending tasks: 0
naming_24%32, pending tasks: 0
naming_25%32, pending tasks: 0
naming_26%32, pending tasks: 0
naming_27%32, pending tasks: 0
naming_28%32, pending tasks: 0
naming_29%32, pending tasks: 0
naming_30%32, pending tasks: 0
naming_31%32, pending tasks: 0


2022-02-12 17:39:05,734 INFO PERFORMANCE:|serviceCount|ipCount|subscribeCount|maxPushCost|avgPushCost|totalPushCount|failPushCount

2022-02-12 17:39:05,734 INFO PERFORMANCE:|5|5|8|-1|-1|50|0

2022-02-12 17:39:05,734 INFO Task worker status: 
naming_0%32, pending tasks: 0
naming_1%32, pending tasks: 0
naming_2%32, pending tasks: 0
naming_3%32, pending tasks: 0
naming_4%32, pending tasks: 0
naming_5%32, pending tasks: 0
naming_6%32, pending tasks: 0
naming_7%32, pending tasks: 0
naming_8%32, pending tasks: 0
naming_9%32, pending tasks: 0
naming_10%32, pending tasks: 0
naming_11%32, pending tasks: 0
naming_12%32, pending tasks: 0
naming_13%32, pending tasks: 0
naming_14%32, pending tasks: 0
naming_15%32, pending tasks: 0
naming_16%32, pending tasks: 0
naming_17%32, pending tasks: 0
naming_18%32, pending tasks: 0
naming_19%32, pending tasks: 0
naming_20%32, pending tasks: 0
naming_21%32, pending tasks: 0
naming_22%32, pending tasks: 0
naming_23%32, pending tasks: 0
naming_24%32, pending tasks: 0
naming_25%32, pending tasks: 0
naming_26%32, pending tasks: 0
naming_27%32, pending tasks: 0
naming_28%32, pending tasks: 0
naming_29%32, pending tasks: 0
naming_30%32, pending tasks: 0
naming_31%32, pending tasks: 0


2022-02-12 17:40:05,743 INFO PERFORMANCE:|5|5|8|-1|-1|50|0

2022-02-12 17:40:05,743 INFO Task worker status: 
naming_0%32, pending tasks: 0
naming_1%32, pending tasks: 0
naming_2%32, pending tasks: 0
naming_3%32, pending tasks: 0
naming_4%32, pending tasks: 0
naming_5%32, pending tasks: 0
naming_6%32, pending tasks: 0
naming_7%32, pending tasks: 0
naming_8%32, pending tasks: 0
naming_9%32, pending tasks: 0
naming_10%32, pending tasks: 0
naming_11%32, pending tasks: 0
naming_12%32, pending tasks: 0
naming_13%32, pending tasks: 0
naming_14%32, pending tasks: 0
naming_15%32, pending tasks: 0
naming_16%32, pending tasks: 0
naming_17%32, pending tasks: 0
naming_18%32, pending tasks: 0
naming_19%32, pending tasks: 0
naming_20%32, pending tasks: 0
naming_21%32, pending tasks: 0
naming_22%32, pending tasks: 0
naming_23%32, pending tasks: 0
naming_24%32, pending tasks: 0
naming_25%32, pending tasks: 0
naming_26%32, pending tasks: 0
naming_27%32, pending tasks: 0
naming_28%32, pending tasks: 0
naming_29%32, pending tasks: 0
naming_30%32, pending tasks: 0
naming_31%32, pending tasks: 0


2022-02-12 17:41:05,757 INFO PERFORMANCE:|5|5|8|-1|-1|50|0

2022-02-12 17:41:05,757 INFO Task worker status: 
naming_0%32, pending tasks: 0
naming_1%32, pending tasks: 0
naming_2%32, pending tasks: 0
naming_3%32, pending tasks: 0
naming_4%32, pending tasks: 0
naming_5%32, pending tasks: 0
naming_6%32, pending tasks: 0
naming_7%32, pending tasks: 0
naming_8%32, pending tasks: 0
naming_9%32, pending tasks: 0
naming_10%32, pending tasks: 0
naming_11%32, pending tasks: 0
naming_12%32, pending tasks: 0
naming_13%32, pending tasks: 0
naming_14%32, pending tasks: 0
naming_15%32, pending tasks: 0
naming_16%32, pending tasks: 0
naming_17%32, pending tasks: 0
naming_18%32, pending tasks: 0
naming_19%32, pending tasks: 0
naming_20%32, pending tasks: 0
naming_21%32, pending tasks: 0
naming_22%32, pending tasks: 0
naming_23%32, pending tasks: 0
naming_24%32, pending tasks: 0
naming_25%32, pending tasks: 0
naming_26%32, pending tasks: 0
naming_27%32, pending tasks: 0
naming_28%32, pending tasks: 0
naming_29%32, pending tasks: 0
naming_30%32, pending tasks: 0
naming_31%32, pending tasks: 0


2022-02-12 17:42:05,762 INFO PERFORMANCE:|5|5|8|-1|-1|50|0

2022-02-12 17:42:05,762 INFO Task worker status: 
naming_0%32, pending tasks: 0
naming_1%32, pending tasks: 0
naming_2%32, pending tasks: 0
naming_3%32, pending tasks: 0
naming_4%32, pending tasks: 0
naming_5%32, pending tasks: 0
naming_6%32, pending tasks: 0
naming_7%32, pending tasks: 0
naming_8%32, pending tasks: 0
naming_9%32, pending tasks: 0
naming_10%32, pending tasks: 0
naming_11%32, pending tasks: 0
naming_12%32, pending tasks: 0
naming_13%32, pending tasks: 0
naming_14%32, pending tasks: 0
naming_15%32, pending tasks: 0
naming_16%32, pending tasks: 0
naming_17%32, pending tasks: 0
naming_18%32, pending tasks: 0
naming_19%32, pending tasks: 0
naming_20%32, pending tasks: 0
naming_21%32, pending tasks: 0
naming_22%32, pending tasks: 0
naming_23%32, pending tasks: 0
naming_24%32, pending tasks: 0
naming_25%32, pending tasks: 0
naming_26%32, pending tasks: 0
naming_27%32, pending tasks: 0
naming_28%32, pending tasks: 0
naming_29%32, pending tasks: 0
naming_30%32, pending tasks: 0
naming_31%32, pending tasks: 0


2022-02-12 17:43:05,776 INFO PERFORMANCE:|5|5|8|-1|-1|50|0

2022-02-12 17:43:05,776 INFO Task worker status: 
naming_0%32, pending tasks: 0
naming_1%32, pending tasks: 0
naming_2%32, pending tasks: 0
naming_3%32, pending tasks: 0
naming_4%32, pending tasks: 0
naming_5%32, pending tasks: 0
naming_6%32, pending tasks: 0
naming_7%32, pending tasks: 0
naming_8%32, pending tasks: 0
naming_9%32, pending tasks: 0
naming_10%32, pending tasks: 0
naming_11%32, pending tasks: 0
naming_12%32, pending tasks: 0
naming_13%32, pending tasks: 0
naming_14%32, pending tasks: 0
naming_15%32, pending tasks: 0
naming_16%32, pending tasks: 0
naming_17%32, pending tasks: 0
naming_18%32, pending tasks: 0
naming_19%32, pending tasks: 0
naming_20%32, pending tasks: 0
naming_21%32, pending tasks: 0
naming_22%32, pending tasks: 0
naming_23%32, pending tasks: 0
naming_24%32, pending tasks: 0
naming_25%32, pending tasks: 0
naming_26%32, pending tasks: 0
naming_27%32, pending tasks: 0
naming_28%32, pending tasks: 0
naming_29%32, pending tasks: 0
naming_30%32, pending tasks: 0
naming_31%32, pending tasks: 0


2022-02-12 17:44:05,780 INFO PERFORMANCE:|5|5|8|-1|-1|50|0

2022-02-12 17:44:05,780 INFO Task worker status: 
naming_0%32, pending tasks: 0
naming_1%32, pending tasks: 0
naming_2%32, pending tasks: 0
naming_3%32, pending tasks: 0
naming_4%32, pending tasks: 0
naming_5%32, pending tasks: 0
naming_6%32, pending tasks: 0
naming_7%32, pending tasks: 0
naming_8%32, pending tasks: 0
naming_9%32, pending tasks: 0
naming_10%32, pending tasks: 0
naming_11%32, pending tasks: 0
naming_12%32, pending tasks: 0
naming_13%32, pending tasks: 0
naming_14%32, pending tasks: 0
naming_15%32, pending tasks: 0
naming_16%32, pending tasks: 0
naming_17%32, pending tasks: 0
naming_18%32, pending tasks: 0
naming_19%32, pending tasks: 0
naming_20%32, pending tasks: 0
naming_21%32, pending tasks: 0
naming_22%32, pending tasks: 0
naming_23%32, pending tasks: 0
naming_24%32, pending tasks: 0
naming_25%32, pending tasks: 0
naming_26%32, pending tasks: 0
naming_27%32, pending tasks: 0
naming_28%32, pending tasks: 0
naming_29%32, pending tasks: 0
naming_30%32, pending tasks: 0
naming_31%32, pending tasks: 0


2022-02-12 17:45:05,787 INFO PERFORMANCE:|5|5|8|-1|-1|50|0

2022-02-12 17:45:05,787 INFO Task worker status: 
naming_0%32, pending tasks: 0
naming_1%32, pending tasks: 0
naming_2%32, pending tasks: 0
naming_3%32, pending tasks: 0
naming_4%32, pending tasks: 0
naming_5%32, pending tasks: 0
naming_6%32, pending tasks: 0
naming_7%32, pending tasks: 0
naming_8%32, pending tasks: 0
naming_9%32, pending tasks: 0
naming_10%32, pending tasks: 0
naming_11%32, pending tasks: 0
naming_12%32, pending tasks: 0
naming_13%32, pending tasks: 0
naming_14%32, pending tasks: 0
naming_15%32, pending tasks: 0
naming_16%32, pending tasks: 0
naming_17%32, pending tasks: 0
naming_18%32, pending tasks: 0
naming_19%32, pending tasks: 0
naming_20%32, pending tasks: 0
naming_21%32, pending tasks: 0
naming_22%32, pending tasks: 0
naming_23%32, pending tasks: 0
naming_24%32, pending tasks: 0
naming_25%32, pending tasks: 0
naming_26%32, pending tasks: 0
naming_27%32, pending tasks: 0
naming_28%32, pending tasks: 0
naming_29%32, pending tasks: 0
naming_30%32, pending tasks: 0
naming_31%32, pending tasks: 0


2022-02-12 17:46:05,802 INFO PERFORMANCE:|5|5|8|-1|-1|50|0

2022-02-12 17:46:05,802 INFO Task worker status: 
naming_0%32, pending tasks: 0
naming_1%32, pending tasks: 0
naming_2%32, pending tasks: 0
naming_3%32, pending tasks: 0
naming_4%32, pending tasks: 0
naming_5%32, pending tasks: 0
naming_6%32, pending tasks: 0
naming_7%32, pending tasks: 0
naming_8%32, pending tasks: 0
naming_9%32, pending tasks: 0
naming_10%32, pending tasks: 0
naming_11%32, pending tasks: 0
naming_12%32, pending tasks: 0
naming_13%32, pending tasks: 0
naming_14%32, pending tasks: 0
naming_15%32, pending tasks: 0
naming_16%32, pending tasks: 0
naming_17%32, pending tasks: 0
naming_18%32, pending tasks: 0
naming_19%32, pending tasks: 0
naming_20%32, pending tasks: 0
naming_21%32, pending tasks: 0
naming_22%32, pending tasks: 0
naming_23%32, pending tasks: 0
naming_24%32, pending tasks: 0
naming_25%32, pending tasks: 0
naming_26%32, pending tasks: 0
naming_27%32, pending tasks: 0
naming_28%32, pending tasks: 0
naming_29%32, pending tasks: 0
naming_30%32, pending tasks: 0
naming_31%32, pending tasks: 0


2022-02-12 17:47:05,810 INFO PERFORMANCE:|5|5|8|-1|-1|50|0

2022-02-12 17:47:05,810 INFO Task worker status: 
naming_0%32, pending tasks: 0
naming_1%32, pending tasks: 0
naming_2%32, pending tasks: 0
naming_3%32, pending tasks: 0
naming_4%32, pending tasks: 0
naming_5%32, pending tasks: 0
naming_6%32, pending tasks: 0
naming_7%32, pending tasks: 0
naming_8%32, pending tasks: 0
naming_9%32, pending tasks: 0
naming_10%32, pending tasks: 0
naming_11%32, pending tasks: 0
naming_12%32, pending tasks: 0
naming_13%32, pending tasks: 0
naming_14%32, pending tasks: 0
naming_15%32, pending tasks: 0
naming_16%32, pending tasks: 0
naming_17%32, pending tasks: 0
naming_18%32, pending tasks: 0
naming_19%32, pending tasks: 0
naming_20%32, pending tasks: 0
naming_21%32, pending tasks: 0
naming_22%32, pending tasks: 0
naming_23%32, pending tasks: 0
naming_24%32, pending tasks: 0
naming_25%32, pending tasks: 0
naming_26%32, pending tasks: 0
naming_27%32, pending tasks: 0
naming_28%32, pending tasks: 0
naming_29%32, pending tasks: 0
naming_30%32, pending tasks: 0
naming_31%32, pending tasks: 0


2022-02-12 17:48:05,811 INFO PERFORMANCE:|5|5|8|-1|-1|50|0

2022-02-12 17:48:05,811 INFO Task worker status: 
naming_0%32, pending tasks: 0
naming_1%32, pending tasks: 0
naming_2%32, pending tasks: 0
naming_3%32, pending tasks: 0
naming_4%32, pending tasks: 0
naming_5%32, pending tasks: 0
naming_6%32, pending tasks: 0
naming_7%32, pending tasks: 0
naming_8%32, pending tasks: 0
naming_9%32, pending tasks: 0
naming_10%32, pending tasks: 0
naming_11%32, pending tasks: 0
naming_12%32, pending tasks: 0
naming_13%32, pending tasks: 0
naming_14%32, pending tasks: 0
naming_15%32, pending tasks: 0
naming_16%32, pending tasks: 0
naming_17%32, pending tasks: 0
naming_18%32, pending tasks: 0
naming_19%32, pending tasks: 0
naming_20%32, pending tasks: 0
naming_21%32, pending tasks: 0
naming_22%32, pending tasks: 0
naming_23%32, pending tasks: 0
naming_24%32, pending tasks: 0
naming_25%32, pending tasks: 0
naming_26%32, pending tasks: 0
naming_27%32, pending tasks: 0
naming_28%32, pending tasks: 0
naming_29%32, pending tasks: 0
naming_30%32, pending tasks: 0
naming_31%32, pending tasks: 0


2022-02-12 17:49:05,816 INFO PERFORMANCE:|serviceCount|ipCount|subscribeCount|maxPushCost|avgPushCost|totalPushCount|failPushCount

2022-02-12 17:49:05,816 INFO PERFORMANCE:|5|5|8|-1|-1|50|0

2022-02-12 17:49:05,816 INFO Task worker status: 
naming_0%32, pending tasks: 0
naming_1%32, pending tasks: 0
naming_2%32, pending tasks: 0
naming_3%32, pending tasks: 0
naming_4%32, pending tasks: 0
naming_5%32, pending tasks: 0
naming_6%32, pending tasks: 0
naming_7%32, pending tasks: 0
naming_8%32, pending tasks: 0
naming_9%32, pending tasks: 0
naming_10%32, pending tasks: 0
naming_11%32, pending tasks: 0
naming_12%32, pending tasks: 0
naming_13%32, pending tasks: 0
naming_14%32, pending tasks: 0
naming_15%32, pending tasks: 0
naming_16%32, pending tasks: 0
naming_17%32, pending tasks: 0
naming_18%32, pending tasks: 0
naming_19%32, pending tasks: 0
naming_20%32, pending tasks: 0
naming_21%32, pending tasks: 0
naming_22%32, pending tasks: 0
naming_23%32, pending tasks: 0
naming_24%32, pending tasks: 0
naming_25%32, pending tasks: 0
naming_26%32, pending tasks: 0
naming_27%32, pending tasks: 0
naming_28%32, pending tasks: 0
naming_29%32, pending tasks: 0
naming_30%32, pending tasks: 0
naming_31%32, pending tasks: 0


2022-02-12 17:50:05,819 INFO PERFORMANCE:|5|5|8|-1|-1|50|0

2022-02-12 17:50:05,819 INFO Task worker status: 
naming_0%32, pending tasks: 0
naming_1%32, pending tasks: 0
naming_2%32, pending tasks: 0
naming_3%32, pending tasks: 0
naming_4%32, pending tasks: 0
naming_5%32, pending tasks: 0
naming_6%32, pending tasks: 0
naming_7%32, pending tasks: 0
naming_8%32, pending tasks: 0
naming_9%32, pending tasks: 0
naming_10%32, pending tasks: 0
naming_11%32, pending tasks: 0
naming_12%32, pending tasks: 0
naming_13%32, pending tasks: 0
naming_14%32, pending tasks: 0
naming_15%32, pending tasks: 0
naming_16%32, pending tasks: 0
naming_17%32, pending tasks: 0
naming_18%32, pending tasks: 0
naming_19%32, pending tasks: 0
naming_20%32, pending tasks: 0
naming_21%32, pending tasks: 0
naming_22%32, pending tasks: 0
naming_23%32, pending tasks: 0
naming_24%32, pending tasks: 0
naming_25%32, pending tasks: 0
naming_26%32, pending tasks: 0
naming_27%32, pending tasks: 0
naming_28%32, pending tasks: 0
naming_29%32, pending tasks: 0
naming_30%32, pending tasks: 0
naming_31%32, pending tasks: 0


2022-02-12 17:51:05,822 INFO PERFORMANCE:|5|5|8|-1|-1|50|0

2022-02-12 17:51:05,822 INFO Task worker status: 
naming_0%32, pending tasks: 0
naming_1%32, pending tasks: 0
naming_2%32, pending tasks: 0
naming_3%32, pending tasks: 0
naming_4%32, pending tasks: 0
naming_5%32, pending tasks: 0
naming_6%32, pending tasks: 0
naming_7%32, pending tasks: 0
naming_8%32, pending tasks: 0
naming_9%32, pending tasks: 0
naming_10%32, pending tasks: 0
naming_11%32, pending tasks: 0
naming_12%32, pending tasks: 0
naming_13%32, pending tasks: 0
naming_14%32, pending tasks: 0
naming_15%32, pending tasks: 0
naming_16%32, pending tasks: 0
naming_17%32, pending tasks: 0
naming_18%32, pending tasks: 0
naming_19%32, pending tasks: 0
naming_20%32, pending tasks: 0
naming_21%32, pending tasks: 0
naming_22%32, pending tasks: 0
naming_23%32, pending tasks: 0
naming_24%32, pending tasks: 0
naming_25%32, pending tasks: 0
naming_26%32, pending tasks: 0
naming_27%32, pending tasks: 0
naming_28%32, pending tasks: 0
naming_29%32, pending tasks: 0
naming_30%32, pending tasks: 0
naming_31%32, pending tasks: 0


2022-02-12 17:52:05,836 INFO PERFORMANCE:|5|5|8|-1|-1|50|0

2022-02-12 17:52:05,836 INFO Task worker status: 
naming_0%32, pending tasks: 0
naming_1%32, pending tasks: 0
naming_2%32, pending tasks: 0
naming_3%32, pending tasks: 0
naming_4%32, pending tasks: 0
naming_5%32, pending tasks: 0
naming_6%32, pending tasks: 0
naming_7%32, pending tasks: 0
naming_8%32, pending tasks: 0
naming_9%32, pending tasks: 0
naming_10%32, pending tasks: 0
naming_11%32, pending tasks: 0
naming_12%32, pending tasks: 0
naming_13%32, pending tasks: 0
naming_14%32, pending tasks: 0
naming_15%32, pending tasks: 0
naming_16%32, pending tasks: 0
naming_17%32, pending tasks: 0
naming_18%32, pending tasks: 0
naming_19%32, pending tasks: 0
naming_20%32, pending tasks: 0
naming_21%32, pending tasks: 0
naming_22%32, pending tasks: 0
naming_23%32, pending tasks: 0
naming_24%32, pending tasks: 0
naming_25%32, pending tasks: 0
naming_26%32, pending tasks: 0
naming_27%32, pending tasks: 0
naming_28%32, pending tasks: 0
naming_29%32, pending tasks: 0
naming_30%32, pending tasks: 0
naming_31%32, pending tasks: 0


2022-02-12 17:53:05,841 INFO PERFORMANCE:|5|5|8|-1|-1|50|0

2022-02-12 17:53:05,841 INFO Task worker status: 
naming_0%32, pending tasks: 0
naming_1%32, pending tasks: 0
naming_2%32, pending tasks: 0
naming_3%32, pending tasks: 0
naming_4%32, pending tasks: 0
naming_5%32, pending tasks: 0
naming_6%32, pending tasks: 0
naming_7%32, pending tasks: 0
naming_8%32, pending tasks: 0
naming_9%32, pending tasks: 0
naming_10%32, pending tasks: 0
naming_11%32, pending tasks: 0
naming_12%32, pending tasks: 0
naming_13%32, pending tasks: 0
naming_14%32, pending tasks: 0
naming_15%32, pending tasks: 0
naming_16%32, pending tasks: 0
naming_17%32, pending tasks: 0
naming_18%32, pending tasks: 0
naming_19%32, pending tasks: 0
naming_20%32, pending tasks: 0
naming_21%32, pending tasks: 0
naming_22%32, pending tasks: 0
naming_23%32, pending tasks: 0
naming_24%32, pending tasks: 0
naming_25%32, pending tasks: 0
naming_26%32, pending tasks: 0
naming_27%32, pending tasks: 0
naming_28%32, pending tasks: 0
naming_29%32, pending tasks: 0
naming_30%32, pending tasks: 0
naming_31%32, pending tasks: 0


2022-02-12 17:54:05,856 INFO PERFORMANCE:|5|5|8|-1|-1|50|0

2022-02-12 17:54:05,856 INFO Task worker status: 
naming_0%32, pending tasks: 0
naming_1%32, pending tasks: 0
naming_2%32, pending tasks: 0
naming_3%32, pending tasks: 0
naming_4%32, pending tasks: 0
naming_5%32, pending tasks: 0
naming_6%32, pending tasks: 0
naming_7%32, pending tasks: 0
naming_8%32, pending tasks: 0
naming_9%32, pending tasks: 0
naming_10%32, pending tasks: 0
naming_11%32, pending tasks: 0
naming_12%32, pending tasks: 0
naming_13%32, pending tasks: 0
naming_14%32, pending tasks: 0
naming_15%32, pending tasks: 0
naming_16%32, pending tasks: 0
naming_17%32, pending tasks: 0
naming_18%32, pending tasks: 0
naming_19%32, pending tasks: 0
naming_20%32, pending tasks: 0
naming_21%32, pending tasks: 0
naming_22%32, pending tasks: 0
naming_23%32, pending tasks: 0
naming_24%32, pending tasks: 0
naming_25%32, pending tasks: 0
naming_26%32, pending tasks: 0
naming_27%32, pending tasks: 0
naming_28%32, pending tasks: 0
naming_29%32, pending tasks: 0
naming_30%32, pending tasks: 0
naming_31%32, pending tasks: 0


2022-02-12 17:55:05,862 INFO PERFORMANCE:|5|5|8|-1|-1|50|0

2022-02-12 17:55:05,862 INFO Task worker status: 
naming_0%32, pending tasks: 0
naming_1%32, pending tasks: 0
naming_2%32, pending tasks: 0
naming_3%32, pending tasks: 0
naming_4%32, pending tasks: 0
naming_5%32, pending tasks: 0
naming_6%32, pending tasks: 0
naming_7%32, pending tasks: 0
naming_8%32, pending tasks: 0
naming_9%32, pending tasks: 0
naming_10%32, pending tasks: 0
naming_11%32, pending tasks: 0
naming_12%32, pending tasks: 0
naming_13%32, pending tasks: 0
naming_14%32, pending tasks: 0
naming_15%32, pending tasks: 0
naming_16%32, pending tasks: 0
naming_17%32, pending tasks: 0
naming_18%32, pending tasks: 0
naming_19%32, pending tasks: 0
naming_20%32, pending tasks: 0
naming_21%32, pending tasks: 0
naming_22%32, pending tasks: 0
naming_23%32, pending tasks: 0
naming_24%32, pending tasks: 0
naming_25%32, pending tasks: 0
naming_26%32, pending tasks: 0
naming_27%32, pending tasks: 0
naming_28%32, pending tasks: 0
naming_29%32, pending tasks: 0
naming_30%32, pending tasks: 0
naming_31%32, pending tasks: 0


2022-02-12 17:56:05,869 INFO PERFORMANCE:|5|5|8|-1|-1|50|0

2022-02-12 17:56:05,869 INFO Task worker status: 
naming_0%32, pending tasks: 0
naming_1%32, pending tasks: 0
naming_2%32, pending tasks: 0
naming_3%32, pending tasks: 0
naming_4%32, pending tasks: 0
naming_5%32, pending tasks: 0
naming_6%32, pending tasks: 0
naming_7%32, pending tasks: 0
naming_8%32, pending tasks: 0
naming_9%32, pending tasks: 0
naming_10%32, pending tasks: 0
naming_11%32, pending tasks: 0
naming_12%32, pending tasks: 0
naming_13%32, pending tasks: 0
naming_14%32, pending tasks: 0
naming_15%32, pending tasks: 0
naming_16%32, pending tasks: 0
naming_17%32, pending tasks: 0
naming_18%32, pending tasks: 0
naming_19%32, pending tasks: 0
naming_20%32, pending tasks: 0
naming_21%32, pending tasks: 0
naming_22%32, pending tasks: 0
naming_23%32, pending tasks: 0
naming_24%32, pending tasks: 0
naming_25%32, pending tasks: 0
naming_26%32, pending tasks: 0
naming_27%32, pending tasks: 0
naming_28%32, pending tasks: 0
naming_29%32, pending tasks: 0
naming_30%32, pending tasks: 0
naming_31%32, pending tasks: 0


2022-02-12 17:57:05,876 INFO PERFORMANCE:|5|5|8|-1|-1|50|0

2022-02-12 17:57:05,876 INFO Task worker status: 
naming_0%32, pending tasks: 0
naming_1%32, pending tasks: 0
naming_2%32, pending tasks: 0
naming_3%32, pending tasks: 0
naming_4%32, pending tasks: 0
naming_5%32, pending tasks: 0
naming_6%32, pending tasks: 0
naming_7%32, pending tasks: 0
naming_8%32, pending tasks: 0
naming_9%32, pending tasks: 0
naming_10%32, pending tasks: 0
naming_11%32, pending tasks: 0
naming_12%32, pending tasks: 0
naming_13%32, pending tasks: 0
naming_14%32, pending tasks: 0
naming_15%32, pending tasks: 0
naming_16%32, pending tasks: 0
naming_17%32, pending tasks: 0
naming_18%32, pending tasks: 0
naming_19%32, pending tasks: 0
naming_20%32, pending tasks: 0
naming_21%32, pending tasks: 0
naming_22%32, pending tasks: 0
naming_23%32, pending tasks: 0
naming_24%32, pending tasks: 0
naming_25%32, pending tasks: 0
naming_26%32, pending tasks: 0
naming_27%32, pending tasks: 0
naming_28%32, pending tasks: 0
naming_29%32, pending tasks: 0
naming_30%32, pending tasks: 0
naming_31%32, pending tasks: 0


2022-02-12 17:58:05,886 INFO PERFORMANCE:|5|5|8|-1|-1|50|0

2022-02-12 17:58:05,886 INFO Task worker status: 
naming_0%32, pending tasks: 0
naming_1%32, pending tasks: 0
naming_2%32, pending tasks: 0
naming_3%32, pending tasks: 0
naming_4%32, pending tasks: 0
naming_5%32, pending tasks: 0
naming_6%32, pending tasks: 0
naming_7%32, pending tasks: 0
naming_8%32, pending tasks: 0
naming_9%32, pending tasks: 0
naming_10%32, pending tasks: 0
naming_11%32, pending tasks: 0
naming_12%32, pending tasks: 0
naming_13%32, pending tasks: 0
naming_14%32, pending tasks: 0
naming_15%32, pending tasks: 0
naming_16%32, pending tasks: 0
naming_17%32, pending tasks: 0
naming_18%32, pending tasks: 0
naming_19%32, pending tasks: 0
naming_20%32, pending tasks: 0
naming_21%32, pending tasks: 0
naming_22%32, pending tasks: 0
naming_23%32, pending tasks: 0
naming_24%32, pending tasks: 0
naming_25%32, pending tasks: 0
naming_26%32, pending tasks: 0
naming_27%32, pending tasks: 0
naming_28%32, pending tasks: 0
naming_29%32, pending tasks: 0
naming_30%32, pending tasks: 0
naming_31%32, pending tasks: 0


2022-02-12 17:59:05,895 INFO PERFORMANCE:|serviceCount|ipCount|subscribeCount|maxPushCost|avgPushCost|totalPushCount|failPushCount

2022-02-12 17:59:05,895 INFO PERFORMANCE:|5|5|8|-1|-1|50|0

2022-02-12 17:59:05,895 INFO Task worker status: 
naming_0%32, pending tasks: 0
naming_1%32, pending tasks: 0
naming_2%32, pending tasks: 0
naming_3%32, pending tasks: 0
naming_4%32, pending tasks: 0
naming_5%32, pending tasks: 0
naming_6%32, pending tasks: 0
naming_7%32, pending tasks: 0
naming_8%32, pending tasks: 0
naming_9%32, pending tasks: 0
naming_10%32, pending tasks: 0
naming_11%32, pending tasks: 0
naming_12%32, pending tasks: 0
naming_13%32, pending tasks: 0
naming_14%32, pending tasks: 0
naming_15%32, pending tasks: 0
naming_16%32, pending tasks: 0
naming_17%32, pending tasks: 0
naming_18%32, pending tasks: 0
naming_19%32, pending tasks: 0
naming_20%32, pending tasks: 0
naming_21%32, pending tasks: 0
naming_22%32, pending tasks: 0
naming_23%32, pending tasks: 0
naming_24%32, pending tasks: 0
naming_25%32, pending tasks: 0
naming_26%32, pending tasks: 0
naming_27%32, pending tasks: 0
naming_28%32, pending tasks: 0
naming_29%32, pending tasks: 0
naming_30%32, pending tasks: 0
naming_31%32, pending tasks: 0


2022-02-12 18:00:05,900 INFO PERFORMANCE:|5|5|8|-1|-1|50|0

2022-02-12 18:00:05,900 INFO Task worker status: 
naming_0%32, pending tasks: 0
naming_1%32, pending tasks: 0
naming_2%32, pending tasks: 0
naming_3%32, pending tasks: 0
naming_4%32, pending tasks: 0
naming_5%32, pending tasks: 0
naming_6%32, pending tasks: 0
naming_7%32, pending tasks: 0
naming_8%32, pending tasks: 0
naming_9%32, pending tasks: 0
naming_10%32, pending tasks: 0
naming_11%32, pending tasks: 0
naming_12%32, pending tasks: 0
naming_13%32, pending tasks: 0
naming_14%32, pending tasks: 0
naming_15%32, pending tasks: 0
naming_16%32, pending tasks: 0
naming_17%32, pending tasks: 0
naming_18%32, pending tasks: 0
naming_19%32, pending tasks: 0
naming_20%32, pending tasks: 0
naming_21%32, pending tasks: 0
naming_22%32, pending tasks: 0
naming_23%32, pending tasks: 0
naming_24%32, pending tasks: 0
naming_25%32, pending tasks: 0
naming_26%32, pending tasks: 0
naming_27%32, pending tasks: 0
naming_28%32, pending tasks: 0
naming_29%32, pending tasks: 0
naming_30%32, pending tasks: 0
naming_31%32, pending tasks: 0


2022-02-12 18:01:05,914 INFO PERFORMANCE:|5|5|8|-1|-1|50|0

2022-02-12 18:01:05,914 INFO Task worker status: 
naming_0%32, pending tasks: 0
naming_1%32, pending tasks: 0
naming_2%32, pending tasks: 0
naming_3%32, pending tasks: 0
naming_4%32, pending tasks: 0
naming_5%32, pending tasks: 0
naming_6%32, pending tasks: 0
naming_7%32, pending tasks: 0
naming_8%32, pending tasks: 0
naming_9%32, pending tasks: 0
naming_10%32, pending tasks: 0
naming_11%32, pending tasks: 0
naming_12%32, pending tasks: 0
naming_13%32, pending tasks: 0
naming_14%32, pending tasks: 0
naming_15%32, pending tasks: 0
naming_16%32, pending tasks: 0
naming_17%32, pending tasks: 0
naming_18%32, pending tasks: 0
naming_19%32, pending tasks: 0
naming_20%32, pending tasks: 0
naming_21%32, pending tasks: 0
naming_22%32, pending tasks: 0
naming_23%32, pending tasks: 0
naming_24%32, pending tasks: 0
naming_25%32, pending tasks: 0
naming_26%32, pending tasks: 0
naming_27%32, pending tasks: 0
naming_28%32, pending tasks: 0
naming_29%32, pending tasks: 0
naming_30%32, pending tasks: 0
naming_31%32, pending tasks: 0


2022-02-12 18:02:05,926 INFO PERFORMANCE:|5|5|8|-1|-1|50|0

2022-02-12 18:02:05,926 INFO Task worker status: 
naming_0%32, pending tasks: 0
naming_1%32, pending tasks: 0
naming_2%32, pending tasks: 0
naming_3%32, pending tasks: 0
naming_4%32, pending tasks: 0
naming_5%32, pending tasks: 0
naming_6%32, pending tasks: 0
naming_7%32, pending tasks: 0
naming_8%32, pending tasks: 0
naming_9%32, pending tasks: 0
naming_10%32, pending tasks: 0
naming_11%32, pending tasks: 0
naming_12%32, pending tasks: 0
naming_13%32, pending tasks: 0
naming_14%32, pending tasks: 0
naming_15%32, pending tasks: 0
naming_16%32, pending tasks: 0
naming_17%32, pending tasks: 0
naming_18%32, pending tasks: 0
naming_19%32, pending tasks: 0
naming_20%32, pending tasks: 0
naming_21%32, pending tasks: 0
naming_22%32, pending tasks: 0
naming_23%32, pending tasks: 0
naming_24%32, pending tasks: 0
naming_25%32, pending tasks: 0
naming_26%32, pending tasks: 0
naming_27%32, pending tasks: 0
naming_28%32, pending tasks: 0
naming_29%32, pending tasks: 0
naming_30%32, pending tasks: 0
naming_31%32, pending tasks: 0


2022-02-12 18:03:05,937 INFO PERFORMANCE:|5|5|8|-1|-1|50|0

2022-02-12 18:03:05,937 INFO Task worker status: 
naming_0%32, pending tasks: 0
naming_1%32, pending tasks: 0
naming_2%32, pending tasks: 0
naming_3%32, pending tasks: 0
naming_4%32, pending tasks: 0
naming_5%32, pending tasks: 0
naming_6%32, pending tasks: 0
naming_7%32, pending tasks: 0
naming_8%32, pending tasks: 0
naming_9%32, pending tasks: 0
naming_10%32, pending tasks: 0
naming_11%32, pending tasks: 0
naming_12%32, pending tasks: 0
naming_13%32, pending tasks: 0
naming_14%32, pending tasks: 0
naming_15%32, pending tasks: 0
naming_16%32, pending tasks: 0
naming_17%32, pending tasks: 0
naming_18%32, pending tasks: 0
naming_19%32, pending tasks: 0
naming_20%32, pending tasks: 0
naming_21%32, pending tasks: 0
naming_22%32, pending tasks: 0
naming_23%32, pending tasks: 0
naming_24%32, pending tasks: 0
naming_25%32, pending tasks: 0
naming_26%32, pending tasks: 0
naming_27%32, pending tasks: 0
naming_28%32, pending tasks: 0
naming_29%32, pending tasks: 0
naming_30%32, pending tasks: 0
naming_31%32, pending tasks: 0


2022-02-12 18:04:05,945 INFO PERFORMANCE:|5|5|8|-1|-1|50|0

2022-02-12 18:04:05,945 INFO Task worker status: 
naming_0%32, pending tasks: 0
naming_1%32, pending tasks: 0
naming_2%32, pending tasks: 0
naming_3%32, pending tasks: 0
naming_4%32, pending tasks: 0
naming_5%32, pending tasks: 0
naming_6%32, pending tasks: 0
naming_7%32, pending tasks: 0
naming_8%32, pending tasks: 0
naming_9%32, pending tasks: 0
naming_10%32, pending tasks: 0
naming_11%32, pending tasks: 0
naming_12%32, pending tasks: 0
naming_13%32, pending tasks: 0
naming_14%32, pending tasks: 0
naming_15%32, pending tasks: 0
naming_16%32, pending tasks: 0
naming_17%32, pending tasks: 0
naming_18%32, pending tasks: 0
naming_19%32, pending tasks: 0
naming_20%32, pending tasks: 0
naming_21%32, pending tasks: 0
naming_22%32, pending tasks: 0
naming_23%32, pending tasks: 0
naming_24%32, pending tasks: 0
naming_25%32, pending tasks: 0
naming_26%32, pending tasks: 0
naming_27%32, pending tasks: 0
naming_28%32, pending tasks: 0
naming_29%32, pending tasks: 0
naming_30%32, pending tasks: 0
naming_31%32, pending tasks: 0


2022-02-12 18:05:05,958 INFO PERFORMANCE:|5|5|8|-1|-1|50|0

2022-02-12 18:05:05,958 INFO Task worker status: 
naming_0%32, pending tasks: 0
naming_1%32, pending tasks: 0
naming_2%32, pending tasks: 0
naming_3%32, pending tasks: 0
naming_4%32, pending tasks: 0
naming_5%32, pending tasks: 0
naming_6%32, pending tasks: 0
naming_7%32, pending tasks: 0
naming_8%32, pending tasks: 0
naming_9%32, pending tasks: 0
naming_10%32, pending tasks: 0
naming_11%32, pending tasks: 0
naming_12%32, pending tasks: 0
naming_13%32, pending tasks: 0
naming_14%32, pending tasks: 0
naming_15%32, pending tasks: 0
naming_16%32, pending tasks: 0
naming_17%32, pending tasks: 0
naming_18%32, pending tasks: 0
naming_19%32, pending tasks: 0
naming_20%32, pending tasks: 0
naming_21%32, pending tasks: 0
naming_22%32, pending tasks: 0
naming_23%32, pending tasks: 0
naming_24%32, pending tasks: 0
naming_25%32, pending tasks: 0
naming_26%32, pending tasks: 0
naming_27%32, pending tasks: 0
naming_28%32, pending tasks: 0
naming_29%32, pending tasks: 0
naming_30%32, pending tasks: 0
naming_31%32, pending tasks: 0


2022-02-12 18:06:05,966 INFO PERFORMANCE:|5|5|8|-1|-1|50|0

2022-02-12 18:06:05,966 INFO Task worker status: 
naming_0%32, pending tasks: 0
naming_1%32, pending tasks: 0
naming_2%32, pending tasks: 0
naming_3%32, pending tasks: 0
naming_4%32, pending tasks: 0
naming_5%32, pending tasks: 0
naming_6%32, pending tasks: 0
naming_7%32, pending tasks: 0
naming_8%32, pending tasks: 0
naming_9%32, pending tasks: 0
naming_10%32, pending tasks: 0
naming_11%32, pending tasks: 0
naming_12%32, pending tasks: 0
naming_13%32, pending tasks: 0
naming_14%32, pending tasks: 0
naming_15%32, pending tasks: 0
naming_16%32, pending tasks: 0
naming_17%32, pending tasks: 0
naming_18%32, pending tasks: 0
naming_19%32, pending tasks: 0
naming_20%32, pending tasks: 0
naming_21%32, pending tasks: 0
naming_22%32, pending tasks: 0
naming_23%32, pending tasks: 0
naming_24%32, pending tasks: 0
naming_25%32, pending tasks: 0
naming_26%32, pending tasks: 0
naming_27%32, pending tasks: 0
naming_28%32, pending tasks: 0
naming_29%32, pending tasks: 0
naming_30%32, pending tasks: 0
naming_31%32, pending tasks: 0


2022-02-12 18:07:05,969 INFO PERFORMANCE:|5|5|8|-1|-1|50|0

2022-02-12 18:07:05,969 INFO Task worker status: 
naming_0%32, pending tasks: 0
naming_1%32, pending tasks: 0
naming_2%32, pending tasks: 0
naming_3%32, pending tasks: 0
naming_4%32, pending tasks: 0
naming_5%32, pending tasks: 0
naming_6%32, pending tasks: 0
naming_7%32, pending tasks: 0
naming_8%32, pending tasks: 0
naming_9%32, pending tasks: 0
naming_10%32, pending tasks: 0
naming_11%32, pending tasks: 0
naming_12%32, pending tasks: 0
naming_13%32, pending tasks: 0
naming_14%32, pending tasks: 0
naming_15%32, pending tasks: 0
naming_16%32, pending tasks: 0
naming_17%32, pending tasks: 0
naming_18%32, pending tasks: 0
naming_19%32, pending tasks: 0
naming_20%32, pending tasks: 0
naming_21%32, pending tasks: 0
naming_22%32, pending tasks: 0
naming_23%32, pending tasks: 0
naming_24%32, pending tasks: 0
naming_25%32, pending tasks: 0
naming_26%32, pending tasks: 0
naming_27%32, pending tasks: 0
naming_28%32, pending tasks: 0
naming_29%32, pending tasks: 0
naming_30%32, pending tasks: 0
naming_31%32, pending tasks: 0


2022-02-12 18:08:05,976 INFO PERFORMANCE:|5|5|8|-1|-1|50|0

2022-02-12 18:08:05,976 INFO Task worker status: 
naming_0%32, pending tasks: 0
naming_1%32, pending tasks: 0
naming_2%32, pending tasks: 0
naming_3%32, pending tasks: 0
naming_4%32, pending tasks: 0
naming_5%32, pending tasks: 0
naming_6%32, pending tasks: 0
naming_7%32, pending tasks: 0
naming_8%32, pending tasks: 0
naming_9%32, pending tasks: 0
naming_10%32, pending tasks: 0
naming_11%32, pending tasks: 0
naming_12%32, pending tasks: 0
naming_13%32, pending tasks: 0
naming_14%32, pending tasks: 0
naming_15%32, pending tasks: 0
naming_16%32, pending tasks: 0
naming_17%32, pending tasks: 0
naming_18%32, pending tasks: 0
naming_19%32, pending tasks: 0
naming_20%32, pending tasks: 0
naming_21%32, pending tasks: 0
naming_22%32, pending tasks: 0
naming_23%32, pending tasks: 0
naming_24%32, pending tasks: 0
naming_25%32, pending tasks: 0
naming_26%32, pending tasks: 0
naming_27%32, pending tasks: 0
naming_28%32, pending tasks: 0
naming_29%32, pending tasks: 0
naming_30%32, pending tasks: 0
naming_31%32, pending tasks: 0


2022-02-12 18:09:05,977 INFO PERFORMANCE:|serviceCount|ipCount|subscribeCount|maxPushCost|avgPushCost|totalPushCount|failPushCount

2022-02-12 18:09:05,977 INFO PERFORMANCE:|5|5|8|-1|-1|50|0

2022-02-12 18:09:05,977 INFO Task worker status: 
naming_0%32, pending tasks: 0
naming_1%32, pending tasks: 0
naming_2%32, pending tasks: 0
naming_3%32, pending tasks: 0
naming_4%32, pending tasks: 0
naming_5%32, pending tasks: 0
naming_6%32, pending tasks: 0
naming_7%32, pending tasks: 0
naming_8%32, pending tasks: 0
naming_9%32, pending tasks: 0
naming_10%32, pending tasks: 0
naming_11%32, pending tasks: 0
naming_12%32, pending tasks: 0
naming_13%32, pending tasks: 0
naming_14%32, pending tasks: 0
naming_15%32, pending tasks: 0
naming_16%32, pending tasks: 0
naming_17%32, pending tasks: 0
naming_18%32, pending tasks: 0
naming_19%32, pending tasks: 0
naming_20%32, pending tasks: 0
naming_21%32, pending tasks: 0
naming_22%32, pending tasks: 0
naming_23%32, pending tasks: 0
naming_24%32, pending tasks: 0
naming_25%32, pending tasks: 0
naming_26%32, pending tasks: 0
naming_27%32, pending tasks: 0
naming_28%32, pending tasks: 0
naming_29%32, pending tasks: 0
naming_30%32, pending tasks: 0
naming_31%32, pending tasks: 0


2022-02-12 18:10:05,988 INFO PERFORMANCE:|5|5|8|-1|-1|50|0

2022-02-12 18:10:05,988 INFO Task worker status: 
naming_0%32, pending tasks: 0
naming_1%32, pending tasks: 0
naming_2%32, pending tasks: 0
naming_3%32, pending tasks: 0
naming_4%32, pending tasks: 0
naming_5%32, pending tasks: 0
naming_6%32, pending tasks: 0
naming_7%32, pending tasks: 0
naming_8%32, pending tasks: 0
naming_9%32, pending tasks: 0
naming_10%32, pending tasks: 0
naming_11%32, pending tasks: 0
naming_12%32, pending tasks: 0
naming_13%32, pending tasks: 0
naming_14%32, pending tasks: 0
naming_15%32, pending tasks: 0
naming_16%32, pending tasks: 0
naming_17%32, pending tasks: 0
naming_18%32, pending tasks: 0
naming_19%32, pending tasks: 0
naming_20%32, pending tasks: 0
naming_21%32, pending tasks: 0
naming_22%32, pending tasks: 0
naming_23%32, pending tasks: 0
naming_24%32, pending tasks: 0
naming_25%32, pending tasks: 0
naming_26%32, pending tasks: 0
naming_27%32, pending tasks: 0
naming_28%32, pending tasks: 0
naming_29%32, pending tasks: 0
naming_30%32, pending tasks: 0
naming_31%32, pending tasks: 0


2022-02-12 18:11:06,004 INFO PERFORMANCE:|5|5|8|-1|-1|50|0

2022-02-12 18:11:06,004 INFO Task worker status: 
naming_0%32, pending tasks: 0
naming_1%32, pending tasks: 0
naming_2%32, pending tasks: 0
naming_3%32, pending tasks: 0
naming_4%32, pending tasks: 0
naming_5%32, pending tasks: 0
naming_6%32, pending tasks: 0
naming_7%32, pending tasks: 0
naming_8%32, pending tasks: 0
naming_9%32, pending tasks: 0
naming_10%32, pending tasks: 0
naming_11%32, pending tasks: 0
naming_12%32, pending tasks: 0
naming_13%32, pending tasks: 0
naming_14%32, pending tasks: 0
naming_15%32, pending tasks: 0
naming_16%32, pending tasks: 0
naming_17%32, pending tasks: 0
naming_18%32, pending tasks: 0
naming_19%32, pending tasks: 0
naming_20%32, pending tasks: 0
naming_21%32, pending tasks: 0
naming_22%32, pending tasks: 0
naming_23%32, pending tasks: 0
naming_24%32, pending tasks: 0
naming_25%32, pending tasks: 0
naming_26%32, pending tasks: 0
naming_27%32, pending tasks: 0
naming_28%32, pending tasks: 0
naming_29%32, pending tasks: 0
naming_30%32, pending tasks: 0
naming_31%32, pending tasks: 0


2022-02-12 18:12:06,009 INFO PERFORMANCE:|5|5|8|-1|-1|50|0

2022-02-12 18:12:06,009 INFO Task worker status: 
naming_0%32, pending tasks: 0
naming_1%32, pending tasks: 0
naming_2%32, pending tasks: 0
naming_3%32, pending tasks: 0
naming_4%32, pending tasks: 0
naming_5%32, pending tasks: 0
naming_6%32, pending tasks: 0
naming_7%32, pending tasks: 0
naming_8%32, pending tasks: 0
naming_9%32, pending tasks: 0
naming_10%32, pending tasks: 0
naming_11%32, pending tasks: 0
naming_12%32, pending tasks: 0
naming_13%32, pending tasks: 0
naming_14%32, pending tasks: 0
naming_15%32, pending tasks: 0
naming_16%32, pending tasks: 0
naming_17%32, pending tasks: 0
naming_18%32, pending tasks: 0
naming_19%32, pending tasks: 0
naming_20%32, pending tasks: 0
naming_21%32, pending tasks: 0
naming_22%32, pending tasks: 0
naming_23%32, pending tasks: 0
naming_24%32, pending tasks: 0
naming_25%32, pending tasks: 0
naming_26%32, pending tasks: 0
naming_27%32, pending tasks: 0
naming_28%32, pending tasks: 0
naming_29%32, pending tasks: 0
naming_30%32, pending tasks: 0
naming_31%32, pending tasks: 0


2022-02-12 18:13:06,022 INFO PERFORMANCE:|5|5|8|-1|-1|50|0

2022-02-12 18:13:06,022 INFO Task worker status: 
naming_0%32, pending tasks: 0
naming_1%32, pending tasks: 0
naming_2%32, pending tasks: 0
naming_3%32, pending tasks: 0
naming_4%32, pending tasks: 0
naming_5%32, pending tasks: 0
naming_6%32, pending tasks: 0
naming_7%32, pending tasks: 0
naming_8%32, pending tasks: 0
naming_9%32, pending tasks: 0
naming_10%32, pending tasks: 0
naming_11%32, pending tasks: 0
naming_12%32, pending tasks: 0
naming_13%32, pending tasks: 0
naming_14%32, pending tasks: 0
naming_15%32, pending tasks: 0
naming_16%32, pending tasks: 0
naming_17%32, pending tasks: 0
naming_18%32, pending tasks: 0
naming_19%32, pending tasks: 0
naming_20%32, pending tasks: 0
naming_21%32, pending tasks: 0
naming_22%32, pending tasks: 0
naming_23%32, pending tasks: 0
naming_24%32, pending tasks: 0
naming_25%32, pending tasks: 0
naming_26%32, pending tasks: 0
naming_27%32, pending tasks: 0
naming_28%32, pending tasks: 0
naming_29%32, pending tasks: 0
naming_30%32, pending tasks: 0
naming_31%32, pending tasks: 0


2022-02-12 18:14:06,035 INFO PERFORMANCE:|5|5|8|-1|-1|50|0

2022-02-12 18:14:06,035 INFO Task worker status: 
naming_0%32, pending tasks: 0
naming_1%32, pending tasks: 0
naming_2%32, pending tasks: 0
naming_3%32, pending tasks: 0
naming_4%32, pending tasks: 0
naming_5%32, pending tasks: 0
naming_6%32, pending tasks: 0
naming_7%32, pending tasks: 0
naming_8%32, pending tasks: 0
naming_9%32, pending tasks: 0
naming_10%32, pending tasks: 0
naming_11%32, pending tasks: 0
naming_12%32, pending tasks: 0
naming_13%32, pending tasks: 0
naming_14%32, pending tasks: 0
naming_15%32, pending tasks: 0
naming_16%32, pending tasks: 0
naming_17%32, pending tasks: 0
naming_18%32, pending tasks: 0
naming_19%32, pending tasks: 0
naming_20%32, pending tasks: 0
naming_21%32, pending tasks: 0
naming_22%32, pending tasks: 0
naming_23%32, pending tasks: 0
naming_24%32, pending tasks: 0
naming_25%32, pending tasks: 0
naming_26%32, pending tasks: 0
naming_27%32, pending tasks: 0
naming_28%32, pending tasks: 0
naming_29%32, pending tasks: 0
naming_30%32, pending tasks: 0
naming_31%32, pending tasks: 0


2022-02-12 18:15:06,039 INFO PERFORMANCE:|5|5|8|-1|-1|50|0

2022-02-12 18:15:06,039 INFO Task worker status: 
naming_0%32, pending tasks: 0
naming_1%32, pending tasks: 0
naming_2%32, pending tasks: 0
naming_3%32, pending tasks: 0
naming_4%32, pending tasks: 0
naming_5%32, pending tasks: 0
naming_6%32, pending tasks: 0
naming_7%32, pending tasks: 0
naming_8%32, pending tasks: 0
naming_9%32, pending tasks: 0
naming_10%32, pending tasks: 0
naming_11%32, pending tasks: 0
naming_12%32, pending tasks: 0
naming_13%32, pending tasks: 0
naming_14%32, pending tasks: 0
naming_15%32, pending tasks: 0
naming_16%32, pending tasks: 0
naming_17%32, pending tasks: 0
naming_18%32, pending tasks: 0
naming_19%32, pending tasks: 0
naming_20%32, pending tasks: 0
naming_21%32, pending tasks: 0
naming_22%32, pending tasks: 0
naming_23%32, pending tasks: 0
naming_24%32, pending tasks: 0
naming_25%32, pending tasks: 0
naming_26%32, pending tasks: 0
naming_27%32, pending tasks: 0
naming_28%32, pending tasks: 0
naming_29%32, pending tasks: 0
naming_30%32, pending tasks: 0
naming_31%32, pending tasks: 0


2022-02-12 18:16:06,051 INFO PERFORMANCE:|5|5|8|-1|-1|50|0

2022-02-12 18:16:06,051 INFO Task worker status: 
naming_0%32, pending tasks: 0
naming_1%32, pending tasks: 0
naming_2%32, pending tasks: 0
naming_3%32, pending tasks: 0
naming_4%32, pending tasks: 0
naming_5%32, pending tasks: 0
naming_6%32, pending tasks: 0
naming_7%32, pending tasks: 0
naming_8%32, pending tasks: 0
naming_9%32, pending tasks: 0
naming_10%32, pending tasks: 0
naming_11%32, pending tasks: 0
naming_12%32, pending tasks: 0
naming_13%32, pending tasks: 0
naming_14%32, pending tasks: 0
naming_15%32, pending tasks: 0
naming_16%32, pending tasks: 0
naming_17%32, pending tasks: 0
naming_18%32, pending tasks: 0
naming_19%32, pending tasks: 0
naming_20%32, pending tasks: 0
naming_21%32, pending tasks: 0
naming_22%32, pending tasks: 0
naming_23%32, pending tasks: 0
naming_24%32, pending tasks: 0
naming_25%32, pending tasks: 0
naming_26%32, pending tasks: 0
naming_27%32, pending tasks: 0
naming_28%32, pending tasks: 0
naming_29%32, pending tasks: 0
naming_30%32, pending tasks: 0
naming_31%32, pending tasks: 0


2022-02-12 18:17:06,056 INFO PERFORMANCE:|5|5|8|-1|-1|50|0

2022-02-12 18:17:06,056 INFO Task worker status: 
naming_0%32, pending tasks: 0
naming_1%32, pending tasks: 0
naming_2%32, pending tasks: 0
naming_3%32, pending tasks: 0
naming_4%32, pending tasks: 0
naming_5%32, pending tasks: 0
naming_6%32, pending tasks: 0
naming_7%32, pending tasks: 0
naming_8%32, pending tasks: 0
naming_9%32, pending tasks: 0
naming_10%32, pending tasks: 0
naming_11%32, pending tasks: 0
naming_12%32, pending tasks: 0
naming_13%32, pending tasks: 0
naming_14%32, pending tasks: 0
naming_15%32, pending tasks: 0
naming_16%32, pending tasks: 0
naming_17%32, pending tasks: 0
naming_18%32, pending tasks: 0
naming_19%32, pending tasks: 0
naming_20%32, pending tasks: 0
naming_21%32, pending tasks: 0
naming_22%32, pending tasks: 0
naming_23%32, pending tasks: 0
naming_24%32, pending tasks: 0
naming_25%32, pending tasks: 0
naming_26%32, pending tasks: 0
naming_27%32, pending tasks: 0
naming_28%32, pending tasks: 0
naming_29%32, pending tasks: 0
naming_30%32, pending tasks: 0
naming_31%32, pending tasks: 0


2022-02-12 18:18:06,064 INFO PERFORMANCE:|5|5|8|-1|-1|50|0

2022-02-12 18:18:06,064 INFO Task worker status: 
naming_0%32, pending tasks: 0
naming_1%32, pending tasks: 0
naming_2%32, pending tasks: 0
naming_3%32, pending tasks: 0
naming_4%32, pending tasks: 0
naming_5%32, pending tasks: 0
naming_6%32, pending tasks: 0
naming_7%32, pending tasks: 0
naming_8%32, pending tasks: 0
naming_9%32, pending tasks: 0
naming_10%32, pending tasks: 0
naming_11%32, pending tasks: 0
naming_12%32, pending tasks: 0
naming_13%32, pending tasks: 0
naming_14%32, pending tasks: 0
naming_15%32, pending tasks: 0
naming_16%32, pending tasks: 0
naming_17%32, pending tasks: 0
naming_18%32, pending tasks: 0
naming_19%32, pending tasks: 0
naming_20%32, pending tasks: 0
naming_21%32, pending tasks: 0
naming_22%32, pending tasks: 0
naming_23%32, pending tasks: 0
naming_24%32, pending tasks: 0
naming_25%32, pending tasks: 0
naming_26%32, pending tasks: 0
naming_27%32, pending tasks: 0
naming_28%32, pending tasks: 0
naming_29%32, pending tasks: 0
naming_30%32, pending tasks: 0
naming_31%32, pending tasks: 0


2022-02-12 18:19:06,079 INFO PERFORMANCE:|serviceCount|ipCount|subscribeCount|maxPushCost|avgPushCost|totalPushCount|failPushCount

2022-02-12 18:19:06,079 INFO PERFORMANCE:|5|5|8|-1|-1|50|0

2022-02-12 18:19:06,079 INFO Task worker status: 
naming_0%32, pending tasks: 0
naming_1%32, pending tasks: 0
naming_2%32, pending tasks: 0
naming_3%32, pending tasks: 0
naming_4%32, pending tasks: 0
naming_5%32, pending tasks: 0
naming_6%32, pending tasks: 0
naming_7%32, pending tasks: 0
naming_8%32, pending tasks: 0
naming_9%32, pending tasks: 0
naming_10%32, pending tasks: 0
naming_11%32, pending tasks: 0
naming_12%32, pending tasks: 0
naming_13%32, pending tasks: 0
naming_14%32, pending tasks: 0
naming_15%32, pending tasks: 0
naming_16%32, pending tasks: 0
naming_17%32, pending tasks: 0
naming_18%32, pending tasks: 0
naming_19%32, pending tasks: 0
naming_20%32, pending tasks: 0
naming_21%32, pending tasks: 0
naming_22%32, pending tasks: 0
naming_23%32, pending tasks: 0
naming_24%32, pending tasks: 0
naming_25%32, pending tasks: 0
naming_26%32, pending tasks: 0
naming_27%32, pending tasks: 0
naming_28%32, pending tasks: 0
naming_29%32, pending tasks: 0
naming_30%32, pending tasks: 0
naming_31%32, pending tasks: 0


2022-02-12 18:20:06,088 INFO PERFORMANCE:|5|5|8|-1|-1|50|0

2022-02-12 18:20:06,088 INFO Task worker status: 
naming_0%32, pending tasks: 0
naming_1%32, pending tasks: 0
naming_2%32, pending tasks: 0
naming_3%32, pending tasks: 0
naming_4%32, pending tasks: 0
naming_5%32, pending tasks: 0
naming_6%32, pending tasks: 0
naming_7%32, pending tasks: 0
naming_8%32, pending tasks: 0
naming_9%32, pending tasks: 0
naming_10%32, pending tasks: 0
naming_11%32, pending tasks: 0
naming_12%32, pending tasks: 0
naming_13%32, pending tasks: 0
naming_14%32, pending tasks: 0
naming_15%32, pending tasks: 0
naming_16%32, pending tasks: 0
naming_17%32, pending tasks: 0
naming_18%32, pending tasks: 0
naming_19%32, pending tasks: 0
naming_20%32, pending tasks: 0
naming_21%32, pending tasks: 0
naming_22%32, pending tasks: 0
naming_23%32, pending tasks: 0
naming_24%32, pending tasks: 0
naming_25%32, pending tasks: 0
naming_26%32, pending tasks: 0
naming_27%32, pending tasks: 0
naming_28%32, pending tasks: 0
naming_29%32, pending tasks: 0
naming_30%32, pending tasks: 0
naming_31%32, pending tasks: 0


2022-02-12 18:21:06,091 INFO PERFORMANCE:|5|5|8|-1|-1|50|0

2022-02-12 18:21:06,091 INFO Task worker status: 
naming_0%32, pending tasks: 0
naming_1%32, pending tasks: 0
naming_2%32, pending tasks: 0
naming_3%32, pending tasks: 0
naming_4%32, pending tasks: 0
naming_5%32, pending tasks: 0
naming_6%32, pending tasks: 0
naming_7%32, pending tasks: 0
naming_8%32, pending tasks: 0
naming_9%32, pending tasks: 0
naming_10%32, pending tasks: 0
naming_11%32, pending tasks: 0
naming_12%32, pending tasks: 0
naming_13%32, pending tasks: 0
naming_14%32, pending tasks: 0
naming_15%32, pending tasks: 0
naming_16%32, pending tasks: 0
naming_17%32, pending tasks: 0
naming_18%32, pending tasks: 0
naming_19%32, pending tasks: 0
naming_20%32, pending tasks: 0
naming_21%32, pending tasks: 0
naming_22%32, pending tasks: 0
naming_23%32, pending tasks: 0
naming_24%32, pending tasks: 0
naming_25%32, pending tasks: 0
naming_26%32, pending tasks: 0
naming_27%32, pending tasks: 0
naming_28%32, pending tasks: 0
naming_29%32, pending tasks: 0
naming_30%32, pending tasks: 0
naming_31%32, pending tasks: 0


2022-02-12 18:22:06,096 INFO PERFORMANCE:|5|5|8|-1|-1|50|0

2022-02-12 18:22:06,096 INFO Task worker status: 
naming_0%32, pending tasks: 0
naming_1%32, pending tasks: 0
naming_2%32, pending tasks: 0
naming_3%32, pending tasks: 0
naming_4%32, pending tasks: 0
naming_5%32, pending tasks: 0
naming_6%32, pending tasks: 0
naming_7%32, pending tasks: 0
naming_8%32, pending tasks: 0
naming_9%32, pending tasks: 0
naming_10%32, pending tasks: 0
naming_11%32, pending tasks: 0
naming_12%32, pending tasks: 0
naming_13%32, pending tasks: 0
naming_14%32, pending tasks: 0
naming_15%32, pending tasks: 0
naming_16%32, pending tasks: 0
naming_17%32, pending tasks: 0
naming_18%32, pending tasks: 0
naming_19%32, pending tasks: 0
naming_20%32, pending tasks: 0
naming_21%32, pending tasks: 0
naming_22%32, pending tasks: 0
naming_23%32, pending tasks: 0
naming_24%32, pending tasks: 0
naming_25%32, pending tasks: 0
naming_26%32, pending tasks: 0
naming_27%32, pending tasks: 0
naming_28%32, pending tasks: 0
naming_29%32, pending tasks: 0
naming_30%32, pending tasks: 0
naming_31%32, pending tasks: 0


2022-02-12 18:23:06,104 INFO PERFORMANCE:|5|5|8|-1|-1|50|0

2022-02-12 18:23:06,104 INFO Task worker status: 
naming_0%32, pending tasks: 0
naming_1%32, pending tasks: 0
naming_2%32, pending tasks: 0
naming_3%32, pending tasks: 0
naming_4%32, pending tasks: 0
naming_5%32, pending tasks: 0
naming_6%32, pending tasks: 0
naming_7%32, pending tasks: 0
naming_8%32, pending tasks: 0
naming_9%32, pending tasks: 0
naming_10%32, pending tasks: 0
naming_11%32, pending tasks: 0
naming_12%32, pending tasks: 0
naming_13%32, pending tasks: 0
naming_14%32, pending tasks: 0
naming_15%32, pending tasks: 0
naming_16%32, pending tasks: 0
naming_17%32, pending tasks: 0
naming_18%32, pending tasks: 0
naming_19%32, pending tasks: 0
naming_20%32, pending tasks: 0
naming_21%32, pending tasks: 0
naming_22%32, pending tasks: 0
naming_23%32, pending tasks: 0
naming_24%32, pending tasks: 0
naming_25%32, pending tasks: 0
naming_26%32, pending tasks: 0
naming_27%32, pending tasks: 0
naming_28%32, pending tasks: 0
naming_29%32, pending tasks: 0
naming_30%32, pending tasks: 0
naming_31%32, pending tasks: 0


2022-02-12 18:24:06,118 INFO PERFORMANCE:|5|5|8|-1|-1|50|0

2022-02-12 18:24:06,118 INFO Task worker status: 
naming_0%32, pending tasks: 0
naming_1%32, pending tasks: 0
naming_2%32, pending tasks: 0
naming_3%32, pending tasks: 0
naming_4%32, pending tasks: 0
naming_5%32, pending tasks: 0
naming_6%32, pending tasks: 0
naming_7%32, pending tasks: 0
naming_8%32, pending tasks: 0
naming_9%32, pending tasks: 0
naming_10%32, pending tasks: 0
naming_11%32, pending tasks: 0
naming_12%32, pending tasks: 0
naming_13%32, pending tasks: 0
naming_14%32, pending tasks: 0
naming_15%32, pending tasks: 0
naming_16%32, pending tasks: 0
naming_17%32, pending tasks: 0
naming_18%32, pending tasks: 0
naming_19%32, pending tasks: 0
naming_20%32, pending tasks: 0
naming_21%32, pending tasks: 0
naming_22%32, pending tasks: 0
naming_23%32, pending tasks: 0
naming_24%32, pending tasks: 0
naming_25%32, pending tasks: 0
naming_26%32, pending tasks: 0
naming_27%32, pending tasks: 0
naming_28%32, pending tasks: 0
naming_29%32, pending tasks: 0
naming_30%32, pending tasks: 0
naming_31%32, pending tasks: 0


2022-02-12 18:25:06,126 INFO PERFORMANCE:|5|5|8|-1|-1|50|0

2022-02-12 18:25:06,126 INFO Task worker status: 
naming_0%32, pending tasks: 0
naming_1%32, pending tasks: 0
naming_2%32, pending tasks: 0
naming_3%32, pending tasks: 0
naming_4%32, pending tasks: 0
naming_5%32, pending tasks: 0
naming_6%32, pending tasks: 0
naming_7%32, pending tasks: 0
naming_8%32, pending tasks: 0
naming_9%32, pending tasks: 0
naming_10%32, pending tasks: 0
naming_11%32, pending tasks: 0
naming_12%32, pending tasks: 0
naming_13%32, pending tasks: 0
naming_14%32, pending tasks: 0
naming_15%32, pending tasks: 0
naming_16%32, pending tasks: 0
naming_17%32, pending tasks: 0
naming_18%32, pending tasks: 0
naming_19%32, pending tasks: 0
naming_20%32, pending tasks: 0
naming_21%32, pending tasks: 0
naming_22%32, pending tasks: 0
naming_23%32, pending tasks: 0
naming_24%32, pending tasks: 0
naming_25%32, pending tasks: 0
naming_26%32, pending tasks: 0
naming_27%32, pending tasks: 0
naming_28%32, pending tasks: 0
naming_29%32, pending tasks: 0
naming_30%32, pending tasks: 0
naming_31%32, pending tasks: 0


2022-02-12 18:26:06,137 INFO PERFORMANCE:|5|5|8|-1|-1|50|0

2022-02-12 18:26:06,137 INFO Task worker status: 
naming_0%32, pending tasks: 0
naming_1%32, pending tasks: 0
naming_2%32, pending tasks: 0
naming_3%32, pending tasks: 0
naming_4%32, pending tasks: 0
naming_5%32, pending tasks: 0
naming_6%32, pending tasks: 0
naming_7%32, pending tasks: 0
naming_8%32, pending tasks: 0
naming_9%32, pending tasks: 0
naming_10%32, pending tasks: 0
naming_11%32, pending tasks: 0
naming_12%32, pending tasks: 0
naming_13%32, pending tasks: 0
naming_14%32, pending tasks: 0
naming_15%32, pending tasks: 0
naming_16%32, pending tasks: 0
naming_17%32, pending tasks: 0
naming_18%32, pending tasks: 0
naming_19%32, pending tasks: 0
naming_20%32, pending tasks: 0
naming_21%32, pending tasks: 0
naming_22%32, pending tasks: 0
naming_23%32, pending tasks: 0
naming_24%32, pending tasks: 0
naming_25%32, pending tasks: 0
naming_26%32, pending tasks: 0
naming_27%32, pending tasks: 0
naming_28%32, pending tasks: 0
naming_29%32, pending tasks: 0
naming_30%32, pending tasks: 0
naming_31%32, pending tasks: 0


2022-02-12 18:27:06,144 INFO PERFORMANCE:|5|5|8|-1|-1|50|0

2022-02-12 18:27:06,144 INFO Task worker status: 
naming_0%32, pending tasks: 0
naming_1%32, pending tasks: 0
naming_2%32, pending tasks: 0
naming_3%32, pending tasks: 0
naming_4%32, pending tasks: 0
naming_5%32, pending tasks: 0
naming_6%32, pending tasks: 0
naming_7%32, pending tasks: 0
naming_8%32, pending tasks: 0
naming_9%32, pending tasks: 0
naming_10%32, pending tasks: 0
naming_11%32, pending tasks: 0
naming_12%32, pending tasks: 0
naming_13%32, pending tasks: 0
naming_14%32, pending tasks: 0
naming_15%32, pending tasks: 0
naming_16%32, pending tasks: 0
naming_17%32, pending tasks: 0
naming_18%32, pending tasks: 0
naming_19%32, pending tasks: 0
naming_20%32, pending tasks: 0
naming_21%32, pending tasks: 0
naming_22%32, pending tasks: 0
naming_23%32, pending tasks: 0
naming_24%32, pending tasks: 0
naming_25%32, pending tasks: 0
naming_26%32, pending tasks: 0
naming_27%32, pending tasks: 0
naming_28%32, pending tasks: 0
naming_29%32, pending tasks: 0
naming_30%32, pending tasks: 0
naming_31%32, pending tasks: 0


2022-02-12 18:28:06,149 INFO PERFORMANCE:|5|5|8|-1|-1|50|0

2022-02-12 18:28:06,149 INFO Task worker status: 
naming_0%32, pending tasks: 0
naming_1%32, pending tasks: 0
naming_2%32, pending tasks: 0
naming_3%32, pending tasks: 0
naming_4%32, pending tasks: 0
naming_5%32, pending tasks: 0
naming_6%32, pending tasks: 0
naming_7%32, pending tasks: 0
naming_8%32, pending tasks: 0
naming_9%32, pending tasks: 0
naming_10%32, pending tasks: 0
naming_11%32, pending tasks: 0
naming_12%32, pending tasks: 0
naming_13%32, pending tasks: 0
naming_14%32, pending tasks: 0
naming_15%32, pending tasks: 0
naming_16%32, pending tasks: 0
naming_17%32, pending tasks: 0
naming_18%32, pending tasks: 0
naming_19%32, pending tasks: 0
naming_20%32, pending tasks: 0
naming_21%32, pending tasks: 0
naming_22%32, pending tasks: 0
naming_23%32, pending tasks: 0
naming_24%32, pending tasks: 0
naming_25%32, pending tasks: 0
naming_26%32, pending tasks: 0
naming_27%32, pending tasks: 0
naming_28%32, pending tasks: 0
naming_29%32, pending tasks: 0
naming_30%32, pending tasks: 0
naming_31%32, pending tasks: 0


2022-02-12 18:29:06,160 INFO PERFORMANCE:|serviceCount|ipCount|subscribeCount|maxPushCost|avgPushCost|totalPushCount|failPushCount

2022-02-12 18:29:06,160 INFO PERFORMANCE:|5|5|8|-1|-1|50|0

2022-02-12 18:29:06,160 INFO Task worker status: 
naming_0%32, pending tasks: 0
naming_1%32, pending tasks: 0
naming_2%32, pending tasks: 0
naming_3%32, pending tasks: 0
naming_4%32, pending tasks: 0
naming_5%32, pending tasks: 0
naming_6%32, pending tasks: 0
naming_7%32, pending tasks: 0
naming_8%32, pending tasks: 0
naming_9%32, pending tasks: 0
naming_10%32, pending tasks: 0
naming_11%32, pending tasks: 0
naming_12%32, pending tasks: 0
naming_13%32, pending tasks: 0
naming_14%32, pending tasks: 0
naming_15%32, pending tasks: 0
naming_16%32, pending tasks: 0
naming_17%32, pending tasks: 0
naming_18%32, pending tasks: 0
naming_19%32, pending tasks: 0
naming_20%32, pending tasks: 0
naming_21%32, pending tasks: 0
naming_22%32, pending tasks: 0
naming_23%32, pending tasks: 0
naming_24%32, pending tasks: 0
naming_25%32, pending tasks: 0
naming_26%32, pending tasks: 0
naming_27%32, pending tasks: 0
naming_28%32, pending tasks: 0
naming_29%32, pending tasks: 0
naming_30%32, pending tasks: 0
naming_31%32, pending tasks: 0


2022-02-12 18:30:06,166 INFO PERFORMANCE:|5|5|8|-1|-1|50|0

2022-02-12 18:30:06,166 INFO Task worker status: 
naming_0%32, pending tasks: 0
naming_1%32, pending tasks: 0
naming_2%32, pending tasks: 0
naming_3%32, pending tasks: 0
naming_4%32, pending tasks: 0
naming_5%32, pending tasks: 0
naming_6%32, pending tasks: 0
naming_7%32, pending tasks: 0
naming_8%32, pending tasks: 0
naming_9%32, pending tasks: 0
naming_10%32, pending tasks: 0
naming_11%32, pending tasks: 0
naming_12%32, pending tasks: 0
naming_13%32, pending tasks: 0
naming_14%32, pending tasks: 0
naming_15%32, pending tasks: 0
naming_16%32, pending tasks: 0
naming_17%32, pending tasks: 0
naming_18%32, pending tasks: 0
naming_19%32, pending tasks: 0
naming_20%32, pending tasks: 0
naming_21%32, pending tasks: 0
naming_22%32, pending tasks: 0
naming_23%32, pending tasks: 0
naming_24%32, pending tasks: 0
naming_25%32, pending tasks: 0
naming_26%32, pending tasks: 0
naming_27%32, pending tasks: 0
naming_28%32, pending tasks: 0
naming_29%32, pending tasks: 0
naming_30%32, pending tasks: 0
naming_31%32, pending tasks: 0


2022-02-12 18:31:06,169 INFO PERFORMANCE:|5|5|8|-1|-1|50|0

2022-02-12 18:31:06,169 INFO Task worker status: 
naming_0%32, pending tasks: 0
naming_1%32, pending tasks: 0
naming_2%32, pending tasks: 0
naming_3%32, pending tasks: 0
naming_4%32, pending tasks: 0
naming_5%32, pending tasks: 0
naming_6%32, pending tasks: 0
naming_7%32, pending tasks: 0
naming_8%32, pending tasks: 0
naming_9%32, pending tasks: 0
naming_10%32, pending tasks: 0
naming_11%32, pending tasks: 0
naming_12%32, pending tasks: 0
naming_13%32, pending tasks: 0
naming_14%32, pending tasks: 0
naming_15%32, pending tasks: 0
naming_16%32, pending tasks: 0
naming_17%32, pending tasks: 0
naming_18%32, pending tasks: 0
naming_19%32, pending tasks: 0
naming_20%32, pending tasks: 0
naming_21%32, pending tasks: 0
naming_22%32, pending tasks: 0
naming_23%32, pending tasks: 0
naming_24%32, pending tasks: 0
naming_25%32, pending tasks: 0
naming_26%32, pending tasks: 0
naming_27%32, pending tasks: 0
naming_28%32, pending tasks: 0
naming_29%32, pending tasks: 0
naming_30%32, pending tasks: 0
naming_31%32, pending tasks: 0


2022-02-12 18:32:06,183 INFO PERFORMANCE:|5|5|8|-1|-1|50|0

2022-02-12 18:32:06,183 INFO Task worker status: 
naming_0%32, pending tasks: 0
naming_1%32, pending tasks: 0
naming_2%32, pending tasks: 0
naming_3%32, pending tasks: 0
naming_4%32, pending tasks: 0
naming_5%32, pending tasks: 0
naming_6%32, pending tasks: 0
naming_7%32, pending tasks: 0
naming_8%32, pending tasks: 0
naming_9%32, pending tasks: 0
naming_10%32, pending tasks: 0
naming_11%32, pending tasks: 0
naming_12%32, pending tasks: 0
naming_13%32, pending tasks: 0
naming_14%32, pending tasks: 0
naming_15%32, pending tasks: 0
naming_16%32, pending tasks: 0
naming_17%32, pending tasks: 0
naming_18%32, pending tasks: 0
naming_19%32, pending tasks: 0
naming_20%32, pending tasks: 0
naming_21%32, pending tasks: 0
naming_22%32, pending tasks: 0
naming_23%32, pending tasks: 0
naming_24%32, pending tasks: 0
naming_25%32, pending tasks: 0
naming_26%32, pending tasks: 0
naming_27%32, pending tasks: 0
naming_28%32, pending tasks: 0
naming_29%32, pending tasks: 0
naming_30%32, pending tasks: 0
naming_31%32, pending tasks: 0


2022-02-12 18:33:06,188 INFO PERFORMANCE:|5|5|8|-1|-1|50|0

2022-02-12 18:33:06,188 INFO Task worker status: 
naming_0%32, pending tasks: 0
naming_1%32, pending tasks: 0
naming_2%32, pending tasks: 0
naming_3%32, pending tasks: 0
naming_4%32, pending tasks: 0
naming_5%32, pending tasks: 0
naming_6%32, pending tasks: 0
naming_7%32, pending tasks: 0
naming_8%32, pending tasks: 0
naming_9%32, pending tasks: 0
naming_10%32, pending tasks: 0
naming_11%32, pending tasks: 0
naming_12%32, pending tasks: 0
naming_13%32, pending tasks: 0
naming_14%32, pending tasks: 0
naming_15%32, pending tasks: 0
naming_16%32, pending tasks: 0
naming_17%32, pending tasks: 0
naming_18%32, pending tasks: 0
naming_19%32, pending tasks: 0
naming_20%32, pending tasks: 0
naming_21%32, pending tasks: 0
naming_22%32, pending tasks: 0
naming_23%32, pending tasks: 0
naming_24%32, pending tasks: 0
naming_25%32, pending tasks: 0
naming_26%32, pending tasks: 0
naming_27%32, pending tasks: 0
naming_28%32, pending tasks: 0
naming_29%32, pending tasks: 0
naming_30%32, pending tasks: 0
naming_31%32, pending tasks: 0


2022-02-12 18:34:06,203 INFO PERFORMANCE:|5|5|8|-1|-1|50|0

2022-02-12 18:34:06,203 INFO Task worker status: 
naming_0%32, pending tasks: 0
naming_1%32, pending tasks: 0
naming_2%32, pending tasks: 0
naming_3%32, pending tasks: 0
naming_4%32, pending tasks: 0
naming_5%32, pending tasks: 0
naming_6%32, pending tasks: 0
naming_7%32, pending tasks: 0
naming_8%32, pending tasks: 0
naming_9%32, pending tasks: 0
naming_10%32, pending tasks: 0
naming_11%32, pending tasks: 0
naming_12%32, pending tasks: 0
naming_13%32, pending tasks: 0
naming_14%32, pending tasks: 0
naming_15%32, pending tasks: 0
naming_16%32, pending tasks: 0
naming_17%32, pending tasks: 0
naming_18%32, pending tasks: 0
naming_19%32, pending tasks: 0
naming_20%32, pending tasks: 0
naming_21%32, pending tasks: 0
naming_22%32, pending tasks: 0
naming_23%32, pending tasks: 0
naming_24%32, pending tasks: 0
naming_25%32, pending tasks: 0
naming_26%32, pending tasks: 0
naming_27%32, pending tasks: 0
naming_28%32, pending tasks: 0
naming_29%32, pending tasks: 0
naming_30%32, pending tasks: 0
naming_31%32, pending tasks: 0


2022-02-12 18:35:06,217 INFO PERFORMANCE:|5|5|8|-1|-1|50|0

2022-02-12 18:35:06,217 INFO Task worker status: 
naming_0%32, pending tasks: 0
naming_1%32, pending tasks: 0
naming_2%32, pending tasks: 0
naming_3%32, pending tasks: 0
naming_4%32, pending tasks: 0
naming_5%32, pending tasks: 0
naming_6%32, pending tasks: 0
naming_7%32, pending tasks: 0
naming_8%32, pending tasks: 0
naming_9%32, pending tasks: 0
naming_10%32, pending tasks: 0
naming_11%32, pending tasks: 0
naming_12%32, pending tasks: 0
naming_13%32, pending tasks: 0
naming_14%32, pending tasks: 0
naming_15%32, pending tasks: 0
naming_16%32, pending tasks: 0
naming_17%32, pending tasks: 0
naming_18%32, pending tasks: 0
naming_19%32, pending tasks: 0
naming_20%32, pending tasks: 0
naming_21%32, pending tasks: 0
naming_22%32, pending tasks: 0
naming_23%32, pending tasks: 0
naming_24%32, pending tasks: 0
naming_25%32, pending tasks: 0
naming_26%32, pending tasks: 0
naming_27%32, pending tasks: 0
naming_28%32, pending tasks: 0
naming_29%32, pending tasks: 0
naming_30%32, pending tasks: 0
naming_31%32, pending tasks: 0


2022-02-12 18:36:06,226 INFO PERFORMANCE:|5|5|8|-1|-1|50|0

2022-02-12 18:36:06,226 INFO Task worker status: 
naming_0%32, pending tasks: 0
naming_1%32, pending tasks: 0
naming_2%32, pending tasks: 0
naming_3%32, pending tasks: 0
naming_4%32, pending tasks: 0
naming_5%32, pending tasks: 0
naming_6%32, pending tasks: 0
naming_7%32, pending tasks: 0
naming_8%32, pending tasks: 0
naming_9%32, pending tasks: 0
naming_10%32, pending tasks: 0
naming_11%32, pending tasks: 0
naming_12%32, pending tasks: 0
naming_13%32, pending tasks: 0
naming_14%32, pending tasks: 0
naming_15%32, pending tasks: 0
naming_16%32, pending tasks: 0
naming_17%32, pending tasks: 0
naming_18%32, pending tasks: 0
naming_19%32, pending tasks: 0
naming_20%32, pending tasks: 0
naming_21%32, pending tasks: 0
naming_22%32, pending tasks: 0
naming_23%32, pending tasks: 0
naming_24%32, pending tasks: 0
naming_25%32, pending tasks: 0
naming_26%32, pending tasks: 0
naming_27%32, pending tasks: 0
naming_28%32, pending tasks: 0
naming_29%32, pending tasks: 0
naming_30%32, pending tasks: 0
naming_31%32, pending tasks: 0


2022-02-12 18:37:06,237 INFO PERFORMANCE:|5|5|8|-1|-1|50|0

2022-02-12 18:37:06,237 INFO Task worker status: 
naming_0%32, pending tasks: 0
naming_1%32, pending tasks: 0
naming_2%32, pending tasks: 0
naming_3%32, pending tasks: 0
naming_4%32, pending tasks: 0
naming_5%32, pending tasks: 0
naming_6%32, pending tasks: 0
naming_7%32, pending tasks: 0
naming_8%32, pending tasks: 0
naming_9%32, pending tasks: 0
naming_10%32, pending tasks: 0
naming_11%32, pending tasks: 0
naming_12%32, pending tasks: 0
naming_13%32, pending tasks: 0
naming_14%32, pending tasks: 0
naming_15%32, pending tasks: 0
naming_16%32, pending tasks: 0
naming_17%32, pending tasks: 0
naming_18%32, pending tasks: 0
naming_19%32, pending tasks: 0
naming_20%32, pending tasks: 0
naming_21%32, pending tasks: 0
naming_22%32, pending tasks: 0
naming_23%32, pending tasks: 0
naming_24%32, pending tasks: 0
naming_25%32, pending tasks: 0
naming_26%32, pending tasks: 0
naming_27%32, pending tasks: 0
naming_28%32, pending tasks: 0
naming_29%32, pending tasks: 0
naming_30%32, pending tasks: 0
naming_31%32, pending tasks: 0


2022-02-12 18:38:06,245 INFO PERFORMANCE:|5|5|8|-1|-1|50|0

2022-02-12 18:38:06,245 INFO Task worker status: 
naming_0%32, pending tasks: 0
naming_1%32, pending tasks: 0
naming_2%32, pending tasks: 0
naming_3%32, pending tasks: 0
naming_4%32, pending tasks: 0
naming_5%32, pending tasks: 0
naming_6%32, pending tasks: 0
naming_7%32, pending tasks: 0
naming_8%32, pending tasks: 0
naming_9%32, pending tasks: 0
naming_10%32, pending tasks: 0
naming_11%32, pending tasks: 0
naming_12%32, pending tasks: 0
naming_13%32, pending tasks: 0
naming_14%32, pending tasks: 0
naming_15%32, pending tasks: 0
naming_16%32, pending tasks: 0
naming_17%32, pending tasks: 0
naming_18%32, pending tasks: 0
naming_19%32, pending tasks: 0
naming_20%32, pending tasks: 0
naming_21%32, pending tasks: 0
naming_22%32, pending tasks: 0
naming_23%32, pending tasks: 0
naming_24%32, pending tasks: 0
naming_25%32, pending tasks: 0
naming_26%32, pending tasks: 0
naming_27%32, pending tasks: 0
naming_28%32, pending tasks: 0
naming_29%32, pending tasks: 0
naming_30%32, pending tasks: 0
naming_31%32, pending tasks: 0


2022-02-12 18:39:06,258 INFO PERFORMANCE:|serviceCount|ipCount|subscribeCount|maxPushCost|avgPushCost|totalPushCount|failPushCount

2022-02-12 18:39:06,258 INFO PERFORMANCE:|5|5|8|-1|-1|50|0

2022-02-12 18:39:06,258 INFO Task worker status: 
naming_0%32, pending tasks: 0
naming_1%32, pending tasks: 0
naming_2%32, pending tasks: 0
naming_3%32, pending tasks: 0
naming_4%32, pending tasks: 0
naming_5%32, pending tasks: 0
naming_6%32, pending tasks: 0
naming_7%32, pending tasks: 0
naming_8%32, pending tasks: 0
naming_9%32, pending tasks: 0
naming_10%32, pending tasks: 0
naming_11%32, pending tasks: 0
naming_12%32, pending tasks: 0
naming_13%32, pending tasks: 0
naming_14%32, pending tasks: 0
naming_15%32, pending tasks: 0
naming_16%32, pending tasks: 0
naming_17%32, pending tasks: 0
naming_18%32, pending tasks: 0
naming_19%32, pending tasks: 0
naming_20%32, pending tasks: 0
naming_21%32, pending tasks: 0
naming_22%32, pending tasks: 0
naming_23%32, pending tasks: 0
naming_24%32, pending tasks: 0
naming_25%32, pending tasks: 0
naming_26%32, pending tasks: 0
naming_27%32, pending tasks: 0
naming_28%32, pending tasks: 0
naming_29%32, pending tasks: 0
naming_30%32, pending tasks: 0
naming_31%32, pending tasks: 0


2022-02-12 18:40:06,262 INFO PERFORMANCE:|5|5|8|-1|-1|50|0

2022-02-12 18:40:06,262 INFO Task worker status: 
naming_0%32, pending tasks: 0
naming_1%32, pending tasks: 0
naming_2%32, pending tasks: 0
naming_3%32, pending tasks: 0
naming_4%32, pending tasks: 0
naming_5%32, pending tasks: 0
naming_6%32, pending tasks: 0
naming_7%32, pending tasks: 0
naming_8%32, pending tasks: 0
naming_9%32, pending tasks: 0
naming_10%32, pending tasks: 0
naming_11%32, pending tasks: 0
naming_12%32, pending tasks: 0
naming_13%32, pending tasks: 0
naming_14%32, pending tasks: 0
naming_15%32, pending tasks: 0
naming_16%32, pending tasks: 0
naming_17%32, pending tasks: 0
naming_18%32, pending tasks: 0
naming_19%32, pending tasks: 0
naming_20%32, pending tasks: 0
naming_21%32, pending tasks: 0
naming_22%32, pending tasks: 0
naming_23%32, pending tasks: 0
naming_24%32, pending tasks: 0
naming_25%32, pending tasks: 0
naming_26%32, pending tasks: 0
naming_27%32, pending tasks: 0
naming_28%32, pending tasks: 0
naming_29%32, pending tasks: 0
naming_30%32, pending tasks: 0
naming_31%32, pending tasks: 0


2022-02-12 18:41:06,268 INFO PERFORMANCE:|5|5|8|-1|-1|50|0

2022-02-12 18:41:06,268 INFO Task worker status: 
naming_0%32, pending tasks: 0
naming_1%32, pending tasks: 0
naming_2%32, pending tasks: 0
naming_3%32, pending tasks: 0
naming_4%32, pending tasks: 0
naming_5%32, pending tasks: 0
naming_6%32, pending tasks: 0
naming_7%32, pending tasks: 0
naming_8%32, pending tasks: 0
naming_9%32, pending tasks: 0
naming_10%32, pending tasks: 0
naming_11%32, pending tasks: 0
naming_12%32, pending tasks: 0
naming_13%32, pending tasks: 0
naming_14%32, pending tasks: 0
naming_15%32, pending tasks: 0
naming_16%32, pending tasks: 0
naming_17%32, pending tasks: 0
naming_18%32, pending tasks: 0
naming_19%32, pending tasks: 0
naming_20%32, pending tasks: 0
naming_21%32, pending tasks: 0
naming_22%32, pending tasks: 0
naming_23%32, pending tasks: 0
naming_24%32, pending tasks: 0
naming_25%32, pending tasks: 0
naming_26%32, pending tasks: 0
naming_27%32, pending tasks: 0
naming_28%32, pending tasks: 0
naming_29%32, pending tasks: 0
naming_30%32, pending tasks: 0
naming_31%32, pending tasks: 0


2022-02-12 18:42:06,269 INFO PERFORMANCE:|5|5|8|-1|-1|50|0

2022-02-12 18:42:06,269 INFO Task worker status: 
naming_0%32, pending tasks: 0
naming_1%32, pending tasks: 0
naming_2%32, pending tasks: 0
naming_3%32, pending tasks: 0
naming_4%32, pending tasks: 0
naming_5%32, pending tasks: 0
naming_6%32, pending tasks: 0
naming_7%32, pending tasks: 0
naming_8%32, pending tasks: 0
naming_9%32, pending tasks: 0
naming_10%32, pending tasks: 0
naming_11%32, pending tasks: 0
naming_12%32, pending tasks: 0
naming_13%32, pending tasks: 0
naming_14%32, pending tasks: 0
naming_15%32, pending tasks: 0
naming_16%32, pending tasks: 0
naming_17%32, pending tasks: 0
naming_18%32, pending tasks: 0
naming_19%32, pending tasks: 0
naming_20%32, pending tasks: 0
naming_21%32, pending tasks: 0
naming_22%32, pending tasks: 0
naming_23%32, pending tasks: 0
naming_24%32, pending tasks: 0
naming_25%32, pending tasks: 0
naming_26%32, pending tasks: 0
naming_27%32, pending tasks: 0
naming_28%32, pending tasks: 0
naming_29%32, pending tasks: 0
naming_30%32, pending tasks: 0
naming_31%32, pending tasks: 0


2022-02-12 18:43:06,272 INFO PERFORMANCE:|5|5|8|-1|-1|50|0

2022-02-12 18:43:06,272 INFO Task worker status: 
naming_0%32, pending tasks: 0
naming_1%32, pending tasks: 0
naming_2%32, pending tasks: 0
naming_3%32, pending tasks: 0
naming_4%32, pending tasks: 0
naming_5%32, pending tasks: 0
naming_6%32, pending tasks: 0
naming_7%32, pending tasks: 0
naming_8%32, pending tasks: 0
naming_9%32, pending tasks: 0
naming_10%32, pending tasks: 0
naming_11%32, pending tasks: 0
naming_12%32, pending tasks: 0
naming_13%32, pending tasks: 0
naming_14%32, pending tasks: 0
naming_15%32, pending tasks: 0
naming_16%32, pending tasks: 0
naming_17%32, pending tasks: 0
naming_18%32, pending tasks: 0
naming_19%32, pending tasks: 0
naming_20%32, pending tasks: 0
naming_21%32, pending tasks: 0
naming_22%32, pending tasks: 0
naming_23%32, pending tasks: 0
naming_24%32, pending tasks: 0
naming_25%32, pending tasks: 0
naming_26%32, pending tasks: 0
naming_27%32, pending tasks: 0
naming_28%32, pending tasks: 0
naming_29%32, pending tasks: 0
naming_30%32, pending tasks: 0
naming_31%32, pending tasks: 0


2022-02-12 18:44:06,279 INFO PERFORMANCE:|5|5|8|-1|-1|50|0

2022-02-12 18:44:06,279 INFO Task worker status: 
naming_0%32, pending tasks: 0
naming_1%32, pending tasks: 0
naming_2%32, pending tasks: 0
naming_3%32, pending tasks: 0
naming_4%32, pending tasks: 0
naming_5%32, pending tasks: 0
naming_6%32, pending tasks: 0
naming_7%32, pending tasks: 0
naming_8%32, pending tasks: 0
naming_9%32, pending tasks: 0
naming_10%32, pending tasks: 0
naming_11%32, pending tasks: 0
naming_12%32, pending tasks: 0
naming_13%32, pending tasks: 0
naming_14%32, pending tasks: 0
naming_15%32, pending tasks: 0
naming_16%32, pending tasks: 0
naming_17%32, pending tasks: 0
naming_18%32, pending tasks: 0
naming_19%32, pending tasks: 0
naming_20%32, pending tasks: 0
naming_21%32, pending tasks: 0
naming_22%32, pending tasks: 0
naming_23%32, pending tasks: 0
naming_24%32, pending tasks: 0
naming_25%32, pending tasks: 0
naming_26%32, pending tasks: 0
naming_27%32, pending tasks: 0
naming_28%32, pending tasks: 0
naming_29%32, pending tasks: 0
naming_30%32, pending tasks: 0
naming_31%32, pending tasks: 0


2022-02-12 18:45:06,286 INFO PERFORMANCE:|5|5|8|-1|-1|50|0

2022-02-12 18:45:06,286 INFO Task worker status: 
naming_0%32, pending tasks: 0
naming_1%32, pending tasks: 0
naming_2%32, pending tasks: 0
naming_3%32, pending tasks: 0
naming_4%32, pending tasks: 0
naming_5%32, pending tasks: 0
naming_6%32, pending tasks: 0
naming_7%32, pending tasks: 0
naming_8%32, pending tasks: 0
naming_9%32, pending tasks: 0
naming_10%32, pending tasks: 0
naming_11%32, pending tasks: 0
naming_12%32, pending tasks: 0
naming_13%32, pending tasks: 0
naming_14%32, pending tasks: 0
naming_15%32, pending tasks: 0
naming_16%32, pending tasks: 0
naming_17%32, pending tasks: 0
naming_18%32, pending tasks: 0
naming_19%32, pending tasks: 0
naming_20%32, pending tasks: 0
naming_21%32, pending tasks: 0
naming_22%32, pending tasks: 0
naming_23%32, pending tasks: 0
naming_24%32, pending tasks: 0
naming_25%32, pending tasks: 0
naming_26%32, pending tasks: 0
naming_27%32, pending tasks: 0
naming_28%32, pending tasks: 0
naming_29%32, pending tasks: 0
naming_30%32, pending tasks: 0
naming_31%32, pending tasks: 0


2022-02-12 18:46:06,295 INFO PERFORMANCE:|5|5|8|-1|-1|50|0

2022-02-12 18:46:06,295 INFO Task worker status: 
naming_0%32, pending tasks: 0
naming_1%32, pending tasks: 0
naming_2%32, pending tasks: 0
naming_3%32, pending tasks: 0
naming_4%32, pending tasks: 0
naming_5%32, pending tasks: 0
naming_6%32, pending tasks: 0
naming_7%32, pending tasks: 0
naming_8%32, pending tasks: 0
naming_9%32, pending tasks: 0
naming_10%32, pending tasks: 0
naming_11%32, pending tasks: 0
naming_12%32, pending tasks: 0
naming_13%32, pending tasks: 0
naming_14%32, pending tasks: 0
naming_15%32, pending tasks: 0
naming_16%32, pending tasks: 0
naming_17%32, pending tasks: 0
naming_18%32, pending tasks: 0
naming_19%32, pending tasks: 0
naming_20%32, pending tasks: 0
naming_21%32, pending tasks: 0
naming_22%32, pending tasks: 0
naming_23%32, pending tasks: 0
naming_24%32, pending tasks: 0
naming_25%32, pending tasks: 0
naming_26%32, pending tasks: 0
naming_27%32, pending tasks: 0
naming_28%32, pending tasks: 0
naming_29%32, pending tasks: 0
naming_30%32, pending tasks: 0
naming_31%32, pending tasks: 0


2022-02-12 18:47:06,306 INFO PERFORMANCE:|5|5|8|-1|-1|50|0

2022-02-12 18:47:06,306 INFO Task worker status: 
naming_0%32, pending tasks: 0
naming_1%32, pending tasks: 0
naming_2%32, pending tasks: 0
naming_3%32, pending tasks: 0
naming_4%32, pending tasks: 0
naming_5%32, pending tasks: 0
naming_6%32, pending tasks: 0
naming_7%32, pending tasks: 0
naming_8%32, pending tasks: 0
naming_9%32, pending tasks: 0
naming_10%32, pending tasks: 0
naming_11%32, pending tasks: 0
naming_12%32, pending tasks: 0
naming_13%32, pending tasks: 0
naming_14%32, pending tasks: 0
naming_15%32, pending tasks: 0
naming_16%32, pending tasks: 0
naming_17%32, pending tasks: 0
naming_18%32, pending tasks: 0
naming_19%32, pending tasks: 0
naming_20%32, pending tasks: 0
naming_21%32, pending tasks: 0
naming_22%32, pending tasks: 0
naming_23%32, pending tasks: 0
naming_24%32, pending tasks: 0
naming_25%32, pending tasks: 0
naming_26%32, pending tasks: 0
naming_27%32, pending tasks: 0
naming_28%32, pending tasks: 0
naming_29%32, pending tasks: 0
naming_30%32, pending tasks: 0
naming_31%32, pending tasks: 0


2022-02-12 18:48:06,320 INFO PERFORMANCE:|5|5|8|-1|-1|50|0

2022-02-12 18:48:06,320 INFO Task worker status: 
naming_0%32, pending tasks: 0
naming_1%32, pending tasks: 0
naming_2%32, pending tasks: 0
naming_3%32, pending tasks: 0
naming_4%32, pending tasks: 0
naming_5%32, pending tasks: 0
naming_6%32, pending tasks: 0
naming_7%32, pending tasks: 0
naming_8%32, pending tasks: 0
naming_9%32, pending tasks: 0
naming_10%32, pending tasks: 0
naming_11%32, pending tasks: 0
naming_12%32, pending tasks: 0
naming_13%32, pending tasks: 0
naming_14%32, pending tasks: 0
naming_15%32, pending tasks: 0
naming_16%32, pending tasks: 0
naming_17%32, pending tasks: 0
naming_18%32, pending tasks: 0
naming_19%32, pending tasks: 0
naming_20%32, pending tasks: 0
naming_21%32, pending tasks: 0
naming_22%32, pending tasks: 0
naming_23%32, pending tasks: 0
naming_24%32, pending tasks: 0
naming_25%32, pending tasks: 0
naming_26%32, pending tasks: 0
naming_27%32, pending tasks: 0
naming_28%32, pending tasks: 0
naming_29%32, pending tasks: 0
naming_30%32, pending tasks: 0
naming_31%32, pending tasks: 0


2022-02-12 18:49:06,323 INFO PERFORMANCE:|serviceCount|ipCount|subscribeCount|maxPushCost|avgPushCost|totalPushCount|failPushCount

2022-02-12 18:49:06,323 INFO PERFORMANCE:|5|5|8|-1|-1|50|0

2022-02-12 18:49:06,323 INFO Task worker status: 
naming_0%32, pending tasks: 0
naming_1%32, pending tasks: 0
naming_2%32, pending tasks: 0
naming_3%32, pending tasks: 0
naming_4%32, pending tasks: 0
naming_5%32, pending tasks: 0
naming_6%32, pending tasks: 0
naming_7%32, pending tasks: 0
naming_8%32, pending tasks: 0
naming_9%32, pending tasks: 0
naming_10%32, pending tasks: 0
naming_11%32, pending tasks: 0
naming_12%32, pending tasks: 0
naming_13%32, pending tasks: 0
naming_14%32, pending tasks: 0
naming_15%32, pending tasks: 0
naming_16%32, pending tasks: 0
naming_17%32, pending tasks: 0
naming_18%32, pending tasks: 0
naming_19%32, pending tasks: 0
naming_20%32, pending tasks: 0
naming_21%32, pending tasks: 0
naming_22%32, pending tasks: 0
naming_23%32, pending tasks: 0
naming_24%32, pending tasks: 0
naming_25%32, pending tasks: 0
naming_26%32, pending tasks: 0
naming_27%32, pending tasks: 0
naming_28%32, pending tasks: 0
naming_29%32, pending tasks: 0
naming_30%32, pending tasks: 0
naming_31%32, pending tasks: 0


2022-02-12 18:50:06,330 INFO PERFORMANCE:|5|5|8|-1|-1|50|0

2022-02-12 18:50:06,330 INFO Task worker status: 
naming_0%32, pending tasks: 0
naming_1%32, pending tasks: 0
naming_2%32, pending tasks: 0
naming_3%32, pending tasks: 0
naming_4%32, pending tasks: 0
naming_5%32, pending tasks: 0
naming_6%32, pending tasks: 0
naming_7%32, pending tasks: 0
naming_8%32, pending tasks: 0
naming_9%32, pending tasks: 0
naming_10%32, pending tasks: 0
naming_11%32, pending tasks: 0
naming_12%32, pending tasks: 0
naming_13%32, pending tasks: 0
naming_14%32, pending tasks: 0
naming_15%32, pending tasks: 0
naming_16%32, pending tasks: 0
naming_17%32, pending tasks: 0
naming_18%32, pending tasks: 0
naming_19%32, pending tasks: 0
naming_20%32, pending tasks: 0
naming_21%32, pending tasks: 0
naming_22%32, pending tasks: 0
naming_23%32, pending tasks: 0
naming_24%32, pending tasks: 0
naming_25%32, pending tasks: 0
naming_26%32, pending tasks: 0
naming_27%32, pending tasks: 0
naming_28%32, pending tasks: 0
naming_29%32, pending tasks: 0
naming_30%32, pending tasks: 0
naming_31%32, pending tasks: 0


2022-02-12 18:51:06,343 INFO PERFORMANCE:|5|5|8|-1|-1|50|0

2022-02-12 18:51:06,343 INFO Task worker status: 
naming_0%32, pending tasks: 0
naming_1%32, pending tasks: 0
naming_2%32, pending tasks: 0
naming_3%32, pending tasks: 0
naming_4%32, pending tasks: 0
naming_5%32, pending tasks: 0
naming_6%32, pending tasks: 0
naming_7%32, pending tasks: 0
naming_8%32, pending tasks: 0
naming_9%32, pending tasks: 0
naming_10%32, pending tasks: 0
naming_11%32, pending tasks: 0
naming_12%32, pending tasks: 0
naming_13%32, pending tasks: 0
naming_14%32, pending tasks: 0
naming_15%32, pending tasks: 0
naming_16%32, pending tasks: 0
naming_17%32, pending tasks: 0
naming_18%32, pending tasks: 0
naming_19%32, pending tasks: 0
naming_20%32, pending tasks: 0
naming_21%32, pending tasks: 0
naming_22%32, pending tasks: 0
naming_23%32, pending tasks: 0
naming_24%32, pending tasks: 0
naming_25%32, pending tasks: 0
naming_26%32, pending tasks: 0
naming_27%32, pending tasks: 0
naming_28%32, pending tasks: 0
naming_29%32, pending tasks: 0
naming_30%32, pending tasks: 0
naming_31%32, pending tasks: 0


2022-02-12 18:52:06,347 INFO PERFORMANCE:|5|5|8|-1|-1|50|0

2022-02-12 18:52:06,347 INFO Task worker status: 
naming_0%32, pending tasks: 0
naming_1%32, pending tasks: 0
naming_2%32, pending tasks: 0
naming_3%32, pending tasks: 0
naming_4%32, pending tasks: 0
naming_5%32, pending tasks: 0
naming_6%32, pending tasks: 0
naming_7%32, pending tasks: 0
naming_8%32, pending tasks: 0
naming_9%32, pending tasks: 0
naming_10%32, pending tasks: 0
naming_11%32, pending tasks: 0
naming_12%32, pending tasks: 0
naming_13%32, pending tasks: 0
naming_14%32, pending tasks: 0
naming_15%32, pending tasks: 0
naming_16%32, pending tasks: 0
naming_17%32, pending tasks: 0
naming_18%32, pending tasks: 0
naming_19%32, pending tasks: 0
naming_20%32, pending tasks: 0
naming_21%32, pending tasks: 0
naming_22%32, pending tasks: 0
naming_23%32, pending tasks: 0
naming_24%32, pending tasks: 0
naming_25%32, pending tasks: 0
naming_26%32, pending tasks: 0
naming_27%32, pending tasks: 0
naming_28%32, pending tasks: 0
naming_29%32, pending tasks: 0
naming_30%32, pending tasks: 0
naming_31%32, pending tasks: 0


2022-02-12 18:53:06,357 INFO PERFORMANCE:|5|5|8|-1|-1|50|0

2022-02-12 18:53:06,357 INFO Task worker status: 
naming_0%32, pending tasks: 0
naming_1%32, pending tasks: 0
naming_2%32, pending tasks: 0
naming_3%32, pending tasks: 0
naming_4%32, pending tasks: 0
naming_5%32, pending tasks: 0
naming_6%32, pending tasks: 0
naming_7%32, pending tasks: 0
naming_8%32, pending tasks: 0
naming_9%32, pending tasks: 0
naming_10%32, pending tasks: 0
naming_11%32, pending tasks: 0
naming_12%32, pending tasks: 0
naming_13%32, pending tasks: 0
naming_14%32, pending tasks: 0
naming_15%32, pending tasks: 0
naming_16%32, pending tasks: 0
naming_17%32, pending tasks: 0
naming_18%32, pending tasks: 0
naming_19%32, pending tasks: 0
naming_20%32, pending tasks: 0
naming_21%32, pending tasks: 0
naming_22%32, pending tasks: 0
naming_23%32, pending tasks: 0
naming_24%32, pending tasks: 0
naming_25%32, pending tasks: 0
naming_26%32, pending tasks: 0
naming_27%32, pending tasks: 0
naming_28%32, pending tasks: 0
naming_29%32, pending tasks: 0
naming_30%32, pending tasks: 0
naming_31%32, pending tasks: 0


2022-02-12 18:54:06,362 INFO PERFORMANCE:|5|5|8|-1|-1|50|0

2022-02-12 18:54:06,362 INFO Task worker status: 
naming_0%32, pending tasks: 0
naming_1%32, pending tasks: 0
naming_2%32, pending tasks: 0
naming_3%32, pending tasks: 0
naming_4%32, pending tasks: 0
naming_5%32, pending tasks: 0
naming_6%32, pending tasks: 0
naming_7%32, pending tasks: 0
naming_8%32, pending tasks: 0
naming_9%32, pending tasks: 0
naming_10%32, pending tasks: 0
naming_11%32, pending tasks: 0
naming_12%32, pending tasks: 0
naming_13%32, pending tasks: 0
naming_14%32, pending tasks: 0
naming_15%32, pending tasks: 0
naming_16%32, pending tasks: 0
naming_17%32, pending tasks: 0
naming_18%32, pending tasks: 0
naming_19%32, pending tasks: 0
naming_20%32, pending tasks: 0
naming_21%32, pending tasks: 0
naming_22%32, pending tasks: 0
naming_23%32, pending tasks: 0
naming_24%32, pending tasks: 0
naming_25%32, pending tasks: 0
naming_26%32, pending tasks: 0
naming_27%32, pending tasks: 0
naming_28%32, pending tasks: 0
naming_29%32, pending tasks: 0
naming_30%32, pending tasks: 0
naming_31%32, pending tasks: 0


2022-02-12 18:55:06,368 INFO PERFORMANCE:|5|5|8|-1|-1|50|0

2022-02-12 18:55:06,368 INFO Task worker status: 
naming_0%32, pending tasks: 0
naming_1%32, pending tasks: 0
naming_2%32, pending tasks: 0
naming_3%32, pending tasks: 0
naming_4%32, pending tasks: 0
naming_5%32, pending tasks: 0
naming_6%32, pending tasks: 0
naming_7%32, pending tasks: 0
naming_8%32, pending tasks: 0
naming_9%32, pending tasks: 0
naming_10%32, pending tasks: 0
naming_11%32, pending tasks: 0
naming_12%32, pending tasks: 0
naming_13%32, pending tasks: 0
naming_14%32, pending tasks: 0
naming_15%32, pending tasks: 0
naming_16%32, pending tasks: 0
naming_17%32, pending tasks: 0
naming_18%32, pending tasks: 0
naming_19%32, pending tasks: 0
naming_20%32, pending tasks: 0
naming_21%32, pending tasks: 0
naming_22%32, pending tasks: 0
naming_23%32, pending tasks: 0
naming_24%32, pending tasks: 0
naming_25%32, pending tasks: 0
naming_26%32, pending tasks: 0
naming_27%32, pending tasks: 0
naming_28%32, pending tasks: 0
naming_29%32, pending tasks: 0
naming_30%32, pending tasks: 0
naming_31%32, pending tasks: 0


2022-02-12 18:56:06,382 INFO PERFORMANCE:|5|5|8|-1|-1|50|0

2022-02-12 18:56:06,382 INFO Task worker status: 
naming_0%32, pending tasks: 0
naming_1%32, pending tasks: 0
naming_2%32, pending tasks: 0
naming_3%32, pending tasks: 0
naming_4%32, pending tasks: 0
naming_5%32, pending tasks: 0
naming_6%32, pending tasks: 0
naming_7%32, pending tasks: 0
naming_8%32, pending tasks: 0
naming_9%32, pending tasks: 0
naming_10%32, pending tasks: 0
naming_11%32, pending tasks: 0
naming_12%32, pending tasks: 0
naming_13%32, pending tasks: 0
naming_14%32, pending tasks: 0
naming_15%32, pending tasks: 0
naming_16%32, pending tasks: 0
naming_17%32, pending tasks: 0
naming_18%32, pending tasks: 0
naming_19%32, pending tasks: 0
naming_20%32, pending tasks: 0
naming_21%32, pending tasks: 0
naming_22%32, pending tasks: 0
naming_23%32, pending tasks: 0
naming_24%32, pending tasks: 0
naming_25%32, pending tasks: 0
naming_26%32, pending tasks: 0
naming_27%32, pending tasks: 0
naming_28%32, pending tasks: 0
naming_29%32, pending tasks: 0
naming_30%32, pending tasks: 0
naming_31%32, pending tasks: 0


2022-02-12 18:57:06,390 INFO PERFORMANCE:|5|5|8|-1|-1|50|0

2022-02-12 18:57:06,390 INFO Task worker status: 
naming_0%32, pending tasks: 0
naming_1%32, pending tasks: 0
naming_2%32, pending tasks: 0
naming_3%32, pending tasks: 0
naming_4%32, pending tasks: 0
naming_5%32, pending tasks: 0
naming_6%32, pending tasks: 0
naming_7%32, pending tasks: 0
naming_8%32, pending tasks: 0
naming_9%32, pending tasks: 0
naming_10%32, pending tasks: 0
naming_11%32, pending tasks: 0
naming_12%32, pending tasks: 0
naming_13%32, pending tasks: 0
naming_14%32, pending tasks: 0
naming_15%32, pending tasks: 0
naming_16%32, pending tasks: 0
naming_17%32, pending tasks: 0
naming_18%32, pending tasks: 0
naming_19%32, pending tasks: 0
naming_20%32, pending tasks: 0
naming_21%32, pending tasks: 0
naming_22%32, pending tasks: 0
naming_23%32, pending tasks: 0
naming_24%32, pending tasks: 0
naming_25%32, pending tasks: 0
naming_26%32, pending tasks: 0
naming_27%32, pending tasks: 0
naming_28%32, pending tasks: 0
naming_29%32, pending tasks: 0
naming_30%32, pending tasks: 0
naming_31%32, pending tasks: 0


2022-02-12 18:58:06,396 INFO PERFORMANCE:|5|5|8|-1|-1|50|0

2022-02-12 18:58:06,396 INFO Task worker status: 
naming_0%32, pending tasks: 0
naming_1%32, pending tasks: 0
naming_2%32, pending tasks: 0
naming_3%32, pending tasks: 0
naming_4%32, pending tasks: 0
naming_5%32, pending tasks: 0
naming_6%32, pending tasks: 0
naming_7%32, pending tasks: 0
naming_8%32, pending tasks: 0
naming_9%32, pending tasks: 0
naming_10%32, pending tasks: 0
naming_11%32, pending tasks: 0
naming_12%32, pending tasks: 0
naming_13%32, pending tasks: 0
naming_14%32, pending tasks: 0
naming_15%32, pending tasks: 0
naming_16%32, pending tasks: 0
naming_17%32, pending tasks: 0
naming_18%32, pending tasks: 0
naming_19%32, pending tasks: 0
naming_20%32, pending tasks: 0
naming_21%32, pending tasks: 0
naming_22%32, pending tasks: 0
naming_23%32, pending tasks: 0
naming_24%32, pending tasks: 0
naming_25%32, pending tasks: 0
naming_26%32, pending tasks: 0
naming_27%32, pending tasks: 0
naming_28%32, pending tasks: 0
naming_29%32, pending tasks: 0
naming_30%32, pending tasks: 0
naming_31%32, pending tasks: 0


2022-02-12 18:59:06,399 INFO PERFORMANCE:|serviceCount|ipCount|subscribeCount|maxPushCost|avgPushCost|totalPushCount|failPushCount

2022-02-12 18:59:06,399 INFO PERFORMANCE:|5|5|8|-1|-1|50|0

2022-02-12 18:59:06,399 INFO Task worker status: 
naming_0%32, pending tasks: 0
naming_1%32, pending tasks: 0
naming_2%32, pending tasks: 0
naming_3%32, pending tasks: 0
naming_4%32, pending tasks: 0
naming_5%32, pending tasks: 0
naming_6%32, pending tasks: 0
naming_7%32, pending tasks: 0
naming_8%32, pending tasks: 0
naming_9%32, pending tasks: 0
naming_10%32, pending tasks: 0
naming_11%32, pending tasks: 0
naming_12%32, pending tasks: 0
naming_13%32, pending tasks: 0
naming_14%32, pending tasks: 0
naming_15%32, pending tasks: 0
naming_16%32, pending tasks: 0
naming_17%32, pending tasks: 0
naming_18%32, pending tasks: 0
naming_19%32, pending tasks: 0
naming_20%32, pending tasks: 0
naming_21%32, pending tasks: 0
naming_22%32, pending tasks: 0
naming_23%32, pending tasks: 0
naming_24%32, pending tasks: 0
naming_25%32, pending tasks: 0
naming_26%32, pending tasks: 0
naming_27%32, pending tasks: 0
naming_28%32, pending tasks: 0
naming_29%32, pending tasks: 0
naming_30%32, pending tasks: 0
naming_31%32, pending tasks: 0


2022-02-12 19:00:06,414 INFO PERFORMANCE:|5|5|8|-1|-1|50|0

2022-02-12 19:00:06,414 INFO Task worker status: 
naming_0%32, pending tasks: 0
naming_1%32, pending tasks: 0
naming_2%32, pending tasks: 0
naming_3%32, pending tasks: 0
naming_4%32, pending tasks: 0
naming_5%32, pending tasks: 0
naming_6%32, pending tasks: 0
naming_7%32, pending tasks: 0
naming_8%32, pending tasks: 0
naming_9%32, pending tasks: 0
naming_10%32, pending tasks: 0
naming_11%32, pending tasks: 0
naming_12%32, pending tasks: 0
naming_13%32, pending tasks: 0
naming_14%32, pending tasks: 0
naming_15%32, pending tasks: 0
naming_16%32, pending tasks: 0
naming_17%32, pending tasks: 0
naming_18%32, pending tasks: 0
naming_19%32, pending tasks: 0
naming_20%32, pending tasks: 0
naming_21%32, pending tasks: 0
naming_22%32, pending tasks: 0
naming_23%32, pending tasks: 0
naming_24%32, pending tasks: 0
naming_25%32, pending tasks: 0
naming_26%32, pending tasks: 0
naming_27%32, pending tasks: 0
naming_28%32, pending tasks: 0
naming_29%32, pending tasks: 0
naming_30%32, pending tasks: 0
naming_31%32, pending tasks: 0


2022-02-12 19:01:06,415 INFO PERFORMANCE:|5|5|8|-1|-1|50|0

2022-02-12 19:01:06,415 INFO Task worker status: 
naming_0%32, pending tasks: 0
naming_1%32, pending tasks: 0
naming_2%32, pending tasks: 0
naming_3%32, pending tasks: 0
naming_4%32, pending tasks: 0
naming_5%32, pending tasks: 0
naming_6%32, pending tasks: 0
naming_7%32, pending tasks: 0
naming_8%32, pending tasks: 0
naming_9%32, pending tasks: 0
naming_10%32, pending tasks: 0
naming_11%32, pending tasks: 0
naming_12%32, pending tasks: 0
naming_13%32, pending tasks: 0
naming_14%32, pending tasks: 0
naming_15%32, pending tasks: 0
naming_16%32, pending tasks: 0
naming_17%32, pending tasks: 0
naming_18%32, pending tasks: 0
naming_19%32, pending tasks: 0
naming_20%32, pending tasks: 0
naming_21%32, pending tasks: 0
naming_22%32, pending tasks: 0
naming_23%32, pending tasks: 0
naming_24%32, pending tasks: 0
naming_25%32, pending tasks: 0
naming_26%32, pending tasks: 0
naming_27%32, pending tasks: 0
naming_28%32, pending tasks: 0
naming_29%32, pending tasks: 0
naming_30%32, pending tasks: 0
naming_31%32, pending tasks: 0


2022-02-12 19:02:06,417 INFO PERFORMANCE:|5|5|8|-1|-1|50|0

2022-02-12 19:02:06,417 INFO Task worker status: 
naming_0%32, pending tasks: 0
naming_1%32, pending tasks: 0
naming_2%32, pending tasks: 0
naming_3%32, pending tasks: 0
naming_4%32, pending tasks: 0
naming_5%32, pending tasks: 0
naming_6%32, pending tasks: 0
naming_7%32, pending tasks: 0
naming_8%32, pending tasks: 0
naming_9%32, pending tasks: 0
naming_10%32, pending tasks: 0
naming_11%32, pending tasks: 0
naming_12%32, pending tasks: 0
naming_13%32, pending tasks: 0
naming_14%32, pending tasks: 0
naming_15%32, pending tasks: 0
naming_16%32, pending tasks: 0
naming_17%32, pending tasks: 0
naming_18%32, pending tasks: 0
naming_19%32, pending tasks: 0
naming_20%32, pending tasks: 0
naming_21%32, pending tasks: 0
naming_22%32, pending tasks: 0
naming_23%32, pending tasks: 0
naming_24%32, pending tasks: 0
naming_25%32, pending tasks: 0
naming_26%32, pending tasks: 0
naming_27%32, pending tasks: 0
naming_28%32, pending tasks: 0
naming_29%32, pending tasks: 0
naming_30%32, pending tasks: 0
naming_31%32, pending tasks: 0


2022-02-12 19:03:06,427 INFO PERFORMANCE:|5|5|8|-1|-1|50|0

2022-02-12 19:03:06,427 INFO Task worker status: 
naming_0%32, pending tasks: 0
naming_1%32, pending tasks: 0
naming_2%32, pending tasks: 0
naming_3%32, pending tasks: 0
naming_4%32, pending tasks: 0
naming_5%32, pending tasks: 0
naming_6%32, pending tasks: 0
naming_7%32, pending tasks: 0
naming_8%32, pending tasks: 0
naming_9%32, pending tasks: 0
naming_10%32, pending tasks: 0
naming_11%32, pending tasks: 0
naming_12%32, pending tasks: 0
naming_13%32, pending tasks: 0
naming_14%32, pending tasks: 0
naming_15%32, pending tasks: 0
naming_16%32, pending tasks: 0
naming_17%32, pending tasks: 0
naming_18%32, pending tasks: 0
naming_19%32, pending tasks: 0
naming_20%32, pending tasks: 0
naming_21%32, pending tasks: 0
naming_22%32, pending tasks: 0
naming_23%32, pending tasks: 0
naming_24%32, pending tasks: 0
naming_25%32, pending tasks: 0
naming_26%32, pending tasks: 0
naming_27%32, pending tasks: 0
naming_28%32, pending tasks: 0
naming_29%32, pending tasks: 0
naming_30%32, pending tasks: 0
naming_31%32, pending tasks: 0


2022-02-12 19:04:06,434 INFO PERFORMANCE:|5|5|8|-1|-1|50|0

2022-02-12 19:04:06,434 INFO Task worker status: 
naming_0%32, pending tasks: 0
naming_1%32, pending tasks: 0
naming_2%32, pending tasks: 0
naming_3%32, pending tasks: 0
naming_4%32, pending tasks: 0
naming_5%32, pending tasks: 0
naming_6%32, pending tasks: 0
naming_7%32, pending tasks: 0
naming_8%32, pending tasks: 0
naming_9%32, pending tasks: 0
naming_10%32, pending tasks: 0
naming_11%32, pending tasks: 0
naming_12%32, pending tasks: 0
naming_13%32, pending tasks: 0
naming_14%32, pending tasks: 0
naming_15%32, pending tasks: 0
naming_16%32, pending tasks: 0
naming_17%32, pending tasks: 0
naming_18%32, pending tasks: 0
naming_19%32, pending tasks: 0
naming_20%32, pending tasks: 0
naming_21%32, pending tasks: 0
naming_22%32, pending tasks: 0
naming_23%32, pending tasks: 0
naming_24%32, pending tasks: 0
naming_25%32, pending tasks: 0
naming_26%32, pending tasks: 0
naming_27%32, pending tasks: 0
naming_28%32, pending tasks: 0
naming_29%32, pending tasks: 0
naming_30%32, pending tasks: 0
naming_31%32, pending tasks: 0


2022-02-12 19:05:06,446 INFO PERFORMANCE:|5|5|8|-1|-1|50|0

2022-02-12 19:05:06,446 INFO Task worker status: 
naming_0%32, pending tasks: 0
naming_1%32, pending tasks: 0
naming_2%32, pending tasks: 0
naming_3%32, pending tasks: 0
naming_4%32, pending tasks: 0
naming_5%32, pending tasks: 0
naming_6%32, pending tasks: 0
naming_7%32, pending tasks: 0
naming_8%32, pending tasks: 0
naming_9%32, pending tasks: 0
naming_10%32, pending tasks: 0
naming_11%32, pending tasks: 0
naming_12%32, pending tasks: 0
naming_13%32, pending tasks: 0
naming_14%32, pending tasks: 0
naming_15%32, pending tasks: 0
naming_16%32, pending tasks: 0
naming_17%32, pending tasks: 0
naming_18%32, pending tasks: 0
naming_19%32, pending tasks: 0
naming_20%32, pending tasks: 0
naming_21%32, pending tasks: 0
naming_22%32, pending tasks: 0
naming_23%32, pending tasks: 0
naming_24%32, pending tasks: 0
naming_25%32, pending tasks: 0
naming_26%32, pending tasks: 0
naming_27%32, pending tasks: 0
naming_28%32, pending tasks: 0
naming_29%32, pending tasks: 0
naming_30%32, pending tasks: 0
naming_31%32, pending tasks: 0


2022-02-12 19:06:06,447 INFO PERFORMANCE:|5|5|8|-1|-1|50|0

2022-02-12 19:06:06,447 INFO Task worker status: 
naming_0%32, pending tasks: 0
naming_1%32, pending tasks: 0
naming_2%32, pending tasks: 0
naming_3%32, pending tasks: 0
naming_4%32, pending tasks: 0
naming_5%32, pending tasks: 0
naming_6%32, pending tasks: 0
naming_7%32, pending tasks: 0
naming_8%32, pending tasks: 0
naming_9%32, pending tasks: 0
naming_10%32, pending tasks: 0
naming_11%32, pending tasks: 0
naming_12%32, pending tasks: 0
naming_13%32, pending tasks: 0
naming_14%32, pending tasks: 0
naming_15%32, pending tasks: 0
naming_16%32, pending tasks: 0
naming_17%32, pending tasks: 0
naming_18%32, pending tasks: 0
naming_19%32, pending tasks: 0
naming_20%32, pending tasks: 0
naming_21%32, pending tasks: 0
naming_22%32, pending tasks: 0
naming_23%32, pending tasks: 0
naming_24%32, pending tasks: 0
naming_25%32, pending tasks: 0
naming_26%32, pending tasks: 0
naming_27%32, pending tasks: 0
naming_28%32, pending tasks: 0
naming_29%32, pending tasks: 0
naming_30%32, pending tasks: 0
naming_31%32, pending tasks: 0


2022-02-12 19:07:06,460 INFO PERFORMANCE:|5|5|8|-1|-1|50|0

2022-02-12 19:07:06,460 INFO Task worker status: 
naming_0%32, pending tasks: 0
naming_1%32, pending tasks: 0
naming_2%32, pending tasks: 0
naming_3%32, pending tasks: 0
naming_4%32, pending tasks: 0
naming_5%32, pending tasks: 0
naming_6%32, pending tasks: 0
naming_7%32, pending tasks: 0
naming_8%32, pending tasks: 0
naming_9%32, pending tasks: 0
naming_10%32, pending tasks: 0
naming_11%32, pending tasks: 0
naming_12%32, pending tasks: 0
naming_13%32, pending tasks: 0
naming_14%32, pending tasks: 0
naming_15%32, pending tasks: 0
naming_16%32, pending tasks: 0
naming_17%32, pending tasks: 0
naming_18%32, pending tasks: 0
naming_19%32, pending tasks: 0
naming_20%32, pending tasks: 0
naming_21%32, pending tasks: 0
naming_22%32, pending tasks: 0
naming_23%32, pending tasks: 0
naming_24%32, pending tasks: 0
naming_25%32, pending tasks: 0
naming_26%32, pending tasks: 0
naming_27%32, pending tasks: 0
naming_28%32, pending tasks: 0
naming_29%32, pending tasks: 0
naming_30%32, pending tasks: 0
naming_31%32, pending tasks: 0


2022-02-12 19:08:06,465 INFO PERFORMANCE:|5|5|8|-1|-1|50|0

2022-02-12 19:08:06,465 INFO Task worker status: 
naming_0%32, pending tasks: 0
naming_1%32, pending tasks: 0
naming_2%32, pending tasks: 0
naming_3%32, pending tasks: 0
naming_4%32, pending tasks: 0
naming_5%32, pending tasks: 0
naming_6%32, pending tasks: 0
naming_7%32, pending tasks: 0
naming_8%32, pending tasks: 0
naming_9%32, pending tasks: 0
naming_10%32, pending tasks: 0
naming_11%32, pending tasks: 0
naming_12%32, pending tasks: 0
naming_13%32, pending tasks: 0
naming_14%32, pending tasks: 0
naming_15%32, pending tasks: 0
naming_16%32, pending tasks: 0
naming_17%32, pending tasks: 0
naming_18%32, pending tasks: 0
naming_19%32, pending tasks: 0
naming_20%32, pending tasks: 0
naming_21%32, pending tasks: 0
naming_22%32, pending tasks: 0
naming_23%32, pending tasks: 0
naming_24%32, pending tasks: 0
naming_25%32, pending tasks: 0
naming_26%32, pending tasks: 0
naming_27%32, pending tasks: 0
naming_28%32, pending tasks: 0
naming_29%32, pending tasks: 0
naming_30%32, pending tasks: 0
naming_31%32, pending tasks: 0


2022-02-12 19:09:06,478 INFO PERFORMANCE:|serviceCount|ipCount|subscribeCount|maxPushCost|avgPushCost|totalPushCount|failPushCount

2022-02-12 19:09:06,478 INFO PERFORMANCE:|5|5|8|-1|-1|50|0

2022-02-12 19:09:06,478 INFO Task worker status: 
naming_0%32, pending tasks: 0
naming_1%32, pending tasks: 0
naming_2%32, pending tasks: 0
naming_3%32, pending tasks: 0
naming_4%32, pending tasks: 0
naming_5%32, pending tasks: 0
naming_6%32, pending tasks: 0
naming_7%32, pending tasks: 0
naming_8%32, pending tasks: 0
naming_9%32, pending tasks: 0
naming_10%32, pending tasks: 0
naming_11%32, pending tasks: 0
naming_12%32, pending tasks: 0
naming_13%32, pending tasks: 0
naming_14%32, pending tasks: 0
naming_15%32, pending tasks: 0
naming_16%32, pending tasks: 0
naming_17%32, pending tasks: 0
naming_18%32, pending tasks: 0
naming_19%32, pending tasks: 0
naming_20%32, pending tasks: 0
naming_21%32, pending tasks: 0
naming_22%32, pending tasks: 0
naming_23%32, pending tasks: 0
naming_24%32, pending tasks: 0
naming_25%32, pending tasks: 0
naming_26%32, pending tasks: 0
naming_27%32, pending tasks: 0
naming_28%32, pending tasks: 0
naming_29%32, pending tasks: 0
naming_30%32, pending tasks: 0
naming_31%32, pending tasks: 0


2022-02-12 19:10:06,487 INFO PERFORMANCE:|5|5|8|-1|-1|50|0

2022-02-12 19:10:06,487 INFO Task worker status: 
naming_0%32, pending tasks: 0
naming_1%32, pending tasks: 0
naming_2%32, pending tasks: 0
naming_3%32, pending tasks: 0
naming_4%32, pending tasks: 0
naming_5%32, pending tasks: 0
naming_6%32, pending tasks: 0
naming_7%32, pending tasks: 0
naming_8%32, pending tasks: 0
naming_9%32, pending tasks: 0
naming_10%32, pending tasks: 0
naming_11%32, pending tasks: 0
naming_12%32, pending tasks: 0
naming_13%32, pending tasks: 0
naming_14%32, pending tasks: 0
naming_15%32, pending tasks: 0
naming_16%32, pending tasks: 0
naming_17%32, pending tasks: 0
naming_18%32, pending tasks: 0
naming_19%32, pending tasks: 0
naming_20%32, pending tasks: 0
naming_21%32, pending tasks: 0
naming_22%32, pending tasks: 0
naming_23%32, pending tasks: 0
naming_24%32, pending tasks: 0
naming_25%32, pending tasks: 0
naming_26%32, pending tasks: 0
naming_27%32, pending tasks: 0
naming_28%32, pending tasks: 0
naming_29%32, pending tasks: 0
naming_30%32, pending tasks: 0
naming_31%32, pending tasks: 0


2022-02-12 19:11:06,497 INFO PERFORMANCE:|5|5|8|-1|-1|50|0

2022-02-12 19:11:06,497 INFO Task worker status: 
naming_0%32, pending tasks: 0
naming_1%32, pending tasks: 0
naming_2%32, pending tasks: 0
naming_3%32, pending tasks: 0
naming_4%32, pending tasks: 0
naming_5%32, pending tasks: 0
naming_6%32, pending tasks: 0
naming_7%32, pending tasks: 0
naming_8%32, pending tasks: 0
naming_9%32, pending tasks: 0
naming_10%32, pending tasks: 0
naming_11%32, pending tasks: 0
naming_12%32, pending tasks: 0
naming_13%32, pending tasks: 0
naming_14%32, pending tasks: 0
naming_15%32, pending tasks: 0
naming_16%32, pending tasks: 0
naming_17%32, pending tasks: 0
naming_18%32, pending tasks: 0
naming_19%32, pending tasks: 0
naming_20%32, pending tasks: 0
naming_21%32, pending tasks: 0
naming_22%32, pending tasks: 0
naming_23%32, pending tasks: 0
naming_24%32, pending tasks: 0
naming_25%32, pending tasks: 0
naming_26%32, pending tasks: 0
naming_27%32, pending tasks: 0
naming_28%32, pending tasks: 0
naming_29%32, pending tasks: 0
naming_30%32, pending tasks: 0
naming_31%32, pending tasks: 0


2022-02-12 19:12:06,510 INFO PERFORMANCE:|5|5|8|-1|-1|50|0

2022-02-12 19:12:06,510 INFO Task worker status: 
naming_0%32, pending tasks: 0
naming_1%32, pending tasks: 0
naming_2%32, pending tasks: 0
naming_3%32, pending tasks: 0
naming_4%32, pending tasks: 0
naming_5%32, pending tasks: 0
naming_6%32, pending tasks: 0
naming_7%32, pending tasks: 0
naming_8%32, pending tasks: 0
naming_9%32, pending tasks: 0
naming_10%32, pending tasks: 0
naming_11%32, pending tasks: 0
naming_12%32, pending tasks: 0
naming_13%32, pending tasks: 0
naming_14%32, pending tasks: 0
naming_15%32, pending tasks: 0
naming_16%32, pending tasks: 0
naming_17%32, pending tasks: 0
naming_18%32, pending tasks: 0
naming_19%32, pending tasks: 0
naming_20%32, pending tasks: 0
naming_21%32, pending tasks: 0
naming_22%32, pending tasks: 0
naming_23%32, pending tasks: 0
naming_24%32, pending tasks: 0
naming_25%32, pending tasks: 0
naming_26%32, pending tasks: 0
naming_27%32, pending tasks: 0
naming_28%32, pending tasks: 0
naming_29%32, pending tasks: 0
naming_30%32, pending tasks: 0
naming_31%32, pending tasks: 0


2022-02-12 19:13:06,522 INFO PERFORMANCE:|5|5|8|-1|-1|50|0

2022-02-12 19:13:06,522 INFO Task worker status: 
naming_0%32, pending tasks: 0
naming_1%32, pending tasks: 0
naming_2%32, pending tasks: 0
naming_3%32, pending tasks: 0
naming_4%32, pending tasks: 0
naming_5%32, pending tasks: 0
naming_6%32, pending tasks: 0
naming_7%32, pending tasks: 0
naming_8%32, pending tasks: 0
naming_9%32, pending tasks: 0
naming_10%32, pending tasks: 0
naming_11%32, pending tasks: 0
naming_12%32, pending tasks: 0
naming_13%32, pending tasks: 0
naming_14%32, pending tasks: 0
naming_15%32, pending tasks: 0
naming_16%32, pending tasks: 0
naming_17%32, pending tasks: 0
naming_18%32, pending tasks: 0
naming_19%32, pending tasks: 0
naming_20%32, pending tasks: 0
naming_21%32, pending tasks: 0
naming_22%32, pending tasks: 0
naming_23%32, pending tasks: 0
naming_24%32, pending tasks: 0
naming_25%32, pending tasks: 0
naming_26%32, pending tasks: 0
naming_27%32, pending tasks: 0
naming_28%32, pending tasks: 0
naming_29%32, pending tasks: 0
naming_30%32, pending tasks: 0
naming_31%32, pending tasks: 0


2022-02-12 19:14:06,524 INFO PERFORMANCE:|5|5|8|-1|-1|50|0

2022-02-12 19:14:06,524 INFO Task worker status: 
naming_0%32, pending tasks: 0
naming_1%32, pending tasks: 0
naming_2%32, pending tasks: 0
naming_3%32, pending tasks: 0
naming_4%32, pending tasks: 0
naming_5%32, pending tasks: 0
naming_6%32, pending tasks: 0
naming_7%32, pending tasks: 0
naming_8%32, pending tasks: 0
naming_9%32, pending tasks: 0
naming_10%32, pending tasks: 0
naming_11%32, pending tasks: 0
naming_12%32, pending tasks: 0
naming_13%32, pending tasks: 0
naming_14%32, pending tasks: 0
naming_15%32, pending tasks: 0
naming_16%32, pending tasks: 0
naming_17%32, pending tasks: 0
naming_18%32, pending tasks: 0
naming_19%32, pending tasks: 0
naming_20%32, pending tasks: 0
naming_21%32, pending tasks: 0
naming_22%32, pending tasks: 0
naming_23%32, pending tasks: 0
naming_24%32, pending tasks: 0
naming_25%32, pending tasks: 0
naming_26%32, pending tasks: 0
naming_27%32, pending tasks: 0
naming_28%32, pending tasks: 0
naming_29%32, pending tasks: 0
naming_30%32, pending tasks: 0
naming_31%32, pending tasks: 0


2022-02-12 19:15:06,531 INFO PERFORMANCE:|5|5|8|-1|-1|50|0

2022-02-12 19:15:06,531 INFO Task worker status: 
naming_0%32, pending tasks: 0
naming_1%32, pending tasks: 0
naming_2%32, pending tasks: 0
naming_3%32, pending tasks: 0
naming_4%32, pending tasks: 0
naming_5%32, pending tasks: 0
naming_6%32, pending tasks: 0
naming_7%32, pending tasks: 0
naming_8%32, pending tasks: 0
naming_9%32, pending tasks: 0
naming_10%32, pending tasks: 0
naming_11%32, pending tasks: 0
naming_12%32, pending tasks: 0
naming_13%32, pending tasks: 0
naming_14%32, pending tasks: 0
naming_15%32, pending tasks: 0
naming_16%32, pending tasks: 0
naming_17%32, pending tasks: 0
naming_18%32, pending tasks: 0
naming_19%32, pending tasks: 0
naming_20%32, pending tasks: 0
naming_21%32, pending tasks: 0
naming_22%32, pending tasks: 0
naming_23%32, pending tasks: 0
naming_24%32, pending tasks: 0
naming_25%32, pending tasks: 0
naming_26%32, pending tasks: 0
naming_27%32, pending tasks: 0
naming_28%32, pending tasks: 0
naming_29%32, pending tasks: 0
naming_30%32, pending tasks: 0
naming_31%32, pending tasks: 0


2022-02-12 19:16:06,540 INFO PERFORMANCE:|5|5|8|-1|-1|50|0

2022-02-12 19:16:06,540 INFO Task worker status: 
naming_0%32, pending tasks: 0
naming_1%32, pending tasks: 0
naming_2%32, pending tasks: 0
naming_3%32, pending tasks: 0
naming_4%32, pending tasks: 0
naming_5%32, pending tasks: 0
naming_6%32, pending tasks: 0
naming_7%32, pending tasks: 0
naming_8%32, pending tasks: 0
naming_9%32, pending tasks: 0
naming_10%32, pending tasks: 0
naming_11%32, pending tasks: 0
naming_12%32, pending tasks: 0
naming_13%32, pending tasks: 0
naming_14%32, pending tasks: 0
naming_15%32, pending tasks: 0
naming_16%32, pending tasks: 0
naming_17%32, pending tasks: 0
naming_18%32, pending tasks: 0
naming_19%32, pending tasks: 0
naming_20%32, pending tasks: 0
naming_21%32, pending tasks: 0
naming_22%32, pending tasks: 0
naming_23%32, pending tasks: 0
naming_24%32, pending tasks: 0
naming_25%32, pending tasks: 0
naming_26%32, pending tasks: 0
naming_27%32, pending tasks: 0
naming_28%32, pending tasks: 0
naming_29%32, pending tasks: 0
naming_30%32, pending tasks: 0
naming_31%32, pending tasks: 0


2022-02-12 19:17:06,546 INFO PERFORMANCE:|5|5|8|-1|-1|50|0

2022-02-12 19:17:06,546 INFO Task worker status: 
naming_0%32, pending tasks: 0
naming_1%32, pending tasks: 0
naming_2%32, pending tasks: 0
naming_3%32, pending tasks: 0
naming_4%32, pending tasks: 0
naming_5%32, pending tasks: 0
naming_6%32, pending tasks: 0
naming_7%32, pending tasks: 0
naming_8%32, pending tasks: 0
naming_9%32, pending tasks: 0
naming_10%32, pending tasks: 0
naming_11%32, pending tasks: 0
naming_12%32, pending tasks: 0
naming_13%32, pending tasks: 0
naming_14%32, pending tasks: 0
naming_15%32, pending tasks: 0
naming_16%32, pending tasks: 0
naming_17%32, pending tasks: 0
naming_18%32, pending tasks: 0
naming_19%32, pending tasks: 0
naming_20%32, pending tasks: 0
naming_21%32, pending tasks: 0
naming_22%32, pending tasks: 0
naming_23%32, pending tasks: 0
naming_24%32, pending tasks: 0
naming_25%32, pending tasks: 0
naming_26%32, pending tasks: 0
naming_27%32, pending tasks: 0
naming_28%32, pending tasks: 0
naming_29%32, pending tasks: 0
naming_30%32, pending tasks: 0
naming_31%32, pending tasks: 0


2022-02-12 19:18:06,549 INFO PERFORMANCE:|5|5|8|-1|-1|50|0

2022-02-12 19:18:06,549 INFO Task worker status: 
naming_0%32, pending tasks: 0
naming_1%32, pending tasks: 0
naming_2%32, pending tasks: 0
naming_3%32, pending tasks: 0
naming_4%32, pending tasks: 0
naming_5%32, pending tasks: 0
naming_6%32, pending tasks: 0
naming_7%32, pending tasks: 0
naming_8%32, pending tasks: 0
naming_9%32, pending tasks: 0
naming_10%32, pending tasks: 0
naming_11%32, pending tasks: 0
naming_12%32, pending tasks: 0
naming_13%32, pending tasks: 0
naming_14%32, pending tasks: 0
naming_15%32, pending tasks: 0
naming_16%32, pending tasks: 0
naming_17%32, pending tasks: 0
naming_18%32, pending tasks: 0
naming_19%32, pending tasks: 0
naming_20%32, pending tasks: 0
naming_21%32, pending tasks: 0
naming_22%32, pending tasks: 0
naming_23%32, pending tasks: 0
naming_24%32, pending tasks: 0
naming_25%32, pending tasks: 0
naming_26%32, pending tasks: 0
naming_27%32, pending tasks: 0
naming_28%32, pending tasks: 0
naming_29%32, pending tasks: 0
naming_30%32, pending tasks: 0
naming_31%32, pending tasks: 0


2022-02-12 19:19:06,562 INFO PERFORMANCE:|serviceCount|ipCount|subscribeCount|maxPushCost|avgPushCost|totalPushCount|failPushCount

2022-02-12 19:19:06,562 INFO PERFORMANCE:|5|5|8|-1|-1|50|0

2022-02-12 19:19:06,562 INFO Task worker status: 
naming_0%32, pending tasks: 0
naming_1%32, pending tasks: 0
naming_2%32, pending tasks: 0
naming_3%32, pending tasks: 0
naming_4%32, pending tasks: 0
naming_5%32, pending tasks: 0
naming_6%32, pending tasks: 0
naming_7%32, pending tasks: 0
naming_8%32, pending tasks: 0
naming_9%32, pending tasks: 0
naming_10%32, pending tasks: 0
naming_11%32, pending tasks: 0
naming_12%32, pending tasks: 0
naming_13%32, pending tasks: 0
naming_14%32, pending tasks: 0
naming_15%32, pending tasks: 0
naming_16%32, pending tasks: 0
naming_17%32, pending tasks: 0
naming_18%32, pending tasks: 0
naming_19%32, pending tasks: 0
naming_20%32, pending tasks: 0
naming_21%32, pending tasks: 0
naming_22%32, pending tasks: 0
naming_23%32, pending tasks: 0
naming_24%32, pending tasks: 0
naming_25%32, pending tasks: 0
naming_26%32, pending tasks: 0
naming_27%32, pending tasks: 0
naming_28%32, pending tasks: 0
naming_29%32, pending tasks: 0
naming_30%32, pending tasks: 0
naming_31%32, pending tasks: 0


2022-02-12 19:20:06,567 INFO PERFORMANCE:|5|5|8|-1|-1|50|0

2022-02-12 19:20:06,567 INFO Task worker status: 
naming_0%32, pending tasks: 0
naming_1%32, pending tasks: 0
naming_2%32, pending tasks: 0
naming_3%32, pending tasks: 0
naming_4%32, pending tasks: 0
naming_5%32, pending tasks: 0
naming_6%32, pending tasks: 0
naming_7%32, pending tasks: 0
naming_8%32, pending tasks: 0
naming_9%32, pending tasks: 0
naming_10%32, pending tasks: 0
naming_11%32, pending tasks: 0
naming_12%32, pending tasks: 0
naming_13%32, pending tasks: 0
naming_14%32, pending tasks: 0
naming_15%32, pending tasks: 0
naming_16%32, pending tasks: 0
naming_17%32, pending tasks: 0
naming_18%32, pending tasks: 0
naming_19%32, pending tasks: 0
naming_20%32, pending tasks: 0
naming_21%32, pending tasks: 0
naming_22%32, pending tasks: 0
naming_23%32, pending tasks: 0
naming_24%32, pending tasks: 0
naming_25%32, pending tasks: 0
naming_26%32, pending tasks: 0
naming_27%32, pending tasks: 0
naming_28%32, pending tasks: 0
naming_29%32, pending tasks: 0
naming_30%32, pending tasks: 0
naming_31%32, pending tasks: 0


2022-02-12 19:21:06,580 INFO PERFORMANCE:|5|5|8|-1|-1|50|0

2022-02-12 19:21:06,580 INFO Task worker status: 
naming_0%32, pending tasks: 0
naming_1%32, pending tasks: 0
naming_2%32, pending tasks: 0
naming_3%32, pending tasks: 0
naming_4%32, pending tasks: 0
naming_5%32, pending tasks: 0
naming_6%32, pending tasks: 0
naming_7%32, pending tasks: 0
naming_8%32, pending tasks: 0
naming_9%32, pending tasks: 0
naming_10%32, pending tasks: 0
naming_11%32, pending tasks: 0
naming_12%32, pending tasks: 0
naming_13%32, pending tasks: 0
naming_14%32, pending tasks: 0
naming_15%32, pending tasks: 0
naming_16%32, pending tasks: 0
naming_17%32, pending tasks: 0
naming_18%32, pending tasks: 0
naming_19%32, pending tasks: 0
naming_20%32, pending tasks: 0
naming_21%32, pending tasks: 0
naming_22%32, pending tasks: 0
naming_23%32, pending tasks: 0
naming_24%32, pending tasks: 0
naming_25%32, pending tasks: 0
naming_26%32, pending tasks: 0
naming_27%32, pending tasks: 0
naming_28%32, pending tasks: 0
naming_29%32, pending tasks: 0
naming_30%32, pending tasks: 0
naming_31%32, pending tasks: 0


2022-02-12 19:22:06,595 INFO PERFORMANCE:|5|5|8|-1|-1|50|0

2022-02-12 19:22:06,595 INFO Task worker status: 
naming_0%32, pending tasks: 0
naming_1%32, pending tasks: 0
naming_2%32, pending tasks: 0
naming_3%32, pending tasks: 0
naming_4%32, pending tasks: 0
naming_5%32, pending tasks: 0
naming_6%32, pending tasks: 0
naming_7%32, pending tasks: 0
naming_8%32, pending tasks: 0
naming_9%32, pending tasks: 0
naming_10%32, pending tasks: 0
naming_11%32, pending tasks: 0
naming_12%32, pending tasks: 0
naming_13%32, pending tasks: 0
naming_14%32, pending tasks: 0
naming_15%32, pending tasks: 0
naming_16%32, pending tasks: 0
naming_17%32, pending tasks: 0
naming_18%32, pending tasks: 0
naming_19%32, pending tasks: 0
naming_20%32, pending tasks: 0
naming_21%32, pending tasks: 0
naming_22%32, pending tasks: 0
naming_23%32, pending tasks: 0
naming_24%32, pending tasks: 0
naming_25%32, pending tasks: 0
naming_26%32, pending tasks: 0
naming_27%32, pending tasks: 0
naming_28%32, pending tasks: 0
naming_29%32, pending tasks: 0
naming_30%32, pending tasks: 0
naming_31%32, pending tasks: 0


2022-02-12 19:23:06,611 INFO PERFORMANCE:|5|5|8|-1|-1|50|0

2022-02-12 19:23:06,611 INFO Task worker status: 
naming_0%32, pending tasks: 0
naming_1%32, pending tasks: 0
naming_2%32, pending tasks: 0
naming_3%32, pending tasks: 0
naming_4%32, pending tasks: 0
naming_5%32, pending tasks: 0
naming_6%32, pending tasks: 0
naming_7%32, pending tasks: 0
naming_8%32, pending tasks: 0
naming_9%32, pending tasks: 0
naming_10%32, pending tasks: 0
naming_11%32, pending tasks: 0
naming_12%32, pending tasks: 0
naming_13%32, pending tasks: 0
naming_14%32, pending tasks: 0
naming_15%32, pending tasks: 0
naming_16%32, pending tasks: 0
naming_17%32, pending tasks: 0
naming_18%32, pending tasks: 0
naming_19%32, pending tasks: 0
naming_20%32, pending tasks: 0
naming_21%32, pending tasks: 0
naming_22%32, pending tasks: 0
naming_23%32, pending tasks: 0
naming_24%32, pending tasks: 0
naming_25%32, pending tasks: 0
naming_26%32, pending tasks: 0
naming_27%32, pending tasks: 0
naming_28%32, pending tasks: 0
naming_29%32, pending tasks: 0
naming_30%32, pending tasks: 0
naming_31%32, pending tasks: 0


2022-02-12 19:24:06,611 INFO PERFORMANCE:|5|5|8|-1|-1|50|0

2022-02-12 19:24:06,611 INFO Task worker status: 
naming_0%32, pending tasks: 0
naming_1%32, pending tasks: 0
naming_2%32, pending tasks: 0
naming_3%32, pending tasks: 0
naming_4%32, pending tasks: 0
naming_5%32, pending tasks: 0
naming_6%32, pending tasks: 0
naming_7%32, pending tasks: 0
naming_8%32, pending tasks: 0
naming_9%32, pending tasks: 0
naming_10%32, pending tasks: 0
naming_11%32, pending tasks: 0
naming_12%32, pending tasks: 0
naming_13%32, pending tasks: 0
naming_14%32, pending tasks: 0
naming_15%32, pending tasks: 0
naming_16%32, pending tasks: 0
naming_17%32, pending tasks: 0
naming_18%32, pending tasks: 0
naming_19%32, pending tasks: 0
naming_20%32, pending tasks: 0
naming_21%32, pending tasks: 0
naming_22%32, pending tasks: 0
naming_23%32, pending tasks: 0
naming_24%32, pending tasks: 0
naming_25%32, pending tasks: 0
naming_26%32, pending tasks: 0
naming_27%32, pending tasks: 0
naming_28%32, pending tasks: 0
naming_29%32, pending tasks: 0
naming_30%32, pending tasks: 0
naming_31%32, pending tasks: 0


2022-02-12 19:25:06,617 INFO PERFORMANCE:|5|5|8|-1|-1|50|0

2022-02-12 19:25:06,617 INFO Task worker status: 
naming_0%32, pending tasks: 0
naming_1%32, pending tasks: 0
naming_2%32, pending tasks: 0
naming_3%32, pending tasks: 0
naming_4%32, pending tasks: 0
naming_5%32, pending tasks: 0
naming_6%32, pending tasks: 0
naming_7%32, pending tasks: 0
naming_8%32, pending tasks: 0
naming_9%32, pending tasks: 0
naming_10%32, pending tasks: 0
naming_11%32, pending tasks: 0
naming_12%32, pending tasks: 0
naming_13%32, pending tasks: 0
naming_14%32, pending tasks: 0
naming_15%32, pending tasks: 0
naming_16%32, pending tasks: 0
naming_17%32, pending tasks: 0
naming_18%32, pending tasks: 0
naming_19%32, pending tasks: 0
naming_20%32, pending tasks: 0
naming_21%32, pending tasks: 0
naming_22%32, pending tasks: 0
naming_23%32, pending tasks: 0
naming_24%32, pending tasks: 0
naming_25%32, pending tasks: 0
naming_26%32, pending tasks: 0
naming_27%32, pending tasks: 0
naming_28%32, pending tasks: 0
naming_29%32, pending tasks: 0
naming_30%32, pending tasks: 0
naming_31%32, pending tasks: 0


2022-02-12 19:26:06,630 INFO PERFORMANCE:|5|5|8|-1|-1|50|0

2022-02-12 19:26:06,630 INFO Task worker status: 
naming_0%32, pending tasks: 0
naming_1%32, pending tasks: 0
naming_2%32, pending tasks: 0
naming_3%32, pending tasks: 0
naming_4%32, pending tasks: 0
naming_5%32, pending tasks: 0
naming_6%32, pending tasks: 0
naming_7%32, pending tasks: 0
naming_8%32, pending tasks: 0
naming_9%32, pending tasks: 0
naming_10%32, pending tasks: 0
naming_11%32, pending tasks: 0
naming_12%32, pending tasks: 0
naming_13%32, pending tasks: 0
naming_14%32, pending tasks: 0
naming_15%32, pending tasks: 0
naming_16%32, pending tasks: 0
naming_17%32, pending tasks: 0
naming_18%32, pending tasks: 0
naming_19%32, pending tasks: 0
naming_20%32, pending tasks: 0
naming_21%32, pending tasks: 0
naming_22%32, pending tasks: 0
naming_23%32, pending tasks: 0
naming_24%32, pending tasks: 0
naming_25%32, pending tasks: 0
naming_26%32, pending tasks: 0
naming_27%32, pending tasks: 0
naming_28%32, pending tasks: 0
naming_29%32, pending tasks: 0
naming_30%32, pending tasks: 0
naming_31%32, pending tasks: 0


2022-02-12 19:27:06,631 INFO PERFORMANCE:|5|5|8|-1|-1|50|0

2022-02-12 19:27:06,631 INFO Task worker status: 
naming_0%32, pending tasks: 0
naming_1%32, pending tasks: 0
naming_2%32, pending tasks: 0
naming_3%32, pending tasks: 0
naming_4%32, pending tasks: 0
naming_5%32, pending tasks: 0
naming_6%32, pending tasks: 0
naming_7%32, pending tasks: 0
naming_8%32, pending tasks: 0
naming_9%32, pending tasks: 0
naming_10%32, pending tasks: 0
naming_11%32, pending tasks: 0
naming_12%32, pending tasks: 0
naming_13%32, pending tasks: 0
naming_14%32, pending tasks: 0
naming_15%32, pending tasks: 0
naming_16%32, pending tasks: 0
naming_17%32, pending tasks: 0
naming_18%32, pending tasks: 0
naming_19%32, pending tasks: 0
naming_20%32, pending tasks: 0
naming_21%32, pending tasks: 0
naming_22%32, pending tasks: 0
naming_23%32, pending tasks: 0
naming_24%32, pending tasks: 0
naming_25%32, pending tasks: 0
naming_26%32, pending tasks: 0
naming_27%32, pending tasks: 0
naming_28%32, pending tasks: 0
naming_29%32, pending tasks: 0
naming_30%32, pending tasks: 0
naming_31%32, pending tasks: 0


2022-02-12 19:28:06,632 INFO PERFORMANCE:|5|5|8|-1|-1|50|0

2022-02-12 19:28:06,632 INFO Task worker status: 
naming_0%32, pending tasks: 0
naming_1%32, pending tasks: 0
naming_2%32, pending tasks: 0
naming_3%32, pending tasks: 0
naming_4%32, pending tasks: 0
naming_5%32, pending tasks: 0
naming_6%32, pending tasks: 0
naming_7%32, pending tasks: 0
naming_8%32, pending tasks: 0
naming_9%32, pending tasks: 0
naming_10%32, pending tasks: 0
naming_11%32, pending tasks: 0
naming_12%32, pending tasks: 0
naming_13%32, pending tasks: 0
naming_14%32, pending tasks: 0
naming_15%32, pending tasks: 0
naming_16%32, pending tasks: 0
naming_17%32, pending tasks: 0
naming_18%32, pending tasks: 0
naming_19%32, pending tasks: 0
naming_20%32, pending tasks: 0
naming_21%32, pending tasks: 0
naming_22%32, pending tasks: 0
naming_23%32, pending tasks: 0
naming_24%32, pending tasks: 0
naming_25%32, pending tasks: 0
naming_26%32, pending tasks: 0
naming_27%32, pending tasks: 0
naming_28%32, pending tasks: 0
naming_29%32, pending tasks: 0
naming_30%32, pending tasks: 0
naming_31%32, pending tasks: 0


2022-02-12 19:29:06,635 INFO PERFORMANCE:|serviceCount|ipCount|subscribeCount|maxPushCost|avgPushCost|totalPushCount|failPushCount

2022-02-12 19:29:06,635 INFO PERFORMANCE:|5|5|8|-1|-1|50|0

2022-02-12 19:29:06,635 INFO Task worker status: 
naming_0%32, pending tasks: 0
naming_1%32, pending tasks: 0
naming_2%32, pending tasks: 0
naming_3%32, pending tasks: 0
naming_4%32, pending tasks: 0
naming_5%32, pending tasks: 0
naming_6%32, pending tasks: 0
naming_7%32, pending tasks: 0
naming_8%32, pending tasks: 0
naming_9%32, pending tasks: 0
naming_10%32, pending tasks: 0
naming_11%32, pending tasks: 0
naming_12%32, pending tasks: 0
naming_13%32, pending tasks: 0
naming_14%32, pending tasks: 0
naming_15%32, pending tasks: 0
naming_16%32, pending tasks: 0
naming_17%32, pending tasks: 0
naming_18%32, pending tasks: 0
naming_19%32, pending tasks: 0
naming_20%32, pending tasks: 0
naming_21%32, pending tasks: 0
naming_22%32, pending tasks: 0
naming_23%32, pending tasks: 0
naming_24%32, pending tasks: 0
naming_25%32, pending tasks: 0
naming_26%32, pending tasks: 0
naming_27%32, pending tasks: 0
naming_28%32, pending tasks: 0
naming_29%32, pending tasks: 0
naming_30%32, pending tasks: 0
naming_31%32, pending tasks: 0


2022-02-12 19:30:06,650 INFO PERFORMANCE:|5|5|8|-1|-1|50|0

2022-02-12 19:30:06,650 INFO Task worker status: 
naming_0%32, pending tasks: 0
naming_1%32, pending tasks: 0
naming_2%32, pending tasks: 0
naming_3%32, pending tasks: 0
naming_4%32, pending tasks: 0
naming_5%32, pending tasks: 0
naming_6%32, pending tasks: 0
naming_7%32, pending tasks: 0
naming_8%32, pending tasks: 0
naming_9%32, pending tasks: 0
naming_10%32, pending tasks: 0
naming_11%32, pending tasks: 0
naming_12%32, pending tasks: 0
naming_13%32, pending tasks: 0
naming_14%32, pending tasks: 0
naming_15%32, pending tasks: 0
naming_16%32, pending tasks: 0
naming_17%32, pending tasks: 0
naming_18%32, pending tasks: 0
naming_19%32, pending tasks: 0
naming_20%32, pending tasks: 0
naming_21%32, pending tasks: 0
naming_22%32, pending tasks: 0
naming_23%32, pending tasks: 0
naming_24%32, pending tasks: 0
naming_25%32, pending tasks: 0
naming_26%32, pending tasks: 0
naming_27%32, pending tasks: 0
naming_28%32, pending tasks: 0
naming_29%32, pending tasks: 0
naming_30%32, pending tasks: 0
naming_31%32, pending tasks: 0


2022-02-12 19:31:06,659 INFO PERFORMANCE:|5|5|8|-1|-1|50|0

2022-02-12 19:31:06,659 INFO Task worker status: 
naming_0%32, pending tasks: 0
naming_1%32, pending tasks: 0
naming_2%32, pending tasks: 0
naming_3%32, pending tasks: 0
naming_4%32, pending tasks: 0
naming_5%32, pending tasks: 0
naming_6%32, pending tasks: 0
naming_7%32, pending tasks: 0
naming_8%32, pending tasks: 0
naming_9%32, pending tasks: 0
naming_10%32, pending tasks: 0
naming_11%32, pending tasks: 0
naming_12%32, pending tasks: 0
naming_13%32, pending tasks: 0
naming_14%32, pending tasks: 0
naming_15%32, pending tasks: 0
naming_16%32, pending tasks: 0
naming_17%32, pending tasks: 0
naming_18%32, pending tasks: 0
naming_19%32, pending tasks: 0
naming_20%32, pending tasks: 0
naming_21%32, pending tasks: 0
naming_22%32, pending tasks: 0
naming_23%32, pending tasks: 0
naming_24%32, pending tasks: 0
naming_25%32, pending tasks: 0
naming_26%32, pending tasks: 0
naming_27%32, pending tasks: 0
naming_28%32, pending tasks: 0
naming_29%32, pending tasks: 0
naming_30%32, pending tasks: 0
naming_31%32, pending tasks: 0


2022-02-12 19:32:06,673 INFO PERFORMANCE:|5|5|8|-1|-1|50|0

2022-02-12 19:32:06,673 INFO Task worker status: 
naming_0%32, pending tasks: 0
naming_1%32, pending tasks: 0
naming_2%32, pending tasks: 0
naming_3%32, pending tasks: 0
naming_4%32, pending tasks: 0
naming_5%32, pending tasks: 0
naming_6%32, pending tasks: 0
naming_7%32, pending tasks: 0
naming_8%32, pending tasks: 0
naming_9%32, pending tasks: 0
naming_10%32, pending tasks: 0
naming_11%32, pending tasks: 0
naming_12%32, pending tasks: 0
naming_13%32, pending tasks: 0
naming_14%32, pending tasks: 0
naming_15%32, pending tasks: 0
naming_16%32, pending tasks: 0
naming_17%32, pending tasks: 0
naming_18%32, pending tasks: 0
naming_19%32, pending tasks: 0
naming_20%32, pending tasks: 0
naming_21%32, pending tasks: 0
naming_22%32, pending tasks: 0
naming_23%32, pending tasks: 0
naming_24%32, pending tasks: 0
naming_25%32, pending tasks: 0
naming_26%32, pending tasks: 0
naming_27%32, pending tasks: 0
naming_28%32, pending tasks: 0
naming_29%32, pending tasks: 0
naming_30%32, pending tasks: 0
naming_31%32, pending tasks: 0


2022-02-12 19:33:06,684 INFO PERFORMANCE:|5|5|8|-1|-1|50|0

2022-02-12 19:33:06,684 INFO Task worker status: 
naming_0%32, pending tasks: 0
naming_1%32, pending tasks: 0
naming_2%32, pending tasks: 0
naming_3%32, pending tasks: 0
naming_4%32, pending tasks: 0
naming_5%32, pending tasks: 0
naming_6%32, pending tasks: 0
naming_7%32, pending tasks: 0
naming_8%32, pending tasks: 0
naming_9%32, pending tasks: 0
naming_10%32, pending tasks: 0
naming_11%32, pending tasks: 0
naming_12%32, pending tasks: 0
naming_13%32, pending tasks: 0
naming_14%32, pending tasks: 0
naming_15%32, pending tasks: 0
naming_16%32, pending tasks: 0
naming_17%32, pending tasks: 0
naming_18%32, pending tasks: 0
naming_19%32, pending tasks: 0
naming_20%32, pending tasks: 0
naming_21%32, pending tasks: 0
naming_22%32, pending tasks: 0
naming_23%32, pending tasks: 0
naming_24%32, pending tasks: 0
naming_25%32, pending tasks: 0
naming_26%32, pending tasks: 0
naming_27%32, pending tasks: 0
naming_28%32, pending tasks: 0
naming_29%32, pending tasks: 0
naming_30%32, pending tasks: 0
naming_31%32, pending tasks: 0


2022-02-12 19:34:06,697 INFO PERFORMANCE:|5|5|8|-1|-1|50|0

2022-02-12 19:34:06,697 INFO Task worker status: 
naming_0%32, pending tasks: 0
naming_1%32, pending tasks: 0
naming_2%32, pending tasks: 0
naming_3%32, pending tasks: 0
naming_4%32, pending tasks: 0
naming_5%32, pending tasks: 0
naming_6%32, pending tasks: 0
naming_7%32, pending tasks: 0
naming_8%32, pending tasks: 0
naming_9%32, pending tasks: 0
naming_10%32, pending tasks: 0
naming_11%32, pending tasks: 0
naming_12%32, pending tasks: 0
naming_13%32, pending tasks: 0
naming_14%32, pending tasks: 0
naming_15%32, pending tasks: 0
naming_16%32, pending tasks: 0
naming_17%32, pending tasks: 0
naming_18%32, pending tasks: 0
naming_19%32, pending tasks: 0
naming_20%32, pending tasks: 0
naming_21%32, pending tasks: 0
naming_22%32, pending tasks: 0
naming_23%32, pending tasks: 0
naming_24%32, pending tasks: 0
naming_25%32, pending tasks: 0
naming_26%32, pending tasks: 0
naming_27%32, pending tasks: 0
naming_28%32, pending tasks: 0
naming_29%32, pending tasks: 0
naming_30%32, pending tasks: 0
naming_31%32, pending tasks: 0


2022-02-12 19:35:06,698 INFO PERFORMANCE:|5|5|8|-1|-1|50|0

2022-02-12 19:35:06,698 INFO Task worker status: 
naming_0%32, pending tasks: 0
naming_1%32, pending tasks: 0
naming_2%32, pending tasks: 0
naming_3%32, pending tasks: 0
naming_4%32, pending tasks: 0
naming_5%32, pending tasks: 0
naming_6%32, pending tasks: 0
naming_7%32, pending tasks: 0
naming_8%32, pending tasks: 0
naming_9%32, pending tasks: 0
naming_10%32, pending tasks: 0
naming_11%32, pending tasks: 0
naming_12%32, pending tasks: 0
naming_13%32, pending tasks: 0
naming_14%32, pending tasks: 0
naming_15%32, pending tasks: 0
naming_16%32, pending tasks: 0
naming_17%32, pending tasks: 0
naming_18%32, pending tasks: 0
naming_19%32, pending tasks: 0
naming_20%32, pending tasks: 0
naming_21%32, pending tasks: 0
naming_22%32, pending tasks: 0
naming_23%32, pending tasks: 0
naming_24%32, pending tasks: 0
naming_25%32, pending tasks: 0
naming_26%32, pending tasks: 0
naming_27%32, pending tasks: 0
naming_28%32, pending tasks: 0
naming_29%32, pending tasks: 0
naming_30%32, pending tasks: 0
naming_31%32, pending tasks: 0


2022-02-12 19:36:06,708 INFO PERFORMANCE:|5|5|8|-1|-1|50|0

2022-02-12 19:36:06,708 INFO Task worker status: 
naming_0%32, pending tasks: 0
naming_1%32, pending tasks: 0
naming_2%32, pending tasks: 0
naming_3%32, pending tasks: 0
naming_4%32, pending tasks: 0
naming_5%32, pending tasks: 0
naming_6%32, pending tasks: 0
naming_7%32, pending tasks: 0
naming_8%32, pending tasks: 0
naming_9%32, pending tasks: 0
naming_10%32, pending tasks: 0
naming_11%32, pending tasks: 0
naming_12%32, pending tasks: 0
naming_13%32, pending tasks: 0
naming_14%32, pending tasks: 0
naming_15%32, pending tasks: 0
naming_16%32, pending tasks: 0
naming_17%32, pending tasks: 0
naming_18%32, pending tasks: 0
naming_19%32, pending tasks: 0
naming_20%32, pending tasks: 0
naming_21%32, pending tasks: 0
naming_22%32, pending tasks: 0
naming_23%32, pending tasks: 0
naming_24%32, pending tasks: 0
naming_25%32, pending tasks: 0
naming_26%32, pending tasks: 0
naming_27%32, pending tasks: 0
naming_28%32, pending tasks: 0
naming_29%32, pending tasks: 0
naming_30%32, pending tasks: 0
naming_31%32, pending tasks: 0


2022-02-12 19:37:06,710 INFO PERFORMANCE:|5|5|8|-1|-1|50|0

2022-02-12 19:37:06,710 INFO Task worker status: 
naming_0%32, pending tasks: 0
naming_1%32, pending tasks: 0
naming_2%32, pending tasks: 0
naming_3%32, pending tasks: 0
naming_4%32, pending tasks: 0
naming_5%32, pending tasks: 0
naming_6%32, pending tasks: 0
naming_7%32, pending tasks: 0
naming_8%32, pending tasks: 0
naming_9%32, pending tasks: 0
naming_10%32, pending tasks: 0
naming_11%32, pending tasks: 0
naming_12%32, pending tasks: 0
naming_13%32, pending tasks: 0
naming_14%32, pending tasks: 0
naming_15%32, pending tasks: 0
naming_16%32, pending tasks: 0
naming_17%32, pending tasks: 0
naming_18%32, pending tasks: 0
naming_19%32, pending tasks: 0
naming_20%32, pending tasks: 0
naming_21%32, pending tasks: 0
naming_22%32, pending tasks: 0
naming_23%32, pending tasks: 0
naming_24%32, pending tasks: 0
naming_25%32, pending tasks: 0
naming_26%32, pending tasks: 0
naming_27%32, pending tasks: 0
naming_28%32, pending tasks: 0
naming_29%32, pending tasks: 0
naming_30%32, pending tasks: 0
naming_31%32, pending tasks: 0


2022-02-12 19:38:06,713 INFO PERFORMANCE:|5|5|8|-1|-1|50|0

2022-02-12 19:38:06,713 INFO Task worker status: 
naming_0%32, pending tasks: 0
naming_1%32, pending tasks: 0
naming_2%32, pending tasks: 0
naming_3%32, pending tasks: 0
naming_4%32, pending tasks: 0
naming_5%32, pending tasks: 0
naming_6%32, pending tasks: 0
naming_7%32, pending tasks: 0
naming_8%32, pending tasks: 0
naming_9%32, pending tasks: 0
naming_10%32, pending tasks: 0
naming_11%32, pending tasks: 0
naming_12%32, pending tasks: 0
naming_13%32, pending tasks: 0
naming_14%32, pending tasks: 0
naming_15%32, pending tasks: 0
naming_16%32, pending tasks: 0
naming_17%32, pending tasks: 0
naming_18%32, pending tasks: 0
naming_19%32, pending tasks: 0
naming_20%32, pending tasks: 0
naming_21%32, pending tasks: 0
naming_22%32, pending tasks: 0
naming_23%32, pending tasks: 0
naming_24%32, pending tasks: 0
naming_25%32, pending tasks: 0
naming_26%32, pending tasks: 0
naming_27%32, pending tasks: 0
naming_28%32, pending tasks: 0
naming_29%32, pending tasks: 0
naming_30%32, pending tasks: 0
naming_31%32, pending tasks: 0


2022-02-12 19:39:06,726 INFO PERFORMANCE:|serviceCount|ipCount|subscribeCount|maxPushCost|avgPushCost|totalPushCount|failPushCount

2022-02-12 19:39:06,726 INFO PERFORMANCE:|5|5|8|-1|-1|50|0

2022-02-12 19:39:06,726 INFO Task worker status: 
naming_0%32, pending tasks: 0
naming_1%32, pending tasks: 0
naming_2%32, pending tasks: 0
naming_3%32, pending tasks: 0
naming_4%32, pending tasks: 0
naming_5%32, pending tasks: 0
naming_6%32, pending tasks: 0
naming_7%32, pending tasks: 0
naming_8%32, pending tasks: 0
naming_9%32, pending tasks: 0
naming_10%32, pending tasks: 0
naming_11%32, pending tasks: 0
naming_12%32, pending tasks: 0
naming_13%32, pending tasks: 0
naming_14%32, pending tasks: 0
naming_15%32, pending tasks: 0
naming_16%32, pending tasks: 0
naming_17%32, pending tasks: 0
naming_18%32, pending tasks: 0
naming_19%32, pending tasks: 0
naming_20%32, pending tasks: 0
naming_21%32, pending tasks: 0
naming_22%32, pending tasks: 0
naming_23%32, pending tasks: 0
naming_24%32, pending tasks: 0
naming_25%32, pending tasks: 0
naming_26%32, pending tasks: 0
naming_27%32, pending tasks: 0
naming_28%32, pending tasks: 0
naming_29%32, pending tasks: 0
naming_30%32, pending tasks: 0
naming_31%32, pending tasks: 0


2022-02-12 19:40:06,737 INFO PERFORMANCE:|5|5|8|-1|-1|50|0

2022-02-12 19:40:06,737 INFO Task worker status: 
naming_0%32, pending tasks: 0
naming_1%32, pending tasks: 0
naming_2%32, pending tasks: 0
naming_3%32, pending tasks: 0
naming_4%32, pending tasks: 0
naming_5%32, pending tasks: 0
naming_6%32, pending tasks: 0
naming_7%32, pending tasks: 0
naming_8%32, pending tasks: 0
naming_9%32, pending tasks: 0
naming_10%32, pending tasks: 0
naming_11%32, pending tasks: 0
naming_12%32, pending tasks: 0
naming_13%32, pending tasks: 0
naming_14%32, pending tasks: 0
naming_15%32, pending tasks: 0
naming_16%32, pending tasks: 0
naming_17%32, pending tasks: 0
naming_18%32, pending tasks: 0
naming_19%32, pending tasks: 0
naming_20%32, pending tasks: 0
naming_21%32, pending tasks: 0
naming_22%32, pending tasks: 0
naming_23%32, pending tasks: 0
naming_24%32, pending tasks: 0
naming_25%32, pending tasks: 0
naming_26%32, pending tasks: 0
naming_27%32, pending tasks: 0
naming_28%32, pending tasks: 0
naming_29%32, pending tasks: 0
naming_30%32, pending tasks: 0
naming_31%32, pending tasks: 0


2022-02-12 19:41:06,738 INFO PERFORMANCE:|5|5|8|-1|-1|50|0

2022-02-12 19:41:06,738 INFO Task worker status: 
naming_0%32, pending tasks: 0
naming_1%32, pending tasks: 0
naming_2%32, pending tasks: 0
naming_3%32, pending tasks: 0
naming_4%32, pending tasks: 0
naming_5%32, pending tasks: 0
naming_6%32, pending tasks: 0
naming_7%32, pending tasks: 0
naming_8%32, pending tasks: 0
naming_9%32, pending tasks: 0
naming_10%32, pending tasks: 0
naming_11%32, pending tasks: 0
naming_12%32, pending tasks: 0
naming_13%32, pending tasks: 0
naming_14%32, pending tasks: 0
naming_15%32, pending tasks: 0
naming_16%32, pending tasks: 0
naming_17%32, pending tasks: 0
naming_18%32, pending tasks: 0
naming_19%32, pending tasks: 0
naming_20%32, pending tasks: 0
naming_21%32, pending tasks: 0
naming_22%32, pending tasks: 0
naming_23%32, pending tasks: 0
naming_24%32, pending tasks: 0
naming_25%32, pending tasks: 0
naming_26%32, pending tasks: 0
naming_27%32, pending tasks: 0
naming_28%32, pending tasks: 0
naming_29%32, pending tasks: 0
naming_30%32, pending tasks: 0
naming_31%32, pending tasks: 0


2022-02-12 19:42:06,751 INFO PERFORMANCE:|5|5|8|-1|-1|50|0

2022-02-12 19:42:06,751 INFO Task worker status: 
naming_0%32, pending tasks: 0
naming_1%32, pending tasks: 0
naming_2%32, pending tasks: 0
naming_3%32, pending tasks: 0
naming_4%32, pending tasks: 0
naming_5%32, pending tasks: 0
naming_6%32, pending tasks: 0
naming_7%32, pending tasks: 0
naming_8%32, pending tasks: 0
naming_9%32, pending tasks: 0
naming_10%32, pending tasks: 0
naming_11%32, pending tasks: 0
naming_12%32, pending tasks: 0
naming_13%32, pending tasks: 0
naming_14%32, pending tasks: 0
naming_15%32, pending tasks: 0
naming_16%32, pending tasks: 0
naming_17%32, pending tasks: 0
naming_18%32, pending tasks: 0
naming_19%32, pending tasks: 0
naming_20%32, pending tasks: 0
naming_21%32, pending tasks: 0
naming_22%32, pending tasks: 0
naming_23%32, pending tasks: 0
naming_24%32, pending tasks: 0
naming_25%32, pending tasks: 0
naming_26%32, pending tasks: 0
naming_27%32, pending tasks: 0
naming_28%32, pending tasks: 0
naming_29%32, pending tasks: 0
naming_30%32, pending tasks: 0
naming_31%32, pending tasks: 0


2022-02-12 19:43:06,756 INFO PERFORMANCE:|5|5|8|-1|-1|50|0

2022-02-12 19:43:06,756 INFO Task worker status: 
naming_0%32, pending tasks: 0
naming_1%32, pending tasks: 0
naming_2%32, pending tasks: 0
naming_3%32, pending tasks: 0
naming_4%32, pending tasks: 0
naming_5%32, pending tasks: 0
naming_6%32, pending tasks: 0
naming_7%32, pending tasks: 0
naming_8%32, pending tasks: 0
naming_9%32, pending tasks: 0
naming_10%32, pending tasks: 0
naming_11%32, pending tasks: 0
naming_12%32, pending tasks: 0
naming_13%32, pending tasks: 0
naming_14%32, pending tasks: 0
naming_15%32, pending tasks: 0
naming_16%32, pending tasks: 0
naming_17%32, pending tasks: 0
naming_18%32, pending tasks: 0
naming_19%32, pending tasks: 0
naming_20%32, pending tasks: 0
naming_21%32, pending tasks: 0
naming_22%32, pending tasks: 0
naming_23%32, pending tasks: 0
naming_24%32, pending tasks: 0
naming_25%32, pending tasks: 0
naming_26%32, pending tasks: 0
naming_27%32, pending tasks: 0
naming_28%32, pending tasks: 0
naming_29%32, pending tasks: 0
naming_30%32, pending tasks: 0
naming_31%32, pending tasks: 0


2022-02-12 19:44:06,770 INFO PERFORMANCE:|5|5|8|-1|-1|50|0

2022-02-12 19:44:06,770 INFO Task worker status: 
naming_0%32, pending tasks: 0
naming_1%32, pending tasks: 0
naming_2%32, pending tasks: 0
naming_3%32, pending tasks: 0
naming_4%32, pending tasks: 0
naming_5%32, pending tasks: 0
naming_6%32, pending tasks: 0
naming_7%32, pending tasks: 0
naming_8%32, pending tasks: 0
naming_9%32, pending tasks: 0
naming_10%32, pending tasks: 0
naming_11%32, pending tasks: 0
naming_12%32, pending tasks: 0
naming_13%32, pending tasks: 0
naming_14%32, pending tasks: 0
naming_15%32, pending tasks: 0
naming_16%32, pending tasks: 0
naming_17%32, pending tasks: 0
naming_18%32, pending tasks: 0
naming_19%32, pending tasks: 0
naming_20%32, pending tasks: 0
naming_21%32, pending tasks: 0
naming_22%32, pending tasks: 0
naming_23%32, pending tasks: 0
naming_24%32, pending tasks: 0
naming_25%32, pending tasks: 0
naming_26%32, pending tasks: 0
naming_27%32, pending tasks: 0
naming_28%32, pending tasks: 0
naming_29%32, pending tasks: 0
naming_30%32, pending tasks: 0
naming_31%32, pending tasks: 0


2022-02-12 19:45:06,785 INFO PERFORMANCE:|5|5|8|-1|-1|50|0

2022-02-12 19:45:06,785 INFO Task worker status: 
naming_0%32, pending tasks: 0
naming_1%32, pending tasks: 0
naming_2%32, pending tasks: 0
naming_3%32, pending tasks: 0
naming_4%32, pending tasks: 0
naming_5%32, pending tasks: 0
naming_6%32, pending tasks: 0
naming_7%32, pending tasks: 0
naming_8%32, pending tasks: 0
naming_9%32, pending tasks: 0
naming_10%32, pending tasks: 0
naming_11%32, pending tasks: 0
naming_12%32, pending tasks: 0
naming_13%32, pending tasks: 0
naming_14%32, pending tasks: 0
naming_15%32, pending tasks: 0
naming_16%32, pending tasks: 0
naming_17%32, pending tasks: 0
naming_18%32, pending tasks: 0
naming_19%32, pending tasks: 0
naming_20%32, pending tasks: 0
naming_21%32, pending tasks: 0
naming_22%32, pending tasks: 0
naming_23%32, pending tasks: 0
naming_24%32, pending tasks: 0
naming_25%32, pending tasks: 0
naming_26%32, pending tasks: 0
naming_27%32, pending tasks: 0
naming_28%32, pending tasks: 0
naming_29%32, pending tasks: 0
naming_30%32, pending tasks: 0
naming_31%32, pending tasks: 0


2022-02-12 19:46:06,795 INFO PERFORMANCE:|5|5|8|-1|-1|50|0

2022-02-12 19:46:06,795 INFO Task worker status: 
naming_0%32, pending tasks: 0
naming_1%32, pending tasks: 0
naming_2%32, pending tasks: 0
naming_3%32, pending tasks: 0
naming_4%32, pending tasks: 0
naming_5%32, pending tasks: 0
naming_6%32, pending tasks: 0
naming_7%32, pending tasks: 0
naming_8%32, pending tasks: 0
naming_9%32, pending tasks: 0
naming_10%32, pending tasks: 0
naming_11%32, pending tasks: 0
naming_12%32, pending tasks: 0
naming_13%32, pending tasks: 0
naming_14%32, pending tasks: 0
naming_15%32, pending tasks: 0
naming_16%32, pending tasks: 0
naming_17%32, pending tasks: 0
naming_18%32, pending tasks: 0
naming_19%32, pending tasks: 0
naming_20%32, pending tasks: 0
naming_21%32, pending tasks: 0
naming_22%32, pending tasks: 0
naming_23%32, pending tasks: 0
naming_24%32, pending tasks: 0
naming_25%32, pending tasks: 0
naming_26%32, pending tasks: 0
naming_27%32, pending tasks: 0
naming_28%32, pending tasks: 0
naming_29%32, pending tasks: 0
naming_30%32, pending tasks: 0
naming_31%32, pending tasks: 0


2022-02-12 19:47:06,807 INFO PERFORMANCE:|5|5|8|-1|-1|50|0

2022-02-12 19:47:06,807 INFO Task worker status: 
naming_0%32, pending tasks: 0
naming_1%32, pending tasks: 0
naming_2%32, pending tasks: 0
naming_3%32, pending tasks: 0
naming_4%32, pending tasks: 0
naming_5%32, pending tasks: 0
naming_6%32, pending tasks: 0
naming_7%32, pending tasks: 0
naming_8%32, pending tasks: 0
naming_9%32, pending tasks: 0
naming_10%32, pending tasks: 0
naming_11%32, pending tasks: 0
naming_12%32, pending tasks: 0
naming_13%32, pending tasks: 0
naming_14%32, pending tasks: 0
naming_15%32, pending tasks: 0
naming_16%32, pending tasks: 0
naming_17%32, pending tasks: 0
naming_18%32, pending tasks: 0
naming_19%32, pending tasks: 0
naming_20%32, pending tasks: 0
naming_21%32, pending tasks: 0
naming_22%32, pending tasks: 0
naming_23%32, pending tasks: 0
naming_24%32, pending tasks: 0
naming_25%32, pending tasks: 0
naming_26%32, pending tasks: 0
naming_27%32, pending tasks: 0
naming_28%32, pending tasks: 0
naming_29%32, pending tasks: 0
naming_30%32, pending tasks: 0
naming_31%32, pending tasks: 0


2022-02-12 19:48:06,822 INFO PERFORMANCE:|5|5|8|-1|-1|50|0

2022-02-12 19:48:06,822 INFO Task worker status: 
naming_0%32, pending tasks: 0
naming_1%32, pending tasks: 0
naming_2%32, pending tasks: 0
naming_3%32, pending tasks: 0
naming_4%32, pending tasks: 0
naming_5%32, pending tasks: 0
naming_6%32, pending tasks: 0
naming_7%32, pending tasks: 0
naming_8%32, pending tasks: 0
naming_9%32, pending tasks: 0
naming_10%32, pending tasks: 0
naming_11%32, pending tasks: 0
naming_12%32, pending tasks: 0
naming_13%32, pending tasks: 0
naming_14%32, pending tasks: 0
naming_15%32, pending tasks: 0
naming_16%32, pending tasks: 0
naming_17%32, pending tasks: 0
naming_18%32, pending tasks: 0
naming_19%32, pending tasks: 0
naming_20%32, pending tasks: 0
naming_21%32, pending tasks: 0
naming_22%32, pending tasks: 0
naming_23%32, pending tasks: 0
naming_24%32, pending tasks: 0
naming_25%32, pending tasks: 0
naming_26%32, pending tasks: 0
naming_27%32, pending tasks: 0
naming_28%32, pending tasks: 0
naming_29%32, pending tasks: 0
naming_30%32, pending tasks: 0
naming_31%32, pending tasks: 0


2022-02-12 19:49:06,829 INFO PERFORMANCE:|serviceCount|ipCount|subscribeCount|maxPushCost|avgPushCost|totalPushCount|failPushCount

2022-02-12 19:49:06,829 INFO PERFORMANCE:|5|5|8|-1|-1|50|0

2022-02-12 19:49:06,829 INFO Task worker status: 
naming_0%32, pending tasks: 0
naming_1%32, pending tasks: 0
naming_2%32, pending tasks: 0
naming_3%32, pending tasks: 0
naming_4%32, pending tasks: 0
naming_5%32, pending tasks: 0
naming_6%32, pending tasks: 0
naming_7%32, pending tasks: 0
naming_8%32, pending tasks: 0
naming_9%32, pending tasks: 0
naming_10%32, pending tasks: 0
naming_11%32, pending tasks: 0
naming_12%32, pending tasks: 0
naming_13%32, pending tasks: 0
naming_14%32, pending tasks: 0
naming_15%32, pending tasks: 0
naming_16%32, pending tasks: 0
naming_17%32, pending tasks: 0
naming_18%32, pending tasks: 0
naming_19%32, pending tasks: 0
naming_20%32, pending tasks: 0
naming_21%32, pending tasks: 0
naming_22%32, pending tasks: 0
naming_23%32, pending tasks: 0
naming_24%32, pending tasks: 0
naming_25%32, pending tasks: 0
naming_26%32, pending tasks: 0
naming_27%32, pending tasks: 0
naming_28%32, pending tasks: 0
naming_29%32, pending tasks: 0
naming_30%32, pending tasks: 0
naming_31%32, pending tasks: 0


2022-02-12 19:50:06,844 INFO PERFORMANCE:|5|5|8|-1|-1|50|0

2022-02-12 19:50:06,844 INFO Task worker status: 
naming_0%32, pending tasks: 0
naming_1%32, pending tasks: 0
naming_2%32, pending tasks: 0
naming_3%32, pending tasks: 0
naming_4%32, pending tasks: 0
naming_5%32, pending tasks: 0
naming_6%32, pending tasks: 0
naming_7%32, pending tasks: 0
naming_8%32, pending tasks: 0
naming_9%32, pending tasks: 0
naming_10%32, pending tasks: 0
naming_11%32, pending tasks: 0
naming_12%32, pending tasks: 0
naming_13%32, pending tasks: 0
naming_14%32, pending tasks: 0
naming_15%32, pending tasks: 0
naming_16%32, pending tasks: 0
naming_17%32, pending tasks: 0
naming_18%32, pending tasks: 0
naming_19%32, pending tasks: 0
naming_20%32, pending tasks: 0
naming_21%32, pending tasks: 0
naming_22%32, pending tasks: 0
naming_23%32, pending tasks: 0
naming_24%32, pending tasks: 0
naming_25%32, pending tasks: 0
naming_26%32, pending tasks: 0
naming_27%32, pending tasks: 0
naming_28%32, pending tasks: 0
naming_29%32, pending tasks: 0
naming_30%32, pending tasks: 0
naming_31%32, pending tasks: 0


2022-02-12 19:51:06,845 INFO PERFORMANCE:|5|5|8|-1|-1|50|0

2022-02-12 19:51:06,845 INFO Task worker status: 
naming_0%32, pending tasks: 0
naming_1%32, pending tasks: 0
naming_2%32, pending tasks: 0
naming_3%32, pending tasks: 0
naming_4%32, pending tasks: 0
naming_5%32, pending tasks: 0
naming_6%32, pending tasks: 0
naming_7%32, pending tasks: 0
naming_8%32, pending tasks: 0
naming_9%32, pending tasks: 0
naming_10%32, pending tasks: 0
naming_11%32, pending tasks: 0
naming_12%32, pending tasks: 0
naming_13%32, pending tasks: 0
naming_14%32, pending tasks: 0
naming_15%32, pending tasks: 0
naming_16%32, pending tasks: 0
naming_17%32, pending tasks: 0
naming_18%32, pending tasks: 0
naming_19%32, pending tasks: 0
naming_20%32, pending tasks: 0
naming_21%32, pending tasks: 0
naming_22%32, pending tasks: 0
naming_23%32, pending tasks: 0
naming_24%32, pending tasks: 0
naming_25%32, pending tasks: 0
naming_26%32, pending tasks: 0
naming_27%32, pending tasks: 0
naming_28%32, pending tasks: 0
naming_29%32, pending tasks: 0
naming_30%32, pending tasks: 0
naming_31%32, pending tasks: 0


2022-02-12 19:52:06,847 INFO PERFORMANCE:|5|5|8|-1|-1|50|0

2022-02-12 19:52:06,847 INFO Task worker status: 
naming_0%32, pending tasks: 0
naming_1%32, pending tasks: 0
naming_2%32, pending tasks: 0
naming_3%32, pending tasks: 0
naming_4%32, pending tasks: 0
naming_5%32, pending tasks: 0
naming_6%32, pending tasks: 0
naming_7%32, pending tasks: 0
naming_8%32, pending tasks: 0
naming_9%32, pending tasks: 0
naming_10%32, pending tasks: 0
naming_11%32, pending tasks: 0
naming_12%32, pending tasks: 0
naming_13%32, pending tasks: 0
naming_14%32, pending tasks: 0
naming_15%32, pending tasks: 0
naming_16%32, pending tasks: 0
naming_17%32, pending tasks: 0
naming_18%32, pending tasks: 0
naming_19%32, pending tasks: 0
naming_20%32, pending tasks: 0
naming_21%32, pending tasks: 0
naming_22%32, pending tasks: 0
naming_23%32, pending tasks: 0
naming_24%32, pending tasks: 0
naming_25%32, pending tasks: 0
naming_26%32, pending tasks: 0
naming_27%32, pending tasks: 0
naming_28%32, pending tasks: 0
naming_29%32, pending tasks: 0
naming_30%32, pending tasks: 0
naming_31%32, pending tasks: 0


2022-02-12 19:53:06,861 INFO PERFORMANCE:|5|5|8|-1|-1|50|0

2022-02-12 19:53:06,861 INFO Task worker status: 
naming_0%32, pending tasks: 0
naming_1%32, pending tasks: 0
naming_2%32, pending tasks: 0
naming_3%32, pending tasks: 0
naming_4%32, pending tasks: 0
naming_5%32, pending tasks: 0
naming_6%32, pending tasks: 0
naming_7%32, pending tasks: 0
naming_8%32, pending tasks: 0
naming_9%32, pending tasks: 0
naming_10%32, pending tasks: 0
naming_11%32, pending tasks: 0
naming_12%32, pending tasks: 0
naming_13%32, pending tasks: 0
naming_14%32, pending tasks: 0
naming_15%32, pending tasks: 0
naming_16%32, pending tasks: 0
naming_17%32, pending tasks: 0
naming_18%32, pending tasks: 0
naming_19%32, pending tasks: 0
naming_20%32, pending tasks: 0
naming_21%32, pending tasks: 0
naming_22%32, pending tasks: 0
naming_23%32, pending tasks: 0
naming_24%32, pending tasks: 0
naming_25%32, pending tasks: 0
naming_26%32, pending tasks: 0
naming_27%32, pending tasks: 0
naming_28%32, pending tasks: 0
naming_29%32, pending tasks: 0
naming_30%32, pending tasks: 0
naming_31%32, pending tasks: 0


2022-02-12 19:54:06,865 INFO PERFORMANCE:|5|5|8|-1|-1|50|0

2022-02-12 19:54:06,865 INFO Task worker status: 
naming_0%32, pending tasks: 0
naming_1%32, pending tasks: 0
naming_2%32, pending tasks: 0
naming_3%32, pending tasks: 0
naming_4%32, pending tasks: 0
naming_5%32, pending tasks: 0
naming_6%32, pending tasks: 0
naming_7%32, pending tasks: 0
naming_8%32, pending tasks: 0
naming_9%32, pending tasks: 0
naming_10%32, pending tasks: 0
naming_11%32, pending tasks: 0
naming_12%32, pending tasks: 0
naming_13%32, pending tasks: 0
naming_14%32, pending tasks: 0
naming_15%32, pending tasks: 0
naming_16%32, pending tasks: 0
naming_17%32, pending tasks: 0
naming_18%32, pending tasks: 0
naming_19%32, pending tasks: 0
naming_20%32, pending tasks: 0
naming_21%32, pending tasks: 0
naming_22%32, pending tasks: 0
naming_23%32, pending tasks: 0
naming_24%32, pending tasks: 0
naming_25%32, pending tasks: 0
naming_26%32, pending tasks: 0
naming_27%32, pending tasks: 0
naming_28%32, pending tasks: 0
naming_29%32, pending tasks: 0
naming_30%32, pending tasks: 0
naming_31%32, pending tasks: 0


2022-02-12 19:55:06,873 INFO PERFORMANCE:|5|5|8|608|565|55|0

2022-02-12 19:55:06,873 INFO Task worker status: 
naming_0%32, pending tasks: 0
naming_1%32, pending tasks: 0
naming_2%32, pending tasks: 0
naming_3%32, pending tasks: 0
naming_4%32, pending tasks: 0
naming_5%32, pending tasks: 0
naming_6%32, pending tasks: 0
naming_7%32, pending tasks: 0
naming_8%32, pending tasks: 0
naming_9%32, pending tasks: 0
naming_10%32, pending tasks: 0
naming_11%32, pending tasks: 0
naming_12%32, pending tasks: 0
naming_13%32, pending tasks: 0
naming_14%32, pending tasks: 0
naming_15%32, pending tasks: 0
naming_16%32, pending tasks: 0
naming_17%32, pending tasks: 0
naming_18%32, pending tasks: 0
naming_19%32, pending tasks: 0
naming_20%32, pending tasks: 0
naming_21%32, pending tasks: 0
naming_22%32, pending tasks: 0
naming_23%32, pending tasks: 0
naming_24%32, pending tasks: 0
naming_25%32, pending tasks: 0
naming_26%32, pending tasks: 0
naming_27%32, pending tasks: 0
naming_28%32, pending tasks: 0
naming_29%32, pending tasks: 0
naming_30%32, pending tasks: 0
naming_31%32, pending tasks: 0


2022-02-12 19:56:06,880 INFO PERFORMANCE:|5|5|8|-1|-1|55|0

2022-02-12 19:56:06,880 INFO Task worker status: 
naming_0%32, pending tasks: 0
naming_1%32, pending tasks: 0
naming_2%32, pending tasks: 0
naming_3%32, pending tasks: 0
naming_4%32, pending tasks: 0
naming_5%32, pending tasks: 0
naming_6%32, pending tasks: 0
naming_7%32, pending tasks: 0
naming_8%32, pending tasks: 0
naming_9%32, pending tasks: 0
naming_10%32, pending tasks: 0
naming_11%32, pending tasks: 0
naming_12%32, pending tasks: 0
naming_13%32, pending tasks: 0
naming_14%32, pending tasks: 0
naming_15%32, pending tasks: 0
naming_16%32, pending tasks: 0
naming_17%32, pending tasks: 0
naming_18%32, pending tasks: 0
naming_19%32, pending tasks: 0
naming_20%32, pending tasks: 0
naming_21%32, pending tasks: 0
naming_22%32, pending tasks: 0
naming_23%32, pending tasks: 0
naming_24%32, pending tasks: 0
naming_25%32, pending tasks: 0
naming_26%32, pending tasks: 0
naming_27%32, pending tasks: 0
naming_28%32, pending tasks: 0
naming_29%32, pending tasks: 0
naming_30%32, pending tasks: 0
naming_31%32, pending tasks: 0


2022-02-12 19:57:06,889 INFO PERFORMANCE:|5|5|8|-1|-1|55|0

2022-02-12 19:57:06,889 INFO Task worker status: 
naming_0%32, pending tasks: 0
naming_1%32, pending tasks: 0
naming_2%32, pending tasks: 0
naming_3%32, pending tasks: 0
naming_4%32, pending tasks: 0
naming_5%32, pending tasks: 0
naming_6%32, pending tasks: 0
naming_7%32, pending tasks: 0
naming_8%32, pending tasks: 0
naming_9%32, pending tasks: 0
naming_10%32, pending tasks: 0
naming_11%32, pending tasks: 0
naming_12%32, pending tasks: 0
naming_13%32, pending tasks: 0
naming_14%32, pending tasks: 0
naming_15%32, pending tasks: 0
naming_16%32, pending tasks: 0
naming_17%32, pending tasks: 0
naming_18%32, pending tasks: 0
naming_19%32, pending tasks: 0
naming_20%32, pending tasks: 0
naming_21%32, pending tasks: 0
naming_22%32, pending tasks: 0
naming_23%32, pending tasks: 0
naming_24%32, pending tasks: 0
naming_25%32, pending tasks: 0
naming_26%32, pending tasks: 0
naming_27%32, pending tasks: 0
naming_28%32, pending tasks: 0
naming_29%32, pending tasks: 0
naming_30%32, pending tasks: 0
naming_31%32, pending tasks: 0


2022-02-12 19:58:06,896 INFO PERFORMANCE:|5|5|8|-1|-1|55|0

2022-02-12 19:58:06,896 INFO Task worker status: 
naming_0%32, pending tasks: 0
naming_1%32, pending tasks: 0
naming_2%32, pending tasks: 0
naming_3%32, pending tasks: 0
naming_4%32, pending tasks: 0
naming_5%32, pending tasks: 0
naming_6%32, pending tasks: 0
naming_7%32, pending tasks: 0
naming_8%32, pending tasks: 0
naming_9%32, pending tasks: 0
naming_10%32, pending tasks: 0
naming_11%32, pending tasks: 0
naming_12%32, pending tasks: 0
naming_13%32, pending tasks: 0
naming_14%32, pending tasks: 0
naming_15%32, pending tasks: 0
naming_16%32, pending tasks: 0
naming_17%32, pending tasks: 0
naming_18%32, pending tasks: 0
naming_19%32, pending tasks: 0
naming_20%32, pending tasks: 0
naming_21%32, pending tasks: 0
naming_22%32, pending tasks: 0
naming_23%32, pending tasks: 0
naming_24%32, pending tasks: 0
naming_25%32, pending tasks: 0
naming_26%32, pending tasks: 0
naming_27%32, pending tasks: 0
naming_28%32, pending tasks: 0
naming_29%32, pending tasks: 0
naming_30%32, pending tasks: 0
naming_31%32, pending tasks: 0


2022-02-12 19:59:06,898 INFO PERFORMANCE:|serviceCount|ipCount|subscribeCount|maxPushCost|avgPushCost|totalPushCount|failPushCount

2022-02-12 19:59:06,898 INFO PERFORMANCE:|5|5|8|-1|-1|55|0

2022-02-12 19:59:06,898 INFO Task worker status: 
naming_0%32, pending tasks: 0
naming_1%32, pending tasks: 0
naming_2%32, pending tasks: 0
naming_3%32, pending tasks: 0
naming_4%32, pending tasks: 0
naming_5%32, pending tasks: 0
naming_6%32, pending tasks: 0
naming_7%32, pending tasks: 0
naming_8%32, pending tasks: 0
naming_9%32, pending tasks: 0
naming_10%32, pending tasks: 0
naming_11%32, pending tasks: 0
naming_12%32, pending tasks: 0
naming_13%32, pending tasks: 0
naming_14%32, pending tasks: 0
naming_15%32, pending tasks: 0
naming_16%32, pending tasks: 0
naming_17%32, pending tasks: 0
naming_18%32, pending tasks: 0
naming_19%32, pending tasks: 0
naming_20%32, pending tasks: 0
naming_21%32, pending tasks: 0
naming_22%32, pending tasks: 0
naming_23%32, pending tasks: 0
naming_24%32, pending tasks: 0
naming_25%32, pending tasks: 0
naming_26%32, pending tasks: 0
naming_27%32, pending tasks: 0
naming_28%32, pending tasks: 0
naming_29%32, pending tasks: 0
naming_30%32, pending tasks: 0
naming_31%32, pending tasks: 0


2022-02-12 20:00:06,908 INFO PERFORMANCE:|5|5|8|-1|-1|55|0

2022-02-12 20:00:06,908 INFO Task worker status: 
naming_0%32, pending tasks: 0
naming_1%32, pending tasks: 0
naming_2%32, pending tasks: 0
naming_3%32, pending tasks: 0
naming_4%32, pending tasks: 0
naming_5%32, pending tasks: 0
naming_6%32, pending tasks: 0
naming_7%32, pending tasks: 0
naming_8%32, pending tasks: 0
naming_9%32, pending tasks: 0
naming_10%32, pending tasks: 0
naming_11%32, pending tasks: 0
naming_12%32, pending tasks: 0
naming_13%32, pending tasks: 0
naming_14%32, pending tasks: 0
naming_15%32, pending tasks: 0
naming_16%32, pending tasks: 0
naming_17%32, pending tasks: 0
naming_18%32, pending tasks: 0
naming_19%32, pending tasks: 0
naming_20%32, pending tasks: 0
naming_21%32, pending tasks: 0
naming_22%32, pending tasks: 0
naming_23%32, pending tasks: 0
naming_24%32, pending tasks: 0
naming_25%32, pending tasks: 0
naming_26%32, pending tasks: 0
naming_27%32, pending tasks: 0
naming_28%32, pending tasks: 0
naming_29%32, pending tasks: 0
naming_30%32, pending tasks: 0
naming_31%32, pending tasks: 0


2022-02-12 20:01:06,922 INFO PERFORMANCE:|5|5|8|-1|-1|55|0

2022-02-12 20:01:06,922 INFO Task worker status: 
naming_0%32, pending tasks: 0
naming_1%32, pending tasks: 0
naming_2%32, pending tasks: 0
naming_3%32, pending tasks: 0
naming_4%32, pending tasks: 0
naming_5%32, pending tasks: 0
naming_6%32, pending tasks: 0
naming_7%32, pending tasks: 0
naming_8%32, pending tasks: 0
naming_9%32, pending tasks: 0
naming_10%32, pending tasks: 0
naming_11%32, pending tasks: 0
naming_12%32, pending tasks: 0
naming_13%32, pending tasks: 0
naming_14%32, pending tasks: 0
naming_15%32, pending tasks: 0
naming_16%32, pending tasks: 0
naming_17%32, pending tasks: 0
naming_18%32, pending tasks: 0
naming_19%32, pending tasks: 0
naming_20%32, pending tasks: 0
naming_21%32, pending tasks: 0
naming_22%32, pending tasks: 0
naming_23%32, pending tasks: 0
naming_24%32, pending tasks: 0
naming_25%32, pending tasks: 0
naming_26%32, pending tasks: 0
naming_27%32, pending tasks: 0
naming_28%32, pending tasks: 0
naming_29%32, pending tasks: 0
naming_30%32, pending tasks: 0
naming_31%32, pending tasks: 0


2022-02-12 20:02:06,936 INFO PERFORMANCE:|5|5|8|-1|-1|55|0

2022-02-12 20:02:06,936 INFO Task worker status: 
naming_0%32, pending tasks: 0
naming_1%32, pending tasks: 0
naming_2%32, pending tasks: 0
naming_3%32, pending tasks: 0
naming_4%32, pending tasks: 0
naming_5%32, pending tasks: 0
naming_6%32, pending tasks: 0
naming_7%32, pending tasks: 0
naming_8%32, pending tasks: 0
naming_9%32, pending tasks: 0
naming_10%32, pending tasks: 0
naming_11%32, pending tasks: 0
naming_12%32, pending tasks: 0
naming_13%32, pending tasks: 0
naming_14%32, pending tasks: 0
naming_15%32, pending tasks: 0
naming_16%32, pending tasks: 0
naming_17%32, pending tasks: 0
naming_18%32, pending tasks: 0
naming_19%32, pending tasks: 0
naming_20%32, pending tasks: 0
naming_21%32, pending tasks: 0
naming_22%32, pending tasks: 0
naming_23%32, pending tasks: 0
naming_24%32, pending tasks: 0
naming_25%32, pending tasks: 0
naming_26%32, pending tasks: 0
naming_27%32, pending tasks: 0
naming_28%32, pending tasks: 0
naming_29%32, pending tasks: 0
naming_30%32, pending tasks: 0
naming_31%32, pending tasks: 0


2022-02-12 20:03:06,950 INFO PERFORMANCE:|5|5|8|-1|-1|55|0

2022-02-12 20:03:06,950 INFO Task worker status: 
naming_0%32, pending tasks: 0
naming_1%32, pending tasks: 0
naming_2%32, pending tasks: 0
naming_3%32, pending tasks: 0
naming_4%32, pending tasks: 0
naming_5%32, pending tasks: 0
naming_6%32, pending tasks: 0
naming_7%32, pending tasks: 0
naming_8%32, pending tasks: 0
naming_9%32, pending tasks: 0
naming_10%32, pending tasks: 0
naming_11%32, pending tasks: 0
naming_12%32, pending tasks: 0
naming_13%32, pending tasks: 0
naming_14%32, pending tasks: 0
naming_15%32, pending tasks: 0
naming_16%32, pending tasks: 0
naming_17%32, pending tasks: 0
naming_18%32, pending tasks: 0
naming_19%32, pending tasks: 0
naming_20%32, pending tasks: 0
naming_21%32, pending tasks: 0
naming_22%32, pending tasks: 0
naming_23%32, pending tasks: 0
naming_24%32, pending tasks: 0
naming_25%32, pending tasks: 0
naming_26%32, pending tasks: 0
naming_27%32, pending tasks: 0
naming_28%32, pending tasks: 0
naming_29%32, pending tasks: 0
naming_30%32, pending tasks: 0
naming_31%32, pending tasks: 0


2022-02-12 20:04:06,953 INFO PERFORMANCE:|5|5|8|-1|-1|55|0

2022-02-12 20:04:06,953 INFO Task worker status: 
naming_0%32, pending tasks: 0
naming_1%32, pending tasks: 0
naming_2%32, pending tasks: 0
naming_3%32, pending tasks: 0
naming_4%32, pending tasks: 0
naming_5%32, pending tasks: 0
naming_6%32, pending tasks: 0
naming_7%32, pending tasks: 0
naming_8%32, pending tasks: 0
naming_9%32, pending tasks: 0
naming_10%32, pending tasks: 0
naming_11%32, pending tasks: 0
naming_12%32, pending tasks: 0
naming_13%32, pending tasks: 0
naming_14%32, pending tasks: 0
naming_15%32, pending tasks: 0
naming_16%32, pending tasks: 0
naming_17%32, pending tasks: 0
naming_18%32, pending tasks: 0
naming_19%32, pending tasks: 0
naming_20%32, pending tasks: 0
naming_21%32, pending tasks: 0
naming_22%32, pending tasks: 0
naming_23%32, pending tasks: 0
naming_24%32, pending tasks: 0
naming_25%32, pending tasks: 0
naming_26%32, pending tasks: 0
naming_27%32, pending tasks: 0
naming_28%32, pending tasks: 0
naming_29%32, pending tasks: 0
naming_30%32, pending tasks: 0
naming_31%32, pending tasks: 0


2022-02-12 20:05:06,968 INFO PERFORMANCE:|5|5|8|-1|-1|55|0

2022-02-12 20:05:06,968 INFO Task worker status: 
naming_0%32, pending tasks: 0
naming_1%32, pending tasks: 0
naming_2%32, pending tasks: 0
naming_3%32, pending tasks: 0
naming_4%32, pending tasks: 0
naming_5%32, pending tasks: 0
naming_6%32, pending tasks: 0
naming_7%32, pending tasks: 0
naming_8%32, pending tasks: 0
naming_9%32, pending tasks: 0
naming_10%32, pending tasks: 0
naming_11%32, pending tasks: 0
naming_12%32, pending tasks: 0
naming_13%32, pending tasks: 0
naming_14%32, pending tasks: 0
naming_15%32, pending tasks: 0
naming_16%32, pending tasks: 0
naming_17%32, pending tasks: 0
naming_18%32, pending tasks: 0
naming_19%32, pending tasks: 0
naming_20%32, pending tasks: 0
naming_21%32, pending tasks: 0
naming_22%32, pending tasks: 0
naming_23%32, pending tasks: 0
naming_24%32, pending tasks: 0
naming_25%32, pending tasks: 0
naming_26%32, pending tasks: 0
naming_27%32, pending tasks: 0
naming_28%32, pending tasks: 0
naming_29%32, pending tasks: 0
naming_30%32, pending tasks: 0
naming_31%32, pending tasks: 0


2022-02-12 20:06:06,981 INFO PERFORMANCE:|5|5|8|-1|-1|55|0

2022-02-12 20:06:06,981 INFO Task worker status: 
naming_0%32, pending tasks: 0
naming_1%32, pending tasks: 0
naming_2%32, pending tasks: 0
naming_3%32, pending tasks: 0
naming_4%32, pending tasks: 0
naming_5%32, pending tasks: 0
naming_6%32, pending tasks: 0
naming_7%32, pending tasks: 0
naming_8%32, pending tasks: 0
naming_9%32, pending tasks: 0
naming_10%32, pending tasks: 0
naming_11%32, pending tasks: 0
naming_12%32, pending tasks: 0
naming_13%32, pending tasks: 0
naming_14%32, pending tasks: 0
naming_15%32, pending tasks: 0
naming_16%32, pending tasks: 0
naming_17%32, pending tasks: 0
naming_18%32, pending tasks: 0
naming_19%32, pending tasks: 0
naming_20%32, pending tasks: 0
naming_21%32, pending tasks: 0
naming_22%32, pending tasks: 0
naming_23%32, pending tasks: 0
naming_24%32, pending tasks: 0
naming_25%32, pending tasks: 0
naming_26%32, pending tasks: 0
naming_27%32, pending tasks: 0
naming_28%32, pending tasks: 0
naming_29%32, pending tasks: 0
naming_30%32, pending tasks: 0
naming_31%32, pending tasks: 0


2022-02-12 20:07:06,995 INFO PERFORMANCE:|5|5|8|-1|-1|55|0

2022-02-12 20:07:06,995 INFO Task worker status: 
naming_0%32, pending tasks: 0
naming_1%32, pending tasks: 0
naming_2%32, pending tasks: 0
naming_3%32, pending tasks: 0
naming_4%32, pending tasks: 0
naming_5%32, pending tasks: 0
naming_6%32, pending tasks: 0
naming_7%32, pending tasks: 0
naming_8%32, pending tasks: 0
naming_9%32, pending tasks: 0
naming_10%32, pending tasks: 0
naming_11%32, pending tasks: 0
naming_12%32, pending tasks: 0
naming_13%32, pending tasks: 0
naming_14%32, pending tasks: 0
naming_15%32, pending tasks: 0
naming_16%32, pending tasks: 0
naming_17%32, pending tasks: 0
naming_18%32, pending tasks: 0
naming_19%32, pending tasks: 0
naming_20%32, pending tasks: 0
naming_21%32, pending tasks: 0
naming_22%32, pending tasks: 0
naming_23%32, pending tasks: 0
naming_24%32, pending tasks: 0
naming_25%32, pending tasks: 0
naming_26%32, pending tasks: 0
naming_27%32, pending tasks: 0
naming_28%32, pending tasks: 0
naming_29%32, pending tasks: 0
naming_30%32, pending tasks: 0
naming_31%32, pending tasks: 0


2022-02-12 20:08:07,002 INFO PERFORMANCE:|5|5|8|-1|-1|55|0

2022-02-12 20:08:07,002 INFO Task worker status: 
naming_0%32, pending tasks: 0
naming_1%32, pending tasks: 0
naming_2%32, pending tasks: 0
naming_3%32, pending tasks: 0
naming_4%32, pending tasks: 0
naming_5%32, pending tasks: 0
naming_6%32, pending tasks: 0
naming_7%32, pending tasks: 0
naming_8%32, pending tasks: 0
naming_9%32, pending tasks: 0
naming_10%32, pending tasks: 0
naming_11%32, pending tasks: 0
naming_12%32, pending tasks: 0
naming_13%32, pending tasks: 0
naming_14%32, pending tasks: 0
naming_15%32, pending tasks: 0
naming_16%32, pending tasks: 0
naming_17%32, pending tasks: 0
naming_18%32, pending tasks: 0
naming_19%32, pending tasks: 0
naming_20%32, pending tasks: 0
naming_21%32, pending tasks: 0
naming_22%32, pending tasks: 0
naming_23%32, pending tasks: 0
naming_24%32, pending tasks: 0
naming_25%32, pending tasks: 0
naming_26%32, pending tasks: 0
naming_27%32, pending tasks: 0
naming_28%32, pending tasks: 0
naming_29%32, pending tasks: 0
naming_30%32, pending tasks: 0
naming_31%32, pending tasks: 0


2022-02-12 20:09:07,011 INFO PERFORMANCE:|serviceCount|ipCount|subscribeCount|maxPushCost|avgPushCost|totalPushCount|failPushCount

2022-02-12 20:09:07,011 INFO PERFORMANCE:|5|5|8|-1|-1|55|0

2022-02-12 20:09:07,011 INFO Task worker status: 
naming_0%32, pending tasks: 0
naming_1%32, pending tasks: 0
naming_2%32, pending tasks: 0
naming_3%32, pending tasks: 0
naming_4%32, pending tasks: 0
naming_5%32, pending tasks: 0
naming_6%32, pending tasks: 0
naming_7%32, pending tasks: 0
naming_8%32, pending tasks: 0
naming_9%32, pending tasks: 0
naming_10%32, pending tasks: 0
naming_11%32, pending tasks: 0
naming_12%32, pending tasks: 0
naming_13%32, pending tasks: 0
naming_14%32, pending tasks: 0
naming_15%32, pending tasks: 0
naming_16%32, pending tasks: 0
naming_17%32, pending tasks: 0
naming_18%32, pending tasks: 0
naming_19%32, pending tasks: 0
naming_20%32, pending tasks: 0
naming_21%32, pending tasks: 0
naming_22%32, pending tasks: 0
naming_23%32, pending tasks: 0
naming_24%32, pending tasks: 0
naming_25%32, pending tasks: 0
naming_26%32, pending tasks: 0
naming_27%32, pending tasks: 0
naming_28%32, pending tasks: 0
naming_29%32, pending tasks: 0
naming_30%32, pending tasks: 0
naming_31%32, pending tasks: 0


2022-02-12 20:10:07,014 INFO PERFORMANCE:|5|5|8|-1|-1|55|0

2022-02-12 20:10:07,014 INFO Task worker status: 
naming_0%32, pending tasks: 0
naming_1%32, pending tasks: 0
naming_2%32, pending tasks: 0
naming_3%32, pending tasks: 0
naming_4%32, pending tasks: 0
naming_5%32, pending tasks: 0
naming_6%32, pending tasks: 0
naming_7%32, pending tasks: 0
naming_8%32, pending tasks: 0
naming_9%32, pending tasks: 0
naming_10%32, pending tasks: 0
naming_11%32, pending tasks: 0
naming_12%32, pending tasks: 0
naming_13%32, pending tasks: 0
naming_14%32, pending tasks: 0
naming_15%32, pending tasks: 0
naming_16%32, pending tasks: 0
naming_17%32, pending tasks: 0
naming_18%32, pending tasks: 0
naming_19%32, pending tasks: 0
naming_20%32, pending tasks: 0
naming_21%32, pending tasks: 0
naming_22%32, pending tasks: 0
naming_23%32, pending tasks: 0
naming_24%32, pending tasks: 0
naming_25%32, pending tasks: 0
naming_26%32, pending tasks: 0
naming_27%32, pending tasks: 0
naming_28%32, pending tasks: 0
naming_29%32, pending tasks: 0
naming_30%32, pending tasks: 0
naming_31%32, pending tasks: 0


2022-02-12 20:11:07,024 INFO PERFORMANCE:|5|5|8|-1|-1|55|0

2022-02-12 20:11:07,024 INFO Task worker status: 
naming_0%32, pending tasks: 0
naming_1%32, pending tasks: 0
naming_2%32, pending tasks: 0
naming_3%32, pending tasks: 0
naming_4%32, pending tasks: 0
naming_5%32, pending tasks: 0
naming_6%32, pending tasks: 0
naming_7%32, pending tasks: 0
naming_8%32, pending tasks: 0
naming_9%32, pending tasks: 0
naming_10%32, pending tasks: 0
naming_11%32, pending tasks: 0
naming_12%32, pending tasks: 0
naming_13%32, pending tasks: 0
naming_14%32, pending tasks: 0
naming_15%32, pending tasks: 0
naming_16%32, pending tasks: 0
naming_17%32, pending tasks: 0
naming_18%32, pending tasks: 0
naming_19%32, pending tasks: 0
naming_20%32, pending tasks: 0
naming_21%32, pending tasks: 0
naming_22%32, pending tasks: 0
naming_23%32, pending tasks: 0
naming_24%32, pending tasks: 0
naming_25%32, pending tasks: 0
naming_26%32, pending tasks: 0
naming_27%32, pending tasks: 0
naming_28%32, pending tasks: 0
naming_29%32, pending tasks: 0
naming_30%32, pending tasks: 0
naming_31%32, pending tasks: 0


2022-02-12 20:12:07,038 INFO PERFORMANCE:|5|5|8|-1|-1|55|0

2022-02-12 20:12:07,038 INFO Task worker status: 
naming_0%32, pending tasks: 0
naming_1%32, pending tasks: 0
naming_2%32, pending tasks: 0
naming_3%32, pending tasks: 0
naming_4%32, pending tasks: 0
naming_5%32, pending tasks: 0
naming_6%32, pending tasks: 0
naming_7%32, pending tasks: 0
naming_8%32, pending tasks: 0
naming_9%32, pending tasks: 0
naming_10%32, pending tasks: 0
naming_11%32, pending tasks: 0
naming_12%32, pending tasks: 0
naming_13%32, pending tasks: 0
naming_14%32, pending tasks: 0
naming_15%32, pending tasks: 0
naming_16%32, pending tasks: 0
naming_17%32, pending tasks: 0
naming_18%32, pending tasks: 0
naming_19%32, pending tasks: 0
naming_20%32, pending tasks: 0
naming_21%32, pending tasks: 0
naming_22%32, pending tasks: 0
naming_23%32, pending tasks: 0
naming_24%32, pending tasks: 0
naming_25%32, pending tasks: 0
naming_26%32, pending tasks: 0
naming_27%32, pending tasks: 0
naming_28%32, pending tasks: 0
naming_29%32, pending tasks: 0
naming_30%32, pending tasks: 0
naming_31%32, pending tasks: 0


2022-02-12 20:13:07,047 INFO PERFORMANCE:|5|5|8|-1|-1|55|0

2022-02-12 20:13:07,047 INFO Task worker status: 
naming_0%32, pending tasks: 0
naming_1%32, pending tasks: 0
naming_2%32, pending tasks: 0
naming_3%32, pending tasks: 0
naming_4%32, pending tasks: 0
naming_5%32, pending tasks: 0
naming_6%32, pending tasks: 0
naming_7%32, pending tasks: 0
naming_8%32, pending tasks: 0
naming_9%32, pending tasks: 0
naming_10%32, pending tasks: 0
naming_11%32, pending tasks: 0
naming_12%32, pending tasks: 0
naming_13%32, pending tasks: 0
naming_14%32, pending tasks: 0
naming_15%32, pending tasks: 0
naming_16%32, pending tasks: 0
naming_17%32, pending tasks: 0
naming_18%32, pending tasks: 0
naming_19%32, pending tasks: 0
naming_20%32, pending tasks: 0
naming_21%32, pending tasks: 0
naming_22%32, pending tasks: 0
naming_23%32, pending tasks: 0
naming_24%32, pending tasks: 0
naming_25%32, pending tasks: 0
naming_26%32, pending tasks: 0
naming_27%32, pending tasks: 0
naming_28%32, pending tasks: 0
naming_29%32, pending tasks: 0
naming_30%32, pending tasks: 0
naming_31%32, pending tasks: 0


2022-02-12 20:14:07,059 INFO PERFORMANCE:|5|5|8|-1|-1|55|0

2022-02-12 20:14:07,059 INFO Task worker status: 
naming_0%32, pending tasks: 0
naming_1%32, pending tasks: 0
naming_2%32, pending tasks: 0
naming_3%32, pending tasks: 0
naming_4%32, pending tasks: 0
naming_5%32, pending tasks: 0
naming_6%32, pending tasks: 0
naming_7%32, pending tasks: 0
naming_8%32, pending tasks: 0
naming_9%32, pending tasks: 0
naming_10%32, pending tasks: 0
naming_11%32, pending tasks: 0
naming_12%32, pending tasks: 0
naming_13%32, pending tasks: 0
naming_14%32, pending tasks: 0
naming_15%32, pending tasks: 0
naming_16%32, pending tasks: 0
naming_17%32, pending tasks: 0
naming_18%32, pending tasks: 0
naming_19%32, pending tasks: 0
naming_20%32, pending tasks: 0
naming_21%32, pending tasks: 0
naming_22%32, pending tasks: 0
naming_23%32, pending tasks: 0
naming_24%32, pending tasks: 0
naming_25%32, pending tasks: 0
naming_26%32, pending tasks: 0
naming_27%32, pending tasks: 0
naming_28%32, pending tasks: 0
naming_29%32, pending tasks: 0
naming_30%32, pending tasks: 0
naming_31%32, pending tasks: 0


2022-02-12 20:15:07,072 INFO PERFORMANCE:|5|5|8|-1|-1|55|0

2022-02-12 20:15:07,072 INFO Task worker status: 
naming_0%32, pending tasks: 0
naming_1%32, pending tasks: 0
naming_2%32, pending tasks: 0
naming_3%32, pending tasks: 0
naming_4%32, pending tasks: 0
naming_5%32, pending tasks: 0
naming_6%32, pending tasks: 0
naming_7%32, pending tasks: 0
naming_8%32, pending tasks: 0
naming_9%32, pending tasks: 0
naming_10%32, pending tasks: 0
naming_11%32, pending tasks: 0
naming_12%32, pending tasks: 0
naming_13%32, pending tasks: 0
naming_14%32, pending tasks: 0
naming_15%32, pending tasks: 0
naming_16%32, pending tasks: 0
naming_17%32, pending tasks: 0
naming_18%32, pending tasks: 0
naming_19%32, pending tasks: 0
naming_20%32, pending tasks: 0
naming_21%32, pending tasks: 0
naming_22%32, pending tasks: 0
naming_23%32, pending tasks: 0
naming_24%32, pending tasks: 0
naming_25%32, pending tasks: 0
naming_26%32, pending tasks: 0
naming_27%32, pending tasks: 0
naming_28%32, pending tasks: 0
naming_29%32, pending tasks: 0
naming_30%32, pending tasks: 0
naming_31%32, pending tasks: 0


2022-02-12 20:16:07,074 INFO PERFORMANCE:|5|5|8|-1|-1|55|0

2022-02-12 20:16:07,074 INFO Task worker status: 
naming_0%32, pending tasks: 0
naming_1%32, pending tasks: 0
naming_2%32, pending tasks: 0
naming_3%32, pending tasks: 0
naming_4%32, pending tasks: 0
naming_5%32, pending tasks: 0
naming_6%32, pending tasks: 0
naming_7%32, pending tasks: 0
naming_8%32, pending tasks: 0
naming_9%32, pending tasks: 0
naming_10%32, pending tasks: 0
naming_11%32, pending tasks: 0
naming_12%32, pending tasks: 0
naming_13%32, pending tasks: 0
naming_14%32, pending tasks: 0
naming_15%32, pending tasks: 0
naming_16%32, pending tasks: 0
naming_17%32, pending tasks: 0
naming_18%32, pending tasks: 0
naming_19%32, pending tasks: 0
naming_20%32, pending tasks: 0
naming_21%32, pending tasks: 0
naming_22%32, pending tasks: 0
naming_23%32, pending tasks: 0
naming_24%32, pending tasks: 0
naming_25%32, pending tasks: 0
naming_26%32, pending tasks: 0
naming_27%32, pending tasks: 0
naming_28%32, pending tasks: 0
naming_29%32, pending tasks: 0
naming_30%32, pending tasks: 0
naming_31%32, pending tasks: 0


2022-02-12 20:17:07,085 INFO PERFORMANCE:|5|5|8|-1|-1|55|0

2022-02-12 20:17:07,085 INFO Task worker status: 
naming_0%32, pending tasks: 0
naming_1%32, pending tasks: 0
naming_2%32, pending tasks: 0
naming_3%32, pending tasks: 0
naming_4%32, pending tasks: 0
naming_5%32, pending tasks: 0
naming_6%32, pending tasks: 0
naming_7%32, pending tasks: 0
naming_8%32, pending tasks: 0
naming_9%32, pending tasks: 0
naming_10%32, pending tasks: 0
naming_11%32, pending tasks: 0
naming_12%32, pending tasks: 0
naming_13%32, pending tasks: 0
naming_14%32, pending tasks: 0
naming_15%32, pending tasks: 0
naming_16%32, pending tasks: 0
naming_17%32, pending tasks: 0
naming_18%32, pending tasks: 0
naming_19%32, pending tasks: 0
naming_20%32, pending tasks: 0
naming_21%32, pending tasks: 0
naming_22%32, pending tasks: 0
naming_23%32, pending tasks: 0
naming_24%32, pending tasks: 0
naming_25%32, pending tasks: 0
naming_26%32, pending tasks: 0
naming_27%32, pending tasks: 0
naming_28%32, pending tasks: 0
naming_29%32, pending tasks: 0
naming_30%32, pending tasks: 0
naming_31%32, pending tasks: 0


2022-02-12 20:18:07,090 INFO PERFORMANCE:|5|5|8|-1|-1|55|0

2022-02-12 20:18:07,090 INFO Task worker status: 
naming_0%32, pending tasks: 0
naming_1%32, pending tasks: 0
naming_2%32, pending tasks: 0
naming_3%32, pending tasks: 0
naming_4%32, pending tasks: 0
naming_5%32, pending tasks: 0
naming_6%32, pending tasks: 0
naming_7%32, pending tasks: 0
naming_8%32, pending tasks: 0
naming_9%32, pending tasks: 0
naming_10%32, pending tasks: 0
naming_11%32, pending tasks: 0
naming_12%32, pending tasks: 0
naming_13%32, pending tasks: 0
naming_14%32, pending tasks: 0
naming_15%32, pending tasks: 0
naming_16%32, pending tasks: 0
naming_17%32, pending tasks: 0
naming_18%32, pending tasks: 0
naming_19%32, pending tasks: 0
naming_20%32, pending tasks: 0
naming_21%32, pending tasks: 0
naming_22%32, pending tasks: 0
naming_23%32, pending tasks: 0
naming_24%32, pending tasks: 0
naming_25%32, pending tasks: 0
naming_26%32, pending tasks: 0
naming_27%32, pending tasks: 0
naming_28%32, pending tasks: 0
naming_29%32, pending tasks: 0
naming_30%32, pending tasks: 0
naming_31%32, pending tasks: 0


2022-02-12 20:19:07,098 INFO PERFORMANCE:|serviceCount|ipCount|subscribeCount|maxPushCost|avgPushCost|totalPushCount|failPushCount

2022-02-12 20:19:07,098 INFO PERFORMANCE:|5|5|8|-1|-1|55|0

2022-02-12 20:19:07,098 INFO Task worker status: 
naming_0%32, pending tasks: 0
naming_1%32, pending tasks: 0
naming_2%32, pending tasks: 0
naming_3%32, pending tasks: 0
naming_4%32, pending tasks: 0
naming_5%32, pending tasks: 0
naming_6%32, pending tasks: 0
naming_7%32, pending tasks: 0
naming_8%32, pending tasks: 0
naming_9%32, pending tasks: 0
naming_10%32, pending tasks: 0
naming_11%32, pending tasks: 0
naming_12%32, pending tasks: 0
naming_13%32, pending tasks: 0
naming_14%32, pending tasks: 0
naming_15%32, pending tasks: 0
naming_16%32, pending tasks: 0
naming_17%32, pending tasks: 0
naming_18%32, pending tasks: 0
naming_19%32, pending tasks: 0
naming_20%32, pending tasks: 0
naming_21%32, pending tasks: 0
naming_22%32, pending tasks: 0
naming_23%32, pending tasks: 0
naming_24%32, pending tasks: 0
naming_25%32, pending tasks: 0
naming_26%32, pending tasks: 0
naming_27%32, pending tasks: 0
naming_28%32, pending tasks: 0
naming_29%32, pending tasks: 0
naming_30%32, pending tasks: 0
naming_31%32, pending tasks: 0


2022-02-12 20:20:07,104 INFO PERFORMANCE:|5|5|8|-1|-1|55|0

2022-02-12 20:20:07,104 INFO Task worker status: 
naming_0%32, pending tasks: 0
naming_1%32, pending tasks: 0
naming_2%32, pending tasks: 0
naming_3%32, pending tasks: 0
naming_4%32, pending tasks: 0
naming_5%32, pending tasks: 0
naming_6%32, pending tasks: 0
naming_7%32, pending tasks: 0
naming_8%32, pending tasks: 0
naming_9%32, pending tasks: 0
naming_10%32, pending tasks: 0
naming_11%32, pending tasks: 0
naming_12%32, pending tasks: 0
naming_13%32, pending tasks: 0
naming_14%32, pending tasks: 0
naming_15%32, pending tasks: 0
naming_16%32, pending tasks: 0
naming_17%32, pending tasks: 0
naming_18%32, pending tasks: 0
naming_19%32, pending tasks: 0
naming_20%32, pending tasks: 0
naming_21%32, pending tasks: 0
naming_22%32, pending tasks: 0
naming_23%32, pending tasks: 0
naming_24%32, pending tasks: 0
naming_25%32, pending tasks: 0
naming_26%32, pending tasks: 0
naming_27%32, pending tasks: 0
naming_28%32, pending tasks: 0
naming_29%32, pending tasks: 0
naming_30%32, pending tasks: 0
naming_31%32, pending tasks: 0


2022-02-12 20:21:07,106 INFO PERFORMANCE:|5|5|8|-1|-1|55|0

2022-02-12 20:21:07,106 INFO Task worker status: 
naming_0%32, pending tasks: 0
naming_1%32, pending tasks: 0
naming_2%32, pending tasks: 0
naming_3%32, pending tasks: 0
naming_4%32, pending tasks: 0
naming_5%32, pending tasks: 0
naming_6%32, pending tasks: 0
naming_7%32, pending tasks: 0
naming_8%32, pending tasks: 0
naming_9%32, pending tasks: 0
naming_10%32, pending tasks: 0
naming_11%32, pending tasks: 0
naming_12%32, pending tasks: 0
naming_13%32, pending tasks: 0
naming_14%32, pending tasks: 0
naming_15%32, pending tasks: 0
naming_16%32, pending tasks: 0
naming_17%32, pending tasks: 0
naming_18%32, pending tasks: 0
naming_19%32, pending tasks: 0
naming_20%32, pending tasks: 0
naming_21%32, pending tasks: 0
naming_22%32, pending tasks: 0
naming_23%32, pending tasks: 0
naming_24%32, pending tasks: 0
naming_25%32, pending tasks: 0
naming_26%32, pending tasks: 0
naming_27%32, pending tasks: 0
naming_28%32, pending tasks: 0
naming_29%32, pending tasks: 0
naming_30%32, pending tasks: 0
naming_31%32, pending tasks: 0


2022-02-12 20:22:07,121 INFO PERFORMANCE:|5|5|8|-1|-1|55|0

2022-02-12 20:22:07,121 INFO Task worker status: 
naming_0%32, pending tasks: 0
naming_1%32, pending tasks: 0
naming_2%32, pending tasks: 0
naming_3%32, pending tasks: 0
naming_4%32, pending tasks: 0
naming_5%32, pending tasks: 0
naming_6%32, pending tasks: 0
naming_7%32, pending tasks: 0
naming_8%32, pending tasks: 0
naming_9%32, pending tasks: 0
naming_10%32, pending tasks: 0
naming_11%32, pending tasks: 0
naming_12%32, pending tasks: 0
naming_13%32, pending tasks: 0
naming_14%32, pending tasks: 0
naming_15%32, pending tasks: 0
naming_16%32, pending tasks: 0
naming_17%32, pending tasks: 0
naming_18%32, pending tasks: 0
naming_19%32, pending tasks: 0
naming_20%32, pending tasks: 0
naming_21%32, pending tasks: 0
naming_22%32, pending tasks: 0
naming_23%32, pending tasks: 0
naming_24%32, pending tasks: 0
naming_25%32, pending tasks: 0
naming_26%32, pending tasks: 0
naming_27%32, pending tasks: 0
naming_28%32, pending tasks: 0
naming_29%32, pending tasks: 0
naming_30%32, pending tasks: 0
naming_31%32, pending tasks: 0


2022-02-12 20:23:07,129 INFO PERFORMANCE:|5|5|8|-1|-1|55|0

2022-02-12 20:23:07,129 INFO Task worker status: 
naming_0%32, pending tasks: 0
naming_1%32, pending tasks: 0
naming_2%32, pending tasks: 0
naming_3%32, pending tasks: 0
naming_4%32, pending tasks: 0
naming_5%32, pending tasks: 0
naming_6%32, pending tasks: 0
naming_7%32, pending tasks: 0
naming_8%32, pending tasks: 0
naming_9%32, pending tasks: 0
naming_10%32, pending tasks: 0
naming_11%32, pending tasks: 0
naming_12%32, pending tasks: 0
naming_13%32, pending tasks: 0
naming_14%32, pending tasks: 0
naming_15%32, pending tasks: 0
naming_16%32, pending tasks: 0
naming_17%32, pending tasks: 0
naming_18%32, pending tasks: 0
naming_19%32, pending tasks: 0
naming_20%32, pending tasks: 0
naming_21%32, pending tasks: 0
naming_22%32, pending tasks: 0
naming_23%32, pending tasks: 0
naming_24%32, pending tasks: 0
naming_25%32, pending tasks: 0
naming_26%32, pending tasks: 0
naming_27%32, pending tasks: 0
naming_28%32, pending tasks: 0
naming_29%32, pending tasks: 0
naming_30%32, pending tasks: 0
naming_31%32, pending tasks: 0


2022-02-12 20:24:07,143 INFO PERFORMANCE:|5|5|8|-1|-1|55|0

2022-02-12 20:24:07,143 INFO Task worker status: 
naming_0%32, pending tasks: 0
naming_1%32, pending tasks: 0
naming_2%32, pending tasks: 0
naming_3%32, pending tasks: 0
naming_4%32, pending tasks: 0
naming_5%32, pending tasks: 0
naming_6%32, pending tasks: 0
naming_7%32, pending tasks: 0
naming_8%32, pending tasks: 0
naming_9%32, pending tasks: 0
naming_10%32, pending tasks: 0
naming_11%32, pending tasks: 0
naming_12%32, pending tasks: 0
naming_13%32, pending tasks: 0
naming_14%32, pending tasks: 0
naming_15%32, pending tasks: 0
naming_16%32, pending tasks: 0
naming_17%32, pending tasks: 0
naming_18%32, pending tasks: 0
naming_19%32, pending tasks: 0
naming_20%32, pending tasks: 0
naming_21%32, pending tasks: 0
naming_22%32, pending tasks: 0
naming_23%32, pending tasks: 0
naming_24%32, pending tasks: 0
naming_25%32, pending tasks: 0
naming_26%32, pending tasks: 0
naming_27%32, pending tasks: 0
naming_28%32, pending tasks: 0
naming_29%32, pending tasks: 0
naming_30%32, pending tasks: 0
naming_31%32, pending tasks: 0


2022-02-12 20:25:07,148 INFO PERFORMANCE:|5|5|8|-1|-1|55|0

2022-02-12 20:25:07,148 INFO Task worker status: 
naming_0%32, pending tasks: 0
naming_1%32, pending tasks: 0
naming_2%32, pending tasks: 0
naming_3%32, pending tasks: 0
naming_4%32, pending tasks: 0
naming_5%32, pending tasks: 0
naming_6%32, pending tasks: 0
naming_7%32, pending tasks: 0
naming_8%32, pending tasks: 0
naming_9%32, pending tasks: 0
naming_10%32, pending tasks: 0
naming_11%32, pending tasks: 0
naming_12%32, pending tasks: 0
naming_13%32, pending tasks: 0
naming_14%32, pending tasks: 0
naming_15%32, pending tasks: 0
naming_16%32, pending tasks: 0
naming_17%32, pending tasks: 0
naming_18%32, pending tasks: 0
naming_19%32, pending tasks: 0
naming_20%32, pending tasks: 0
naming_21%32, pending tasks: 0
naming_22%32, pending tasks: 0
naming_23%32, pending tasks: 0
naming_24%32, pending tasks: 0
naming_25%32, pending tasks: 0
naming_26%32, pending tasks: 0
naming_27%32, pending tasks: 0
naming_28%32, pending tasks: 0
naming_29%32, pending tasks: 0
naming_30%32, pending tasks: 0
naming_31%32, pending tasks: 0


2022-02-12 20:26:07,154 INFO PERFORMANCE:|5|5|8|-1|-1|55|0

2022-02-12 20:26:07,154 INFO Task worker status: 
naming_0%32, pending tasks: 0
naming_1%32, pending tasks: 0
naming_2%32, pending tasks: 0
naming_3%32, pending tasks: 0
naming_4%32, pending tasks: 0
naming_5%32, pending tasks: 0
naming_6%32, pending tasks: 0
naming_7%32, pending tasks: 0
naming_8%32, pending tasks: 0
naming_9%32, pending tasks: 0
naming_10%32, pending tasks: 0
naming_11%32, pending tasks: 0
naming_12%32, pending tasks: 0
naming_13%32, pending tasks: 0
naming_14%32, pending tasks: 0
naming_15%32, pending tasks: 0
naming_16%32, pending tasks: 0
naming_17%32, pending tasks: 0
naming_18%32, pending tasks: 0
naming_19%32, pending tasks: 0
naming_20%32, pending tasks: 0
naming_21%32, pending tasks: 0
naming_22%32, pending tasks: 0
naming_23%32, pending tasks: 0
naming_24%32, pending tasks: 0
naming_25%32, pending tasks: 0
naming_26%32, pending tasks: 0
naming_27%32, pending tasks: 0
naming_28%32, pending tasks: 0
naming_29%32, pending tasks: 0
naming_30%32, pending tasks: 0
naming_31%32, pending tasks: 0


2022-02-12 20:27:07,157 INFO PERFORMANCE:|5|5|8|-1|-1|55|0

2022-02-12 20:27:07,157 INFO Task worker status: 
naming_0%32, pending tasks: 0
naming_1%32, pending tasks: 0
naming_2%32, pending tasks: 0
naming_3%32, pending tasks: 0
naming_4%32, pending tasks: 0
naming_5%32, pending tasks: 0
naming_6%32, pending tasks: 0
naming_7%32, pending tasks: 0
naming_8%32, pending tasks: 0
naming_9%32, pending tasks: 0
naming_10%32, pending tasks: 0
naming_11%32, pending tasks: 0
naming_12%32, pending tasks: 0
naming_13%32, pending tasks: 0
naming_14%32, pending tasks: 0
naming_15%32, pending tasks: 0
naming_16%32, pending tasks: 0
naming_17%32, pending tasks: 0
naming_18%32, pending tasks: 0
naming_19%32, pending tasks: 0
naming_20%32, pending tasks: 0
naming_21%32, pending tasks: 0
naming_22%32, pending tasks: 0
naming_23%32, pending tasks: 0
naming_24%32, pending tasks: 0
naming_25%32, pending tasks: 0
naming_26%32, pending tasks: 0
naming_27%32, pending tasks: 0
naming_28%32, pending tasks: 0
naming_29%32, pending tasks: 0
naming_30%32, pending tasks: 0
naming_31%32, pending tasks: 0


2022-02-12 20:28:07,160 INFO PERFORMANCE:|5|5|6|520|520|56|0

2022-02-12 20:28:07,160 INFO Task worker status: 
naming_0%32, pending tasks: 0
naming_1%32, pending tasks: 0
naming_2%32, pending tasks: 0
naming_3%32, pending tasks: 0
naming_4%32, pending tasks: 0
naming_5%32, pending tasks: 0
naming_6%32, pending tasks: 0
naming_7%32, pending tasks: 0
naming_8%32, pending tasks: 0
naming_9%32, pending tasks: 0
naming_10%32, pending tasks: 0
naming_11%32, pending tasks: 0
naming_12%32, pending tasks: 0
naming_13%32, pending tasks: 0
naming_14%32, pending tasks: 0
naming_15%32, pending tasks: 0
naming_16%32, pending tasks: 0
naming_17%32, pending tasks: 0
naming_18%32, pending tasks: 0
naming_19%32, pending tasks: 0
naming_20%32, pending tasks: 0
naming_21%32, pending tasks: 0
naming_22%32, pending tasks: 0
naming_23%32, pending tasks: 0
naming_24%32, pending tasks: 0
naming_25%32, pending tasks: 0
naming_26%32, pending tasks: 0
naming_27%32, pending tasks: 0
naming_28%32, pending tasks: 0
naming_29%32, pending tasks: 0
naming_30%32, pending tasks: 0
naming_31%32, pending tasks: 0


2022-02-12 20:29:07,167 INFO PERFORMANCE:|serviceCount|ipCount|subscribeCount|maxPushCost|avgPushCost|totalPushCount|failPushCount

2022-02-12 20:29:07,167 INFO PERFORMANCE:|5|5|8|546|539|58|0

2022-02-12 20:29:07,167 INFO Task worker status: 
naming_0%32, pending tasks: 0
naming_1%32, pending tasks: 0
naming_2%32, pending tasks: 0
naming_3%32, pending tasks: 0
naming_4%32, pending tasks: 0
naming_5%32, pending tasks: 0
naming_6%32, pending tasks: 0
naming_7%32, pending tasks: 0
naming_8%32, pending tasks: 0
naming_9%32, pending tasks: 0
naming_10%32, pending tasks: 0
naming_11%32, pending tasks: 0
naming_12%32, pending tasks: 0
naming_13%32, pending tasks: 0
naming_14%32, pending tasks: 0
naming_15%32, pending tasks: 0
naming_16%32, pending tasks: 0
naming_17%32, pending tasks: 0
naming_18%32, pending tasks: 0
naming_19%32, pending tasks: 0
naming_20%32, pending tasks: 0
naming_21%32, pending tasks: 0
naming_22%32, pending tasks: 0
naming_23%32, pending tasks: 0
naming_24%32, pending tasks: 0
naming_25%32, pending tasks: 0
naming_26%32, pending tasks: 0
naming_27%32, pending tasks: 0
naming_28%32, pending tasks: 0
naming_29%32, pending tasks: 0
naming_30%32, pending tasks: 0
naming_31%32, pending tasks: 0


2022-02-12 20:30:07,179 INFO PERFORMANCE:|5|5|8|-1|-1|58|0

2022-02-12 20:30:07,179 INFO Task worker status: 
naming_0%32, pending tasks: 0
naming_1%32, pending tasks: 0
naming_2%32, pending tasks: 0
naming_3%32, pending tasks: 0
naming_4%32, pending tasks: 0
naming_5%32, pending tasks: 0
naming_6%32, pending tasks: 0
naming_7%32, pending tasks: 0
naming_8%32, pending tasks: 0
naming_9%32, pending tasks: 0
naming_10%32, pending tasks: 0
naming_11%32, pending tasks: 0
naming_12%32, pending tasks: 0
naming_13%32, pending tasks: 0
naming_14%32, pending tasks: 0
naming_15%32, pending tasks: 0
naming_16%32, pending tasks: 0
naming_17%32, pending tasks: 0
naming_18%32, pending tasks: 0
naming_19%32, pending tasks: 0
naming_20%32, pending tasks: 0
naming_21%32, pending tasks: 0
naming_22%32, pending tasks: 0
naming_23%32, pending tasks: 0
naming_24%32, pending tasks: 0
naming_25%32, pending tasks: 0
naming_26%32, pending tasks: 0
naming_27%32, pending tasks: 0
naming_28%32, pending tasks: 0
naming_29%32, pending tasks: 0
naming_30%32, pending tasks: 0
naming_31%32, pending tasks: 0


2022-02-12 20:31:07,188 INFO PERFORMANCE:|5|5|8|-1|-1|58|0

2022-02-12 20:31:07,188 INFO Task worker status: 
naming_0%32, pending tasks: 0
naming_1%32, pending tasks: 0
naming_2%32, pending tasks: 0
naming_3%32, pending tasks: 0
naming_4%32, pending tasks: 0
naming_5%32, pending tasks: 0
naming_6%32, pending tasks: 0
naming_7%32, pending tasks: 0
naming_8%32, pending tasks: 0
naming_9%32, pending tasks: 0
naming_10%32, pending tasks: 0
naming_11%32, pending tasks: 0
naming_12%32, pending tasks: 0
naming_13%32, pending tasks: 0
naming_14%32, pending tasks: 0
naming_15%32, pending tasks: 0
naming_16%32, pending tasks: 0
naming_17%32, pending tasks: 0
naming_18%32, pending tasks: 0
naming_19%32, pending tasks: 0
naming_20%32, pending tasks: 0
naming_21%32, pending tasks: 0
naming_22%32, pending tasks: 0
naming_23%32, pending tasks: 0
naming_24%32, pending tasks: 0
naming_25%32, pending tasks: 0
naming_26%32, pending tasks: 0
naming_27%32, pending tasks: 0
naming_28%32, pending tasks: 0
naming_29%32, pending tasks: 0
naming_30%32, pending tasks: 0
naming_31%32, pending tasks: 0


2022-02-12 20:32:07,191 INFO PERFORMANCE:|5|5|8|-1|-1|58|0

2022-02-12 20:32:07,191 INFO Task worker status: 
naming_0%32, pending tasks: 0
naming_1%32, pending tasks: 0
naming_2%32, pending tasks: 0
naming_3%32, pending tasks: 0
naming_4%32, pending tasks: 0
naming_5%32, pending tasks: 0
naming_6%32, pending tasks: 0
naming_7%32, pending tasks: 0
naming_8%32, pending tasks: 0
naming_9%32, pending tasks: 0
naming_10%32, pending tasks: 0
naming_11%32, pending tasks: 0
naming_12%32, pending tasks: 0
naming_13%32, pending tasks: 0
naming_14%32, pending tasks: 0
naming_15%32, pending tasks: 0
naming_16%32, pending tasks: 0
naming_17%32, pending tasks: 0
naming_18%32, pending tasks: 0
naming_19%32, pending tasks: 0
naming_20%32, pending tasks: 0
naming_21%32, pending tasks: 0
naming_22%32, pending tasks: 0
naming_23%32, pending tasks: 0
naming_24%32, pending tasks: 0
naming_25%32, pending tasks: 0
naming_26%32, pending tasks: 0
naming_27%32, pending tasks: 0
naming_28%32, pending tasks: 0
naming_29%32, pending tasks: 0
naming_30%32, pending tasks: 0
naming_31%32, pending tasks: 0


2022-02-12 20:33:07,193 INFO PERFORMANCE:|5|5|8|-1|-1|58|0

2022-02-12 20:33:07,193 INFO Task worker status: 
naming_0%32, pending tasks: 0
naming_1%32, pending tasks: 0
naming_2%32, pending tasks: 0
naming_3%32, pending tasks: 0
naming_4%32, pending tasks: 0
naming_5%32, pending tasks: 0
naming_6%32, pending tasks: 0
naming_7%32, pending tasks: 0
naming_8%32, pending tasks: 0
naming_9%32, pending tasks: 0
naming_10%32, pending tasks: 0
naming_11%32, pending tasks: 0
naming_12%32, pending tasks: 0
naming_13%32, pending tasks: 0
naming_14%32, pending tasks: 0
naming_15%32, pending tasks: 0
naming_16%32, pending tasks: 0
naming_17%32, pending tasks: 0
naming_18%32, pending tasks: 0
naming_19%32, pending tasks: 0
naming_20%32, pending tasks: 0
naming_21%32, pending tasks: 0
naming_22%32, pending tasks: 0
naming_23%32, pending tasks: 0
naming_24%32, pending tasks: 0
naming_25%32, pending tasks: 0
naming_26%32, pending tasks: 0
naming_27%32, pending tasks: 0
naming_28%32, pending tasks: 0
naming_29%32, pending tasks: 0
naming_30%32, pending tasks: 0
naming_31%32, pending tasks: 0


2022-02-12 20:34:07,198 INFO PERFORMANCE:|5|5|8|-1|-1|58|0

2022-02-12 20:34:07,198 INFO Task worker status: 
naming_0%32, pending tasks: 0
naming_1%32, pending tasks: 0
naming_2%32, pending tasks: 0
naming_3%32, pending tasks: 0
naming_4%32, pending tasks: 0
naming_5%32, pending tasks: 0
naming_6%32, pending tasks: 0
naming_7%32, pending tasks: 0
naming_8%32, pending tasks: 0
naming_9%32, pending tasks: 0
naming_10%32, pending tasks: 0
naming_11%32, pending tasks: 0
naming_12%32, pending tasks: 0
naming_13%32, pending tasks: 0
naming_14%32, pending tasks: 0
naming_15%32, pending tasks: 0
naming_16%32, pending tasks: 0
naming_17%32, pending tasks: 0
naming_18%32, pending tasks: 0
naming_19%32, pending tasks: 0
naming_20%32, pending tasks: 0
naming_21%32, pending tasks: 0
naming_22%32, pending tasks: 0
naming_23%32, pending tasks: 0
naming_24%32, pending tasks: 0
naming_25%32, pending tasks: 0
naming_26%32, pending tasks: 0
naming_27%32, pending tasks: 0
naming_28%32, pending tasks: 0
naming_29%32, pending tasks: 0
naming_30%32, pending tasks: 0
naming_31%32, pending tasks: 0


2022-02-12 20:35:07,208 INFO PERFORMANCE:|5|5|8|-1|-1|58|0

2022-02-12 20:35:07,208 INFO Task worker status: 
naming_0%32, pending tasks: 0
naming_1%32, pending tasks: 0
naming_2%32, pending tasks: 0
naming_3%32, pending tasks: 0
naming_4%32, pending tasks: 0
naming_5%32, pending tasks: 0
naming_6%32, pending tasks: 0
naming_7%32, pending tasks: 0
naming_8%32, pending tasks: 0
naming_9%32, pending tasks: 0
naming_10%32, pending tasks: 0
naming_11%32, pending tasks: 0
naming_12%32, pending tasks: 0
naming_13%32, pending tasks: 0
naming_14%32, pending tasks: 0
naming_15%32, pending tasks: 0
naming_16%32, pending tasks: 0
naming_17%32, pending tasks: 0
naming_18%32, pending tasks: 0
naming_19%32, pending tasks: 0
naming_20%32, pending tasks: 0
naming_21%32, pending tasks: 0
naming_22%32, pending tasks: 0
naming_23%32, pending tasks: 0
naming_24%32, pending tasks: 0
naming_25%32, pending tasks: 0
naming_26%32, pending tasks: 0
naming_27%32, pending tasks: 0
naming_28%32, pending tasks: 0
naming_29%32, pending tasks: 0
naming_30%32, pending tasks: 0
naming_31%32, pending tasks: 0


2022-02-12 20:36:07,218 INFO PERFORMANCE:|5|5|8|-1|-1|58|0

2022-02-12 20:36:07,218 INFO Task worker status: 
naming_0%32, pending tasks: 0
naming_1%32, pending tasks: 0
naming_2%32, pending tasks: 0
naming_3%32, pending tasks: 0
naming_4%32, pending tasks: 0
naming_5%32, pending tasks: 0
naming_6%32, pending tasks: 0
naming_7%32, pending tasks: 0
naming_8%32, pending tasks: 0
naming_9%32, pending tasks: 0
naming_10%32, pending tasks: 0
naming_11%32, pending tasks: 0
naming_12%32, pending tasks: 0
naming_13%32, pending tasks: 0
naming_14%32, pending tasks: 0
naming_15%32, pending tasks: 0
naming_16%32, pending tasks: 0
naming_17%32, pending tasks: 0
naming_18%32, pending tasks: 0
naming_19%32, pending tasks: 0
naming_20%32, pending tasks: 0
naming_21%32, pending tasks: 0
naming_22%32, pending tasks: 0
naming_23%32, pending tasks: 0
naming_24%32, pending tasks: 0
naming_25%32, pending tasks: 0
naming_26%32, pending tasks: 0
naming_27%32, pending tasks: 0
naming_28%32, pending tasks: 0
naming_29%32, pending tasks: 0
naming_30%32, pending tasks: 0
naming_31%32, pending tasks: 0


2022-02-12 20:37:07,229 INFO PERFORMANCE:|5|5|8|-1|-1|58|0

2022-02-12 20:37:07,229 INFO Task worker status: 
naming_0%32, pending tasks: 0
naming_1%32, pending tasks: 0
naming_2%32, pending tasks: 0
naming_3%32, pending tasks: 0
naming_4%32, pending tasks: 0
naming_5%32, pending tasks: 0
naming_6%32, pending tasks: 0
naming_7%32, pending tasks: 0
naming_8%32, pending tasks: 0
naming_9%32, pending tasks: 0
naming_10%32, pending tasks: 0
naming_11%32, pending tasks: 0
naming_12%32, pending tasks: 0
naming_13%32, pending tasks: 0
naming_14%32, pending tasks: 0
naming_15%32, pending tasks: 0
naming_16%32, pending tasks: 0
naming_17%32, pending tasks: 0
naming_18%32, pending tasks: 0
naming_19%32, pending tasks: 0
naming_20%32, pending tasks: 0
naming_21%32, pending tasks: 0
naming_22%32, pending tasks: 0
naming_23%32, pending tasks: 0
naming_24%32, pending tasks: 0
naming_25%32, pending tasks: 0
naming_26%32, pending tasks: 0
naming_27%32, pending tasks: 0
naming_28%32, pending tasks: 0
naming_29%32, pending tasks: 0
naming_30%32, pending tasks: 0
naming_31%32, pending tasks: 0


2022-02-12 20:38:07,245 INFO PERFORMANCE:|5|5|8|-1|-1|58|0

2022-02-12 20:38:07,245 INFO Task worker status: 
naming_0%32, pending tasks: 0
naming_1%32, pending tasks: 0
naming_2%32, pending tasks: 0
naming_3%32, pending tasks: 0
naming_4%32, pending tasks: 0
naming_5%32, pending tasks: 0
naming_6%32, pending tasks: 0
naming_7%32, pending tasks: 0
naming_8%32, pending tasks: 0
naming_9%32, pending tasks: 0
naming_10%32, pending tasks: 0
naming_11%32, pending tasks: 0
naming_12%32, pending tasks: 0
naming_13%32, pending tasks: 0
naming_14%32, pending tasks: 0
naming_15%32, pending tasks: 0
naming_16%32, pending tasks: 0
naming_17%32, pending tasks: 0
naming_18%32, pending tasks: 0
naming_19%32, pending tasks: 0
naming_20%32, pending tasks: 0
naming_21%32, pending tasks: 0
naming_22%32, pending tasks: 0
naming_23%32, pending tasks: 0
naming_24%32, pending tasks: 0
naming_25%32, pending tasks: 0
naming_26%32, pending tasks: 0
naming_27%32, pending tasks: 0
naming_28%32, pending tasks: 0
naming_29%32, pending tasks: 0
naming_30%32, pending tasks: 0
naming_31%32, pending tasks: 0


2022-02-12 20:39:07,247 INFO PERFORMANCE:|serviceCount|ipCount|subscribeCount|maxPushCost|avgPushCost|totalPushCount|failPushCount

2022-02-12 20:39:07,247 INFO PERFORMANCE:|5|5|8|-1|-1|58|0

2022-02-12 20:39:07,247 INFO Task worker status: 
naming_0%32, pending tasks: 0
naming_1%32, pending tasks: 0
naming_2%32, pending tasks: 0
naming_3%32, pending tasks: 0
naming_4%32, pending tasks: 0
naming_5%32, pending tasks: 0
naming_6%32, pending tasks: 0
naming_7%32, pending tasks: 0
naming_8%32, pending tasks: 0
naming_9%32, pending tasks: 0
naming_10%32, pending tasks: 0
naming_11%32, pending tasks: 0
naming_12%32, pending tasks: 0
naming_13%32, pending tasks: 0
naming_14%32, pending tasks: 0
naming_15%32, pending tasks: 0
naming_16%32, pending tasks: 0
naming_17%32, pending tasks: 0
naming_18%32, pending tasks: 0
naming_19%32, pending tasks: 0
naming_20%32, pending tasks: 0
naming_21%32, pending tasks: 0
naming_22%32, pending tasks: 0
naming_23%32, pending tasks: 0
naming_24%32, pending tasks: 0
naming_25%32, pending tasks: 0
naming_26%32, pending tasks: 0
naming_27%32, pending tasks: 0
naming_28%32, pending tasks: 0
naming_29%32, pending tasks: 0
naming_30%32, pending tasks: 0
naming_31%32, pending tasks: 0


2022-02-12 20:40:07,255 INFO PERFORMANCE:|5|5|8|-1|-1|58|0

2022-02-12 20:40:07,255 INFO Task worker status: 
naming_0%32, pending tasks: 0
naming_1%32, pending tasks: 0
naming_2%32, pending tasks: 0
naming_3%32, pending tasks: 0
naming_4%32, pending tasks: 0
naming_5%32, pending tasks: 0
naming_6%32, pending tasks: 0
naming_7%32, pending tasks: 0
naming_8%32, pending tasks: 0
naming_9%32, pending tasks: 0
naming_10%32, pending tasks: 0
naming_11%32, pending tasks: 0
naming_12%32, pending tasks: 0
naming_13%32, pending tasks: 0
naming_14%32, pending tasks: 0
naming_15%32, pending tasks: 0
naming_16%32, pending tasks: 0
naming_17%32, pending tasks: 0
naming_18%32, pending tasks: 0
naming_19%32, pending tasks: 0
naming_20%32, pending tasks: 0
naming_21%32, pending tasks: 0
naming_22%32, pending tasks: 0
naming_23%32, pending tasks: 0
naming_24%32, pending tasks: 0
naming_25%32, pending tasks: 0
naming_26%32, pending tasks: 0
naming_27%32, pending tasks: 0
naming_28%32, pending tasks: 0
naming_29%32, pending tasks: 0
naming_30%32, pending tasks: 0
naming_31%32, pending tasks: 0


2022-02-12 20:41:07,272 INFO PERFORMANCE:|5|5|8|-1|-1|58|0

2022-02-12 20:41:07,272 INFO Task worker status: 
naming_0%32, pending tasks: 0
naming_1%32, pending tasks: 0
naming_2%32, pending tasks: 0
naming_3%32, pending tasks: 0
naming_4%32, pending tasks: 0
naming_5%32, pending tasks: 0
naming_6%32, pending tasks: 0
naming_7%32, pending tasks: 0
naming_8%32, pending tasks: 0
naming_9%32, pending tasks: 0
naming_10%32, pending tasks: 0
naming_11%32, pending tasks: 0
naming_12%32, pending tasks: 0
naming_13%32, pending tasks: 0
naming_14%32, pending tasks: 0
naming_15%32, pending tasks: 0
naming_16%32, pending tasks: 0
naming_17%32, pending tasks: 0
naming_18%32, pending tasks: 0
naming_19%32, pending tasks: 0
naming_20%32, pending tasks: 0
naming_21%32, pending tasks: 0
naming_22%32, pending tasks: 0
naming_23%32, pending tasks: 0
naming_24%32, pending tasks: 0
naming_25%32, pending tasks: 0
naming_26%32, pending tasks: 0
naming_27%32, pending tasks: 0
naming_28%32, pending tasks: 0
naming_29%32, pending tasks: 0
naming_30%32, pending tasks: 0
naming_31%32, pending tasks: 0


2022-02-12 20:42:07,298 INFO PERFORMANCE:|5|5|8|-1|-1|58|0

2022-02-12 20:42:07,298 INFO Task worker status: 
naming_0%32, pending tasks: 0
naming_1%32, pending tasks: 0
naming_2%32, pending tasks: 0
naming_3%32, pending tasks: 0
naming_4%32, pending tasks: 0
naming_5%32, pending tasks: 0
naming_6%32, pending tasks: 0
naming_7%32, pending tasks: 0
naming_8%32, pending tasks: 0
naming_9%32, pending tasks: 0
naming_10%32, pending tasks: 0
naming_11%32, pending tasks: 0
naming_12%32, pending tasks: 0
naming_13%32, pending tasks: 0
naming_14%32, pending tasks: 0
naming_15%32, pending tasks: 0
naming_16%32, pending tasks: 0
naming_17%32, pending tasks: 0
naming_18%32, pending tasks: 0
naming_19%32, pending tasks: 0
naming_20%32, pending tasks: 0
naming_21%32, pending tasks: 0
naming_22%32, pending tasks: 0
naming_23%32, pending tasks: 0
naming_24%32, pending tasks: 0
naming_25%32, pending tasks: 0
naming_26%32, pending tasks: 0
naming_27%32, pending tasks: 0
naming_28%32, pending tasks: 0
naming_29%32, pending tasks: 0
naming_30%32, pending tasks: 0
naming_31%32, pending tasks: 0


2022-02-12 20:43:07,316 INFO PERFORMANCE:|5|5|8|-1|-1|58|0

2022-02-12 20:43:07,316 INFO Task worker status: 
naming_0%32, pending tasks: 0
naming_1%32, pending tasks: 0
naming_2%32, pending tasks: 0
naming_3%32, pending tasks: 0
naming_4%32, pending tasks: 0
naming_5%32, pending tasks: 0
naming_6%32, pending tasks: 0
naming_7%32, pending tasks: 0
naming_8%32, pending tasks: 0
naming_9%32, pending tasks: 0
naming_10%32, pending tasks: 0
naming_11%32, pending tasks: 0
naming_12%32, pending tasks: 0
naming_13%32, pending tasks: 0
naming_14%32, pending tasks: 0
naming_15%32, pending tasks: 0
naming_16%32, pending tasks: 0
naming_17%32, pending tasks: 0
naming_18%32, pending tasks: 0
naming_19%32, pending tasks: 0
naming_20%32, pending tasks: 0
naming_21%32, pending tasks: 0
naming_22%32, pending tasks: 0
naming_23%32, pending tasks: 0
naming_24%32, pending tasks: 0
naming_25%32, pending tasks: 0
naming_26%32, pending tasks: 0
naming_27%32, pending tasks: 0
naming_28%32, pending tasks: 0
naming_29%32, pending tasks: 0
naming_30%32, pending tasks: 0
naming_31%32, pending tasks: 0


2022-02-12 20:44:07,340 INFO PERFORMANCE:|5|5|8|-1|-1|58|0

2022-02-12 20:44:07,340 INFO Task worker status: 
naming_0%32, pending tasks: 0
naming_1%32, pending tasks: 0
naming_2%32, pending tasks: 0
naming_3%32, pending tasks: 0
naming_4%32, pending tasks: 0
naming_5%32, pending tasks: 0
naming_6%32, pending tasks: 0
naming_7%32, pending tasks: 0
naming_8%32, pending tasks: 0
naming_9%32, pending tasks: 0
naming_10%32, pending tasks: 0
naming_11%32, pending tasks: 0
naming_12%32, pending tasks: 0
naming_13%32, pending tasks: 0
naming_14%32, pending tasks: 0
naming_15%32, pending tasks: 0
naming_16%32, pending tasks: 0
naming_17%32, pending tasks: 0
naming_18%32, pending tasks: 0
naming_19%32, pending tasks: 0
naming_20%32, pending tasks: 0
naming_21%32, pending tasks: 0
naming_22%32, pending tasks: 0
naming_23%32, pending tasks: 0
naming_24%32, pending tasks: 0
naming_25%32, pending tasks: 0
naming_26%32, pending tasks: 0
naming_27%32, pending tasks: 0
naming_28%32, pending tasks: 0
naming_29%32, pending tasks: 0
naming_30%32, pending tasks: 0
naming_31%32, pending tasks: 0


2022-02-12 20:45:07,362 INFO PERFORMANCE:|5|5|8|-1|-1|58|0

2022-02-12 20:45:07,362 INFO Task worker status: 
naming_0%32, pending tasks: 0
naming_1%32, pending tasks: 0
naming_2%32, pending tasks: 0
naming_3%32, pending tasks: 0
naming_4%32, pending tasks: 0
naming_5%32, pending tasks: 0
naming_6%32, pending tasks: 0
naming_7%32, pending tasks: 0
naming_8%32, pending tasks: 0
naming_9%32, pending tasks: 0
naming_10%32, pending tasks: 0
naming_11%32, pending tasks: 0
naming_12%32, pending tasks: 0
naming_13%32, pending tasks: 0
naming_14%32, pending tasks: 0
naming_15%32, pending tasks: 0
naming_16%32, pending tasks: 0
naming_17%32, pending tasks: 0
naming_18%32, pending tasks: 0
naming_19%32, pending tasks: 0
naming_20%32, pending tasks: 0
naming_21%32, pending tasks: 0
naming_22%32, pending tasks: 0
naming_23%32, pending tasks: 0
naming_24%32, pending tasks: 0
naming_25%32, pending tasks: 0
naming_26%32, pending tasks: 0
naming_27%32, pending tasks: 0
naming_28%32, pending tasks: 0
naming_29%32, pending tasks: 0
naming_30%32, pending tasks: 0
naming_31%32, pending tasks: 0


2022-02-12 20:46:07,385 INFO PERFORMANCE:|5|5|8|-1|-1|58|0

2022-02-12 20:46:07,385 INFO Task worker status: 
naming_0%32, pending tasks: 0
naming_1%32, pending tasks: 0
naming_2%32, pending tasks: 0
naming_3%32, pending tasks: 0
naming_4%32, pending tasks: 0
naming_5%32, pending tasks: 0
naming_6%32, pending tasks: 0
naming_7%32, pending tasks: 0
naming_8%32, pending tasks: 0
naming_9%32, pending tasks: 0
naming_10%32, pending tasks: 0
naming_11%32, pending tasks: 0
naming_12%32, pending tasks: 0
naming_13%32, pending tasks: 0
naming_14%32, pending tasks: 0
naming_15%32, pending tasks: 0
naming_16%32, pending tasks: 0
naming_17%32, pending tasks: 0
naming_18%32, pending tasks: 0
naming_19%32, pending tasks: 0
naming_20%32, pending tasks: 0
naming_21%32, pending tasks: 0
naming_22%32, pending tasks: 0
naming_23%32, pending tasks: 0
naming_24%32, pending tasks: 0
naming_25%32, pending tasks: 0
naming_26%32, pending tasks: 0
naming_27%32, pending tasks: 0
naming_28%32, pending tasks: 0
naming_29%32, pending tasks: 0
naming_30%32, pending tasks: 0
naming_31%32, pending tasks: 0


2022-02-12 20:47:07,411 INFO PERFORMANCE:|5|5|8|-1|-1|58|0

2022-02-12 20:47:07,411 INFO Task worker status: 
naming_0%32, pending tasks: 0
naming_1%32, pending tasks: 0
naming_2%32, pending tasks: 0
naming_3%32, pending tasks: 0
naming_4%32, pending tasks: 0
naming_5%32, pending tasks: 0
naming_6%32, pending tasks: 0
naming_7%32, pending tasks: 0
naming_8%32, pending tasks: 0
naming_9%32, pending tasks: 0
naming_10%32, pending tasks: 0
naming_11%32, pending tasks: 0
naming_12%32, pending tasks: 0
naming_13%32, pending tasks: 0
naming_14%32, pending tasks: 0
naming_15%32, pending tasks: 0
naming_16%32, pending tasks: 0
naming_17%32, pending tasks: 0
naming_18%32, pending tasks: 0
naming_19%32, pending tasks: 0
naming_20%32, pending tasks: 0
naming_21%32, pending tasks: 0
naming_22%32, pending tasks: 0
naming_23%32, pending tasks: 0
naming_24%32, pending tasks: 0
naming_25%32, pending tasks: 0
naming_26%32, pending tasks: 0
naming_27%32, pending tasks: 0
naming_28%32, pending tasks: 0
naming_29%32, pending tasks: 0
naming_30%32, pending tasks: 0
naming_31%32, pending tasks: 0


2022-02-12 20:48:07,438 INFO PERFORMANCE:|5|5|8|-1|-1|58|0

2022-02-12 20:48:07,438 INFO Task worker status: 
naming_0%32, pending tasks: 0
naming_1%32, pending tasks: 0
naming_2%32, pending tasks: 0
naming_3%32, pending tasks: 0
naming_4%32, pending tasks: 0
naming_5%32, pending tasks: 0
naming_6%32, pending tasks: 0
naming_7%32, pending tasks: 0
naming_8%32, pending tasks: 0
naming_9%32, pending tasks: 0
naming_10%32, pending tasks: 0
naming_11%32, pending tasks: 0
naming_12%32, pending tasks: 0
naming_13%32, pending tasks: 0
naming_14%32, pending tasks: 0
naming_15%32, pending tasks: 0
naming_16%32, pending tasks: 0
naming_17%32, pending tasks: 0
naming_18%32, pending tasks: 0
naming_19%32, pending tasks: 0
naming_20%32, pending tasks: 0
naming_21%32, pending tasks: 0
naming_22%32, pending tasks: 0
naming_23%32, pending tasks: 0
naming_24%32, pending tasks: 0
naming_25%32, pending tasks: 0
naming_26%32, pending tasks: 0
naming_27%32, pending tasks: 0
naming_28%32, pending tasks: 0
naming_29%32, pending tasks: 0
naming_30%32, pending tasks: 0
naming_31%32, pending tasks: 0


2022-02-12 20:49:07,466 INFO PERFORMANCE:|serviceCount|ipCount|subscribeCount|maxPushCost|avgPushCost|totalPushCount|failPushCount

2022-02-12 20:49:07,466 INFO PERFORMANCE:|5|5|8|-1|-1|58|0

2022-02-12 20:49:07,466 INFO Task worker status: 
naming_0%32, pending tasks: 0
naming_1%32, pending tasks: 0
naming_2%32, pending tasks: 0
naming_3%32, pending tasks: 0
naming_4%32, pending tasks: 0
naming_5%32, pending tasks: 0
naming_6%32, pending tasks: 0
naming_7%32, pending tasks: 0
naming_8%32, pending tasks: 0
naming_9%32, pending tasks: 0
naming_10%32, pending tasks: 0
naming_11%32, pending tasks: 0
naming_12%32, pending tasks: 0
naming_13%32, pending tasks: 0
naming_14%32, pending tasks: 0
naming_15%32, pending tasks: 0
naming_16%32, pending tasks: 0
naming_17%32, pending tasks: 0
naming_18%32, pending tasks: 0
naming_19%32, pending tasks: 0
naming_20%32, pending tasks: 0
naming_21%32, pending tasks: 0
naming_22%32, pending tasks: 0
naming_23%32, pending tasks: 0
naming_24%32, pending tasks: 0
naming_25%32, pending tasks: 0
naming_26%32, pending tasks: 0
naming_27%32, pending tasks: 0
naming_28%32, pending tasks: 0
naming_29%32, pending tasks: 0
naming_30%32, pending tasks: 0
naming_31%32, pending tasks: 0


2022-02-12 20:50:07,495 INFO PERFORMANCE:|5|5|8|-1|-1|58|0

2022-02-12 20:50:07,495 INFO Task worker status: 
naming_0%32, pending tasks: 0
naming_1%32, pending tasks: 0
naming_2%32, pending tasks: 0
naming_3%32, pending tasks: 0
naming_4%32, pending tasks: 0
naming_5%32, pending tasks: 0
naming_6%32, pending tasks: 0
naming_7%32, pending tasks: 0
naming_8%32, pending tasks: 0
naming_9%32, pending tasks: 0
naming_10%32, pending tasks: 0
naming_11%32, pending tasks: 0
naming_12%32, pending tasks: 0
naming_13%32, pending tasks: 0
naming_14%32, pending tasks: 0
naming_15%32, pending tasks: 0
naming_16%32, pending tasks: 0
naming_17%32, pending tasks: 0
naming_18%32, pending tasks: 0
naming_19%32, pending tasks: 0
naming_20%32, pending tasks: 0
naming_21%32, pending tasks: 0
naming_22%32, pending tasks: 0
naming_23%32, pending tasks: 0
naming_24%32, pending tasks: 0
naming_25%32, pending tasks: 0
naming_26%32, pending tasks: 0
naming_27%32, pending tasks: 0
naming_28%32, pending tasks: 0
naming_29%32, pending tasks: 0
naming_30%32, pending tasks: 0
naming_31%32, pending tasks: 0


2022-02-12 20:51:07,521 INFO PERFORMANCE:|5|5|8|-1|-1|58|0

2022-02-12 20:51:07,521 INFO Task worker status: 
naming_0%32, pending tasks: 0
naming_1%32, pending tasks: 0
naming_2%32, pending tasks: 0
naming_3%32, pending tasks: 0
naming_4%32, pending tasks: 0
naming_5%32, pending tasks: 0
naming_6%32, pending tasks: 0
naming_7%32, pending tasks: 0
naming_8%32, pending tasks: 0
naming_9%32, pending tasks: 0
naming_10%32, pending tasks: 0
naming_11%32, pending tasks: 0
naming_12%32, pending tasks: 0
naming_13%32, pending tasks: 0
naming_14%32, pending tasks: 0
naming_15%32, pending tasks: 0
naming_16%32, pending tasks: 0
naming_17%32, pending tasks: 0
naming_18%32, pending tasks: 0
naming_19%32, pending tasks: 0
naming_20%32, pending tasks: 0
naming_21%32, pending tasks: 0
naming_22%32, pending tasks: 0
naming_23%32, pending tasks: 0
naming_24%32, pending tasks: 0
naming_25%32, pending tasks: 0
naming_26%32, pending tasks: 0
naming_27%32, pending tasks: 0
naming_28%32, pending tasks: 0
naming_29%32, pending tasks: 0
naming_30%32, pending tasks: 0
naming_31%32, pending tasks: 0


2022-02-12 20:52:07,538 INFO PERFORMANCE:|5|5|8|-1|-1|58|0

2022-02-12 20:52:07,538 INFO Task worker status: 
naming_0%32, pending tasks: 0
naming_1%32, pending tasks: 0
naming_2%32, pending tasks: 0
naming_3%32, pending tasks: 0
naming_4%32, pending tasks: 0
naming_5%32, pending tasks: 0
naming_6%32, pending tasks: 0
naming_7%32, pending tasks: 0
naming_8%32, pending tasks: 0
naming_9%32, pending tasks: 0
naming_10%32, pending tasks: 0
naming_11%32, pending tasks: 0
naming_12%32, pending tasks: 0
naming_13%32, pending tasks: 0
naming_14%32, pending tasks: 0
naming_15%32, pending tasks: 0
naming_16%32, pending tasks: 0
naming_17%32, pending tasks: 0
naming_18%32, pending tasks: 0
naming_19%32, pending tasks: 0
naming_20%32, pending tasks: 0
naming_21%32, pending tasks: 0
naming_22%32, pending tasks: 0
naming_23%32, pending tasks: 0
naming_24%32, pending tasks: 0
naming_25%32, pending tasks: 0
naming_26%32, pending tasks: 0
naming_27%32, pending tasks: 0
naming_28%32, pending tasks: 0
naming_29%32, pending tasks: 0
naming_30%32, pending tasks: 0
naming_31%32, pending tasks: 0


2022-02-12 20:53:07,565 INFO PERFORMANCE:|5|5|8|-1|-1|58|0

2022-02-12 20:53:07,565 INFO Task worker status: 
naming_0%32, pending tasks: 0
naming_1%32, pending tasks: 0
naming_2%32, pending tasks: 0
naming_3%32, pending tasks: 0
naming_4%32, pending tasks: 0
naming_5%32, pending tasks: 0
naming_6%32, pending tasks: 0
naming_7%32, pending tasks: 0
naming_8%32, pending tasks: 0
naming_9%32, pending tasks: 0
naming_10%32, pending tasks: 0
naming_11%32, pending tasks: 0
naming_12%32, pending tasks: 0
naming_13%32, pending tasks: 0
naming_14%32, pending tasks: 0
naming_15%32, pending tasks: 0
naming_16%32, pending tasks: 0
naming_17%32, pending tasks: 0
naming_18%32, pending tasks: 0
naming_19%32, pending tasks: 0
naming_20%32, pending tasks: 0
naming_21%32, pending tasks: 0
naming_22%32, pending tasks: 0
naming_23%32, pending tasks: 0
naming_24%32, pending tasks: 0
naming_25%32, pending tasks: 0
naming_26%32, pending tasks: 0
naming_27%32, pending tasks: 0
naming_28%32, pending tasks: 0
naming_29%32, pending tasks: 0
naming_30%32, pending tasks: 0
naming_31%32, pending tasks: 0


2022-02-12 20:54:07,587 INFO PERFORMANCE:|5|5|8|-1|-1|58|0

2022-02-12 20:54:07,587 INFO Task worker status: 
naming_0%32, pending tasks: 0
naming_1%32, pending tasks: 0
naming_2%32, pending tasks: 0
naming_3%32, pending tasks: 0
naming_4%32, pending tasks: 0
naming_5%32, pending tasks: 0
naming_6%32, pending tasks: 0
naming_7%32, pending tasks: 0
naming_8%32, pending tasks: 0
naming_9%32, pending tasks: 0
naming_10%32, pending tasks: 0
naming_11%32, pending tasks: 0
naming_12%32, pending tasks: 0
naming_13%32, pending tasks: 0
naming_14%32, pending tasks: 0
naming_15%32, pending tasks: 0
naming_16%32, pending tasks: 0
naming_17%32, pending tasks: 0
naming_18%32, pending tasks: 0
naming_19%32, pending tasks: 0
naming_20%32, pending tasks: 0
naming_21%32, pending tasks: 0
naming_22%32, pending tasks: 0
naming_23%32, pending tasks: 0
naming_24%32, pending tasks: 0
naming_25%32, pending tasks: 0
naming_26%32, pending tasks: 0
naming_27%32, pending tasks: 0
naming_28%32, pending tasks: 0
naming_29%32, pending tasks: 0
naming_30%32, pending tasks: 0
naming_31%32, pending tasks: 0


2022-02-12 20:55:07,604 INFO PERFORMANCE:|5|5|8|-1|-1|58|0

2022-02-12 20:55:07,604 INFO Task worker status: 
naming_0%32, pending tasks: 0
naming_1%32, pending tasks: 0
naming_2%32, pending tasks: 0
naming_3%32, pending tasks: 0
naming_4%32, pending tasks: 0
naming_5%32, pending tasks: 0
naming_6%32, pending tasks: 0
naming_7%32, pending tasks: 0
naming_8%32, pending tasks: 0
naming_9%32, pending tasks: 0
naming_10%32, pending tasks: 0
naming_11%32, pending tasks: 0
naming_12%32, pending tasks: 0
naming_13%32, pending tasks: 0
naming_14%32, pending tasks: 0
naming_15%32, pending tasks: 0
naming_16%32, pending tasks: 0
naming_17%32, pending tasks: 0
naming_18%32, pending tasks: 0
naming_19%32, pending tasks: 0
naming_20%32, pending tasks: 0
naming_21%32, pending tasks: 0
naming_22%32, pending tasks: 0
naming_23%32, pending tasks: 0
naming_24%32, pending tasks: 0
naming_25%32, pending tasks: 0
naming_26%32, pending tasks: 0
naming_27%32, pending tasks: 0
naming_28%32, pending tasks: 0
naming_29%32, pending tasks: 0
naming_30%32, pending tasks: 0
naming_31%32, pending tasks: 0


2022-02-12 20:56:07,625 INFO PERFORMANCE:|5|5|8|-1|-1|58|0

2022-02-12 20:56:07,625 INFO Task worker status: 
naming_0%32, pending tasks: 0
naming_1%32, pending tasks: 0
naming_2%32, pending tasks: 0
naming_3%32, pending tasks: 0
naming_4%32, pending tasks: 0
naming_5%32, pending tasks: 0
naming_6%32, pending tasks: 0
naming_7%32, pending tasks: 0
naming_8%32, pending tasks: 0
naming_9%32, pending tasks: 0
naming_10%32, pending tasks: 0
naming_11%32, pending tasks: 0
naming_12%32, pending tasks: 0
naming_13%32, pending tasks: 0
naming_14%32, pending tasks: 0
naming_15%32, pending tasks: 0
naming_16%32, pending tasks: 0
naming_17%32, pending tasks: 0
naming_18%32, pending tasks: 0
naming_19%32, pending tasks: 0
naming_20%32, pending tasks: 0
naming_21%32, pending tasks: 0
naming_22%32, pending tasks: 0
naming_23%32, pending tasks: 0
naming_24%32, pending tasks: 0
naming_25%32, pending tasks: 0
naming_26%32, pending tasks: 0
naming_27%32, pending tasks: 0
naming_28%32, pending tasks: 0
naming_29%32, pending tasks: 0
naming_30%32, pending tasks: 0
naming_31%32, pending tasks: 0


2022-02-12 20:57:07,643 INFO PERFORMANCE:|5|5|8|-1|-1|58|0

2022-02-12 20:57:07,643 INFO Task worker status: 
naming_0%32, pending tasks: 0
naming_1%32, pending tasks: 0
naming_2%32, pending tasks: 0
naming_3%32, pending tasks: 0
naming_4%32, pending tasks: 0
naming_5%32, pending tasks: 0
naming_6%32, pending tasks: 0
naming_7%32, pending tasks: 0
naming_8%32, pending tasks: 0
naming_9%32, pending tasks: 0
naming_10%32, pending tasks: 0
naming_11%32, pending tasks: 0
naming_12%32, pending tasks: 0
naming_13%32, pending tasks: 0
naming_14%32, pending tasks: 0
naming_15%32, pending tasks: 0
naming_16%32, pending tasks: 0
naming_17%32, pending tasks: 0
naming_18%32, pending tasks: 0
naming_19%32, pending tasks: 0
naming_20%32, pending tasks: 0
naming_21%32, pending tasks: 0
naming_22%32, pending tasks: 0
naming_23%32, pending tasks: 0
naming_24%32, pending tasks: 0
naming_25%32, pending tasks: 0
naming_26%32, pending tasks: 0
naming_27%32, pending tasks: 0
naming_28%32, pending tasks: 0
naming_29%32, pending tasks: 0
naming_30%32, pending tasks: 0
naming_31%32, pending tasks: 0


2022-02-12 20:58:07,663 INFO PERFORMANCE:|5|5|8|-1|-1|58|0

2022-02-12 20:58:07,663 INFO Task worker status: 
naming_0%32, pending tasks: 0
naming_1%32, pending tasks: 0
naming_2%32, pending tasks: 0
naming_3%32, pending tasks: 0
naming_4%32, pending tasks: 0
naming_5%32, pending tasks: 0
naming_6%32, pending tasks: 0
naming_7%32, pending tasks: 0
naming_8%32, pending tasks: 0
naming_9%32, pending tasks: 0
naming_10%32, pending tasks: 0
naming_11%32, pending tasks: 0
naming_12%32, pending tasks: 0
naming_13%32, pending tasks: 0
naming_14%32, pending tasks: 0
naming_15%32, pending tasks: 0
naming_16%32, pending tasks: 0
naming_17%32, pending tasks: 0
naming_18%32, pending tasks: 0
naming_19%32, pending tasks: 0
naming_20%32, pending tasks: 0
naming_21%32, pending tasks: 0
naming_22%32, pending tasks: 0
naming_23%32, pending tasks: 0
naming_24%32, pending tasks: 0
naming_25%32, pending tasks: 0
naming_26%32, pending tasks: 0
naming_27%32, pending tasks: 0
naming_28%32, pending tasks: 0
naming_29%32, pending tasks: 0
naming_30%32, pending tasks: 0
naming_31%32, pending tasks: 0


2022-02-12 20:59:07,678 INFO PERFORMANCE:|serviceCount|ipCount|subscribeCount|maxPushCost|avgPushCost|totalPushCount|failPushCount

2022-02-12 20:59:07,678 INFO PERFORMANCE:|5|5|8|-1|-1|58|0

2022-02-12 20:59:07,678 INFO Task worker status: 
naming_0%32, pending tasks: 0
naming_1%32, pending tasks: 0
naming_2%32, pending tasks: 0
naming_3%32, pending tasks: 0
naming_4%32, pending tasks: 0
naming_5%32, pending tasks: 0
naming_6%32, pending tasks: 0
naming_7%32, pending tasks: 0
naming_8%32, pending tasks: 0
naming_9%32, pending tasks: 0
naming_10%32, pending tasks: 0
naming_11%32, pending tasks: 0
naming_12%32, pending tasks: 0
naming_13%32, pending tasks: 0
naming_14%32, pending tasks: 0
naming_15%32, pending tasks: 0
naming_16%32, pending tasks: 0
naming_17%32, pending tasks: 0
naming_18%32, pending tasks: 0
naming_19%32, pending tasks: 0
naming_20%32, pending tasks: 0
naming_21%32, pending tasks: 0
naming_22%32, pending tasks: 0
naming_23%32, pending tasks: 0
naming_24%32, pending tasks: 0
naming_25%32, pending tasks: 0
naming_26%32, pending tasks: 0
naming_27%32, pending tasks: 0
naming_28%32, pending tasks: 0
naming_29%32, pending tasks: 0
naming_30%32, pending tasks: 0
naming_31%32, pending tasks: 0


2022-02-12 21:00:07,693 INFO PERFORMANCE:|5|5|8|-1|-1|58|0

2022-02-12 21:00:07,693 INFO Task worker status: 
naming_0%32, pending tasks: 0
naming_1%32, pending tasks: 0
naming_2%32, pending tasks: 0
naming_3%32, pending tasks: 0
naming_4%32, pending tasks: 0
naming_5%32, pending tasks: 0
naming_6%32, pending tasks: 0
naming_7%32, pending tasks: 0
naming_8%32, pending tasks: 0
naming_9%32, pending tasks: 0
naming_10%32, pending tasks: 0
naming_11%32, pending tasks: 0
naming_12%32, pending tasks: 0
naming_13%32, pending tasks: 0
naming_14%32, pending tasks: 0
naming_15%32, pending tasks: 0
naming_16%32, pending tasks: 0
naming_17%32, pending tasks: 0
naming_18%32, pending tasks: 0
naming_19%32, pending tasks: 0
naming_20%32, pending tasks: 0
naming_21%32, pending tasks: 0
naming_22%32, pending tasks: 0
naming_23%32, pending tasks: 0
naming_24%32, pending tasks: 0
naming_25%32, pending tasks: 0
naming_26%32, pending tasks: 0
naming_27%32, pending tasks: 0
naming_28%32, pending tasks: 0
naming_29%32, pending tasks: 0
naming_30%32, pending tasks: 0
naming_31%32, pending tasks: 0


2022-02-12 21:01:07,717 INFO PERFORMANCE:|5|5|8|-1|-1|58|0

2022-02-12 21:01:07,717 INFO Task worker status: 
naming_0%32, pending tasks: 0
naming_1%32, pending tasks: 0
naming_2%32, pending tasks: 0
naming_3%32, pending tasks: 0
naming_4%32, pending tasks: 0
naming_5%32, pending tasks: 0
naming_6%32, pending tasks: 0
naming_7%32, pending tasks: 0
naming_8%32, pending tasks: 0
naming_9%32, pending tasks: 0
naming_10%32, pending tasks: 0
naming_11%32, pending tasks: 0
naming_12%32, pending tasks: 0
naming_13%32, pending tasks: 0
naming_14%32, pending tasks: 0
naming_15%32, pending tasks: 0
naming_16%32, pending tasks: 0
naming_17%32, pending tasks: 0
naming_18%32, pending tasks: 0
naming_19%32, pending tasks: 0
naming_20%32, pending tasks: 0
naming_21%32, pending tasks: 0
naming_22%32, pending tasks: 0
naming_23%32, pending tasks: 0
naming_24%32, pending tasks: 0
naming_25%32, pending tasks: 0
naming_26%32, pending tasks: 0
naming_27%32, pending tasks: 0
naming_28%32, pending tasks: 0
naming_29%32, pending tasks: 0
naming_30%32, pending tasks: 0
naming_31%32, pending tasks: 0


2022-02-12 21:02:07,741 INFO PERFORMANCE:|5|5|8|-1|-1|58|0

2022-02-12 21:02:07,741 INFO Task worker status: 
naming_0%32, pending tasks: 0
naming_1%32, pending tasks: 0
naming_2%32, pending tasks: 0
naming_3%32, pending tasks: 0
naming_4%32, pending tasks: 0
naming_5%32, pending tasks: 0
naming_6%32, pending tasks: 0
naming_7%32, pending tasks: 0
naming_8%32, pending tasks: 0
naming_9%32, pending tasks: 0
naming_10%32, pending tasks: 0
naming_11%32, pending tasks: 0
naming_12%32, pending tasks: 0
naming_13%32, pending tasks: 0
naming_14%32, pending tasks: 0
naming_15%32, pending tasks: 0
naming_16%32, pending tasks: 0
naming_17%32, pending tasks: 0
naming_18%32, pending tasks: 0
naming_19%32, pending tasks: 0
naming_20%32, pending tasks: 0
naming_21%32, pending tasks: 0
naming_22%32, pending tasks: 0
naming_23%32, pending tasks: 0
naming_24%32, pending tasks: 0
naming_25%32, pending tasks: 0
naming_26%32, pending tasks: 0
naming_27%32, pending tasks: 0
naming_28%32, pending tasks: 0
naming_29%32, pending tasks: 0
naming_30%32, pending tasks: 0
naming_31%32, pending tasks: 0


2022-02-12 21:03:07,761 INFO PERFORMANCE:|5|5|8|-1|-1|58|0

2022-02-12 21:03:07,761 INFO Task worker status: 
naming_0%32, pending tasks: 0
naming_1%32, pending tasks: 0
naming_2%32, pending tasks: 0
naming_3%32, pending tasks: 0
naming_4%32, pending tasks: 0
naming_5%32, pending tasks: 0
naming_6%32, pending tasks: 0
naming_7%32, pending tasks: 0
naming_8%32, pending tasks: 0
naming_9%32, pending tasks: 0
naming_10%32, pending tasks: 0
naming_11%32, pending tasks: 0
naming_12%32, pending tasks: 0
naming_13%32, pending tasks: 0
naming_14%32, pending tasks: 0
naming_15%32, pending tasks: 0
naming_16%32, pending tasks: 0
naming_17%32, pending tasks: 0
naming_18%32, pending tasks: 0
naming_19%32, pending tasks: 0
naming_20%32, pending tasks: 0
naming_21%32, pending tasks: 0
naming_22%32, pending tasks: 0
naming_23%32, pending tasks: 0
naming_24%32, pending tasks: 0
naming_25%32, pending tasks: 0
naming_26%32, pending tasks: 0
naming_27%32, pending tasks: 0
naming_28%32, pending tasks: 0
naming_29%32, pending tasks: 0
naming_30%32, pending tasks: 0
naming_31%32, pending tasks: 0


2022-02-12 21:04:07,781 INFO PERFORMANCE:|5|5|8|-1|-1|58|0

2022-02-12 21:04:07,781 INFO Task worker status: 
naming_0%32, pending tasks: 0
naming_1%32, pending tasks: 0
naming_2%32, pending tasks: 0
naming_3%32, pending tasks: 0
naming_4%32, pending tasks: 0
naming_5%32, pending tasks: 0
naming_6%32, pending tasks: 0
naming_7%32, pending tasks: 0
naming_8%32, pending tasks: 0
naming_9%32, pending tasks: 0
naming_10%32, pending tasks: 0
naming_11%32, pending tasks: 0
naming_12%32, pending tasks: 0
naming_13%32, pending tasks: 0
naming_14%32, pending tasks: 0
naming_15%32, pending tasks: 0
naming_16%32, pending tasks: 0
naming_17%32, pending tasks: 0
naming_18%32, pending tasks: 0
naming_19%32, pending tasks: 0
naming_20%32, pending tasks: 0
naming_21%32, pending tasks: 0
naming_22%32, pending tasks: 0
naming_23%32, pending tasks: 0
naming_24%32, pending tasks: 0
naming_25%32, pending tasks: 0
naming_26%32, pending tasks: 0
naming_27%32, pending tasks: 0
naming_28%32, pending tasks: 0
naming_29%32, pending tasks: 0
naming_30%32, pending tasks: 0
naming_31%32, pending tasks: 0


2022-02-12 21:05:07,798 INFO PERFORMANCE:|5|5|8|-1|-1|58|0

2022-02-12 21:05:07,798 INFO Task worker status: 
naming_0%32, pending tasks: 0
naming_1%32, pending tasks: 0
naming_2%32, pending tasks: 0
naming_3%32, pending tasks: 0
naming_4%32, pending tasks: 0
naming_5%32, pending tasks: 0
naming_6%32, pending tasks: 0
naming_7%32, pending tasks: 0
naming_8%32, pending tasks: 0
naming_9%32, pending tasks: 0
naming_10%32, pending tasks: 0
naming_11%32, pending tasks: 0
naming_12%32, pending tasks: 0
naming_13%32, pending tasks: 0
naming_14%32, pending tasks: 0
naming_15%32, pending tasks: 0
naming_16%32, pending tasks: 0
naming_17%32, pending tasks: 0
naming_18%32, pending tasks: 0
naming_19%32, pending tasks: 0
naming_20%32, pending tasks: 0
naming_21%32, pending tasks: 0
naming_22%32, pending tasks: 0
naming_23%32, pending tasks: 0
naming_24%32, pending tasks: 0
naming_25%32, pending tasks: 0
naming_26%32, pending tasks: 0
naming_27%32, pending tasks: 0
naming_28%32, pending tasks: 0
naming_29%32, pending tasks: 0
naming_30%32, pending tasks: 0
naming_31%32, pending tasks: 0


2022-02-12 21:06:07,819 INFO PERFORMANCE:|5|5|8|-1|-1|58|0

2022-02-12 21:06:07,819 INFO Task worker status: 
naming_0%32, pending tasks: 0
naming_1%32, pending tasks: 0
naming_2%32, pending tasks: 0
naming_3%32, pending tasks: 0
naming_4%32, pending tasks: 0
naming_5%32, pending tasks: 0
naming_6%32, pending tasks: 0
naming_7%32, pending tasks: 0
naming_8%32, pending tasks: 0
naming_9%32, pending tasks: 0
naming_10%32, pending tasks: 0
naming_11%32, pending tasks: 0
naming_12%32, pending tasks: 0
naming_13%32, pending tasks: 0
naming_14%32, pending tasks: 0
naming_15%32, pending tasks: 0
naming_16%32, pending tasks: 0
naming_17%32, pending tasks: 0
naming_18%32, pending tasks: 0
naming_19%32, pending tasks: 0
naming_20%32, pending tasks: 0
naming_21%32, pending tasks: 0
naming_22%32, pending tasks: 0
naming_23%32, pending tasks: 0
naming_24%32, pending tasks: 0
naming_25%32, pending tasks: 0
naming_26%32, pending tasks: 0
naming_27%32, pending tasks: 0
naming_28%32, pending tasks: 0
naming_29%32, pending tasks: 0
naming_30%32, pending tasks: 0
naming_31%32, pending tasks: 0


2022-02-12 21:07:07,833 INFO PERFORMANCE:|5|5|8|-1|-1|58|0

2022-02-12 21:07:07,833 INFO Task worker status: 
naming_0%32, pending tasks: 0
naming_1%32, pending tasks: 0
naming_2%32, pending tasks: 0
naming_3%32, pending tasks: 0
naming_4%32, pending tasks: 0
naming_5%32, pending tasks: 0
naming_6%32, pending tasks: 0
naming_7%32, pending tasks: 0
naming_8%32, pending tasks: 0
naming_9%32, pending tasks: 0
naming_10%32, pending tasks: 0
naming_11%32, pending tasks: 0
naming_12%32, pending tasks: 0
naming_13%32, pending tasks: 0
naming_14%32, pending tasks: 0
naming_15%32, pending tasks: 0
naming_16%32, pending tasks: 0
naming_17%32, pending tasks: 0
naming_18%32, pending tasks: 0
naming_19%32, pending tasks: 0
naming_20%32, pending tasks: 0
naming_21%32, pending tasks: 0
naming_22%32, pending tasks: 0
naming_23%32, pending tasks: 0
naming_24%32, pending tasks: 0
naming_25%32, pending tasks: 0
naming_26%32, pending tasks: 0
naming_27%32, pending tasks: 0
naming_28%32, pending tasks: 0
naming_29%32, pending tasks: 0
naming_30%32, pending tasks: 0
naming_31%32, pending tasks: 0


2022-02-12 21:08:07,844 INFO PERFORMANCE:|5|5|8|-1|-1|58|0

2022-02-12 21:08:07,844 INFO Task worker status: 
naming_0%32, pending tasks: 0
naming_1%32, pending tasks: 0
naming_2%32, pending tasks: 0
naming_3%32, pending tasks: 0
naming_4%32, pending tasks: 0
naming_5%32, pending tasks: 0
naming_6%32, pending tasks: 0
naming_7%32, pending tasks: 0
naming_8%32, pending tasks: 0
naming_9%32, pending tasks: 0
naming_10%32, pending tasks: 0
naming_11%32, pending tasks: 0
naming_12%32, pending tasks: 0
naming_13%32, pending tasks: 0
naming_14%32, pending tasks: 0
naming_15%32, pending tasks: 0
naming_16%32, pending tasks: 0
naming_17%32, pending tasks: 0
naming_18%32, pending tasks: 0
naming_19%32, pending tasks: 0
naming_20%32, pending tasks: 0
naming_21%32, pending tasks: 0
naming_22%32, pending tasks: 0
naming_23%32, pending tasks: 0
naming_24%32, pending tasks: 0
naming_25%32, pending tasks: 0
naming_26%32, pending tasks: 0
naming_27%32, pending tasks: 0
naming_28%32, pending tasks: 0
naming_29%32, pending tasks: 0
naming_30%32, pending tasks: 0
naming_31%32, pending tasks: 0


2022-02-12 21:09:07,864 INFO PERFORMANCE:|serviceCount|ipCount|subscribeCount|maxPushCost|avgPushCost|totalPushCount|failPushCount

2022-02-12 21:09:07,864 INFO PERFORMANCE:|5|5|8|-1|-1|58|0

2022-02-12 21:09:07,864 INFO Task worker status: 
naming_0%32, pending tasks: 0
naming_1%32, pending tasks: 0
naming_2%32, pending tasks: 0
naming_3%32, pending tasks: 0
naming_4%32, pending tasks: 0
naming_5%32, pending tasks: 0
naming_6%32, pending tasks: 0
naming_7%32, pending tasks: 0
naming_8%32, pending tasks: 0
naming_9%32, pending tasks: 0
naming_10%32, pending tasks: 0
naming_11%32, pending tasks: 0
naming_12%32, pending tasks: 0
naming_13%32, pending tasks: 0
naming_14%32, pending tasks: 0
naming_15%32, pending tasks: 0
naming_16%32, pending tasks: 0
naming_17%32, pending tasks: 0
naming_18%32, pending tasks: 0
naming_19%32, pending tasks: 0
naming_20%32, pending tasks: 0
naming_21%32, pending tasks: 0
naming_22%32, pending tasks: 0
naming_23%32, pending tasks: 0
naming_24%32, pending tasks: 0
naming_25%32, pending tasks: 0
naming_26%32, pending tasks: 0
naming_27%32, pending tasks: 0
naming_28%32, pending tasks: 0
naming_29%32, pending tasks: 0
naming_30%32, pending tasks: 0
naming_31%32, pending tasks: 0


2022-02-12 21:10:07,877 INFO PERFORMANCE:|5|5|8|-1|-1|58|0

2022-02-12 21:10:07,877 INFO Task worker status: 
naming_0%32, pending tasks: 0
naming_1%32, pending tasks: 0
naming_2%32, pending tasks: 0
naming_3%32, pending tasks: 0
naming_4%32, pending tasks: 0
naming_5%32, pending tasks: 0
naming_6%32, pending tasks: 0
naming_7%32, pending tasks: 0
naming_8%32, pending tasks: 0
naming_9%32, pending tasks: 0
naming_10%32, pending tasks: 0
naming_11%32, pending tasks: 0
naming_12%32, pending tasks: 0
naming_13%32, pending tasks: 0
naming_14%32, pending tasks: 0
naming_15%32, pending tasks: 0
naming_16%32, pending tasks: 0
naming_17%32, pending tasks: 0
naming_18%32, pending tasks: 0
naming_19%32, pending tasks: 0
naming_20%32, pending tasks: 0
naming_21%32, pending tasks: 0
naming_22%32, pending tasks: 0
naming_23%32, pending tasks: 0
naming_24%32, pending tasks: 0
naming_25%32, pending tasks: 0
naming_26%32, pending tasks: 0
naming_27%32, pending tasks: 0
naming_28%32, pending tasks: 0
naming_29%32, pending tasks: 0
naming_30%32, pending tasks: 0
naming_31%32, pending tasks: 0


2022-02-12 21:11:07,900 INFO PERFORMANCE:|5|5|8|-1|-1|58|0

2022-02-12 21:11:07,900 INFO Task worker status: 
naming_0%32, pending tasks: 0
naming_1%32, pending tasks: 0
naming_2%32, pending tasks: 0
naming_3%32, pending tasks: 0
naming_4%32, pending tasks: 0
naming_5%32, pending tasks: 0
naming_6%32, pending tasks: 0
naming_7%32, pending tasks: 0
naming_8%32, pending tasks: 0
naming_9%32, pending tasks: 0
naming_10%32, pending tasks: 0
naming_11%32, pending tasks: 0
naming_12%32, pending tasks: 0
naming_13%32, pending tasks: 0
naming_14%32, pending tasks: 0
naming_15%32, pending tasks: 0
naming_16%32, pending tasks: 0
naming_17%32, pending tasks: 0
naming_18%32, pending tasks: 0
naming_19%32, pending tasks: 0
naming_20%32, pending tasks: 0
naming_21%32, pending tasks: 0
naming_22%32, pending tasks: 0
naming_23%32, pending tasks: 0
naming_24%32, pending tasks: 0
naming_25%32, pending tasks: 0
naming_26%32, pending tasks: 0
naming_27%32, pending tasks: 0
naming_28%32, pending tasks: 0
naming_29%32, pending tasks: 0
naming_30%32, pending tasks: 0
naming_31%32, pending tasks: 0


2022-02-12 21:12:07,911 INFO PERFORMANCE:|5|5|8|-1|-1|58|0

2022-02-12 21:12:07,911 INFO Task worker status: 
naming_0%32, pending tasks: 0
naming_1%32, pending tasks: 0
naming_2%32, pending tasks: 0
naming_3%32, pending tasks: 0
naming_4%32, pending tasks: 0
naming_5%32, pending tasks: 0
naming_6%32, pending tasks: 0
naming_7%32, pending tasks: 0
naming_8%32, pending tasks: 0
naming_9%32, pending tasks: 0
naming_10%32, pending tasks: 0
naming_11%32, pending tasks: 0
naming_12%32, pending tasks: 0
naming_13%32, pending tasks: 0
naming_14%32, pending tasks: 0
naming_15%32, pending tasks: 0
naming_16%32, pending tasks: 0
naming_17%32, pending tasks: 0
naming_18%32, pending tasks: 0
naming_19%32, pending tasks: 0
naming_20%32, pending tasks: 0
naming_21%32, pending tasks: 0
naming_22%32, pending tasks: 0
naming_23%32, pending tasks: 0
naming_24%32, pending tasks: 0
naming_25%32, pending tasks: 0
naming_26%32, pending tasks: 0
naming_27%32, pending tasks: 0
naming_28%32, pending tasks: 0
naming_29%32, pending tasks: 0
naming_30%32, pending tasks: 0
naming_31%32, pending tasks: 0


2022-02-12 21:13:07,931 INFO PERFORMANCE:|5|5|8|-1|-1|58|0

2022-02-12 21:13:07,931 INFO Task worker status: 
naming_0%32, pending tasks: 0
naming_1%32, pending tasks: 0
naming_2%32, pending tasks: 0
naming_3%32, pending tasks: 0
naming_4%32, pending tasks: 0
naming_5%32, pending tasks: 0
naming_6%32, pending tasks: 0
naming_7%32, pending tasks: 0
naming_8%32, pending tasks: 0
naming_9%32, pending tasks: 0
naming_10%32, pending tasks: 0
naming_11%32, pending tasks: 0
naming_12%32, pending tasks: 0
naming_13%32, pending tasks: 0
naming_14%32, pending tasks: 0
naming_15%32, pending tasks: 0
naming_16%32, pending tasks: 0
naming_17%32, pending tasks: 0
naming_18%32, pending tasks: 0
naming_19%32, pending tasks: 0
naming_20%32, pending tasks: 0
naming_21%32, pending tasks: 0
naming_22%32, pending tasks: 0
naming_23%32, pending tasks: 0
naming_24%32, pending tasks: 0
naming_25%32, pending tasks: 0
naming_26%32, pending tasks: 0
naming_27%32, pending tasks: 0
naming_28%32, pending tasks: 0
naming_29%32, pending tasks: 0
naming_30%32, pending tasks: 0
naming_31%32, pending tasks: 0


2022-02-12 21:14:07,954 INFO PERFORMANCE:|5|5|8|-1|-1|58|0

2022-02-12 21:14:07,954 INFO Task worker status: 
naming_0%32, pending tasks: 0
naming_1%32, pending tasks: 0
naming_2%32, pending tasks: 0
naming_3%32, pending tasks: 0
naming_4%32, pending tasks: 0
naming_5%32, pending tasks: 0
naming_6%32, pending tasks: 0
naming_7%32, pending tasks: 0
naming_8%32, pending tasks: 0
naming_9%32, pending tasks: 0
naming_10%32, pending tasks: 0
naming_11%32, pending tasks: 0
naming_12%32, pending tasks: 0
naming_13%32, pending tasks: 0
naming_14%32, pending tasks: 0
naming_15%32, pending tasks: 0
naming_16%32, pending tasks: 0
naming_17%32, pending tasks: 0
naming_18%32, pending tasks: 0
naming_19%32, pending tasks: 0
naming_20%32, pending tasks: 0
naming_21%32, pending tasks: 0
naming_22%32, pending tasks: 0
naming_23%32, pending tasks: 0
naming_24%32, pending tasks: 0
naming_25%32, pending tasks: 0
naming_26%32, pending tasks: 0
naming_27%32, pending tasks: 0
naming_28%32, pending tasks: 0
naming_29%32, pending tasks: 0
naming_30%32, pending tasks: 0
naming_31%32, pending tasks: 0


2022-02-12 21:15:07,963 INFO PERFORMANCE:|5|5|8|606|584|69|0

2022-02-12 21:15:07,963 INFO Task worker status: 
naming_0%32, pending tasks: 0
naming_1%32, pending tasks: 0
naming_2%32, pending tasks: 0
naming_3%32, pending tasks: 0
naming_4%32, pending tasks: 0
naming_5%32, pending tasks: 0
naming_6%32, pending tasks: 0
naming_7%32, pending tasks: 0
naming_8%32, pending tasks: 0
naming_9%32, pending tasks: 0
naming_10%32, pending tasks: 0
naming_11%32, pending tasks: 0
naming_12%32, pending tasks: 0
naming_13%32, pending tasks: 0
naming_14%32, pending tasks: 0
naming_15%32, pending tasks: 0
naming_16%32, pending tasks: 0
naming_17%32, pending tasks: 0
naming_18%32, pending tasks: 0
naming_19%32, pending tasks: 0
naming_20%32, pending tasks: 0
naming_21%32, pending tasks: 0
naming_22%32, pending tasks: 0
naming_23%32, pending tasks: 0
naming_24%32, pending tasks: 0
naming_25%32, pending tasks: 0
naming_26%32, pending tasks: 0
naming_27%32, pending tasks: 0
naming_28%32, pending tasks: 0
naming_29%32, pending tasks: 0
naming_30%32, pending tasks: 0
naming_31%32, pending tasks: 0


2022-02-12 21:16:07,982 INFO PERFORMANCE:|5|4|7|590|590|71|0

2022-02-12 21:16:07,982 INFO Task worker status: 
naming_0%32, pending tasks: 0
naming_1%32, pending tasks: 0
naming_2%32, pending tasks: 0
naming_3%32, pending tasks: 0
naming_4%32, pending tasks: 0
naming_5%32, pending tasks: 0
naming_6%32, pending tasks: 0
naming_7%32, pending tasks: 0
naming_8%32, pending tasks: 0
naming_9%32, pending tasks: 0
naming_10%32, pending tasks: 0
naming_11%32, pending tasks: 0
naming_12%32, pending tasks: 0
naming_13%32, pending tasks: 0
naming_14%32, pending tasks: 0
naming_15%32, pending tasks: 0
naming_16%32, pending tasks: 0
naming_17%32, pending tasks: 0
naming_18%32, pending tasks: 0
naming_19%32, pending tasks: 0
naming_20%32, pending tasks: 0
naming_21%32, pending tasks: 0
naming_22%32, pending tasks: 0
naming_23%32, pending tasks: 0
naming_24%32, pending tasks: 0
naming_25%32, pending tasks: 0
naming_26%32, pending tasks: 0
naming_27%32, pending tasks: 0
naming_28%32, pending tasks: 0
naming_29%32, pending tasks: 0
naming_30%32, pending tasks: 0
naming_31%32, pending tasks: 0


2022-02-12 21:17:07,991 INFO PERFORMANCE:|5|5|8|522|513|74|0

2022-02-12 21:17:07,991 INFO Task worker status: 
naming_0%32, pending tasks: 0
naming_1%32, pending tasks: 0
naming_2%32, pending tasks: 0
naming_3%32, pending tasks: 0
naming_4%32, pending tasks: 0
naming_5%32, pending tasks: 0
naming_6%32, pending tasks: 0
naming_7%32, pending tasks: 0
naming_8%32, pending tasks: 0
naming_9%32, pending tasks: 0
naming_10%32, pending tasks: 0
naming_11%32, pending tasks: 0
naming_12%32, pending tasks: 0
naming_13%32, pending tasks: 0
naming_14%32, pending tasks: 0
naming_15%32, pending tasks: 0
naming_16%32, pending tasks: 0
naming_17%32, pending tasks: 0
naming_18%32, pending tasks: 0
naming_19%32, pending tasks: 0
naming_20%32, pending tasks: 0
naming_21%32, pending tasks: 0
naming_22%32, pending tasks: 0
naming_23%32, pending tasks: 0
naming_24%32, pending tasks: 0
naming_25%32, pending tasks: 0
naming_26%32, pending tasks: 0
naming_27%32, pending tasks: 0
naming_28%32, pending tasks: 0
naming_29%32, pending tasks: 0
naming_30%32, pending tasks: 0
naming_31%32, pending tasks: 0


2022-02-12 21:18:08,009 INFO PERFORMANCE:|5|5|8|-1|-1|74|0

2022-02-12 21:18:08,009 INFO Task worker status: 
naming_0%32, pending tasks: 0
naming_1%32, pending tasks: 0
naming_2%32, pending tasks: 0
naming_3%32, pending tasks: 0
naming_4%32, pending tasks: 0
naming_5%32, pending tasks: 0
naming_6%32, pending tasks: 0
naming_7%32, pending tasks: 0
naming_8%32, pending tasks: 0
naming_9%32, pending tasks: 0
naming_10%32, pending tasks: 0
naming_11%32, pending tasks: 0
naming_12%32, pending tasks: 0
naming_13%32, pending tasks: 0
naming_14%32, pending tasks: 0
naming_15%32, pending tasks: 0
naming_16%32, pending tasks: 0
naming_17%32, pending tasks: 0
naming_18%32, pending tasks: 0
naming_19%32, pending tasks: 0
naming_20%32, pending tasks: 0
naming_21%32, pending tasks: 0
naming_22%32, pending tasks: 0
naming_23%32, pending tasks: 0
naming_24%32, pending tasks: 0
naming_25%32, pending tasks: 0
naming_26%32, pending tasks: 0
naming_27%32, pending tasks: 0
naming_28%32, pending tasks: 0
naming_29%32, pending tasks: 0
naming_30%32, pending tasks: 0
naming_31%32, pending tasks: 0


2022-02-12 21:19:08,030 INFO PERFORMANCE:|serviceCount|ipCount|subscribeCount|maxPushCost|avgPushCost|totalPushCount|failPushCount

2022-02-12 21:19:08,030 INFO PERFORMANCE:|5|5|8|-1|-1|74|0

2022-02-12 21:19:08,030 INFO Task worker status: 
naming_0%32, pending tasks: 0
naming_1%32, pending tasks: 0
naming_2%32, pending tasks: 0
naming_3%32, pending tasks: 0
naming_4%32, pending tasks: 0
naming_5%32, pending tasks: 0
naming_6%32, pending tasks: 0
naming_7%32, pending tasks: 0
naming_8%32, pending tasks: 0
naming_9%32, pending tasks: 0
naming_10%32, pending tasks: 0
naming_11%32, pending tasks: 0
naming_12%32, pending tasks: 0
naming_13%32, pending tasks: 0
naming_14%32, pending tasks: 0
naming_15%32, pending tasks: 0
naming_16%32, pending tasks: 0
naming_17%32, pending tasks: 0
naming_18%32, pending tasks: 0
naming_19%32, pending tasks: 0
naming_20%32, pending tasks: 0
naming_21%32, pending tasks: 0
naming_22%32, pending tasks: 0
naming_23%32, pending tasks: 0
naming_24%32, pending tasks: 0
naming_25%32, pending tasks: 0
naming_26%32, pending tasks: 0
naming_27%32, pending tasks: 0
naming_28%32, pending tasks: 0
naming_29%32, pending tasks: 0
naming_30%32, pending tasks: 0
naming_31%32, pending tasks: 0


2022-02-12 21:20:08,049 INFO PERFORMANCE:|5|5|8|-1|-1|74|0

2022-02-12 21:20:08,049 INFO Task worker status: 
naming_0%32, pending tasks: 0
naming_1%32, pending tasks: 0
naming_2%32, pending tasks: 0
naming_3%32, pending tasks: 0
naming_4%32, pending tasks: 0
naming_5%32, pending tasks: 0
naming_6%32, pending tasks: 0
naming_7%32, pending tasks: 0
naming_8%32, pending tasks: 0
naming_9%32, pending tasks: 0
naming_10%32, pending tasks: 0
naming_11%32, pending tasks: 0
naming_12%32, pending tasks: 0
naming_13%32, pending tasks: 0
naming_14%32, pending tasks: 0
naming_15%32, pending tasks: 0
naming_16%32, pending tasks: 0
naming_17%32, pending tasks: 0
naming_18%32, pending tasks: 0
naming_19%32, pending tasks: 0
naming_20%32, pending tasks: 0
naming_21%32, pending tasks: 0
naming_22%32, pending tasks: 0
naming_23%32, pending tasks: 0
naming_24%32, pending tasks: 0
naming_25%32, pending tasks: 0
naming_26%32, pending tasks: 0
naming_27%32, pending tasks: 0
naming_28%32, pending tasks: 0
naming_29%32, pending tasks: 0
naming_30%32, pending tasks: 0
naming_31%32, pending tasks: 0


2022-02-12 21:21:08,067 INFO PERFORMANCE:|5|5|8|-1|-1|74|0

2022-02-12 21:21:08,067 INFO Task worker status: 
naming_0%32, pending tasks: 0
naming_1%32, pending tasks: 0
naming_2%32, pending tasks: 0
naming_3%32, pending tasks: 0
naming_4%32, pending tasks: 0
naming_5%32, pending tasks: 0
naming_6%32, pending tasks: 0
naming_7%32, pending tasks: 0
naming_8%32, pending tasks: 0
naming_9%32, pending tasks: 0
naming_10%32, pending tasks: 0
naming_11%32, pending tasks: 0
naming_12%32, pending tasks: 0
naming_13%32, pending tasks: 0
naming_14%32, pending tasks: 0
naming_15%32, pending tasks: 0
naming_16%32, pending tasks: 0
naming_17%32, pending tasks: 0
naming_18%32, pending tasks: 0
naming_19%32, pending tasks: 0
naming_20%32, pending tasks: 0
naming_21%32, pending tasks: 0
naming_22%32, pending tasks: 0
naming_23%32, pending tasks: 0
naming_24%32, pending tasks: 0
naming_25%32, pending tasks: 0
naming_26%32, pending tasks: 0
naming_27%32, pending tasks: 0
naming_28%32, pending tasks: 0
naming_29%32, pending tasks: 0
naming_30%32, pending tasks: 0
naming_31%32, pending tasks: 0


2022-02-12 21:22:08,080 INFO PERFORMANCE:|5|5|8|-1|-1|74|0

2022-02-12 21:22:08,080 INFO Task worker status: 
naming_0%32, pending tasks: 0
naming_1%32, pending tasks: 0
naming_2%32, pending tasks: 0
naming_3%32, pending tasks: 0
naming_4%32, pending tasks: 0
naming_5%32, pending tasks: 0
naming_6%32, pending tasks: 0
naming_7%32, pending tasks: 0
naming_8%32, pending tasks: 0
naming_9%32, pending tasks: 0
naming_10%32, pending tasks: 0
naming_11%32, pending tasks: 0
naming_12%32, pending tasks: 0
naming_13%32, pending tasks: 0
naming_14%32, pending tasks: 0
naming_15%32, pending tasks: 0
naming_16%32, pending tasks: 0
naming_17%32, pending tasks: 0
naming_18%32, pending tasks: 0
naming_19%32, pending tasks: 0
naming_20%32, pending tasks: 0
naming_21%32, pending tasks: 0
naming_22%32, pending tasks: 0
naming_23%32, pending tasks: 0
naming_24%32, pending tasks: 0
naming_25%32, pending tasks: 0
naming_26%32, pending tasks: 0
naming_27%32, pending tasks: 0
naming_28%32, pending tasks: 0
naming_29%32, pending tasks: 0
naming_30%32, pending tasks: 0
naming_31%32, pending tasks: 0


2022-02-12 21:23:08,095 INFO PERFORMANCE:|5|5|8|-1|-1|74|0

2022-02-12 21:23:08,095 INFO Task worker status: 
naming_0%32, pending tasks: 0
naming_1%32, pending tasks: 0
naming_2%32, pending tasks: 0
naming_3%32, pending tasks: 0
naming_4%32, pending tasks: 0
naming_5%32, pending tasks: 0
naming_6%32, pending tasks: 0
naming_7%32, pending tasks: 0
naming_8%32, pending tasks: 0
naming_9%32, pending tasks: 0
naming_10%32, pending tasks: 0
naming_11%32, pending tasks: 0
naming_12%32, pending tasks: 0
naming_13%32, pending tasks: 0
naming_14%32, pending tasks: 0
naming_15%32, pending tasks: 0
naming_16%32, pending tasks: 0
naming_17%32, pending tasks: 0
naming_18%32, pending tasks: 0
naming_19%32, pending tasks: 0
naming_20%32, pending tasks: 0
naming_21%32, pending tasks: 0
naming_22%32, pending tasks: 0
naming_23%32, pending tasks: 0
naming_24%32, pending tasks: 0
naming_25%32, pending tasks: 0
naming_26%32, pending tasks: 0
naming_27%32, pending tasks: 0
naming_28%32, pending tasks: 0
naming_29%32, pending tasks: 0
naming_30%32, pending tasks: 0
naming_31%32, pending tasks: 0


2022-02-12 21:24:08,111 INFO PERFORMANCE:|5|5|8|-1|-1|74|0

2022-02-12 21:24:08,111 INFO Task worker status: 
naming_0%32, pending tasks: 0
naming_1%32, pending tasks: 0
naming_2%32, pending tasks: 0
naming_3%32, pending tasks: 0
naming_4%32, pending tasks: 0
naming_5%32, pending tasks: 0
naming_6%32, pending tasks: 0
naming_7%32, pending tasks: 0
naming_8%32, pending tasks: 0
naming_9%32, pending tasks: 0
naming_10%32, pending tasks: 0
naming_11%32, pending tasks: 0
naming_12%32, pending tasks: 0
naming_13%32, pending tasks: 0
naming_14%32, pending tasks: 0
naming_15%32, pending tasks: 0
naming_16%32, pending tasks: 0
naming_17%32, pending tasks: 0
naming_18%32, pending tasks: 0
naming_19%32, pending tasks: 0
naming_20%32, pending tasks: 0
naming_21%32, pending tasks: 0
naming_22%32, pending tasks: 0
naming_23%32, pending tasks: 0
naming_24%32, pending tasks: 0
naming_25%32, pending tasks: 0
naming_26%32, pending tasks: 0
naming_27%32, pending tasks: 0
naming_28%32, pending tasks: 0
naming_29%32, pending tasks: 0
naming_30%32, pending tasks: 0
naming_31%32, pending tasks: 0


2022-02-12 21:25:08,131 INFO PERFORMANCE:|5|5|8|-1|-1|74|0

2022-02-12 21:25:08,131 INFO Task worker status: 
naming_0%32, pending tasks: 0
naming_1%32, pending tasks: 0
naming_2%32, pending tasks: 0
naming_3%32, pending tasks: 0
naming_4%32, pending tasks: 0
naming_5%32, pending tasks: 0
naming_6%32, pending tasks: 0
naming_7%32, pending tasks: 0
naming_8%32, pending tasks: 0
naming_9%32, pending tasks: 0
naming_10%32, pending tasks: 0
naming_11%32, pending tasks: 0
naming_12%32, pending tasks: 0
naming_13%32, pending tasks: 0
naming_14%32, pending tasks: 0
naming_15%32, pending tasks: 0
naming_16%32, pending tasks: 0
naming_17%32, pending tasks: 0
naming_18%32, pending tasks: 0
naming_19%32, pending tasks: 0
naming_20%32, pending tasks: 0
naming_21%32, pending tasks: 0
naming_22%32, pending tasks: 0
naming_23%32, pending tasks: 0
naming_24%32, pending tasks: 0
naming_25%32, pending tasks: 0
naming_26%32, pending tasks: 0
naming_27%32, pending tasks: 0
naming_28%32, pending tasks: 0
naming_29%32, pending tasks: 0
naming_30%32, pending tasks: 0
naming_31%32, pending tasks: 0


2022-02-12 21:26:08,146 INFO PERFORMANCE:|5|5|8|-1|-1|74|0

2022-02-12 21:26:08,146 INFO Task worker status: 
naming_0%32, pending tasks: 0
naming_1%32, pending tasks: 0
naming_2%32, pending tasks: 0
naming_3%32, pending tasks: 0
naming_4%32, pending tasks: 0
naming_5%32, pending tasks: 0
naming_6%32, pending tasks: 0
naming_7%32, pending tasks: 0
naming_8%32, pending tasks: 0
naming_9%32, pending tasks: 0
naming_10%32, pending tasks: 0
naming_11%32, pending tasks: 0
naming_12%32, pending tasks: 0
naming_13%32, pending tasks: 0
naming_14%32, pending tasks: 0
naming_15%32, pending tasks: 0
naming_16%32, pending tasks: 0
naming_17%32, pending tasks: 0
naming_18%32, pending tasks: 0
naming_19%32, pending tasks: 0
naming_20%32, pending tasks: 0
naming_21%32, pending tasks: 0
naming_22%32, pending tasks: 0
naming_23%32, pending tasks: 0
naming_24%32, pending tasks: 0
naming_25%32, pending tasks: 0
naming_26%32, pending tasks: 0
naming_27%32, pending tasks: 0
naming_28%32, pending tasks: 0
naming_29%32, pending tasks: 0
naming_30%32, pending tasks: 0
naming_31%32, pending tasks: 0


2022-02-12 21:27:08,166 INFO PERFORMANCE:|5|5|8|539|532|79|0

2022-02-12 21:27:08,166 INFO Task worker status: 
naming_0%32, pending tasks: 0
naming_1%32, pending tasks: 0
naming_2%32, pending tasks: 0
naming_3%32, pending tasks: 0
naming_4%32, pending tasks: 0
naming_5%32, pending tasks: 0
naming_6%32, pending tasks: 0
naming_7%32, pending tasks: 0
naming_8%32, pending tasks: 0
naming_9%32, pending tasks: 0
naming_10%32, pending tasks: 0
naming_11%32, pending tasks: 0
naming_12%32, pending tasks: 0
naming_13%32, pending tasks: 0
naming_14%32, pending tasks: 0
naming_15%32, pending tasks: 0
naming_16%32, pending tasks: 0
naming_17%32, pending tasks: 0
naming_18%32, pending tasks: 0
naming_19%32, pending tasks: 0
naming_20%32, pending tasks: 0
naming_21%32, pending tasks: 0
naming_22%32, pending tasks: 0
naming_23%32, pending tasks: 0
naming_24%32, pending tasks: 0
naming_25%32, pending tasks: 0
naming_26%32, pending tasks: 0
naming_27%32, pending tasks: 0
naming_28%32, pending tasks: 0
naming_29%32, pending tasks: 0
naming_30%32, pending tasks: 0
naming_31%32, pending tasks: 0


2022-02-12 21:28:08,183 INFO PERFORMANCE:|5|5|8|-1|-1|79|0

2022-02-12 21:28:08,183 INFO Task worker status: 
naming_0%32, pending tasks: 0
naming_1%32, pending tasks: 0
naming_2%32, pending tasks: 0
naming_3%32, pending tasks: 0
naming_4%32, pending tasks: 0
naming_5%32, pending tasks: 0
naming_6%32, pending tasks: 0
naming_7%32, pending tasks: 0
naming_8%32, pending tasks: 0
naming_9%32, pending tasks: 0
naming_10%32, pending tasks: 0
naming_11%32, pending tasks: 0
naming_12%32, pending tasks: 0
naming_13%32, pending tasks: 0
naming_14%32, pending tasks: 0
naming_15%32, pending tasks: 0
naming_16%32, pending tasks: 0
naming_17%32, pending tasks: 0
naming_18%32, pending tasks: 0
naming_19%32, pending tasks: 0
naming_20%32, pending tasks: 0
naming_21%32, pending tasks: 0
naming_22%32, pending tasks: 0
naming_23%32, pending tasks: 0
naming_24%32, pending tasks: 0
naming_25%32, pending tasks: 0
naming_26%32, pending tasks: 0
naming_27%32, pending tasks: 0
naming_28%32, pending tasks: 0
naming_29%32, pending tasks: 0
naming_30%32, pending tasks: 0
naming_31%32, pending tasks: 0


2022-02-12 21:29:08,202 INFO PERFORMANCE:|serviceCount|ipCount|subscribeCount|maxPushCost|avgPushCost|totalPushCount|failPushCount

2022-02-12 21:29:08,202 INFO PERFORMANCE:|5|5|8|-1|-1|79|0

2022-02-12 21:29:08,202 INFO Task worker status: 
naming_0%32, pending tasks: 0
naming_1%32, pending tasks: 0
naming_2%32, pending tasks: 0
naming_3%32, pending tasks: 0
naming_4%32, pending tasks: 0
naming_5%32, pending tasks: 0
naming_6%32, pending tasks: 0
naming_7%32, pending tasks: 0
naming_8%32, pending tasks: 0
naming_9%32, pending tasks: 0
naming_10%32, pending tasks: 0
naming_11%32, pending tasks: 0
naming_12%32, pending tasks: 0
naming_13%32, pending tasks: 0
naming_14%32, pending tasks: 0
naming_15%32, pending tasks: 0
naming_16%32, pending tasks: 0
naming_17%32, pending tasks: 0
naming_18%32, pending tasks: 0
naming_19%32, pending tasks: 0
naming_20%32, pending tasks: 0
naming_21%32, pending tasks: 0
naming_22%32, pending tasks: 0
naming_23%32, pending tasks: 0
naming_24%32, pending tasks: 0
naming_25%32, pending tasks: 0
naming_26%32, pending tasks: 0
naming_27%32, pending tasks: 0
naming_28%32, pending tasks: 0
naming_29%32, pending tasks: 0
naming_30%32, pending tasks: 0
naming_31%32, pending tasks: 0


2022-02-12 21:30:08,210 INFO PERFORMANCE:|5|5|8|-1|-1|79|0

2022-02-12 21:30:08,210 INFO Task worker status: 
naming_0%32, pending tasks: 0
naming_1%32, pending tasks: 0
naming_2%32, pending tasks: 0
naming_3%32, pending tasks: 0
naming_4%32, pending tasks: 0
naming_5%32, pending tasks: 0
naming_6%32, pending tasks: 0
naming_7%32, pending tasks: 0
naming_8%32, pending tasks: 0
naming_9%32, pending tasks: 0
naming_10%32, pending tasks: 0
naming_11%32, pending tasks: 0
naming_12%32, pending tasks: 0
naming_13%32, pending tasks: 0
naming_14%32, pending tasks: 0
naming_15%32, pending tasks: 0
naming_16%32, pending tasks: 0
naming_17%32, pending tasks: 0
naming_18%32, pending tasks: 0
naming_19%32, pending tasks: 0
naming_20%32, pending tasks: 0
naming_21%32, pending tasks: 0
naming_22%32, pending tasks: 0
naming_23%32, pending tasks: 0
naming_24%32, pending tasks: 0
naming_25%32, pending tasks: 0
naming_26%32, pending tasks: 0
naming_27%32, pending tasks: 0
naming_28%32, pending tasks: 0
naming_29%32, pending tasks: 0
naming_30%32, pending tasks: 0
naming_31%32, pending tasks: 0


2022-02-12 21:31:08,221 INFO PERFORMANCE:|5|5|8|-1|-1|79|0

2022-02-12 21:31:08,221 INFO Task worker status: 
naming_0%32, pending tasks: 0
naming_1%32, pending tasks: 0
naming_2%32, pending tasks: 0
naming_3%32, pending tasks: 0
naming_4%32, pending tasks: 0
naming_5%32, pending tasks: 0
naming_6%32, pending tasks: 0
naming_7%32, pending tasks: 0
naming_8%32, pending tasks: 0
naming_9%32, pending tasks: 0
naming_10%32, pending tasks: 0
naming_11%32, pending tasks: 0
naming_12%32, pending tasks: 0
naming_13%32, pending tasks: 0
naming_14%32, pending tasks: 0
naming_15%32, pending tasks: 0
naming_16%32, pending tasks: 0
naming_17%32, pending tasks: 0
naming_18%32, pending tasks: 0
naming_19%32, pending tasks: 0
naming_20%32, pending tasks: 0
naming_21%32, pending tasks: 0
naming_22%32, pending tasks: 0
naming_23%32, pending tasks: 0
naming_24%32, pending tasks: 0
naming_25%32, pending tasks: 0
naming_26%32, pending tasks: 0
naming_27%32, pending tasks: 0
naming_28%32, pending tasks: 0
naming_29%32, pending tasks: 0
naming_30%32, pending tasks: 0
naming_31%32, pending tasks: 0


2022-02-12 21:32:08,233 INFO PERFORMANCE:|5|5|8|562|548|84|0

2022-02-12 21:32:08,233 INFO Task worker status: 
naming_0%32, pending tasks: 0
naming_1%32, pending tasks: 0
naming_2%32, pending tasks: 0
naming_3%32, pending tasks: 0
naming_4%32, pending tasks: 0
naming_5%32, pending tasks: 0
naming_6%32, pending tasks: 0
naming_7%32, pending tasks: 0
naming_8%32, pending tasks: 0
naming_9%32, pending tasks: 0
naming_10%32, pending tasks: 0
naming_11%32, pending tasks: 0
naming_12%32, pending tasks: 0
naming_13%32, pending tasks: 0
naming_14%32, pending tasks: 0
naming_15%32, pending tasks: 0
naming_16%32, pending tasks: 0
naming_17%32, pending tasks: 0
naming_18%32, pending tasks: 0
naming_19%32, pending tasks: 0
naming_20%32, pending tasks: 0
naming_21%32, pending tasks: 0
naming_22%32, pending tasks: 0
naming_23%32, pending tasks: 0
naming_24%32, pending tasks: 0
naming_25%32, pending tasks: 0
naming_26%32, pending tasks: 0
naming_27%32, pending tasks: 0
naming_28%32, pending tasks: 0
naming_29%32, pending tasks: 0
naming_30%32, pending tasks: 0
naming_31%32, pending tasks: 0


2022-02-12 21:33:08,254 INFO PERFORMANCE:|5|4|7|546|546|85|0

2022-02-12 21:33:08,254 INFO Task worker status: 
naming_0%32, pending tasks: 0
naming_1%32, pending tasks: 0
naming_2%32, pending tasks: 0
naming_3%32, pending tasks: 0
naming_4%32, pending tasks: 0
naming_5%32, pending tasks: 0
naming_6%32, pending tasks: 0
naming_7%32, pending tasks: 0
naming_8%32, pending tasks: 0
naming_9%32, pending tasks: 0
naming_10%32, pending tasks: 0
naming_11%32, pending tasks: 0
naming_12%32, pending tasks: 0
naming_13%32, pending tasks: 0
naming_14%32, pending tasks: 0
naming_15%32, pending tasks: 0
naming_16%32, pending tasks: 0
naming_17%32, pending tasks: 0
naming_18%32, pending tasks: 0
naming_19%32, pending tasks: 0
naming_20%32, pending tasks: 0
naming_21%32, pending tasks: 0
naming_22%32, pending tasks: 0
naming_23%32, pending tasks: 0
naming_24%32, pending tasks: 0
naming_25%32, pending tasks: 0
naming_26%32, pending tasks: 0
naming_27%32, pending tasks: 0
naming_28%32, pending tasks: 0
naming_29%32, pending tasks: 0
naming_30%32, pending tasks: 0
naming_31%32, pending tasks: 0


2022-02-12 21:34:08,266 INFO PERFORMANCE:|5|5|8|533|526|87|0

2022-02-12 21:34:08,266 INFO Task worker status: 
naming_0%32, pending tasks: 0
naming_1%32, pending tasks: 0
naming_2%32, pending tasks: 0
naming_3%32, pending tasks: 0
naming_4%32, pending tasks: 0
naming_5%32, pending tasks: 0
naming_6%32, pending tasks: 0
naming_7%32, pending tasks: 0
naming_8%32, pending tasks: 0
naming_9%32, pending tasks: 0
naming_10%32, pending tasks: 0
naming_11%32, pending tasks: 0
naming_12%32, pending tasks: 0
naming_13%32, pending tasks: 0
naming_14%32, pending tasks: 0
naming_15%32, pending tasks: 0
naming_16%32, pending tasks: 0
naming_17%32, pending tasks: 0
naming_18%32, pending tasks: 0
naming_19%32, pending tasks: 0
naming_20%32, pending tasks: 0
naming_21%32, pending tasks: 0
naming_22%32, pending tasks: 0
naming_23%32, pending tasks: 0
naming_24%32, pending tasks: 0
naming_25%32, pending tasks: 0
naming_26%32, pending tasks: 0
naming_27%32, pending tasks: 0
naming_28%32, pending tasks: 0
naming_29%32, pending tasks: 0
naming_30%32, pending tasks: 0
naming_31%32, pending tasks: 0


2022-02-12 21:35:08,281 INFO PERFORMANCE:|5|5|8|-1|-1|87|0

2022-02-12 21:35:08,281 INFO Task worker status: 
naming_0%32, pending tasks: 0
naming_1%32, pending tasks: 0
naming_2%32, pending tasks: 0
naming_3%32, pending tasks: 0
naming_4%32, pending tasks: 0
naming_5%32, pending tasks: 0
naming_6%32, pending tasks: 0
naming_7%32, pending tasks: 0
naming_8%32, pending tasks: 0
naming_9%32, pending tasks: 0
naming_10%32, pending tasks: 0
naming_11%32, pending tasks: 0
naming_12%32, pending tasks: 0
naming_13%32, pending tasks: 0
naming_14%32, pending tasks: 0
naming_15%32, pending tasks: 0
naming_16%32, pending tasks: 0
naming_17%32, pending tasks: 0
naming_18%32, pending tasks: 0
naming_19%32, pending tasks: 0
naming_20%32, pending tasks: 0
naming_21%32, pending tasks: 0
naming_22%32, pending tasks: 0
naming_23%32, pending tasks: 0
naming_24%32, pending tasks: 0
naming_25%32, pending tasks: 0
naming_26%32, pending tasks: 0
naming_27%32, pending tasks: 0
naming_28%32, pending tasks: 0
naming_29%32, pending tasks: 0
naming_30%32, pending tasks: 0
naming_31%32, pending tasks: 0


2022-02-12 21:36:08,289 INFO PERFORMANCE:|5|5|8|-1|-1|87|0

2022-02-12 21:36:08,289 INFO Task worker status: 
naming_0%32, pending tasks: 0
naming_1%32, pending tasks: 0
naming_2%32, pending tasks: 0
naming_3%32, pending tasks: 0
naming_4%32, pending tasks: 0
naming_5%32, pending tasks: 0
naming_6%32, pending tasks: 0
naming_7%32, pending tasks: 0
naming_8%32, pending tasks: 0
naming_9%32, pending tasks: 0
naming_10%32, pending tasks: 0
naming_11%32, pending tasks: 0
naming_12%32, pending tasks: 0
naming_13%32, pending tasks: 0
naming_14%32, pending tasks: 0
naming_15%32, pending tasks: 0
naming_16%32, pending tasks: 0
naming_17%32, pending tasks: 0
naming_18%32, pending tasks: 0
naming_19%32, pending tasks: 0
naming_20%32, pending tasks: 0
naming_21%32, pending tasks: 0
naming_22%32, pending tasks: 0
naming_23%32, pending tasks: 0
naming_24%32, pending tasks: 0
naming_25%32, pending tasks: 0
naming_26%32, pending tasks: 0
naming_27%32, pending tasks: 0
naming_28%32, pending tasks: 0
naming_29%32, pending tasks: 0
naming_30%32, pending tasks: 0
naming_31%32, pending tasks: 0


2022-02-12 21:37:08,308 INFO PERFORMANCE:|5|5|8|-1|-1|87|0

2022-02-12 21:37:08,308 INFO Task worker status: 
naming_0%32, pending tasks: 0
naming_1%32, pending tasks: 0
naming_2%32, pending tasks: 0
naming_3%32, pending tasks: 0
naming_4%32, pending tasks: 0
naming_5%32, pending tasks: 0
naming_6%32, pending tasks: 0
naming_7%32, pending tasks: 0
naming_8%32, pending tasks: 0
naming_9%32, pending tasks: 0
naming_10%32, pending tasks: 0
naming_11%32, pending tasks: 0
naming_12%32, pending tasks: 0
naming_13%32, pending tasks: 0
naming_14%32, pending tasks: 0
naming_15%32, pending tasks: 0
naming_16%32, pending tasks: 0
naming_17%32, pending tasks: 0
naming_18%32, pending tasks: 0
naming_19%32, pending tasks: 0
naming_20%32, pending tasks: 0
naming_21%32, pending tasks: 0
naming_22%32, pending tasks: 0
naming_23%32, pending tasks: 0
naming_24%32, pending tasks: 0
naming_25%32, pending tasks: 0
naming_26%32, pending tasks: 0
naming_27%32, pending tasks: 0
naming_28%32, pending tasks: 0
naming_29%32, pending tasks: 0
naming_30%32, pending tasks: 0
naming_31%32, pending tasks: 0


2022-02-12 21:38:08,320 INFO PERFORMANCE:|5|5|8|-1|-1|87|0

2022-02-12 21:38:08,320 INFO Task worker status: 
naming_0%32, pending tasks: 0
naming_1%32, pending tasks: 0
naming_2%32, pending tasks: 0
naming_3%32, pending tasks: 0
naming_4%32, pending tasks: 0
naming_5%32, pending tasks: 0
naming_6%32, pending tasks: 0
naming_7%32, pending tasks: 0
naming_8%32, pending tasks: 0
naming_9%32, pending tasks: 0
naming_10%32, pending tasks: 0
naming_11%32, pending tasks: 0
naming_12%32, pending tasks: 0
naming_13%32, pending tasks: 0
naming_14%32, pending tasks: 0
naming_15%32, pending tasks: 0
naming_16%32, pending tasks: 0
naming_17%32, pending tasks: 0
naming_18%32, pending tasks: 0
naming_19%32, pending tasks: 0
naming_20%32, pending tasks: 0
naming_21%32, pending tasks: 0
naming_22%32, pending tasks: 0
naming_23%32, pending tasks: 0
naming_24%32, pending tasks: 0
naming_25%32, pending tasks: 0
naming_26%32, pending tasks: 0
naming_27%32, pending tasks: 0
naming_28%32, pending tasks: 0
naming_29%32, pending tasks: 0
naming_30%32, pending tasks: 0
naming_31%32, pending tasks: 0


2022-02-12 21:39:08,331 INFO PERFORMANCE:|serviceCount|ipCount|subscribeCount|maxPushCost|avgPushCost|totalPushCount|failPushCount

2022-02-12 21:39:08,331 INFO PERFORMANCE:|5|5|8|614|591|92|0

2022-02-12 21:39:08,331 INFO Task worker status: 
naming_0%32, pending tasks: 0
naming_1%32, pending tasks: 0
naming_2%32, pending tasks: 0
naming_3%32, pending tasks: 0
naming_4%32, pending tasks: 0
naming_5%32, pending tasks: 0
naming_6%32, pending tasks: 0
naming_7%32, pending tasks: 0
naming_8%32, pending tasks: 0
naming_9%32, pending tasks: 0
naming_10%32, pending tasks: 0
naming_11%32, pending tasks: 0
naming_12%32, pending tasks: 0
naming_13%32, pending tasks: 0
naming_14%32, pending tasks: 0
naming_15%32, pending tasks: 0
naming_16%32, pending tasks: 0
naming_17%32, pending tasks: 0
naming_18%32, pending tasks: 0
naming_19%32, pending tasks: 0
naming_20%32, pending tasks: 0
naming_21%32, pending tasks: 0
naming_22%32, pending tasks: 0
naming_23%32, pending tasks: 0
naming_24%32, pending tasks: 0
naming_25%32, pending tasks: 0
naming_26%32, pending tasks: 0
naming_27%32, pending tasks: 0
naming_28%32, pending tasks: 0
naming_29%32, pending tasks: 0
naming_30%32, pending tasks: 0
naming_31%32, pending tasks: 0


2022-02-12 21:40:08,351 INFO PERFORMANCE:|5|5|8|-1|-1|92|0

2022-02-12 21:40:08,351 INFO Task worker status: 
naming_0%32, pending tasks: 0
naming_1%32, pending tasks: 0
naming_2%32, pending tasks: 0
naming_3%32, pending tasks: 0
naming_4%32, pending tasks: 0
naming_5%32, pending tasks: 0
naming_6%32, pending tasks: 0
naming_7%32, pending tasks: 0
naming_8%32, pending tasks: 0
naming_9%32, pending tasks: 0
naming_10%32, pending tasks: 0
naming_11%32, pending tasks: 0
naming_12%32, pending tasks: 0
naming_13%32, pending tasks: 0
naming_14%32, pending tasks: 0
naming_15%32, pending tasks: 0
naming_16%32, pending tasks: 0
naming_17%32, pending tasks: 0
naming_18%32, pending tasks: 0
naming_19%32, pending tasks: 0
naming_20%32, pending tasks: 0
naming_21%32, pending tasks: 0
naming_22%32, pending tasks: 0
naming_23%32, pending tasks: 0
naming_24%32, pending tasks: 0
naming_25%32, pending tasks: 0
naming_26%32, pending tasks: 0
naming_27%32, pending tasks: 0
naming_28%32, pending tasks: 0
naming_29%32, pending tasks: 0
naming_30%32, pending tasks: 0
naming_31%32, pending tasks: 0


2022-02-12 21:41:08,361 INFO PERFORMANCE:|5|5|8|-1|-1|92|0

2022-02-12 21:41:08,361 INFO Task worker status: 
naming_0%32, pending tasks: 0
naming_1%32, pending tasks: 0
naming_2%32, pending tasks: 0
naming_3%32, pending tasks: 0
naming_4%32, pending tasks: 0
naming_5%32, pending tasks: 0
naming_6%32, pending tasks: 0
naming_7%32, pending tasks: 0
naming_8%32, pending tasks: 0
naming_9%32, pending tasks: 0
naming_10%32, pending tasks: 0
naming_11%32, pending tasks: 0
naming_12%32, pending tasks: 0
naming_13%32, pending tasks: 0
naming_14%32, pending tasks: 0
naming_15%32, pending tasks: 0
naming_16%32, pending tasks: 0
naming_17%32, pending tasks: 0
naming_18%32, pending tasks: 0
naming_19%32, pending tasks: 0
naming_20%32, pending tasks: 0
naming_21%32, pending tasks: 0
naming_22%32, pending tasks: 0
naming_23%32, pending tasks: 0
naming_24%32, pending tasks: 0
naming_25%32, pending tasks: 0
naming_26%32, pending tasks: 0
naming_27%32, pending tasks: 0
naming_28%32, pending tasks: 0
naming_29%32, pending tasks: 0
naming_30%32, pending tasks: 0
naming_31%32, pending tasks: 0


2022-02-12 21:42:08,372 INFO PERFORMANCE:|5|5|8|-1|-1|92|0

2022-02-12 21:42:08,372 INFO Task worker status: 
naming_0%32, pending tasks: 0
naming_1%32, pending tasks: 0
naming_2%32, pending tasks: 0
naming_3%32, pending tasks: 0
naming_4%32, pending tasks: 0
naming_5%32, pending tasks: 0
naming_6%32, pending tasks: 0
naming_7%32, pending tasks: 0
naming_8%32, pending tasks: 0
naming_9%32, pending tasks: 0
naming_10%32, pending tasks: 0
naming_11%32, pending tasks: 0
naming_12%32, pending tasks: 0
naming_13%32, pending tasks: 0
naming_14%32, pending tasks: 0
naming_15%32, pending tasks: 0
naming_16%32, pending tasks: 0
naming_17%32, pending tasks: 0
naming_18%32, pending tasks: 0
naming_19%32, pending tasks: 0
naming_20%32, pending tasks: 0
naming_21%32, pending tasks: 0
naming_22%32, pending tasks: 0
naming_23%32, pending tasks: 0
naming_24%32, pending tasks: 0
naming_25%32, pending tasks: 0
naming_26%32, pending tasks: 0
naming_27%32, pending tasks: 0
naming_28%32, pending tasks: 0
naming_29%32, pending tasks: 0
naming_30%32, pending tasks: 0
naming_31%32, pending tasks: 0


2022-02-12 21:43:08,383 INFO PERFORMANCE:|5|5|8|-1|-1|92|0

2022-02-12 21:43:08,383 INFO Task worker status: 
naming_0%32, pending tasks: 0
naming_1%32, pending tasks: 0
naming_2%32, pending tasks: 0
naming_3%32, pending tasks: 0
naming_4%32, pending tasks: 0
naming_5%32, pending tasks: 0
naming_6%32, pending tasks: 0
naming_7%32, pending tasks: 0
naming_8%32, pending tasks: 0
naming_9%32, pending tasks: 0
naming_10%32, pending tasks: 0
naming_11%32, pending tasks: 0
naming_12%32, pending tasks: 0
naming_13%32, pending tasks: 0
naming_14%32, pending tasks: 0
naming_15%32, pending tasks: 0
naming_16%32, pending tasks: 0
naming_17%32, pending tasks: 0
naming_18%32, pending tasks: 0
naming_19%32, pending tasks: 0
naming_20%32, pending tasks: 0
naming_21%32, pending tasks: 0
naming_22%32, pending tasks: 0
naming_23%32, pending tasks: 0
naming_24%32, pending tasks: 0
naming_25%32, pending tasks: 0
naming_26%32, pending tasks: 0
naming_27%32, pending tasks: 0
naming_28%32, pending tasks: 0
naming_29%32, pending tasks: 0
naming_30%32, pending tasks: 0
naming_31%32, pending tasks: 0


2022-02-12 21:44:08,403 INFO PERFORMANCE:|5|5|8|-1|-1|92|0

2022-02-12 21:44:08,403 INFO Task worker status: 
naming_0%32, pending tasks: 0
naming_1%32, pending tasks: 0
naming_2%32, pending tasks: 0
naming_3%32, pending tasks: 0
naming_4%32, pending tasks: 0
naming_5%32, pending tasks: 0
naming_6%32, pending tasks: 0
naming_7%32, pending tasks: 0
naming_8%32, pending tasks: 0
naming_9%32, pending tasks: 0
naming_10%32, pending tasks: 0
naming_11%32, pending tasks: 0
naming_12%32, pending tasks: 0
naming_13%32, pending tasks: 0
naming_14%32, pending tasks: 0
naming_15%32, pending tasks: 0
naming_16%32, pending tasks: 0
naming_17%32, pending tasks: 0
naming_18%32, pending tasks: 0
naming_19%32, pending tasks: 0
naming_20%32, pending tasks: 0
naming_21%32, pending tasks: 0
naming_22%32, pending tasks: 0
naming_23%32, pending tasks: 0
naming_24%32, pending tasks: 0
naming_25%32, pending tasks: 0
naming_26%32, pending tasks: 0
naming_27%32, pending tasks: 0
naming_28%32, pending tasks: 0
naming_29%32, pending tasks: 0
naming_30%32, pending tasks: 0
naming_31%32, pending tasks: 0


2022-02-12 21:45:08,419 INFO PERFORMANCE:|5|5|8|-1|-1|92|0

2022-02-12 21:45:08,419 INFO Task worker status: 
naming_0%32, pending tasks: 0
naming_1%32, pending tasks: 0
naming_2%32, pending tasks: 0
naming_3%32, pending tasks: 0
naming_4%32, pending tasks: 0
naming_5%32, pending tasks: 0
naming_6%32, pending tasks: 0
naming_7%32, pending tasks: 0
naming_8%32, pending tasks: 0
naming_9%32, pending tasks: 0
naming_10%32, pending tasks: 0
naming_11%32, pending tasks: 0
naming_12%32, pending tasks: 0
naming_13%32, pending tasks: 0
naming_14%32, pending tasks: 0
naming_15%32, pending tasks: 0
naming_16%32, pending tasks: 0
naming_17%32, pending tasks: 0
naming_18%32, pending tasks: 0
naming_19%32, pending tasks: 0
naming_20%32, pending tasks: 0
naming_21%32, pending tasks: 0
naming_22%32, pending tasks: 0
naming_23%32, pending tasks: 0
naming_24%32, pending tasks: 0
naming_25%32, pending tasks: 0
naming_26%32, pending tasks: 0
naming_27%32, pending tasks: 0
naming_28%32, pending tasks: 0
naming_29%32, pending tasks: 0
naming_30%32, pending tasks: 0
naming_31%32, pending tasks: 0


2022-02-12 21:46:08,435 INFO PERFORMANCE:|5|5|8|-1|-1|92|0

2022-02-12 21:46:08,435 INFO Task worker status: 
naming_0%32, pending tasks: 0
naming_1%32, pending tasks: 0
naming_2%32, pending tasks: 0
naming_3%32, pending tasks: 0
naming_4%32, pending tasks: 0
naming_5%32, pending tasks: 0
naming_6%32, pending tasks: 0
naming_7%32, pending tasks: 0
naming_8%32, pending tasks: 0
naming_9%32, pending tasks: 0
naming_10%32, pending tasks: 0
naming_11%32, pending tasks: 0
naming_12%32, pending tasks: 0
naming_13%32, pending tasks: 0
naming_14%32, pending tasks: 0
naming_15%32, pending tasks: 0
naming_16%32, pending tasks: 0
naming_17%32, pending tasks: 0
naming_18%32, pending tasks: 0
naming_19%32, pending tasks: 0
naming_20%32, pending tasks: 0
naming_21%32, pending tasks: 0
naming_22%32, pending tasks: 0
naming_23%32, pending tasks: 0
naming_24%32, pending tasks: 0
naming_25%32, pending tasks: 0
naming_26%32, pending tasks: 0
naming_27%32, pending tasks: 0
naming_28%32, pending tasks: 0
naming_29%32, pending tasks: 0
naming_30%32, pending tasks: 0
naming_31%32, pending tasks: 0


2022-02-12 21:47:08,444 INFO PERFORMANCE:|5|5|8|-1|-1|92|0

2022-02-12 21:47:08,444 INFO Task worker status: 
naming_0%32, pending tasks: 0
naming_1%32, pending tasks: 0
naming_2%32, pending tasks: 0
naming_3%32, pending tasks: 0
naming_4%32, pending tasks: 0
naming_5%32, pending tasks: 0
naming_6%32, pending tasks: 0
naming_7%32, pending tasks: 0
naming_8%32, pending tasks: 0
naming_9%32, pending tasks: 0
naming_10%32, pending tasks: 0
naming_11%32, pending tasks: 0
naming_12%32, pending tasks: 0
naming_13%32, pending tasks: 0
naming_14%32, pending tasks: 0
naming_15%32, pending tasks: 0
naming_16%32, pending tasks: 0
naming_17%32, pending tasks: 0
naming_18%32, pending tasks: 0
naming_19%32, pending tasks: 0
naming_20%32, pending tasks: 0
naming_21%32, pending tasks: 0
naming_22%32, pending tasks: 0
naming_23%32, pending tasks: 0
naming_24%32, pending tasks: 0
naming_25%32, pending tasks: 0
naming_26%32, pending tasks: 0
naming_27%32, pending tasks: 0
naming_28%32, pending tasks: 0
naming_29%32, pending tasks: 0
naming_30%32, pending tasks: 0
naming_31%32, pending tasks: 0


2022-02-12 21:48:08,456 INFO PERFORMANCE:|5|5|8|-1|-1|92|0

2022-02-12 21:48:08,456 INFO Task worker status: 
naming_0%32, pending tasks: 0
naming_1%32, pending tasks: 0
naming_2%32, pending tasks: 0
naming_3%32, pending tasks: 0
naming_4%32, pending tasks: 0
naming_5%32, pending tasks: 0
naming_6%32, pending tasks: 0
naming_7%32, pending tasks: 0
naming_8%32, pending tasks: 0
naming_9%32, pending tasks: 0
naming_10%32, pending tasks: 0
naming_11%32, pending tasks: 0
naming_12%32, pending tasks: 0
naming_13%32, pending tasks: 0
naming_14%32, pending tasks: 0
naming_15%32, pending tasks: 0
naming_16%32, pending tasks: 0
naming_17%32, pending tasks: 0
naming_18%32, pending tasks: 0
naming_19%32, pending tasks: 0
naming_20%32, pending tasks: 0
naming_21%32, pending tasks: 0
naming_22%32, pending tasks: 0
naming_23%32, pending tasks: 0
naming_24%32, pending tasks: 0
naming_25%32, pending tasks: 0
naming_26%32, pending tasks: 0
naming_27%32, pending tasks: 0
naming_28%32, pending tasks: 0
naming_29%32, pending tasks: 0
naming_30%32, pending tasks: 0
naming_31%32, pending tasks: 0


2022-02-12 21:49:08,470 INFO PERFORMANCE:|serviceCount|ipCount|subscribeCount|maxPushCost|avgPushCost|totalPushCount|failPushCount

2022-02-12 21:49:08,470 INFO PERFORMANCE:|5|5|8|-1|-1|92|0

2022-02-12 21:49:08,470 INFO Task worker status: 
naming_0%32, pending tasks: 0
naming_1%32, pending tasks: 0
naming_2%32, pending tasks: 0
naming_3%32, pending tasks: 0
naming_4%32, pending tasks: 0
naming_5%32, pending tasks: 0
naming_6%32, pending tasks: 0
naming_7%32, pending tasks: 0
naming_8%32, pending tasks: 0
naming_9%32, pending tasks: 0
naming_10%32, pending tasks: 0
naming_11%32, pending tasks: 0
naming_12%32, pending tasks: 0
naming_13%32, pending tasks: 0
naming_14%32, pending tasks: 0
naming_15%32, pending tasks: 0
naming_16%32, pending tasks: 0
naming_17%32, pending tasks: 0
naming_18%32, pending tasks: 0
naming_19%32, pending tasks: 0
naming_20%32, pending tasks: 0
naming_21%32, pending tasks: 0
naming_22%32, pending tasks: 0
naming_23%32, pending tasks: 0
naming_24%32, pending tasks: 0
naming_25%32, pending tasks: 0
naming_26%32, pending tasks: 0
naming_27%32, pending tasks: 0
naming_28%32, pending tasks: 0
naming_29%32, pending tasks: 0
naming_30%32, pending tasks: 0
naming_31%32, pending tasks: 0


2022-02-12 21:50:08,482 INFO PERFORMANCE:|5|5|8|-1|-1|92|0

2022-02-12 21:50:08,482 INFO Task worker status: 
naming_0%32, pending tasks: 0
naming_1%32, pending tasks: 0
naming_2%32, pending tasks: 0
naming_3%32, pending tasks: 0
naming_4%32, pending tasks: 0
naming_5%32, pending tasks: 0
naming_6%32, pending tasks: 0
naming_7%32, pending tasks: 0
naming_8%32, pending tasks: 0
naming_9%32, pending tasks: 0
naming_10%32, pending tasks: 0
naming_11%32, pending tasks: 0
naming_12%32, pending tasks: 0
naming_13%32, pending tasks: 0
naming_14%32, pending tasks: 0
naming_15%32, pending tasks: 0
naming_16%32, pending tasks: 0
naming_17%32, pending tasks: 0
naming_18%32, pending tasks: 0
naming_19%32, pending tasks: 0
naming_20%32, pending tasks: 0
naming_21%32, pending tasks: 0
naming_22%32, pending tasks: 0
naming_23%32, pending tasks: 0
naming_24%32, pending tasks: 0
naming_25%32, pending tasks: 0
naming_26%32, pending tasks: 0
naming_27%32, pending tasks: 0
naming_28%32, pending tasks: 0
naming_29%32, pending tasks: 0
naming_30%32, pending tasks: 0
naming_31%32, pending tasks: 0


2022-02-12 21:51:08,495 INFO PERFORMANCE:|5|5|8|-1|-1|92|0

2022-02-12 21:51:08,495 INFO Task worker status: 
naming_0%32, pending tasks: 0
naming_1%32, pending tasks: 0
naming_2%32, pending tasks: 0
naming_3%32, pending tasks: 0
naming_4%32, pending tasks: 0
naming_5%32, pending tasks: 0
naming_6%32, pending tasks: 0
naming_7%32, pending tasks: 0
naming_8%32, pending tasks: 0
naming_9%32, pending tasks: 0
naming_10%32, pending tasks: 0
naming_11%32, pending tasks: 0
naming_12%32, pending tasks: 0
naming_13%32, pending tasks: 0
naming_14%32, pending tasks: 0
naming_15%32, pending tasks: 0
naming_16%32, pending tasks: 0
naming_17%32, pending tasks: 0
naming_18%32, pending tasks: 0
naming_19%32, pending tasks: 0
naming_20%32, pending tasks: 0
naming_21%32, pending tasks: 0
naming_22%32, pending tasks: 0
naming_23%32, pending tasks: 0
naming_24%32, pending tasks: 0
naming_25%32, pending tasks: 0
naming_26%32, pending tasks: 0
naming_27%32, pending tasks: 0
naming_28%32, pending tasks: 0
naming_29%32, pending tasks: 0
naming_30%32, pending tasks: 0
naming_31%32, pending tasks: 0


2022-02-12 21:52:08,502 INFO PERFORMANCE:|5|5|8|-1|-1|92|0

2022-02-12 21:52:08,502 INFO Task worker status: 
naming_0%32, pending tasks: 0
naming_1%32, pending tasks: 0
naming_2%32, pending tasks: 0
naming_3%32, pending tasks: 0
naming_4%32, pending tasks: 0
naming_5%32, pending tasks: 0
naming_6%32, pending tasks: 0
naming_7%32, pending tasks: 0
naming_8%32, pending tasks: 0
naming_9%32, pending tasks: 0
naming_10%32, pending tasks: 0
naming_11%32, pending tasks: 0
naming_12%32, pending tasks: 0
naming_13%32, pending tasks: 0
naming_14%32, pending tasks: 0
naming_15%32, pending tasks: 0
naming_16%32, pending tasks: 0
naming_17%32, pending tasks: 0
naming_18%32, pending tasks: 0
naming_19%32, pending tasks: 0
naming_20%32, pending tasks: 0
naming_21%32, pending tasks: 0
naming_22%32, pending tasks: 0
naming_23%32, pending tasks: 0
naming_24%32, pending tasks: 0
naming_25%32, pending tasks: 0
naming_26%32, pending tasks: 0
naming_27%32, pending tasks: 0
naming_28%32, pending tasks: 0
naming_29%32, pending tasks: 0
naming_30%32, pending tasks: 0
naming_31%32, pending tasks: 0


2022-02-12 21:53:08,515 INFO PERFORMANCE:|5|5|8|-1|-1|92|0

2022-02-12 21:53:08,515 INFO Task worker status: 
naming_0%32, pending tasks: 0
naming_1%32, pending tasks: 0
naming_2%32, pending tasks: 0
naming_3%32, pending tasks: 0
naming_4%32, pending tasks: 0
naming_5%32, pending tasks: 0
naming_6%32, pending tasks: 0
naming_7%32, pending tasks: 0
naming_8%32, pending tasks: 0
naming_9%32, pending tasks: 0
naming_10%32, pending tasks: 0
naming_11%32, pending tasks: 0
naming_12%32, pending tasks: 0
naming_13%32, pending tasks: 0
naming_14%32, pending tasks: 0
naming_15%32, pending tasks: 0
naming_16%32, pending tasks: 0
naming_17%32, pending tasks: 0
naming_18%32, pending tasks: 0
naming_19%32, pending tasks: 0
naming_20%32, pending tasks: 0
naming_21%32, pending tasks: 0
naming_22%32, pending tasks: 0
naming_23%32, pending tasks: 0
naming_24%32, pending tasks: 0
naming_25%32, pending tasks: 0
naming_26%32, pending tasks: 0
naming_27%32, pending tasks: 0
naming_28%32, pending tasks: 0
naming_29%32, pending tasks: 0
naming_30%32, pending tasks: 0
naming_31%32, pending tasks: 0


2022-02-12 21:54:08,533 INFO PERFORMANCE:|5|5|8|-1|-1|92|0

2022-02-12 21:54:08,533 INFO Task worker status: 
naming_0%32, pending tasks: 0
naming_1%32, pending tasks: 0
naming_2%32, pending tasks: 0
naming_3%32, pending tasks: 0
naming_4%32, pending tasks: 0
naming_5%32, pending tasks: 0
naming_6%32, pending tasks: 0
naming_7%32, pending tasks: 0
naming_8%32, pending tasks: 0
naming_9%32, pending tasks: 0
naming_10%32, pending tasks: 0
naming_11%32, pending tasks: 0
naming_12%32, pending tasks: 0
naming_13%32, pending tasks: 0
naming_14%32, pending tasks: 0
naming_15%32, pending tasks: 0
naming_16%32, pending tasks: 0
naming_17%32, pending tasks: 0
naming_18%32, pending tasks: 0
naming_19%32, pending tasks: 0
naming_20%32, pending tasks: 0
naming_21%32, pending tasks: 0
naming_22%32, pending tasks: 0
naming_23%32, pending tasks: 0
naming_24%32, pending tasks: 0
naming_25%32, pending tasks: 0
naming_26%32, pending tasks: 0
naming_27%32, pending tasks: 0
naming_28%32, pending tasks: 0
naming_29%32, pending tasks: 0
naming_30%32, pending tasks: 0
naming_31%32, pending tasks: 0


2022-02-12 21:55:08,551 INFO PERFORMANCE:|5|5|8|-1|-1|92|0

2022-02-12 21:55:08,551 INFO Task worker status: 
naming_0%32, pending tasks: 0
naming_1%32, pending tasks: 0
naming_2%32, pending tasks: 0
naming_3%32, pending tasks: 0
naming_4%32, pending tasks: 0
naming_5%32, pending tasks: 0
naming_6%32, pending tasks: 0
naming_7%32, pending tasks: 0
naming_8%32, pending tasks: 0
naming_9%32, pending tasks: 0
naming_10%32, pending tasks: 0
naming_11%32, pending tasks: 0
naming_12%32, pending tasks: 0
naming_13%32, pending tasks: 0
naming_14%32, pending tasks: 0
naming_15%32, pending tasks: 0
naming_16%32, pending tasks: 0
naming_17%32, pending tasks: 0
naming_18%32, pending tasks: 0
naming_19%32, pending tasks: 0
naming_20%32, pending tasks: 0
naming_21%32, pending tasks: 0
naming_22%32, pending tasks: 0
naming_23%32, pending tasks: 0
naming_24%32, pending tasks: 0
naming_25%32, pending tasks: 0
naming_26%32, pending tasks: 0
naming_27%32, pending tasks: 0
naming_28%32, pending tasks: 0
naming_29%32, pending tasks: 0
naming_30%32, pending tasks: 0
naming_31%32, pending tasks: 0


2022-02-12 21:56:08,560 INFO PERFORMANCE:|5|5|8|-1|-1|92|0

2022-02-12 21:56:08,560 INFO Task worker status: 
naming_0%32, pending tasks: 0
naming_1%32, pending tasks: 0
naming_2%32, pending tasks: 0
naming_3%32, pending tasks: 0
naming_4%32, pending tasks: 0
naming_5%32, pending tasks: 0
naming_6%32, pending tasks: 0
naming_7%32, pending tasks: 0
naming_8%32, pending tasks: 0
naming_9%32, pending tasks: 0
naming_10%32, pending tasks: 0
naming_11%32, pending tasks: 0
naming_12%32, pending tasks: 0
naming_13%32, pending tasks: 0
naming_14%32, pending tasks: 0
naming_15%32, pending tasks: 0
naming_16%32, pending tasks: 0
naming_17%32, pending tasks: 0
naming_18%32, pending tasks: 0
naming_19%32, pending tasks: 0
naming_20%32, pending tasks: 0
naming_21%32, pending tasks: 0
naming_22%32, pending tasks: 0
naming_23%32, pending tasks: 0
naming_24%32, pending tasks: 0
naming_25%32, pending tasks: 0
naming_26%32, pending tasks: 0
naming_27%32, pending tasks: 0
naming_28%32, pending tasks: 0
naming_29%32, pending tasks: 0
naming_30%32, pending tasks: 0
naming_31%32, pending tasks: 0


2022-02-12 21:57:08,565 INFO PERFORMANCE:|5|5|8|-1|-1|92|0

2022-02-12 21:57:08,565 INFO Task worker status: 
naming_0%32, pending tasks: 0
naming_1%32, pending tasks: 0
naming_2%32, pending tasks: 0
naming_3%32, pending tasks: 0
naming_4%32, pending tasks: 0
naming_5%32, pending tasks: 0
naming_6%32, pending tasks: 0
naming_7%32, pending tasks: 0
naming_8%32, pending tasks: 0
naming_9%32, pending tasks: 0
naming_10%32, pending tasks: 0
naming_11%32, pending tasks: 0
naming_12%32, pending tasks: 0
naming_13%32, pending tasks: 0
naming_14%32, pending tasks: 0
naming_15%32, pending tasks: 0
naming_16%32, pending tasks: 0
naming_17%32, pending tasks: 0
naming_18%32, pending tasks: 0
naming_19%32, pending tasks: 0
naming_20%32, pending tasks: 0
naming_21%32, pending tasks: 0
naming_22%32, pending tasks: 0
naming_23%32, pending tasks: 0
naming_24%32, pending tasks: 0
naming_25%32, pending tasks: 0
naming_26%32, pending tasks: 0
naming_27%32, pending tasks: 0
naming_28%32, pending tasks: 0
naming_29%32, pending tasks: 0
naming_30%32, pending tasks: 0
naming_31%32, pending tasks: 0


2022-02-12 21:58:08,581 INFO PERFORMANCE:|5|5|8|-1|-1|92|0

2022-02-12 21:58:08,581 INFO Task worker status: 
naming_0%32, pending tasks: 0
naming_1%32, pending tasks: 0
naming_2%32, pending tasks: 0
naming_3%32, pending tasks: 0
naming_4%32, pending tasks: 0
naming_5%32, pending tasks: 0
naming_6%32, pending tasks: 0
naming_7%32, pending tasks: 0
naming_8%32, pending tasks: 0
naming_9%32, pending tasks: 0
naming_10%32, pending tasks: 0
naming_11%32, pending tasks: 0
naming_12%32, pending tasks: 0
naming_13%32, pending tasks: 0
naming_14%32, pending tasks: 0
naming_15%32, pending tasks: 0
naming_16%32, pending tasks: 0
naming_17%32, pending tasks: 0
naming_18%32, pending tasks: 0
naming_19%32, pending tasks: 0
naming_20%32, pending tasks: 0
naming_21%32, pending tasks: 0
naming_22%32, pending tasks: 0
naming_23%32, pending tasks: 0
naming_24%32, pending tasks: 0
naming_25%32, pending tasks: 0
naming_26%32, pending tasks: 0
naming_27%32, pending tasks: 0
naming_28%32, pending tasks: 0
naming_29%32, pending tasks: 0
naming_30%32, pending tasks: 0
naming_31%32, pending tasks: 0


2022-02-12 21:59:08,594 INFO PERFORMANCE:|serviceCount|ipCount|subscribeCount|maxPushCost|avgPushCost|totalPushCount|failPushCount

2022-02-12 21:59:08,594 INFO PERFORMANCE:|5|5|8|-1|-1|92|0

2022-02-12 21:59:08,594 INFO Task worker status: 
naming_0%32, pending tasks: 0
naming_1%32, pending tasks: 0
naming_2%32, pending tasks: 0
naming_3%32, pending tasks: 0
naming_4%32, pending tasks: 0
naming_5%32, pending tasks: 0
naming_6%32, pending tasks: 0
naming_7%32, pending tasks: 0
naming_8%32, pending tasks: 0
naming_9%32, pending tasks: 0
naming_10%32, pending tasks: 0
naming_11%32, pending tasks: 0
naming_12%32, pending tasks: 0
naming_13%32, pending tasks: 0
naming_14%32, pending tasks: 0
naming_15%32, pending tasks: 0
naming_16%32, pending tasks: 0
naming_17%32, pending tasks: 0
naming_18%32, pending tasks: 0
naming_19%32, pending tasks: 0
naming_20%32, pending tasks: 0
naming_21%32, pending tasks: 0
naming_22%32, pending tasks: 0
naming_23%32, pending tasks: 0
naming_24%32, pending tasks: 0
naming_25%32, pending tasks: 0
naming_26%32, pending tasks: 0
naming_27%32, pending tasks: 0
naming_28%32, pending tasks: 0
naming_29%32, pending tasks: 0
naming_30%32, pending tasks: 0
naming_31%32, pending tasks: 0


2022-02-12 22:00:08,598 INFO PERFORMANCE:|5|5|8|-1|-1|92|0

2022-02-12 22:00:08,598 INFO Task worker status: 
naming_0%32, pending tasks: 0
naming_1%32, pending tasks: 0
naming_2%32, pending tasks: 0
naming_3%32, pending tasks: 0
naming_4%32, pending tasks: 0
naming_5%32, pending tasks: 0
naming_6%32, pending tasks: 0
naming_7%32, pending tasks: 0
naming_8%32, pending tasks: 0
naming_9%32, pending tasks: 0
naming_10%32, pending tasks: 0
naming_11%32, pending tasks: 0
naming_12%32, pending tasks: 0
naming_13%32, pending tasks: 0
naming_14%32, pending tasks: 0
naming_15%32, pending tasks: 0
naming_16%32, pending tasks: 0
naming_17%32, pending tasks: 0
naming_18%32, pending tasks: 0
naming_19%32, pending tasks: 0
naming_20%32, pending tasks: 0
naming_21%32, pending tasks: 0
naming_22%32, pending tasks: 0
naming_23%32, pending tasks: 0
naming_24%32, pending tasks: 0
naming_25%32, pending tasks: 0
naming_26%32, pending tasks: 0
naming_27%32, pending tasks: 0
naming_28%32, pending tasks: 0
naming_29%32, pending tasks: 0
naming_30%32, pending tasks: 0
naming_31%32, pending tasks: 0


2022-02-12 22:01:08,615 INFO PERFORMANCE:|5|5|8|-1|-1|92|0

2022-02-12 22:01:08,615 INFO Task worker status: 
naming_0%32, pending tasks: 0
naming_1%32, pending tasks: 0
naming_2%32, pending tasks: 0
naming_3%32, pending tasks: 0
naming_4%32, pending tasks: 0
naming_5%32, pending tasks: 0
naming_6%32, pending tasks: 0
naming_7%32, pending tasks: 0
naming_8%32, pending tasks: 0
naming_9%32, pending tasks: 0
naming_10%32, pending tasks: 0
naming_11%32, pending tasks: 0
naming_12%32, pending tasks: 0
naming_13%32, pending tasks: 0
naming_14%32, pending tasks: 0
naming_15%32, pending tasks: 0
naming_16%32, pending tasks: 0
naming_17%32, pending tasks: 0
naming_18%32, pending tasks: 0
naming_19%32, pending tasks: 0
naming_20%32, pending tasks: 0
naming_21%32, pending tasks: 0
naming_22%32, pending tasks: 0
naming_23%32, pending tasks: 0
naming_24%32, pending tasks: 0
naming_25%32, pending tasks: 0
naming_26%32, pending tasks: 0
naming_27%32, pending tasks: 0
naming_28%32, pending tasks: 0
naming_29%32, pending tasks: 0
naming_30%32, pending tasks: 0
naming_31%32, pending tasks: 0


2022-02-12 22:02:08,632 INFO PERFORMANCE:|5|5|8|-1|-1|92|0

2022-02-12 22:02:08,632 INFO Task worker status: 
naming_0%32, pending tasks: 0
naming_1%32, pending tasks: 0
naming_2%32, pending tasks: 0
naming_3%32, pending tasks: 0
naming_4%32, pending tasks: 0
naming_5%32, pending tasks: 0
naming_6%32, pending tasks: 0
naming_7%32, pending tasks: 0
naming_8%32, pending tasks: 0
naming_9%32, pending tasks: 0
naming_10%32, pending tasks: 0
naming_11%32, pending tasks: 0
naming_12%32, pending tasks: 0
naming_13%32, pending tasks: 0
naming_14%32, pending tasks: 0
naming_15%32, pending tasks: 0
naming_16%32, pending tasks: 0
naming_17%32, pending tasks: 0
naming_18%32, pending tasks: 0
naming_19%32, pending tasks: 0
naming_20%32, pending tasks: 0
naming_21%32, pending tasks: 0
naming_22%32, pending tasks: 0
naming_23%32, pending tasks: 0
naming_24%32, pending tasks: 0
naming_25%32, pending tasks: 0
naming_26%32, pending tasks: 0
naming_27%32, pending tasks: 0
naming_28%32, pending tasks: 0
naming_29%32, pending tasks: 0
naming_30%32, pending tasks: 0
naming_31%32, pending tasks: 0


2022-02-12 22:03:08,650 INFO PERFORMANCE:|5|5|8|-1|-1|92|0

2022-02-12 22:03:08,650 INFO Task worker status: 
naming_0%32, pending tasks: 0
naming_1%32, pending tasks: 0
naming_2%32, pending tasks: 0
naming_3%32, pending tasks: 0
naming_4%32, pending tasks: 0
naming_5%32, pending tasks: 0
naming_6%32, pending tasks: 0
naming_7%32, pending tasks: 0
naming_8%32, pending tasks: 0
naming_9%32, pending tasks: 0
naming_10%32, pending tasks: 0
naming_11%32, pending tasks: 0
naming_12%32, pending tasks: 0
naming_13%32, pending tasks: 0
naming_14%32, pending tasks: 0
naming_15%32, pending tasks: 0
naming_16%32, pending tasks: 0
naming_17%32, pending tasks: 0
naming_18%32, pending tasks: 0
naming_19%32, pending tasks: 0
naming_20%32, pending tasks: 0
naming_21%32, pending tasks: 0
naming_22%32, pending tasks: 0
naming_23%32, pending tasks: 0
naming_24%32, pending tasks: 0
naming_25%32, pending tasks: 0
naming_26%32, pending tasks: 0
naming_27%32, pending tasks: 0
naming_28%32, pending tasks: 0
naming_29%32, pending tasks: 0
naming_30%32, pending tasks: 0
naming_31%32, pending tasks: 0


2022-02-12 22:04:08,668 INFO PERFORMANCE:|5|5|8|-1|-1|92|0

2022-02-12 22:04:08,668 INFO Task worker status: 
naming_0%32, pending tasks: 0
naming_1%32, pending tasks: 0
naming_2%32, pending tasks: 0
naming_3%32, pending tasks: 0
naming_4%32, pending tasks: 0
naming_5%32, pending tasks: 0
naming_6%32, pending tasks: 0
naming_7%32, pending tasks: 0
naming_8%32, pending tasks: 0
naming_9%32, pending tasks: 0
naming_10%32, pending tasks: 0
naming_11%32, pending tasks: 0
naming_12%32, pending tasks: 0
naming_13%32, pending tasks: 0
naming_14%32, pending tasks: 0
naming_15%32, pending tasks: 0
naming_16%32, pending tasks: 0
naming_17%32, pending tasks: 0
naming_18%32, pending tasks: 0
naming_19%32, pending tasks: 0
naming_20%32, pending tasks: 0
naming_21%32, pending tasks: 0
naming_22%32, pending tasks: 0
naming_23%32, pending tasks: 0
naming_24%32, pending tasks: 0
naming_25%32, pending tasks: 0
naming_26%32, pending tasks: 0
naming_27%32, pending tasks: 0
naming_28%32, pending tasks: 0
naming_29%32, pending tasks: 0
naming_30%32, pending tasks: 0
naming_31%32, pending tasks: 0


2022-02-12 22:05:08,679 INFO PERFORMANCE:|5|5|8|-1|-1|92|0

2022-02-12 22:05:08,679 INFO Task worker status: 
naming_0%32, pending tasks: 0
naming_1%32, pending tasks: 0
naming_2%32, pending tasks: 0
naming_3%32, pending tasks: 0
naming_4%32, pending tasks: 0
naming_5%32, pending tasks: 0
naming_6%32, pending tasks: 0
naming_7%32, pending tasks: 0
naming_8%32, pending tasks: 0
naming_9%32, pending tasks: 0
naming_10%32, pending tasks: 0
naming_11%32, pending tasks: 0
naming_12%32, pending tasks: 0
naming_13%32, pending tasks: 0
naming_14%32, pending tasks: 0
naming_15%32, pending tasks: 0
naming_16%32, pending tasks: 0
naming_17%32, pending tasks: 0
naming_18%32, pending tasks: 0
naming_19%32, pending tasks: 0
naming_20%32, pending tasks: 0
naming_21%32, pending tasks: 0
naming_22%32, pending tasks: 0
naming_23%32, pending tasks: 0
naming_24%32, pending tasks: 0
naming_25%32, pending tasks: 0
naming_26%32, pending tasks: 0
naming_27%32, pending tasks: 0
naming_28%32, pending tasks: 0
naming_29%32, pending tasks: 0
naming_30%32, pending tasks: 0
naming_31%32, pending tasks: 0


2022-02-12 22:06:08,689 INFO PERFORMANCE:|5|5|8|-1|-1|92|0

2022-02-12 22:06:08,689 INFO Task worker status: 
naming_0%32, pending tasks: 0
naming_1%32, pending tasks: 0
naming_2%32, pending tasks: 0
naming_3%32, pending tasks: 0
naming_4%32, pending tasks: 0
naming_5%32, pending tasks: 0
naming_6%32, pending tasks: 0
naming_7%32, pending tasks: 0
naming_8%32, pending tasks: 0
naming_9%32, pending tasks: 0
naming_10%32, pending tasks: 0
naming_11%32, pending tasks: 0
naming_12%32, pending tasks: 0
naming_13%32, pending tasks: 0
naming_14%32, pending tasks: 0
naming_15%32, pending tasks: 0
naming_16%32, pending tasks: 0
naming_17%32, pending tasks: 0
naming_18%32, pending tasks: 0
naming_19%32, pending tasks: 0
naming_20%32, pending tasks: 0
naming_21%32, pending tasks: 0
naming_22%32, pending tasks: 0
naming_23%32, pending tasks: 0
naming_24%32, pending tasks: 0
naming_25%32, pending tasks: 0
naming_26%32, pending tasks: 0
naming_27%32, pending tasks: 0
naming_28%32, pending tasks: 0
naming_29%32, pending tasks: 0
naming_30%32, pending tasks: 0
naming_31%32, pending tasks: 0


2022-02-12 22:07:08,693 INFO PERFORMANCE:|5|5|8|-1|-1|92|0

2022-02-12 22:07:08,693 INFO Task worker status: 
naming_0%32, pending tasks: 0
naming_1%32, pending tasks: 0
naming_2%32, pending tasks: 0
naming_3%32, pending tasks: 0
naming_4%32, pending tasks: 0
naming_5%32, pending tasks: 0
naming_6%32, pending tasks: 0
naming_7%32, pending tasks: 0
naming_8%32, pending tasks: 0
naming_9%32, pending tasks: 0
naming_10%32, pending tasks: 0
naming_11%32, pending tasks: 0
naming_12%32, pending tasks: 0
naming_13%32, pending tasks: 0
naming_14%32, pending tasks: 0
naming_15%32, pending tasks: 0
naming_16%32, pending tasks: 0
naming_17%32, pending tasks: 0
naming_18%32, pending tasks: 0
naming_19%32, pending tasks: 0
naming_20%32, pending tasks: 0
naming_21%32, pending tasks: 0
naming_22%32, pending tasks: 0
naming_23%32, pending tasks: 0
naming_24%32, pending tasks: 0
naming_25%32, pending tasks: 0
naming_26%32, pending tasks: 0
naming_27%32, pending tasks: 0
naming_28%32, pending tasks: 0
naming_29%32, pending tasks: 0
naming_30%32, pending tasks: 0
naming_31%32, pending tasks: 0


2022-02-12 22:08:08,705 INFO PERFORMANCE:|5|5|8|-1|-1|92|0

2022-02-12 22:08:08,705 INFO Task worker status: 
naming_0%32, pending tasks: 0
naming_1%32, pending tasks: 0
naming_2%32, pending tasks: 0
naming_3%32, pending tasks: 0
naming_4%32, pending tasks: 0
naming_5%32, pending tasks: 0
naming_6%32, pending tasks: 0
naming_7%32, pending tasks: 0
naming_8%32, pending tasks: 0
naming_9%32, pending tasks: 0
naming_10%32, pending tasks: 0
naming_11%32, pending tasks: 0
naming_12%32, pending tasks: 0
naming_13%32, pending tasks: 0
naming_14%32, pending tasks: 0
naming_15%32, pending tasks: 0
naming_16%32, pending tasks: 0
naming_17%32, pending tasks: 0
naming_18%32, pending tasks: 0
naming_19%32, pending tasks: 0
naming_20%32, pending tasks: 0
naming_21%32, pending tasks: 0
naming_22%32, pending tasks: 0
naming_23%32, pending tasks: 0
naming_24%32, pending tasks: 0
naming_25%32, pending tasks: 0
naming_26%32, pending tasks: 0
naming_27%32, pending tasks: 0
naming_28%32, pending tasks: 0
naming_29%32, pending tasks: 0
naming_30%32, pending tasks: 0
naming_31%32, pending tasks: 0


2022-02-12 22:09:08,717 INFO PERFORMANCE:|serviceCount|ipCount|subscribeCount|maxPushCost|avgPushCost|totalPushCount|failPushCount

2022-02-12 22:09:08,717 INFO PERFORMANCE:|5|5|8|-1|-1|92|0

2022-02-12 22:09:08,717 INFO Task worker status: 
naming_0%32, pending tasks: 0
naming_1%32, pending tasks: 0
naming_2%32, pending tasks: 0
naming_3%32, pending tasks: 0
naming_4%32, pending tasks: 0
naming_5%32, pending tasks: 0
naming_6%32, pending tasks: 0
naming_7%32, pending tasks: 0
naming_8%32, pending tasks: 0
naming_9%32, pending tasks: 0
naming_10%32, pending tasks: 0
naming_11%32, pending tasks: 0
naming_12%32, pending tasks: 0
naming_13%32, pending tasks: 0
naming_14%32, pending tasks: 0
naming_15%32, pending tasks: 0
naming_16%32, pending tasks: 0
naming_17%32, pending tasks: 0
naming_18%32, pending tasks: 0
naming_19%32, pending tasks: 0
naming_20%32, pending tasks: 0
naming_21%32, pending tasks: 0
naming_22%32, pending tasks: 0
naming_23%32, pending tasks: 0
naming_24%32, pending tasks: 0
naming_25%32, pending tasks: 0
naming_26%32, pending tasks: 0
naming_27%32, pending tasks: 0
naming_28%32, pending tasks: 0
naming_29%32, pending tasks: 0
naming_30%32, pending tasks: 0
naming_31%32, pending tasks: 0


2022-02-12 22:10:08,726 INFO PERFORMANCE:|5|5|8|-1|-1|92|0

2022-02-12 22:10:08,726 INFO Task worker status: 
naming_0%32, pending tasks: 0
naming_1%32, pending tasks: 0
naming_2%32, pending tasks: 0
naming_3%32, pending tasks: 0
naming_4%32, pending tasks: 0
naming_5%32, pending tasks: 0
naming_6%32, pending tasks: 0
naming_7%32, pending tasks: 0
naming_8%32, pending tasks: 0
naming_9%32, pending tasks: 0
naming_10%32, pending tasks: 0
naming_11%32, pending tasks: 0
naming_12%32, pending tasks: 0
naming_13%32, pending tasks: 0
naming_14%32, pending tasks: 0
naming_15%32, pending tasks: 0
naming_16%32, pending tasks: 0
naming_17%32, pending tasks: 0
naming_18%32, pending tasks: 0
naming_19%32, pending tasks: 0
naming_20%32, pending tasks: 0
naming_21%32, pending tasks: 0
naming_22%32, pending tasks: 0
naming_23%32, pending tasks: 0
naming_24%32, pending tasks: 0
naming_25%32, pending tasks: 0
naming_26%32, pending tasks: 0
naming_27%32, pending tasks: 0
naming_28%32, pending tasks: 0
naming_29%32, pending tasks: 0
naming_30%32, pending tasks: 0
naming_31%32, pending tasks: 0


2022-02-12 22:11:08,739 INFO PERFORMANCE:|5|5|8|-1|-1|92|0

2022-02-12 22:11:08,739 INFO Task worker status: 
naming_0%32, pending tasks: 0
naming_1%32, pending tasks: 0
naming_2%32, pending tasks: 0
naming_3%32, pending tasks: 0
naming_4%32, pending tasks: 0
naming_5%32, pending tasks: 0
naming_6%32, pending tasks: 0
naming_7%32, pending tasks: 0
naming_8%32, pending tasks: 0
naming_9%32, pending tasks: 0
naming_10%32, pending tasks: 0
naming_11%32, pending tasks: 0
naming_12%32, pending tasks: 0
naming_13%32, pending tasks: 0
naming_14%32, pending tasks: 0
naming_15%32, pending tasks: 0
naming_16%32, pending tasks: 0
naming_17%32, pending tasks: 0
naming_18%32, pending tasks: 0
naming_19%32, pending tasks: 0
naming_20%32, pending tasks: 0
naming_21%32, pending tasks: 0
naming_22%32, pending tasks: 0
naming_23%32, pending tasks: 0
naming_24%32, pending tasks: 0
naming_25%32, pending tasks: 0
naming_26%32, pending tasks: 0
naming_27%32, pending tasks: 0
naming_28%32, pending tasks: 0
naming_29%32, pending tasks: 0
naming_30%32, pending tasks: 0
naming_31%32, pending tasks: 0


2022-02-12 22:12:08,743 INFO PERFORMANCE:|5|5|8|-1|-1|92|0

2022-02-12 22:12:08,743 INFO Task worker status: 
naming_0%32, pending tasks: 0
naming_1%32, pending tasks: 0
naming_2%32, pending tasks: 0
naming_3%32, pending tasks: 0
naming_4%32, pending tasks: 0
naming_5%32, pending tasks: 0
naming_6%32, pending tasks: 0
naming_7%32, pending tasks: 0
naming_8%32, pending tasks: 0
naming_9%32, pending tasks: 0
naming_10%32, pending tasks: 0
naming_11%32, pending tasks: 0
naming_12%32, pending tasks: 0
naming_13%32, pending tasks: 0
naming_14%32, pending tasks: 0
naming_15%32, pending tasks: 0
naming_16%32, pending tasks: 0
naming_17%32, pending tasks: 0
naming_18%32, pending tasks: 0
naming_19%32, pending tasks: 0
naming_20%32, pending tasks: 0
naming_21%32, pending tasks: 0
naming_22%32, pending tasks: 0
naming_23%32, pending tasks: 0
naming_24%32, pending tasks: 0
naming_25%32, pending tasks: 0
naming_26%32, pending tasks: 0
naming_27%32, pending tasks: 0
naming_28%32, pending tasks: 0
naming_29%32, pending tasks: 0
naming_30%32, pending tasks: 0
naming_31%32, pending tasks: 0


2022-02-12 22:13:08,759 INFO PERFORMANCE:|5|5|8|-1|-1|92|0

2022-02-12 22:13:08,759 INFO Task worker status: 
naming_0%32, pending tasks: 0
naming_1%32, pending tasks: 0
naming_2%32, pending tasks: 0
naming_3%32, pending tasks: 0
naming_4%32, pending tasks: 0
naming_5%32, pending tasks: 0
naming_6%32, pending tasks: 0
naming_7%32, pending tasks: 0
naming_8%32, pending tasks: 0
naming_9%32, pending tasks: 0
naming_10%32, pending tasks: 0
naming_11%32, pending tasks: 0
naming_12%32, pending tasks: 0
naming_13%32, pending tasks: 0
naming_14%32, pending tasks: 0
naming_15%32, pending tasks: 0
naming_16%32, pending tasks: 0
naming_17%32, pending tasks: 0
naming_18%32, pending tasks: 0
naming_19%32, pending tasks: 0
naming_20%32, pending tasks: 0
naming_21%32, pending tasks: 0
naming_22%32, pending tasks: 0
naming_23%32, pending tasks: 0
naming_24%32, pending tasks: 0
naming_25%32, pending tasks: 0
naming_26%32, pending tasks: 0
naming_27%32, pending tasks: 0
naming_28%32, pending tasks: 0
naming_29%32, pending tasks: 0
naming_30%32, pending tasks: 0
naming_31%32, pending tasks: 0


2022-02-12 22:14:08,776 INFO PERFORMANCE:|5|5|8|-1|-1|92|0

2022-02-12 22:14:08,776 INFO Task worker status: 
naming_0%32, pending tasks: 0
naming_1%32, pending tasks: 0
naming_2%32, pending tasks: 0
naming_3%32, pending tasks: 0
naming_4%32, pending tasks: 0
naming_5%32, pending tasks: 0
naming_6%32, pending tasks: 0
naming_7%32, pending tasks: 0
naming_8%32, pending tasks: 0
naming_9%32, pending tasks: 0
naming_10%32, pending tasks: 0
naming_11%32, pending tasks: 0
naming_12%32, pending tasks: 0
naming_13%32, pending tasks: 0
naming_14%32, pending tasks: 0
naming_15%32, pending tasks: 0
naming_16%32, pending tasks: 0
naming_17%32, pending tasks: 0
naming_18%32, pending tasks: 0
naming_19%32, pending tasks: 0
naming_20%32, pending tasks: 0
naming_21%32, pending tasks: 0
naming_22%32, pending tasks: 0
naming_23%32, pending tasks: 0
naming_24%32, pending tasks: 0
naming_25%32, pending tasks: 0
naming_26%32, pending tasks: 0
naming_27%32, pending tasks: 0
naming_28%32, pending tasks: 0
naming_29%32, pending tasks: 0
naming_30%32, pending tasks: 0
naming_31%32, pending tasks: 0


2022-02-12 22:15:08,790 INFO PERFORMANCE:|5|5|8|-1|-1|92|0

2022-02-12 22:15:08,790 INFO Task worker status: 
naming_0%32, pending tasks: 0
naming_1%32, pending tasks: 0
naming_2%32, pending tasks: 0
naming_3%32, pending tasks: 0
naming_4%32, pending tasks: 0
naming_5%32, pending tasks: 0
naming_6%32, pending tasks: 0
naming_7%32, pending tasks: 0
naming_8%32, pending tasks: 0
naming_9%32, pending tasks: 0
naming_10%32, pending tasks: 0
naming_11%32, pending tasks: 0
naming_12%32, pending tasks: 0
naming_13%32, pending tasks: 0
naming_14%32, pending tasks: 0
naming_15%32, pending tasks: 0
naming_16%32, pending tasks: 0
naming_17%32, pending tasks: 0
naming_18%32, pending tasks: 0
naming_19%32, pending tasks: 0
naming_20%32, pending tasks: 0
naming_21%32, pending tasks: 0
naming_22%32, pending tasks: 0
naming_23%32, pending tasks: 0
naming_24%32, pending tasks: 0
naming_25%32, pending tasks: 0
naming_26%32, pending tasks: 0
naming_27%32, pending tasks: 0
naming_28%32, pending tasks: 0
naming_29%32, pending tasks: 0
naming_30%32, pending tasks: 0
naming_31%32, pending tasks: 0


2022-02-12 22:16:08,807 INFO PERFORMANCE:|5|5|8|-1|-1|92|0

2022-02-12 22:16:08,807 INFO Task worker status: 
naming_0%32, pending tasks: 0
naming_1%32, pending tasks: 0
naming_2%32, pending tasks: 0
naming_3%32, pending tasks: 0
naming_4%32, pending tasks: 0
naming_5%32, pending tasks: 0
naming_6%32, pending tasks: 0
naming_7%32, pending tasks: 0
naming_8%32, pending tasks: 0
naming_9%32, pending tasks: 0
naming_10%32, pending tasks: 0
naming_11%32, pending tasks: 0
naming_12%32, pending tasks: 0
naming_13%32, pending tasks: 0
naming_14%32, pending tasks: 0
naming_15%32, pending tasks: 0
naming_16%32, pending tasks: 0
naming_17%32, pending tasks: 0
naming_18%32, pending tasks: 0
naming_19%32, pending tasks: 0
naming_20%32, pending tasks: 0
naming_21%32, pending tasks: 0
naming_22%32, pending tasks: 0
naming_23%32, pending tasks: 0
naming_24%32, pending tasks: 0
naming_25%32, pending tasks: 0
naming_26%32, pending tasks: 0
naming_27%32, pending tasks: 0
naming_28%32, pending tasks: 0
naming_29%32, pending tasks: 0
naming_30%32, pending tasks: 0
naming_31%32, pending tasks: 0


